test_bounded_traces_counters_and_authority (test_vipe_benchmark_supervisor.HelperSessionTests.test_bounded_traces_counters_and_authority) ... ok
test_census_immutable_identity_mutations (test_vipe_benchmark_supervisor.HelperSessionTests.test_census_immutable_identity_mutations) ... ok
test_combined_duplex_and_same_turn_bounds (test_vipe_benchmark_supervisor.HelperSessionTests.test_combined_duplex_and_same_turn_bounds) ... ok
test_control_primitive_and_frame_mutations (test_vipe_benchmark_supervisor.HelperSessionTests.test_control_primitive_and_frame_mutations) ... ok
test_envelope_correlation_mutations (test_vipe_benchmark_supervisor.HelperSessionTests.test_envelope_correlation_mutations) ... ok
test_exact_frame_bounds_and_trailing_data (test_vipe_benchmark_supervisor.HelperSessionTests.test_exact_frame_bounds_and_trailing_data) ... ok
test_l01_ready_reuse (test_vipe_benchmark_supervisor.HelperSessionTests.test_l01_ready_reuse) ... ok
test_l02_ready_and_sample_before_reserve (test_vipe_benchmark_supervisor.HelperSessionTests.test_l02_ready_and_sample_before_reserve) ... ok
test_l03_owner_bootstrap_block (test_vipe_benchmark_supervisor.HelperSessionTests.test_l03_owner_bootstrap_block) ... ok
test_l04_child_before_ready_block (test_vipe_benchmark_supervisor.HelperSessionTests.test_l04_child_before_ready_block) ... ok
test_l05_error_after_spawn (test_vipe_benchmark_supervisor.HelperSessionTests.test_l05_error_after_spawn) ... ok
test_l06_late_ready (test_vipe_benchmark_supervisor.HelperSessionTests.test_l06_late_ready) ... ok
test_l07_cancel_during_spawn (test_vipe_benchmark_supervisor.HelperSessionTests.test_l07_cancel_during_spawn) ... ok
test_l08_late_owner_retained (test_vipe_benchmark_supervisor.HelperSessionTests.test_l08_late_owner_retained) ... ok
test_l09_partial_header (test_vipe_benchmark_supervisor.HelperSessionTests.test_l09_partial_header) ... ok
test_l10_stalled_body (test_vipe_benchmark_supervisor.HelperSessionTests.test_l10_stalled_body) ... ok
test_l11_eof_midframe (test_vipe_benchmark_supervisor.HelperSessionTests.test_l11_eof_midframe) ... ok
test_l12_stalled_request_reader (test_vipe_benchmark_supervisor.HelperSessionTests.test_l12_stalled_request_reader) ... ok
test_l13_oversized_frame (test_vipe_benchmark_supervisor.HelperSessionTests.test_l13_oversized_frame) ... ok
test_l14_wrong_correlation (test_vipe_benchmark_supervisor.HelperSessionTests.test_l14_wrong_correlation) ... ok
test_l15_sample_deadline (test_vipe_benchmark_supervisor.HelperSessionTests.test_l15_sample_deadline) ... ok
test_l16_phase_deadline (test_vipe_benchmark_supervisor.HelperSessionTests.test_l16_phase_deadline) ... ok
test_l17_post_task_acquisition (test_vipe_benchmark_supervisor.HelperSessionTests.test_l17_post_task_acquisition) ... ok
test_l18_descendant_and_foreign_sentinel (test_vipe_benchmark_supervisor.HelperSessionTests.test_l18_descendant_and_foreign_sentinel) ... ok
test_l19_term_resistance (test_vipe_benchmark_supervisor.HelperSessionTests.test_l19_term_resistance) ... ok
test_l20_exit_during_transport (test_vipe_benchmark_supervisor.HelperSessionTests.test_l20_exit_during_transport) ... ok
test_l21_enumeration_failure (test_vipe_benchmark_supervisor.HelperSessionTests.test_l21_enumeration_failure) ... ok
test_l22_signal_failure (test_vipe_benchmark_supervisor.HelperSessionTests.test_l22_signal_failure) ... ok
test_l23_reap_failure (test_vipe_benchmark_supervisor.HelperSessionTests.test_l23_reap_failure) ... ok
test_l24_summary_reference_adapter (test_vipe_benchmark_supervisor.HelperSessionTests.test_l24_summary_reference_adapter) ... ok
test_l25_delayed_actual_reserve (test_vipe_benchmark_supervisor.HelperSessionTests.test_l25_delayed_actual_reserve) ... FAIL
test_l26_equal_actual_reserve (test_vipe_benchmark_supervisor.HelperSessionTests.test_l26_equal_actual_reserve) ... FAIL
test_l27_encoder_early_response (test_vipe_benchmark_supervisor.HelperSessionTests.test_l27_encoder_early_response) ... ok
test_l28_partial_early_response (test_vipe_benchmark_supervisor.HelperSessionTests.test_l28_partial_early_response) ... ok
test_l29_readable_sample_equality (test_vipe_benchmark_supervisor.HelperSessionTests.test_l29_readable_sample_equality) ... ok
test_l30_readable_phase_equality (test_vipe_benchmark_supervisor.HelperSessionTests.test_l30_readable_phase_equality) ... ok
test_l31_live_worker_bracket_and_foreign (test_vipe_benchmark_supervisor.HelperSessionTests.test_l31_live_worker_bracket_and_foreign) ... ok
test_l32_unreaped_worker_pin (test_vipe_benchmark_supervisor.HelperSessionTests.test_l32_unreaped_worker_pin) ... ok
test_l33_blocked_census_refuses_stale (test_vipe_benchmark_supervisor.HelperSessionTests.test_l33_blocked_census_refuses_stale) ... FAIL
test_l34_enumeration_error_empty_sample (test_vipe_benchmark_supervisor.HelperSessionTests.test_l34_enumeration_error_empty_sample) ... ERROR
test_l35_exited_leader_live_descendant (test_vipe_benchmark_supervisor.HelperSessionTests.test_l35_exited_leader_live_descendant) ... ERROR
test_l36_ambiguous_native_start_retained (test_vipe_benchmark_supervisor.HelperSessionTests.test_l36_ambiguous_native_start_retained) ... FAIL
test_partial_constructor_boundaries (test_vipe_benchmark_supervisor.HelperSessionTests.test_partial_constructor_boundaries) ... FAIL
test_progress_closed_inventory_and_faults (test_vipe_benchmark_supervisor.HelperSessionTests.test_progress_closed_inventory_and_faults) ... ok
test_progress_metadata_mutations (test_vipe_benchmark_supervisor.HelperSessionTests.test_progress_metadata_mutations) ... ok
test_progress_p01_worker_deadline (test_vipe_benchmark_supervisor.HelperSessionTests.test_progress_p01_worker_deadline) ... ERROR
test_progress_p02_reconcile_interruption (test_vipe_benchmark_supervisor.HelperSessionTests.test_progress_p02_reconcile_interruption) ... ERROR
test_progress_p03_helper_death (test_vipe_benchmark_supervisor.HelperSessionTests.test_progress_p03_helper_death) ... ERROR
test_progress_p04_failed_final_sample (test_vipe_benchmark_supervisor.HelperSessionTests.test_progress_p04_failed_final_sample) ... ERROR
test_progress_p05_interrupted_publisher (test_vipe_benchmark_supervisor.HelperSessionTests.test_progress_p05_interrupted_publisher) ... ERROR
test_progress_p06_blocked_owner (test_vipe_benchmark_supervisor.HelperSessionTests.test_progress_p06_blocked_owner) ... ERROR
test_progress_plan046_inventory (test_vipe_benchmark_supervisor.HelperSessionTests.test_progress_plan046_inventory) ... ok
test_progress_plan046_launch_deadline (test_vipe_benchmark_supervisor.HelperSessionTests.test_progress_plan046_launch_deadline) ... ok
test_progress_plan046_ownership (test_vipe_benchmark_supervisor.HelperSessionTests.test_progress_plan046_ownership) ... ok
test_progress_plan046_protocol (test_vipe_benchmark_supervisor.HelperSessionTests.test_progress_plan046_protocol) ... ok
test_progress_plan046_publication_faults (test_vipe_benchmark_supervisor.HelperSessionTests.test_progress_plan046_publication_faults) ... ok
test_progress_plan046_summary (test_vipe_benchmark_supervisor.HelperSessionTests.test_progress_plan046_summary) ... ok
test_progress_plan046_worker_authority (test_vipe_benchmark_supervisor.HelperSessionTests.test_progress_plan046_worker_authority) ... ok
test_progress_plan047_alias_inventory (test_vipe_benchmark_supervisor.HelperSessionTests.test_progress_plan047_alias_inventory) ... ok
test_progress_plan047_cancellation (test_vipe_benchmark_supervisor.HelperSessionTests.test_progress_plan047_cancellation) ... ok
test_progress_plan047_complete_final_sample (test_vipe_benchmark_supervisor.HelperSessionTests.test_progress_plan047_complete_final_sample) ... 
  test_progress_plan047_complete_final_sample (test_vipe_benchmark_supervisor.HelperSessionTests.test_progress_plan047_complete_final_sample) (kind='success') ... ERROR
  test_progress_plan047_complete_final_sample (test_vipe_benchmark_supervisor.HelperSessionTests.test_progress_plan047_complete_final_sample) (kind='final_sample_failure') ... ERROR
test_progress_plan047_deadline_steps (test_vipe_benchmark_supervisor.HelperSessionTests.test_progress_plan047_deadline_steps) ... 
  test_progress_plan047_deadline_steps (test_vipe_benchmark_supervisor.HelperSessionTests.test_progress_plan047_deadline_steps) (operation='checkpoint_flush', when='equal') ... FAIL
  test_progress_plan047_deadline_steps (test_vipe_benchmark_supervisor.HelperSessionTests.test_progress_plan047_deadline_steps) (operation='checkpoint_fsync', when='equal') ... FAIL
  test_progress_plan047_deadline_steps (test_vipe_benchmark_supervisor.HelperSessionTests.test_progress_plan047_deadline_steps) (operation='checkpoint_fsync', when='after') ... FAIL
  test_progress_plan047_deadline_steps (test_vipe_benchmark_supervisor.HelperSessionTests.test_progress_plan047_deadline_steps) (operation='checkpoint_readback', when='before') ... FAIL
  test_progress_plan047_deadline_steps (test_vipe_benchmark_supervisor.HelperSessionTests.test_progress_plan047_deadline_steps) (operation='head_write', when='equal') ... FAIL
  test_progress_plan047_deadline_steps (test_vipe_benchmark_supervisor.HelperSessionTests.test_progress_plan047_deadline_steps) (operation='head_flush', when='after') ... FAIL
  test_progress_plan047_deadline_steps (test_vipe_benchmark_supervisor.HelperSessionTests.test_progress_plan047_deadline_steps) (operation='head_fsync', when='after') ... FAIL
  test_progress_plan047_deadline_steps (test_vipe_benchmark_supervisor.HelperSessionTests.test_progress_plan047_deadline_steps) (operation='head_close', when='equal') ... FAIL
  test_progress_plan047_deadline_steps (test_vipe_benchmark_supervisor.HelperSessionTests.test_progress_plan047_deadline_steps) (operation='generation_dir_fsync', when='equal') ... FAIL
  test_progress_plan047_deadline_steps (test_vipe_benchmark_supervisor.HelperSessionTests.test_progress_plan047_deadline_steps) (operation='generation_reopen_hash', when='before') ... FAIL
  test_progress_plan047_deadline_steps (test_vipe_benchmark_supervisor.HelperSessionTests.test_progress_plan047_deadline_steps) (operation='generation_reopen_hash', when='after') ... FAIL
  test_progress_plan047_deadline_steps (test_vipe_benchmark_supervisor.HelperSessionTests.test_progress_plan047_deadline_steps) (operation='head_install', when='before') ... FAIL
  test_progress_plan047_deadline_steps (test_vipe_benchmark_supervisor.HelperSessionTests.test_progress_plan047_deadline_steps) (operation='head_dir_fsync', when='before') ... FAIL
  test_progress_plan047_deadline_steps (test_vipe_benchmark_supervisor.HelperSessionTests.test_progress_plan047_deadline_steps) (operation='head_dir_fsync', when='equal') ... FAIL
  test_progress_plan047_deadline_steps (test_vipe_benchmark_supervisor.HelperSessionTests.test_progress_plan047_deadline_steps) (operation='notice_send', when='before') ... FAIL
  test_progress_plan047_deadline_steps (test_vipe_benchmark_supervisor.HelperSessionTests.test_progress_plan047_deadline_steps) (operation='notice_send', when='after') ... FAIL
  test_progress_plan047_deadline_steps (test_vipe_benchmark_supervisor.HelperSessionTests.test_progress_plan047_deadline_steps) (operation='owner_retention', when='before') ... FAIL
  test_progress_plan047_deadline_steps (test_vipe_benchmark_supervisor.HelperSessionTests.test_progress_plan047_deadline_steps) (operation='owner_retention', when='after') ... FAIL
  test_progress_plan047_deadline_steps (test_vipe_benchmark_supervisor.HelperSessionTests.test_progress_plan047_deadline_steps) (operation='array_npy', when='after') ... FAIL
  test_progress_plan047_deadline_steps (test_vipe_benchmark_supervisor.HelperSessionTests.test_progress_plan047_deadline_steps) (operation='npz_member', when='equal') ... FAIL
  test_progress_plan047_deadline_steps (test_vipe_benchmark_supervisor.HelperSessionTests.test_progress_plan047_deadline_steps) (operation='npz_finalize', when='before') ... FAIL
  test_progress_plan047_deadline_steps (test_vipe_benchmark_supervisor.HelperSessionTests.test_progress_plan047_deadline_steps) (operation='produced_json', when='before') ... FAIL
  test_progress_plan047_deadline_steps (test_vipe_benchmark_supervisor.HelperSessionTests.test_progress_plan047_deadline_steps) (operation='produced_json', when='after') ... FAIL
  test_progress_plan047_deadline_steps (test_vipe_benchmark_supervisor.HelperSessionTests.test_progress_plan047_deadline_steps) (operation='produced_read', when='equal') ... FAIL
  test_progress_plan047_deadline_steps (test_vipe_benchmark_supervisor.HelperSessionTests.test_progress_plan047_deadline_steps) (operation='produced_read', when='after') ... FAIL
  test_progress_plan047_deadline_steps (test_vipe_benchmark_supervisor.HelperSessionTests.test_progress_plan047_deadline_steps) (operation='produced_guard', when='after') ... FAIL
  test_progress_plan047_deadline_steps (test_vipe_benchmark_supervisor.HelperSessionTests.test_progress_plan047_deadline_steps) (operation='qualified_guard', when='before') ... FAIL
  test_progress_plan047_deadline_steps (test_vipe_benchmark_supervisor.HelperSessionTests.test_progress_plan047_deadline_steps) (operation='runtime_guard', when='equal') ... FAIL
  test_progress_plan047_deadline_steps (test_vipe_benchmark_supervisor.HelperSessionTests.test_progress_plan047_deadline_steps) (operation='runtime_guard', when='after') ... FAIL
  test_progress_plan047_deadline_steps (test_vipe_benchmark_supervisor.HelperSessionTests.test_progress_plan047_deadline_steps) (operation='cleanup_next_array', when='before') ... FAIL
  test_progress_plan047_deadline_steps (test_vipe_benchmark_supervisor.HelperSessionTests.test_progress_plan047_deadline_steps) (operation='complete_after_read', when='equal') ... FAIL
  test_progress_plan047_deadline_steps (test_vipe_benchmark_supervisor.HelperSessionTests.test_progress_plan047_deadline_steps) (operation='worker_popen', when='before') ... FAIL
  test_progress_plan047_deadline_steps (test_vipe_benchmark_supervisor.HelperSessionTests.test_progress_plan047_deadline_steps) (operation='worker_popen', when='equal') ... FAIL
  test_progress_plan047_deadline_steps (test_vipe_benchmark_supervisor.HelperSessionTests.test_progress_plan047_deadline_steps) (operation='worker_popen', when='after') ... FAIL
test_progress_plan047_limits (test_vipe_benchmark_supervisor.HelperSessionTests.test_progress_plan047_limits) ... ok
test_progress_plan047_nested (test_vipe_benchmark_supervisor.HelperSessionTests.test_progress_plan047_nested) ... ok
test_progress_plan047_ownership (test_vipe_benchmark_supervisor.HelperSessionTests.test_progress_plan047_ownership) ... 
  test_progress_plan047_ownership (test_vipe_benchmark_supervisor.HelperSessionTests.test_progress_plan047_ownership) (kind='registry_owner_dispatch') ... ERROR
  test_progress_plan047_ownership (test_vipe_benchmark_supervisor.HelperSessionTests.test_progress_plan047_ownership) (kind='registry_worker_dispatch') ... ERROR
  test_progress_plan047_ownership (test_vipe_benchmark_supervisor.HelperSessionTests.test_progress_plan047_ownership) (kind='registry_direct_dispatch') ... ERROR
  test_progress_plan047_ownership (test_vipe_benchmark_supervisor.HelperSessionTests.test_progress_plan047_ownership) (kind='registry_sentinel_dispatch') ... ERROR
test_progress_plan047_publication_faults (test_vipe_benchmark_supervisor.HelperSessionTests.test_progress_plan047_publication_faults) ... ok
test_progress_plan047_recovery (test_vipe_benchmark_supervisor.HelperSessionTests.test_progress_plan047_recovery) ... ok
test_progress_plan047_result_summary (test_vipe_benchmark_supervisor.HelperSessionTests.test_progress_plan047_result_summary) ... ok
test_progress_plan047_state_authority (test_vipe_benchmark_supervisor.HelperSessionTests.test_progress_plan047_state_authority) ... ok
test_progress_plan048_pure_memo (test_vipe_benchmark_supervisor.HelperSessionTests.test_progress_plan048_pure_memo) ... ok
test_progress_strict_primitives (test_vipe_benchmark_supervisor.HelperSessionTests.test_progress_strict_primitives) ... ok
test_resource_field_mutations (test_vipe_benchmark_supervisor.HelperSessionTests.test_resource_field_mutations) ... ok
test_sample_typed_timing_mutations (test_vipe_benchmark_supervisor.HelperSessionTests.test_sample_typed_timing_mutations) ... ok

======================================================================
ERROR: test_l34_enumeration_error_empty_sample (test_vipe_benchmark_supervisor.HelperSessionTests.test_l34_enumeration_error_empty_sample)
----------------------------------------------------------------------
Traceback (most recent call last):
  File "/home/auss/git_repos/samaust/Experiments_4DGS/tests/test_vipe_benchmark_supervisor.py", line 1671, in test_l34_enumeration_error_empty_sample
    session.await_ready();session.owner.armed=True
    ~~~~~~~~~~~~~~~~~~~^^
  File "/home/auss/git_repos/samaust/Experiments_4DGS/tests/test_vipe_benchmark_supervisor.py", line 1178, in observed
    result=operation(*args,**kwargs);return result
  File "/home/auss/git_repos/samaust/Experiments_4DGS/scripts/vipe_benchmark/s1_helper_session.py", line 2455, in await_ready
    self.tick(end); time.sleep(min(.005,max(0.,end-time.monotonic())))
    ~~~~~~~~~^^^^^
  File "/home/auss/git_repos/samaust/Experiments_4DGS/tests/test_vipe_benchmark_supervisor.py", line 1178, in observed
    result=operation(*args,**kwargs);return result
  File "/home/auss/git_repos/samaust/Experiments_4DGS/scripts/vipe_benchmark/s1_helper_session.py", line 2370, in tick
    if self.owner.cancelled or self.poisoned: raise RuntimeError('S1 helper session poisoned: '+str(list(self.owner.errors)))
                                              ^^^^^^^^^^^^^^^^^^^^^^^^^^^^^^^^^^^^^^^^^^^^^^^^^^^^^^^^^^^^^^^^^^^^^^^^^^^^^^^
RuntimeError: S1 helper session poisoned: [{'error_class': 'ValueError', 'message': 'owned Owner.run sample dispatch CPU capacity', 'phase': 'startup'}]
timing_or_cleanup_check_0: AssertionError: False is not true : {'scenario': 'L34', 'mode': 'census_error', 'constructor_entry': 204013.342760603, 'action_cutoff': 204015.342760603, 'safety_cutoff': 204016.342760603, 'constructor_end': 204013.390219326, 't0': 204013.342780224, 'ready_deadline': 204014.342780224, 'setup_deadline': 204015.342780224, 'setup_cleanup_deadline': 204016.342780224, 'action_end': 204013.725196788, 'end': 204014.143264255, 'execution_seconds': 0.38243618499836884, 'cleanup_seconds': 0.4180674669914879, 'cleanup_confirmed': False, 'records': {'work': {'role': 'work', 'state': 'reaped', 'pid': 516406, 'pgid': 516406, 'start_ticks': 26154333, 'wait_status': 15}, 'sample': {'role': 'sample', 'state': 'spawning', 'pid': None}}, 'errors': [{'error_class': 'ValueError', 'message': 'owned Owner.run sample dispatch CPU capacity', 'phase': 'startup'}], 'signals': [{'pid': 516406, 'signal': 15, 'monotonic': 204013.740013007}], 'ticks': [204013.342780224, 204013.390226025, 204013.395333957, 204013.400425817, 204013.413524342, 204013.422040352, 204013.429306351, 204013.441328092, 204013.451215983, 204013.456293687, 204013.461375869, 204013.46645311, 204013.477417041, 204013.48680083, 204013.491892891, 204013.4970045, 204013.502114421, 204013.511489562, 204013.520381768, 204013.525647044, 204013.530973067, 204013.536063447, 204013.544918901, 204013.55458027, 204013.559869484, 204013.568174341, 204013.573653221, 204013.583794874, 204013.592774479, 204013.602613446, 204013.607696693, 204013.612763177, 204013.620280058, 204013.630739213, 204013.635842753, 204013.640919364, 204013.652452466, 204013.662474923, 204013.66755198, 204013.6726358, 204013.677844256, 204013.682922013, 204013.689496218, 204013.699881178, 204013.710658137, 204013.720116941, 204013.725180098], 'events': [{'event': 'fixture_spawn_entry', 'role': 'work', 'observed': 204013.36202554, 'ready_deadline': 204014.342780224}, {'event': 'owned_dispatch', 'role': 'work', 'processes': [{'boot_id': 'ba1b4efe-ee43-4088-86df-706c41cfac12', 'pid': 514988, 'ppid': 465812, 'pgid': 514988, 'start

======================================================================
ERROR: test_l35_exited_leader_live_descendant (test_vipe_benchmark_supervisor.HelperSessionTests.test_l35_exited_leader_live_descendant)
----------------------------------------------------------------------
Traceback (most recent call last):
  File "/home/auss/git_repos/samaust/Experiments_4DGS/tests/test_vipe_benchmark_supervisor.py", line 1685, in test_l35_exited_leader_live_descendant
    session.await_ready()
    ~~~~~~~~~~~~~~~~~~~^^
  File "/home/auss/git_repos/samaust/Experiments_4DGS/tests/test_vipe_benchmark_supervisor.py", line 1178, in observed
    result=operation(*args,**kwargs);return result
  File "/home/auss/git_repos/samaust/Experiments_4DGS/scripts/vipe_benchmark/s1_helper_session.py", line 2455, in await_ready
    self.tick(end); time.sleep(min(.005,max(0.,end-time.monotonic())))
    ~~~~~~~~~^^^^^
  File "/home/auss/git_repos/samaust/Experiments_4DGS/tests/test_vipe_benchmark_supervisor.py", line 1178, in observed
    result=operation(*args,**kwargs);return result
  File "/home/auss/git_repos/samaust/Experiments_4DGS/scripts/vipe_benchmark/s1_helper_session.py", line 2370, in tick
    if self.owner.cancelled or self.poisoned: raise RuntimeError('S1 helper session poisoned: '+str(list(self.owner.errors)))
                                              ^^^^^^^^^^^^^^^^^^^^^^^^^^^^^^^^^^^^^^^^^^^^^^^^^^^^^^^^^^^^^^^^^^^^^^^^^^^^^^^
RuntimeError: S1 helper session poisoned: [{'error_class': 'ValueError', 'message': 'owned Owner.run sample dispatch CPU capacity', 'phase': 'startup'}]
timing_or_cleanup_check_0: AssertionError: False is not true : {'scenario': 'L35', 'mode': 'normal', 'constructor_entry': 204014.145969032, 'action_cutoff': 204016.145969032, 'safety_cutoff': 204017.145969032, 'constructor_end': 204014.202265147, 't0': 204014.145990776, 'ready_deadline': 204015.145990776, 'setup_deadline': 204016.145990776, 'setup_cleanup_deadline': 204017.145990776, 'action_end': 204014.519951353, 'end': 204014.945514669, 'execution_seconds': 0.3739823210053146, 'cleanup_seconds': 0.42556331600644626, 'cleanup_confirmed': False, 'records': {'work': {'role': 'work', 'state': 'reaped', 'pid': 516408, 'pgid': 516408, 'start_ticks': 26154413, 'wait_status': 15}, 'sample': {'role': 'sample', 'state': 'spawning', 'pid': None}}, 'errors': [{'error_class': 'ValueError', 'message': 'owned Owner.run sample dispatch CPU capacity', 'phase': 'startup'}], 'signals': [{'pid': 516408, 'signal': 15, 'monotonic': 204014.540179494}], 'ticks': [204014.145990776, 204014.202501556, 204014.20769034, 204014.221406601, 204014.230962435, 204014.241160807, 204014.251138372, 204014.256243511, 204014.261322201, 204014.266411481, 204014.273485433, 204014.278578678, 204014.288006965, 204014.29308984, 204014.298164151, 204014.307873514, 204014.313307056, 204014.320061109, 204014.325420478, 204014.330808581, 204014.335897573, 204014.344666409, 204014.354991344, 204014.360323283, 204014.365552474, 204014.374323717, 204014.38479395, 204014.394212383, 204014.404132884, 204014.409222447, 204014.414334265, 204014.422878601, 204014.434115628, 204014.439229773, 204014.444369688, 204014.456647362, 204014.466379294, 204014.471458627, 204014.476540275, 204014.481618601, 204014.48677685, 204014.496779599, 204014.50528726, 204014.519748556], 'events': [{'event': 'fixture_spawn_entry', 'role': 'work', 'observed': 204014.16624857, 'ready_deadline': 204015.145990776}, {'event': 'owned_dispatch', 'role': 'work', 'processes': [{'boot_id': 'ba1b4efe-ee43-4088-86df-706c41cfac12', 'pid': 514988, 'ppid': 465812, 'pgid': 514988, 'start_ticks': 26149314, 'threads': [514988], 'thread_identitie

======================================================================
ERROR: test_progress_p01_worker_deadline (test_vipe_benchmark_supervisor.HelperSessionTests.test_progress_p01_worker_deadline)
----------------------------------------------------------------------
Traceback (most recent call last):
  File "/home/auss/git_repos/samaust/Experiments_4DGS/tests/test_vipe_benchmark_supervisor.py", line 2042, in test_progress_p01_worker_deadline
    def test_progress_p01_worker_deadline(self):self.progress_scenario('P01','progress_worker',supervised=True)
                                                ~~~~~~~~~~~~~~~~~~~~~~^^^^^^^^^^^^^^^^^^^^^^^^^^^^^^^^^^^^^^^^^
  File "/home/auss/git_repos/samaust/Experiments_4DGS/tests/test_vipe_benchmark_supervisor.py", line 1795, in progress_scenario
    session.await_ready()
    ~~~~~~~~~~~~~~~~~~~^^
  File "/home/auss/git_repos/samaust/Experiments_4DGS/tests/test_vipe_benchmark_supervisor.py", line 1178, in observed
    result=operation(*args,**kwargs);return result
  File "/home/auss/git_repos/samaust/Experiments_4DGS/scripts/vipe_benchmark/s1_helper_session.py", line 2455, in await_ready
    self.tick(end); time.sleep(min(.005,max(0.,end-time.monotonic())))
    ~~~~~~~~~^^^^^
  File "/home/auss/git_repos/samaust/Experiments_4DGS/tests/test_vipe_benchmark_supervisor.py", line 1178, in observed
    result=operation(*args,**kwargs);return result
  File "/home/auss/git_repos/samaust/Experiments_4DGS/scripts/vipe_benchmark/s1_helper_session.py", line 2370, in tick
    if self.owner.cancelled or self.poisoned: raise RuntimeError('S1 helper session poisoned: '+str(list(self.owner.errors)))
                                              ^^^^^^^^^^^^^^^^^^^^^^^^^^^^^^^^^^^^^^^^^^^^^^^^^^^^^^^^^^^^^^^^^^^^^^^^^^^^^^^
RuntimeError: S1 helper session poisoned: [{'error_class': 'ValueError', 'message': 'owned Owner.run work dispatch CPU capacity', 'phase': 'startup'}]
timing_or_cleanup_check_0: AssertionError: False is not true : {'scenario': 'P01', 'mode': 'progress_worker', 'constructor_entry': 204015.622543835, 'action_cutoff': 204017.622543835, 'safety_cutoff': 204018.622543835, 'constructor_end': 204015.672426197, 't0': 204015.622565318, 'ready_deadline': 204016.622565318, 'setup_deadline': 204017.622565318, 'setup_cleanup_deadline': 204018.622565318, 'progress_final_outcome': {'event': 'progress_final_outcome', 'label': 'P01', 'phase': 'startup_or_fixture_preparation', 'primary': {'error_class': 'RuntimeError', 'message': "S1 helper session poisoned: [{'error_class': 'ValueError', 'message': 'owned Owner.run work dispatch CPU capacity', 'phase': 'startup'}]"}, 'secondary': [], 'reference': None, 'cleanup_confirmed': False, 'observed': 204015.914523424, 'causal_status': 'actual startup failure; no inferred EPERM cause'}, 'action_end': 204015.810064469, 'end': 204015.914523424, 'execution_seconds': 0.18752063400461338, 'cleanup_seconds': 0.10445895500015467, 'cleanup_confirmed': False, 'records': {'work': {'role': 'work', 'state': 'spawning', 'pid': None}, 'sample': {'role': 'sample', 'state': 'pending', 'pid': None}}, 'errors': [{'error_class': 'ValueError', 'message': 'owned Owner.run work dispatch CPU capacity', 'phase': 'startup'}], 'signals': [], 'ticks': [204015.622565318, 204015.672602831, 204015.677694823, 204015.689456433, 204015.699715972, 204015.710833841, 204015.721296849, 204015.72639324, 204015.731496193, 204015.736557428, 204015.743066669, 204015.757509549, 204015.762583959, 204015.767660116, 204015.772729924, 204015.777898196, 204015.784079286, 204015.791635331, 204015.796701978, 204015.80983657], 'events': [{'event': 'fixture_spawn_entry', 'role': 'work', 'observed': 204015.643381549, 'ready_deadline': 204016.622565318}, {'event': 'progress_final_outcome', 'label': 'P01', 'phase': 'startup_or_fixture_preparation', 'primary': {'error_class': 'RuntimeError', 'message': "S1 helper session poisoned: [{'error_class': 'ValueError', 'message': 'owned Owner.run work dispatch CPU capacity', 'phase': 'startu

======================================================================
ERROR: test_progress_p02_reconcile_interruption (test_vipe_benchmark_supervisor.HelperSessionTests.test_progress_p02_reconcile_interruption)
----------------------------------------------------------------------
Traceback (most recent call last):
  File "/home/auss/git_repos/samaust/Experiments_4DGS/tests/test_vipe_benchmark_supervisor.py", line 2043, in test_progress_p02_reconcile_interruption
    def test_progress_p02_reconcile_interruption(self):self.progress_scenario('P02','progress_block')
                                                       ~~~~~~~~~~~~~~~~~~~~~~^^^^^^^^^^^^^^^^^^^^^^^^
  File "/home/auss/git_repos/samaust/Experiments_4DGS/tests/test_vipe_benchmark_supervisor.py", line 1795, in progress_scenario
    session.await_ready()
    ~~~~~~~~~~~~~~~~~~~^^
  File "/home/auss/git_repos/samaust/Experiments_4DGS/tests/test_vipe_benchmark_supervisor.py", line 1178, in observed
    result=operation(*args,**kwargs);return result
  File "/home/auss/git_repos/samaust/Experiments_4DGS/scripts/vipe_benchmark/s1_helper_session.py", line 2455, in await_ready
    self.tick(end); time.sleep(min(.005,max(0.,end-time.monotonic())))
    ~~~~~~~~~^^^^^
  File "/home/auss/git_repos/samaust/Experiments_4DGS/tests/test_vipe_benchmark_supervisor.py", line 1178, in observed
    result=operation(*args,**kwargs);return result
  File "/home/auss/git_repos/samaust/Experiments_4DGS/scripts/vipe_benchmark/s1_helper_session.py", line 2370, in tick
    if self.owner.cancelled or self.poisoned: raise RuntimeError('S1 helper session poisoned: '+str(list(self.owner.errors)))
                                              ^^^^^^^^^^^^^^^^^^^^^^^^^^^^^^^^^^^^^^^^^^^^^^^^^^^^^^^^^^^^^^^^^^^^^^^^^^^^^^^
RuntimeError: S1 helper session poisoned: [{'error_class': 'ValueError', 'message': 'owned Owner.run work dispatch CPU capacity', 'phase': 'startup'}]
timing_or_cleanup_check_0: AssertionError: False is not true : {'scenario': 'P02', 'mode': 'progress_block', 'constructor_entry': 204015.91564846, 'action_cutoff': 204017.91564846, 'safety_cutoff': 204018.91564846, 'constructor_end': 204015.972444692, 't0': 204015.915670043, 'ready_deadline': 204016.915670043, 'setup_deadline': 204017.915670043, 'setup_cleanup_deadline': 204018.915670043, 'progress_final_outcome': {'event': 'progress_final_outcome', 'label': 'P02', 'phase': 'startup_or_fixture_preparation', 'primary': {'error_class': 'RuntimeError', 'message': "S1 helper session poisoned: [{'error_class': 'ValueError', 'message': 'owned Owner.run work dispatch CPU capacity', 'phase': 'startup'}]"}, 'secondary': [], 'reference': None, 'cleanup_confirmed': False, 'observed': 204016.211739385, 'causal_status': 'actual startup failure; no inferred EPERM cause'}, 'action_end': 204016.094454563, 'end': 204016.211739385, 'execution_seconds': 0.17880610298016109, 'cleanup_seconds': 0.11728482201579027, 'cleanup_confirmed': False, 'records': {'work': {'role': 'work', 'state': 'spawning', 'pid': None}, 'sample': {'role': 'sample', 'state': 'pending', 'pid': None}}, 'errors': [{'error_class': 'ValueError', 'message': 'owned Owner.run work dispatch CPU capacity', 'phase': 'startup'}], 'signals': [], 'ticks': [204015.915670043, 204015.972557964, 204015.9812476, 204015.991274632, 204015.996346249, 204016.007262603, 204016.017942347, 204016.023032787, 204016.028123716, 204016.042294757, 204016.051902927, 204016.057019622, 204016.062129088, 204016.067330056, 204016.074173295, 204016.080400583, 204016.08867844, 204016.094247023], 'events': [{'event': 'fixture_spawn_entry', 'role': 'work', 'observed': 204015.943055597, 'ready_deadline': 204016.915670043}, {'event': 'progress_final_outcome', 'label': 'P02', 'phase': 'startup_or_fixture_preparation', 'primary': {'error_class': 'RuntimeError', 'message': "S1 helper session poisoned: [{'error_class': 'ValueError', 'message': 'owned Owner.run work dispatch CPU capacity', 'phase': 'startup'}]"}, 'secondary': [], 'reference': Non

======================================================================
ERROR: test_progress_p03_helper_death (test_vipe_benchmark_supervisor.HelperSessionTests.test_progress_p03_helper_death)
----------------------------------------------------------------------
Traceback (most recent call last):
  File "/home/auss/git_repos/samaust/Experiments_4DGS/tests/test_vipe_benchmark_supervisor.py", line 2044, in test_progress_p03_helper_death
    def test_progress_p03_helper_death(self):self.progress_scenario('P03','progress_death')
                                             ~~~~~~~~~~~~~~~~~~~~~~^^^^^^^^^^^^^^^^^^^^^^^^
  File "/home/auss/git_repos/samaust/Experiments_4DGS/tests/test_vipe_benchmark_supervisor.py", line 1795, in progress_scenario
    session.await_ready()
    ~~~~~~~~~~~~~~~~~~~^^
  File "/home/auss/git_repos/samaust/Experiments_4DGS/tests/test_vipe_benchmark_supervisor.py", line 1178, in observed
    result=operation(*args,**kwargs);return result
  File "/home/auss/git_repos/samaust/Experiments_4DGS/scripts/vipe_benchmark/s1_helper_session.py", line 2455, in await_ready
    self.tick(end); time.sleep(min(.005,max(0.,end-time.monotonic())))
    ~~~~~~~~~^^^^^
  File "/home/auss/git_repos/samaust/Experiments_4DGS/tests/test_vipe_benchmark_supervisor.py", line 1178, in observed
    result=operation(*args,**kwargs);return result
  File "/home/auss/git_repos/samaust/Experiments_4DGS/scripts/vipe_benchmark/s1_helper_session.py", line 2370, in tick
    if self.owner.cancelled or self.poisoned: raise RuntimeError('S1 helper session poisoned: '+str(list(self.owner.errors)))
                                              ^^^^^^^^^^^^^^^^^^^^^^^^^^^^^^^^^^^^^^^^^^^^^^^^^^^^^^^^^^^^^^^^^^^^^^^^^^^^^^^
RuntimeError: S1 helper session poisoned: [{'error_class': 'ValueError', 'message': 'owned Owner.run work dispatch CPU capacity', 'phase': 'startup'}]
timing_or_cleanup_check_0: AssertionError: False is not true : {'scenario': 'P03', 'mode': 'progress_death', 'constructor_entry': 204016.212786765, 'action_cutoff': 204018.212786765, 'safety_cutoff': 204019.212786765, 'constructor_end': 204016.262407472, 't0': 204016.212807651, 'ready_deadline': 204017.212807651, 'setup_deadline': 204018.212807651, 'setup_cleanup_deadline': 204019.212807651, 'progress_final_outcome': {'event': 'progress_final_outcome', 'label': 'P03', 'phase': 'startup_or_fixture_preparation', 'primary': {'error_class': 'RuntimeError', 'message': "S1 helper session poisoned: [{'error_class': 'ValueError', 'message': 'owned Owner.run work dispatch CPU capacity', 'phase': 'startup'}]"}, 'secondary': [], 'reference': None, 'cleanup_confirmed': False, 'observed': 204016.535110865, 'causal_status': 'actual startup failure; no inferred EPERM cause'}, 'action_end': 204016.413582077, 'end': 204016.535110865, 'execution_seconds': 0.2007953119755257, 'cleanup_seconds': 0.12152878800407052, 'cleanup_confirmed': False, 'records': {'work': {'role': 'work', 'state': 'spawning', 'pid': None}, 'sample': {'role': 'sample', 'state': 'pending', 'pid': None}}, 'errors': [{'error_class': 'ValueError', 'message': 'owned Owner.run work dispatch CPU capacity', 'phase': 'startup'}], 'signals': [], 'ticks': [204016.212807651, 204016.262547282, 204016.273378833, 204016.283098961, 204016.288172699, 204016.293256447, 204016.298328497, 204016.305582171, 204016.316487163, 204016.321558582, 204016.334333152, 204016.344076615, 204016.349139627, 204016.35420592, 204016.359310739, 204016.364393363, 204016.373576465, 204016.379660724, 204016.386647803, 204016.398509018, 204016.408348221, 204016.41341244], 'events': [{'event': 'fixture_spawn_entry', 'role': 'work', 'observed': 204016.233374005, 'ready_deadline': 204017.212807651}, {'event': 'progress_final_outcome', 'label': 'P03', 'phase': 'startup_or_fixture_preparation', 'primary': {'error_class': 'RuntimeError', 'message': "S1 helper session poisoned: [{'error_class': 'ValueError', 'message': 'owned Owner.run work dispat

======================================================================
ERROR: test_progress_p04_failed_final_sample (test_vipe_benchmark_supervisor.HelperSessionTests.test_progress_p04_failed_final_sample)
----------------------------------------------------------------------
Traceback (most recent call last):
  File "/home/auss/git_repos/samaust/Experiments_4DGS/tests/test_vipe_benchmark_supervisor.py", line 2045, in test_progress_p04_failed_final_sample
    def test_progress_p04_failed_final_sample(self):self.progress_scenario('P04','progress_final',supervised=True)
                                                    ~~~~~~~~~~~~~~~~~~~~~~^^^^^^^^^^^^^^^^^^^^^^^^^^^^^^^^^^^^^^^^
  File "/home/auss/git_repos/samaust/Experiments_4DGS/tests/test_vipe_benchmark_supervisor.py", line 1795, in progress_scenario
    session.await_ready()
    ~~~~~~~~~~~~~~~~~~~^^
  File "/home/auss/git_repos/samaust/Experiments_4DGS/tests/test_vipe_benchmark_supervisor.py", line 1178, in observed
    result=operation(*args,**kwargs);return result
  File "/home/auss/git_repos/samaust/Experiments_4DGS/scripts/vipe_benchmark/s1_helper_session.py", line 2455, in await_ready
    self.tick(end); time.sleep(min(.005,max(0.,end-time.monotonic())))
    ~~~~~~~~~^^^^^
  File "/home/auss/git_repos/samaust/Experiments_4DGS/tests/test_vipe_benchmark_supervisor.py", line 1178, in observed
    result=operation(*args,**kwargs);return result
  File "/home/auss/git_repos/samaust/Experiments_4DGS/scripts/vipe_benchmark/s1_helper_session.py", line 2370, in tick
    if self.owner.cancelled or self.poisoned: raise RuntimeError('S1 helper session poisoned: '+str(list(self.owner.errors)))
                                              ^^^^^^^^^^^^^^^^^^^^^^^^^^^^^^^^^^^^^^^^^^^^^^^^^^^^^^^^^^^^^^^^^^^^^^^^^^^^^^^
RuntimeError: S1 helper session poisoned: [{'error_class': 'ValueError', 'message': 'owned Owner.run work dispatch CPU capacity', 'phase': 'startup'}]
timing_or_cleanup_check_0: AssertionError: False is not true : {'scenario': 'P04', 'mode': 'progress_final', 'constructor_entry': 204016.536287584, 'action_cutoff': 204018.536287584, 'safety_cutoff': 204019.536287584, 'constructor_end': 204016.585833686, 't0': 204016.53630874, 'ready_deadline': 204017.53630874, 'setup_deadline': 204018.53630874, 'setup_cleanup_deadline': 204019.53630874, 'progress_final_outcome': {'event': 'progress_final_outcome', 'label': 'P04', 'phase': 'startup_or_fixture_preparation', 'primary': {'error_class': 'RuntimeError', 'message': "S1 helper session poisoned: [{'error_class': 'ValueError', 'message': 'owned Owner.run work dispatch CPU capacity', 'phase': 'startup'}]"}, 'secondary': [], 'reference': None, 'cleanup_confirmed': False, 'observed': 204016.843599987, 'causal_status': 'actual startup failure; no inferred EPERM cause'}, 'action_end': 204016.727999951, 'end': 204016.843599987, 'execution_seconds': 0.19171236699912697, 'cleanup_seconds': 0.11560003602062352, 'cleanup_confirmed': False, 'records': {'work': {'role': 'work', 'state': 'spawning', 'pid': None}, 'sample': {'role': 'sample', 'state': 'pending', 'pid': None}}, 'errors': [{'error_class': 'ValueError', 'message': 'owned Owner.run work dispatch CPU capacity', 'phase': 'startup'}], 'signals': [], 'ticks': [204016.53630874, 204016.585932428, 204016.591062473, 204016.596139754, 204016.60258974, 204016.617088084, 204016.628686452, 204016.63913283, 204016.644218383, 204016.649301779, 204016.654397373, 204016.665321281, 204016.675318727, 204016.680394958, 204016.685521773, 204016.690627844, 204016.695963778, 204016.701204599, 204016.709456715, 204016.714591293, 204016.727778362], 'events': [{'event': 'fixture_spawn_entry', 'role': 'work', 'observed': 204016.556426726, 'ready_deadline': 204017.53630874}, {'event': 'progress_final_outcome', 'label': 'P04', 'phase': 'startup_or_fixture_preparation', 'primary': {'error_class': 'RuntimeError', 'message': "S1 helper session poisoned: [{'error_class': 'ValueError', 'message': 'owned Owner.run work dispatch CPU capacity', 'phas

======================================================================
ERROR: test_progress_p05_interrupted_publisher (test_vipe_benchmark_supervisor.HelperSessionTests.test_progress_p05_interrupted_publisher)
----------------------------------------------------------------------
Traceback (most recent call last):
  File "/home/auss/git_repos/samaust/Experiments_4DGS/tests/test_vipe_benchmark_supervisor.py", line 2046, in test_progress_p05_interrupted_publisher
    def test_progress_p05_interrupted_publisher(self):self.progress_scenario('P05','progress_torn')
                                                      ~~~~~~~~~~~~~~~~~~~~~~^^^^^^^^^^^^^^^^^^^^^^^
  File "/home/auss/git_repos/samaust/Experiments_4DGS/tests/test_vipe_benchmark_supervisor.py", line 1795, in progress_scenario
    session.await_ready()
    ~~~~~~~~~~~~~~~~~~~^^
  File "/home/auss/git_repos/samaust/Experiments_4DGS/tests/test_vipe_benchmark_supervisor.py", line 1178, in observed
    result=operation(*args,**kwargs);return result
  File "/home/auss/git_repos/samaust/Experiments_4DGS/scripts/vipe_benchmark/s1_helper_session.py", line 2455, in await_ready
    self.tick(end); time.sleep(min(.005,max(0.,end-time.monotonic())))
    ~~~~~~~~~^^^^^
  File "/home/auss/git_repos/samaust/Experiments_4DGS/tests/test_vipe_benchmark_supervisor.py", line 1178, in observed
    result=operation(*args,**kwargs);return result
  File "/home/auss/git_repos/samaust/Experiments_4DGS/scripts/vipe_benchmark/s1_helper_session.py", line 2370, in tick
    if self.owner.cancelled or self.poisoned: raise RuntimeError('S1 helper session poisoned: '+str(list(self.owner.errors)))
                                              ^^^^^^^^^^^^^^^^^^^^^^^^^^^^^^^^^^^^^^^^^^^^^^^^^^^^^^^^^^^^^^^^^^^^^^^^^^^^^^^
RuntimeError: S1 helper session poisoned: [{'error_class': 'ValueError', 'message': 'owned Owner.run work dispatch CPU capacity', 'phase': 'startup'}]
timing_or_cleanup_check_0: AssertionError: False is not true : {'scenario': 'P05', 'mode': 'progress_torn', 'constructor_entry': 204016.84470152, 'action_cutoff': 204018.84470152, 'safety_cutoff': 204019.84470152, 'constructor_end': 204016.896454548, 't0': 204016.844722718, 'ready_deadline': 204017.844722718, 'setup_deadline': 204018.844722718, 'setup_cleanup_deadline': 204019.844722718, 'progress_final_outcome': {'event': 'progress_final_outcome', 'label': 'P05', 'phase': 'startup_or_fixture_preparation', 'primary': {'error_class': 'RuntimeError', 'message': "S1 helper session poisoned: [{'error_class': 'ValueError', 'message': 'owned Owner.run work dispatch CPU capacity', 'phase': 'startup'}]"}, 'secondary': [], 'reference': None, 'cleanup_confirmed': False, 'observed': 204017.137237411, 'causal_status': 'actual startup failure; no inferred EPERM cause'}, 'action_end': 204017.019816689, 'end': 204017.137237411, 'execution_seconds': 0.17511516899685375, 'cleanup_seconds': 0.11742072200286202, 'cleanup_confirmed': False, 'records': {'work': {'role': 'work', 'state': 'spawning', 'pid': None}, 'sample': {'role': 'sample', 'state': 'pending', 'pid': None}}, 'errors': [{'error_class': 'ValueError', 'message': 'owned Owner.run work dispatch CPU capacity', 'phase': 'startup'}], 'signals': [], 'ticks': [204016.844722718, 204016.896590231, 204016.905713087, 204016.915899104, 204016.920974643, 204016.931875789, 204016.937910433, 204016.943084294, 204016.948163737, 204016.953270903, 204016.966878615, 204016.977299863, 204016.982369256, 204016.98769039, 204016.992774195, 204017.001089303, 204017.007298856, 204017.014564275, 204017.019628727], 'events': [{'event': 'fixture_spawn_entry', 'role': 'work', 'observed': 204016.866450015, 'ready_deadline': 204017.844722718}, {'event': 'progress_final_outcome', 'label': 'P05', 'phase': 'startup_or_fixture_preparation', 'primary': {'error_class': 'RuntimeError', 'message': "S1 helper session poisoned: [{'error_class': 'ValueError', 'message': 'owned Owner.run work dispatch CPU capacity', 'phase': 'startup'}]"}, 'secondary': [

======================================================================
ERROR: test_progress_p06_blocked_owner (test_vipe_benchmark_supervisor.HelperSessionTests.test_progress_p06_blocked_owner)
----------------------------------------------------------------------
Traceback (most recent call last):
  File "/home/auss/git_repos/samaust/Experiments_4DGS/tests/test_vipe_benchmark_supervisor.py", line 2047, in test_progress_p06_blocked_owner
    def test_progress_p06_blocked_owner(self):self.progress_scenario('P06','progress_normal')
                                              ~~~~~~~~~~~~~~~~~~~~~~^^^^^^^^^^^^^^^^^^^^^^^^^
  File "/home/auss/git_repos/samaust/Experiments_4DGS/tests/test_vipe_benchmark_supervisor.py", line 1795, in progress_scenario
    session.await_ready()
    ~~~~~~~~~~~~~~~~~~~^^
  File "/home/auss/git_repos/samaust/Experiments_4DGS/tests/test_vipe_benchmark_supervisor.py", line 1178, in observed
    result=operation(*args,**kwargs);return result
  File "/home/auss/git_repos/samaust/Experiments_4DGS/scripts/vipe_benchmark/s1_helper_session.py", line 2455, in await_ready
    self.tick(end); time.sleep(min(.005,max(0.,end-time.monotonic())))
    ~~~~~~~~~^^^^^
  File "/home/auss/git_repos/samaust/Experiments_4DGS/tests/test_vipe_benchmark_supervisor.py", line 1178, in observed
    result=operation(*args,**kwargs);return result
  File "/home/auss/git_repos/samaust/Experiments_4DGS/scripts/vipe_benchmark/s1_helper_session.py", line 2370, in tick
    if self.owner.cancelled or self.poisoned: raise RuntimeError('S1 helper session poisoned: '+str(list(self.owner.errors)))
                                              ^^^^^^^^^^^^^^^^^^^^^^^^^^^^^^^^^^^^^^^^^^^^^^^^^^^^^^^^^^^^^^^^^^^^^^^^^^^^^^^
RuntimeError: S1 helper session poisoned: [{'error_class': 'ValueError', 'message': 'owned Owner.run work dispatch CPU capacity', 'phase': 'startup'}]
timing_or_cleanup_check_0: AssertionError: False is not true : {'scenario': 'P06', 'mode': 'progress_normal', 'constructor_entry': 204017.138292577, 'action_cutoff': 204019.138292577, 'safety_cutoff': 204020.138292577, 'constructor_end': 204017.188117563, 't0': 204017.138314001, 'ready_deadline': 204018.138314001, 'setup_deadline': 204019.138314001, 'setup_cleanup_deadline': 204020.138314001, 'progress_final_outcome': {'event': 'progress_final_outcome', 'label': 'P06', 'phase': 'startup_or_fixture_preparation', 'primary': {'error_class': 'RuntimeError', 'message': "S1 helper session poisoned: [{'error_class': 'ValueError', 'message': 'owned Owner.run work dispatch CPU capacity', 'phase': 'startup'}]"}, 'secondary': [], 'reference': None, 'cleanup_confirmed': False, 'observed': 204017.428033896, 'causal_status': 'actual startup failure; no inferred EPERM cause'}, 'action_end': 204017.311529666, 'end': 204017.428033896, 'execution_seconds': 0.17323708900948986, 'cleanup_seconds': 0.1165042299835477, 'cleanup_confirmed': False, 'records': {'work': {'role': 'work', 'state': 'spawning', 'pid': None}, 'sample': {'role': 'sample', 'state': 'pending', 'pid': None}}, 'errors': [{'error_class': 'ValueError', 'message': 'owned Owner.run work dispatch CPU capacity', 'phase': 'startup'}], 'signals': [], 'ticks': [204017.138314001, 204017.18822594, 204017.194386636, 204017.199452608, 204017.209605181, 204017.214710531, 204017.21980384, 204017.226713527, 204017.232816034, 204017.237975293, 204017.243021622, 204017.248093406, 204017.258551019, 204017.268469242, 204017.273542651, 204017.2786313, 204017.283694894, 204017.292999883, 204017.298894515, 204017.306141623, 204017.311391142], 'events': [{'event': 'fixture_spawn_entry', 'role': 'work', 'observed': 204017.158646956, 'ready_deadline': 204018.138314001}, {'event': 'progress_final_outcome', 'label': 'P06', 'phase': 'startup_or_fixture_preparation', 'primary': {'error_class': 'RuntimeError', 'message': "S1 helper session poisoned: [{'error_class': 'ValueError', 'message': 'owned Owner.run work dispatch CPU capacity', '

======================================================================
ERROR: test_progress_plan047_complete_final_sample (test_vipe_benchmark_supervisor.HelperSessionTests.test_progress_plan047_complete_final_sample) (kind='success')
----------------------------------------------------------------------
Traceback (most recent call last):
  File "/home/auss/git_repos/samaust/Experiments_4DGS/scripts/vipe_benchmark/supervisor.py", line 444, in supervise
    owned=predispatch_owned('supervisor worker')
  File "/home/auss/git_repos/samaust/Experiments_4DGS/scripts/vipe_benchmark/s1_helper_session.py", line 1621, in predispatch_owned
    if observed['total_workers']+1>8:raise ValueError('owned '+event+' dispatch CPU capacity')
                                     ^^^^^^^^^^^^^^^^^^^^^^^^^^^^^^^^^^^^^^^^^^^^^^^^^^^^^^^^^
ValueError: owned supervisor worker dispatch CPU capacity

The above exception was the direct cause of the following exception:

Traceback (most recent call last):
  File "/home/auss/git_repos/samaust/Experiments_4DGS/tests/test_vipe_benchmark_supervisor.py", line 3160, in test_progress_plan047_complete_final_sample
    sup.supervise(Ledger(),full.reservation['job_id'],full.command,full.output,evidence=full.binding,sample_resources=self.sampler,validate_result=lambda output:None,terminal_publisher=True,terminal_docs=docs)
    ~~~~~~~~~~~~~^^^^^^^^^^^^^^^^^^^^^^^^^^^^^^^^^^^^^^^^^^^^^^^^^^^^^^^^^^^^^^^^^^^^^^^^^^^^^^^^^^^^^^^^^^^^^^^^^^^^^^^^^^^^^^^^^^^^^^^^^^^^^^^^^^^^^^^^^^^^^^^^^^^^^^^^^^^^^^^^^^^^^^^^^^^^^^^^^^^^^^^^^^^^^^^^
  File "/home/auss/git_repos/samaust/Experiments_4DGS/scripts/vipe_benchmark/supervisor.py", line 609, in supervise
    raise failure from primary_exception
vipe_benchmark.supervisor.SupervisionFailure: ValueError: owned supervisor worker dispatch CPU capacity

======================================================================
ERROR: test_progress_plan047_complete_final_sample (test_vipe_benchmark_supervisor.HelperSessionTests.test_progress_plan047_complete_final_sample) (kind='final_sample_failure')
----------------------------------------------------------------------
Traceback (most recent call last):
  File "/home/auss/git_repos/samaust/Experiments_4DGS/tests/test_vipe_benchmark_supervisor.py", line 3157, in test_progress_plan047_complete_final_sample
    with self.assertRaises(sup.SupervisionFailure) as caught:sup.supervise(Ledger(),full.reservation['job_id'],full.command,full.output,evidence=full.binding,sample_resources=self.sampler,validate_result=lambda output:None,terminal_publisher=True,terminal_docs=docs)
                                                             ~~~~~~~~~~~~~^^^^^^^^^^^^^^^^^^^^^^^^^^^^^^^^^^^^^^^^^^^^^^^^^^^^^^^^^^^^^^^^^^^^^^^^^^^^^^^^^^^^^^^^^^^^^^^^^^^^^^^^^^^^^^^^^^^^^^^^^^^^^^^^^^^^^^^^^^^^^^^^^^^^^^^^^^^^^^^^^^^^^^^^^^^^^^^^^^^^^^^^^^^^^^^^
  File "/home/auss/git_repos/samaust/Experiments_4DGS/scripts/vipe_benchmark/supervisor.py", line 360, in supervise
    raise ValueError('refusing to overwrite incomplete or previous output')
ValueError: refusing to overwrite incomplete or previous output

======================================================================
ERROR: test_progress_plan047_ownership (test_vipe_benchmark_supervisor.HelperSessionTests.test_progress_plan047_ownership) (kind='registry_owner_dispatch')
----------------------------------------------------------------------
Traceback (most recent call last):
  File "/home/auss/git_repos/samaust/Experiments_4DGS/tests/test_vipe_benchmark_supervisor.py", line 2866, in test_progress_plan047_ownership
    observed=h.predispatch_owned(kind);self.assertEqual(observed['registry_identity'],id(h.INVOCATION));self.assertEqual(observed['root'],baseline['root']);result='same invocation registry'
  File "/home/auss/git_repos/samaust/Experiments_4DGS/scripts/vipe_benchmark/s1_helper_session.py", line 1621, in predispatch_owned
    if observed['total_workers']+1>8:raise ValueError('owned '+event+' dispatch CPU capacity')
                                     ^^^^^^^^^^^^^^^^^^^^^^^^^^^^^^^^^^^^^^^^^^^^^^^^^^^^^^^^^
ValueError: owned registry_owner_dispatch dispatch CPU capacity

======================================================================
ERROR: test_progress_plan047_ownership (test_vipe_benchmark_supervisor.HelperSessionTests.test_progress_plan047_ownership) (kind='registry_worker_dispatch')
----------------------------------------------------------------------
Traceback (most recent call last):
  File "/home/auss/git_repos/samaust/Experiments_4DGS/tests/test_vipe_benchmark_supervisor.py", line 2866, in test_progress_plan047_ownership
    observed=h.predispatch_owned(kind);self.assertEqual(observed['registry_identity'],id(h.INVOCATION));self.assertEqual(observed['root'],baseline['root']);result='same invocation registry'
  File "/home/auss/git_repos/samaust/Experiments_4DGS/scripts/vipe_benchmark/s1_helper_session.py", line 1621, in predispatch_owned
    if observed['total_workers']+1>8:raise ValueError('owned '+event+' dispatch CPU capacity')
                                     ^^^^^^^^^^^^^^^^^^^^^^^^^^^^^^^^^^^^^^^^^^^^^^^^^^^^^^^^^
ValueError: owned registry_worker_dispatch dispatch CPU capacity

======================================================================
ERROR: test_progress_plan047_ownership (test_vipe_benchmark_supervisor.HelperSessionTests.test_progress_plan047_ownership) (kind='registry_direct_dispatch')
----------------------------------------------------------------------
Traceback (most recent call last):
  File "/home/auss/git_repos/samaust/Experiments_4DGS/tests/test_vipe_benchmark_supervisor.py", line 2866, in test_progress_plan047_ownership
    observed=h.predispatch_owned(kind);self.assertEqual(observed['registry_identity'],id(h.INVOCATION));self.assertEqual(observed['root'],baseline['root']);result='same invocation registry'
  File "/home/auss/git_repos/samaust/Experiments_4DGS/scripts/vipe_benchmark/s1_helper_session.py", line 1621, in predispatch_owned
    if observed['total_workers']+1>8:raise ValueError('owned '+event+' dispatch CPU capacity')
                                     ^^^^^^^^^^^^^^^^^^^^^^^^^^^^^^^^^^^^^^^^^^^^^^^^^^^^^^^^^
ValueError: owned registry_direct_dispatch dispatch CPU capacity

======================================================================
ERROR: test_progress_plan047_ownership (test_vipe_benchmark_supervisor.HelperSessionTests.test_progress_plan047_ownership) (kind='registry_sentinel_dispatch')
----------------------------------------------------------------------
Traceback (most recent call last):
  File "/home/auss/git_repos/samaust/Experiments_4DGS/tests/test_vipe_benchmark_supervisor.py", line 2866, in test_progress_plan047_ownership
    observed=h.predispatch_owned(kind);self.assertEqual(observed['registry_identity'],id(h.INVOCATION));self.assertEqual(observed['root'],baseline['root']);result='same invocation registry'
  File "/home/auss/git_repos/samaust/Experiments_4DGS/scripts/vipe_benchmark/s1_helper_session.py", line 1621, in predispatch_owned
    if observed['total_workers']+1>8:raise ValueError('owned '+event+' dispatch CPU capacity')
                                     ^^^^^^^^^^^^^^^^^^^^^^^^^^^^^^^^^^^^^^^^^^^^^^^^^^^^^^^^^
ValueError: owned registry_sentinel_dispatch dispatch CPU capacity

======================================================================
FAIL: test_l25_delayed_actual_reserve (test_vipe_benchmark_supervisor.HelperSessionTests.test_l25_delayed_actual_reserve)
----------------------------------------------------------------------
TimeoutError: S1 phase deadline reached

During handling of the above exception, another exception occurred:

Traceback (most recent call last):
  File "/home/auss/git_repos/samaust/Experiments_4DGS/tests/test_vipe_benchmark_supervisor.py", line 1528, in test_l25_delayed_actual_reserve
    def test_l25_delayed_actual_reserve(self): self.admission_rejected('L25',False)
                                               ~~~~~~~~~~~~~~~~~~~~~~~^^^^^^^^^^^^^
  File "/home/auss/git_repos/samaust/Experiments_4DGS/tests/test_vipe_benchmark_supervisor.py", line 1518, in admission_rejected
    with self.assertRaisesRegex(TimeoutError,'setup admission deadline'):
         ~~~~~~~~~~~~~~~~~~~~~~^^^^^^^^^^^^^^^^^^^^^^^^^^^^^^^^^^^^^^^^^
AssertionError: "setup admission deadline" does not match "S1 phase deadline reached"

======================================================================
FAIL: test_l26_equal_actual_reserve (test_vipe_benchmark_supervisor.HelperSessionTests.test_l26_equal_actual_reserve)
----------------------------------------------------------------------
TimeoutError: S1 phase deadline reached

During handling of the above exception, another exception occurred:

Traceback (most recent call last):
  File "/home/auss/git_repos/samaust/Experiments_4DGS/tests/test_vipe_benchmark_supervisor.py", line 1529, in test_l26_equal_actual_reserve
    def test_l26_equal_actual_reserve(self): self.admission_rejected('L26',True)
                                             ~~~~~~~~~~~~~~~~~~~~~~~^^^^^^^^^^^^
  File "/home/auss/git_repos/samaust/Experiments_4DGS/tests/test_vipe_benchmark_supervisor.py", line 1518, in admission_rejected
    with self.assertRaisesRegex(TimeoutError,'setup admission deadline'):
         ~~~~~~~~~~~~~~~~~~~~~~^^^^^^^^^^^^^^^^^^^^^^^^^^^^^^^^^^^^^^^^^
AssertionError: "setup admission deadline" does not match "S1 phase deadline reached"

======================================================================
FAIL: test_l33_blocked_census_refuses_stale (test_vipe_benchmark_supervisor.HelperSessionTests.test_l33_blocked_census_refuses_stale)
----------------------------------------------------------------------
Traceback (most recent call last):
  File "/home/auss/git_repos/samaust/Experiments_4DGS/tests/test_vipe_benchmark_supervisor.py", line 1649, in test_l33_blocked_census_refuses_stale
    with self.scenario('L33','census_block') as session:
         ~~~~~~~~~~~~~^^^^^^^^^^^^^^^^^^^^^^
  File "/usr/lib/python3.14/contextlib.py", line 148, in __exit__
    next(self.gen)
    ~~~~^^^^^^^^^^
  File "/home/auss/git_repos/samaust/Experiments_4DGS/tests/test_vipe_benchmark_supervisor.py", line 1271, in owned
    else:raise AssertionError('scenario cleanup/timing failures: '+repr(secondary))
         ^^^^^^^^^^^^^^^^^^^^^^^^^^^^^^^^^^^^^^^^^^^^^^^^^^^^^^^^^^^^^^^^^^^^^^^^^^
AssertionError: scenario cleanup/timing failures: [{'operation': 'timing_or_cleanup_check_0', 'error_class': 'AssertionError', 'message': "False is not true : {'scenario': 'L33', 'mode': 'census_block', 'constructor_entry': 204010.333722643, 'action_cutoff': 204012.333722643, 'safety_cutoff': 204013.333722643, 'constructor_end': 204010.380742529, 't0': 204010.333746228, 'ready_deadline': 204011.333746228, 'setup_deadline': 204012.333746228, 'setup_cleanup_deadline': 204013.333746228, 'action_end': 204011.579939906, 'end': 204013.339123571, 'execution_seconds': 1.2462172629893757, 'cleanup_seconds': 1.759183665009914, 'cleanup_confirmed': False, 'records': {'work': {'role': 'work', 'state': 'pid_owned', 'pid': 516402, 'pgid': 516402, 'start_ticks': 26154025}, 'sample': {'role': 'sample', 'state': 'pid_owned', 'pid': 516403, 'pgid': 516403, 'start_ticks': 26154037}}, 'errors': [{'error_class': 'ValueError', 'message': 'pidfd signal intent unresolved; no resend', 'phase': 'helper_cleanup'}, {'error_class': 'ValueError', 'message': 'pidfd signal intent unresolved; no resend', 'phase': 'helper_cleanup'}, {'error_class': 'ValueError', 'message': 'pidfd signal intent unresolved; no resend', 'phase': 'helper_cleanup'}, {'error_class': 'ValueError', 'message': 'pidfd signal intent unresolved; no resend', 'phase': 'helper_cleanup'}, {'error_class': 'ValueError', 'message': 'pidfd signal intent unresolved; no resend', 'phase': 'helper_cleanup'}, {'error_class': 'ValueError', 'message': 'pidfd signal intent unresolved; no resend', 'phase': 'helper_cleanup'}, {'error_class': 'ValueError', 'message': 'pidfd signal intent unresolved; no resend', 'phase': 'helper_cleanup'}, {'error_class': 'ValueError', 'message': 'pidfd signal intent unresolved; no resend', 'phase': 'helper_cleanup'}, {'error_class': 'ValueError', 'message': 'pidfd signal intent unresolved; no resend', 'phase': 'helper_cleanup'}, {'error_class': 'ValueError', 'message': 'pidfd signal intent unresolved; no resend', 'phase': 'helper_cleanup'}, {'error_class': 'ValueError', 'message': 'pidfd signal intent unresolved; no resend', 'phase': 'helper_cleanup'}, {'error_class': 'ValueError', 'message': 'pi"}, {'operation': 'timing_or_cleanup_check_2', 'error_class': 'AssertionError', 'message': '1.759183665009914 not less than or equal to 1'}, {'operation': 'timing_or_cleanup_check_3', 'error_class': 'AssertionError', 'message': '3.0054009279992897 not less than or equal to 3'}]

======================================================================
FAIL: test_l36_ambiguous_native_start_retained (test_vipe_benchmark_supervisor.HelperSessionTests.test_l36_ambiguous_native_start_retained)
----------------------------------------------------------------------
Traceback (most recent call last):
  File "/home/auss/git_repos/samaust/Experiments_4DGS/tests/test_vipe_benchmark_supervisor.py", line 1739, in test_l36_ambiguous_native_start_retained
    self.assertTrue(acquired)
    ~~~~~~~~~~~~~~~^^^^^^^^^^
AssertionError: [] is not true
L36 secondary: {'operation': 'retire_acquired', 'error_class': 'ValueError', 'message': 'different job handle'}
L36 secondary: {'operation': 'original_cleanup_assertions', 'error_class': 'AssertionError', 'message': 'False is not true'}

======================================================================
FAIL: test_partial_constructor_boundaries (test_vipe_benchmark_supervisor.HelperSessionTests.test_partial_constructor_boundaries)
----------------------------------------------------------------------
Traceback (most recent call last):
  File "/home/auss/git_repos/samaust/Experiments_4DGS/tests/test_vipe_benchmark_supervisor.py", line 4218, in test_partial_constructor_boundaries
    self.assertEqual(set(os.listdir('/proc/self/fd')),before)
    ~~~~~~~~~~~~~~~~^^^^^^^^^^^^^^^^^^^^^^^^^^^^^^^^^^^^^^^^^
AssertionError: Items in the first set but not the second:
'6'

======================================================================
FAIL: test_progress_plan047_deadline_steps (test_vipe_benchmark_supervisor.HelperSessionTests.test_progress_plan047_deadline_steps) (operation='checkpoint_flush', when='equal')
----------------------------------------------------------------------
Traceback (most recent call last):
  File "/home/auss/git_repos/samaust/Experiments_4DGS/tests/test_vipe_benchmark_supervisor.py", line 3926, in test_progress_plan047_deadline_steps
    self.assertEqual(owned_descriptors,{},dict(case=case,reason='all acquired FDs/streams retired'))
    ~~~~~~~~~~~~~~~~^^^^^^^^^^^^^^^^^^^^^^^^^^^^^^^^^^^^^^^^^^^^^^^^^^^^^^^^^^^^^^^^^^^^^^^^^^^^^^^^
AssertionError: {7: {'operation': 'acquire', 'fd': 7, 'obs[72 chars]en'}} != {}
+ {}
- {7: {'fd': 7,
-      'observed': 204025.258248121,
-      'operation': 'acquire',
-      'path': '/proc/38543/stat',
-      'source': 'Path.open'}} : {'case': {'operation': 'checkpoint_flush', 'when': 'equal'}, 'reason': 'all acquired FDs/streams retired'}

======================================================================
FAIL: test_progress_plan047_deadline_steps (test_vipe_benchmark_supervisor.HelperSessionTests.test_progress_plan047_deadline_steps) (operation='checkpoint_fsync', when='equal')
----------------------------------------------------------------------
Traceback (most recent call last):
  File "/home/auss/git_repos/samaust/Experiments_4DGS/tests/test_vipe_benchmark_supervisor.py", line 3926, in test_progress_plan047_deadline_steps
    self.assertEqual(owned_descriptors,{},dict(case=case,reason='all acquired FDs/streams retired'))
    ~~~~~~~~~~~~~~~~^^^^^^^^^^^^^^^^^^^^^^^^^^^^^^^^^^^^^^^^^^^^^^^^^^^^^^^^^^^^^^^^^^^^^^^^^^^^^^^^
AssertionError: {7: {'operation': 'acquire', 'fd': 7, 'obs[72 chars]en'}} != {}
+ {}
- {7: {'fd': 7,
-      'observed': 204025.570503622,
-      'operation': 'acquire',
-      'path': '/proc/18707/stat',
-      'source': 'Path.open'}} : {'case': {'operation': 'checkpoint_fsync', 'when': 'equal'}, 'reason': 'all acquired FDs/streams retired'}

======================================================================
FAIL: test_progress_plan047_deadline_steps (test_vipe_benchmark_supervisor.HelperSessionTests.test_progress_plan047_deadline_steps) (operation='checkpoint_fsync', when='after')
----------------------------------------------------------------------
Traceback (most recent call last):
  File "/home/auss/git_repos/samaust/Experiments_4DGS/tests/test_vipe_benchmark_supervisor.py", line 3926, in test_progress_plan047_deadline_steps
    self.assertEqual(owned_descriptors,{},dict(case=case,reason='all acquired FDs/streams retired'))
    ~~~~~~~~~~~~~~~~^^^^^^^^^^^^^^^^^^^^^^^^^^^^^^^^^^^^^^^^^^^^^^^^^^^^^^^^^^^^^^^^^^^^^^^^^^^^^^^^
AssertionError: {10: {'operation': 'acquire', 'fd': 10, 'o[74 chars]en'}} != {}
+ {}
- {10: {'fd': 10,
-       'observed': 204025.669147896,
-       'operation': 'acquire',
-       'path': '/proc/38531/stat',
-       'source': 'Path.open'}} : {'case': {'operation': 'checkpoint_fsync', 'when': 'after'}, 'reason': 'all acquired FDs/streams retired'}

======================================================================
FAIL: test_progress_plan047_deadline_steps (test_vipe_benchmark_supervisor.HelperSessionTests.test_progress_plan047_deadline_steps) (operation='checkpoint_readback', when='before')
----------------------------------------------------------------------
Traceback (most recent call last):
  File "/home/auss/git_repos/samaust/Experiments_4DGS/tests/test_vipe_benchmark_supervisor.py", line 3926, in test_progress_plan047_deadline_steps
    self.assertEqual(owned_descriptors,{},dict(case=case,reason='all acquired FDs/streams retired'))
    ~~~~~~~~~~~~~~~~^^^^^^^^^^^^^^^^^^^^^^^^^^^^^^^^^^^^^^^^^^^^^^^^^^^^^^^^^^^^^^^^^^^^^^^^^^^^^^^^
AssertionError: {10: {'operation': 'acquire', 'fd': 10, 'o[72 chars]en'}} != {}
+ {}
- {10: {'fd': 10,
-       'observed': 207595.984820028,
-       'operation': 'acquire',
-       'path': '/proc/138/stat',
-       'source': 'Path.open'}} : {'case': {'operation': 'checkpoint_readback', 'when': 'before'}, 'reason': 'all acquired FDs/streams retired'}

======================================================================
FAIL: test_progress_plan047_deadline_steps (test_vipe_benchmark_supervisor.HelperSessionTests.test_progress_plan047_deadline_steps) (operation='head_write', when='equal')
----------------------------------------------------------------------
Traceback (most recent call last):
  File "/home/auss/git_repos/samaust/Experiments_4DGS/tests/test_vipe_benchmark_supervisor.py", line 3926, in test_progress_plan047_deadline_steps
    self.assertEqual(owned_descriptors,{},dict(case=case,reason='all acquired FDs/streams retired'))
    ~~~~~~~~~~~~~~~~^^^^^^^^^^^^^^^^^^^^^^^^^^^^^^^^^^^^^^^^^^^^^^^^^^^^^^^^^^^^^^^^^^^^^^^^^^^^^^^^
AssertionError: {10: {'operation': 'acquire', 'fd': 10, 'o[75 chars]en'}} != {}
+ {}
- {10: {'fd': 10,
-       'observed': 204026.542152631,
-       'operation': 'acquire',
-       'path': '/proc/515235/stat',
-       'source': 'Path.open'}} : {'case': {'operation': 'head_write', 'when': 'equal'}, 'reason': 'all acquired FDs/streams retired'}

======================================================================
FAIL: test_progress_plan047_deadline_steps (test_vipe_benchmark_supervisor.HelperSessionTests.test_progress_plan047_deadline_steps) (operation='head_flush', when='after')
----------------------------------------------------------------------
Traceback (most recent call last):
  File "/home/auss/git_repos/samaust/Experiments_4DGS/tests/test_vipe_benchmark_supervisor.py", line 3926, in test_progress_plan047_deadline_steps
    self.assertEqual(owned_descriptors,{},dict(case=case,reason='all acquired FDs/streams retired'))
    ~~~~~~~~~~~~~~~~^^^^^^^^^^^^^^^^^^^^^^^^^^^^^^^^^^^^^^^^^^^^^^^^^^^^^^^^^^^^^^^^^^^^^^^^^^^^^^^^
AssertionError: {10: {'operation': 'acquire', 'fd': 10, 'o[75 chars]en'}} != {}
+ {}
- {10: {'fd': 10,
-       'observed': 204026.994066073,
-       'operation': 'acquire',
-       'path': '/proc/516221/stat',
-       'source': 'Path.open'}} : {'case': {'operation': 'head_flush', 'when': 'after'}, 'reason': 'all acquired FDs/streams retired'}

======================================================================
FAIL: test_progress_plan047_deadline_steps (test_vipe_benchmark_supervisor.HelperSessionTests.test_progress_plan047_deadline_steps) (operation='head_fsync', when='after')
----------------------------------------------------------------------
Traceback (most recent call last):
  File "/home/auss/git_repos/samaust/Experiments_4DGS/tests/test_vipe_benchmark_supervisor.py", line 3926, in test_progress_plan047_deadline_steps
    self.assertEqual(owned_descriptors,{},dict(case=case,reason='all acquired FDs/streams retired'))
    ~~~~~~~~~~~~~~~~^^^^^^^^^^^^^^^^^^^^^^^^^^^^^^^^^^^^^^^^^^^^^^^^^^^^^^^^^^^^^^^^^^^^^^^^^^^^^^^^
AssertionError: {12: {'operation': 'acquire', 'fd': 12, 'o[71 chars]en'}} != {}
+ {}
- {12: {'fd': 12,
-       'observed': 204027.316652698,
-       'operation': 'acquire',
-       'path': '/proc/67/stat',
-       'source': 'Path.open'}} : {'case': {'operation': 'head_fsync', 'when': 'after'}, 'reason': 'all acquired FDs/streams retired'}

======================================================================
FAIL: test_progress_plan047_deadline_steps (test_vipe_benchmark_supervisor.HelperSessionTests.test_progress_plan047_deadline_steps) (operation='head_close', when='equal')
----------------------------------------------------------------------
Traceback (most recent call last):
  File "/home/auss/git_repos/samaust/Experiments_4DGS/tests/test_vipe_benchmark_supervisor.py", line 3926, in test_progress_plan047_deadline_steps
    self.assertEqual(owned_descriptors,{},dict(case=case,reason='all acquired FDs/streams retired'))
    ~~~~~~~~~~~~~~~~^^^^^^^^^^^^^^^^^^^^^^^^^^^^^^^^^^^^^^^^^^^^^^^^^^^^^^^^^^^^^^^^^^^^^^^^^^^^^^^^
AssertionError: {7: {'operation': 'acquire', 'fd': 7, 'obs[72 chars]en'}} != {}
+ {}
- {7: {'fd': 7,
-      'observed': 204027.536023967,
-      'operation': 'acquire',
-      'path': '/proc/18726/stat',
-      'source': 'Path.open'}} : {'case': {'operation': 'head_close', 'when': 'equal'}, 'reason': 'all acquired FDs/streams retired'}

======================================================================
FAIL: test_progress_plan047_deadline_steps (test_vipe_benchmark_supervisor.HelperSessionTests.test_progress_plan047_deadline_steps) (operation='generation_dir_fsync', when='equal')
----------------------------------------------------------------------
Traceback (most recent call last):
  File "/home/auss/git_repos/samaust/Experiments_4DGS/tests/test_vipe_benchmark_supervisor.py", line 3926, in test_progress_plan047_deadline_steps
    self.assertEqual(owned_descriptors,{},dict(case=case,reason='all acquired FDs/streams retired'))
    ~~~~~~~~~~~~~~~~^^^^^^^^^^^^^^^^^^^^^^^^^^^^^^^^^^^^^^^^^^^^^^^^^^^^^^^^^^^^^^^^^^^^^^^^^^^^^^^^
AssertionError: {10: {'operation': 'acquire', 'fd': 10, 'o[71 chars]en'}} != {}
+ {}
- {10: {'fd': 10,
-       'observed': 204028.531992562,
-       'operation': 'acquire',
-       'path': '/proc/28/stat',
-       'source': 'Path.open'}} : {'case': {'operation': 'generation_dir_fsync', 'when': 'equal'}, 'reason': 'all acquired FDs/streams retired'}

======================================================================
FAIL: test_progress_plan047_deadline_steps (test_vipe_benchmark_supervisor.HelperSessionTests.test_progress_plan047_deadline_steps) (operation='generation_reopen_hash', when='before')
----------------------------------------------------------------------
Traceback (most recent call last):
  File "/home/auss/git_repos/samaust/Experiments_4DGS/tests/test_vipe_benchmark_supervisor.py", line 3926, in test_progress_plan047_deadline_steps
    self.assertEqual(owned_descriptors,{},dict(case=case,reason='all acquired FDs/streams retired'))
    ~~~~~~~~~~~~~~~~^^^^^^^^^^^^^^^^^^^^^^^^^^^^^^^^^^^^^^^^^^^^^^^^^^^^^^^^^^^^^^^^^^^^^^^^^^^^^^^^
AssertionError: {10: {'operation': 'acquire', 'fd': 10, 'o[69 chars]en'}} != {}
+ {}
- {10: {'fd': 10,
-       'observed': 207598.64551001,
-       'operation': 'acquire',
-       'path': '/proc/2/stat',
-       'source': 'Path.open'}} : {'case': {'operation': 'generation_reopen_hash', 'when': 'before'}, 'reason': 'all acquired FDs/streams retired'}

======================================================================
FAIL: test_progress_plan047_deadline_steps (test_vipe_benchmark_supervisor.HelperSessionTests.test_progress_plan047_deadline_steps) (operation='generation_reopen_hash', when='after')
----------------------------------------------------------------------
Traceback (most recent call last):
  File "/home/auss/git_repos/samaust/Experiments_4DGS/tests/test_vipe_benchmark_supervisor.py", line 3926, in test_progress_plan047_deadline_steps
    self.assertEqual(owned_descriptors,{},dict(case=case,reason='all acquired FDs/streams retired'))
    ~~~~~~~~~~~~~~~~^^^^^^^^^^^^^^^^^^^^^^^^^^^^^^^^^^^^^^^^^^^^^^^^^^^^^^^^^^^^^^^^^^^^^^^^^^^^^^^^
AssertionError: {6: {'operation': 'acquire', 'fd': 6, 'obs[72 chars]en'}} != {}
+ {}
- {6: {'fd': 6,
-      'observed': 204028.977275797,
-      'operation': 'acquire',
-      'path': '/proc/29854/stat',
-      'source': 'Path.open'}} : {'case': {'operation': 'generation_reopen_hash', 'when': 'after'}, 'reason': 'all acquired FDs/streams retired'}

======================================================================
FAIL: test_progress_plan047_deadline_steps (test_vipe_benchmark_supervisor.HelperSessionTests.test_progress_plan047_deadline_steps) (operation='head_install', when='before')
----------------------------------------------------------------------
Traceback (most recent call last):
  File "/home/auss/git_repos/samaust/Experiments_4DGS/tests/test_vipe_benchmark_supervisor.py", line 3926, in test_progress_plan047_deadline_steps
    self.assertEqual(owned_descriptors,{},dict(case=case,reason='all acquired FDs/streams retired'))
    ~~~~~~~~~~~~~~~~^^^^^^^^^^^^^^^^^^^^^^^^^^^^^^^^^^^^^^^^^^^^^^^^^^^^^^^^^^^^^^^^^^^^^^^^^^^^^^^^
AssertionError: {11: {'operation': 'acquire', 'fd': 11, 'o[77 chars]en'}} != {}
+ {}
- {11: {'fd': 11,
-       'observed': 207598.98264530802,
-       'operation': 'acquire',
-       'path': '/proc/515009/stat',
-       'source': 'Path.open'}} : {'case': {'operation': 'head_install', 'when': 'before'}, 'reason': 'all acquired FDs/streams retired'}

======================================================================
FAIL: test_progress_plan047_deadline_steps (test_vipe_benchmark_supervisor.HelperSessionTests.test_progress_plan047_deadline_steps) (operation='head_dir_fsync', when='before')
----------------------------------------------------------------------
Traceback (most recent call last):
  File "/home/auss/git_repos/samaust/Experiments_4DGS/tests/test_vipe_benchmark_supervisor.py", line 3926, in test_progress_plan047_deadline_steps
    self.assertEqual(owned_descriptors,{},dict(case=case,reason='all acquired FDs/streams retired'))
    ~~~~~~~~~~~~~~~~^^^^^^^^^^^^^^^^^^^^^^^^^^^^^^^^^^^^^^^^^^^^^^^^^^^^^^^^^^^^^^^^^^^^^^^^^^^^^^^^
AssertionError: {7: {'operation': 'acquire', 'fd': 7, 'obs[74 chars]en'}} != {}
+ {}
- {7: {'fd': 7,
-      'observed': 207599.33401560702,
-      'operation': 'acquire',
-      'path': '/proc/18706/stat',
-      'source': 'Path.open'}} : {'case': {'operation': 'head_dir_fsync', 'when': 'before'}, 'reason': 'all acquired FDs/streams retired'}

======================================================================
FAIL: test_progress_plan047_deadline_steps (test_vipe_benchmark_supervisor.HelperSessionTests.test_progress_plan047_deadline_steps) (operation='head_dir_fsync', when='equal')
----------------------------------------------------------------------
Traceback (most recent call last):
  File "/home/auss/git_repos/samaust/Experiments_4DGS/tests/test_vipe_benchmark_supervisor.py", line 3926, in test_progress_plan047_deadline_steps
    self.assertEqual(owned_descriptors,{},dict(case=case,reason='all acquired FDs/streams retired'))
    ~~~~~~~~~~~~~~~~^^^^^^^^^^^^^^^^^^^^^^^^^^^^^^^^^^^^^^^^^^^^^^^^^^^^^^^^^^^^^^^^^^^^^^^^^^^^^^^^
AssertionError: {6: {'operation': 'acquire', 'fd': 6, 'obs[70 chars]en'}} != {}
+ {}
- {6: {'fd': 6,
-      'observed': 204029.598131002,
-      'operation': 'acquire',
-      'path': '/proc/578/stat',
-      'source': 'Path.open'}} : {'case': {'operation': 'head_dir_fsync', 'when': 'equal'}, 'reason': 'all acquired FDs/streams retired'}

======================================================================
FAIL: test_progress_plan047_deadline_steps (test_vipe_benchmark_supervisor.HelperSessionTests.test_progress_plan047_deadline_steps) (operation='notice_send', when='before')
----------------------------------------------------------------------
Traceback (most recent call last):
  File "/home/auss/git_repos/samaust/Experiments_4DGS/tests/test_vipe_benchmark_supervisor.py", line 3926, in test_progress_plan047_deadline_steps
    self.assertEqual(owned_descriptors,{},dict(case=case,reason='all acquired FDs/streams retired'))
    ~~~~~~~~~~~~~~~~^^^^^^^^^^^^^^^^^^^^^^^^^^^^^^^^^^^^^^^^^^^^^^^^^^^^^^^^^^^^^^^^^^^^^^^^^^^^^^^^
AssertionError: {6: {'operation': 'acquire', 'fd': 6, 'obs[70 chars]en'}} != {}
+ {}
- {6: {'fd': 6,
-      'observed': 207600.404608022,
-      'operation': 'acquire',
-      'path': '/proc/100/stat',
-      'source': 'Path.open'}} : {'case': {'operation': 'notice_send', 'when': 'before'}, 'reason': 'all acquired FDs/streams retired'}

======================================================================
FAIL: test_progress_plan047_deadline_steps (test_vipe_benchmark_supervisor.HelperSessionTests.test_progress_plan047_deadline_steps) (operation='notice_send', when='after')
----------------------------------------------------------------------
Traceback (most recent call last):
  File "/home/auss/git_repos/samaust/Experiments_4DGS/tests/test_vipe_benchmark_supervisor.py", line 3926, in test_progress_plan047_deadline_steps
    self.assertEqual(owned_descriptors,{},dict(case=case,reason='all acquired FDs/streams retired'))
    ~~~~~~~~~~~~~~~~^^^^^^^^^^^^^^^^^^^^^^^^^^^^^^^^^^^^^^^^^^^^^^^^^^^^^^^^^^^^^^^^^^^^^^^^^^^^^^^^
AssertionError: {7: {'operation': 'acquire', 'fd': 7, 'obs[70 chars]en'}} != {}
+ {}
- {7: {'fd': 7,
-      'observed': 207600.379876679,
-      'operation': 'acquire',
-      'path': '/proc/102/stat',
-      'source': 'Path.open'}} : {'case': {'operation': 'notice_send', 'when': 'after'}, 'reason': 'all acquired FDs/streams retired'}

======================================================================
FAIL: test_progress_plan047_deadline_steps (test_vipe_benchmark_supervisor.HelperSessionTests.test_progress_plan047_deadline_steps) (operation='owner_retention', when='before')
----------------------------------------------------------------------
Traceback (most recent call last):
  File "/home/auss/git_repos/samaust/Experiments_4DGS/tests/test_vipe_benchmark_supervisor.py", line 3926, in test_progress_plan047_deadline_steps
    self.assertEqual(owned_descriptors,{},dict(case=case,reason='all acquired FDs/streams retired'))
    ~~~~~~~~~~~~~~~~^^^^^^^^^^^^^^^^^^^^^^^^^^^^^^^^^^^^^^^^^^^^^^^^^^^^^^^^^^^^^^^^^^^^^^^^^^^^^^^^
AssertionError: {6: {'operation': 'acquire', 'fd': 6, 'obs[75 chars]en'}} != {}
+ {}
- {6: {'fd': 6,
-      'observed': 207600.73595579102,
-      'operation': 'acquire',
-      'path': '/proc/513865/stat',
-      'source': 'Path.open'}} : {'case': {'operation': 'owner_retention', 'when': 'before'}, 'reason': 'all acquired FDs/streams retired'}

======================================================================
FAIL: test_progress_plan047_deadline_steps (test_vipe_benchmark_supervisor.HelperSessionTests.test_progress_plan047_deadline_steps) (operation='owner_retention', when='after')
----------------------------------------------------------------------
Traceback (most recent call last):
  File "/home/auss/git_repos/samaust/Experiments_4DGS/tests/test_vipe_benchmark_supervisor.py", line 3926, in test_progress_plan047_deadline_steps
    self.assertEqual(owned_descriptors,{},dict(case=case,reason='all acquired FDs/streams retired'))
    ~~~~~~~~~~~~~~~~^^^^^^^^^^^^^^^^^^^^^^^^^^^^^^^^^^^^^^^^^^^^^^^^^^^^^^^^^^^^^^^^^^^^^^^^^^^^^^^^
AssertionError: {7: {'operation': 'acquire', 'fd': 7, 'obs[70 chars]en'}} != {}
+ {}
- {7: {'fd': 7,
-      'observed': 207600.707640932,
-      'operation': 'acquire',
-      'path': '/proc/702/stat',
-      'source': 'Path.open'}} : {'case': {'operation': 'owner_retention', 'when': 'after'}, 'reason': 'all acquired FDs/streams retired'}

======================================================================
FAIL: test_progress_plan047_deadline_steps (test_vipe_benchmark_supervisor.HelperSessionTests.test_progress_plan047_deadline_steps) (operation='array_npy', when='after')
----------------------------------------------------------------------
Traceback (most recent call last):
  File "/home/auss/git_repos/samaust/Experiments_4DGS/tests/test_vipe_benchmark_supervisor.py", line 3896, in test_progress_plan047_deadline_steps
    with self.assertRaises(OSError):os.fstat(descriptor)
         ~~~~~~~~~~~~~~~~~^^^^^^^^^
AssertionError: OSError not raised

======================================================================
FAIL: test_progress_plan047_deadline_steps (test_vipe_benchmark_supervisor.HelperSessionTests.test_progress_plan047_deadline_steps) (operation='npz_member', when='equal')
----------------------------------------------------------------------
Traceback (most recent call last):
  File "/home/auss/git_repos/samaust/Experiments_4DGS/tests/test_vipe_benchmark_supervisor.py", line 3926, in test_progress_plan047_deadline_steps
    self.assertEqual(owned_descriptors,{},dict(case=case,reason='all acquired FDs/streams retired'))
    ~~~~~~~~~~~~~~~~^^^^^^^^^^^^^^^^^^^^^^^^^^^^^^^^^^^^^^^^^^^^^^^^^^^^^^^^^^^^^^^^^^^^^^^^^^^^^^^^
AssertionError: {10: {'operation': 'acquire', 'fd': 10, 'o[75 chars]en'}} != {}
+ {}
- {10: {'fd': 10,
-       'observed': 204032.551862788,
-       'operation': 'acquire',
-       'path': '/proc/502834/stat',
-       'source': 'Path.open'}} : {'case': {'operation': 'npz_member', 'when': 'equal'}, 'reason': 'all acquired FDs/streams retired'}

======================================================================
FAIL: test_progress_plan047_deadline_steps (test_vipe_benchmark_supervisor.HelperSessionTests.test_progress_plan047_deadline_steps) (operation='npz_finalize', when='before')
----------------------------------------------------------------------
Traceback (most recent call last):
  File "/home/auss/git_repos/samaust/Experiments_4DGS/tests/test_vipe_benchmark_supervisor.py", line 3926, in test_progress_plan047_deadline_steps
    self.assertEqual(owned_descriptors,{},dict(case=case,reason='all acquired FDs/streams retired'))
    ~~~~~~~~~~~~~~~~^^^^^^^^^^^^^^^^^^^^^^^^^^^^^^^^^^^^^^^^^^^^^^^^^^^^^^^^^^^^^^^^^^^^^^^^^^^^^^^^
AssertionError: {10: {'operation': 'acquire', 'fd': 10, 'o[75 chars]en'}} != {}
+ {}
- {10: {'fd': 10,
-       'observed': 207602.653069565,
-       'operation': 'acquire',
-       'path': '/proc/510493/stat',
-       'source': 'Path.open'}} : {'case': {'operation': 'npz_finalize', 'when': 'before'}, 'reason': 'all acquired FDs/streams retired'}

======================================================================
FAIL: test_progress_plan047_deadline_steps (test_vipe_benchmark_supervisor.HelperSessionTests.test_progress_plan047_deadline_steps) (operation='produced_json', when='before')
----------------------------------------------------------------------
Traceback (most recent call last):
  File "/home/auss/git_repos/samaust/Experiments_4DGS/tests/test_vipe_benchmark_supervisor.py", line 3926, in test_progress_plan047_deadline_steps
    self.assertEqual(owned_descriptors,{},dict(case=case,reason='all acquired FDs/streams retired'))
    ~~~~~~~~~~~~~~~~^^^^^^^^^^^^^^^^^^^^^^^^^^^^^^^^^^^^^^^^^^^^^^^^^^^^^^^^^^^^^^^^^^^^^^^^^^^^^^^^
AssertionError: {7: {'operation': 'acquire', 'fd': 7, 'obs[74 chars]en'}} != {}
+ {}
- {7: {'fd': 7,
-      'observed': 207603.27833648302,
-      'operation': 'acquire',
-      'path': '/proc/22247/stat',
-      'source': 'Path.open'}} : {'case': {'operation': 'produced_json', 'when': 'before'}, 'reason': 'all acquired FDs/streams retired'}

======================================================================
FAIL: test_progress_plan047_deadline_steps (test_vipe_benchmark_supervisor.HelperSessionTests.test_progress_plan047_deadline_steps) (operation='produced_json', when='after')
----------------------------------------------------------------------
Traceback (most recent call last):
  File "/home/auss/git_repos/samaust/Experiments_4DGS/tests/test_vipe_benchmark_supervisor.py", line 3926, in test_progress_plan047_deadline_steps
    self.assertEqual(owned_descriptors,{},dict(case=case,reason='all acquired FDs/streams retired'))
    ~~~~~~~~~~~~~~~~^^^^^^^^^^^^^^^^^^^^^^^^^^^^^^^^^^^^^^^^^^^^^^^^^^^^^^^^^^^^^^^^^^^^^^^^^^^^^^^^
AssertionError: {7: {'operation': 'acquire', 'fd': 7, 'obs[71 chars]en'}} != {}
+ {}
- {7: {'fd': 7,
-      'observed': 204033.69620973,
-      'operation': 'acquire',
-      'path': '/proc/22063/stat',
-      'source': 'Path.open'}} : {'case': {'operation': 'produced_json', 'when': 'after'}, 'reason': 'all acquired FDs/streams retired'}

======================================================================
FAIL: test_progress_plan047_deadline_steps (test_vipe_benchmark_supervisor.HelperSessionTests.test_progress_plan047_deadline_steps) (operation='produced_read', when='equal')
----------------------------------------------------------------------
Traceback (most recent call last):
  File "/home/auss/git_repos/samaust/Experiments_4DGS/tests/test_vipe_benchmark_supervisor.py", line 3926, in test_progress_plan047_deadline_steps
    self.assertEqual(owned_descriptors,{},dict(case=case,reason='all acquired FDs/streams retired'))
    ~~~~~~~~~~~~~~~~^^^^^^^^^^^^^^^^^^^^^^^^^^^^^^^^^^^^^^^^^^^^^^^^^^^^^^^^^^^^^^^^^^^^^^^^^^^^^^^^
AssertionError: {10: {'operation': 'acquire', 'fd': 10, 'o[71 chars]en'}} != {}
+ {}
- {10: {'fd': 10,
-       'observed': 207603.918950793,
-       'operation': 'acquire',
-       'path': '/proc/37/stat',
-       'source': 'Path.open'}} : {'case': {'operation': 'produced_read', 'when': 'equal'}, 'reason': 'all acquired FDs/streams retired'}

======================================================================
FAIL: test_progress_plan047_deadline_steps (test_vipe_benchmark_supervisor.HelperSessionTests.test_progress_plan047_deadline_steps) (operation='produced_read', when='after')
----------------------------------------------------------------------
Traceback (most recent call last):
  File "/home/auss/git_repos/samaust/Experiments_4DGS/tests/test_vipe_benchmark_supervisor.py", line 3926, in test_progress_plan047_deadline_steps
    self.assertEqual(owned_descriptors,{},dict(case=case,reason='all acquired FDs/streams retired'))
    ~~~~~~~~~~~~~~~~^^^^^^^^^^^^^^^^^^^^^^^^^^^^^^^^^^^^^^^^^^^^^^^^^^^^^^^^^^^^^^^^^^^^^^^^^^^^^^^^
AssertionError: {6: {'operation': 'acquire', 'fd': 6, 'obs[73 chars]en'}} != {}
+ {}
- {6: {'fd': 6,
-      'observed': 207604.026322745,
-      'operation': 'acquire',
-      'path': '/proc/514988/stat',
-      'source': 'Path.open'}} : {'case': {'operation': 'produced_read', 'when': 'after'}, 'reason': 'all acquired FDs/streams retired'}

======================================================================
FAIL: test_progress_plan047_deadline_steps (test_vipe_benchmark_supervisor.HelperSessionTests.test_progress_plan047_deadline_steps) (operation='produced_guard', when='after')
----------------------------------------------------------------------
Traceback (most recent call last):
  File "/home/auss/git_repos/samaust/Experiments_4DGS/tests/test_vipe_benchmark_supervisor.py", line 3926, in test_progress_plan047_deadline_steps
    self.assertEqual(owned_descriptors,{},dict(case=case,reason='all acquired FDs/streams retired'))
    ~~~~~~~~~~~~~~~~^^^^^^^^^^^^^^^^^^^^^^^^^^^^^^^^^^^^^^^^^^^^^^^^^^^^^^^^^^^^^^^^^^^^^^^^^^^^^^^^
AssertionError: {6: {'operation': 'acquire', 'fd': 6, 'obs[73 chars]en'}} != {}
+ {}
- {6: {'fd': 6,
-      'observed': 204034.546204182,
-      'operation': 'acquire',
-      'path': '/proc/510929/stat',
-      'source': 'Path.open'}} : {'case': {'operation': 'produced_guard', 'when': 'after'}, 'reason': 'all acquired FDs/streams retired'}

======================================================================
FAIL: test_progress_plan047_deadline_steps (test_vipe_benchmark_supervisor.HelperSessionTests.test_progress_plan047_deadline_steps) (operation='qualified_guard', when='before')
----------------------------------------------------------------------
Traceback (most recent call last):
  File "/home/auss/git_repos/samaust/Experiments_4DGS/tests/test_vipe_benchmark_supervisor.py", line 3926, in test_progress_plan047_deadline_steps
    self.assertEqual(owned_descriptors,{},dict(case=case,reason='all acquired FDs/streams retired'))
    ~~~~~~~~~~~~~~~~^^^^^^^^^^^^^^^^^^^^^^^^^^^^^^^^^^^^^^^^^^^^^^^^^^^^^^^^^^^^^^^^^^^^^^^^^^^^^^^^
AssertionError: {12: {'operation': 'acquire', 'fd': 12, 'o[74 chars]en'}} != {}
+ {}
- {12: {'fd': 12,
-       'observed': 207604.554159463,
-       'operation': 'acquire',
-       'path': '/proc/24090/stat',
-       'source': 'Path.open'}} : {'case': {'operation': 'qualified_guard', 'when': 'before'}, 'reason': 'all acquired FDs/streams retired'}

======================================================================
FAIL: test_progress_plan047_deadline_steps (test_vipe_benchmark_supervisor.HelperSessionTests.test_progress_plan047_deadline_steps) (operation='runtime_guard', when='equal')
----------------------------------------------------------------------
Traceback (most recent call last):
  File "/home/auss/git_repos/samaust/Experiments_4DGS/tests/test_vipe_benchmark_supervisor.py", line 3926, in test_progress_plan047_deadline_steps
    self.assertEqual(owned_descriptors,{},dict(case=case,reason='all acquired FDs/streams retired'))
    ~~~~~~~~~~~~~~~~^^^^^^^^^^^^^^^^^^^^^^^^^^^^^^^^^^^^^^^^^^^^^^^^^^^^^^^^^^^^^^^^^^^^^^^^^^^^^^^^
AssertionError: {7: {'operation': 'acquire', 'fd': 7, 'obs[70 chars]en'}} != {}
+ {}
- {7: {'fd': 7,
-      'observed': 204036.551718831,
-      'operation': 'acquire',
-      'path': '/proc/151/stat',
-      'source': 'Path.open'}} : {'case': {'operation': 'runtime_guard', 'when': 'equal'}, 'reason': 'all acquired FDs/streams retired'}

======================================================================
FAIL: test_progress_plan047_deadline_steps (test_vipe_benchmark_supervisor.HelperSessionTests.test_progress_plan047_deadline_steps) (operation='runtime_guard', when='after')
----------------------------------------------------------------------
Traceback (most recent call last):
  File "/home/auss/git_repos/samaust/Experiments_4DGS/tests/test_vipe_benchmark_supervisor.py", line 3926, in test_progress_plan047_deadline_steps
    self.assertEqual(owned_descriptors,{},dict(case=case,reason='all acquired FDs/streams retired'))
    ~~~~~~~~~~~~~~~~^^^^^^^^^^^^^^^^^^^^^^^^^^^^^^^^^^^^^^^^^^^^^^^^^^^^^^^^^^^^^^^^^^^^^^^^^^^^^^^^
AssertionError: {7: {'operation': 'acquire', 'fd': 7, 'obs[72 chars]en'}} != {}
+ {}
- {7: {'fd': 7,
-      'observed': 204036.651637962,
-      'operation': 'acquire',
-      'path': '/proc/29854/stat',
-      'source': 'Path.open'}} : {'case': {'operation': 'runtime_guard', 'when': 'after'}, 'reason': 'all acquired FDs/streams retired'}

======================================================================
FAIL: test_progress_plan047_deadline_steps (test_vipe_benchmark_supervisor.HelperSessionTests.test_progress_plan047_deadline_steps) (operation='cleanup_next_array', when='before')
----------------------------------------------------------------------
Traceback (most recent call last):
  File "/home/auss/git_repos/samaust/Experiments_4DGS/tests/test_vipe_benchmark_supervisor.py", line 3926, in test_progress_plan047_deadline_steps
    self.assertEqual(owned_descriptors,{},dict(case=case,reason='all acquired FDs/streams retired'))
    ~~~~~~~~~~~~~~~~^^^^^^^^^^^^^^^^^^^^^^^^^^^^^^^^^^^^^^^^^^^^^^^^^^^^^^^^^^^^^^^^^^^^^^^^^^^^^^^^
AssertionError: {10: {'operation': 'acquire', 'fd': 10, 'o[71 chars]en'}} != {}
+ {}
- {10: {'fd': 10,
-       'observed': 207607.80577383,
-       'operation': 'acquire',
-       'path': '/proc/408/stat',
-       'source': 'Path.open'}} : {'case': {'operation': 'cleanup_next_array', 'when': 'before'}, 'reason': 'all acquired FDs/streams retired'}

======================================================================
FAIL: test_progress_plan047_deadline_steps (test_vipe_benchmark_supervisor.HelperSessionTests.test_progress_plan047_deadline_steps) (operation='complete_after_read', when='equal')
----------------------------------------------------------------------
Traceback (most recent call last):
  File "/home/auss/git_repos/samaust/Experiments_4DGS/tests/test_vipe_benchmark_supervisor.py", line 3926, in test_progress_plan047_deadline_steps
    self.assertEqual(owned_descriptors,{},dict(case=case,reason='all acquired FDs/streams retired'))
    ~~~~~~~~~~~~~~~~^^^^^^^^^^^^^^^^^^^^^^^^^^^^^^^^^^^^^^^^^^^^^^^^^^^^^^^^^^^^^^^^^^^^^^^^^^^^^^^^
AssertionError: {7: {'operation': 'acquire', 'fd': 7, 'obs[72 chars]en'}} != {}
+ {}
- {7: {'fd': 7,
-      'observed': 204078.628429414,
-      'operation': 'acquire',
-      'path': '/proc/22305/stat',
-      'source': 'Path.open'}} : {'case': {'operation': 'complete_after_read', 'when': 'equal'}, 'reason': 'all acquired FDs/streams retired'}

======================================================================
FAIL: test_progress_plan047_deadline_steps (test_vipe_benchmark_supervisor.HelperSessionTests.test_progress_plan047_deadline_steps) (operation='worker_popen', when='before')
----------------------------------------------------------------------
Traceback (most recent call last):
  File "/home/auss/git_repos/samaust/Experiments_4DGS/tests/test_vipe_benchmark_supervisor.py", line 3853, in test_progress_plan047_deadline_steps
    self.assertEqual(len(started),0 if expected_late else 1);observed=outcome['error']
    ~~~~~~~~~~~~~~~~^^^^^^^^^^^^^^^^^^^^^^^^^^^^^^^^^^^^^^^^
AssertionError: 0 != 1

======================================================================
FAIL: test_progress_plan047_deadline_steps (test_vipe_benchmark_supervisor.HelperSessionTests.test_progress_plan047_deadline_steps) (operation='worker_popen', when='equal')
----------------------------------------------------------------------
Traceback (most recent call last):
  File "/home/auss/git_repos/samaust/Experiments_4DGS/tests/test_vipe_benchmark_supervisor.py", line 3906, in test_progress_plan047_deadline_steps
    self.assertIn(name,before_controls)
    ~~~~~~~~~~~~~^^^^^^^^^^^^^^^^^^^^^^
AssertionError: 'worker_popen' not found in {'checkpoint_write': {'spec': {'target': {'operation': 'write', 'stage': 'write', 'phase': 'checkpoint'}, 'successor': {'operation': 'flush', 'stage': 'flush', 'phase': 'checkpoint'}}, 'target': [{'role': 'target', 'operation': 'write', 'stage': 'write', 'entered': 207594.738315563, 'completed': True, 'exited': 207594.738315563}], 'successor': [{'role': 'successor', 'operation': 'flush', 'stage': 'flush', 'entered': 207594.738315563, 'completed': True, 'exited': 207594.738315563}], 'predecessor': {'operation': 'checkpoint/fdopen', 'entered_before': 204024.836981901, 'returned_at': 207594.738315563}}, 'checkpoint_flush': {'spec': {'target': {'operation': 'flush', 'stage': 'flush', 'phase': 'checkpoint'}, 'successor': {'operation': 'fsync', 'stage': 'file_fsync', 'phase': 'checkpoint'}}, 'target': [{'role': 'target', 'operation': 'flush', 'stage': 'flush', 'entered': 207595.04694595002, 'completed': True, 'exited': 207595.04694595002}], 'successor': [{'role': 'successor', 'operation': 'fsync', 'stage': 'file_fsync', 'entered': 207595.04694595002, 'completed': True, 'exited': 207595.04694595002}], 'predecessor': {'operation': 'write/write', 'entered_before': 204025.14686964, 'returned_at': 207595.04694595002}}, 'checkpoint_fsync': {'spec': {'target': {'operation': 'fsync', 'stage': 'file_fsync', 'phase': 'checkpoint'}, 'successor': {'operation': 'close', 'stage': 'close', 'phase': 'checkpoint'}}, 'target': [{'role': 'target', 'operation': 'fsync', 'stage': 'file_fsync', 'entered': 207595.360642388, 'completed': True, 'exited': 207595.360642388}], 'successor': [{'role': 'successor', 'operation': 'close', 'stage': 'close', 'entered': 207595.360642388, 'completed': True, 'exited': 207595.360642388}], 'predecessor': {'operation': 'flush/flush', 'entered_before': 204025.459715737, 'returned_at': 207595.360642388}}, 'checkpoint_close': {'spec': {'target': {'operation': 'close', 'stage': 'close', 'phase': 'checkpoint'}, 'successor': {'operation': 'read_bytes', 'stage': 'close_readback', 'phase': 'checkpoint'}}, 'target': [{'role': 'target', 'operation': 'close', 'stage': 'close', 'entered': 207595.671717043, 'completed': True, 'exited': 207595.671717043}], 'successor': [{'role': 'successor', 'operation': 'read_bytes', 'stage': 'close_readback', 'entered': 207595.671717043, 'completed': True, 'exited': 207595.671717043}], 'predecessor': {'operation': 'file_fsync/fsync', 'entered_before': 204025.769693113, 'returned_at': 207595.671717043}}, 'checkpoint_readback': {'spec': {'target': {'operation': 'read_bytes', 'stage': 'close_readback', 'phase': 'checkpoint'}, 'successor': {'operation': 'record', 'stage': 'close_readback', 'phase': 'checkpoint'}}, 'target': [{'role': 'target', 'operation': 'read_bytes', 'stage': 'close_readback', 'entered': 207595.984820028, 'completed': True, 'exited': 207595.984820028}], 'successor': [{'role': 'successor', 'operation': 'record', 'stage': 'close_readback', 'entered': 207595.984820028, 'completed': True, 'exited': 207595.984820028}], 'predecessor': {'operation': 'close/close', 'entered_before': 204026.086692923, 'returned_at': 207595.984820028}}, 'head_write': {'spec': {'target': {'operation': 'write', 'stage': 'write', 'phase': 'head'}, 'successor': {'operation': 'flush', 'stage': 'flush', 'phase': 'head'}}, 'target': [{'role': 'target', 'operation': 'write', 'stage': 'write', 'entered': 207596.326606951, 'completed': True, 'exited': 207596.326606951}], 'successor': [{'role': 'successor', 'operation': 'flush', 'stage': 'flush', 'entered': 207596.326606951, 'completed': True, 'exited': 207596.326606951}], 'predecessor': {'operation': 'head/fdopen', 'entered_before': 204026.430170355, 'returned_at': 207596.326606951}}, 'head_flush': {'spec': {'target': {'operation': 'flush', 'stage': 'flush', 'phase': 'head'}, 'successor': {'operation': 'fsync', 'stage': 'file_fsync', 'phase': 'head'}}, 'target': [{'role': 'target', 'operation': 'flush', 'stage': 'flush', 'entered': 207596.656559104, 'completed': True, 'exited': 207596.656559104}], 'successor': [{'role': 'successor', 'operation': 'fsync', 'stage': 'file_fsync', 'entered': 207596.656559104, 'completed': True, 'exited': 207596.656559104}], 'predecessor': {'operation': 'write/write', 'entered_before': 204026.758274652, 'returned_at': 207596.656559104}}, 'head_fsync': {'spec': {'target': {'operation': 'fsync', 'stage': 'file_fsync', 'phase': 'head'}, 'successor': {'operation': 'close', 'stage': 'close', 'phase': 'head'}}, 'target': [{'role': 'target', 'operation': 'fsync', 'stage': 'file_fsync', 'entered': 207596.99994768502, 'completed': True, 'exited': 207596.99994768502}], 'successor': [{'role': 'successor', 'operation': 'close', 'stage': 'close', 'entered': 207596.99994768502, 'completed': True, 'exited': 207596.99994768502}], 'predecessor': {'operation': 'flush/flush', 'entered_before': 204027.097317437, 'returned_at': 207596.99994768502}}, 'head_close': {'spec': {'target': {'operation': 'close', 'stage': 'close', 'phase': 'head'}, 'successor': {'operation': 'read_bytes', 'stage': 'close_readback', 'phase': 'head'}}, 'target': [{'role': 'target', 'operation': 'close', 'stage': 'close', 'entered': 207597.322194445, 'completed': True, 'exited': 207597.322194445}], 'successor': [{'role': 'successor', 'operation': 'read_bytes', 'stage': 'close_readback', 'entered': 207597.322194445, 'completed': True, 'exited': 207597.322194445}], 'predecessor': {'operation': 'file_fsync/fsync', 'entered_before': 204027.421652831, 'returned_at': 207597.322194445}}, 'head_readback': {'spec': {'target': {'operation': 'read_bytes', 'stage': 'close_readback', 'phase': 'head'}, 'successor': {'operation': 'record', 'stage': 'close_readback', 'phase': 'head'}}, 'target': [{'role': 'target', 'operation': 'read_bytes', 'stage': 'close_readback', 'entered': 207597.647158328, 'completed': True, 'exited': 207597.647158328}], 'successor': [{'role': 'successor', 'operation': 'record', 'stage': 'close_readback', 'entered': 207597.647158328, 'completed': True, 'exited': 207597.647158328}], 'predecessor': {'operation': 'close/close', 'entered_before': 204027.744388519, 'returned_at': 207597.647158328}}, 'generation_install': {'spec': {'target': {'module': 'os', 'operation': 'link'}, 'successor': {'module': 'os', 'operation': 'unlink'}}, 'target': [{'role': 'target', 'operation': 'link', 'entered': 207597.99007583302, 'stage': 'generation_install', 'completed': True, 'exited': 207597.99007583302}], 'successor': [{'role': 'successor', 'operation': 'unlink', 'entered': 207597.99007583302, 'stage': 'generation_install', 'completed': True, 'exited': 207597.99007583302}], 'predecessor': {'operation': '/tmp/tmpqx8q797o/30/jobs/S1-progress-1555fd475ea440ba88cec2413a929d4c/worker/checkpoint.tmp/durable_write_return', 'entered_before': 204028.092771319, 'returned_at': 207597.99007583302}}, 'generation_dir_fsync': {'spec': {'target': {'module': 'vipe_benchmark.s1_progress', 'operation': 'fsync_dir'}, 'successor': {'module': 'vipe_benchmark.s1_progress', 'operation': 'record'}}, 'target': [{'role': 'target', 'operation': 'fsync_dir', 'entered': 207598.315247944, 'stage': 'generation_directory_fsync', 'completed': True, 'exited': 207598.315247944}], 'successor': [{'role': 'successor', 'operation': 'record', 'entered': 207598.315247944, 'stage': 'generation_directory_fsync', 'completed': True, 'exited': 207598.315247944}], 'predecessor': {'operation': 'generation_install/unlink', 'entered_before': 204028.417659157, 'returned_at': 207598.315247944}}, 'generation_reopen_hash': {'spec': {'target': {'module': 'vipe_benchmark.s1_progress', 'operation': 'read_record'}, 'successor': {'module': 'vipe_benchmark.s1_progress', 'operation': 'encode'}}, 'target': [{'role': 'target', 'operation': 'read_record', 'entered': 207598.64551001, 'stage': 'generation_reopen_hash', 'completed': True, 'exited': 207598.64551001}], 'successor': [{'role': 'successor', 'operation': 'encode', 'entered': 207598.64551001, 'stage': 'generation_reopen_hash', 'completed': True, 'exited': 207598.64551001}], 'predecessor': {'operation': 'generation_directory_fsync/record', 'entered_before': 204028.7505383, 'returned_at': 207598.64551001}}, 'head_install': {'spec': {'target': {'module': 'os', 'operation': 'replace'}, 'successor': {'module': 'vipe_benchmark.s1_progress', 'operation': 'fsync_dir'}}, 'target': [{'role': 'target', 'operation': 'replace', 'entered': 207598.98264530802, 'stage': 'head_install', 'completed': True, 'exited': 207598.98264530802}], 'successor': [{'role': 'successor', 'operation': 'fsync_dir', 'entered': 207598.98264530802, 'stage': 'head_directory_fsync', 'completed': True, 'exited': 207598.98264530802}], 'predecessor': {'operation': '/tmp/tmpqx8q797o/39/jobs/S1-progress-5fad63b8585c4a23a3aad6be07b84ca3/worker/head.tmp/durable_write_return', 'entered_before': 204029.086959504, 'returned_at': 207598.98264530802}}, 'head_dir_fsync': {'spec': {'target': {'module': 'vipe_benchmark.s1_progress', 'operation': 'fsync_dir'}, 'successor': {'module': 'vipe_benchmark.s1_progress', 'operation': 'record'}}, 'target': [{'role': 'target', 'operation': 'fsync_dir', 'entered': 207599.33401560702, 'stage': 'head_directory_fsync', 'completed': True, 'exited': 207599.33401560702}], 'successor': [{'role': 'successor', 'operation': 'record', 'entered': 207599.33401560702, 'stage': 'head_directory_fsync', 'completed': True, 'exited': 207599.33401560702}], 'predecessor': {'operation': 'head_install/replace', 'entered_before': 204029.463836082, 'returned_at': 207599.33401560702}}, 'final_head_read': {'spec': {'target': {'module': 'vipe_benchmark.s1_progress', 'operation': 'read_record'}, 'successor': {'module': 'vipe_benchmark.s1_progress', 'operation': 'read_record'}}, 'target': [{'role': 'target', 'operation': 'read_record', 'entered': 207599.712819331, 'stage': 'final_head_read', 'completed': True, 'exited': 207599.712819331}], 'successor': [{'role': 'successor', 'operation': 'read_record', 'entered': 207599.712819331, 'stage': 'final_generation_read', 'completed': True, 'exited': 207599.712819331}], 'predecessor': {'operation': 'head_directory_fsync/record', 'entered_before': 204029.811844409, 'returned_at': 207599.712819331}}, 'final_generation_read': {'spec': {'target': {'module': 'vipe_benchmark.s1_progress', 'operation': 'read_record'}, 'successor': {'module': 'vipe_benchmark.s1_progress', 'operation': 'encode'}}, 'target': [{'role': 'target', 'operation': 'read_record', 'entered': 207600.06704864802, 'stage': 'final_generation_read', 'completed': True, 'exited': 207600.06704864802}], 'successor': [{'role': 'successor', 'operation': 'encode', 'entered': 207600.06704864802, 'stage': 'final_generation_read', 'completed': True, 'exited': 207600.06704864802}], 'predecessor': {'operation': 'final_head_read/read_record', 'entered_before': 204030.166513934, 'returned_at': 207600.06704864802}}, 'notice_send': {'spec': {'target': {'operation': 'publisher.sendto'}, 'successor': {'module': 'vipe_benchmark.s1_progress', 'operation': 'receive'}}, 'target': [{'role': 'target', 'operation': 'sendto', 'entered': 207600.404608022, 'stage': 'notice_send', 'completed': True, 'exited': 207600.404608022}], 'successor': [{'role': 'successor', 'operation': 'receive', 'entered': 207600.404608022, 'stage': 'notice_receive', 'completed': True, 'exited': 207600.404608022}, {'role': 'successor', 'operation': 'receive', 'entered': 207600.404608022, 'stage': 'ack_receipt', 'completed': True, 'exited': 207600.404608022}], 'predecessor': {'operation': 's1-progress-notice/v1/encode', 'entered_before': 207600.155608022, 'returned_at': 207600.404608022}}, 'owner_retention': {'spec': {'target': {'module': 'RetainedProgress', 'operation': 'acknowledge'}, 'successor': {'module': 'RetainedProgress', 'operation': 'retain'}}, 'target': [{'role': 'target', 'operation': 'acknowledge', 'entered': 207600.73595579102, 'stage': 'retention:after', 'completed': True, 'exited': 207600.73595579102}], 'successor': [{'role': 'successor', 'operation': 'retain', 'entered': 207600.73595579102, 'stage': 'retention:after', 'completed': True, 'exited': 207600.73595579102}], 'predecessor': {'operation': 's1-progress-ack/v1/encode', 'entered_before': 207600.486955791, 'returned_at': 207600.73595579102}}, 'ack_send': {'spec': {'target': {'operation': 'owner.sendto'}, 'successor': {'module': 'vipe_benchmark.s1_progress', 'operation': 'receive'}}, 'target': [{'role': 'target', 'operation': 'sendto', 'entered': 207601.07012687702, 'stage': 'ack_send', 'completed': True, 'exited': 207601.07012687702}], 'successor': [{'role': 'successor', 'operation': 'receive', 'entered': 207601.07012687702, 'stage': 'ack_receipt', 'completed': True, 'exited': 207601.07012687702}], 'predecessor': {'operation': 'RetainedProgress.retain', 'entered_before': 207600.821126877, 'returned_at': 207601.07012687702}}, 'ack_receipt': {'spec': {'target': {'operation': 'ack_correlation', 'stage': 'ack_receipt:after'}, 'successor': {'operation': 'Publisher._publish diagnostics encode', 'stage': 'ack_receipt:after', 'after_target': True}, 'unrelated': {'operation': 'encode', 'classification': 'separately_recorded_not_successor'}}, 'target': [{'role': 'target', 'operation': 'ack_correlation', 'entered': 207601.41127498, 'stage': 'ack_receipt:after', 'completed': True, 'exited': 207601.41127498}], 'successor': [{'role': 'successor', 'operation': 'encode', 'stage': 'ack_receipt:after', 'publisher_diagnostics': True, 'after_target': True, 'entered': 207601.41127498, 'completed': True, 'exited': 207601.41127498}], 'predecessor': {'operation': 'matching_ack_receive', 'entered_before': 207601.16227498, 'returned_at': 207601.41127498}}, 'array_npy': {'spec': {'target': {'module': 'numpy', 'operation': 'save'}, 'successor': {'module': 'DeadlineSink', 'operation': 'write'}}, 'target': [{'role': 'target', 'operation': 'save', 'entered': 207601.741488875, 'stage': '', 'completed': True, 'exited': 207601.741488875}], 'successor': [{'role': 'successor', 'operation': 'write', 'entered': 207601.741488875, 'stage': '', 'completed': True, 'exited': 207601.741488875}, {'role': 'successor', 'operation': 'write', 'entered': 207601.741488875, 'stage': '', 'completed': True, 'exited': 207601.741488875}], 'predecessor': {'operation': 'array_unbuffered_open_return', 'entered_before': 204031.84651723, 'returned_at': 207601.741488875}}, 'array_png': {'spec': {'target': {'module': 'cv2', 'operation': 'imencode'}, 'successor': {'module': 'vipe_benchmark.s1_progress', 'operation': 'write_exclusive'}}, 'target': [{'role': 'target', 'operation': 'imencode', 'entered': 207602.054317166, 'stage': '', 'completed': True, 'exited': 207602.054317166}], 'successor': [{'role': 'successor', 'operation': 'write_exclusive', 'entered': 207602.054317166, 'stage': '', 'completed': True, 'exited': 207602.054317166}], 'predecessor': {'operation': 'png_destination_stat_return', 'entered_before': 204032.152124978, 'returned_at': 207602.054317166}}, 'npz_member': {'spec': {'target': {'module': 'ZipFile', 'operation': 'open'}, 'successor': {'module': 'numpy.lib.format', 'operation': 'write_array'}}, 'target': [{'role': 'target', 'operation': 'open', 'entered': 207602.354053218, 'stage': '', 'completed': True, 'exited': 207602.354053218}], 'successor': [{'role': 'successor', 'operation': 'write_array', 'entered': 207602.354053218, 'stage': '', 'completed': True, 'exited': 207602.354053218}], 'predecessor': {'operation': 'second_npz_array_conversion_return_before_member_open', 'entered_before': 204032.451429623, 'returned_at': 207602.354053218}}, 'npz_finalize': {'spec': {'target': {'module': 'ZipFile', 'operation': 'close'}, 'successor': {'module': 'DeadlineSink', 'operation': 'write'}}, 'target': [{'role': 'target', 'operation': 'close', 'entered': 207602.653069565, 'stage': '', 'completed': True, 'exited': 207602.653069565}], 'successor': [{'role': 'successor', 'operation': 'write', 'entered': 207602.653069565, 'stage': '', 'completed': True, 'exited': 207602.653069565}, {'role': 'successor', 'operation': 'write', 'entered': 207602.653069565, 'stage': '', 'completed': True, 'exited': 207602.653069565}, {'role': 'successor', 'operation': 'write', 'entered': 207602.653069565, 'stage': '', 'completed': True, 'exited': 207602.653069565}, {'role': 'successor', 'operation': 'write', 'entered': 207602.653069565, 'stage': '', 'completed': True, 'exited': 207602.653069565}, {'role': 'successor', 'operation': 'write', 'entered': 207602.653069565, 'stage': '', 'completed': True, 'exited': 207602.653069565}, {'role': 'successor', 'operation': 'write', 'entered': 207602.653069565, 'stage': '', 'completed': True, 'exited': 207602.653069565}, {'role': 'successor', 'operation': 'write', 'entered': 207602.653069565, 'stage': '', 'completed': True, 'exited': 207602.653069565}, {'role': 'successor', 'operation': 'write', 'entered': 207602.653069565, 'stage': '', 'completed': True, 'exited': 207602.653069565}, {'role': 'successor', 'operation': 'write', 'entered': 207602.653069565, 'stage': '', 'completed': True, 'exited': 207602.653069565}, {'role': 'successor', 'operation': 'write', 'entered': 207602.653069565, 'stage': '', 'completed': True, 'exited': 207602.653069565}], 'predecessor': {'operation': 'npz_member_2_close_return', 'entered_before': 204032.751258252, 'returned_at': 207602.653069565}}, 'array_hash': {'spec': {'target': {'module': 'vipe_benchmark.s1_progress', 'operation': 'checked_file_record'}, 'successor': {'module': 'vipe_benchmark.s1_progress', 'operation': 'read_bytes'}}, 'target': [{'role': 'target', 'operation': 'checked_file_record', 'entered': 207602.95469317102, 'stage': '', 'completed': True, 'exited': 207602.95469317102}], 'successor': [{'role': 'successor', 'operation': 'read_bytes', 'entered': 207602.95469317102, 'stage': '', 'completed': True, 'exited': 207602.95469317102}], 'predecessor': {'operation': 'array_normal_close_return_before_hash', 'entered_before': 204033.051548464, 'returned_at': 207602.95469317102}}, 'produced_json': {'spec': {'target': {'module': 'vipe_benchmark.s1_progress', 'operation': 'encode'}, 'successor': {'module': 'vipe_benchmark.s1_progress', 'operation': 'write_exclusive'}}, 'target': [{'role': 'target', 'operation': 'encode', 'entered': 207603.27833648302, 'stage': '', 'completed': True, 'exited': 207603.27833648302}, {'role': 'target', 'operation': 'encode', 'entered': 207603.27833648302, 'stage': '', 'completed': True, 'exited': 207603.27833648302}, {'role': 'target', 'operation': 'encode', 'entered': 207603.27833648302, 'stage': '', 'completed': True, 'exited': 207603.27833648302}, {'role': 'target', 'operation': 'encode', 'entered': 207603.27833648302, 'stage': '', 'completed': True, 'exited': 207603.27833648302}], 'successor': [{'role': 'successor', 'operation': 'write_exclusive', 'entered': 207603.27833648302, 'stage': '', 'completed': True, 'exited': 207603.27833648302}], 'predecessor': {'operation': 'input_manifest_read_and_parse_return', 'entered_before': 204033.375064385, 'returned_at': 207603.27833648302}}, 'produced_read': {'spec': {'target': {'module': 'vipe_benchmark.s1_progress', 'operation': 'read_record'}, 'successor': {'module': 'vipe_benchmark.s1_evidence', 'operation': 'produced_row'}}, 'target': [{'role': 'target', 'operation': 'read_record', 'entered': 207603.702582225, 'stage': '', 'completed': True, 'exited': 207603.702582225}], 'successor': [{'role': 'successor', 'operation': 'produced_row', 'entered': 207603.702582225, 'stage': '', 'completed': True, 'exited': 207603.702582225}], 'predecessor': {'operation': 'produced_row_durable_write_return', 'entered_before': 204033.799963613, 'returned_at': 207603.702582225}}, 'produced_guard': {'spec': {'target': {'module': 'vipe_benchmark.s1_evidence', 'operation': 'produced_row'}, 'successor': {'module': 'Publisher', 'operation': 'seal'}}, 'target': [{'role': 'target', 'operation': 'produced_row', 'entered': 207604.129556609, 'stage': '', 'completed': True, 'exited': 207604.129556609}], 'successor': [{'role': 'successor', 'operation': 'seal', 'entered': 207604.129556609, 'stage': '', 'completed': True, 'exited': 207604.129556609}, {'role': 'successor', 'operation': 'seal', 'entered': 207604.129556609, 'stage': '', 'completed': True, 'exited': 207604.129556609}], 'predecessor': {'operation': 'produced_row_read_hash_parse_return', 'entered_before': 204034.225563606, 'returned_at': 207604.129556609}}, 'qualified_guard': {'spec': {'target': {'module': 'vipe_benchmark.s1_evidence', 'operation': 'qualify_row'}, 'successor': {'module': 'vipe_benchmark.s1_progress', 'operation': 'write_exclusive'}}, 'target': [{'role': 'target', 'operation': 'qualify_row', 'entered': 207604.554159463, 'stage': '', 'completed': True, 'exited': 207604.554159463}], 'successor': [{'role': 'successor', 'operation': 'write_exclusive', 'entered': 207604.554159463, 'stage': '', 'completed': True, 'exited': 207604.554159463}], 'predecessor': {'operation': 'produced_guard_seal_ack_return', 'entered_before': 204034.650312626, 'returned_at': 207604.554159463}}, 'first_guard': {'spec': {'target': {'module': 'vipe_benchmark.s1_evidence', 'operation': 'verify_first'}, 'successor': {'module': 'vipe_benchmark.s1_evidence', 'operation': 'qualify_runtime'}}, 'target': [{'role': 'target', 'operation': 'verify_first', 'entered': 207605.039476358, 'stage': '', 'completed': True, 'exited': 207605.039476358}], 'successor': [{'role': 'successor', 'operation': 'qualify_runtime', 'entered': 207605.039476358, 'stage': '', 'completed': True, 'exited': 207605.039476358}], 'predecessor': {'operation': 'first_metadata_read_parse_return', 'entered_before': 204035.136193475, 'returned_at': 207605.039476358}}, 'runtime_guard': {'spec': {'target': {'module': 'vipe_benchmark.s1_evidence', 'operation': 'qualify_runtime'}, 'successor': {'module': 'vipe_benchmark.s1_recovery', 'operation': 'strict_record'}}, 'target': [{'role': 'target', 'operation': 'qualify_runtime', 'entered': 207606.14159641202, 'stage': '', 'completed': True, 'exited': 207606.14159641202}], 'successor': [{'role': 'successor', 'operation': 'strict_record', 'entered': 207606.14159641202, 'stage': '', 'completed': True, 'exited': 207606.14159641202}, {'role': 'successor', 'operation': 'strict_record', 'entered': 207606.14159641202, 'stage': '', 'completed': True, 'exited': 207606.14159641202}, {'role': 'successor', 'operation': 'strict_record', 'entered': 207606.14159641202, 'stage': '', 'completed': True, 'exited': 207606.14159641202}, {'role': 'successor', 'operation': 'strict_record', 'entered': 207606.14159641202, 'stage': '', 'completed': True, 'exited': 207606.14159641202}, {'role': 'successor', 'operation': 'strict_record', 'entered': 207606.14159641202, 'stage': '', 'completed': True, 'exited': 207606.14159641202}, {'role': 'successor', 'operation': 'strict_record', 'entered': 207606.14159641202, 'stage': '', 'completed': True, 'exited': 207606.14159641202}, {'role': 'successor', 'operation': 'strict_record', 'entered': 207606.14159641202, 'stage': '', 'completed': True, 'exited': 207606.14159641202}, {'role': 'successor', 'operation': 'strict_record', 'entered': 207606.14159641202, 'stage': '', 'completed': True, 'exited': 207606.14159641202}, {'role': 'successor', 'operation': 'strict_record', 'entered': 207606.14159641202, 'stage': '', 'completed': True, 'exited': 207606.14159641202}, {'role': 'successor', 'operation': 'strict_record', 'entered': 207606.14159641202, 'stage': '', 'completed': True, 'exited': 207606.14159641202}, {'role': 'successor', 'operation': 'strict_record', 'entered': 207606.14159641202, 'stage': '', 'completed': True, 'exited': 207606.14159641202}, {'role': 'successor', 'operation': 'strict_record', 'entered': 207606.14159641202, 'stage': '', 'completed': True, 'exited': 207606.14159641202}, {'role': 'successor', 'operation': 'strict_record', 'entered': 207606.14159641202, 'stage': '', 'completed': True, 'exited': 207606.14159641202}, {'role': 'successor', 'operation': 'strict_record', 'entered': 207606.14159641202, 'stage': '', 'completed': True, 'exited': 207606.14159641202}, {'role': 'successor', 'operation': 'strict_record', 'entered': 207606.14159641202, 'stage': '', 'completed': True, 'exited': 207606.14159641202}, {'role': 'successor', 'operation': 'strict_record', 'entered': 207606.14159641202, 'stage': '', 'completed': True, 'exited': 207606.14159641202}, {'role': 'successor', 'operation': 'strict_record', 'entered': 207606.14159641202, 'stage': '', 'completed': True, 'exited': 207606.14159641202}, {'role': 'successor', 'operation': 'strict_record', 'entered': 207606.14159641202, 'stage': '', 'completed': True, 'exited': 207606.14159641202}, {'role': 'successor', 'operation': 'strict_record', 'entered': 207606.14159641202, 'stage': '', 'completed': True, 'exited': 207606.14159641202}, {'role': 'successor', 'operation': 'strict_record', 'entered': 207606.14159641202, 'stage': '', 'completed': True, 'exited': 207606.14159641202}, {'role': 'successor', 'operation': 'strict_record', 'entered': 207606.14159641202, 'stage': '', 'completed': True, 'exited': 207606.14159641202}, {'role': 'successor', 'operation': 'strict_record', 'entered': 207606.14159641202, 'stage': '', 'completed': True, 'exited': 207606.14159641202}, {'role': 'successor', 'operation': 'strict_record', 'entered': 207606.14159641202, 'stage': '', 'completed': True, 'exited': 207606.14159641202}, {'role': 'successor', 'operation': 'strict_record', 'entered': 207606.14159641202, 'stage': '', 'completed': True, 'exited': 207606.14159641202}, {'role': 'successor', 'operation': 'strict_record', 'entered': 207606.14159641202, 'stage': '', 'completed': True, 'exited': 207606.14159641202}], 'predecessor': {'operation': 'runtime_metadata_read_parse_return', 'entered_before': 204036.240223251, 'returned_at': 207606.14159641202}}, 'reuse_after_read': {'spec': {'target': {'module': 'vipe_benchmark.s1_evidence', 'operation': 'verify_first'}, 'successor': {'module': 'vipe_benchmark.s1_evidence', 'operation': 'qualify_runtime'}}, 'target': [{'role': 'target', 'operation': 'verify_first', 'entered': 207606.654023195, 'stage': '', 'completed': True, 'exited': 207606.654023195}, {'role': 'target', 'operation': 'verify_first', 'entered': 207606.654023195, 'stage': '', 'completed': True, 'exited': 207606.654023195}], 'successor': [{'role': 'successor', 'operation': 'qualify_runtime', 'entered': 207606.654023195, 'stage': '', 'completed': True, 'exited': 207606.654023195}, {'role': 'successor', 'operation': 'qualify_runtime', 'entered': 207606.654023195, 'stage': '', 'completed': True, 'exited': 207606.654023195}], 'predecessor': {'operation': 'first_metadata_read_parse_return', 'entered_before': 204036.750511012, 'returned_at': 207606.654023195}}, 'cleanup_next_array': {'spec': {'target': {'module': 'numpy', 'operation': 'asanyarray'}, 'successor': {'module': 'ZipFile', 'operation': 'open'}}, 'target': [{'role': 'target', 'operation': 'asanyarray', 'entered': 207607.80577383, 'stage': '', 'completed': True, 'exited': 207607.80577383}], 'successor': [{'role': 'successor', 'operation': 'open', 'entered': 207607.80577383, 'stage': '', 'completed': True, 'exited': 207607.80577383}], 'predecessor': {'operation': 'npz_member_1_close_return', 'entered_before': 204037.904813078, 'returned_at': 207607.80577383}}, 'accept_after_read': {'spec': {'target': {'module': 'vipe_benchmark.s1_evidence', 'operation': 'validate_result'}, 'successor': {'module': 'vipe_benchmark.s1_evidence', 'operation': 'verify_first'}}, 'target': [{'role': 'target', 'operation': 'validate_result', 'entered': 207608.72551352502, 'stage': '', 'completed': True, 'exited': 207608.72551352502}], 'successor': [{'role': 'successor', 'operation': 'verify_first', 'entered': 207608.72551352502, 'stage': '', 'completed': True, 'exited': 207608.72551352502}], 'predecessor': {'operation': 'accepted_request_read_parse_return', 'entered_before': 204038.26639554, 'returned_at': 207608.72551352502}}, 'complete_after_read': {'spec': {'target': {'module': 'vipe_benchmark.s1_evidence', 'operation': 'evidence_counts'}, 'successor': {'module': 'vipe_benchmark.s1_evidence', 'operation': 'qualify_runtime'}}, 'target': [{'role': 'target', 'operation': 'evidence_counts', 'entered': 207608.72551352502, 'stage': '', 'completed': True, 'exited': 207608.72551352502}], 'successor': [{'role': 'successor', 'operation': 'qualify_runtime', 'entered': 207608.72551352502, 'stage': '', 'completed': True, 'exited': 207608.72551352502}, {'role': 'successor', 'operation': 'qualify_runtime', 'entered': 207608.72551352502, 'stage': '', 'completed': True, 'exited': 207608.72551352502}], 'predecessor': {'operation': 'acceptance_metadata_read_parse_return', 'entered_before': 204062.336214104, 'returned_at': 207608.72551352502}}, 'next_input': {'spec': {'target': {'operation': 'load_rgb(frame62)'}, 'successor': {'operation': 'frame62 valid/native/raw'}}, 'target': [{'operation': 'load_rgb(frame62)', 'entered': 204179.94677948102, 'completed': True, 'exited': 204179.94677948102}], 'successor': [{'operation': 'frame62_valid_array', 'entered': 204179.94677948102, 'record': {'path': '/tmp/tmp6_980i1y/valid.npy', 'sha256': 'a67cf6012a57f3530aeb9524b85e40171bfb0fcdaa6dbc66e95356a30dcfc6a3', 'bytes': 518528}, 'context': 'second_input_validation'}], 'predecessor': {'operation': 'segment_frame50_print_return_before_frame62', 'entered_before': 204113.447779481, 'returned_at': 204179.94677948102}}}

======================================================================
FAIL: test_progress_plan047_deadline_steps (test_vipe_benchmark_supervisor.HelperSessionTests.test_progress_plan047_deadline_steps) (operation='worker_popen', when='after')
----------------------------------------------------------------------
Traceback (most recent call last):
  File "/home/auss/git_repos/samaust/Experiments_4DGS/tests/test_vipe_benchmark_supervisor.py", line 3906, in test_progress_plan047_deadline_steps
    self.assertIn(name,before_controls)
    ~~~~~~~~~~~~~^^^^^^^^^^^^^^^^^^^^^^
AssertionError: 'worker_popen' not found in {'checkpoint_write': {'spec': {'target': {'operation': 'write', 'stage': 'write', 'phase': 'checkpoint'}, 'successor': {'operation': 'flush', 'stage': 'flush', 'phase': 'checkpoint'}}, 'target': [{'role': 'target', 'operation': 'write', 'stage': 'write', 'entered': 207594.738315563, 'completed': True, 'exited': 207594.738315563}], 'successor': [{'role': 'successor', 'operation': 'flush', 'stage': 'flush', 'entered': 207594.738315563, 'completed': True, 'exited': 207594.738315563}], 'predecessor': {'operation': 'checkpoint/fdopen', 'entered_before': 204024.836981901, 'returned_at': 207594.738315563}}, 'checkpoint_flush': {'spec': {'target': {'operation': 'flush', 'stage': 'flush', 'phase': 'checkpoint'}, 'successor': {'operation': 'fsync', 'stage': 'file_fsync', 'phase': 'checkpoint'}}, 'target': [{'role': 'target', 'operation': 'flush', 'stage': 'flush', 'entered': 207595.04694595002, 'completed': True, 'exited': 207595.04694595002}], 'successor': [{'role': 'successor', 'operation': 'fsync', 'stage': 'file_fsync', 'entered': 207595.04694595002, 'completed': True, 'exited': 207595.04694595002}], 'predecessor': {'operation': 'write/write', 'entered_before': 204025.14686964, 'returned_at': 207595.04694595002}}, 'checkpoint_fsync': {'spec': {'target': {'operation': 'fsync', 'stage': 'file_fsync', 'phase': 'checkpoint'}, 'successor': {'operation': 'close', 'stage': 'close', 'phase': 'checkpoint'}}, 'target': [{'role': 'target', 'operation': 'fsync', 'stage': 'file_fsync', 'entered': 207595.360642388, 'completed': True, 'exited': 207595.360642388}], 'successor': [{'role': 'successor', 'operation': 'close', 'stage': 'close', 'entered': 207595.360642388, 'completed': True, 'exited': 207595.360642388}], 'predecessor': {'operation': 'flush/flush', 'entered_before': 204025.459715737, 'returned_at': 207595.360642388}}, 'checkpoint_close': {'spec': {'target': {'operation': 'close', 'stage': 'close', 'phase': 'checkpoint'}, 'successor': {'operation': 'read_bytes', 'stage': 'close_readback', 'phase': 'checkpoint'}}, 'target': [{'role': 'target', 'operation': 'close', 'stage': 'close', 'entered': 207595.671717043, 'completed': True, 'exited': 207595.671717043}], 'successor': [{'role': 'successor', 'operation': 'read_bytes', 'stage': 'close_readback', 'entered': 207595.671717043, 'completed': True, 'exited': 207595.671717043}], 'predecessor': {'operation': 'file_fsync/fsync', 'entered_before': 204025.769693113, 'returned_at': 207595.671717043}}, 'checkpoint_readback': {'spec': {'target': {'operation': 'read_bytes', 'stage': 'close_readback', 'phase': 'checkpoint'}, 'successor': {'operation': 'record', 'stage': 'close_readback', 'phase': 'checkpoint'}}, 'target': [{'role': 'target', 'operation': 'read_bytes', 'stage': 'close_readback', 'entered': 207595.984820028, 'completed': True, 'exited': 207595.984820028}], 'successor': [{'role': 'successor', 'operation': 'record', 'stage': 'close_readback', 'entered': 207595.984820028, 'completed': True, 'exited': 207595.984820028}], 'predecessor': {'operation': 'close/close', 'entered_before': 204026.086692923, 'returned_at': 207595.984820028}}, 'head_write': {'spec': {'target': {'operation': 'write', 'stage': 'write', 'phase': 'head'}, 'successor': {'operation': 'flush', 'stage': 'flush', 'phase': 'head'}}, 'target': [{'role': 'target', 'operation': 'write', 'stage': 'write', 'entered': 207596.326606951, 'completed': True, 'exited': 207596.326606951}], 'successor': [{'role': 'successor', 'operation': 'flush', 'stage': 'flush', 'entered': 207596.326606951, 'completed': True, 'exited': 207596.326606951}], 'predecessor': {'operation': 'head/fdopen', 'entered_before': 204026.430170355, 'returned_at': 207596.326606951}}, 'head_flush': {'spec': {'target': {'operation': 'flush', 'stage': 'flush', 'phase': 'head'}, 'successor': {'operation': 'fsync', 'stage': 'file_fsync', 'phase': 'head'}}, 'target': [{'role': 'target', 'operation': 'flush', 'stage': 'flush', 'entered': 207596.656559104, 'completed': True, 'exited': 207596.656559104}], 'successor': [{'role': 'successor', 'operation': 'fsync', 'stage': 'file_fsync', 'entered': 207596.656559104, 'completed': True, 'exited': 207596.656559104}], 'predecessor': {'operation': 'write/write', 'entered_before': 204026.758274652, 'returned_at': 207596.656559104}}, 'head_fsync': {'spec': {'target': {'operation': 'fsync', 'stage': 'file_fsync', 'phase': 'head'}, 'successor': {'operation': 'close', 'stage': 'close', 'phase': 'head'}}, 'target': [{'role': 'target', 'operation': 'fsync', 'stage': 'file_fsync', 'entered': 207596.99994768502, 'completed': True, 'exited': 207596.99994768502}], 'successor': [{'role': 'successor', 'operation': 'close', 'stage': 'close', 'entered': 207596.99994768502, 'completed': True, 'exited': 207596.99994768502}], 'predecessor': {'operation': 'flush/flush', 'entered_before': 204027.097317437, 'returned_at': 207596.99994768502}}, 'head_close': {'spec': {'target': {'operation': 'close', 'stage': 'close', 'phase': 'head'}, 'successor': {'operation': 'read_bytes', 'stage': 'close_readback', 'phase': 'head'}}, 'target': [{'role': 'target', 'operation': 'close', 'stage': 'close', 'entered': 207597.322194445, 'completed': True, 'exited': 207597.322194445}], 'successor': [{'role': 'successor', 'operation': 'read_bytes', 'stage': 'close_readback', 'entered': 207597.322194445, 'completed': True, 'exited': 207597.322194445}], 'predecessor': {'operation': 'file_fsync/fsync', 'entered_before': 204027.421652831, 'returned_at': 207597.322194445}}, 'head_readback': {'spec': {'target': {'operation': 'read_bytes', 'stage': 'close_readback', 'phase': 'head'}, 'successor': {'operation': 'record', 'stage': 'close_readback', 'phase': 'head'}}, 'target': [{'role': 'target', 'operation': 'read_bytes', 'stage': 'close_readback', 'entered': 207597.647158328, 'completed': True, 'exited': 207597.647158328}], 'successor': [{'role': 'successor', 'operation': 'record', 'stage': 'close_readback', 'entered': 207597.647158328, 'completed': True, 'exited': 207597.647158328}], 'predecessor': {'operation': 'close/close', 'entered_before': 204027.744388519, 'returned_at': 207597.647158328}}, 'generation_install': {'spec': {'target': {'module': 'os', 'operation': 'link'}, 'successor': {'module': 'os', 'operation': 'unlink'}}, 'target': [{'role': 'target', 'operation': 'link', 'entered': 207597.99007583302, 'stage': 'generation_install', 'completed': True, 'exited': 207597.99007583302}], 'successor': [{'role': 'successor', 'operation': 'unlink', 'entered': 207597.99007583302, 'stage': 'generation_install', 'completed': True, 'exited': 207597.99007583302}], 'predecessor': {'operation': '/tmp/tmpqx8q797o/30/jobs/S1-progress-1555fd475ea440ba88cec2413a929d4c/worker/checkpoint.tmp/durable_write_return', 'entered_before': 204028.092771319, 'returned_at': 207597.99007583302}}, 'generation_dir_fsync': {'spec': {'target': {'module': 'vipe_benchmark.s1_progress', 'operation': 'fsync_dir'}, 'successor': {'module': 'vipe_benchmark.s1_progress', 'operation': 'record'}}, 'target': [{'role': 'target', 'operation': 'fsync_dir', 'entered': 207598.315247944, 'stage': 'generation_directory_fsync', 'completed': True, 'exited': 207598.315247944}], 'successor': [{'role': 'successor', 'operation': 'record', 'entered': 207598.315247944, 'stage': 'generation_directory_fsync', 'completed': True, 'exited': 207598.315247944}], 'predecessor': {'operation': 'generation_install/unlink', 'entered_before': 204028.417659157, 'returned_at': 207598.315247944}}, 'generation_reopen_hash': {'spec': {'target': {'module': 'vipe_benchmark.s1_progress', 'operation': 'read_record'}, 'successor': {'module': 'vipe_benchmark.s1_progress', 'operation': 'encode'}}, 'target': [{'role': 'target', 'operation': 'read_record', 'entered': 207598.64551001, 'stage': 'generation_reopen_hash', 'completed': True, 'exited': 207598.64551001}], 'successor': [{'role': 'successor', 'operation': 'encode', 'entered': 207598.64551001, 'stage': 'generation_reopen_hash', 'completed': True, 'exited': 207598.64551001}], 'predecessor': {'operation': 'generation_directory_fsync/record', 'entered_before': 204028.7505383, 'returned_at': 207598.64551001}}, 'head_install': {'spec': {'target': {'module': 'os', 'operation': 'replace'}, 'successor': {'module': 'vipe_benchmark.s1_progress', 'operation': 'fsync_dir'}}, 'target': [{'role': 'target', 'operation': 'replace', 'entered': 207598.98264530802, 'stage': 'head_install', 'completed': True, 'exited': 207598.98264530802}], 'successor': [{'role': 'successor', 'operation': 'fsync_dir', 'entered': 207598.98264530802, 'stage': 'head_directory_fsync', 'completed': True, 'exited': 207598.98264530802}], 'predecessor': {'operation': '/tmp/tmpqx8q797o/39/jobs/S1-progress-5fad63b8585c4a23a3aad6be07b84ca3/worker/head.tmp/durable_write_return', 'entered_before': 204029.086959504, 'returned_at': 207598.98264530802}}, 'head_dir_fsync': {'spec': {'target': {'module': 'vipe_benchmark.s1_progress', 'operation': 'fsync_dir'}, 'successor': {'module': 'vipe_benchmark.s1_progress', 'operation': 'record'}}, 'target': [{'role': 'target', 'operation': 'fsync_dir', 'entered': 207599.33401560702, 'stage': 'head_directory_fsync', 'completed': True, 'exited': 207599.33401560702}], 'successor': [{'role': 'successor', 'operation': 'record', 'entered': 207599.33401560702, 'stage': 'head_directory_fsync', 'completed': True, 'exited': 207599.33401560702}], 'predecessor': {'operation': 'head_install/replace', 'entered_before': 204029.463836082, 'returned_at': 207599.33401560702}}, 'final_head_read': {'spec': {'target': {'module': 'vipe_benchmark.s1_progress', 'operation': 'read_record'}, 'successor': {'module': 'vipe_benchmark.s1_progress', 'operation': 'read_record'}}, 'target': [{'role': 'target', 'operation': 'read_record', 'entered': 207599.712819331, 'stage': 'final_head_read', 'completed': True, 'exited': 207599.712819331}], 'successor': [{'role': 'successor', 'operation': 'read_record', 'entered': 207599.712819331, 'stage': 'final_generation_read', 'completed': True, 'exited': 207599.712819331}], 'predecessor': {'operation': 'head_directory_fsync/record', 'entered_before': 204029.811844409, 'returned_at': 207599.712819331}}, 'final_generation_read': {'spec': {'target': {'module': 'vipe_benchmark.s1_progress', 'operation': 'read_record'}, 'successor': {'module': 'vipe_benchmark.s1_progress', 'operation': 'encode'}}, 'target': [{'role': 'target', 'operation': 'read_record', 'entered': 207600.06704864802, 'stage': 'final_generation_read', 'completed': True, 'exited': 207600.06704864802}], 'successor': [{'role': 'successor', 'operation': 'encode', 'entered': 207600.06704864802, 'stage': 'final_generation_read', 'completed': True, 'exited': 207600.06704864802}], 'predecessor': {'operation': 'final_head_read/read_record', 'entered_before': 204030.166513934, 'returned_at': 207600.06704864802}}, 'notice_send': {'spec': {'target': {'operation': 'publisher.sendto'}, 'successor': {'module': 'vipe_benchmark.s1_progress', 'operation': 'receive'}}, 'target': [{'role': 'target', 'operation': 'sendto', 'entered': 207600.404608022, 'stage': 'notice_send', 'completed': True, 'exited': 207600.404608022}], 'successor': [{'role': 'successor', 'operation': 'receive', 'entered': 207600.404608022, 'stage': 'notice_receive', 'completed': True, 'exited': 207600.404608022}, {'role': 'successor', 'operation': 'receive', 'entered': 207600.404608022, 'stage': 'ack_receipt', 'completed': True, 'exited': 207600.404608022}], 'predecessor': {'operation': 's1-progress-notice/v1/encode', 'entered_before': 207600.155608022, 'returned_at': 207600.404608022}}, 'owner_retention': {'spec': {'target': {'module': 'RetainedProgress', 'operation': 'acknowledge'}, 'successor': {'module': 'RetainedProgress', 'operation': 'retain'}}, 'target': [{'role': 'target', 'operation': 'acknowledge', 'entered': 207600.73595579102, 'stage': 'retention:after', 'completed': True, 'exited': 207600.73595579102}], 'successor': [{'role': 'successor', 'operation': 'retain', 'entered': 207600.73595579102, 'stage': 'retention:after', 'completed': True, 'exited': 207600.73595579102}], 'predecessor': {'operation': 's1-progress-ack/v1/encode', 'entered_before': 207600.486955791, 'returned_at': 207600.73595579102}}, 'ack_send': {'spec': {'target': {'operation': 'owner.sendto'}, 'successor': {'module': 'vipe_benchmark.s1_progress', 'operation': 'receive'}}, 'target': [{'role': 'target', 'operation': 'sendto', 'entered': 207601.07012687702, 'stage': 'ack_send', 'completed': True, 'exited': 207601.07012687702}], 'successor': [{'role': 'successor', 'operation': 'receive', 'entered': 207601.07012687702, 'stage': 'ack_receipt', 'completed': True, 'exited': 207601.07012687702}], 'predecessor': {'operation': 'RetainedProgress.retain', 'entered_before': 207600.821126877, 'returned_at': 207601.07012687702}}, 'ack_receipt': {'spec': {'target': {'operation': 'ack_correlation', 'stage': 'ack_receipt:after'}, 'successor': {'operation': 'Publisher._publish diagnostics encode', 'stage': 'ack_receipt:after', 'after_target': True}, 'unrelated': {'operation': 'encode', 'classification': 'separately_recorded_not_successor'}}, 'target': [{'role': 'target', 'operation': 'ack_correlation', 'entered': 207601.41127498, 'stage': 'ack_receipt:after', 'completed': True, 'exited': 207601.41127498}], 'successor': [{'role': 'successor', 'operation': 'encode', 'stage': 'ack_receipt:after', 'publisher_diagnostics': True, 'after_target': True, 'entered': 207601.41127498, 'completed': True, 'exited': 207601.41127498}], 'predecessor': {'operation': 'matching_ack_receive', 'entered_before': 207601.16227498, 'returned_at': 207601.41127498}}, 'array_npy': {'spec': {'target': {'module': 'numpy', 'operation': 'save'}, 'successor': {'module': 'DeadlineSink', 'operation': 'write'}}, 'target': [{'role': 'target', 'operation': 'save', 'entered': 207601.741488875, 'stage': '', 'completed': True, 'exited': 207601.741488875}], 'successor': [{'role': 'successor', 'operation': 'write', 'entered': 207601.741488875, 'stage': '', 'completed': True, 'exited': 207601.741488875}, {'role': 'successor', 'operation': 'write', 'entered': 207601.741488875, 'stage': '', 'completed': True, 'exited': 207601.741488875}], 'predecessor': {'operation': 'array_unbuffered_open_return', 'entered_before': 204031.84651723, 'returned_at': 207601.741488875}}, 'array_png': {'spec': {'target': {'module': 'cv2', 'operation': 'imencode'}, 'successor': {'module': 'vipe_benchmark.s1_progress', 'operation': 'write_exclusive'}}, 'target': [{'role': 'target', 'operation': 'imencode', 'entered': 207602.054317166, 'stage': '', 'completed': True, 'exited': 207602.054317166}], 'successor': [{'role': 'successor', 'operation': 'write_exclusive', 'entered': 207602.054317166, 'stage': '', 'completed': True, 'exited': 207602.054317166}], 'predecessor': {'operation': 'png_destination_stat_return', 'entered_before': 204032.152124978, 'returned_at': 207602.054317166}}, 'npz_member': {'spec': {'target': {'module': 'ZipFile', 'operation': 'open'}, 'successor': {'module': 'numpy.lib.format', 'operation': 'write_array'}}, 'target': [{'role': 'target', 'operation': 'open', 'entered': 207602.354053218, 'stage': '', 'completed': True, 'exited': 207602.354053218}], 'successor': [{'role': 'successor', 'operation': 'write_array', 'entered': 207602.354053218, 'stage': '', 'completed': True, 'exited': 207602.354053218}], 'predecessor': {'operation': 'second_npz_array_conversion_return_before_member_open', 'entered_before': 204032.451429623, 'returned_at': 207602.354053218}}, 'npz_finalize': {'spec': {'target': {'module': 'ZipFile', 'operation': 'close'}, 'successor': {'module': 'DeadlineSink', 'operation': 'write'}}, 'target': [{'role': 'target', 'operation': 'close', 'entered': 207602.653069565, 'stage': '', 'completed': True, 'exited': 207602.653069565}], 'successor': [{'role': 'successor', 'operation': 'write', 'entered': 207602.653069565, 'stage': '', 'completed': True, 'exited': 207602.653069565}, {'role': 'successor', 'operation': 'write', 'entered': 207602.653069565, 'stage': '', 'completed': True, 'exited': 207602.653069565}, {'role': 'successor', 'operation': 'write', 'entered': 207602.653069565, 'stage': '', 'completed': True, 'exited': 207602.653069565}, {'role': 'successor', 'operation': 'write', 'entered': 207602.653069565, 'stage': '', 'completed': True, 'exited': 207602.653069565}, {'role': 'successor', 'operation': 'write', 'entered': 207602.653069565, 'stage': '', 'completed': True, 'exited': 207602.653069565}, {'role': 'successor', 'operation': 'write', 'entered': 207602.653069565, 'stage': '', 'completed': True, 'exited': 207602.653069565}, {'role': 'successor', 'operation': 'write', 'entered': 207602.653069565, 'stage': '', 'completed': True, 'exited': 207602.653069565}, {'role': 'successor', 'operation': 'write', 'entered': 207602.653069565, 'stage': '', 'completed': True, 'exited': 207602.653069565}, {'role': 'successor', 'operation': 'write', 'entered': 207602.653069565, 'stage': '', 'completed': True, 'exited': 207602.653069565}, {'role': 'successor', 'operation': 'write', 'entered': 207602.653069565, 'stage': '', 'completed': True, 'exited': 207602.653069565}], 'predecessor': {'operation': 'npz_member_2_close_return', 'entered_before': 204032.751258252, 'returned_at': 207602.653069565}}, 'array_hash': {'spec': {'target': {'module': 'vipe_benchmark.s1_progress', 'operation': 'checked_file_record'}, 'successor': {'module': 'vipe_benchmark.s1_progress', 'operation': 'read_bytes'}}, 'target': [{'role': 'target', 'operation': 'checked_file_record', 'entered': 207602.95469317102, 'stage': '', 'completed': True, 'exited': 207602.95469317102}], 'successor': [{'role': 'successor', 'operation': 'read_bytes', 'entered': 207602.95469317102, 'stage': '', 'completed': True, 'exited': 207602.95469317102}], 'predecessor': {'operation': 'array_normal_close_return_before_hash', 'entered_before': 204033.051548464, 'returned_at': 207602.95469317102}}, 'produced_json': {'spec': {'target': {'module': 'vipe_benchmark.s1_progress', 'operation': 'encode'}, 'successor': {'module': 'vipe_benchmark.s1_progress', 'operation': 'write_exclusive'}}, 'target': [{'role': 'target', 'operation': 'encode', 'entered': 207603.27833648302, 'stage': '', 'completed': True, 'exited': 207603.27833648302}, {'role': 'target', 'operation': 'encode', 'entered': 207603.27833648302, 'stage': '', 'completed': True, 'exited': 207603.27833648302}, {'role': 'target', 'operation': 'encode', 'entered': 207603.27833648302, 'stage': '', 'completed': True, 'exited': 207603.27833648302}, {'role': 'target', 'operation': 'encode', 'entered': 207603.27833648302, 'stage': '', 'completed': True, 'exited': 207603.27833648302}], 'successor': [{'role': 'successor', 'operation': 'write_exclusive', 'entered': 207603.27833648302, 'stage': '', 'completed': True, 'exited': 207603.27833648302}], 'predecessor': {'operation': 'input_manifest_read_and_parse_return', 'entered_before': 204033.375064385, 'returned_at': 207603.27833648302}}, 'produced_read': {'spec': {'target': {'module': 'vipe_benchmark.s1_progress', 'operation': 'read_record'}, 'successor': {'module': 'vipe_benchmark.s1_evidence', 'operation': 'produced_row'}}, 'target': [{'role': 'target', 'operation': 'read_record', 'entered': 207603.702582225, 'stage': '', 'completed': True, 'exited': 207603.702582225}], 'successor': [{'role': 'successor', 'operation': 'produced_row', 'entered': 207603.702582225, 'stage': '', 'completed': True, 'exited': 207603.702582225}], 'predecessor': {'operation': 'produced_row_durable_write_return', 'entered_before': 204033.799963613, 'returned_at': 207603.702582225}}, 'produced_guard': {'spec': {'target': {'module': 'vipe_benchmark.s1_evidence', 'operation': 'produced_row'}, 'successor': {'module': 'Publisher', 'operation': 'seal'}}, 'target': [{'role': 'target', 'operation': 'produced_row', 'entered': 207604.129556609, 'stage': '', 'completed': True, 'exited': 207604.129556609}], 'successor': [{'role': 'successor', 'operation': 'seal', 'entered': 207604.129556609, 'stage': '', 'completed': True, 'exited': 207604.129556609}, {'role': 'successor', 'operation': 'seal', 'entered': 207604.129556609, 'stage': '', 'completed': True, 'exited': 207604.129556609}], 'predecessor': {'operation': 'produced_row_read_hash_parse_return', 'entered_before': 204034.225563606, 'returned_at': 207604.129556609}}, 'qualified_guard': {'spec': {'target': {'module': 'vipe_benchmark.s1_evidence', 'operation': 'qualify_row'}, 'successor': {'module': 'vipe_benchmark.s1_progress', 'operation': 'write_exclusive'}}, 'target': [{'role': 'target', 'operation': 'qualify_row', 'entered': 207604.554159463, 'stage': '', 'completed': True, 'exited': 207604.554159463}], 'successor': [{'role': 'successor', 'operation': 'write_exclusive', 'entered': 207604.554159463, 'stage': '', 'completed': True, 'exited': 207604.554159463}], 'predecessor': {'operation': 'produced_guard_seal_ack_return', 'entered_before': 204034.650312626, 'returned_at': 207604.554159463}}, 'first_guard': {'spec': {'target': {'module': 'vipe_benchmark.s1_evidence', 'operation': 'verify_first'}, 'successor': {'module': 'vipe_benchmark.s1_evidence', 'operation': 'qualify_runtime'}}, 'target': [{'role': 'target', 'operation': 'verify_first', 'entered': 207605.039476358, 'stage': '', 'completed': True, 'exited': 207605.039476358}], 'successor': [{'role': 'successor', 'operation': 'qualify_runtime', 'entered': 207605.039476358, 'stage': '', 'completed': True, 'exited': 207605.039476358}], 'predecessor': {'operation': 'first_metadata_read_parse_return', 'entered_before': 204035.136193475, 'returned_at': 207605.039476358}}, 'runtime_guard': {'spec': {'target': {'module': 'vipe_benchmark.s1_evidence', 'operation': 'qualify_runtime'}, 'successor': {'module': 'vipe_benchmark.s1_recovery', 'operation': 'strict_record'}}, 'target': [{'role': 'target', 'operation': 'qualify_runtime', 'entered': 207606.14159641202, 'stage': '', 'completed': True, 'exited': 207606.14159641202}], 'successor': [{'role': 'successor', 'operation': 'strict_record', 'entered': 207606.14159641202, 'stage': '', 'completed': True, 'exited': 207606.14159641202}, {'role': 'successor', 'operation': 'strict_record', 'entered': 207606.14159641202, 'stage': '', 'completed': True, 'exited': 207606.14159641202}, {'role': 'successor', 'operation': 'strict_record', 'entered': 207606.14159641202, 'stage': '', 'completed': True, 'exited': 207606.14159641202}, {'role': 'successor', 'operation': 'strict_record', 'entered': 207606.14159641202, 'stage': '', 'completed': True, 'exited': 207606.14159641202}, {'role': 'successor', 'operation': 'strict_record', 'entered': 207606.14159641202, 'stage': '', 'completed': True, 'exited': 207606.14159641202}, {'role': 'successor', 'operation': 'strict_record', 'entered': 207606.14159641202, 'stage': '', 'completed': True, 'exited': 207606.14159641202}, {'role': 'successor', 'operation': 'strict_record', 'entered': 207606.14159641202, 'stage': '', 'completed': True, 'exited': 207606.14159641202}, {'role': 'successor', 'operation': 'strict_record', 'entered': 207606.14159641202, 'stage': '', 'completed': True, 'exited': 207606.14159641202}, {'role': 'successor', 'operation': 'strict_record', 'entered': 207606.14159641202, 'stage': '', 'completed': True, 'exited': 207606.14159641202}, {'role': 'successor', 'operation': 'strict_record', 'entered': 207606.14159641202, 'stage': '', 'completed': True, 'exited': 207606.14159641202}, {'role': 'successor', 'operation': 'strict_record', 'entered': 207606.14159641202, 'stage': '', 'completed': True, 'exited': 207606.14159641202}, {'role': 'successor', 'operation': 'strict_record', 'entered': 207606.14159641202, 'stage': '', 'completed': True, 'exited': 207606.14159641202}, {'role': 'successor', 'operation': 'strict_record', 'entered': 207606.14159641202, 'stage': '', 'completed': True, 'exited': 207606.14159641202}, {'role': 'successor', 'operation': 'strict_record', 'entered': 207606.14159641202, 'stage': '', 'completed': True, 'exited': 207606.14159641202}, {'role': 'successor', 'operation': 'strict_record', 'entered': 207606.14159641202, 'stage': '', 'completed': True, 'exited': 207606.14159641202}, {'role': 'successor', 'operation': 'strict_record', 'entered': 207606.14159641202, 'stage': '', 'completed': True, 'exited': 207606.14159641202}, {'role': 'successor', 'operation': 'strict_record', 'entered': 207606.14159641202, 'stage': '', 'completed': True, 'exited': 207606.14159641202}, {'role': 'successor', 'operation': 'strict_record', 'entered': 207606.14159641202, 'stage': '', 'completed': True, 'exited': 207606.14159641202}, {'role': 'successor', 'operation': 'strict_record', 'entered': 207606.14159641202, 'stage': '', 'completed': True, 'exited': 207606.14159641202}, {'role': 'successor', 'operation': 'strict_record', 'entered': 207606.14159641202, 'stage': '', 'completed': True, 'exited': 207606.14159641202}, {'role': 'successor', 'operation': 'strict_record', 'entered': 207606.14159641202, 'stage': '', 'completed': True, 'exited': 207606.14159641202}, {'role': 'successor', 'operation': 'strict_record', 'entered': 207606.14159641202, 'stage': '', 'completed': True, 'exited': 207606.14159641202}, {'role': 'successor', 'operation': 'strict_record', 'entered': 207606.14159641202, 'stage': '', 'completed': True, 'exited': 207606.14159641202}, {'role': 'successor', 'operation': 'strict_record', 'entered': 207606.14159641202, 'stage': '', 'completed': True, 'exited': 207606.14159641202}, {'role': 'successor', 'operation': 'strict_record', 'entered': 207606.14159641202, 'stage': '', 'completed': True, 'exited': 207606.14159641202}], 'predecessor': {'operation': 'runtime_metadata_read_parse_return', 'entered_before': 204036.240223251, 'returned_at': 207606.14159641202}}, 'reuse_after_read': {'spec': {'target': {'module': 'vipe_benchmark.s1_evidence', 'operation': 'verify_first'}, 'successor': {'module': 'vipe_benchmark.s1_evidence', 'operation': 'qualify_runtime'}}, 'target': [{'role': 'target', 'operation': 'verify_first', 'entered': 207606.654023195, 'stage': '', 'completed': True, 'exited': 207606.654023195}, {'role': 'target', 'operation': 'verify_first', 'entered': 207606.654023195, 'stage': '', 'completed': True, 'exited': 207606.654023195}], 'successor': [{'role': 'successor', 'operation': 'qualify_runtime', 'entered': 207606.654023195, 'stage': '', 'completed': True, 'exited': 207606.654023195}, {'role': 'successor', 'operation': 'qualify_runtime', 'entered': 207606.654023195, 'stage': '', 'completed': True, 'exited': 207606.654023195}], 'predecessor': {'operation': 'first_metadata_read_parse_return', 'entered_before': 204036.750511012, 'returned_at': 207606.654023195}}, 'cleanup_next_array': {'spec': {'target': {'module': 'numpy', 'operation': 'asanyarray'}, 'successor': {'module': 'ZipFile', 'operation': 'open'}}, 'target': [{'role': 'target', 'operation': 'asanyarray', 'entered': 207607.80577383, 'stage': '', 'completed': True, 'exited': 207607.80577383}], 'successor': [{'role': 'successor', 'operation': 'open', 'entered': 207607.80577383, 'stage': '', 'completed': True, 'exited': 207607.80577383}], 'predecessor': {'operation': 'npz_member_1_close_return', 'entered_before': 204037.904813078, 'returned_at': 207607.80577383}}, 'accept_after_read': {'spec': {'target': {'module': 'vipe_benchmark.s1_evidence', 'operation': 'validate_result'}, 'successor': {'module': 'vipe_benchmark.s1_evidence', 'operation': 'verify_first'}}, 'target': [{'role': 'target', 'operation': 'validate_result', 'entered': 207608.72551352502, 'stage': '', 'completed': True, 'exited': 207608.72551352502}], 'successor': [{'role': 'successor', 'operation': 'verify_first', 'entered': 207608.72551352502, 'stage': '', 'completed': True, 'exited': 207608.72551352502}], 'predecessor': {'operation': 'accepted_request_read_parse_return', 'entered_before': 204038.26639554, 'returned_at': 207608.72551352502}}, 'complete_after_read': {'spec': {'target': {'module': 'vipe_benchmark.s1_evidence', 'operation': 'evidence_counts'}, 'successor': {'module': 'vipe_benchmark.s1_evidence', 'operation': 'qualify_runtime'}}, 'target': [{'role': 'target', 'operation': 'evidence_counts', 'entered': 207608.72551352502, 'stage': '', 'completed': True, 'exited': 207608.72551352502}], 'successor': [{'role': 'successor', 'operation': 'qualify_runtime', 'entered': 207608.72551352502, 'stage': '', 'completed': True, 'exited': 207608.72551352502}, {'role': 'successor', 'operation': 'qualify_runtime', 'entered': 207608.72551352502, 'stage': '', 'completed': True, 'exited': 207608.72551352502}], 'predecessor': {'operation': 'acceptance_metadata_read_parse_return', 'entered_before': 204062.336214104, 'returned_at': 207608.72551352502}}, 'next_input': {'spec': {'target': {'operation': 'load_rgb(frame62)'}, 'successor': {'operation': 'frame62 valid/native/raw'}}, 'target': [{'operation': 'load_rgb(frame62)', 'entered': 204179.94677948102, 'completed': True, 'exited': 204179.94677948102}], 'successor': [{'operation': 'frame62_valid_array', 'entered': 204179.94677948102, 'record': {'path': '/tmp/tmp6_980i1y/valid.npy', 'sha256': 'a67cf6012a57f3530aeb9524b85e40171bfb0fcdaa6dbc66e95356a30dcfc6a3', 'bytes': 518528}, 'context': 'second_input_validation'}], 'predecessor': {'operation': 'segment_frame50_print_return_before_frame62', 'entered_before': 204113.447779481, 'returned_at': 204179.94677948102}}}

----------------------------------------------------------------------
Ran 73 tests in 178.122s

FAILED (failures=39, errors=14)
