arm,iteration,frame_id,seconds,full/psnr,dynamic/psnr,dynamic/lpips_alex,motion_pixels/mae
freetimegs-dense-coarse,5000,0,0.0,20.525613020124553,20.92625300500742,0.4173562104503314,0.0887255339572827
freetimegs-dense-coarse,5000,1,0.04,20.723033669660126,21.151726995700322,0.391243909796079,0.08490393124520779
freetimegs-dense-coarse,5000,2,0.08,20.83227976988083,21.270725627700738,0.38004540900389355,0.08238671595851581
freetimegs-dense-coarse,5000,3,0.12,20.903573355684433,21.342486205431808,0.37221868832906085,0.08233522313336532
freetimegs-dense-coarse,5000,4,0.16,20.947228637154325,21.3686718525273,0.368217296898365,0.08242166539033254
freetimegs-dense-coarse,5000,5,0.2,20.966077434713494,21.395790397092984,0.36288603643576306,0.0853462666273117
freetimegs-dense-coarse,5000,6,0.24,20.854523472909737,21.269095321913525,0.3701422909895579,0.09182615329821904
freetimegs-dense-coarse,5000,7,0.28,21.000915501015395,21.583438514581037,0.3598728800813357,0.079427195712924
freetimegs-dense-coarse,5000,8,0.32,21.10324840770498,21.596063109736086,0.36493917802969617,0.07761557772755623
freetimegs-dense-coarse,5000,9,0.36,21.1621627843055,21.671540289337273,0.3615148589015007,0.07731558444599311
freetimegs-dense-coarse,5000,10,0.4,21.17277113194496,21.666489910658917,0.35932285338640213,0.0767062238107125
freetimegs-dense-coarse,5000,11,0.44,21.18692025997446,22.095161064989277,0.34617649018764496,0.07558874785900116
freetimegs-dense-coarse,5000,12,0.48,21.18660859629579,22.121043853719975,0.350031999250253,0.07534758870800336
freetimegs-dense-coarse,5000,13,0.52,21.20539745106013,22.877799413448884,0.3380928561091423,0.07611549024780591
freetimegs-dense-coarse,5000,14,0.56,21.152190697426203,22.81235082703878,0.34065502633651096,0.0773140632857879
freetimegs-dense-coarse,5000,15,0.6,21.119203596645303,22.166927476067237,0.3640947292248408,0.07755638596912225
freetimegs-dense-coarse,5000,16,0.64,21.088587382024578,22.884324748565163,0.35217928886413574,0.08060660834113757
freetimegs-dense-coarse,5000,17,0.68,21.055640678203666,22.846114031698043,0.35252166787783307,0.08170302957296371
freetimegs-dense-coarse,5000,18,0.72,20.950794156665783,22.70337382572317,0.36650512119134265,0.08665368892252445
freetimegs-dense-coarse,5000,19,0.76,20.78103120060542,22.46701106836735,0.3857935890555382,0.09719713094333808
freetimegs-dense-coarse,5000,20,0.8,20.580796871253234,21.55933943758738,0.42911680042743683,0.11211585750182469
freetimegs-dense-coarse,5000,21,0.84,20.3906058238955,21.311415202276613,0.4537461002667745,0.12707069205741087
freetimegs-dense-coarse,5000,22,0.88,20.328012739776334,21.19777242955207,0.461102657020092,0.13005483212570348
freetimegs-dense-coarse,5000,23,0.92,20.39727982643001,21.792257900585117,0.4406397019823392,0.12187504582107067
freetimegs-dense-coarse,5000,24,0.96,20.590178416028774,22.010565428030073,0.41532766073942184,0.10787341184914112
freetimegs-dense-coarse,5000,25,1.0,20.801018691556866,22.319503335432536,0.38270222892363864,0.09499569796025753
freetimegs-dense-coarse,5000,26,1.04,20.92484590181392,22.507097301869425,0.3655119463801384,0.08901979463795821
freetimegs-dense-coarse,5000,27,1.08,20.980903978771398,22.54176508980062,0.35744840651750565,0.08700775355100632
freetimegs-dense-coarse,5000,28,1.12,21.000281652131996,21.826363646391414,0.3689661771059036,0.08703009660045306
freetimegs-dense-coarse,5000,29,1.16,21.030573939966605,21.474348680752485,0.3807222619652748,0.08680751050511996
freetimegs-dense-coarse,5000,30,1.2,21.06605498409314,21.5135092076361,0.37658242136240005,0.08441079283754031
freetimegs-dense-coarse,5000,31,1.24,21.09243163936708,21.52616153388979,0.3729520117243131,0.0836443987985452
freetimegs-dense-coarse,5000,32,1.28,21.120014481484027,21.535958064906687,0.369394284983476,0.0822910958280166
freetimegs-dense-coarse,5000,33,1.32,21.115461327335634,21.50306232459354,0.36875493576129276,0.08218630403280258
freetimegs-dense-coarse,5000,34,1.36,21.130861251605314,21.52550970376427,0.3650544186433156,0.08102852354447047
freetimegs-dense-coarse,5000,35,1.4,21.114174731993142,21.46704838108093,0.3696138635277748,0.07999360995988052
freetimegs-dense-coarse,5000,36,1.44,21.09499540261392,21.798163493447145,0.3582699696222941,0.08155931470294793
freetimegs-dense-coarse,5000,37,1.48,21.09788155153471,21.79196230298489,0.35501206417878467,0.08152509915332
freetimegs-dense-coarse,5000,38,1.52,21.089951913089017,21.550694929568856,0.364372581243515,0.0822027437388897
freetimegs-dense-coarse,5000,39,1.56,21.06833918519435,21.503696648772678,0.3647993529836337,0.0820577684789896
freetimegs-dense-coarse,5000,40,1.6,21.044503764991664,21.488529852813734,0.3676404481132825,0.08096334648629029
freetimegs-dense-coarse,5000,41,1.64,20.996817134038757,21.768975650225503,0.35897188633680344,0.08203816848496596
freetimegs-dense-coarse,5000,42,1.68,20.963280688357322,21.726507125476665,0.35639114181200665,0.08231250072518985
freetimegs-dense-coarse,5000,43,1.72,20.952830407958686,21.7182414561551,0.35651059697071713,0.08030267432332039
freetimegs-dense-coarse,5000,44,1.76,20.943608444978754,21.43213646352884,0.3691711326440175,0.07978777028620243
freetimegs-dense-coarse,5000,45,1.8,20.890722781907517,21.36093484009978,0.3764648338158925,0.07877388969063759
freetimegs-dense-coarse,5000,46,1.84,20.842582909537015,21.322319874708434,0.37771861006816226,0.07882926364739735
freetimegs-dense-coarse,5000,47,1.88,20.765440824199548,21.248970180166697,0.3873905837535858,0.08004350339372952
freetimegs-dense-coarse,5000,48,1.92,20.61419125214954,21.094328862364573,0.40173618743817013,0.08243372415502866
freetimegs-dense-coarse,5000,49,1.96,20.396060683394417,20.859681996753004,0.424281674126784,0.0877879448235035
freetimegs-dense-coarse,10000,0,0.0,22.57862174066062,23.206070664714975,0.23645968611041704,0.06719869220008452
freetimegs-dense-coarse,10000,1,0.04,22.762798766710805,23.42318256485165,0.22415228560566902,0.06469494414826234
freetimegs-dense-coarse,10000,2,0.08,22.883691862385415,23.559756501196624,0.2162188527484735,0.06308678227166335
freetimegs-dense-coarse,10000,3,0.12,22.978598121393617,23.655626577883282,0.2100615600744883,0.06297825432072084
freetimegs-dense-coarse,10000,4,0.16,22.98021266088265,23.635909380647806,0.2108538548151652,0.06436185445636511
freetimegs-dense-coarse,10000,5,0.2,22.944238550652138,23.60431215164018,0.21169812977313995,0.0680395495146513
freetimegs-dense-coarse,10000,6,0.24,22.719909673997876,23.360038475432308,0.214146605382363,0.07760872753957908
freetimegs-dense-coarse,10000,7,0.28,22.987023870297673,23.854270685560493,0.20451818530758223,0.06110894617935022
freetimegs-dense-coarse,10000,8,0.32,23.185487013208267,23.998063947348268,0.20089146370689073,0.05887448601424694
freetimegs-dense-coarse,10000,9,0.36,23.226316314000584,24.066565117689603,0.19986921300490698,0.05887534935027361
freetimegs-dense-coarse,10000,10,0.4,23.2345233502692,24.058298177279198,0.19674413899580637,0.0591383765762051
freetimegs-dense-coarse,10000,11,0.44,23.20504797124837,24.45274439707406,0.1917106236020724,0.059061624420185886
freetimegs-dense-coarse,10000,12,0.48,23.174751980750585,24.458701877640504,0.19309690594673157,0.05984003655612469
freetimegs-dense-coarse,10000,13,0.52,23.167594079529547,24.995148181074576,0.18878948440154394,0.06053727958351374
freetimegs-dense-coarse,10000,14,0.56,23.143203331777002,24.95780364335726,0.18740353360772133,0.06065734848380089
freetimegs-dense-coarse,10000,15,0.6,23.107544408508932,24.45646481378435,0.20681215574344,0.05974390202512344
freetimegs-dense-coarse,10000,16,0.64,23.074137341855643,25.000125828114655,0.19946185126900673,0.06291424855589867
freetimegs-dense-coarse,10000,17,0.68,22.99433240036019,24.902516954176566,0.20514998957514763,0.06505539361387491
freetimegs-dense-coarse,10000,18,0.72,22.91058965052573,24.797785758223753,0.21321886653701463,0.06906842906028032
freetimegs-dense-coarse,10000,19,0.76,22.748112729203612,24.57583346777339,0.22446595256527266,0.077920475974679
freetimegs-dense-coarse,10000,20,0.8,22.4719740033165,23.70816848813475,0.24993697429696718,0.09557500916222732
freetimegs-dense-coarse,10000,21,0.84,22.13216377846545,23.256827166989684,0.2725871801376343,0.11659579661985238
freetimegs-dense-coarse,10000,22,0.88,22.01964225824807,23.060546934302987,0.28261858100692433,0.12214243846635024
freetimegs-dense-coarse,10000,23,0.92,22.175686774481434,23.62615636710445,0.26802627990643185,0.1095082884033521
freetimegs-dense-coarse,10000,24,0.96,22.504723949115473,24.067998035267774,0.2399847793082396,0.08932092599570751
freetimegs-dense-coarse,10000,25,1.0,22.80766038777462,24.519923537152742,0.21401837095618248,0.07426217943429947
freetimegs-dense-coarse,10000,26,1.04,22.949049735651837,24.72152991703436,0.2038044979174932,0.07041660447915395
freetimegs-dense-coarse,10000,27,1.08,23.01610293609941,24.738404075127036,0.20094417904814085,0.06955810884634654
freetimegs-dense-coarse,10000,28,1.12,23.08638472843988,24.171842241348806,0.20593256503343582,0.06833109725266695
freetimegs-dense-coarse,10000,29,1.16,23.16057077314473,23.854605062561625,0.2107741559545199,0.06709754249701898
freetimegs-dense-coarse,10000,30,1.2,23.215115773735533,23.914382781176318,0.20818873370687166,0.06447084465374549
freetimegs-dense-coarse,10000,31,1.24,23.22764727014196,23.913351070217235,0.20655381679534912,0.06361971609294415
freetimegs-dense-coarse,10000,32,1.28,23.178838865161353,23.8332491319027,0.20911906411250433,0.06455529574304819
freetimegs-dense-coarse,10000,33,1.32,23.132990580523973,23.747929457524275,0.21106608336170515,0.06611681294937928
freetimegs-dense-coarse,10000,34,1.36,23.119145832430146,23.744392515140905,0.2100049058596293,0.06588292866945267
freetimegs-dense-coarse,10000,35,1.4,23.14185755595831,23.719241091297764,0.21060010542472204,0.06400308882196744
freetimegs-dense-coarse,10000,36,1.44,23.154434554729107,24.070450859472682,0.2028696189324061,0.06459306490918
freetimegs-dense-coarse,10000,37,1.48,23.166779449362252,24.045836150277747,0.20180643846591315,0.06497600457320611
freetimegs-dense-coarse,10000,38,1.52,23.183315040819288,23.905772871693213,0.203220517685016,0.06607808824628592
freetimegs-dense-coarse,10000,39,1.56,23.176529499862323,23.87571854426602,0.20505213737487793,0.06597604602575302
freetimegs-dense-coarse,10000,40,1.6,23.141913156604776,23.845793443831322,0.20866680145263672,0.06478006578981876
freetimegs-dense-coarse,10000,41,1.64,23.077267250708704,24.085198067698542,0.20500346024831137,0.06542183427760999
freetimegs-dense-coarse,10000,42,1.68,23.049302029200536,24.010259780668743,0.2062644138932228,0.06511636233578126
freetimegs-dense-coarse,10000,43,1.72,23.046789966283747,24.010944869152098,0.20570999135573706,0.06294224442293246
freetimegs-dense-coarse,10000,44,1.76,23.047226406447493,23.74044980942234,0.21051125228405,0.06228843020896117
freetimegs-dense-coarse,10000,45,1.8,23.023690127421226,23.709162982636183,0.21398267025748888,0.06093445389221112
freetimegs-dense-coarse,10000,46,1.84,22.945409278111477,23.63276884238504,0.21875882521271706,0.06205374716470639
freetimegs-dense-coarse,10000,47,1.88,22.851602869860315,23.537035633344107,0.22484227269887924,0.06363937103499968
freetimegs-dense-coarse,10000,48,1.92,22.718394391783413,23.405594702272737,0.23166358843445778,0.06460841558873653
freetimegs-dense-coarse,10000,49,1.96,22.500833945169777,23.177696637384393,0.24291859939694405,0.06922162572542827
freetimegs-dense-coarse,20000,0,0.0,24.92498534555543,25.617933905202833,0.11782713793218136,0.050096118512252964
freetimegs-dense-coarse,20000,1,0.04,25.12641961287851,25.844601516266955,0.11135377238194148,0.047240435456236206
freetimegs-dense-coarse,20000,2,0.08,25.21316372150417,25.92887213334506,0.10890439587334792,0.04658436868339777
freetimegs-dense-coarse,20000,3,0.12,25.26232108536131,25.959451161789623,0.10725381722052892,0.04725230159237981
freetimegs-dense-coarse,20000,4,0.16,25.280194121794594,25.930790703863583,0.10599561408162117,0.04797323094680905
freetimegs-dense-coarse,20000,5,0.2,25.26978101591591,25.9016347726639,0.106432285780708,0.05013047903776169
freetimegs-dense-coarse,20000,6,0.24,24.98375347016944,25.55796319292512,0.11143897411723931,0.059796624506513275
freetimegs-dense-coarse,20000,7,0.28,25.11901739278544,25.964357542611637,0.1061945203691721,0.04850017372518778
freetimegs-dense-coarse,20000,8,0.32,25.476704290446467,26.30718662036451,0.10050434308747451,0.04682966601103544
freetimegs-dense-coarse,20000,9,0.36,25.575167589082614,26.411658984510566,0.09890956059098244,0.04661837639287114
freetimegs-dense-coarse,20000,10,0.4,25.5968311810791,26.409643435913637,0.0983156617730856,0.04717125588407119
freetimegs-dense-coarse,20000,11,0.44,25.623454661242928,26.80845450983189,0.09399762128790219,0.04613066557794809
freetimegs-dense-coarse,20000,12,0.48,25.640435354310846,26.848491338176274,0.09432327933609486,0.04611963188896576
freetimegs-dense-coarse,20000,13,0.52,25.620307441724307,27.06197283543284,0.09416678361594677,0.04772782667229573
freetimegs-dense-coarse,20000,14,0.56,25.56338576006223,27.000145702116583,0.09526315083106358,0.04794331081211567
freetimegs-dense-coarse,20000,15,0.6,25.51997887656754,26.715491453919718,0.10344586956004302,0.04733622012039026
freetimegs-dense-coarse,20000,16,0.64,25.465056114995917,27.019815434394097,0.1013809082408746,0.050084492502113186
freetimegs-dense-coarse,20000,17,0.68,25.415195082576247,26.964385313098745,0.1032590176910162,0.05063122200469176
freetimegs-dense-coarse,20000,18,0.72,25.345174392717983,26.88022197486907,0.10928040059904258,0.053692818619310856
freetimegs-dense-coarse,20000,19,0.76,25.186795400951727,26.619405222079347,0.11622942922015984,0.06045352015644312
freetimegs-dense-coarse,20000,20,0.8,24.776842504634715,25.887360745560894,0.13033337208131948,0.079710328951478
freetimegs-dense-coarse,20000,21,0.84,24.19607566822596,25.11715144693428,0.15263247055312,0.10622952568034331
freetimegs-dense-coarse,20000,22,0.88,23.971937921150715,24.77544279081237,0.1647833821674188,0.11445873913665612
freetimegs-dense-coarse,20000,23,0.92,24.270055886045498,25.212883894690687,0.15531965096791586,0.09895059714714687
freetimegs-dense-coarse,20000,24,0.96,24.784117006133254,25.939186170869974,0.1285189986228943,0.07418634990851085
freetimegs-dense-coarse,20000,25,1.0,25.183258751227445,26.593666231217128,0.11174245116611321,0.05679625583191713
freetimegs-dense-coarse,20000,26,1.04,25.249046598142467,26.72532039873986,0.10760844126343727,0.055270993461211525
freetimegs-dense-coarse,20000,27,1.08,25.25607595625505,26.675598154337997,0.10607980626324813,0.0554107753559947
freetimegs-dense-coarse,20000,28,1.12,25.28182899015846,26.301674085512367,0.10665503020087878,0.0552505049854517
freetimegs-dense-coarse,20000,29,1.16,25.33115663576369,25.99006579659804,0.1097344880302747,0.05407263586918513
freetimegs-dense-coarse,20000,30,1.2,25.33674540657396,26.00401210984714,0.10859405001004536,0.05304566926012436
freetimegs-dense-coarse,20000,31,1.24,25.33176771133108,25.995397627149394,0.10730218514800072,0.052785442831615605
freetimegs-dense-coarse,20000,32,1.28,25.3059624277924,25.936910798013947,0.10808111478885014,0.05255781331410011
freetimegs-dense-coarse,20000,33,1.32,25.2721182494185,25.870115408156465,0.10890771945317586,0.0529111431290706
freetimegs-dense-coarse,20000,34,1.36,25.23353234416034,25.844853250363325,0.10903825921316941,0.05304866439352433
freetimegs-dense-coarse,20000,35,1.4,25.186911506554623,25.753306722317213,0.1106257252395153,0.05196117702871561
freetimegs-dense-coarse,20000,36,1.44,25.15796411070977,26.070082177056683,0.10916594540079434,0.0530136094118158
freetimegs-dense-coarse,20000,37,1.48,25.1227036938145,26.007225843616123,0.10967785306274891,0.05381579945484797
freetimegs-dense-coarse,20000,38,1.52,25.114728402551417,25.895757384262925,0.10855358093976974,0.05462240055203438
freetimegs-dense-coarse,20000,39,1.56,25.074854732325935,25.832045248244686,0.10960443317890167,0.05530916589001814
freetimegs-dense-coarse,20000,40,1.6,25.071654139749175,25.81980733562182,0.11109359189867973,0.053749959294994674
freetimegs-dense-coarse,20000,41,1.64,25.020096594347418,26.002058070877546,0.11038606303433578,0.05425457532207171
freetimegs-dense-coarse,20000,42,1.68,24.993549718735142,25.931738999972616,0.111268258964022,0.054193816147744656
freetimegs-dense-coarse,20000,43,1.72,24.96664569735976,25.912717950688663,0.11182861278454463,0.05309979307154814
freetimegs-dense-coarse,20000,44,1.76,24.971405657306267,25.705562004622475,0.11315958698590596,0.05231318095078071
freetimegs-dense-coarse,20000,45,1.8,24.933151030467183,25.680454760367677,0.1157118051002423,0.05074836437900861
freetimegs-dense-coarse,20000,46,1.84,24.88640363627639,25.642710006180355,0.11649815986553828,0.050980995719631515
freetimegs-dense-coarse,20000,47,1.88,24.83396300920797,25.58667136432585,0.1184608160207669,0.051277611404657364
freetimegs-dense-coarse,20000,48,1.92,24.747473786711662,25.497362806302363,0.12267767017086346,0.05162848656376203
freetimegs-dense-coarse,20000,49,1.96,24.57948544352573,25.323928799672412,0.1305363035450379,0.054930963553488255
freetimegs-dense-coarse,30000,0,0.0,26.38158921623189,26.7578187967854,0.08176404734452565,0.04399916452045242
freetimegs-dense-coarse,30000,1,0.04,26.51008457110807,26.89108743835718,0.0778403760244449,0.0420812979961435
freetimegs-dense-coarse,30000,2,0.08,26.574800832989105,26.960690642614978,0.07565547836323579,0.04118838673457503
freetimegs-dense-coarse,30000,3,0.12,26.60688440289651,26.97887430776674,0.07476172999789317,0.04155057746296128
freetimegs-dense-coarse,30000,4,0.16,26.59001958377509,26.93408967193749,0.07468882730851571,0.04267518424118558
freetimegs-dense-coarse,30000,5,0.2,26.552978084161623,26.890420945239494,0.07472776807844639,0.04403079751258095
freetimegs-dense-coarse,30000,6,0.24,26.237627220375806,26.52951785427981,0.0801222004617254,0.0536136906594038
freetimegs-dense-coarse,30000,7,0.28,26.42092771897893,27.026076278615932,0.07394243714710076,0.04331324280550083
freetimegs-dense-coarse,30000,8,0.32,26.629830073324307,27.230226508444577,0.0700614731758833,0.04288947178671757
freetimegs-dense-coarse,30000,9,0.36,26.6691890984818,27.27477992264735,0.06964381411671638,0.04357987456023693
freetimegs-dense-coarse,30000,10,0.4,26.671554930355665,27.28231681086194,0.06913238236059745,0.04398913153757652
freetimegs-dense-coarse,30000,11,0.44,26.671561115709704,27.57734306939036,0.06699309684336185,0.04320833599194884
freetimegs-dense-coarse,30000,12,0.48,26.682893376562248,27.61944511142292,0.06742506319036086,0.043341864521304764
freetimegs-dense-coarse,30000,13,0.52,26.669314713586488,27.833019820277755,0.06884223253776629,0.04467508941888809
freetimegs-dense-coarse,30000,14,0.56,26.652271067624003,27.800340550147116,0.0685404809191823,0.044723087611297764
freetimegs-dense-coarse,30000,15,0.6,26.66796330063499,27.641571382987262,0.07251126909007628,0.04302891809493303
freetimegs-dense-coarse,30000,16,0.64,26.63395146515487,27.912705317016766,0.07302267756313086,0.04547503404319286
freetimegs-dense-coarse,30000,17,0.68,26.554398857773887,27.78515446854336,0.07472452490280072,0.046744586899876595
freetimegs-dense-coarse,30000,18,0.72,26.49128200952325,27.697633177223096,0.07840884601076444,0.049541632644832134
freetimegs-dense-coarse,30000,19,0.76,26.399534868294097,27.50306692546512,0.08235322001079719,0.0535914646461606
freetimegs-dense-coarse,30000,20,0.8,25.935531778066036,26.826078009374978,0.09272167459130287,0.07255503969887893
freetimegs-dense-coarse,30000,21,0.84,25.285628588663673,25.963769009178566,0.11262427705029647,0.09938671998679638
freetimegs-dense-coarse,30000,22,0.88,24.973909342358525,25.521597598612882,0.1249458243449529,0.10940787320335706
freetimegs-dense-coarse,30000,23,0.92,25.283793627397255,25.802418830433318,0.11819571070373058,0.09585792633394401
freetimegs-dense-coarse,30000,24,0.96,25.86253292318194,26.59261635644999,0.09430152736604214,0.0716408488030235
freetimegs-dense-coarse,30000,25,1.0,26.407437984964787,27.477179979538455,0.0793242659419775,0.05300963080177704
freetimegs-dense-coarse,30000,26,1.04,26.524839987721588,27.723021216053382,0.07609983844061692,0.05015268332014481
freetimegs-dense-coarse,30000,27,1.08,26.54315249332808,27.670970343250143,0.07466131479789813,0.05058033764362335
freetimegs-dense-coarse,30000,28,1.12,26.536592073818756,27.30944046551045,0.07405735210825999,0.051244364120066166
freetimegs-dense-coarse,30000,29,1.16,26.574764382860042,26.991840737805195,0.07724653432766597,0.05018224318822225
freetimegs-dense-coarse,30000,30,1.2,26.61992960635292,27.040917195630023,0.0761023558055361,0.049009705583254494
freetimegs-dense-coarse,30000,31,1.24,26.64572380925609,27.07660627081551,0.07494097575545311,0.048198823196192585
freetimegs-dense-coarse,30000,32,1.28,26.66009911868209,27.075801252411292,0.07684101598958175,0.04796093422919512
freetimegs-dense-coarse,30000,33,1.32,26.661676762680706,27.048683794195203,0.07713503111153841,0.04859486470619837
freetimegs-dense-coarse,30000,34,1.36,26.665539578469755,27.06182410531129,0.076294989635547,0.048156846625109516
freetimegs-dense-coarse,30000,35,1.4,26.647971449229185,27.0186832986451,0.07692698668688536,0.046910989408691726
freetimegs-dense-coarse,30000,36,1.44,26.660557760665668,27.39027001145274,0.07547497376799583,0.04698887032767137
freetimegs-dense-coarse,30000,37,1.48,26.655395467967246,27.369990830005882,0.07631741836667061,0.04761498638739189
freetimegs-dense-coarse,30000,38,1.52,26.66689656335647,27.25325688246912,0.0742283125097553,0.048885773246486984
freetimegs-dense-coarse,30000,39,1.56,26.668624724317826,27.253034115346985,0.07522733230143785,0.04905002967764934
freetimegs-dense-coarse,30000,40,1.6,26.658534583856277,27.21495220229099,0.07594095077365637,0.047471742456158005
freetimegs-dense-coarse,30000,41,1.64,26.590668967112144,27.35439836099504,0.07650153525173664,0.048068094067275524
freetimegs-dense-coarse,30000,42,1.68,26.53766451602751,27.24937504133317,0.0775056928396225,0.04874233901500702
freetimegs-dense-coarse,30000,43,1.72,26.495683610423,27.208652150071188,0.07809792117526133,0.04845797394712766
freetimegs-dense-coarse,30000,44,1.76,26.49748316355375,27.01439235310894,0.07827538096656401,0.04816635915388664
freetimegs-dense-coarse,30000,45,1.8,26.505298657050925,27.039144032986865,0.07974196597933769,0.046411809201041855
freetimegs-dense-coarse,30000,46,1.84,26.47578380412304,27.005475620030094,0.0805438905954361,0.046601238970955215
freetimegs-dense-coarse,30000,47,1.88,26.422931032168112,26.939692179264124,0.08188719085107247,0.047519708362718426
freetimegs-dense-coarse,30000,48,1.92,26.367600489205877,26.88249374297273,0.0844106941173474,0.047350723296403885
freetimegs-dense-coarse,30000,49,1.96,26.248865066770115,26.802416536722514,0.08896830429633458,0.04936401546001434
freetimegs-dense-coarse,50000,0,0.0,27.301849636999084,27.683235646604007,0.058741032456358276,0.03850891503194968
freetimegs-dense-coarse,50000,1,0.04,27.327858930877053,27.706899207687403,0.05750057132293781,0.03782630773882071
freetimegs-dense-coarse,50000,2,0.08,27.362167838325163,27.750378885378318,0.05664450985689958,0.03752096385384599
freetimegs-dense-coarse,50000,3,0.12,27.372416556580625,27.75018980523704,0.05660374679913124,0.038090952361623444
freetimegs-dense-coarse,50000,4,0.16,27.344332994379997,27.709721350071916,0.057142047521968685,0.038606316006431975
freetimegs-dense-coarse,50000,5,0.2,27.324424769002132,27.67602223257531,0.056857525991896786,0.03927660562718908
freetimegs-dense-coarse,50000,6,0.24,27.200917707421333,27.5140764913875,0.0593040914585193,0.04296876319373647
freetimegs-dense-coarse,50000,7,0.28,27.002428630667776,27.646357409779085,0.05868725354472796,0.03986427063743273
freetimegs-dense-coarse,50000,8,0.32,27.431726097084294,28.1521974989249,0.05221607442945242,0.03861643824105462
freetimegs-dense-coarse,50000,9,0.36,27.452003599557077,28.179064215374563,0.05169691486905018,0.0385324073334535
freetimegs-dense-coarse,50000,10,0.4,27.425043505698802,28.17632770036134,0.051556698667506375,0.039199312372754015
freetimegs-dense-coarse,50000,11,0.44,27.41619098383395,28.6023250309285,0.04962249472737312,0.038323803804814816
freetimegs-dense-coarse,50000,12,0.48,27.39582953001036,28.60495022436245,0.05005876440554857,0.038304442229370274
freetimegs-dense-coarse,50000,13,0.52,27.361717676213413,28.71153476554589,0.051430237789948784,0.03928380863120159
freetimegs-dense-coarse,50000,14,0.56,27.30622772700099,28.62502800986517,0.05187551584094763,0.04000831861048937
freetimegs-dense-coarse,50000,15,0.6,27.293439257975212,28.422489833702553,0.053973374577860035,0.03940885669241349
freetimegs-dense-coarse,50000,16,0.64,27.252528118910483,28.684783085377717,0.054723603650927544,0.041606370359659195
freetimegs-dense-coarse,50000,17,0.68,27.20189792843549,28.58360664978865,0.05493541806936264,0.042377469750742115
freetimegs-dense-coarse,50000,18,0.72,27.17326486427347,28.538568636396615,0.056848848859469094,0.044314016898473106
freetimegs-dense-coarse,50000,19,0.76,27.11573027385252,28.372769803842345,0.05961839264879624,0.04700853768736124
freetimegs-dense-coarse,50000,20,0.8,26.468683835293312,27.40631354023917,0.06834969328095515,0.06838114776959021
freetimegs-dense-coarse,50000,21,0.84,25.79469279390932,26.48149323368756,0.08685694634914398,0.09489657108982404
freetimegs-dense-coarse,50000,22,0.88,25.499917770433257,26.06799878037344,0.09890028337637584,0.10421845813592275
freetimegs-dense-coarse,50000,23,0.92,25.830391862240365,26.34545805503506,0.09316590366264184,0.09109049662947655
freetimegs-dense-coarse,50000,24,0.96,26.484597212731302,27.270767701587197,0.07092035313447316,0.06699860313286383
freetimegs-dense-coarse,50000,25,1.0,27.116233458171845,28.32789992134262,0.05737829363594452,0.046663811430335045
freetimegs-dense-coarse,50000,26,1.04,27.12370610439829,28.399579060856734,0.05666896887123585,0.04614280474682649
freetimegs-dense-coarse,50000,27,1.08,27.13695151800592,28.32700648668982,0.056967648677527905,0.04634328853959838
freetimegs-dense-coarse,50000,28,1.12,27.117595632274085,27.999252530690228,0.05586679372936487,0.04719938601677617
freetimegs-dense-coarse,50000,29,1.16,27.119864280149905,27.56626571439331,0.05985343766709169,0.04693043945978085
freetimegs-dense-coarse,50000,30,1.2,27.15191006159686,27.611547355953903,0.05859113484621048,0.04546398979922136
freetimegs-dense-coarse,50000,31,1.24,27.20226567792678,27.66227636446964,0.057170482662816845,0.04398326141138872
freetimegs-dense-coarse,50000,32,1.28,27.22560584532301,27.67659275084003,0.05898657037566105,0.04345224176843961
freetimegs-dense-coarse,50000,33,1.32,27.22144171754158,27.639776032437762,0.059569719868401684,0.04393502976745367
freetimegs-dense-coarse,50000,34,1.36,27.219334429152,27.649249322924433,0.05920033001651367,0.043666166719049215
freetimegs-dense-coarse,50000,35,1.4,27.20303716757723,27.60437337484248,0.05988796489934126,0.04261637463544806
freetimegs-dense-coarse,50000,36,1.44,27.193732931507522,28.03174243070886,0.05857117039461931,0.04346284922212362
freetimegs-dense-coarse,50000,37,1.48,27.14769641067294,27.969407305868312,0.05974960823853811,0.04495491196090976
freetimegs-dense-coarse,50000,38,1.52,27.12766014710439,27.766982480755164,0.058140285002688565,0.04618536572282513
freetimegs-dense-coarse,50000,39,1.56,27.131722182715816,27.781995103100684,0.058779831044375896,0.04628345804909865
freetimegs-dense-coarse,50000,40,1.6,27.131343964744964,27.74833535033063,0.05916325654834509,0.04482541264345249
freetimegs-dense-coarse,50000,41,1.64,27.134915089728153,28.02490582980058,0.05878880061209202,0.0448701111599803
freetimegs-dense-coarse,50000,42,1.68,27.12593466772142,27.93165766983874,0.060070629231631756,0.04496040583277742
freetimegs-dense-coarse,50000,43,1.72,27.121711467069456,27.931585630310533,0.06018040298173825,0.043657616091271244
freetimegs-dense-coarse,50000,44,1.76,27.131360963600493,27.72116422559296,0.06023771936694781,0.04298696123684446
freetimegs-dense-coarse,50000,45,1.8,27.134889399716034,27.78245704642957,0.060698238822321095,0.04183747603868445
freetimegs-dense-coarse,50000,46,1.84,27.123804779515005,27.782923517959215,0.060541242050627865,0.04218902221570412
freetimegs-dense-coarse,50000,47,1.88,27.09733732765466,27.7573289802901,0.06073044923444589,0.04307689471170306
freetimegs-dense-coarse,50000,48,1.92,27.0576741292473,27.724777160732078,0.06157692801207304,0.043316264636814594
freetimegs-dense-coarse,50000,49,1.96,26.964887557352743,27.666423440167573,0.0636620953058203,0.045412528018156685
freetimegs-dense-cropped,5000,0,0.0,20.58844573883154,20.985164376061952,0.4148389622569084,0.0865051591147979
freetimegs-dense-cropped,5000,1,0.04,20.78791639651669,21.20780998884795,0.38850245128075284,0.08293923735618591
freetimegs-dense-cropped,5000,2,0.08,20.892900125518384,21.319669547171895,0.3755335559447606,0.0814079816142718
freetimegs-dense-cropped,5000,3,0.12,20.948697634507987,21.37665909677812,0.36828891932964325,0.08186087322731812
freetimegs-dense-cropped,5000,4,0.16,20.9912125971921,21.403390265666225,0.3631806919972102,0.08260190300643444
freetimegs-dense-cropped,5000,5,0.2,21.006923105250564,21.422355393881084,0.3586443215608597,0.08543191601832707
freetimegs-dense-cropped,5000,6,0.24,20.89923276844686,21.299778521035012,0.36611121396223706,0.09231562788287799
freetimegs-dense-cropped,5000,7,0.28,21.042631192764095,21.591356935803176,0.3558918486038844,0.07964278260866801
freetimegs-dense-cropped,5000,8,0.32,21.13719652686975,21.599793626060393,0.3609816978375117,0.07812449956933658
freetimegs-dense-cropped,5000,9,0.36,21.187075329230463,21.666688076526366,0.35756636907656986,0.07852485092977683
freetimegs-dense-cropped,5000,10,0.4,21.20149256261033,21.667578938812152,0.35676388690869015,0.07861252749959628
freetimegs-dense-cropped,5000,11,0.44,21.217380880772406,22.082397698324336,0.3431001404921214,0.07802158656219642
freetimegs-dense-cropped,5000,12,0.48,21.2171940581553,22.103375707149382,0.3466427947084109,0.07754963015516599
freetimegs-dense-cropped,5000,13,0.52,21.229658201301646,22.85211276707183,0.33405354619026184,0.0786180483798186
freetimegs-dense-cropped,5000,14,0.56,21.176924336004504,22.801354694162647,0.33719048649072647,0.07949450239539146
freetimegs-dense-cropped,5000,15,0.6,21.13860958483538,22.14711377662912,0.36374616622924805,0.07981849585970242
freetimegs-dense-cropped,5000,16,0.64,21.10564504215677,22.861354720311112,0.3504323437809944,0.08276714260379474
freetimegs-dense-cropped,5000,17,0.68,21.071887366873245,22.824082589492328,0.3504761482278506,0.08409922011196613
freetimegs-dense-cropped,5000,18,0.72,20.967467314093195,22.670198731047822,0.36588825037082034,0.0887910823027293
freetimegs-dense-cropped,5000,19,0.76,20.790580589720193,22.423507178722062,0.38555267949899036,0.09970284253358841
freetimegs-dense-cropped,5000,20,0.8,20.573836368470307,21.513378281946004,0.43135114510854083,0.11553986929357052
freetimegs-dense-cropped,5000,21,0.84,20.371552015601026,21.252073411458817,0.4550745462377866,0.1311770509928465
freetimegs-dense-cropped,5000,22,0.88,20.308848910835245,21.140178102217256,0.46565427879492444,0.13443711834649244
freetimegs-dense-cropped,5000,23,0.92,20.38476640863735,21.737618427295203,0.4427945489684741,0.1251750010997057
freetimegs-dense-cropped,5000,24,0.96,20.593077470571462,21.983694117661802,0.4172447696328163,0.10975260163346927
freetimegs-dense-cropped,5000,25,1.0,20.82130943845904,22.316543622677784,0.38330559184153873,0.09579944548507531
freetimegs-dense-cropped,5000,26,1.04,20.958373582894836,22.519491408335462,0.36591485142707825,0.08997367384533088
freetimegs-dense-cropped,5000,27,1.08,21.01933831128731,22.559470794596802,0.35755324363708496,0.08879755685726802
freetimegs-dense-cropped,5000,28,1.12,21.04253812405156,21.855744583496808,0.36844629297653836,0.08877148913840453
freetimegs-dense-cropped,5000,29,1.16,21.07311214368982,21.505976435482605,0.38032664606968564,0.08795475835601489
freetimegs-dense-cropped,5000,30,1.2,21.10336084585104,21.5363499779024,0.37669096887111664,0.08583302795886993
freetimegs-dense-cropped,5000,31,1.24,21.123263962690796,21.5484434503998,0.3734012121955554,0.08547251112759113
freetimegs-dense-cropped,5000,32,1.28,21.149028502506308,21.55619254817429,0.3688595121105512,0.08454867638647556
freetimegs-dense-cropped,5000,33,1.32,21.144404671167383,21.53286437010049,0.3690658410390218,0.08421479227642219
freetimegs-dense-cropped,5000,34,1.36,21.171236109145674,21.56347570057535,0.36587513486544293,0.08273841130236785
freetimegs-dense-cropped,5000,35,1.4,21.16532090267799,21.517745727871475,0.3697902982433637,0.08168011407057445
freetimegs-dense-cropped,5000,36,1.44,21.157074391506907,21.861713549575263,0.35759053627649945,0.08286110870540142
freetimegs-dense-cropped,5000,37,1.48,21.161470762324537,21.851764223311708,0.35372128089269,0.08313300025959809
freetimegs-dense-cropped,5000,38,1.52,21.15278440006322,21.62978885580737,0.36264995485544205,0.08404747831324737
freetimegs-dense-cropped,5000,39,1.56,21.140872872481385,21.597366670239435,0.3637067551414172,0.0836202787856261
freetimegs-dense-cropped,5000,40,1.6,21.114716911319185,21.58396957646853,0.3680091400941213,0.08235474427541097
freetimegs-dense-cropped,5000,41,1.64,21.070845422016532,21.847429075512867,0.3588782126704852,0.08335258687535922
freetimegs-dense-cropped,5000,42,1.68,21.04403880240402,21.814261501125365,0.35638900597890216,0.08310466073453426
freetimegs-dense-cropped,5000,43,1.72,21.032136710960135,21.80167992688422,0.35565945009390515,0.0806232759108146
freetimegs-dense-cropped,5000,44,1.76,21.024318763502535,21.53280852011832,0.36746031294266385,0.07969575002789497
freetimegs-dense-cropped,5000,45,1.8,20.962871772227764,21.451109341429483,0.3745096226533254,0.07835630141198635
freetimegs-dense-cropped,5000,46,1.84,20.91123868082657,21.408145615861642,0.3774475206931432,0.07854247651994228
freetimegs-dense-cropped,5000,47,1.88,20.829539390315684,21.32253127364642,0.3838781689604123,0.08005210881431897
freetimegs-dense-cropped,5000,48,1.92,20.671848896968065,21.16310217212562,0.40034205714861554,0.08288512813548247
freetimegs-dense-cropped,5000,49,1.96,20.459613124221114,20.931355933205122,0.4222769911090533,0.08843665818373363
freetimegs-dense-cropped,10000,0,0.0,22.572399460550116,23.189914414382283,0.23750434319178262,0.06639077762762706
freetimegs-dense-cropped,10000,1,0.04,22.746997726943135,23.408332339517194,0.2238458308080832,0.06374004359046619
freetimegs-dense-cropped,10000,2,0.08,22.873273594561265,23.55043214924643,0.216699139525493,0.06226791503528754
freetimegs-dense-cropped,10000,3,0.12,22.97174924702561,23.64910518325234,0.21024820456902185,0.0623625780766209
freetimegs-dense-cropped,10000,4,0.16,22.98073152964297,23.63826701801316,0.21115789810816446,0.0641066050156951
freetimegs-dense-cropped,10000,5,0.2,22.959152240103094,23.632836649692685,0.21141797304153442,0.06750166167815526
freetimegs-dense-cropped,10000,6,0.24,22.751019415369786,23.40709500105209,0.21456541369358698,0.0770059439043204
freetimegs-dense-cropped,10000,7,0.28,23.047248119898725,23.918708521506247,0.2050591272612413,0.060170308065911136
freetimegs-dense-cropped,10000,8,0.32,23.234301439036862,24.05048844952861,0.2007423179845015,0.05794180929660797
freetimegs-dense-cropped,10000,9,0.36,23.259316371442097,24.10190948407574,0.19956480214993158,0.058499486185610294
freetimegs-dense-cropped,10000,10,0.4,23.268068799483135,24.091898639519215,0.19672883922855058,0.0583999315276742
freetimegs-dense-cropped,10000,11,0.44,23.25071001915027,24.49159279404021,0.1908650497595469,0.05822496892263492
freetimegs-dense-cropped,10000,12,0.48,23.217032013739267,24.489839996408342,0.1925792135298252,0.05921434362729391
freetimegs-dense-cropped,10000,13,0.52,23.20655571919289,24.990437658128307,0.18826013058423996,0.06004412534336249
freetimegs-dense-cropped,10000,14,0.56,23.189662592456294,24.974132412445535,0.1863702485958735,0.060065764312942825
freetimegs-dense-cropped,10000,15,0.6,23.153703566314327,24.49675479610218,0.2059647279481093,0.05938380925605694
freetimegs-dense-cropped,10000,16,0.64,23.125259477518394,25.022544890654867,0.19776144499580064,0.06191237705449263
freetimegs-dense-cropped,10000,17,0.68,23.049646063601525,24.916775890759858,0.2036487559477488,0.06422515244533618
freetimegs-dense-cropped,10000,18,0.72,22.97472624209507,24.83106050787814,0.2127981334924698,0.06798496966560681
freetimegs-dense-cropped,10000,19,0.76,22.81317876305701,24.61401796928127,0.2242692050834497,0.0769568079461654
freetimegs-dense-cropped,10000,20,0.8,22.516054544411677,23.759231479337735,0.25026147564252216,0.09590234545369943
freetimegs-dense-cropped,10000,21,0.84,22.16230576685885,23.28637589598634,0.2726802093287309,0.11871207257111867
freetimegs-dense-cropped,10000,22,0.88,22.06415007509359,23.103089457344467,0.28338778764009476,0.1243716621150573
freetimegs-dense-cropped,10000,23,0.92,22.25259704293111,23.666271248524918,0.2683667801320553,0.1106807782004277
freetimegs-dense-cropped,10000,24,0.96,22.603570663925893,24.13675338227307,0.23966908579071364,0.08876145320634048
freetimegs-dense-cropped,10000,25,1.0,22.908010479454763,24.578554510616712,0.214935136338075,0.0732653218631943
freetimegs-dense-cropped,10000,26,1.04,23.052667903309683,24.786651764682304,0.2040630653500557,0.0696799506743749
freetimegs-dense-cropped,10000,27,1.08,23.12264586977158,24.816040171181683,0.20057551686962447,0.06911144809176524
freetimegs-dense-cropped,10000,28,1.12,23.191536728195935,24.25500976406791,0.2052579919497172,0.06818211544305086
freetimegs-dense-cropped,10000,29,1.16,23.268522923299223,24.003157237034856,0.20950576911369959,0.06703110660115878
freetimegs-dense-cropped,10000,30,1.2,23.326562845104338,24.063778235265683,0.20708288004000983,0.06426699925214052
freetimegs-dense-cropped,10000,31,1.24,23.338146978587684,24.065770024114006,0.20579255372285843,0.0631366300707062
freetimegs-dense-cropped,10000,32,1.28,23.27810894905497,23.975415896042275,0.2086257499953111,0.06408681596318881
freetimegs-dense-cropped,10000,33,1.32,23.227109379862867,23.883237012888657,0.2109067551791668,0.06578237811724345
freetimegs-dense-cropped,10000,34,1.36,23.20751521151491,23.875078385981322,0.20964461440841356,0.06572090275585651
freetimegs-dense-cropped,10000,35,1.4,23.226988999496516,23.8448532705857,0.2101334147155285,0.06379500838617484
freetimegs-dense-cropped,10000,36,1.44,23.238394319803692,24.143923479001963,0.2030060887336731,0.06401077657938004
freetimegs-dense-cropped,10000,37,1.48,23.256434163837294,24.124777120476203,0.20204000920057297,0.06380969472229481
freetimegs-dense-cropped,10000,38,1.52,23.273027533106024,24.0180458164608,0.20291857918103537,0.06441771021733682
freetimegs-dense-cropped,10000,39,1.56,23.253094715040767,23.967337909605288,0.20534671967228255,0.06484345532953739
freetimegs-dense-cropped,10000,40,1.6,23.211776960999465,23.927215967732074,0.20780740305781364,0.06409979611635208
freetimegs-dense-cropped,10000,41,1.64,23.147436484121663,24.13246478110973,0.204765102515618,0.06532434312005837
freetimegs-dense-cropped,10000,42,1.68,23.124380800038526,24.056191767965714,0.20598644266525903,0.06530198951562245
freetimegs-dense-cropped,10000,43,1.72,23.1241111832445,24.058386083203658,0.20576591168840727,0.0631970101967454
freetimegs-dense-cropped,10000,44,1.76,23.120697575815083,23.800005028588775,0.21048764139413834,0.06252973371495803
freetimegs-dense-cropped,10000,45,1.8,23.086336567155143,23.751708646101154,0.21345500151316324,0.06108140479773283
freetimegs-dense-cropped,10000,46,1.84,23.007551329417286,23.672115990556016,0.21864844610293707,0.06189930532127619
freetimegs-dense-cropped,10000,47,1.88,22.91821028608525,23.579675953660036,0.22478566070397696,0.06333348341286182
freetimegs-dense-cropped,10000,48,1.92,22.795306841406124,23.458023605457978,0.23056717837850252,0.06465622658530872
freetimegs-dense-cropped,10000,49,1.96,22.580764169040844,23.23474359113464,0.24305562923351923,0.06905580591410398
freetimegs-dense-cropped,20000,0,0.0,24.61947500112565,25.532377009491878,0.1182040727386872,0.050512511283159256
freetimegs-dense-cropped,20000,1,0.04,24.79931760369157,25.745095167831412,0.11171807907521725,0.04800178172687689
freetimegs-dense-cropped,20000,2,0.08,24.86814944893635,25.827306042876597,0.10828235931694508,0.04724830357978741
freetimegs-dense-cropped,20000,3,0.12,24.908647749302965,25.86445487860583,0.10680484026670456,0.04805899364873767
freetimegs-dense-cropped,20000,4,0.16,24.904753315014908,25.8310160070488,0.10575344786047935,0.049046061001718044
freetimegs-dense-cropped,20000,5,0.2,24.868010562269845,25.799545495613692,0.10625473782420158,0.05092207777003447
freetimegs-dense-cropped,20000,6,0.24,24.60096823810064,25.496578746479837,0.11184379458427429,0.06039226986467838
freetimegs-dense-cropped,20000,7,0.28,24.733788563670927,25.898528457844115,0.10559447854757309,0.04848426083723704
freetimegs-dense-cropped,20000,8,0.32,25.077826349548246,26.254620142366615,0.10021680841843288,0.04682734236121178
freetimegs-dense-cropped,20000,9,0.36,25.15130193437439,26.37042302407153,0.09842922041813533,0.04680961215247711
freetimegs-dense-cropped,20000,10,0.4,25.1544661601485,26.3698720528092,0.09826131475468476,0.04758376348763704
freetimegs-dense-cropped,20000,11,0.44,25.167946009384057,26.772806163151472,0.09337016195058823,0.04649167011181513
freetimegs-dense-cropped,20000,12,0.48,25.18385410105981,26.821192908176762,0.0933746478209893,0.04651099008818468
freetimegs-dense-cropped,20000,13,0.52,25.169320939026193,27.078985541406464,0.09382146100203197,0.04775395430624485
freetimegs-dense-cropped,20000,14,0.56,25.123391513112868,27.015489137326593,0.09448210584620635,0.048123548117776714
freetimegs-dense-cropped,20000,15,0.6,25.098851106290528,26.72772472814775,0.10246753878891468,0.04735835952063402
freetimegs-dense-cropped,20000,16,0.64,25.057429017511723,27.088924031545773,0.10004208981990814,0.049733144541581474
freetimegs-dense-cropped,20000,17,0.68,25.01012166027166,27.03047477819601,0.10275853052735329,0.05038447491824627
freetimegs-dense-cropped,20000,18,0.72,24.954178180640664,26.950134358049617,0.10813101567327976,0.05339574192961057
freetimegs-dense-cropped,20000,19,0.76,24.818401602715973,26.700292100643836,0.11521741809944312,0.05977778105686108
freetimegs-dense-cropped,20000,20,0.8,24.43030818518488,25.923368745226625,0.1300412950416406,0.08007737187047799
freetimegs-dense-cropped,20000,21,0.84,23.88271486353856,25.151490951539976,0.15354289238651594,0.10793384288748105
freetimegs-dense-cropped,20000,22,0.88,23.663956662692097,24.774651138650412,0.16608577345808348,0.11740352399647236
freetimegs-dense-cropped,20000,23,0.92,23.953889440107634,25.19608000486397,0.156274834026893,0.10171046294271946
freetimegs-dense-cropped,20000,24,0.96,24.46947512932118,25.924748641266696,0.12972413251797357,0.07540003955364227
freetimegs-dense-cropped,20000,25,1.0,24.88016731712774,26.611900282609398,0.11218138473729293,0.05718363759418329
freetimegs-dense-cropped,20000,26,1.04,24.956061630803518,26.743180725450486,0.10726209605733554,0.05531092391659816
freetimegs-dense-cropped,20000,27,1.08,24.974438913158853,26.68491133881019,0.10581397823989391,0.05552762156973282
freetimegs-dense-cropped,20000,28,1.12,25.004917636144498,26.26736605941471,0.1064631709208091,0.055826819501817226
freetimegs-dense-cropped,20000,29,1.16,25.066204733027224,25.994275427514903,0.10990713102122147,0.05494374688714743
freetimegs-dense-cropped,20000,30,1.2,25.079586501966517,26.01014948301761,0.10880391796429952,0.05368363205343485
freetimegs-dense-cropped,20000,31,1.24,25.088515374045972,26.006268003611158,0.10687294416129589,0.052861662892003856
freetimegs-dense-cropped,20000,32,1.28,25.07399419711236,25.94616145268951,0.10762675603230794,0.05216797782729069
freetimegs-dense-cropped,20000,33,1.32,25.050874546553295,25.876436537475236,0.1084147325406472,0.05266031684974829
freetimegs-dense-cropped,20000,34,1.36,25.022378079230172,25.851046313265382,0.10820373271902402,0.052629033414026104
freetimegs-dense-cropped,20000,35,1.4,24.991508487545822,25.74681799140521,0.10993323723475139,0.051489789659778275
freetimegs-dense-cropped,20000,36,1.44,24.97566667128482,26.032599944768133,0.10858615301549435,0.05256870792557796
freetimegs-dense-cropped,20000,37,1.48,24.951726404328145,25.957543753734726,0.1097515095025301,0.05345827837785085
freetimegs-dense-cropped,20000,38,1.52,24.967872659998896,25.922013496656284,0.10839042191704114,0.0544336149469018
freetimegs-dense-cropped,20000,39,1.56,24.942972484499176,25.857557710295357,0.10947239833573501,0.05511746431390444
freetimegs-dense-cropped,20000,40,1.6,24.94613510213172,25.83583650403917,0.11065490605930488,0.053642312064766884
freetimegs-dense-cropped,20000,41,1.64,24.89613447131142,25.982164079612335,0.10989938490092754,0.054496400679151215
freetimegs-dense-cropped,20000,42,1.68,24.875696853075656,25.896046412902496,0.11100579363604386,0.054543400493760906
freetimegs-dense-cropped,20000,43,1.72,24.865465999350377,25.897647586616216,0.112255214403073,0.05311960012962421
freetimegs-dense-cropped,20000,44,1.76,24.86847972176285,25.699963737888346,0.11261786830921967,0.05226366004596154
freetimegs-dense-cropped,20000,45,1.8,24.830947287469048,25.676303120950642,0.1143488772213459,0.05096261948347092
freetimegs-dense-cropped,20000,46,1.84,24.778993238445718,25.635479034344534,0.11589307834704717,0.05103897086034218
freetimegs-dense-cropped,20000,47,1.88,24.7309906631964,25.58562265921054,0.11758074102302392,0.05122503452003002
freetimegs-dense-cropped,20000,48,1.92,24.657382020665743,25.513875188542485,0.12222770663599174,0.05166006243477265
freetimegs-dense-cropped,20000,49,1.96,24.50644014609737,25.36449276348077,0.13033943995833397,0.05465708766132593
freetimegs-dense-cropped,30000,0,0.0,26.242605789368994,26.610063701414667,0.08198604981104533,0.044410718604922295
freetimegs-dense-cropped,30000,1,0.04,26.380923490156917,26.749551761970746,0.07836913007001083,0.042587175499647856
freetimegs-dense-cropped,30000,2,0.08,26.454895012475834,26.8328832410667,0.07624424217889707,0.041579675395041704
freetimegs-dense-cropped,30000,3,0.12,26.496608343402762,26.865906749506287,0.07508763670921326,0.04178536000351111
freetimegs-dense-cropped,30000,4,0.16,26.496084091450378,26.840860875081077,0.07515593090405066,0.042945506516844034
freetimegs-dense-cropped,30000,5,0.2,26.469291254578835,26.803108882416563,0.07527007814496756,0.04404765538250407
freetimegs-dense-cropped,30000,6,0.24,26.17307103442124,26.461841322689672,0.08111901550243299,0.05342281920214494
freetimegs-dense-cropped,30000,7,0.28,26.3871379293098,26.958583337226237,0.07497792070110638,0.04315469600260258
freetimegs-dense-cropped,30000,8,0.32,26.602454303078694,27.176918055001376,0.07122189303239186,0.04260056341687838
freetimegs-dense-cropped,30000,9,0.36,26.650143153885914,27.227949179070855,0.07037186560531457,0.04326212406158447
freetimegs-dense-cropped,30000,10,0.4,26.65487039071203,27.23640613873238,0.07028276131798823,0.044131010149916015
freetimegs-dense-cropped,30000,11,0.44,26.66592972372067,27.53637548753932,0.06793157011270523,0.04369640784958998
freetimegs-dense-cropped,30000,12,0.48,26.684236587400807,27.576832027077593,0.06822035492708285,0.04370616811017195
freetimegs-dense-cropped,30000,13,0.52,26.694553192229083,27.8186538366408,0.06958193642397721,0.04445544878641764
freetimegs-dense-cropped,30000,14,0.56,26.69584860423808,27.825471792038265,0.06913091242313385,0.04425569033871094
freetimegs-dense-cropped,30000,15,0.6,26.714541551793378,27.6795888817942,0.07257862978925307,0.04246535260851184
freetimegs-dense-cropped,30000,16,0.64,26.67484196236189,27.930864890890412,0.07255563791841269,0.04484984992692868
freetimegs-dense-cropped,30000,17,0.68,26.59948485282751,27.79997647261189,0.07455580215901136,0.046285880729556084
freetimegs-dense-cropped,30000,18,0.72,26.547272393681858,27.720544833585233,0.07742897048592567,0.04915772068003813
freetimegs-dense-cropped,30000,19,0.76,26.458311324678707,27.538751092697705,0.08209583535790443,0.05279841646552086
freetimegs-dense-cropped,30000,20,0.8,25.94408637768185,26.79409181010429,0.09276452908913295,0.0730449790135026
freetimegs-dense-cropped,30000,21,0.84,25.2908910346679,25.92755276045254,0.11287635192275047,0.10136139082411925
freetimegs-dense-cropped,30000,22,0.88,24.97551293899235,25.479010545521376,0.12613053930302462,0.11304048386712869
freetimegs-dense-cropped,30000,23,0.92,25.30561982931229,25.785530145480227,0.11934271516899268,0.09815330989658833
freetimegs-dense-cropped,30000,24,0.96,25.902576439301377,26.60332492469499,0.09476793371140957,0.0730425026267767
freetimegs-dense-cropped,30000,25,1.0,26.475141923699688,27.52886855673012,0.07988123750934999,0.05314300116151571
freetimegs-dense-cropped,30000,26,1.04,26.581996468470926,27.746590358703372,0.07604612534244855,0.050202567440768085
freetimegs-dense-cropped,30000,27,1.08,26.605926107575748,27.708519335920734,0.07473368073503177,0.05019902903586626
freetimegs-dense-cropped,30000,28,1.12,26.600392914787044,27.354829127598578,0.07429138974597056,0.051152125311394535
freetimegs-dense-cropped,30000,29,1.16,26.644720502391934,27.03202313267598,0.0775176826864481,0.05021301098167896
freetimegs-dense-cropped,30000,30,1.2,26.677817757152265,27.081367676730977,0.07611894917984803,0.048398736553887524
freetimegs-dense-cropped,30000,31,1.24,26.702256041578696,27.11199448449859,0.07468354081114133,0.047606702583531536
freetimegs-dense-cropped,30000,32,1.28,26.715515269732506,27.113790408985707,0.07637937429050605,0.04758258846898874
freetimegs-dense-cropped,30000,33,1.32,26.719308845474323,27.09104689388917,0.07675864702711503,0.048172321170568466
freetimegs-dense-cropped,30000,34,1.36,26.717408641087296,27.09990643214668,0.07591403089463711,0.04786552581936121
freetimegs-dense-cropped,30000,35,1.4,26.69030172603322,27.04198339126481,0.07664481084793806,0.046703700286646686
freetimegs-dense-cropped,30000,36,1.44,26.69663787245598,27.412596693700696,0.07555774382005136,0.04687648670126995
freetimegs-dense-cropped,30000,37,1.48,26.704120481448353,27.411074289490045,0.07621378699938457,0.047196710792680584
freetimegs-dense-cropped,30000,38,1.52,26.711047523968602,27.308060523509834,0.07393048113832872,0.0486207806194822
freetimegs-dense-cropped,30000,39,1.56,26.710719264577335,27.306139288794967,0.07548024660597245,0.048934198605517544
freetimegs-dense-cropped,30000,40,1.6,26.688002875812163,27.256479325535643,0.07607216977824767,0.047442820544044174
freetimegs-dense-cropped,30000,41,1.64,26.610683799507175,27.391583352224696,0.07657044256726901,0.04830086572716633
freetimegs-dense-cropped,30000,42,1.68,26.55266942164462,27.27276670653367,0.07785745865354936,0.048894232138991356
freetimegs-dense-cropped,30000,43,1.72,26.497841017090277,27.219846727019046,0.07865682834138472,0.04859535023570061
freetimegs-dense-cropped,30000,44,1.76,26.48289986695877,27.015695114123744,0.07861463911831379,0.04824282632519802
freetimegs-dense-cropped,30000,45,1.8,26.47697888957969,27.041026698188258,0.07936043261239926,0.04654253118981918
freetimegs-dense-cropped,30000,46,1.84,26.44814580567661,27.012558120806126,0.08023015844325225,0.046615605552991234
freetimegs-dense-cropped,30000,47,1.88,26.40912738481424,26.970713287895013,0.08156275035192569,0.047484872241814934
freetimegs-dense-cropped,30000,48,1.92,26.355217381712336,26.916980947145827,0.0841468796133995,0.047374314007659755
freetimegs-dense-cropped,30000,49,1.96,26.251284287230003,26.82340760707607,0.08866394559542339,0.04922401160001755
freetimegs-dense-cropped,50000,0,0.0,27.362369137811836,27.69961362143048,0.05852684689064821,0.03874102250362436
freetimegs-dense-cropped,50000,1,0.04,27.400075946707364,27.74202126816448,0.05739026547720035,0.03781759816532334
freetimegs-dense-cropped,50000,2,0.08,27.429523729335454,27.778946859081742,0.05662343682100376,0.03748626370603839
freetimegs-dense-cropped,50000,3,0.12,27.450039470383565,27.779210975951408,0.0564999378596743,0.03811670343081156
freetimegs-dense-cropped,50000,4,0.16,27.43763312162402,27.736694098515063,0.05702677027632793,0.038726389563332
freetimegs-dense-cropped,50000,5,0.2,27.40859109746977,27.691180049953232,0.05690077350785335,0.039343742188066244
freetimegs-dense-cropped,50000,6,0.24,27.29556883381261,27.542944598050177,0.05958264383176962,0.04281510257472595
freetimegs-dense-cropped,50000,7,0.28,27.062926512515862,27.613375867863276,0.05988555649916331,0.039698096457868814
freetimegs-dense-cropped,50000,8,0.32,27.513027922161402,28.163741852988124,0.05307870948066314,0.03821004104490081
freetimegs-dense-cropped,50000,9,0.36,27.52582532908221,28.196647196265854,0.052240089513361454,0.038187410682439804
freetimegs-dense-cropped,50000,10,0.4,27.49951261444921,28.196217399874286,0.05226605385541916,0.03891692232961456
freetimegs-dense-cropped,50000,11,0.44,27.49347136357384,28.601101890355743,0.05055026896297932,0.03822357269624869
freetimegs-dense-cropped,50000,12,0.48,27.479031349736918,28.60242890938885,0.05078774814804395,0.03863288974389434
freetimegs-dense-cropped,50000,13,0.52,27.455045959131173,28.692032404503994,0.05195466863612334,0.03963960101827979
freetimegs-dense-cropped,50000,14,0.56,27.40756626456833,28.62229687691105,0.052243209443986416,0.03998183893660704
freetimegs-dense-cropped,50000,15,0.6,27.399803145627956,28.482242890123842,0.05402757630993923,0.039068974709759154
freetimegs-dense-cropped,50000,16,0.64,27.357233022327463,28.713425596793638,0.054689412315686546,0.041287855400393404
freetimegs-dense-cropped,50000,17,0.68,27.295558983361,28.614661477312502,0.05513546119133631,0.04211463996519645
freetimegs-dense-cropped,50000,18,0.72,27.27398440498456,28.5795072579169,0.05644583639999231,0.04420166959365209
freetimegs-dense-cropped,50000,19,0.76,27.220014543468686,28.414328624812157,0.05917193026592334,0.04708582193901142
freetimegs-dense-cropped,50000,20,0.8,26.546622972522222,27.429330496525044,0.06871932838112116,0.06882557241866986
freetimegs-dense-cropped,50000,21,0.84,25.87288847834603,26.51366360719763,0.0869008054335912,0.09580640246470769
freetimegs-dense-cropped,50000,22,0.88,25.564946787257092,26.084043556320566,0.09901956220467885,0.10638855956494808
freetimegs-dense-cropped,50000,23,0.92,25.900988562797092,26.3717070713277,0.09387723418573539,0.09219822660088539
freetimegs-dense-cropped,50000,24,0.96,26.55446972509523,27.29470073397997,0.07130997162312269,0.06702968726555507
freetimegs-dense-cropped,50000,25,1.0,27.21913413384182,28.39431706438053,0.05728394662340482,0.046489438662926354
freetimegs-dense-cropped,50000,26,1.04,27.23227937416118,28.470750971367906,0.05657968142380317,0.045870716062684856
freetimegs-dense-cropped,50000,27,1.08,27.241037580376002,28.394284416101183,0.05639371834695339,0.04619605140760541
freetimegs-dense-cropped,50000,28,1.12,27.218311194493253,28.098105408593405,0.05547356605529785,0.04701899333546559
freetimegs-dense-cropped,50000,29,1.16,27.232567905229452,27.67840101668217,0.05914748553186655,0.046764243238916
freetimegs-dense-cropped,50000,30,1.2,27.272775363108202,27.733749265709097,0.05841846174250046,0.04498100420460105
freetimegs-dense-cropped,50000,31,1.24,27.320604633023077,27.784663691434226,0.056863329373300076,0.04359128776316842
freetimegs-dense-cropped,50000,32,1.28,27.324758566551616,27.782307908871804,0.058362301128606,0.04317332338541746
freetimegs-dense-cropped,50000,33,1.32,27.318235287434558,27.747909428180137,0.05905802454799414,0.043555340419212975
freetimegs-dense-cropped,50000,34,1.36,27.31879943130976,27.76102192148046,0.05853613497068485,0.04308057948946953
freetimegs-dense-cropped,50000,35,1.4,27.29080438923794,27.700564056155123,0.05924968452503284,0.04226580106963714
freetimegs-dense-cropped,50000,36,1.44,27.279967579827073,28.144873501269736,0.05774073302745819,0.04313682531937957
freetimegs-dense-cropped,50000,37,1.48,27.232667131694843,28.084395955041483,0.05869994405657053,0.04468060828124484
freetimegs-dense-cropped,50000,38,1.52,27.200944110600158,27.858822314479205,0.05779219946513573,0.04621032935877641
freetimegs-dense-cropped,50000,39,1.56,27.20335990660571,27.870612660932544,0.05852272640913725,0.046347236881653466
freetimegs-dense-cropped,50000,40,1.6,27.203068207056162,27.836795961173507,0.05902718442181746,0.04496567867075404
freetimegs-dense-cropped,50000,41,1.64,27.19536384390242,28.09652345198846,0.05839393908778826,0.04503135243430734
freetimegs-dense-cropped,50000,42,1.68,27.189918388269557,27.9628603379341,0.0593871728827556,0.04521948037048181
freetimegs-dense-cropped,50000,43,1.72,27.188881706715787,27.96693774062029,0.05978085193783045,0.04414858932917317
freetimegs-dense-cropped,50000,44,1.76,27.193795193782062,27.763397594729675,0.05958444345742464,0.04344998703648647
freetimegs-dense-cropped,50000,45,1.8,27.18959280892114,27.845615043938828,0.059778254168728985,0.04212655903150638
freetimegs-dense-cropped,50000,46,1.84,27.174028585837203,27.83729783704464,0.05954266960422198,0.042318706245472036
freetimegs-dense-cropped,50000,47,1.88,27.145800613120176,27.80542131373615,0.06026145815849304,0.043327457116295896
freetimegs-dense-cropped,50000,48,1.92,27.106131562306725,27.765785404327268,0.06127172335982323,0.0435377387329936
freetimegs-dense-cropped,50000,49,1.96,27.016464888210063,27.716811958206073,0.0631315844754378,0.045495886045197644
freetimegs-sparse,5000,0,0.0,18.951361574488637,19.164329342442368,0.4848197450240453,0.1753045010070006
freetimegs-sparse,5000,1,0.04,19.008068915238013,19.23588004811794,0.4798888911803563,0.17526025945941606
freetimegs-sparse,5000,2,0.08,19.04480615065691,19.275250604659508,0.47677910327911377,0.17552068084478378
freetimegs-sparse,5000,3,0.12,19.068056526265842,19.295703955113076,0.47178525229295093,0.17698285231987634
freetimegs-sparse,5000,4,0.16,19.092126234580462,19.29705763304764,0.46986233194669086,0.17843717957536379
freetimegs-sparse,5000,5,0.2,19.099411222950483,19.302002862442663,0.46838628500699997,0.1819493000706037
freetimegs-sparse,5000,6,0.24,19.099867685927787,19.29004914810701,0.467173400024573,0.1837428460518519
freetimegs-sparse,5000,7,0.28,19.34665926796443,19.584809275768265,0.45784353961547214,0.18612412735819817
freetimegs-sparse,5000,8,0.32,19.38714646189837,19.58041359706096,0.4569280842940013,0.188414899011453
freetimegs-sparse,5000,9,0.36,19.40194212145468,19.60661274496569,0.4566941310962041,0.1914209003249804
freetimegs-sparse,5000,10,0.4,19.419200450241437,19.600327447363952,0.45391836762428284,0.1930364432434241
freetimegs-sparse,5000,11,0.44,19.420671422141325,19.78292740573755,0.44940512379010517,0.1943870596587658
freetimegs-sparse,5000,12,0.48,19.41781397884124,19.773639864657618,0.45207950721184414,0.19558916861812273
freetimegs-sparse,5000,13,0.52,19.40458886764093,20.00572061020421,0.44935574382543564,0.1984781784315904
freetimegs-sparse,5000,14,0.56,19.391486963034016,19.986469684084483,0.45053067803382874,0.20244873811801276
freetimegs-sparse,5000,15,0.6,19.383856715355325,20.015466048524193,0.45287330200274784,0.2047771600385507
freetimegs-sparse,5000,16,0.64,19.38197138026422,20.253317202699822,0.4489675785104434,0.20551656931638718
freetimegs-sparse,5000,17,0.68,19.369690589820948,20.24597882255219,0.45145654926697415,0.20758837585647902
freetimegs-sparse,5000,18,0.72,19.34029237623219,20.203667020770705,0.4547959566116333,0.2076098807156086
freetimegs-sparse,5000,19,0.76,19.302461443338323,20.173721584013116,0.4563685382405917,0.21235854178667068
freetimegs-sparse,5000,20,0.8,19.281562551642576,19.907537210186973,0.4612819378574689,0.21611603473623595
freetimegs-sparse,5000,21,0.84,19.252516458190374,19.865084115262988,0.46426941206057865,0.2201616739233335
freetimegs-sparse,5000,22,0.88,19.24524183099635,19.831294576112068,0.466023621459802,0.2223455881079038
freetimegs-sparse,5000,23,0.92,19.240546542945523,20.048577041924116,0.4608948901295662,0.22475893795490265
freetimegs-sparse,5000,24,0.96,19.242332249127415,19.98154691298363,0.4611121341586113,0.2272548240919908
freetimegs-sparse,5000,25,1.0,19.251615158680103,19.984756891081457,0.4576588422060013,0.22845922534664473
freetimegs-sparse,5000,26,1.04,19.26426696783946,20.014594202600488,0.4569783036907514,0.22600725293159485
freetimegs-sparse,5000,27,1.08,19.25810689487153,19.97991635424798,0.4555721829334895,0.22396222377816835
freetimegs-sparse,5000,28,1.12,19.2625464073824,19.716118175123874,0.4579312950372696,0.22453258683284125
freetimegs-sparse,5000,29,1.16,19.275355764885266,19.57679874715159,0.4660007084409396,0.2221109258631865
freetimegs-sparse,5000,30,1.2,19.281763983357983,19.58819979474489,0.462539404630661,0.2241980421046416
freetimegs-sparse,5000,31,1.24,19.27106184567344,19.573634329094986,0.4606452186902364,0.22436047717928886
freetimegs-sparse,5000,32,1.28,19.256028024167854,19.546495676705444,0.46254683285951614,0.22653712083896002
freetimegs-sparse,5000,33,1.32,19.2366768813741,19.50523872785576,0.4621861552198728,0.2267296922703584
freetimegs-sparse,5000,34,1.36,19.233178165096625,19.505823532628234,0.4625343730052312,0.2266246403257052
freetimegs-sparse,5000,35,1.4,19.22856051183252,19.48037014918357,0.4643827751278877,0.22716770693659782
freetimegs-sparse,5000,36,1.44,19.217999431792563,19.620231693517912,0.45767575999101,0.22544010852773985
freetimegs-sparse,5000,37,1.48,19.205100149190706,19.586299100198442,0.4582656721274058,0.2241282599667708
freetimegs-sparse,5000,38,1.52,19.19834438425769,19.494409406995075,0.4624459321300189,0.2219911403954029
freetimegs-sparse,5000,39,1.56,19.183923984047464,19.466196375192617,0.4641063039501508,0.22162003566821417
freetimegs-sparse,5000,40,1.6,19.163313693907394,19.48011024679319,0.466606043279171,0.220300804823637
freetimegs-sparse,5000,41,1.64,19.149134149367562,19.604505272247955,0.4622551277279854,0.21856595824162164
freetimegs-sparse,5000,42,1.68,19.129275780928324,19.571829717820822,0.46220151086648303,0.21748221417268118
freetimegs-sparse,5000,43,1.72,19.111098017901657,19.55382103337575,0.4638645797967911,0.21558542922139168
freetimegs-sparse,5000,44,1.76,19.09405758839454,19.415679873564127,0.469789519906044,0.21213424826661745
freetimegs-sparse,5000,45,1.8,19.062597054073734,19.381674369806483,0.47521960735321045,0.21013054127494493
freetimegs-sparse,5000,46,1.84,19.031634948272067,19.354712144850566,0.4790847102801005,0.2080276980996132
freetimegs-sparse,5000,47,1.88,19.005086616815696,19.330464847644123,0.4816266596317291,0.20617588236927986
freetimegs-sparse,5000,48,1.92,18.95447725458335,19.279272795445287,0.48562590777873993,0.20389121770858765
freetimegs-sparse,5000,49,1.96,18.898256032018573,19.19954042458857,0.49120566497246426,0.20281133179863295
freetimegs-sparse,10000,0,0.0,20.515494943580027,20.74922418809009,0.3861045887072881,0.15034171814719835
freetimegs-sparse,10000,1,0.04,20.580449158066084,20.83672069950833,0.3816746150453885,0.15015549833575884
freetimegs-sparse,10000,2,0.08,20.63320633741338,20.89906633238639,0.3791452596584956,0.15019583205382028
freetimegs-sparse,10000,3,0.12,20.678621479396266,20.949621423291298,0.374766580760479,0.15126357972621918
freetimegs-sparse,10000,4,0.16,20.70417149072979,20.968997136100317,0.37390104432900745,0.1535053290426731
freetimegs-sparse,10000,5,0.2,20.686810105456416,20.956937209210217,0.37315752108891803,0.15898076196511587
freetimegs-sparse,10000,6,0.24,20.62760334927433,20.892936306981255,0.3733392208814621,0.16434021045764288
freetimegs-sparse,10000,7,0.28,20.95774592798815,21.280324589980225,0.3659332791964213,0.16397729888558388
freetimegs-sparse,10000,8,0.32,21.044537006650508,21.33691902280494,0.3621118292212486,0.16578693563739458
freetimegs-sparse,10000,9,0.36,21.06034953512045,21.352545155090084,0.3623810062805812,0.16877210761109987
freetimegs-sparse,10000,10,0.4,21.07783014444417,21.362605643692962,0.3601500441630681,0.17052752524614334
freetimegs-sparse,10000,11,0.44,21.068559199387227,21.540051978856766,0.3590600863099098,0.17236669982473055
freetimegs-sparse,10000,12,0.48,21.047891597072002,21.492719195177987,0.36224617809057236,0.174032940218846
freetimegs-sparse,10000,13,0.52,21.009626747106328,21.523948157393907,0.3692990193764369,0.17781071116526923
freetimegs-sparse,10000,14,0.56,20.97476615095678,21.470715698040895,0.3709868937730789,0.18219493081172308
freetimegs-sparse,10000,15,0.6,20.948170835034073,21.60472902983478,0.36509331315755844,0.18479855606953302
freetimegs-sparse,10000,16,0.64,20.9170129697425,21.674041210460175,0.37132997065782547,0.1867153805991014
freetimegs-sparse,10000,17,0.68,20.89007418203873,21.650304731131225,0.3730594565471013,0.18861730645100275
freetimegs-sparse,10000,18,0.72,20.85265424045035,21.58275771127747,0.37650200724601746,0.18904506787657738
freetimegs-sparse,10000,19,0.76,20.811284387915833,21.542524461414494,0.3785824105143547,0.1939194935063521
freetimegs-sparse,10000,20,0.8,20.800146555545684,21.45993580515149,0.37247296919425327,0.19702727968494096
freetimegs-sparse,10000,21,0.84,20.773169258274297,21.4189632142412,0.37401145448287326,0.2004816879828771
freetimegs-sparse,10000,22,0.88,20.768100228763746,21.372779577094395,0.37615541865428287,0.20161882042884827
freetimegs-sparse,10000,23,0.92,20.77232921163747,21.427104037944684,0.3837326044837634,0.20258169497052828
freetimegs-sparse,10000,24,0.96,20.784986258165347,21.36417668129723,0.38388239840666455,0.20381160949667296
freetimegs-sparse,10000,25,1.0,20.800654153674536,21.36589781296133,0.3807365323106448,0.20435854544242224
freetimegs-sparse,10000,26,1.04,20.825831401746882,21.406390799068003,0.3791992242137591,0.20164003719886145
freetimegs-sparse,10000,27,1.08,20.82405903234124,21.392133554372926,0.37841510275999707,0.20047749703129134
freetimegs-sparse,10000,28,1.12,20.846379238593528,21.289577817330088,0.37131039301554364,0.19998184591531754
freetimegs-sparse,10000,29,1.16,20.87804052789279,21.206014956945936,0.3729098563392957,0.19686098024249077
freetimegs-sparse,10000,30,1.2,20.89476808148787,21.23282403917571,0.37060386687517166,0.19656301910678545
freetimegs-sparse,10000,31,1.24,20.891258773281624,21.229184714038624,0.3685788114865621,0.19506447513898215
freetimegs-sparse,10000,32,1.28,20.866125887912332,21.18733002573871,0.37064329783121747,0.19696219886342684
freetimegs-sparse,10000,33,1.32,20.84801753820379,21.15112912916089,0.37160777300596237,0.19703064610560736
freetimegs-sparse,10000,34,1.36,20.84374377541522,21.149343837452985,0.37126074979702633,0.19553680593768755
freetimegs-sparse,10000,35,1.4,20.85037797434912,21.12014509021038,0.37303129335244495,0.19483512888352075
freetimegs-sparse,10000,36,1.44,20.85779138175948,21.218532256772303,0.3715333864092827,0.1917357643445333
freetimegs-sparse,10000,37,1.48,20.849992264284467,21.197003947587685,0.371942900121212,0.1899446869889895
freetimegs-sparse,10000,38,1.52,20.846848759658727,21.155836588763275,0.3696657170852025,0.18756547073523203
freetimegs-sparse,10000,39,1.56,20.833516690454296,21.122356239162148,0.3706584374109904,0.18703278278311095
freetimegs-sparse,10000,40,1.6,20.81049256964787,21.117104129487466,0.3725301076968511,0.185423926760753
freetimegs-sparse,10000,41,1.64,20.775102457435466,21.189897753614066,0.3731936067342758,0.18458272392551103
freetimegs-sparse,10000,42,1.68,20.739874515027115,21.183662064015923,0.3719571804006894,0.18421601876616478
freetimegs-sparse,10000,43,1.72,20.718240446454793,21.164985173990885,0.3742715120315552,0.1817977304259936
freetimegs-sparse,10000,44,1.76,20.691607413134967,21.033350744426038,0.374386598666509,0.1799310383697351
freetimegs-sparse,10000,45,1.8,20.63935056212936,20.94611372344753,0.37937213480472565,0.17836169650157294
freetimegs-sparse,10000,46,1.84,20.58807698672194,20.899055247251255,0.38187676668167114,0.177095557252566
freetimegs-sparse,10000,47,1.88,20.533607956156693,20.84744471954206,0.3839994892477989,0.1764864201347033
freetimegs-sparse,10000,48,1.92,20.461826153009845,20.77257191990259,0.3871838649113973,0.17607624704639116
freetimegs-sparse,10000,49,1.96,20.372730288325517,20.660049016167356,0.39219579348961514,0.17665529747804007
freetimegs-sparse,20000,0,0.0,22.194681481686075,22.310705123162204,0.304206474373738,0.1305149644613266
freetimegs-sparse,20000,1,0.04,22.286415525329748,22.41934730093766,0.3014499607185523,0.12907120337088904
freetimegs-sparse,20000,2,0.08,22.33669582559976,22.483943318232573,0.2999791093170643,0.12895800235370794
freetimegs-sparse,20000,3,0.12,22.377357132857618,22.526213276934023,0.29696325957775116,0.12973380212982497
freetimegs-sparse,20000,4,0.16,22.415753623852666,22.553449642043574,0.29691752418875694,0.13053200828532377
freetimegs-sparse,20000,5,0.2,22.420763717767702,22.559318974034344,0.2963394708931446,0.13383187788228193
freetimegs-sparse,20000,6,0.24,22.31054316358999,22.437289428157356,0.297538660466671,0.1415064117560784
freetimegs-sparse,20000,7,0.28,22.499251629397996,22.688491263459454,0.2927834987640381,0.14636180674036345
freetimegs-sparse,20000,8,0.32,22.681211255752167,22.859455436479596,0.2868526627620061,0.1465520734588305
freetimegs-sparse,20000,9,0.36,22.712001289005695,22.87878520974512,0.28689197699228924,0.14885104758044085
freetimegs-sparse,20000,10,0.4,22.742812023875462,22.92093261937211,0.2841394171118736,0.1502662387986978
freetimegs-sparse,20000,11,0.44,22.729401546504388,23.04732750505765,0.28596924369533855,0.1520391839245955
freetimegs-sparse,20000,12,0.48,22.712772806443347,22.990885703004494,0.28981362159053486,0.1533566601574421
freetimegs-sparse,20000,13,0.52,22.663106277699242,22.872017836368,0.3001258025566737,0.15652114525437355
freetimegs-sparse,20000,14,0.56,22.620315457473136,22.809390503583234,0.30239104976256687,0.1603982076048851
freetimegs-sparse,20000,15,0.6,22.59265209822974,23.063768457519814,0.29396353165308636,0.1622888296842575
freetimegs-sparse,20000,16,0.64,22.554813571610588,23.011317950168944,0.3018055185675621,0.16511660565932593
freetimegs-sparse,20000,17,0.68,22.512508536989746,22.96193575206402,0.30301282306512195,0.16783742234110832
freetimegs-sparse,20000,18,0.72,22.462261731062487,22.878858872577936,0.3069920813043912,0.16907146697243056
freetimegs-sparse,20000,19,0.76,22.417195923014237,22.82058600974279,0.30973391234874725,0.17341065655152002
freetimegs-sparse,20000,20,0.8,22.39637483724929,22.855985990903175,0.29743454853693646,0.17662238702178001
freetimegs-sparse,20000,21,0.84,22.36717148108327,22.812460883205908,0.29786864047249156,0.17898796995480856
freetimegs-sparse,20000,22,0.88,22.370333298117846,22.7850297447745,0.2996639634172122,0.17779169728358588
freetimegs-sparse,20000,23,0.92,22.39824450633145,22.75620296806807,0.31186891347169876,0.1761428825557232
freetimegs-sparse,20000,24,0.96,22.42609975778752,22.718997399111707,0.3124070291717847,0.1749186490972837
freetimegs-sparse,20000,25,1.0,22.45616684238675,22.750950773359982,0.31025107204914093,0.1724719169239203
freetimegs-sparse,20000,26,1.04,22.50783846667903,22.831880329041347,0.308300902446111,0.16861566404501596
freetimegs-sparse,20000,27,1.08,22.525951748514355,22.845683394095925,0.3078225354353587,0.16760501265525818
freetimegs-sparse,20000,28,1.12,22.553913320553395,22.873631814502282,0.29682643463214237,0.16632734363277754
freetimegs-sparse,20000,29,1.16,22.597739861625943,22.775010547392313,0.29580358291665715,0.1631415585676829
freetimegs-sparse,20000,30,1.2,22.61480439830406,22.802734035759233,0.2947426314155261,0.16236943503220877
freetimegs-sparse,20000,31,1.24,22.596737081324484,22.783229245295868,0.2934149031837781,0.16122608135143915
freetimegs-sparse,20000,32,1.28,22.55595417814173,22.731345774115614,0.29559102033575374,0.16314550365010896
freetimegs-sparse,20000,33,1.32,22.512645456258074,22.672570754010174,0.296440323193868,0.16444281240304312
freetimegs-sparse,20000,34,1.36,22.47519429963558,22.635480389029812,0.29698219150304794,0.16479756931463876
freetimegs-sparse,20000,35,1.4,22.44495776853883,22.576424340117995,0.2990085060397784,0.16482805584867796
freetimegs-sparse,20000,36,1.44,22.418120459978923,22.651256918297552,0.3030123983820279,0.16369538009166718
freetimegs-sparse,20000,37,1.48,22.38769150795129,22.617717509163462,0.3037277162075043,0.16388489926854768
freetimegs-sparse,20000,38,1.52,22.386033781222718,22.57362307592255,0.2988637288411458,0.16280861447254816
freetimegs-sparse,20000,39,1.56,22.37136383479691,22.548606024619637,0.30027200778325397,0.16297811642289162
freetimegs-sparse,20000,40,1.6,22.353667029349964,22.543779119075793,0.30261233697334927,0.16182584563891092
freetimegs-sparse,20000,41,1.64,22.31868258449518,22.607339210771205,0.3053151046236356,0.1617441363632679
freetimegs-sparse,20000,42,1.68,22.291996405290575,22.62419532309243,0.30443354199330014,0.1617696372171243
freetimegs-sparse,20000,43,1.72,22.288856617353307,22.629620804907994,0.3049958124756813,0.15903071562449136
freetimegs-sparse,20000,44,1.76,22.279367872432772,22.538877459737268,0.30230718354384106,0.15666450560092926
freetimegs-sparse,20000,45,1.8,22.258107830841684,22.48728807806249,0.3056790853540103,0.1538639503220717
freetimegs-sparse,20000,46,1.84,22.225061339321222,22.461946494699657,0.3069457560777664,0.15240327268838882
freetimegs-sparse,20000,47,1.88,22.181696439574736,22.423157303071093,0.3081323280930519,0.15130116418004036
freetimegs-sparse,20000,48,1.92,22.09058479544656,22.32511760249221,0.31046024709939957,0.15135722359021506
freetimegs-sparse,20000,49,1.96,21.970089385578625,22.183123327493945,0.31467267125844955,0.1531513991455237
freetimegs-sparse,30000,0,0.0,22.88624150704349,22.993609070486293,0.26984357585509616,0.1192449511339267
freetimegs-sparse,30000,1,0.04,22.956613818099992,23.086833642619393,0.26752422874172527,0.11824020681281884
freetimegs-sparse,30000,2,0.08,22.9913022740307,23.138116485057086,0.26571089774370193,0.11769586863617103
freetimegs-sparse,30000,3,0.12,23.04048765162831,23.195319390956797,0.26319896429777145,0.11754405746857326
freetimegs-sparse,30000,4,0.16,23.082537725644002,23.23349907294041,0.2634321028987567,0.11748821039994557
freetimegs-sparse,30000,5,0.2,23.08737689246768,23.240137877511525,0.26297760133941966,0.12012885138392448
freetimegs-sparse,30000,6,0.24,22.95216103490484,23.09026991141164,0.2650417772432168,0.12961405205229917
freetimegs-sparse,30000,7,0.28,23.152937507375075,23.360330344095416,0.2600616067647934,0.13412271005411944
freetimegs-sparse,30000,8,0.32,23.3223832161947,23.504472651014424,0.2552373359600703,0.1341072420279185
freetimegs-sparse,30000,9,0.36,23.333581579332087,23.493756527840258,0.2560379132628441,0.13639759458601475
freetimegs-sparse,30000,10,0.4,23.335020431052232,23.51982834706206,0.2531428039073944,0.13820550156136355
freetimegs-sparse,30000,11,0.44,23.309917058067438,23.63852224269837,0.2544465387860934,0.1395310511191686
freetimegs-sparse,30000,12,0.48,23.28772800345928,23.577026212787793,0.2584109144906203,0.14070451818406582
freetimegs-sparse,30000,13,0.52,23.231220600723024,23.441784089843445,0.26961199194192886,0.14421126432716846
freetimegs-sparse,30000,14,0.56,23.18224967610456,23.370884700335825,0.2710835635662079,0.1483351687590281
freetimegs-sparse,30000,15,0.6,23.15375339927058,23.62663611575915,0.26132873073220253,0.15034838765859604
freetimegs-sparse,30000,16,0.64,23.113604713529558,23.555687945760234,0.27011733998854953,0.15389647955695787
freetimegs-sparse,30000,17,0.68,23.057303415739177,23.493372419752436,0.2712622458736102,0.15700019896030426
freetimegs-sparse,30000,18,0.72,23.000852458201987,23.39314039735266,0.27528626720110577,0.159183153261741
freetimegs-sparse,30000,19,0.76,22.936440486906626,23.308755547708895,0.27758654206991196,0.1645790214339892
freetimegs-sparse,30000,20,0.8,22.884759109396573,23.358855800362672,0.26580988243222237,0.16929333408673605
freetimegs-sparse,30000,21,0.84,22.848611936818866,23.30239191021875,0.2659827855726083,0.17204845199982324
freetimegs-sparse,30000,22,0.88,22.845997941895007,23.263802457546824,0.26763206844528514,0.17084496840834618
freetimegs-sparse,30000,23,0.92,22.87760163540217,23.18937591949126,0.279997318983078,0.16857707872986794
freetimegs-sparse,30000,24,0.96,22.909917503175766,23.15266102248108,0.27986616889635724,0.1671364071468512
freetimegs-sparse,30000,25,1.0,22.951862721002275,23.194635755466873,0.27767038345336914,0.16512571275234222
freetimegs-sparse,30000,26,1.04,23.002937917276423,23.270772078013376,0.2761354347070058,0.16155952587723732
freetimegs-sparse,30000,27,1.08,23.017396212114292,23.27675304635378,0.27559495717287064,0.1601403864721457
freetimegs-sparse,30000,28,1.12,23.043145108309062,23.338459784377825,0.26443244020144147,0.15856574351588884
freetimegs-sparse,30000,29,1.16,23.08850828443288,23.25754419936929,0.26300158848365146,0.15545991932352385
freetimegs-sparse,30000,30,1.2,23.1170335925001,23.299595552581295,0.2623792923986912,0.15409976492325464
freetimegs-sparse,30000,31,1.24,23.107205955079156,23.29060393620824,0.26074982310334843,0.15249942367275557
freetimegs-sparse,30000,32,1.28,23.07800329695738,23.249372351075458,0.26326218744119007,0.15385480100909868
freetimegs-sparse,30000,33,1.32,23.042062955300143,23.192937340326104,0.2633755604426066,0.15529747058947882
freetimegs-sparse,30000,34,1.36,23.018409140351032,23.171853307269615,0.263285535077254,0.15515185644229254
freetimegs-sparse,30000,35,1.4,22.99831117785469,23.1214660900728,0.2653069756925106,0.15466093892852464
freetimegs-sparse,30000,36,1.44,22.994589059639512,23.217995920309022,0.269515289614598,0.153415709733963
freetimegs-sparse,30000,37,1.48,22.988964852248692,23.213906245579473,0.2705283500254154,0.15345961973071098
freetimegs-sparse,30000,38,1.52,22.987930335663936,23.160427103158323,0.2649059208730857,0.15262763078014055
freetimegs-sparse,30000,39,1.56,22.989428405413072,23.160610792454776,0.266737441221873,0.15198280289769173
freetimegs-sparse,30000,40,1.6,22.979733991333642,23.17027580364393,0.2690167886515458,0.1503253901998202
freetimegs-sparse,30000,41,1.64,22.96214603343367,23.25585734381082,0.27179566274086636,0.1499198538561662
freetimegs-sparse,30000,42,1.68,22.942229935937572,23.274914433373894,0.270271102587382,0.14982410768667856
freetimegs-sparse,30000,43,1.72,22.94814835057647,23.288661350879703,0.2714645465215047,0.14720658461252847
freetimegs-sparse,30000,44,1.76,22.936331482544865,23.19234831323413,0.2692150187989076,0.14559834574659666
freetimegs-sparse,30000,45,1.8,22.915322918229563,23.145706311813207,0.27182314172387123,0.1432122824092706
freetimegs-sparse,30000,46,1.84,22.89026270077325,23.127159974872782,0.2722942295173804,0.14249448788662752
freetimegs-sparse,30000,47,1.88,22.842252519705514,23.085655377762606,0.27327141041556996,0.14226256124675274
freetimegs-sparse,30000,48,1.92,22.743868691804714,22.97903427591111,0.2760693443318208,0.14277846241990724
freetimegs-sparse,30000,49,1.96,22.60612064069891,22.816195220628117,0.28033319612344104,0.14549021050333977
freetimegs-sparse,50000,0,0.0,23.68412879981087,23.739693061752586,0.2396359108388424,0.10893612789611022
freetimegs-sparse,50000,1,0.04,23.870413003937813,23.839576154564362,0.2375588541229566,0.10718187068899472
freetimegs-sparse,50000,2,0.08,23.894843186785312,23.88023615298062,0.2373720183968544,0.1072907317429781
freetimegs-sparse,50000,3,0.12,23.808382673244587,23.886736340283075,0.23576318100094795,0.1081568282097578
freetimegs-sparse,50000,4,0.16,23.712096567659444,23.877947255337887,0.23601586247483888,0.10910295446713765
freetimegs-sparse,50000,5,0.2,23.68187139007938,23.856060898658694,0.23608578741550446,0.11150510733326276
freetimegs-sparse,50000,6,0.24,23.6042282869146,23.74635673947462,0.23723873868584633,0.11808923135201137
freetimegs-sparse,50000,7,0.28,23.69668668434931,23.814464877686433,0.23592564339439073,0.1279168805728356
freetimegs-sparse,50000,8,0.32,24.048117279797037,24.08895594051002,0.22901108612616858,0.12764887511730194
freetimegs-sparse,50000,9,0.36,24.04920361802694,24.07268087319156,0.22941205650568008,0.1294603000084559
freetimegs-sparse,50000,10,0.4,23.959011183918875,24.10093861715756,0.2274941491583983,0.1310433012743791
freetimegs-sparse,50000,11,0.44,23.88266385910469,24.243071731991968,0.22886252899964651,0.13220616367956003
freetimegs-sparse,50000,12,0.48,23.87046962251409,24.18495832083617,0.2328423224389553,0.13226268937190375
freetimegs-sparse,50000,13,0.52,23.899261149920516,24.022256539382383,0.24381630371014276,0.13475294473270574
freetimegs-sparse,50000,14,0.56,23.942594146250833,23.955411595603863,0.24531492094198862,0.13829127637048563
freetimegs-sparse,50000,15,0.6,23.900816248903805,24.242482869585746,0.23533914734919867,0.13989216772218546
freetimegs-sparse,50000,16,0.64,23.797332923249108,24.15531661574515,0.24361833930015564,0.14263530944784483
freetimegs-sparse,50000,17,0.68,23.657246612542327,24.09956761172757,0.24492798373103142,0.14491336792707443
freetimegs-sparse,50000,18,0.72,23.564996532507738,23.980047585364833,0.2488189252714316,0.14733927076061568
freetimegs-sparse,50000,19,0.76,23.477745914562885,23.86520970572547,0.2513749450445175,0.15320986012617746
freetimegs-sparse,50000,20,0.8,23.386674512559587,23.89355080403811,0.23895272860924402,0.15874508147438368
freetimegs-sparse,50000,21,0.84,23.32507874969058,23.80589397624326,0.23980537801980972,0.16233833382527033
freetimegs-sparse,50000,22,0.88,23.306805609795163,23.75151358901214,0.24176527683933577,0.16169374684492746
freetimegs-sparse,50000,23,0.92,23.342094891382033,23.650079904523892,0.25419268384575844,0.1596057340502739
freetimegs-sparse,50000,24,0.96,23.378418450902053,23.62666368510672,0.25427640850345296,0.1585432489713033
freetimegs-sparse,50000,25,1.0,23.43150838626468,23.680091158614857,0.25160406281550723,0.15574867775042853
freetimegs-sparse,50000,26,1.04,23.47842139530848,23.763629852677838,0.24931449443101883,0.1521365853647391
freetimegs-sparse,50000,27,1.08,23.485881494944753,23.7585521397573,0.24917618309458098,0.15181463956832886
freetimegs-sparse,50000,28,1.12,23.50247524056807,23.83525173483349,0.23903785770138106,0.1517216774324576
freetimegs-sparse,50000,29,1.16,23.549890831039377,23.72427374141863,0.23808282613754272,0.14893714586893717
freetimegs-sparse,50000,30,1.2,23.653343456858515,23.76593015519252,0.2371073787411054,0.14750628173351288
freetimegs-sparse,50000,31,1.24,23.73495065967627,23.77076045516125,0.23570129896203676,0.14580256243546805
freetimegs-sparse,50000,32,1.28,23.709154156804576,23.74517050668601,0.23828696956237158,0.14669330914815268
freetimegs-sparse,50000,33,1.32,23.570030943925218,23.679278428659796,0.23860939592123032,0.1476367563009262
freetimegs-sparse,50000,34,1.36,23.4727447220344,23.63365352098628,0.23889603838324547,0.1477238548298677
freetimegs-sparse,50000,35,1.4,23.445055120868055,23.58209452987592,0.241266048202912,0.14715911448001862
freetimegs-sparse,50000,36,1.44,23.435708065549896,23.693422418233737,0.245473296691974,0.14617140839497247
freetimegs-sparse,50000,37,1.48,23.420609891482083,23.677030958536488,0.24552623306711516,0.14639310911297798
freetimegs-sparse,50000,38,1.52,23.40665184278756,23.62402003332876,0.23993531987071037,0.14577584092815718
freetimegs-sparse,50000,39,1.56,23.42441106048,23.632876001677477,0.24127946918209395,0.14507218450307846
freetimegs-sparse,50000,40,1.6,23.439936024240072,23.657853068500085,0.24370279163122177,0.14261731257041296
freetimegs-sparse,50000,41,1.64,23.453438532436692,23.78072630874324,0.24660968035459518,0.14133302867412567
freetimegs-sparse,50000,42,1.68,23.447207983893616,23.813473603592392,0.2447155254582564,0.14082108438014984
freetimegs-sparse,50000,43,1.72,23.520775199043857,23.868529731226836,0.24522054940462112,0.1381726749241352
freetimegs-sparse,50000,44,1.76,23.625056830130568,23.829610438835196,0.24157982816298804,0.13587925769388676
freetimegs-sparse,50000,45,1.8,23.640906503325684,23.805423288769642,0.24383065104484558,0.13322997962435087
freetimegs-sparse,50000,46,1.84,23.615603304409355,23.809151783058848,0.24409534161289534,0.1323725494245688
freetimegs-sparse,50000,47,1.88,23.61586103710571,23.791631845540227,0.24456332251429558,0.13213317282497883
freetimegs-sparse,50000,48,1.92,23.528374284622174,23.694181917746047,0.2467424434920152,0.1327997383972009
freetimegs-sparse,50000,49,1.96,23.29273399139079,23.487516845677284,0.2507169259091218,0.1361284957577785
stg-full,5000,0,0.0,23.467450760468154,23.28641750837103,0.2676713528732459,0.1221550020078818
stg-full,5000,1,0.04,23.548726446745384,23.387199837104948,0.26704857995112735,0.12150014502306779
stg-full,5000,2,0.08,23.570684653770652,23.422567860094297,0.2674383732179801,0.12276007297138374
stg-full,5000,3,0.12,23.560914006800576,23.41106734771237,0.2663944959640503,0.1254098992794752
stg-full,5000,4,0.16,23.52393235440823,23.36402052642261,0.2683955232302348,0.12859291397035122
stg-full,5000,5,0.2,23.411178696874654,23.24064467715577,0.26909691964586574,0.13513878919184208
stg-full,5000,6,0.24,23.228676036450878,23.043386164554935,0.2709084562957287,0.14382239741583666
stg-full,5000,7,0.28,23.505206959652323,23.361551859982704,0.26664304236570996,0.1496204553792874
stg-full,5000,8,0.32,23.638871239610566,23.490074068386544,0.261617299169302,0.1517752818763256
stg-full,5000,9,0.36,23.658645124648636,23.491286107797407,0.2617468163371086,0.15445823160310587
stg-full,5000,10,0.4,23.680758214342216,23.527792241583914,0.25947049632668495,0.1567307592680057
stg-full,5000,11,0.44,23.683789536111462,23.59943772923112,0.26168199504415196,0.1584295891225338
stg-full,5000,12,0.48,23.653015803342857,23.51314931324528,0.2639329346517722,0.16111817645529905
stg-full,5000,13,0.52,23.57852194076289,23.23896649720669,0.2792290846506755,0.16516832696894804
stg-full,5000,14,0.56,23.53125985915583,23.170866331250927,0.28086229662100476,0.16909388328591982
stg-full,5000,15,0.6,23.50602947993706,23.60284699095269,0.27001496280233067,0.17076145857572556
stg-full,5000,16,0.64,23.484029154138778,23.410158849918563,0.2812635749578476,0.1722779062887033
stg-full,5000,17,0.68,23.458273240231616,23.388700402929413,0.2826756437619527,0.17389370749394098
stg-full,5000,18,0.72,23.42612511072876,23.328503973421462,0.2838560839494069,0.17384032408396402
stg-full,5000,19,0.76,23.387897439892832,23.28778294474457,0.2854248210787773,0.1770783613125483
stg-full,5000,20,0.8,23.35371184406857,23.45934242916517,0.26908349990844727,0.17983478431900343
stg-full,5000,21,0.84,23.33732801497268,23.424082067086516,0.26927783464392024,0.18072402973969778
stg-full,5000,22,0.88,23.37529045070815,23.45308382823631,0.27134739483396214,0.17746604730685553
stg-full,5000,23,0.92,23.44994479024786,23.341662009253742,0.2862475315729777,0.1736945870021979
stg-full,5000,24,0.96,23.478969420986978,23.320467313164645,0.28668083747227985,0.17201717694600424
stg-full,5000,25,1.0,23.514319784272217,23.358589323165038,0.28583937635024387,0.16985481853286424
stg-full,5000,26,1.04,23.565715032469072,23.429900799573034,0.28505170345306396,0.16640381390849748
stg-full,5000,27,1.08,23.601634736024916,23.469641721752904,0.2853919391830762,0.16513251885771751
stg-full,5000,28,1.12,23.646621387434838,23.65319927069369,0.2720900972684224,0.16415953636169434
stg-full,5000,29,1.16,23.69630269256487,23.62958126456801,0.2685827078918616,0.16051058967908224
stg-full,5000,30,1.2,23.72748783583603,23.67043318661449,0.2674707807600498,0.1595682973663012
stg-full,5000,31,1.24,23.69979597668453,23.642808309333777,0.2652096611758073,0.15856991211573282
stg-full,5000,32,1.28,23.655132938112132,23.59625173566603,0.26764461025595665,0.16064644108215967
stg-full,5000,33,1.32,23.598378117070894,23.532405805678202,0.2683548244337241,0.16199713697036108
stg-full,5000,34,1.36,23.57479953441228,23.50986258132907,0.26796384652455646,0.1607658863067627
stg-full,5000,35,1.4,23.563235398691805,23.4921467248779,0.2706604910393556,0.15926316007971764
stg-full,5000,36,1.44,23.56690717043497,23.546866992650084,0.2765232635041078,0.1573717544476191
stg-full,5000,37,1.48,23.562208317384098,23.555711249412052,0.2759589304526647,0.15651314333081245
stg-full,5000,38,1.52,23.540094907297377,23.510117868961622,0.26948094740509987,0.15494834507505098
stg-full,5000,39,1.56,23.538681726261125,23.513459986073638,0.27042512968182564,0.1545761413872242
stg-full,5000,40,1.6,23.52450116342308,23.51644498350216,0.27141518145799637,0.15256040543317795
stg-full,5000,41,1.64,23.523533392970684,23.574878504763202,0.2756607693930467,0.15147933612267175
stg-full,5000,42,1.68,23.501786117028175,23.61457596351469,0.27364548419912654,0.15135608737667403
stg-full,5000,43,1.72,23.503296065848183,23.626322220955327,0.27484781419237453,0.14857182651758194
stg-full,5000,44,1.76,23.49329290190066,23.573449681973564,0.27035141239563626,0.14682714144388834
stg-full,5000,45,1.8,23.48033633904172,23.53262757789419,0.2721967200438182,0.1439009333650271
stg-full,5000,46,1.84,23.462955727960406,23.5271822440769,0.2716420528789361,0.14265349258979163
stg-full,5000,47,1.88,23.428611982713925,23.50417037880414,0.2710869275033474,0.14157051344712576
stg-full,5000,48,1.92,23.347059867249172,23.416101517848524,0.27234992881615955,0.14108892033497492
stg-full,5000,49,1.96,23.226134839464095,23.26316294452944,0.2741832211613655,0.14264672497908273
stg-full,10000,0,0.0,22.80733475096117,22.594161034768373,0.2631439032653968,0.11602051928639412
stg-full,10000,1,0.04,22.913131618104824,22.716627011321002,0.2624695623914401,0.11380906589329243
stg-full,10000,2,0.08,22.9713195997239,22.79103885628987,0.26196936642130214,0.11355163467427094
stg-full,10000,3,0.12,23.011247301698234,22.830978683218664,0.25999968498945236,0.11385080963373184
stg-full,10000,4,0.16,23.037222252715534,22.855631559450945,0.2608171763519446,0.11429126746952534
stg-full,10000,5,0.2,22.99680924557049,22.81269097807567,0.2609184297422568,0.1190053957204024
stg-full,10000,6,0.24,22.8508021697323,22.6545082629554,0.2627791799604893,0.1285691913217306
stg-full,10000,7,0.28,22.881325276569722,22.81974276020915,0.25972649703423184,0.1345484151194493
stg-full,10000,8,0.32,22.982963596535036,22.88163205900446,0.25492236763238907,0.13660470955073833
stg-full,10000,9,0.36,23.00896021253357,22.894714538734167,0.2547350488603115,0.13862652145326138
stg-full,10000,10,0.4,23.025052240364438,22.93554249516667,0.2526492464045684,0.14029861489931741
stg-full,10000,11,0.44,23.022636652514976,23.179010464318896,0.25279444580276805,0.14197324278453985
stg-full,10000,12,0.48,22.990163561949537,23.127277978317643,0.25474991525212926,0.14423628834386668
stg-full,10000,13,0.52,22.919877305754948,22.81425687934097,0.2704075872898102,0.14873970362047353
stg-full,10000,14,0.56,22.868353962706603,22.735174930634717,0.27233055233955383,0.15287679806351662
stg-full,10000,15,0.6,22.843808329185055,23.101634449154407,0.26296860973040265,0.15440105522672334
stg-full,10000,16,0.64,22.82071959100888,22.905541914491685,0.27449988573789597,0.15648653854926428
stg-full,10000,17,0.68,22.794912174766758,22.873890678140643,0.2752443378170331,0.1586422473192215
stg-full,10000,18,0.72,22.754926057722116,22.797202371487934,0.27704349408547085,0.15957227970163027
stg-full,10000,19,0.76,22.708596415911767,22.735838562268412,0.2776705746849378,0.16341329862674078
stg-full,10000,20,0.8,22.653003775691584,22.79821467104882,0.26357341061035794,0.16711300859848657
stg-full,10000,21,0.84,22.634645220940044,22.7629901099166,0.2637720927596092,0.1681564673781395
stg-full,10000,22,0.88,22.651273548442266,22.785048706342327,0.26605937754114467,0.16558669010798135
stg-full,10000,23,0.92,22.714907890860403,22.729037055055812,0.27886339525381726,0.16166606669624647
stg-full,10000,24,0.96,22.736717609491482,22.729076854059198,0.2789406900604566,0.15948771933714548
stg-full,10000,25,1.0,22.759858663540196,22.759349030814175,0.277669591208299,0.15711154540379843
stg-full,10000,26,1.04,22.794494086219135,22.81523735078058,0.2769115207095941,0.1535815360645453
stg-full,10000,27,1.08,22.818878740971947,22.833398301876862,0.276991364856561,0.15250163152813911
stg-full,10000,28,1.12,22.846179727156922,23.015053384205977,0.26383281747500104,0.15172534249722958
stg-full,10000,29,1.16,22.877435974994103,22.808688022889786,0.26236607879400253,0.1486068976422151
stg-full,10000,30,1.2,22.897507630550084,22.832117984796533,0.2613694916168849,0.14744476911922297
stg-full,10000,31,1.24,22.86560674008684,22.79374183895359,0.2594041936099529,0.1473339330404997
stg-full,10000,32,1.28,22.825398550592006,22.748283238919395,0.2618907118837039,0.14934092263380686
stg-full,10000,33,1.32,22.772610730449465,22.68665855546988,0.2629859670996666,0.15078491593400636
stg-full,10000,34,1.36,22.743325624569643,22.660482211392452,0.26261728753646213,0.14993849520881972
stg-full,10000,35,1.4,22.71518042253063,22.62171288914852,0.2655738132695357,0.14861195844908556
stg-full,10000,36,1.44,22.70045255702653,22.787972155042265,0.26957132543126744,0.14774834054211775
stg-full,10000,37,1.48,22.685568039677303,22.78679906941444,0.26931895936528844,0.14747399340073267
stg-full,10000,38,1.52,22.673230955944796,22.684676500043683,0.26354804759224254,0.14594662437836328
stg-full,10000,39,1.56,22.679096469061363,22.696938929757938,0.26443515221277875,0.14560941544671854
stg-full,10000,40,1.6,22.671215867980447,22.681247575283617,0.26640020062526065,0.14366227512558302
stg-full,10000,41,1.64,22.654485023582588,22.775712312308503,0.2691485459605853,0.1435819324105978
stg-full,10000,42,1.68,22.627408199283987,22.81688886093009,0.2672388864060243,0.14411717963715395
stg-full,10000,43,1.72,22.627404541832078,22.825435547561337,0.2684696478148301,0.14167199532190958
stg-full,10000,44,1.76,22.629568946397075,22.743379366925375,0.26464220384756726,0.13997613452374935
stg-full,10000,45,1.8,22.63448977006886,22.710642608386554,0.2666311301290989,0.13654975655178228
stg-full,10000,46,1.84,22.64333981005792,22.731908228555124,0.2664061499138673,0.1348815287152926
stg-full,10000,47,1.88,22.645699799700598,22.753212813558484,0.2658734880387783,0.13328676236172518
stg-full,10000,48,1.92,22.606122312329855,22.717666788102704,0.2672918935616811,0.1323259143779675
stg-full,10000,49,1.96,22.524122357240575,22.625694639474453,0.26861481616894406,0.13310034262637296
stg-full,20000,0,0.0,24.283988940079148,24.1423485022728,0.234746182958285,0.10231157019734383
stg-full,20000,1,0.04,24.378921478663962,24.259056187929595,0.2342072824637095,0.10137364454567432
stg-full,20000,2,0.08,24.398258237694545,24.293803082063757,0.23435507714748383,0.10229076258838177
stg-full,20000,3,0.12,24.388557300221333,24.28341356713548,0.23337014267841974,0.10415761545300484
stg-full,20000,4,0.16,24.370105331103638,24.260098675200776,0.23465877150495848,0.10585831540326278
stg-full,20000,5,0.2,24.29187915448627,24.17533606481661,0.2348008727033933,0.11030166471997897
stg-full,20000,6,0.24,24.11455025048296,23.983088511049115,0.23641562337676683,0.11926524279018243
stg-full,20000,7,0.28,24.281053476829044,24.22435677264239,0.23338903486728668,0.1266235907872518
stg-full,20000,8,0.32,24.428012968401635,24.369229534595352,0.22849413752555847,0.12785182831188044
stg-full,20000,9,0.36,24.445605054380188,24.373091588714853,0.2289548342426618,0.1297634206712246
stg-full,20000,10,0.4,24.45395405781714,24.40665855741372,0.22729180504878363,0.13198894883195558
stg-full,20000,11,0.44,24.434122554640794,24.512278984801384,0.22904236614704132,0.13406237587332726
stg-full,20000,12,0.48,24.39372178747347,24.420935079522838,0.23141049345334372,0.13654685206711292
stg-full,20000,13,0.52,24.308750059594804,24.132992909549188,0.24620191132028899,0.1404746106515328
stg-full,20000,14,0.56,24.252187233321923,24.060155195648505,0.2481443186601003,0.14367393093804517
stg-full,20000,15,0.6,24.225129527843595,24.45943680287964,0.23970032234986624,0.14470548182725906
stg-full,20000,16,0.64,24.193739169527937,24.29056811111279,0.25030702725052834,0.1469396303097407
stg-full,20000,17,0.68,24.150849480248997,24.241308079493887,0.25133031482497853,0.14914590989549956
stg-full,20000,18,0.72,24.08868464578013,24.146106886515934,0.25254426524043083,0.1504692050317923
stg-full,20000,19,0.76,24.00833563976514,24.043054503921265,0.2541170467933019,0.15495197971661887
stg-full,20000,20,0.8,23.908023301057195,24.130126899165557,0.23991712555289268,0.1596248261630535
stg-full,20000,21,0.84,23.874382390649938,24.07450345454793,0.2404293641448021,0.16081655770540237
stg-full,20000,22,0.88,23.890126597560226,24.077315845179076,0.2423392708102862,0.15806949138641357
stg-full,20000,23,0.92,23.984716581173416,23.989432108152275,0.2550820695857207,0.15355194360017776
stg-full,20000,24,0.96,24.032986404047467,23.992557007383013,0.25514128307501477,0.15055842325091362
stg-full,20000,25,1.0,24.08036618073753,24.049710871891545,0.2540785310169061,0.14720494424303374
stg-full,20000,26,1.04,24.138632650975275,24.140245912855892,0.2530622308452924,0.14353990306456885
stg-full,20000,27,1.08,24.175241647235296,24.177247576228023,0.25250808025399846,0.14286360641320547
stg-full,20000,28,1.12,24.229399095557078,24.335289193044364,0.24011695633331934,0.1416672126700481
stg-full,20000,29,1.16,24.275752193683903,24.25769570119716,0.23783297836780548,0.1385302854080995
stg-full,20000,30,1.2,24.30035323828268,24.295023955636175,0.23661276946465173,0.13750094175338745
stg-full,20000,31,1.24,24.27605523421893,24.272012431082523,0.2340484398106734,0.13685300014913082
stg-full,20000,32,1.28,24.23985440379229,24.236013278640947,0.23603324219584465,0.13864335417747498
stg-full,20000,33,1.32,24.19573917410731,24.183655523049435,0.2365754283964634,0.13971454029281935
stg-full,20000,34,1.36,24.178785515019747,24.17016077214038,0.23628661409020424,0.13840739304820696
stg-full,20000,35,1.4,24.153475629119285,24.13510600806052,0.2387920618057251,0.13671932369470596
stg-full,20000,36,1.44,24.14317919963201,24.224641585944358,0.2437408628563086,0.13585023892422518
stg-full,20000,37,1.48,24.122338603387362,24.21158167972294,0.24298782149950662,0.1356414034962654
stg-full,20000,38,1.52,24.10898748693158,24.15091397627982,0.23662429427107176,0.13411873392760754
stg-full,20000,39,1.56,24.124753221653943,24.172099950531507,0.23744983598589897,0.1336823689440886
stg-full,20000,40,1.6,24.119084174618926,24.18331260331763,0.23877091333270073,0.1312805792937676
stg-full,20000,41,1.64,24.110603314084585,24.268135275343518,0.24278616781036058,0.1311427497615417
stg-full,20000,42,1.68,24.080788270183458,24.28116780496116,0.24136899411678314,0.1314274693528811
stg-full,20000,43,1.72,24.08891016771002,24.30031222729741,0.24267970522244772,0.12894766964018345
stg-full,20000,44,1.76,24.097256830891673,24.2422078911642,0.23865073174238205,0.1270996214201053
stg-full,20000,45,1.8,24.11340950102067,24.246861514353053,0.2401783193151156,0.12365987586478393
stg-full,20000,46,1.84,24.136288478109716,24.283677476439287,0.239519947518905,0.12219454906880856
stg-full,20000,47,1.88,24.13914713905638,24.298826970618805,0.23894547546903291,0.1209983266890049
stg-full,20000,48,1.92,24.084556321236867,24.239600149407917,0.2404769336183866,0.12022934543589751
stg-full,20000,49,1.96,23.96370477135951,24.092332803414948,0.24171651154756546,0.1217138667901357
stg-full,30000,0,0.0,24.364363762828017,24.248423310985345,0.2274306664864222,0.0986949900786082
stg-full,30000,1,0.04,24.54481907936759,24.460571576654086,0.22623537480831146,0.095862556869785
stg-full,30000,2,0.08,24.596504725754354,24.53028647066823,0.22610262657205263,0.09617496530214946
stg-full,30000,3,0.12,24.59090503897512,24.522449743465117,0.2249758280813694,0.09815078228712082
stg-full,30000,4,0.16,24.555512899778797,24.477638986411367,0.2260836735367775,0.10073649759093921
stg-full,30000,5,0.2,24.473156722211588,24.385266467540294,0.2263308217128118,0.10499244307478268
stg-full,30000,6,0.24,24.30023333870157,24.19456526037753,0.22835987185438475,0.11369999932746093
stg-full,30000,7,0.28,24.457156339463666,24.431260614461763,0.22545117760698,0.12140693701803684
stg-full,30000,8,0.32,24.56962391082638,24.54004067761698,0.22108358641465506,0.12268752232193947
stg-full,30000,9,0.36,24.58264140821107,24.539581311378804,0.2212985952695211,0.1248300572236379
stg-full,30000,10,0.4,24.610958634014793,24.591061499712296,0.219400684038798,0.1263834908604622
stg-full,30000,11,0.44,24.610249298049624,24.723216852853746,0.22074745719631514,0.12809258016447225
stg-full,30000,12,0.48,24.575236573753894,24.63085439511653,0.2230845975379149,0.13047236328323683
stg-full,30000,13,0.52,24.49256899229616,24.352352225704664,0.2377885915338993,0.13446713611483574
stg-full,30000,14,0.56,24.43639680995599,24.280274098807535,0.23949962481856346,0.13732872468729815
stg-full,30000,15,0.6,24.413991480445183,24.678479948090605,0.23132235432664552,0.13814485569794974
stg-full,30000,16,0.64,24.38190669000206,24.51422190332088,0.24193410947918892,0.14059877954423428
stg-full,30000,17,0.68,24.331563716115433,24.454855886372812,0.2427053153514862,0.14299222454428673
stg-full,30000,18,0.72,24.270601316371366,24.360055614604885,0.24410380174716315,0.14440301433205605
stg-full,30000,19,0.76,24.19448607626442,24.261376750839496,0.24581158657868704,0.14903924614191055
stg-full,30000,20,0.8,24.083084374596467,24.330702669144024,0.23252273723483086,0.15387344857056937
stg-full,30000,21,0.84,24.03883235703532,24.26211731277773,0.2331265906492869,0.1553701820472876
stg-full,30000,22,0.88,24.042501287478693,24.244549530986678,0.234416081259648,0.15313615277409554
stg-full,30000,23,0.92,24.13885249828799,24.160066500032755,0.2463212050497532,0.1483840731283029
stg-full,30000,24,0.96,24.193887285828016,24.17326789042845,0.24643875285983086,0.1452528014779091
stg-full,30000,25,1.0,24.255278736467794,24.250957694367916,0.24498877301812172,0.14187058433890343
stg-full,30000,26,1.04,24.308204644461505,24.34283860711614,0.24384067704280218,0.1388736671457688
stg-full,30000,27,1.08,24.334969480781236,24.3603906108094,0.24316856637597084,0.13844158500432968
stg-full,30000,28,1.12,24.37047481638336,24.498207188311852,0.23125769446293512,0.13780398045976958
stg-full,30000,29,1.16,24.403946918642564,24.409909053930267,0.22973626231153807,0.13476122605303922
stg-full,30000,30,1.2,24.430487929580572,24.449408083213143,0.22845192750295004,0.13345213110248247
stg-full,30000,31,1.24,24.40663512527848,24.425565489576964,0.22658776491880417,0.13282638788223267
stg-full,30000,32,1.28,24.381488286406675,24.400270445787267,0.22831596434116364,0.13443540471295515
stg-full,30000,33,1.32,24.330556501479222,24.338498336163045,0.22848468646407127,0.135875524332126
stg-full,30000,34,1.36,24.310271970148868,24.32145832664235,0.22855683912833533,0.13481192601223788
stg-full,30000,35,1.4,24.280054320453093,24.280795875709735,0.23067500938971838,0.13319356180727482
stg-full,30000,36,1.44,24.26969642089947,24.373810121300757,0.2355964407324791,0.132432467614611
stg-full,30000,37,1.48,24.25707872446206,24.371684688160304,0.23507149641712508,0.13191211161514124
stg-full,30000,38,1.52,24.252269190054665,24.318389813132296,0.22842979555328688,0.12998400814831257
stg-full,30000,39,1.56,24.27045520768997,24.344993281275745,0.22902912025650343,0.12944423283139864
stg-full,30000,40,1.6,24.264765139876097,24.35569417712433,0.23022250831127167,0.1270897208402554
stg-full,30000,41,1.64,24.26902309087656,24.458432008375617,0.23392713566621146,0.126833605269591
stg-full,30000,42,1.68,24.23749076836176,24.46088811048708,0.23261824001868567,0.12692566340168318
stg-full,30000,43,1.72,24.248336938694827,24.48407841806934,0.2335929237306118,0.12444805540144444
stg-full,30000,44,1.76,24.276245148698855,24.44100135021402,0.2295131434996923,0.12220728086928527
stg-full,30000,45,1.8,24.286374058280504,24.444256335577883,0.23116318012277284,0.11900778238972028
stg-full,30000,46,1.84,24.298472247507117,24.46943550473682,0.2308768443763256,0.11773223243653774
stg-full,30000,47,1.88,24.282225625121924,24.463022414073425,0.23031384497880936,0.11682657400767009
stg-full,30000,48,1.92,24.204526813669577,24.376527332211527,0.2319055770834287,0.11676815400520961
stg-full,30000,49,1.96,24.0616941241475,24.206149065856067,0.23342320198814073,0.11882457137107849
stg-full,50000,0,0.0,24.495208549641607,24.398171962407883,0.22044106821219125,0.0956431832164526
stg-full,50000,1,0.04,24.648405176592124,24.583566472487394,0.21952413519223532,0.0933579293390115
stg-full,50000,2,0.08,24.69973301989098,24.655133487115716,0.2191042055686315,0.09348321830232938
stg-full,50000,3,0.12,24.701721181993083,24.65814842620182,0.21818248058358827,0.09499996776382129
stg-full,50000,4,0.16,24.676784099672496,24.624986154708353,0.21905681118369102,0.09716734228034814
stg-full,50000,5,0.2,24.6158604109121,24.55786718085682,0.2188398689031601,0.10052582807838917
stg-full,50000,6,0.24,24.504782556104484,24.432631774970847,0.22034343952933946,0.10691574960947037
stg-full,50000,7,0.28,24.581768227368165,24.59374316011381,0.21794104451934496,0.11717416780690353
stg-full,50000,8,0.32,24.69374325529253,24.69566806994001,0.2138653708000978,0.11832939460873604
stg-full,50000,9,0.36,24.73251601676318,24.72686648718504,0.21389115105072656,0.11955399811267853
stg-full,50000,10,0.4,24.770099098992663,24.787613877157163,0.21152356515328088,0.12053145095705986
stg-full,50000,11,0.44,24.773310291050358,24.935833024994494,0.2131373087565104,0.12183932277063529
stg-full,50000,12,0.48,24.748660164437307,24.8584377173027,0.2155714382727941,0.1235864261786143
stg-full,50000,13,0.52,24.67518655182228,24.626352331990162,0.22964216892917952,0.12723144267996153
stg-full,50000,14,0.56,24.624222693369664,24.55822709523118,0.23155990863839784,0.12997997303803763
stg-full,50000,15,0.6,24.59845257395669,24.903923564593217,0.2246656691034635,0.13068148555854955
stg-full,50000,16,0.64,24.555751334282174,24.76313768781489,0.23481827601790428,0.13360854734977087
stg-full,50000,17,0.68,24.463145495879484,24.644348256921546,0.23597512021660805,0.1372167697797219
stg-full,50000,18,0.72,24.357436307128765,24.48569904620704,0.23797345037261644,0.1400501218934854
stg-full,50000,19,0.76,24.244003632440926,24.335045005810233,0.2399530311425527,0.1456782507399718
stg-full,50000,20,0.8,24.108940834446933,24.377656843125077,0.22751993437608084,0.1514617515106996
stg-full,50000,21,0.84,24.055313001121288,24.29329142273089,0.22776794557770094,0.15350944673021635
stg-full,50000,22,0.88,24.052550940463842,24.26504934896545,0.2292660971482595,0.1517429513235887
stg-full,50000,23,0.92,24.142567429185075,24.16007934355217,0.24114069094260535,0.14741534615556398
stg-full,50000,24,0.96,24.188623289861923,24.159624182973655,0.24110793943206468,0.14487341915567717
stg-full,50000,25,1.0,24.239631167394958,24.220641678229303,0.2398394731183847,0.14227114555736384
stg-full,50000,26,1.04,24.29057318360965,24.309793170340004,0.23894397914409637,0.13957550066212812
stg-full,50000,27,1.08,24.314820895303487,24.318832091824774,0.2378694899380207,0.1389357546965281
stg-full,50000,28,1.12,24.356763231384598,24.461191985496846,0.22640724728504816,0.1381059450407823
stg-full,50000,29,1.16,24.402848622950827,24.40392938060273,0.22502848754326502,0.13484787568449974
stg-full,50000,30,1.2,24.44845709713056,24.464438487883275,0.22368517518043518,0.1326875425875187
stg-full,50000,31,1.24,24.442105476054447,24.461326097397567,0.2213724454243978,0.13127627596259117
stg-full,50000,32,1.28,24.417709922311,24.43734978756365,0.22311993315815926,0.13274056340257326
stg-full,50000,33,1.32,24.374528587994707,24.3831676467822,0.22344733277956644,0.13397175259888172
stg-full,50000,34,1.36,24.350713036149063,24.363304322295086,0.22342326119542122,0.13339840061962605
stg-full,50000,35,1.4,24.314910229890483,24.315090800194973,0.22564032673835754,0.13187655247747898
stg-full,50000,36,1.44,24.303249872150555,24.40060278025858,0.23034467672308287,0.1312293540686369
stg-full,50000,37,1.48,24.30146296463584,24.41044439341173,0.22983616838852564,0.13057567675908408
stg-full,50000,38,1.52,24.317844247884864,24.3790427094675,0.22308211152752241,0.12813492553929487
stg-full,50000,39,1.56,24.36010185370348,24.432268033582957,0.22405210634072623,0.12659387725094953
stg-full,50000,40,1.6,24.379653689721962,24.465157717020624,0.22517784064014754,0.12349067255854607
stg-full,50000,41,1.64,24.372143962068172,24.571361773007194,0.22885108987490335,0.12345850405593713
stg-full,50000,42,1.68,24.340951351697623,24.57165512962971,0.22717865308125815,0.1237984790156285
stg-full,50000,43,1.72,24.34974831121388,24.5914176382937,0.22805727397402129,0.12129653555651505
stg-full,50000,44,1.76,24.364193465382883,24.522421691328603,0.22414815550049147,0.11917669139802456
stg-full,50000,45,1.8,24.366890046520517,24.511273310003343,0.2254525994261106,0.11624817426006
stg-full,50000,46,1.84,24.36550096426732,24.519424374128644,0.22543216993411383,0.1154745885481437
stg-full,50000,47,1.88,24.347106627063017,24.50823874800311,0.22498021398981413,0.11490057036280632
stg-full,50000,48,1.92,24.25947476396827,24.416483810741532,0.22654653216401735,0.11507707151273887
stg-full,50000,49,1.96,24.1091997479347,24.23939788353303,0.2286605437596639,0.11742783524096012
