test_assignment_survives_sam_and_pair_propagation (test_vipe_benchmark_s1_semantics.S1SemanticsTests.test_assignment_survives_sam_and_pair_propagation) ... ok
test_contract_rejects_missing_or_tampered_assignment (test_vipe_benchmark_s1_semantics.S1SemanticsTests.test_contract_rejects_missing_or_tampered_assignment) ... ok
test_empty_combined_disagreement_tie_and_subword_sum (test_vipe_benchmark_s1_semantics.S1SemanticsTests.test_empty_combined_disagreement_tie_and_subword_sum) ... ok
test_invalid_evidence_and_unamended_contract (test_vipe_benchmark_s1_semantics.S1SemanticsTests.test_invalid_evidence_and_unamended_contract) ... ok
test_native_query_alignment_and_full_evidence (test_vipe_benchmark_s1_semantics.S1SemanticsTests.test_native_query_alignment_and_full_evidence) ... ok

----------------------------------------------------------------------
Ran 5 tests in 0.015s

OK
test_collection_rereads_same_size_same_mtime (test_vipe_benchmark_s1_recovery.DeclarationCacheTests.test_collection_rereads_same_size_same_mtime) ... ok
test_collection_warm_cache_does_not_hide_deletion (test_vipe_benchmark_s1_recovery.DeclarationCacheTests.test_collection_warm_cache_does_not_hide_deletion) ... ok
test_exact_text_and_module_keys (test_vipe_benchmark_s1_recovery.DeclarationCacheTests.test_exact_text_and_module_keys) ... ok
test_invalid_inputs_are_not_cached (test_vipe_benchmark_s1_recovery.DeclarationCacheTests.test_invalid_inputs_are_not_cached) ... ok
test_lru_bound_and_eviction (test_vipe_benchmark_s1_recovery.DeclarationCacheTests.test_lru_bound_and_eviction) ... ok
test_repeated_exact_key_reuses_parse (test_vipe_benchmark_s1_recovery.DeclarationCacheTests.test_repeated_exact_key_reuses_parse) ... ok
test_returned_mutation_isolation (test_vipe_benchmark_s1_recovery.DeclarationCacheTests.test_returned_mutation_isolation) ... ok
test_alignment_layout_pre_forward_and_no_stale_capture (test_vipe_benchmark_s1_recovery.FailureEvidenceTests.test_alignment_layout_pre_forward_and_no_stale_capture) ... ok
test_first_result_failure_stops_before_second_input (test_vipe_benchmark_s1_recovery.FailureEvidenceTests.test_first_result_failure_stops_before_second_input) ... 
  test_first_result_failure_stops_before_second_input (test_vipe_benchmark_s1_recovery.FailureEvidenceTests.test_first_result_failure_stops_before_second_input) (kind='contract') ... ERROR
  test_first_result_failure_stops_before_second_input (test_vipe_benchmark_s1_recovery.FailureEvidenceTests.test_first_result_failure_stops_before_second_input) (kind='serialization') ... ERROR
  test_first_result_failure_stops_before_second_input (test_vipe_benchmark_s1_recovery.FailureEvidenceTests.test_first_result_failure_stops_before_second_input) (kind='qualification') ... ERROR
test_direct_script_declaration_lookup (test_vipe_benchmark_s1_recovery.NumericalEnvelopeTests.test_direct_script_declaration_lookup) ... ok
test_produced_and_qualified_numerical_rows (test_vipe_benchmark_s1_recovery.NumericalEnvelopeTests.test_produced_and_qualified_numerical_rows) ... ok
test_sum_and_allocator_boundaries (test_vipe_benchmark_s1_recovery.NumericalEnvelopeTests.test_sum_and_allocator_boundaries) ... ok
test_terminal_and_resolver_numerical_mutations (test_vipe_benchmark_s1_recovery.NumericalEnvelopeTests.test_terminal_and_resolver_numerical_mutations) ... ok
test_typed_numerical_fields (test_vipe_benchmark_s1_recovery.NumericalEnvelopeTests.test_typed_numerical_fields) ... ok
test_accounting_mutations (test_vipe_benchmark_s1_recovery.ReceiptContractTests.test_accounting_mutations) ... ok
test_artifact_record_matrix (test_vipe_benchmark_s1_recovery.ReceiptContractTests.test_artifact_record_matrix) ... ok
test_binding_mutations (test_vipe_benchmark_s1_recovery.ReceiptContractTests.test_binding_mutations) ... ok
test_callback_mutations (test_vipe_benchmark_s1_recovery.ReceiptContractTests.test_callback_mutations) ... ok
test_declaration_parser_mutations (test_vipe_benchmark_s1_recovery.ReceiptContractTests.test_declaration_parser_mutations) ... ok
test_execution_mutations (test_vipe_benchmark_s1_recovery.ReceiptContractTests.test_execution_mutations) ... ok
test_legacy_receipts_rejected (test_vipe_benchmark_s1_recovery.ReceiptContractTests.test_legacy_receipts_rejected) ... ok
test_positive_complete_fixture (test_vipe_benchmark_s1_recovery.ReceiptContractTests.test_positive_complete_fixture) ... ok
test_typed_primitive_callbacks (test_vipe_benchmark_s1_recovery.ReceiptContractTests.test_typed_primitive_callbacks) ... ok
test_acceptance_and_historical_authority (test_vipe_benchmark_s1_recovery.ReservationClockTests.test_acceptance_and_historical_authority) ... ok
test_context_matrix (test_vipe_benchmark_s1_recovery.ReservationClockTests.test_context_matrix) ... ok
test_failure_reconciliation (test_vipe_benchmark_s1_recovery.ReservationClockTests.test_failure_reconciliation) ... ok
test_identical_reuse_and_conflicts (test_vipe_benchmark_s1_recovery.ReservationClockTests.test_identical_reuse_and_conflicts) ... ok
test_phase_boundaries (test_vipe_benchmark_s1_recovery.ReservationClockTests.test_phase_boundaries) ... ok
test_real_segment_publication_barriers (test_vipe_benchmark_s1_recovery.ReservationClockTests.test_real_segment_publication_barriers) ... 
  test_real_segment_publication_barriers (test_vipe_benchmark_s1_recovery.ReservationClockTests.test_real_segment_publication_barriers) (kind='positive', first_loads=6) ... ERROR
  test_real_segment_publication_barriers (test_vipe_benchmark_s1_recovery.ReservationClockTests.test_real_segment_publication_barriers) (kind='reuse_positive', first_loads=8) ... ERROR
  test_real_segment_publication_barriers (test_vipe_benchmark_s1_recovery.ReservationClockTests.test_real_segment_publication_barriers) (kind='qualification', first_loads=2) ... ERROR
  test_real_segment_publication_barriers (test_vipe_benchmark_s1_recovery.ReservationClockTests.test_real_segment_publication_barriers) (kind='runtime', first_loads=2) ... ERROR
  test_real_segment_publication_barriers (test_vipe_benchmark_s1_recovery.ReservationClockTests.test_real_segment_publication_barriers) (kind='envelope_qualification', first_loads=3) ... ERROR
  test_real_segment_publication_barriers (test_vipe_benchmark_s1_recovery.ReservationClockTests.test_real_segment_publication_barriers) (kind='hash', first_loads=3) ... ERROR
  test_real_segment_publication_barriers (test_vipe_benchmark_s1_recovery.ReservationClockTests.test_real_segment_publication_barriers) (kind='write', first_loads=3) ... ERROR
  test_real_segment_publication_barriers (test_vipe_benchmark_s1_recovery.ReservationClockTests.test_real_segment_publication_barriers) (kind='readback', first_loads=3) ... ERROR
  test_real_segment_publication_barriers (test_vipe_benchmark_s1_recovery.ReservationClockTests.test_real_segment_publication_barriers) (kind='reverify', first_loads=4) ... ERROR
  test_real_segment_publication_barriers (test_vipe_benchmark_s1_recovery.ReservationClockTests.test_real_segment_publication_barriers) (kind='reuse', first_loads=5) ... ERROR
  test_real_segment_publication_barriers (test_vipe_benchmark_s1_recovery.ReservationClockTests.test_real_segment_publication_barriers) (kind='pre_input', first_loads=4) ... ERROR
test_worker_bootstrap (test_vipe_benchmark_s1_recovery.ReservationClockTests.test_worker_bootstrap) ... ok
test_binding_historical_versus_canonical_and_no_mutation (test_vipe_benchmark_s1_recovery.S1RecoveryTests.test_binding_historical_versus_canonical_and_no_mutation) ... ok
test_changed_prerequisite_records_rejected (test_vipe_benchmark_s1_recovery.S1RecoveryTests.test_changed_prerequisite_records_rejected) ... ok
test_exhausted_state (test_vipe_benchmark_s1_recovery.S1RecoveryTests.test_exhausted_state) ... ok
test_live_cleanup_active_and_exhausted_state (test_vipe_benchmark_s1_recovery.S1RecoveryTests.test_live_cleanup_active_and_exhausted_state) ... ok
test_reduced_cumulative_deadline (test_vipe_benchmark_s1_recovery.S1RecoveryTests.test_reduced_cumulative_deadline) ... ok
test_reduced_remaining_time_and_mutation_at_reservation_lock (test_vipe_benchmark_s1_recovery.S1RecoveryTests.test_reduced_remaining_time_and_mutation_at_reservation_lock) ... ok
test_registered_authorization_and_validation_mutation_block (test_vipe_benchmark_s1_recovery.S1RecoveryTests.test_registered_authorization_and_validation_mutation_block) ... ok
test_registration_needs_admission_duplicate_and_reservation_consumes_once (test_vipe_benchmark_s1_recovery.S1RecoveryTests.test_registration_needs_admission_duplicate_and_reservation_consumes_once) ... ok
test_result_requires_supervised_cleanup_and_exact_membership (test_vipe_benchmark_s1_recovery.S1RecoveryTests.test_result_requires_supervised_cleanup_and_exact_membership) ... ok
test_source_requalification_preserves_allocation_and_binds_reservation (test_vipe_benchmark_s1_recovery.S1RecoveryTests.test_source_requalification_preserves_allocation_and_binds_reservation) ... ok
test_source_requalification_rejects_scope_and_snapshot_changes_without_append (test_vipe_benchmark_s1_recovery.S1RecoveryTests.test_source_requalification_rejects_scope_and_snapshot_changes_without_append) ... ok
test_typed_scope_schema_branch_and_second_identity (test_vipe_benchmark_s1_recovery.S1RecoveryTests.test_typed_scope_schema_branch_and_second_identity) ... ok
test_validation_missing_extra_duplicate_aliased_stale_and_failed_receipts (test_vipe_benchmark_s1_recovery.S1RecoveryTests.test_validation_missing_extra_duplicate_aliased_stale_and_failed_receipts) ... ok

======================================================================
ERROR: test_first_result_failure_stops_before_second_input (test_vipe_benchmark_s1_recovery.FailureEvidenceTests.test_first_result_failure_stops_before_second_input) (kind='contract')
----------------------------------------------------------------------
Traceback (most recent call last):
  File "/home/auss/git_repos/samaust/Experiments_4DGS/tests/test_vipe_benchmark_s1_recovery.py", line 641, in test_first_result_failure_stops_before_second_input
    stack.enter_context(inline_progress(fixture.root,clock,request,fixture.config))
    ~~~~~~~~~~~~~~~~~~~^^^^^^^^^^^^^^^^^^^^^^^^^^^^^^^^^^^^^^^^^^^^^^^^^^^^^^^^^^^^
  File "/usr/lib/python3.14/contextlib.py", line 530, in enter_context
    result = _enter(cm)
  File "/usr/lib/python3.14/contextlib.py", line 141, in __enter__
    return next(self.gen)
  File "/home/auss/git_repos/samaust/Experiments_4DGS/tests/test_vipe_benchmark_s1_helper_fixtures.py", line 460, in owned
    consumer=p.Consumer(ref,cache,lambda:False,lambda producer:(binding,1))
  File "/home/auss/git_repos/samaust/Experiments_4DGS/scripts/vipe_benchmark/s1_progress.py", line 824, in __init__
    self.cancelled=cancelled;self.bindings=bindings;self.current={};self.previous={};self.provenance={};self.channel=mailbox(self.context,'owner')
                                                                                                                     ~~~~~~~^^^^^^^^^^^^^^^^^^^^^^
  File "/home/auss/git_repos/samaust/Experiments_4DGS/scripts/vipe_benchmark/s1_progress.py", line 620, in mailbox
    channel=socket.socket(socket.AF_UNIX,socket.SOCK_DGRAM)
  File "/usr/lib/python3.14/socket.py", line 236, in __init__
    _socket.socket.__init__(self, family, type, proto, fileno)
    ~~~~~~~~~~~~~~~~~~~~~~~^^^^^^^^^^^^^^^^^^^^^^^^^^^^^^^^^^^
PermissionError: [Errno 1] Operation not permitted

======================================================================
ERROR: test_first_result_failure_stops_before_second_input (test_vipe_benchmark_s1_recovery.FailureEvidenceTests.test_first_result_failure_stops_before_second_input) (kind='serialization')
----------------------------------------------------------------------
Traceback (most recent call last):
  File "/home/auss/git_repos/samaust/Experiments_4DGS/tests/test_vipe_benchmark_s1_recovery.py", line 641, in test_first_result_failure_stops_before_second_input
    stack.enter_context(inline_progress(fixture.root,clock,request,fixture.config))
    ~~~~~~~~~~~~~~~~~~~^^^^^^^^^^^^^^^^^^^^^^^^^^^^^^^^^^^^^^^^^^^^^^^^^^^^^^^^^^^^
  File "/usr/lib/python3.14/contextlib.py", line 530, in enter_context
    result = _enter(cm)
  File "/usr/lib/python3.14/contextlib.py", line 141, in __enter__
    return next(self.gen)
  File "/home/auss/git_repos/samaust/Experiments_4DGS/tests/test_vipe_benchmark_s1_helper_fixtures.py", line 460, in owned
    consumer=p.Consumer(ref,cache,lambda:False,lambda producer:(binding,1))
  File "/home/auss/git_repos/samaust/Experiments_4DGS/scripts/vipe_benchmark/s1_progress.py", line 824, in __init__
    self.cancelled=cancelled;self.bindings=bindings;self.current={};self.previous={};self.provenance={};self.channel=mailbox(self.context,'owner')
                                                                                                                     ~~~~~~~^^^^^^^^^^^^^^^^^^^^^^
  File "/home/auss/git_repos/samaust/Experiments_4DGS/scripts/vipe_benchmark/s1_progress.py", line 620, in mailbox
    channel=socket.socket(socket.AF_UNIX,socket.SOCK_DGRAM)
  File "/usr/lib/python3.14/socket.py", line 236, in __init__
    _socket.socket.__init__(self, family, type, proto, fileno)
    ~~~~~~~~~~~~~~~~~~~~~~~^^^^^^^^^^^^^^^^^^^^^^^^^^^^^^^^^^^
PermissionError: [Errno 1] Operation not permitted

======================================================================
ERROR: test_first_result_failure_stops_before_second_input (test_vipe_benchmark_s1_recovery.FailureEvidenceTests.test_first_result_failure_stops_before_second_input) (kind='qualification')
----------------------------------------------------------------------
Traceback (most recent call last):
  File "/home/auss/git_repos/samaust/Experiments_4DGS/tests/test_vipe_benchmark_s1_recovery.py", line 641, in test_first_result_failure_stops_before_second_input
    stack.enter_context(inline_progress(fixture.root,clock,request,fixture.config))
    ~~~~~~~~~~~~~~~~~~~^^^^^^^^^^^^^^^^^^^^^^^^^^^^^^^^^^^^^^^^^^^^^^^^^^^^^^^^^^^^
  File "/usr/lib/python3.14/contextlib.py", line 530, in enter_context
    result = _enter(cm)
  File "/usr/lib/python3.14/contextlib.py", line 141, in __enter__
    return next(self.gen)
  File "/home/auss/git_repos/samaust/Experiments_4DGS/tests/test_vipe_benchmark_s1_helper_fixtures.py", line 460, in owned
    consumer=p.Consumer(ref,cache,lambda:False,lambda producer:(binding,1))
  File "/home/auss/git_repos/samaust/Experiments_4DGS/scripts/vipe_benchmark/s1_progress.py", line 824, in __init__
    self.cancelled=cancelled;self.bindings=bindings;self.current={};self.previous={};self.provenance={};self.channel=mailbox(self.context,'owner')
                                                                                                                     ~~~~~~~^^^^^^^^^^^^^^^^^^^^^^
  File "/home/auss/git_repos/samaust/Experiments_4DGS/scripts/vipe_benchmark/s1_progress.py", line 620, in mailbox
    channel=socket.socket(socket.AF_UNIX,socket.SOCK_DGRAM)
  File "/usr/lib/python3.14/socket.py", line 236, in __init__
    _socket.socket.__init__(self, family, type, proto, fileno)
    ~~~~~~~~~~~~~~~~~~~~~~~^^^^^^^^^^^^^^^^^^^^^^^^^^^^^^^^^^^
PermissionError: [Errno 1] Operation not permitted

======================================================================
ERROR: test_real_segment_publication_barriers (test_vipe_benchmark_s1_recovery.ReservationClockTests.test_real_segment_publication_barriers) (kind='positive', first_loads=6)
----------------------------------------------------------------------
Traceback (most recent call last):
  File "/home/auss/git_repos/samaust/Experiments_4DGS/tests/test_vipe_benchmark_s1_recovery.py", line 2253, in test_real_segment_publication_barriers
    stack.enter_context(inline_progress(fixture.root,clock,request,fixture.config))
    ~~~~~~~~~~~~~~~~~~~^^^^^^^^^^^^^^^^^^^^^^^^^^^^^^^^^^^^^^^^^^^^^^^^^^^^^^^^^^^^
  File "/usr/lib/python3.14/contextlib.py", line 530, in enter_context
    result = _enter(cm)
  File "/usr/lib/python3.14/contextlib.py", line 141, in __enter__
    return next(self.gen)
  File "/home/auss/git_repos/samaust/Experiments_4DGS/tests/test_vipe_benchmark_s1_helper_fixtures.py", line 460, in owned
    consumer=p.Consumer(ref,cache,lambda:False,lambda producer:(binding,1))
  File "/home/auss/git_repos/samaust/Experiments_4DGS/scripts/vipe_benchmark/s1_progress.py", line 824, in __init__
    self.cancelled=cancelled;self.bindings=bindings;self.current={};self.previous={};self.provenance={};self.channel=mailbox(self.context,'owner')
                                                                                                                     ~~~~~~~^^^^^^^^^^^^^^^^^^^^^^
  File "/home/auss/git_repos/samaust/Experiments_4DGS/scripts/vipe_benchmark/s1_progress.py", line 620, in mailbox
    channel=socket.socket(socket.AF_UNIX,socket.SOCK_DGRAM)
  File "/usr/lib/python3.14/socket.py", line 236, in __init__
    _socket.socket.__init__(self, family, type, proto, fileno)
    ~~~~~~~~~~~~~~~~~~~~~~~^^^^^^^^^^^^^^^^^^^^^^^^^^^^^^^^^^^
PermissionError: [Errno 1] Operation not permitted

======================================================================
ERROR: test_real_segment_publication_barriers (test_vipe_benchmark_s1_recovery.ReservationClockTests.test_real_segment_publication_barriers) (kind='reuse_positive', first_loads=8)
----------------------------------------------------------------------
Traceback (most recent call last):
  File "/home/auss/git_repos/samaust/Experiments_4DGS/tests/test_vipe_benchmark_s1_recovery.py", line 2253, in test_real_segment_publication_barriers
    stack.enter_context(inline_progress(fixture.root,clock,request,fixture.config))
    ~~~~~~~~~~~~~~~~~~~^^^^^^^^^^^^^^^^^^^^^^^^^^^^^^^^^^^^^^^^^^^^^^^^^^^^^^^^^^^^
  File "/usr/lib/python3.14/contextlib.py", line 530, in enter_context
    result = _enter(cm)
  File "/usr/lib/python3.14/contextlib.py", line 141, in __enter__
    return next(self.gen)
  File "/home/auss/git_repos/samaust/Experiments_4DGS/tests/test_vipe_benchmark_s1_helper_fixtures.py", line 460, in owned
    consumer=p.Consumer(ref,cache,lambda:False,lambda producer:(binding,1))
  File "/home/auss/git_repos/samaust/Experiments_4DGS/scripts/vipe_benchmark/s1_progress.py", line 824, in __init__
    self.cancelled=cancelled;self.bindings=bindings;self.current={};self.previous={};self.provenance={};self.channel=mailbox(self.context,'owner')
                                                                                                                     ~~~~~~~^^^^^^^^^^^^^^^^^^^^^^
  File "/home/auss/git_repos/samaust/Experiments_4DGS/scripts/vipe_benchmark/s1_progress.py", line 620, in mailbox
    channel=socket.socket(socket.AF_UNIX,socket.SOCK_DGRAM)
  File "/usr/lib/python3.14/socket.py", line 236, in __init__
    _socket.socket.__init__(self, family, type, proto, fileno)
    ~~~~~~~~~~~~~~~~~~~~~~~^^^^^^^^^^^^^^^^^^^^^^^^^^^^^^^^^^^
PermissionError: [Errno 1] Operation not permitted

======================================================================
ERROR: test_real_segment_publication_barriers (test_vipe_benchmark_s1_recovery.ReservationClockTests.test_real_segment_publication_barriers) (kind='qualification', first_loads=2)
----------------------------------------------------------------------
Traceback (most recent call last):
  File "/home/auss/git_repos/samaust/Experiments_4DGS/tests/test_vipe_benchmark_s1_recovery.py", line 2253, in test_real_segment_publication_barriers
    stack.enter_context(inline_progress(fixture.root,clock,request,fixture.config))
    ~~~~~~~~~~~~~~~~~~~^^^^^^^^^^^^^^^^^^^^^^^^^^^^^^^^^^^^^^^^^^^^^^^^^^^^^^^^^^^^
  File "/usr/lib/python3.14/contextlib.py", line 530, in enter_context
    result = _enter(cm)
  File "/usr/lib/python3.14/contextlib.py", line 141, in __enter__
    return next(self.gen)
  File "/home/auss/git_repos/samaust/Experiments_4DGS/tests/test_vipe_benchmark_s1_helper_fixtures.py", line 460, in owned
    consumer=p.Consumer(ref,cache,lambda:False,lambda producer:(binding,1))
  File "/home/auss/git_repos/samaust/Experiments_4DGS/scripts/vipe_benchmark/s1_progress.py", line 824, in __init__
    self.cancelled=cancelled;self.bindings=bindings;self.current={};self.previous={};self.provenance={};self.channel=mailbox(self.context,'owner')
                                                                                                                     ~~~~~~~^^^^^^^^^^^^^^^^^^^^^^
  File "/home/auss/git_repos/samaust/Experiments_4DGS/scripts/vipe_benchmark/s1_progress.py", line 620, in mailbox
    channel=socket.socket(socket.AF_UNIX,socket.SOCK_DGRAM)
  File "/usr/lib/python3.14/socket.py", line 236, in __init__
    _socket.socket.__init__(self, family, type, proto, fileno)
    ~~~~~~~~~~~~~~~~~~~~~~~^^^^^^^^^^^^^^^^^^^^^^^^^^^^^^^^^^^
PermissionError: [Errno 1] Operation not permitted

======================================================================
ERROR: test_real_segment_publication_barriers (test_vipe_benchmark_s1_recovery.ReservationClockTests.test_real_segment_publication_barriers) (kind='runtime', first_loads=2)
----------------------------------------------------------------------
Traceback (most recent call last):
  File "/home/auss/git_repos/samaust/Experiments_4DGS/tests/test_vipe_benchmark_s1_recovery.py", line 2253, in test_real_segment_publication_barriers
    stack.enter_context(inline_progress(fixture.root,clock,request,fixture.config))
    ~~~~~~~~~~~~~~~~~~~^^^^^^^^^^^^^^^^^^^^^^^^^^^^^^^^^^^^^^^^^^^^^^^^^^^^^^^^^^^^
  File "/usr/lib/python3.14/contextlib.py", line 530, in enter_context
    result = _enter(cm)
  File "/usr/lib/python3.14/contextlib.py", line 141, in __enter__
    return next(self.gen)
  File "/home/auss/git_repos/samaust/Experiments_4DGS/tests/test_vipe_benchmark_s1_helper_fixtures.py", line 460, in owned
    consumer=p.Consumer(ref,cache,lambda:False,lambda producer:(binding,1))
  File "/home/auss/git_repos/samaust/Experiments_4DGS/scripts/vipe_benchmark/s1_progress.py", line 824, in __init__
    self.cancelled=cancelled;self.bindings=bindings;self.current={};self.previous={};self.provenance={};self.channel=mailbox(self.context,'owner')
                                                                                                                     ~~~~~~~^^^^^^^^^^^^^^^^^^^^^^
  File "/home/auss/git_repos/samaust/Experiments_4DGS/scripts/vipe_benchmark/s1_progress.py", line 620, in mailbox
    channel=socket.socket(socket.AF_UNIX,socket.SOCK_DGRAM)
  File "/usr/lib/python3.14/socket.py", line 236, in __init__
    _socket.socket.__init__(self, family, type, proto, fileno)
    ~~~~~~~~~~~~~~~~~~~~~~~^^^^^^^^^^^^^^^^^^^^^^^^^^^^^^^^^^^
PermissionError: [Errno 1] Operation not permitted

======================================================================
ERROR: test_real_segment_publication_barriers (test_vipe_benchmark_s1_recovery.ReservationClockTests.test_real_segment_publication_barriers) (kind='envelope_qualification', first_loads=3)
----------------------------------------------------------------------
Traceback (most recent call last):
  File "/home/auss/git_repos/samaust/Experiments_4DGS/tests/test_vipe_benchmark_s1_recovery.py", line 2253, in test_real_segment_publication_barriers
    stack.enter_context(inline_progress(fixture.root,clock,request,fixture.config))
    ~~~~~~~~~~~~~~~~~~~^^^^^^^^^^^^^^^^^^^^^^^^^^^^^^^^^^^^^^^^^^^^^^^^^^^^^^^^^^^^
  File "/usr/lib/python3.14/contextlib.py", line 530, in enter_context
    result = _enter(cm)
  File "/usr/lib/python3.14/contextlib.py", line 141, in __enter__
    return next(self.gen)
  File "/home/auss/git_repos/samaust/Experiments_4DGS/tests/test_vipe_benchmark_s1_helper_fixtures.py", line 460, in owned
    consumer=p.Consumer(ref,cache,lambda:False,lambda producer:(binding,1))
  File "/home/auss/git_repos/samaust/Experiments_4DGS/scripts/vipe_benchmark/s1_progress.py", line 824, in __init__
    self.cancelled=cancelled;self.bindings=bindings;self.current={};self.previous={};self.provenance={};self.channel=mailbox(self.context,'owner')
                                                                                                                     ~~~~~~~^^^^^^^^^^^^^^^^^^^^^^
  File "/home/auss/git_repos/samaust/Experiments_4DGS/scripts/vipe_benchmark/s1_progress.py", line 620, in mailbox
    channel=socket.socket(socket.AF_UNIX,socket.SOCK_DGRAM)
  File "/usr/lib/python3.14/socket.py", line 236, in __init__
    _socket.socket.__init__(self, family, type, proto, fileno)
    ~~~~~~~~~~~~~~~~~~~~~~~^^^^^^^^^^^^^^^^^^^^^^^^^^^^^^^^^^^
PermissionError: [Errno 1] Operation not permitted

======================================================================
ERROR: test_real_segment_publication_barriers (test_vipe_benchmark_s1_recovery.ReservationClockTests.test_real_segment_publication_barriers) (kind='hash', first_loads=3)
----------------------------------------------------------------------
Traceback (most recent call last):
  File "/home/auss/git_repos/samaust/Experiments_4DGS/tests/test_vipe_benchmark_s1_recovery.py", line 2253, in test_real_segment_publication_barriers
    stack.enter_context(inline_progress(fixture.root,clock,request,fixture.config))
    ~~~~~~~~~~~~~~~~~~~^^^^^^^^^^^^^^^^^^^^^^^^^^^^^^^^^^^^^^^^^^^^^^^^^^^^^^^^^^^^
  File "/usr/lib/python3.14/contextlib.py", line 530, in enter_context
    result = _enter(cm)
  File "/usr/lib/python3.14/contextlib.py", line 141, in __enter__
    return next(self.gen)
  File "/home/auss/git_repos/samaust/Experiments_4DGS/tests/test_vipe_benchmark_s1_helper_fixtures.py", line 460, in owned
    consumer=p.Consumer(ref,cache,lambda:False,lambda producer:(binding,1))
  File "/home/auss/git_repos/samaust/Experiments_4DGS/scripts/vipe_benchmark/s1_progress.py", line 824, in __init__
    self.cancelled=cancelled;self.bindings=bindings;self.current={};self.previous={};self.provenance={};self.channel=mailbox(self.context,'owner')
                                                                                                                     ~~~~~~~^^^^^^^^^^^^^^^^^^^^^^
  File "/home/auss/git_repos/samaust/Experiments_4DGS/scripts/vipe_benchmark/s1_progress.py", line 620, in mailbox
    channel=socket.socket(socket.AF_UNIX,socket.SOCK_DGRAM)
  File "/usr/lib/python3.14/socket.py", line 236, in __init__
    _socket.socket.__init__(self, family, type, proto, fileno)
    ~~~~~~~~~~~~~~~~~~~~~~~^^^^^^^^^^^^^^^^^^^^^^^^^^^^^^^^^^^
PermissionError: [Errno 1] Operation not permitted

======================================================================
ERROR: test_real_segment_publication_barriers (test_vipe_benchmark_s1_recovery.ReservationClockTests.test_real_segment_publication_barriers) (kind='write', first_loads=3)
----------------------------------------------------------------------
Traceback (most recent call last):
  File "/home/auss/git_repos/samaust/Experiments_4DGS/tests/test_vipe_benchmark_s1_recovery.py", line 2253, in test_real_segment_publication_barriers
    stack.enter_context(inline_progress(fixture.root,clock,request,fixture.config))
    ~~~~~~~~~~~~~~~~~~~^^^^^^^^^^^^^^^^^^^^^^^^^^^^^^^^^^^^^^^^^^^^^^^^^^^^^^^^^^^^
  File "/usr/lib/python3.14/contextlib.py", line 530, in enter_context
    result = _enter(cm)
  File "/usr/lib/python3.14/contextlib.py", line 141, in __enter__
    return next(self.gen)
  File "/home/auss/git_repos/samaust/Experiments_4DGS/tests/test_vipe_benchmark_s1_helper_fixtures.py", line 460, in owned
    consumer=p.Consumer(ref,cache,lambda:False,lambda producer:(binding,1))
  File "/home/auss/git_repos/samaust/Experiments_4DGS/scripts/vipe_benchmark/s1_progress.py", line 824, in __init__
    self.cancelled=cancelled;self.bindings=bindings;self.current={};self.previous={};self.provenance={};self.channel=mailbox(self.context,'owner')
                                                                                                                     ~~~~~~~^^^^^^^^^^^^^^^^^^^^^^
  File "/home/auss/git_repos/samaust/Experiments_4DGS/scripts/vipe_benchmark/s1_progress.py", line 620, in mailbox
    channel=socket.socket(socket.AF_UNIX,socket.SOCK_DGRAM)
  File "/usr/lib/python3.14/socket.py", line 236, in __init__
    _socket.socket.__init__(self, family, type, proto, fileno)
    ~~~~~~~~~~~~~~~~~~~~~~~^^^^^^^^^^^^^^^^^^^^^^^^^^^^^^^^^^^
PermissionError: [Errno 1] Operation not permitted

======================================================================
ERROR: test_real_segment_publication_barriers (test_vipe_benchmark_s1_recovery.ReservationClockTests.test_real_segment_publication_barriers) (kind='readback', first_loads=3)
----------------------------------------------------------------------
Traceback (most recent call last):
  File "/home/auss/git_repos/samaust/Experiments_4DGS/tests/test_vipe_benchmark_s1_recovery.py", line 2253, in test_real_segment_publication_barriers
    stack.enter_context(inline_progress(fixture.root,clock,request,fixture.config))
    ~~~~~~~~~~~~~~~~~~~^^^^^^^^^^^^^^^^^^^^^^^^^^^^^^^^^^^^^^^^^^^^^^^^^^^^^^^^^^^^
  File "/usr/lib/python3.14/contextlib.py", line 530, in enter_context
    result = _enter(cm)
  File "/usr/lib/python3.14/contextlib.py", line 141, in __enter__
    return next(self.gen)
  File "/home/auss/git_repos/samaust/Experiments_4DGS/tests/test_vipe_benchmark_s1_helper_fixtures.py", line 460, in owned
    consumer=p.Consumer(ref,cache,lambda:False,lambda producer:(binding,1))
  File "/home/auss/git_repos/samaust/Experiments_4DGS/scripts/vipe_benchmark/s1_progress.py", line 824, in __init__
    self.cancelled=cancelled;self.bindings=bindings;self.current={};self.previous={};self.provenance={};self.channel=mailbox(self.context,'owner')
                                                                                                                     ~~~~~~~^^^^^^^^^^^^^^^^^^^^^^
  File "/home/auss/git_repos/samaust/Experiments_4DGS/scripts/vipe_benchmark/s1_progress.py", line 620, in mailbox
    channel=socket.socket(socket.AF_UNIX,socket.SOCK_DGRAM)
  File "/usr/lib/python3.14/socket.py", line 236, in __init__
    _socket.socket.__init__(self, family, type, proto, fileno)
    ~~~~~~~~~~~~~~~~~~~~~~~^^^^^^^^^^^^^^^^^^^^^^^^^^^^^^^^^^^
PermissionError: [Errno 1] Operation not permitted

======================================================================
ERROR: test_real_segment_publication_barriers (test_vipe_benchmark_s1_recovery.ReservationClockTests.test_real_segment_publication_barriers) (kind='reverify', first_loads=4)
----------------------------------------------------------------------
Traceback (most recent call last):
  File "/home/auss/git_repos/samaust/Experiments_4DGS/tests/test_vipe_benchmark_s1_recovery.py", line 2253, in test_real_segment_publication_barriers
    stack.enter_context(inline_progress(fixture.root,clock,request,fixture.config))
    ~~~~~~~~~~~~~~~~~~~^^^^^^^^^^^^^^^^^^^^^^^^^^^^^^^^^^^^^^^^^^^^^^^^^^^^^^^^^^^^
  File "/usr/lib/python3.14/contextlib.py", line 530, in enter_context
    result = _enter(cm)
  File "/usr/lib/python3.14/contextlib.py", line 141, in __enter__
    return next(self.gen)
  File "/home/auss/git_repos/samaust/Experiments_4DGS/tests/test_vipe_benchmark_s1_helper_fixtures.py", line 460, in owned
    consumer=p.Consumer(ref,cache,lambda:False,lambda producer:(binding,1))
  File "/home/auss/git_repos/samaust/Experiments_4DGS/scripts/vipe_benchmark/s1_progress.py", line 824, in __init__
    self.cancelled=cancelled;self.bindings=bindings;self.current={};self.previous={};self.provenance={};self.channel=mailbox(self.context,'owner')
                                                                                                                     ~~~~~~~^^^^^^^^^^^^^^^^^^^^^^
  File "/home/auss/git_repos/samaust/Experiments_4DGS/scripts/vipe_benchmark/s1_progress.py", line 620, in mailbox
    channel=socket.socket(socket.AF_UNIX,socket.SOCK_DGRAM)
  File "/usr/lib/python3.14/socket.py", line 236, in __init__
    _socket.socket.__init__(self, family, type, proto, fileno)
    ~~~~~~~~~~~~~~~~~~~~~~~^^^^^^^^^^^^^^^^^^^^^^^^^^^^^^^^^^^
PermissionError: [Errno 1] Operation not permitted

======================================================================
ERROR: test_real_segment_publication_barriers (test_vipe_benchmark_s1_recovery.ReservationClockTests.test_real_segment_publication_barriers) (kind='reuse', first_loads=5)
----------------------------------------------------------------------
Traceback (most recent call last):
  File "/home/auss/git_repos/samaust/Experiments_4DGS/tests/test_vipe_benchmark_s1_recovery.py", line 2253, in test_real_segment_publication_barriers
    stack.enter_context(inline_progress(fixture.root,clock,request,fixture.config))
    ~~~~~~~~~~~~~~~~~~~^^^^^^^^^^^^^^^^^^^^^^^^^^^^^^^^^^^^^^^^^^^^^^^^^^^^^^^^^^^^
  File "/usr/lib/python3.14/contextlib.py", line 530, in enter_context
    result = _enter(cm)
  File "/usr/lib/python3.14/contextlib.py", line 141, in __enter__
    return next(self.gen)
  File "/home/auss/git_repos/samaust/Experiments_4DGS/tests/test_vipe_benchmark_s1_helper_fixtures.py", line 460, in owned
    consumer=p.Consumer(ref,cache,lambda:False,lambda producer:(binding,1))
  File "/home/auss/git_repos/samaust/Experiments_4DGS/scripts/vipe_benchmark/s1_progress.py", line 824, in __init__
    self.cancelled=cancelled;self.bindings=bindings;self.current={};self.previous={};self.provenance={};self.channel=mailbox(self.context,'owner')
                                                                                                                     ~~~~~~~^^^^^^^^^^^^^^^^^^^^^^
  File "/home/auss/git_repos/samaust/Experiments_4DGS/scripts/vipe_benchmark/s1_progress.py", line 620, in mailbox
    channel=socket.socket(socket.AF_UNIX,socket.SOCK_DGRAM)
  File "/usr/lib/python3.14/socket.py", line 236, in __init__
    _socket.socket.__init__(self, family, type, proto, fileno)
    ~~~~~~~~~~~~~~~~~~~~~~~^^^^^^^^^^^^^^^^^^^^^^^^^^^^^^^^^^^
PermissionError: [Errno 1] Operation not permitted

======================================================================
ERROR: test_real_segment_publication_barriers (test_vipe_benchmark_s1_recovery.ReservationClockTests.test_real_segment_publication_barriers) (kind='pre_input', first_loads=4)
----------------------------------------------------------------------
Traceback (most recent call last):
  File "/home/auss/git_repos/samaust/Experiments_4DGS/tests/test_vipe_benchmark_s1_recovery.py", line 2253, in test_real_segment_publication_barriers
    stack.enter_context(inline_progress(fixture.root,clock,request,fixture.config))
    ~~~~~~~~~~~~~~~~~~~^^^^^^^^^^^^^^^^^^^^^^^^^^^^^^^^^^^^^^^^^^^^^^^^^^^^^^^^^^^^
  File "/usr/lib/python3.14/contextlib.py", line 530, in enter_context
    result = _enter(cm)
  File "/usr/lib/python3.14/contextlib.py", line 141, in __enter__
    return next(self.gen)
  File "/home/auss/git_repos/samaust/Experiments_4DGS/tests/test_vipe_benchmark_s1_helper_fixtures.py", line 460, in owned
    consumer=p.Consumer(ref,cache,lambda:False,lambda producer:(binding,1))
  File "/home/auss/git_repos/samaust/Experiments_4DGS/scripts/vipe_benchmark/s1_progress.py", line 824, in __init__
    self.cancelled=cancelled;self.bindings=bindings;self.current={};self.previous={};self.provenance={};self.channel=mailbox(self.context,'owner')
                                                                                                                     ~~~~~~~^^^^^^^^^^^^^^^^^^^^^^
  File "/home/auss/git_repos/samaust/Experiments_4DGS/scripts/vipe_benchmark/s1_progress.py", line 620, in mailbox
    channel=socket.socket(socket.AF_UNIX,socket.SOCK_DGRAM)
  File "/usr/lib/python3.14/socket.py", line 236, in __init__
    _socket.socket.__init__(self, family, type, proto, fileno)
    ~~~~~~~~~~~~~~~~~~~~~~~^^^^^^^^^^^^^^^^^^^^^^^^^^^^^^^^^^^
PermissionError: [Errno 1] Operation not permitted

----------------------------------------------------------------------
Ran 43 tests in 36.032s

FAILED (errors=14)
test_grounding_uses_native_caption_thresholds_and_float_boxes (test_vipe_benchmark_backends.AssetAndDetectorTests.test_grounding_uses_native_caption_thresholds_and_float_boxes) ... ok
test_missing_assets_fail_before_torch_import (test_vipe_benchmark_backends.AssetAndDetectorTests.test_missing_assets_fail_before_torch_import) ... ok
test_phrase_ambiguity_and_capacity_fail_before_casting (test_vipe_benchmark_backends.AssetAndDetectorTests.test_phrase_ambiguity_and_capacity_fail_before_casting) ... ok
test_rtdetr_threshold_equality_label_names_and_processor (test_vipe_benchmark_backends.AssetAndDetectorTests.test_rtdetr_threshold_equality_label_names_and_processor) ... ok
test_source_pin_and_snapshot_contents_are_not_inferred_from_directory_name (test_vipe_benchmark_backends.AssetAndDetectorTests.test_source_pin_and_snapshot_contents_are_not_inferred_from_directory_name) ... ok
test_d0_preserves_native_centered_K_and_float_invocation (test_vipe_benchmark_backends.DepthTests.test_d0_preserves_native_centered_K_and_float_invocation) ... ok
test_da3_invalid_support_is_not_interpolated_and_double_scaling_fails (test_vipe_benchmark_backends.DepthTests.test_da3_invalid_support_is_not_interpolated_and_double_scaling_fails) ... ok
test_da3_uses_processor_K_once_no_pose_alignment_and_missing_confidence (test_vipe_benchmark_backends.DepthTests.test_da3_uses_processor_K_once_no_pose_alignment_and_missing_confidence) ... ok
test_depth_pro_focal_device_tensor_native_inversion_and_no_extra_factor (test_vipe_benchmark_backends.DepthTests.test_depth_pro_focal_device_tensor_native_inversion_and_no_extra_factor) ... ok
test_metric3d_resized_focal_unpad_and_native_clamp (test_vipe_benchmark_backends.DepthTests.test_metric3d_resized_focal_unpad_and_native_clamp) ... ok
test_unidepth_byte_nchw_K_and_actual_dimensions (test_vipe_benchmark_backends.DepthTests.test_unidepth_byte_nchw_K_and_actual_dimensions) ... ok
test_d1_native_constructor_only_uses_explicit_snapshot_and_bilinear (test_vipe_benchmark_backends.FactoryTests.test_d1_native_constructor_only_uses_explicit_snapshot_and_bilinear) ... ok
test_metric3d_hub_is_local_and_never_fetches_pretrained_URL (test_vipe_benchmark_backends.FactoryTests.test_metric3d_hub_is_local_and_never_fetches_pretrained_URL) ... ok
test_sam2_requires_native_extension_and_disables_build_compilation (test_vipe_benchmark_backends.FactoryTests.test_sam2_requires_native_extension_and_disables_build_compilation) ... ok
test_sam3_missing_required_weight_stops_before_processor_and_restores_loader (test_vipe_benchmark_backends.FactoryTests.test_sam3_missing_required_weight_stops_before_processor_and_restores_loader) ... ok
test_sam3_preserves_native_key_selection_records_extras_and_moves_cuda_index (test_vipe_benchmark_backends.FactoryTests.test_sam3_preserves_native_key_selection_records_extras_and_moves_cuda_index) ... ok
test_sam3_serial_and_perflib_overrides_are_checked_without_fallback (test_vipe_benchmark_backends.FactoryTests.test_sam3_serial_and_perflib_overrides_are_checked_without_fallback) ... ok
test_sam3_unobserved_or_repeated_checkpoint_load_cannot_qualify (test_vipe_benchmark_backends.FactoryTests.test_sam3_unobserved_or_repeated_checkpoint_load_cannot_qualify) ... ok
test_fresh_trackers_reuse_stable_checkpoint_cache_keys (test_vipe_benchmark_backends.HistoricalCacheBindingTests.test_fresh_trackers_reuse_stable_checkpoint_cache_keys) ... ok
test_s0_observes_native_scores_without_changing_invocation (test_vipe_benchmark_backends.LegacyAndSAM3Tests.test_s0_observes_native_scores_without_changing_invocation) ... ok
test_s1_native_box_refinement_tiny_masks_merge_and_tracking (test_vipe_benchmark_backends.LegacyAndSAM3Tests.test_s1_native_box_refinement_tiny_masks_merge_and_tracking) ... ok
test_sam3_separate_concepts_native_births_and_score_ties (test_vipe_benchmark_backends.LegacyAndSAM3Tests.test_sam3_separate_concepts_native_births_and_score_ties) ... ok
test_constructor_failure_restores_cwd_and_native_builder (test_vipe_benchmark_backends.S1NativeBridgeTests.test_constructor_failure_restores_cwd_and_native_builder) ... ok
test_constructor_rejects_changed_arguments_and_unsupervised_temporary_root (test_vipe_benchmark_backends.S1NativeBridgeTests.test_constructor_rejects_changed_arguments_and_unsupervised_temporary_root) ... ok
test_constructor_removes_only_inert_argument_and_contains_native_config_writes (test_vipe_benchmark_backends.S1NativeBridgeTests.test_constructor_removes_only_inert_argument_and_contains_native_config_writes) ... ok
test_memory_update_uses_exact_native_nearest_grid_and_keeps_original_export (test_vipe_benchmark_backends.S1NativeBridgeTests.test_memory_update_uses_exact_native_nearest_grid_and_keeps_original_export) ... ok
test_native_palette_import_preserves_seed_state_on_success_and_failure (test_vipe_benchmark_backends.S1NativeBridgeTests.test_native_palette_import_preserves_seed_state_on_success_and_failure) ... ok
test_native_wrapper_argument_drift_is_rejected_before_engine_construction (test_vipe_benchmark_backends.S1NativeBridgeTests.test_native_wrapper_argument_drift_is_rejected_before_engine_construction) ... ok
test_pair_bridge_rejects_extra_frames_reference_and_propagation (test_vipe_benchmark_backends.S1NativeBridgeTests.test_pair_bridge_rejects_extra_frames_reference_and_propagation) ... ok
test_pair_bridge_rejects_missing_resets_and_singleton_tracking (test_vipe_benchmark_backends.S1NativeBridgeTests.test_pair_bridge_rejects_missing_resets_and_singleton_tracking) ... ok
test_empty_keyframe_never_runs_successor_detector (test_vipe_benchmark_backends.SAM2Tests.test_empty_keyframe_never_runs_successor_detector) ... ok
test_incomplete_propagation_fails_and_resets (test_vipe_benchmark_backends.SAM2Tests.test_incomplete_propagation_fails_and_resets) ... ok
test_native_postprocessing_skip_fails_pair_and_resets_before_export (test_vipe_benchmark_backends.SAM2Tests.test_native_postprocessing_skip_fails_pair_and_resets_before_export) ... ok
test_pair_reset_highest_iou_original_grid_overlap_and_static (test_vipe_benchmark_backends.SAM2Tests.test_pair_reset_highest_iou_original_grid_overlap_and_static) ... ok
test_source_frames_not_internal_indices_or_cross_role_context (test_vipe_benchmark_backends.SAM2Tests.test_source_frames_not_internal_indices_or_cross_role_context) ... ok

----------------------------------------------------------------------
Ran 35 tests in 0.053s

OK
test_duplicate_missing_and_wrong_grid (test_vipe_benchmark_contracts.AccessTests.test_duplicate_missing_and_wrong_grid) ... ok
test_exact_protocol_counts_and_order (test_vipe_benchmark_contracts.AccessTests.test_exact_protocol_counts_and_order) ... ok
test_hash_change_and_exclusive_output (test_vipe_benchmark_contracts.AccessTests.test_hash_change_and_exclusive_output) ... ok
test_heldout_final_window_wrong_branch_and_pair_rejected (test_vipe_benchmark_contracts.AccessTests.test_heldout_final_window_wrong_branch_and_pair_rejected) ... ok
test_motion_context_roles_and_ends (test_vipe_benchmark_contracts.AccessTests.test_motion_context_roles_and_ends) ... ok
test_pair_contexts_are_distinct_without_weakening_historical_guard (test_vipe_benchmark_contracts.AccessTests.test_pair_contexts_are_distinct_without_weakening_historical_guard) ... ok
test_prohibited_spelling_and_symlink_rejected_without_reading (test_vipe_benchmark_contracts.AccessTests.test_prohibited_spelling_and_symlink_rejected_without_reading) ... ok
test_camera_z_range_and_exactly_one_metric_conversion (test_vipe_benchmark_contracts.ArrayTests.test_camera_z_range_and_exactly_one_metric_conversion) ... ok
test_invalid_depth_nan_contract (test_vipe_benchmark_contracts.ArrayTests.test_invalid_depth_nan_contract) ... ok
test_nonuniform_crop_pad_and_half_pixel_analytic (test_vipe_benchmark_contracts.ArrayTests.test_nonuniform_crop_pad_and_half_pixel_analytic) ... ok
test_overlap_greatest_logit_then_score_then_index (test_vipe_benchmark_contracts.ArrayTests.test_overlap_greatest_logit_then_score_then_index) ... ok
test_radial_remap_against_independent_formula (test_vipe_benchmark_contracts.ArrayTests.test_radial_remap_against_independent_formula) ... ok
test_scaled_camera_projection_and_normalization (test_vipe_benchmark_contracts.ArrayTests.test_scaled_camera_projection_and_normalization) ... ok
test_sparse_cv_quantized_support_including_borders (test_vipe_benchmark_contracts.ArrayTests.test_sparse_cv_quantized_support_including_borders) ... ok
test_static_polarity_semantics_invalid_and_capacity (test_vipe_benchmark_contracts.ArrayTests.test_static_polarity_semantics_invalid_and_capacity) ... ok

----------------------------------------------------------------------
Ran 15 tests in 0.010s

OK
test_recipe_is_derived_from_original_and_missing_prerequisites_block (test_vipe_benchmark_component_recovery.ComponentRecoveryTests.test_recipe_is_derived_from_original_and_missing_prerequisites_block) ... ok
test_scope_validation_and_cumulative_cap_are_not_relaxed (test_vipe_benchmark_component_recovery.ComponentRecoveryTests.test_scope_validation_and_cumulative_cap_are_not_relaxed) ... ok
test_successful_recovery_preserves_failure_and_requires_registered_valid_result (test_vipe_benchmark_component_recovery.ComponentRecoveryTests.test_successful_recovery_preserves_failure_and_requires_registered_valid_result) ... ok

----------------------------------------------------------------------
Ran 3 tests in 0.024s

OK
test_invalid_json_never_publishes_partial_evidence (test_vipe_benchmark_execution.AtomicEvidenceTests.test_invalid_json_never_publishes_partial_evidence) ... ok
test_model_attempts_cannot_use_aggregation_resume (test_vipe_benchmark_execution.CheckpointTests.test_model_attempts_cannot_use_aggregation_resume) ... ok
test_three_stages_consume_one_aggregate_attempt_and_charge_only_active_wall (test_vipe_benchmark_execution.CheckpointTests.test_three_stages_consume_one_aggregate_attempt_and_charge_only_active_wall) ... ok
test_annotation_result_and_aggregate_checkpoint_bind_successful_parent (test_vipe_benchmark_execution.FrozenHandoffTests.test_annotation_result_and_aggregate_checkpoint_bind_successful_parent) ... ok
test_completed_report_is_returned_without_readmission_or_another_pass (test_vipe_benchmark_execution.FrozenHandoffTests.test_completed_report_is_returned_without_readmission_or_another_pass) ... ok
test_failed_readonly_qualification_still_charges_elapsed_cpu (test_vipe_benchmark_execution.FrozenHandoffTests.test_failed_readonly_qualification_still_charges_elapsed_cpu) ... ok
test_orphaned_passing_scale_cannot_admit_check_and_completed_scale_cannot_change (test_vipe_benchmark_execution.FrozenHandoffTests.test_orphaned_passing_scale_cannot_admit_check_and_completed_scale_cannot_change) ... ok
test_worker_error_cannot_override_supervisor_exclusivity_stop (test_vipe_benchmark_execution.FrozenHandoffTests.test_worker_error_cannot_override_supervisor_exclusivity_stop) ... ok
test_worker_retains_grid_identity_and_validates_first_output_before_continuing (test_vipe_benchmark_execution.SegmentationWorkerTests.test_worker_retains_grid_identity_and_validates_first_output_before_continuing) ... ok
test_revision_and_path_traversal_are_checked_before_extracting (test_vipe_benchmark_execution.SourceArchiveTests.test_revision_and_path_traversal_are_checked_before_extracting) ... ok

----------------------------------------------------------------------
Ran 10 tests in 0.068s

OK
test_artifact_allowance_limits_next_read (test_vipe_benchmark_budgets.BudgetTests.test_artifact_allowance_limits_next_read) ... ok
test_artifact_hardlinks_count_once_with_allocated_blocks (test_vipe_benchmark_budgets.BudgetTests.test_artifact_hardlinks_count_once_with_allocated_blocks) ... ok
test_cancelled_waiting_lock_does_not_enter_download_scope (test_vipe_benchmark_budgets.BudgetTests.test_cancelled_waiting_lock_does_not_enter_download_scope) ... ok
test_concurrent_rename_is_rescanned_instead_of_losing_storage (test_vipe_benchmark_budgets.BudgetTests.test_concurrent_rename_is_rescanned_instead_of_losing_storage) ... ok
test_counted_output_cannot_escape_the_run (test_vipe_benchmark_budgets.BudgetTests.test_counted_output_cannot_escape_the_run) ... ok
test_direct_actual_counter_cannot_decrease_or_change_output (test_vipe_benchmark_budgets.BudgetTests.test_direct_actual_counter_cannot_decrease_or_change_output) ... ok
test_direct_file_inside_cache_is_not_also_a_package_proxy (test_vipe_benchmark_budgets.BudgetTests.test_direct_file_inside_cache_is_not_also_a_package_proxy) ... ok
test_direct_progress_baseline_does_not_double_charge_own_flushed_chunk (test_vipe_benchmark_budgets.BudgetTests.test_direct_progress_baseline_does_not_double_charge_own_flushed_chunk) ... ok
test_direct_reservation_survives_failure_receipt_with_fewer_known_bytes (test_vipe_benchmark_budgets.BudgetTests.test_direct_reservation_survives_failure_receipt_with_fewer_known_bytes) ... ok
test_duplicate_identity_and_negative_counts_fail_closed (test_vipe_benchmark_budgets.BudgetTests.test_duplicate_identity_and_negative_counts_fail_closed) ... ok
test_exact_sixty_gib_cap_requires_no_large_fixture (test_vipe_benchmark_budgets.BudgetTests.test_exact_sixty_gib_cap_requires_no_large_fixture) ... ok
test_failed_and_successful_receipts_retain_all_received_bytes (test_vipe_benchmark_budgets.BudgetTests.test_failed_and_successful_receipts_retain_all_received_bytes) ... ok
test_historical_reservation_does_not_mask_new_attempt_local_bytes (test_vipe_benchmark_budgets.BudgetTests.test_historical_reservation_does_not_mask_new_attempt_local_bytes) ... ok
test_incomplete_receipts_fail_closed (test_vipe_benchmark_budgets.BudgetTests.test_incomplete_receipts_fail_closed) ... ok
test_intent_bridges_partial_rename_and_receipt_publication_once (test_vipe_benchmark_budgets.BudgetTests.test_intent_bridges_partial_rename_and_receipt_publication_once) ... ok
test_legacy_teacher_partial_covered_but_later_growth_charged (test_vipe_benchmark_budgets.BudgetTests.test_legacy_teacher_partial_covered_but_later_growth_charged) ... ok
test_lock_caches_scan_but_charges_every_intervening_read (test_vipe_benchmark_budgets.BudgetTests.test_lock_caches_scan_but_charges_every_intervening_read) ... ok
test_negative_count_is_not_silently_ignored (test_vipe_benchmark_budgets.BudgetTests.test_negative_count_is_not_silently_ignored) ... ok
test_nested_scope_indexes_are_fresh_and_preserve_publication_charges (test_vipe_benchmark_budgets.BudgetTests.test_nested_scope_indexes_are_fresh_and_preserve_publication_charges) ... ok
test_new_attempt_on_same_path_adds_bytes_to_historical_failure (test_vipe_benchmark_budgets.BudgetTests.test_new_attempt_on_same_path_adds_bytes_to_historical_failure) ... ok
test_orphan_partial_is_charged (test_vipe_benchmark_budgets.BudgetTests.test_orphan_partial_is_charged) ... ok
test_package_orphan_partial_uses_retained_cache_scope_once (test_vipe_benchmark_budgets.BudgetTests.test_package_orphan_partial_uses_retained_cache_scope_once) ... ok
test_progress_without_final_receipt_or_payload_keeps_crash_charge (test_vipe_benchmark_budgets.BudgetTests.test_progress_without_final_receipt_or_payload_keeps_crash_charge) ... ok
test_received_but_unwritten_bytes_reduce_next_read (test_vipe_benchmark_budgets.BudgetTests.test_received_but_unwritten_bytes_reduce_next_read) ... ok
test_retained_failed_partial_is_not_counted_twice (test_vipe_benchmark_budgets.BudgetTests.test_retained_failed_partial_is_not_counted_twice) ... ok
test_slow_snapshot_still_reuses_inventory_and_charges_pending_bytes (test_vipe_benchmark_budgets.BudgetTests.test_slow_snapshot_still_reuses_inventory_and_charges_pending_bytes) ... ok
test_successful_direct_flush_replaces_reservation_with_actual_bytes_once (test_vipe_benchmark_budgets.BudgetTests.test_successful_direct_flush_replaces_reservation_with_actual_bytes_once) ... ok
test_symlinks_and_prompts_directories_are_not_traversed (test_vipe_benchmark_budgets.BudgetTests.test_symlinks_and_prompts_directories_are_not_traversed) ... ok
test_two_transfer_threads_cannot_spend_the_same_remaining_bytes (test_vipe_benchmark_budgets.BudgetTests.test_two_transfer_threads_cannot_spend_the_same_remaining_bytes) ... ok
test_unreceipted_teacher_output_is_counted_during_publication_gap (test_vipe_benchmark_budgets.BudgetTests.test_unreceipted_teacher_output_is_counted_during_publication_gap) ... ok
test_uv_local_growth_obeys_max_without_double_charging_cache (test_vipe_benchmark_budgets.BudgetTests.test_uv_local_growth_obeys_max_without_double_charging_cache) ... ok
test_uv_uses_larger_wire_or_retained_package_scope (test_vipe_benchmark_budgets.BudgetTests.test_uv_uses_larger_wire_or_retained_package_scope) ... ok

----------------------------------------------------------------------
Ran 32 tests in 0.050s

OK
test_bootstrap_failure_and_eof_preserve_child (test_vipe_benchmark_supervisor.HelperIntegrationTests.test_bootstrap_failure_and_eof_preserve_child) ... ok
test_cleanup_failures (test_vipe_benchmark_supervisor.HelperIntegrationTests.test_cleanup_failures) ... ok
test_cleanup_matrix (test_vipe_benchmark_supervisor.HelperIntegrationTests.test_cleanup_matrix) ... ok
test_foreign_only_pid (test_vipe_benchmark_supervisor.HelperIntegrationTests.test_foreign_only_pid) ... ok
test_importable_guarded_file_control (test_vipe_benchmark_supervisor.HelperIntegrationTests.test_importable_guarded_file_control) ... ok
test_mixed_owned_foreign_pid (test_vipe_benchmark_supervisor.HelperIntegrationTests.test_mixed_owned_foreign_pid) ... ok
test_owned_live_pid (test_vipe_benchmark_supervisor.HelperIntegrationTests.test_owned_live_pid) ... ok
test_owned_unreaped_exited_pid (test_vipe_benchmark_supervisor.HelperIntegrationTests.test_owned_unreaped_exited_pid) ... ok
test_prelaunch_empty_ownership (test_vipe_benchmark_supervisor.HelperIntegrationTests.test_prelaunch_empty_ownership) ... ok
test_primary_survives_secondary_cleanup_error (test_vipe_benchmark_supervisor.HelperIntegrationTests.test_primary_survives_secondary_cleanup_error) ... ok
test_real_close_repeated_and_descendant_cleanup (test_vipe_benchmark_supervisor.HelperIntegrationTests.test_real_close_repeated_and_descendant_cleanup) ... ok
test_spawn_constant_reaped_under_actual_runner (test_vipe_benchmark_supervisor.HelperIntegrationTests.test_spawn_constant_reaped_under_actual_runner) ... ok
test_supervisor_worker_context_and_consumed_cleanup_stop (test_vipe_benchmark_supervisor.HelperIntegrationTests.test_supervisor_worker_context_and_consumed_cleanup_stop) ... ok
test_bounded_traces_counters_and_authority (test_vipe_benchmark_supervisor.HelperSessionTests.test_bounded_traces_counters_and_authority) ... ok
test_census_immutable_identity_mutations (test_vipe_benchmark_supervisor.HelperSessionTests.test_census_immutable_identity_mutations) ... ok
test_combined_duplex_and_same_turn_bounds (test_vipe_benchmark_supervisor.HelperSessionTests.test_combined_duplex_and_same_turn_bounds) ... ok
test_control_primitive_and_frame_mutations (test_vipe_benchmark_supervisor.HelperSessionTests.test_control_primitive_and_frame_mutations) ... ok
test_envelope_correlation_mutations (test_vipe_benchmark_supervisor.HelperSessionTests.test_envelope_correlation_mutations) ... ok
test_exact_frame_bounds_and_trailing_data (test_vipe_benchmark_supervisor.HelperSessionTests.test_exact_frame_bounds_and_trailing_data) ... ok
test_l01_ready_reuse (test_vipe_benchmark_supervisor.HelperSessionTests.test_l01_ready_reuse) ... ok
test_l02_ready_and_sample_before_reserve (test_vipe_benchmark_supervisor.HelperSessionTests.test_l02_ready_and_sample_before_reserve) ... ok
test_l03_owner_bootstrap_block (test_vipe_benchmark_supervisor.HelperSessionTests.test_l03_owner_bootstrap_block) ... ok
test_l04_child_before_ready_block (test_vipe_benchmark_supervisor.HelperSessionTests.test_l04_child_before_ready_block) ... ok
test_l05_error_after_spawn (test_vipe_benchmark_supervisor.HelperSessionTests.test_l05_error_after_spawn) ... ok
test_l06_late_ready (test_vipe_benchmark_supervisor.HelperSessionTests.test_l06_late_ready) ... ok
test_l07_cancel_during_spawn (test_vipe_benchmark_supervisor.HelperSessionTests.test_l07_cancel_during_spawn) ... ok
test_l08_late_owner_retained (test_vipe_benchmark_supervisor.HelperSessionTests.test_l08_late_owner_retained) ... ok
test_l09_partial_header (test_vipe_benchmark_supervisor.HelperSessionTests.test_l09_partial_header) ... ok
test_l10_stalled_body (test_vipe_benchmark_supervisor.HelperSessionTests.test_l10_stalled_body) ... ok
test_l11_eof_midframe (test_vipe_benchmark_supervisor.HelperSessionTests.test_l11_eof_midframe) ... ok
test_l12_stalled_request_reader (test_vipe_benchmark_supervisor.HelperSessionTests.test_l12_stalled_request_reader) ... ok
test_l13_oversized_frame (test_vipe_benchmark_supervisor.HelperSessionTests.test_l13_oversized_frame) ... ok
test_l14_wrong_correlation (test_vipe_benchmark_supervisor.HelperSessionTests.test_l14_wrong_correlation) ... ok
test_l15_sample_deadline (test_vipe_benchmark_supervisor.HelperSessionTests.test_l15_sample_deadline) ... ok
test_l16_phase_deadline (test_vipe_benchmark_supervisor.HelperSessionTests.test_l16_phase_deadline) ... ok
test_l17_post_task_acquisition (test_vipe_benchmark_supervisor.HelperSessionTests.test_l17_post_task_acquisition) ... ok
test_l18_descendant_and_foreign_sentinel (test_vipe_benchmark_supervisor.HelperSessionTests.test_l18_descendant_and_foreign_sentinel) ... ok
test_l19_term_resistance (test_vipe_benchmark_supervisor.HelperSessionTests.test_l19_term_resistance) ... ok
test_l20_exit_during_transport (test_vipe_benchmark_supervisor.HelperSessionTests.test_l20_exit_during_transport) ... ok
test_l21_enumeration_failure (test_vipe_benchmark_supervisor.HelperSessionTests.test_l21_enumeration_failure) ... ok
test_l22_signal_failure (test_vipe_benchmark_supervisor.HelperSessionTests.test_l22_signal_failure) ... ok
test_l23_reap_failure (test_vipe_benchmark_supervisor.HelperSessionTests.test_l23_reap_failure) ... ok
test_l24_summary_reference_adapter (test_vipe_benchmark_supervisor.HelperSessionTests.test_l24_summary_reference_adapter) ... ok
test_l25_delayed_actual_reserve (test_vipe_benchmark_supervisor.HelperSessionTests.test_l25_delayed_actual_reserve) ... ok
test_l26_equal_actual_reserve (test_vipe_benchmark_supervisor.HelperSessionTests.test_l26_equal_actual_reserve) ... ok
test_l27_encoder_early_response (test_vipe_benchmark_supervisor.HelperSessionTests.test_l27_encoder_early_response) ... ok
test_l28_partial_early_response (test_vipe_benchmark_supervisor.HelperSessionTests.test_l28_partial_early_response) ... ok
test_l29_readable_sample_equality (test_vipe_benchmark_supervisor.HelperSessionTests.test_l29_readable_sample_equality) ... ok
test_l30_readable_phase_equality (test_vipe_benchmark_supervisor.HelperSessionTests.test_l30_readable_phase_equality) ... ok
test_l31_live_worker_bracket_and_foreign (test_vipe_benchmark_supervisor.HelperSessionTests.test_l31_live_worker_bracket_and_foreign) ... ok
test_l32_unreaped_worker_pin (test_vipe_benchmark_supervisor.HelperSessionTests.test_l32_unreaped_worker_pin) ... ok
test_l33_blocked_census_refuses_stale (test_vipe_benchmark_supervisor.HelperSessionTests.test_l33_blocked_census_refuses_stale) ... ok
test_l34_enumeration_error_empty_sample (test_vipe_benchmark_supervisor.HelperSessionTests.test_l34_enumeration_error_empty_sample) ... ok
test_l35_exited_leader_live_descendant (test_vipe_benchmark_supervisor.HelperSessionTests.test_l35_exited_leader_live_descendant) ... ok
test_l36_ambiguous_native_start_retained (test_vipe_benchmark_supervisor.HelperSessionTests.test_l36_ambiguous_native_start_retained) ... ok
test_partial_constructor_boundaries (test_vipe_benchmark_supervisor.HelperSessionTests.test_partial_constructor_boundaries) ... ok
test_progress_closed_inventory_and_faults (test_vipe_benchmark_supervisor.HelperSessionTests.test_progress_closed_inventory_and_faults) ... ok
test_progress_metadata_mutations (test_vipe_benchmark_supervisor.HelperSessionTests.test_progress_metadata_mutations) ... ERROR
test_progress_p01_worker_deadline (test_vipe_benchmark_supervisor.HelperSessionTests.test_progress_p01_worker_deadline) ... ok
test_progress_p02_reconcile_interruption (test_vipe_benchmark_supervisor.HelperSessionTests.test_progress_p02_reconcile_interruption) ... ok
test_progress_p03_helper_death (test_vipe_benchmark_supervisor.HelperSessionTests.test_progress_p03_helper_death) ... ok
test_progress_p04_failed_final_sample (test_vipe_benchmark_supervisor.HelperSessionTests.test_progress_p04_failed_final_sample) ... ok
test_progress_p05_interrupted_publisher (test_vipe_benchmark_supervisor.HelperSessionTests.test_progress_p05_interrupted_publisher) ... ok
test_progress_p06_blocked_owner (test_vipe_benchmark_supervisor.HelperSessionTests.test_progress_p06_blocked_owner) ... ok
test_progress_plan046_inventory (test_vipe_benchmark_supervisor.HelperSessionTests.test_progress_plan046_inventory) ... ok
test_progress_plan046_launch_deadline (test_vipe_benchmark_supervisor.HelperSessionTests.test_progress_plan046_launch_deadline) ... ok
test_progress_plan046_ownership (test_vipe_benchmark_supervisor.HelperSessionTests.test_progress_plan046_ownership) ... ok
test_progress_plan046_protocol (test_vipe_benchmark_supervisor.HelperSessionTests.test_progress_plan046_protocol) ... ERROR
test_progress_plan046_publication_faults (test_vipe_benchmark_supervisor.HelperSessionTests.test_progress_plan046_publication_faults) ... 
  test_progress_plan046_publication_faults (test_vipe_benchmark_supervisor.HelperSessionTests.test_progress_plan046_publication_faults) (kind='write') ... ERROR
  test_progress_plan046_publication_faults (test_vipe_benchmark_supervisor.HelperSessionTests.test_progress_plan046_publication_faults) (kind='flush') ... ERROR
  test_progress_plan046_publication_faults (test_vipe_benchmark_supervisor.HelperSessionTests.test_progress_plan046_publication_faults) (kind='file_fsync') ... ERROR
  test_progress_plan046_publication_faults (test_vipe_benchmark_supervisor.HelperSessionTests.test_progress_plan046_publication_faults) (kind='close_readback') ... ERROR
  test_progress_plan046_publication_faults (test_vipe_benchmark_supervisor.HelperSessionTests.test_progress_plan046_publication_faults) (kind='generation_install') ... ERROR
  test_progress_plan046_publication_faults (test_vipe_benchmark_supervisor.HelperSessionTests.test_progress_plan046_publication_faults) (kind='generation_directory_fsync') ... ERROR
  test_progress_plan046_publication_faults (test_vipe_benchmark_supervisor.HelperSessionTests.test_progress_plan046_publication_faults) (kind='head_install') ... ERROR
  test_progress_plan046_publication_faults (test_vipe_benchmark_supervisor.HelperSessionTests.test_progress_plan046_publication_faults) (kind='head_directory_fsync') ... ERROR
  test_progress_plan046_publication_faults (test_vipe_benchmark_supervisor.HelperSessionTests.test_progress_plan046_publication_faults) (kind='final_readback') ... ERROR
  test_progress_plan046_publication_faults (test_vipe_benchmark_supervisor.HelperSessionTests.test_progress_plan046_publication_faults) (kind='notice_send') ... ERROR
  test_progress_plan046_publication_faults (test_vipe_benchmark_supervisor.HelperSessionTests.test_progress_plan046_publication_faults) (kind='notice_receive') ... ERROR
  test_progress_plan046_publication_faults (test_vipe_benchmark_supervisor.HelperSessionTests.test_progress_plan046_publication_faults) (kind='owner_retention') ... ERROR
  test_progress_plan046_publication_faults (test_vipe_benchmark_supervisor.HelperSessionTests.test_progress_plan046_publication_faults) (kind='ack_send') ... ERROR
  test_progress_plan046_publication_faults (test_vipe_benchmark_supervisor.HelperSessionTests.test_progress_plan046_publication_faults) (kind='ack_receipt') ... ERROR
  test_progress_plan046_publication_faults (test_vipe_benchmark_supervisor.HelperSessionTests.test_progress_plan046_publication_faults) (kind='short_write') ... ERROR
  test_progress_plan046_publication_faults (test_vipe_benchmark_supervisor.HelperSessionTests.test_progress_plan046_publication_faults) (kind='generation_collision') ... ERROR
  test_progress_plan046_publication_faults (test_vipe_benchmark_supervisor.HelperSessionTests.test_progress_plan046_publication_faults) (kind='notice_full') ... ERROR
  test_progress_plan046_publication_faults (test_vipe_benchmark_supervisor.HelperSessionTests.test_progress_plan046_publication_faults) (kind='receive_truncated') ... ERROR
  test_progress_plan046_publication_faults (test_vipe_benchmark_supervisor.HelperSessionTests.test_progress_plan046_publication_faults) (kind='receive_credentials') ... ERROR
  test_progress_plan046_publication_faults (test_vipe_benchmark_supervisor.HelperSessionTests.test_progress_plan046_publication_faults) (kind='ack_wrong') ... ERROR
test_progress_plan046_summary (test_vipe_benchmark_supervisor.HelperSessionTests.test_progress_plan046_summary) ... ok
test_progress_plan046_worker_authority (test_vipe_benchmark_supervisor.HelperSessionTests.test_progress_plan046_worker_authority) ... 
  test_progress_plan046_worker_authority (test_vipe_benchmark_supervisor.HelperSessionTests.test_progress_plan046_worker_authority) (kind='reuse') ... ERROR
  test_progress_plan046_worker_authority (test_vipe_benchmark_supervisor.HelperSessionTests.test_progress_plan046_worker_authority) (kind='conflict') ... ERROR
  test_progress_plan046_worker_authority (test_vipe_benchmark_supervisor.HelperSessionTests.test_progress_plan046_worker_authority) (kind='forged_seal') ... ERROR
  test_progress_plan046_worker_authority (test_vipe_benchmark_supervisor.HelperSessionTests.test_progress_plan046_worker_authority) (kind='resume') ... ERROR
  test_progress_plan046_worker_authority (test_vipe_benchmark_supervisor.HelperSessionTests.test_progress_plan046_worker_authority) (kind='publish_adapter') ... ERROR
test_progress_plan047_alias_inventory (test_vipe_benchmark_supervisor.HelperSessionTests.test_progress_plan047_alias_inventory) ... 
  test_progress_plan047_alias_inventory (test_vipe_benchmark_supervisor.HelperSessionTests.test_progress_plan047_alias_inventory) (kind='member_add_after_publish') ... ERROR
  test_progress_plan047_alias_inventory (test_vipe_benchmark_supervisor.HelperSessionTests.test_progress_plan047_alias_inventory) (kind='member_remove_after_publish') ... ERROR
  test_progress_plan047_alias_inventory (test_vipe_benchmark_supervisor.HelperSessionTests.test_progress_plan047_alias_inventory) (kind='member_rename_after_publish') ... ERROR
  test_progress_plan047_alias_inventory (test_vipe_benchmark_supervisor.HelperSessionTests.test_progress_plan047_alias_inventory) (kind='result_replace_after_publish') ... ERROR
  test_progress_plan047_alias_inventory (test_vipe_benchmark_supervisor.HelperSessionTests.test_progress_plan047_alias_inventory) (kind='row_replace_after_publish') ... ERROR
test_progress_plan047_cancellation (test_vipe_benchmark_supervisor.HelperSessionTests.test_progress_plan047_cancellation) ... 
  test_progress_plan047_cancellation (test_vipe_benchmark_supervisor.HelperSessionTests.test_progress_plan047_cancellation) (stage='dequeue', when='before') ... ERROR
  test_progress_plan047_cancellation (test_vipe_benchmark_supervisor.HelperSessionTests.test_progress_plan047_cancellation) (stage='dequeue', when='after') ... ERROR
  test_progress_plan047_cancellation (test_vipe_benchmark_supervisor.HelperSessionTests.test_progress_plan047_cancellation) (stage='credentials', when='before') ... ERROR
  test_progress_plan047_cancellation (test_vipe_benchmark_supervisor.HelperSessionTests.test_progress_plan047_cancellation) (stage='credentials', when='after') ... ERROR
  test_progress_plan047_cancellation (test_vipe_benchmark_supervisor.HelperSessionTests.test_progress_plan047_cancellation) (stage='context_read', when='before') ... ERROR
  test_progress_plan047_cancellation (test_vipe_benchmark_supervisor.HelperSessionTests.test_progress_plan047_cancellation) (stage='context_read', when='after') ... ERROR
  test_progress_plan047_cancellation (test_vipe_benchmark_supervisor.HelperSessionTests.test_progress_plan047_cancellation) (stage='old_checkpoint_read', when='before') ... ERROR
  test_progress_plan047_cancellation (test_vipe_benchmark_supervisor.HelperSessionTests.test_progress_plan047_cancellation) (stage='old_checkpoint_read', when='after') ... ERROR
  test_progress_plan047_cancellation (test_vipe_benchmark_supervisor.HelperSessionTests.test_progress_plan047_cancellation) (stage='head_read', when='before') ... ERROR
  test_progress_plan047_cancellation (test_vipe_benchmark_supervisor.HelperSessionTests.test_progress_plan047_cancellation) (stage='head_read', when='after') ... ERROR
  test_progress_plan047_cancellation (test_vipe_benchmark_supervisor.HelperSessionTests.test_progress_plan047_cancellation) (stage='new_checkpoint_read', when='before') ... ERROR
  test_progress_plan047_cancellation (test_vipe_benchmark_supervisor.HelperSessionTests.test_progress_plan047_cancellation) (stage='new_checkpoint_read', when='after') ... ERROR
  test_progress_plan047_cancellation (test_vipe_benchmark_supervisor.HelperSessionTests.test_progress_plan047_cancellation) (stage='worker_authority_read', when='before') ... ERROR
  test_progress_plan047_cancellation (test_vipe_benchmark_supervisor.HelperSessionTests.test_progress_plan047_cancellation) (stage='worker_authority_read', when='after') ... ERROR
  test_progress_plan047_cancellation (test_vipe_benchmark_supervisor.HelperSessionTests.test_progress_plan047_cancellation) (stage='retention', when='before') ... ERROR
  test_progress_plan047_cancellation (test_vipe_benchmark_supervisor.HelperSessionTests.test_progress_plan047_cancellation) (stage='retention', when='after') ... ERROR
  test_progress_plan047_cancellation (test_vipe_benchmark_supervisor.HelperSessionTests.test_progress_plan047_cancellation) (stage='ack_send', when='before') ... ERROR
  test_progress_plan047_cancellation (test_vipe_benchmark_supervisor.HelperSessionTests.test_progress_plan047_cancellation) (stage='ack_send', when='after') ... ERROR
  test_progress_plan047_cancellation (test_vipe_benchmark_supervisor.HelperSessionTests.test_progress_plan047_cancellation) (stage='ack_receipt', when='before') ... ERROR
  test_progress_plan047_cancellation (test_vipe_benchmark_supervisor.HelperSessionTests.test_progress_plan047_cancellation) (stage='ack_receipt', when='after') ... ERROR
test_progress_plan047_complete_final_sample (test_vipe_benchmark_supervisor.HelperSessionTests.test_progress_plan047_complete_final_sample) ... 
  test_progress_plan047_complete_final_sample (test_vipe_benchmark_supervisor.HelperSessionTests.test_progress_plan047_complete_final_sample) (kind='success') ... ERROR
  test_progress_plan047_complete_final_sample (test_vipe_benchmark_supervisor.HelperSessionTests.test_progress_plan047_complete_final_sample) (kind='final_sample_failure') ... ERROR
test_progress_plan047_deadline_steps (test_vipe_benchmark_supervisor.HelperSessionTests.test_progress_plan047_deadline_steps) ... 
  test_progress_plan047_deadline_steps (test_vipe_benchmark_supervisor.HelperSessionTests.test_progress_plan047_deadline_steps) (operation='checkpoint_write', when='before') ... ERROR
  test_progress_plan047_deadline_steps (test_vipe_benchmark_supervisor.HelperSessionTests.test_progress_plan047_deadline_steps) (operation='checkpoint_write', when='equal') ... ERROR
  test_progress_plan047_deadline_steps (test_vipe_benchmark_supervisor.HelperSessionTests.test_progress_plan047_deadline_steps) (operation='checkpoint_write', when='after') ... ERROR
  test_progress_plan047_deadline_steps (test_vipe_benchmark_supervisor.HelperSessionTests.test_progress_plan047_deadline_steps) (operation='checkpoint_flush', when='before') ... ERROR
  test_progress_plan047_deadline_steps (test_vipe_benchmark_supervisor.HelperSessionTests.test_progress_plan047_deadline_steps) (operation='checkpoint_flush', when='equal') ... ERROR
  test_progress_plan047_deadline_steps (test_vipe_benchmark_supervisor.HelperSessionTests.test_progress_plan047_deadline_steps) (operation='checkpoint_flush', when='after') ... ERROR
  test_progress_plan047_deadline_steps (test_vipe_benchmark_supervisor.HelperSessionTests.test_progress_plan047_deadline_steps) (operation='checkpoint_fsync', when='before') ... ERROR
  test_progress_plan047_deadline_steps (test_vipe_benchmark_supervisor.HelperSessionTests.test_progress_plan047_deadline_steps) (operation='checkpoint_fsync', when='equal') ... ERROR
  test_progress_plan047_deadline_steps (test_vipe_benchmark_supervisor.HelperSessionTests.test_progress_plan047_deadline_steps) (operation='checkpoint_fsync', when='after') ... ERROR
  test_progress_plan047_deadline_steps (test_vipe_benchmark_supervisor.HelperSessionTests.test_progress_plan047_deadline_steps) (operation='checkpoint_close', when='before') ... ERROR
  test_progress_plan047_deadline_steps (test_vipe_benchmark_supervisor.HelperSessionTests.test_progress_plan047_deadline_steps) (operation='checkpoint_close', when='equal') ... ERROR
  test_progress_plan047_deadline_steps (test_vipe_benchmark_supervisor.HelperSessionTests.test_progress_plan047_deadline_steps) (operation='checkpoint_close', when='after') ... ERROR
  test_progress_plan047_deadline_steps (test_vipe_benchmark_supervisor.HelperSessionTests.test_progress_plan047_deadline_steps) (operation='checkpoint_readback', when='before') ... ERROR
  test_progress_plan047_deadline_steps (test_vipe_benchmark_supervisor.HelperSessionTests.test_progress_plan047_deadline_steps) (operation='checkpoint_readback', when='equal') ... ERROR
  test_progress_plan047_deadline_steps (test_vipe_benchmark_supervisor.HelperSessionTests.test_progress_plan047_deadline_steps) (operation='checkpoint_readback', when='after') ... ERROR
  test_progress_plan047_deadline_steps (test_vipe_benchmark_supervisor.HelperSessionTests.test_progress_plan047_deadline_steps) (operation='head_write', when='before') ... ERROR
  test_progress_plan047_deadline_steps (test_vipe_benchmark_supervisor.HelperSessionTests.test_progress_plan047_deadline_steps) (operation='head_write', when='equal') ... ERROR
  test_progress_plan047_deadline_steps (test_vipe_benchmark_supervisor.HelperSessionTests.test_progress_plan047_deadline_steps) (operation='head_write', when='after') ... ERROR
  test_progress_plan047_deadline_steps (test_vipe_benchmark_supervisor.HelperSessionTests.test_progress_plan047_deadline_steps) (operation='head_flush', when='before') ... ERROR
  test_progress_plan047_deadline_steps (test_vipe_benchmark_supervisor.HelperSessionTests.test_progress_plan047_deadline_steps) (operation='head_flush', when='equal') ... ERROR
  test_progress_plan047_deadline_steps (test_vipe_benchmark_supervisor.HelperSessionTests.test_progress_plan047_deadline_steps) (operation='head_flush', when='after') ... ERROR
  test_progress_plan047_deadline_steps (test_vipe_benchmark_supervisor.HelperSessionTests.test_progress_plan047_deadline_steps) (operation='head_fsync', when='before') ... ERROR
  test_progress_plan047_deadline_steps (test_vipe_benchmark_supervisor.HelperSessionTests.test_progress_plan047_deadline_steps) (operation='head_fsync', when='equal') ... ERROR
  test_progress_plan047_deadline_steps (test_vipe_benchmark_supervisor.HelperSessionTests.test_progress_plan047_deadline_steps) (operation='head_fsync', when='after') ... ERROR
  test_progress_plan047_deadline_steps (test_vipe_benchmark_supervisor.HelperSessionTests.test_progress_plan047_deadline_steps) (operation='head_close', when='before') ... ERROR
  test_progress_plan047_deadline_steps (test_vipe_benchmark_supervisor.HelperSessionTests.test_progress_plan047_deadline_steps) (operation='head_close', when='equal') ... ERROR
  test_progress_plan047_deadline_steps (test_vipe_benchmark_supervisor.HelperSessionTests.test_progress_plan047_deadline_steps) (operation='head_close', when='after') ... ERROR
  test_progress_plan047_deadline_steps (test_vipe_benchmark_supervisor.HelperSessionTests.test_progress_plan047_deadline_steps) (operation='head_readback', when='before') ... ERROR
  test_progress_plan047_deadline_steps (test_vipe_benchmark_supervisor.HelperSessionTests.test_progress_plan047_deadline_steps) (operation='head_readback', when='equal') ... ERROR
  test_progress_plan047_deadline_steps (test_vipe_benchmark_supervisor.HelperSessionTests.test_progress_plan047_deadline_steps) (operation='head_readback', when='after') ... ERROR
  test_progress_plan047_deadline_steps (test_vipe_benchmark_supervisor.HelperSessionTests.test_progress_plan047_deadline_steps) (operation='generation_install', when='before') ... ERROR
  test_progress_plan047_deadline_steps (test_vipe_benchmark_supervisor.HelperSessionTests.test_progress_plan047_deadline_steps) (operation='generation_install', when='equal') ... ERROR
  test_progress_plan047_deadline_steps (test_vipe_benchmark_supervisor.HelperSessionTests.test_progress_plan047_deadline_steps) (operation='generation_install', when='after') ... ERROR
  test_progress_plan047_deadline_steps (test_vipe_benchmark_supervisor.HelperSessionTests.test_progress_plan047_deadline_steps) (operation='generation_dir_fsync', when='before') ... ERROR
  test_progress_plan047_deadline_steps (test_vipe_benchmark_supervisor.HelperSessionTests.test_progress_plan047_deadline_steps) (operation='generation_dir_fsync', when='equal') ... ERROR
  test_progress_plan047_deadline_steps (test_vipe_benchmark_supervisor.HelperSessionTests.test_progress_plan047_deadline_steps) (operation='generation_dir_fsync', when='after') ... ERROR
  test_progress_plan047_deadline_steps (test_vipe_benchmark_supervisor.HelperSessionTests.test_progress_plan047_deadline_steps) (operation='generation_reopen_hash', when='before') ... ERROR
  test_progress_plan047_deadline_steps (test_vipe_benchmark_supervisor.HelperSessionTests.test_progress_plan047_deadline_steps) (operation='generation_reopen_hash', when='equal') ... ERROR
  test_progress_plan047_deadline_steps (test_vipe_benchmark_supervisor.HelperSessionTests.test_progress_plan047_deadline_steps) (operation='generation_reopen_hash', when='after') ... ERROR
  test_progress_plan047_deadline_steps (test_vipe_benchmark_supervisor.HelperSessionTests.test_progress_plan047_deadline_steps) (operation='head_install', when='before') ... ERROR
  test_progress_plan047_deadline_steps (test_vipe_benchmark_supervisor.HelperSessionTests.test_progress_plan047_deadline_steps) (operation='head_install', when='equal') ... ERROR
  test_progress_plan047_deadline_steps (test_vipe_benchmark_supervisor.HelperSessionTests.test_progress_plan047_deadline_steps) (operation='head_install', when='after') ... ERROR
  test_progress_plan047_deadline_steps (test_vipe_benchmark_supervisor.HelperSessionTests.test_progress_plan047_deadline_steps) (operation='head_dir_fsync', when='before') ... ERROR
  test_progress_plan047_deadline_steps (test_vipe_benchmark_supervisor.HelperSessionTests.test_progress_plan047_deadline_steps) (operation='head_dir_fsync', when='equal') ... ERROR
  test_progress_plan047_deadline_steps (test_vipe_benchmark_supervisor.HelperSessionTests.test_progress_plan047_deadline_steps) (operation='head_dir_fsync', when='after') ... ERROR
  test_progress_plan047_deadline_steps (test_vipe_benchmark_supervisor.HelperSessionTests.test_progress_plan047_deadline_steps) (operation='final_head_read', when='before') ... ERROR
  test_progress_plan047_deadline_steps (test_vipe_benchmark_supervisor.HelperSessionTests.test_progress_plan047_deadline_steps) (operation='final_head_read', when='equal') ... ERROR
  test_progress_plan047_deadline_steps (test_vipe_benchmark_supervisor.HelperSessionTests.test_progress_plan047_deadline_steps) (operation='final_head_read', when='after') ... ERROR
  test_progress_plan047_deadline_steps (test_vipe_benchmark_supervisor.HelperSessionTests.test_progress_plan047_deadline_steps) (operation='final_generation_read', when='before') ... ERROR
  test_progress_plan047_deadline_steps (test_vipe_benchmark_supervisor.HelperSessionTests.test_progress_plan047_deadline_steps) (operation='final_generation_read', when='equal') ... ERROR
  test_progress_plan047_deadline_steps (test_vipe_benchmark_supervisor.HelperSessionTests.test_progress_plan047_deadline_steps) (operation='final_generation_read', when='after') ... ERROR
  test_progress_plan047_deadline_steps (test_vipe_benchmark_supervisor.HelperSessionTests.test_progress_plan047_deadline_steps) (operation='notice_send', when='before') ... ERROR
  test_progress_plan047_deadline_steps (test_vipe_benchmark_supervisor.HelperSessionTests.test_progress_plan047_deadline_steps) (operation='notice_send', when='equal') ... ERROR
  test_progress_plan047_deadline_steps (test_vipe_benchmark_supervisor.HelperSessionTests.test_progress_plan047_deadline_steps) (operation='notice_send', when='after') ... ERROR
  test_progress_plan047_deadline_steps (test_vipe_benchmark_supervisor.HelperSessionTests.test_progress_plan047_deadline_steps) (operation='owner_retention', when='before') ... ERROR
  test_progress_plan047_deadline_steps (test_vipe_benchmark_supervisor.HelperSessionTests.test_progress_plan047_deadline_steps) (operation='owner_retention', when='equal') ... ERROR
  test_progress_plan047_deadline_steps (test_vipe_benchmark_supervisor.HelperSessionTests.test_progress_plan047_deadline_steps) (operation='owner_retention', when='after') ... ERROR
  test_progress_plan047_deadline_steps (test_vipe_benchmark_supervisor.HelperSessionTests.test_progress_plan047_deadline_steps) (operation='ack_send', when='before') ... ERROR
  test_progress_plan047_deadline_steps (test_vipe_benchmark_supervisor.HelperSessionTests.test_progress_plan047_deadline_steps) (operation='ack_send', when='equal') ... ERROR
  test_progress_plan047_deadline_steps (test_vipe_benchmark_supervisor.HelperSessionTests.test_progress_plan047_deadline_steps) (operation='ack_send', when='after') ... ERROR
  test_progress_plan047_deadline_steps (test_vipe_benchmark_supervisor.HelperSessionTests.test_progress_plan047_deadline_steps) (operation='ack_receipt', when='before') ... ERROR
  test_progress_plan047_deadline_steps (test_vipe_benchmark_supervisor.HelperSessionTests.test_progress_plan047_deadline_steps) (operation='ack_receipt', when='equal') ... ERROR
  test_progress_plan047_deadline_steps (test_vipe_benchmark_supervisor.HelperSessionTests.test_progress_plan047_deadline_steps) (operation='ack_receipt', when='after') ... ERROR
  test_progress_plan047_deadline_steps (test_vipe_benchmark_supervisor.HelperSessionTests.test_progress_plan047_deadline_steps) (operation='array_npy', when='before') ... ERROR
  test_progress_plan047_deadline_steps (test_vipe_benchmark_supervisor.HelperSessionTests.test_progress_plan047_deadline_steps) (operation='array_npy', when='equal') ... ERROR
  test_progress_plan047_deadline_steps (test_vipe_benchmark_supervisor.HelperSessionTests.test_progress_plan047_deadline_steps) (operation='array_npy', when='after') ... ERROR
  test_progress_plan047_deadline_steps (test_vipe_benchmark_supervisor.HelperSessionTests.test_progress_plan047_deadline_steps) (operation='array_png', when='before') ... ERROR
  test_progress_plan047_deadline_steps (test_vipe_benchmark_supervisor.HelperSessionTests.test_progress_plan047_deadline_steps) (operation='array_png', when='equal') ... ERROR
  test_progress_plan047_deadline_steps (test_vipe_benchmark_supervisor.HelperSessionTests.test_progress_plan047_deadline_steps) (operation='array_png', when='after') ... ERROR
  test_progress_plan047_deadline_steps (test_vipe_benchmark_supervisor.HelperSessionTests.test_progress_plan047_deadline_steps) (operation='npz_member', when='before') ... ERROR
  test_progress_plan047_deadline_steps (test_vipe_benchmark_supervisor.HelperSessionTests.test_progress_plan047_deadline_steps) (operation='npz_member', when='equal') ... ERROR
  test_progress_plan047_deadline_steps (test_vipe_benchmark_supervisor.HelperSessionTests.test_progress_plan047_deadline_steps) (operation='npz_member', when='after') ... ERROR
  test_progress_plan047_deadline_steps (test_vipe_benchmark_supervisor.HelperSessionTests.test_progress_plan047_deadline_steps) (operation='npz_finalize', when='before') ... ERROR
  test_progress_plan047_deadline_steps (test_vipe_benchmark_supervisor.HelperSessionTests.test_progress_plan047_deadline_steps) (operation='npz_finalize', when='equal') ... ERROR
  test_progress_plan047_deadline_steps (test_vipe_benchmark_supervisor.HelperSessionTests.test_progress_plan047_deadline_steps) (operation='npz_finalize', when='after') ... ERROR
  test_progress_plan047_deadline_steps (test_vipe_benchmark_supervisor.HelperSessionTests.test_progress_plan047_deadline_steps) (operation='array_hash', when='before') ... ERROR
  test_progress_plan047_deadline_steps (test_vipe_benchmark_supervisor.HelperSessionTests.test_progress_plan047_deadline_steps) (operation='array_hash', when='equal') ... ERROR
  test_progress_plan047_deadline_steps (test_vipe_benchmark_supervisor.HelperSessionTests.test_progress_plan047_deadline_steps) (operation='array_hash', when='after') ... ERROR
  test_progress_plan047_deadline_steps (test_vipe_benchmark_supervisor.HelperSessionTests.test_progress_plan047_deadline_steps) (operation='produced_json', when='before') ... ERROR
  test_progress_plan047_deadline_steps (test_vipe_benchmark_supervisor.HelperSessionTests.test_progress_plan047_deadline_steps) (operation='produced_json', when='equal') ... ERROR
  test_progress_plan047_deadline_steps (test_vipe_benchmark_supervisor.HelperSessionTests.test_progress_plan047_deadline_steps) (operation='produced_json', when='after') ... ERROR
  test_progress_plan047_deadline_steps (test_vipe_benchmark_supervisor.HelperSessionTests.test_progress_plan047_deadline_steps) (operation='produced_read', when='before') ... ERROR
  test_progress_plan047_deadline_steps (test_vipe_benchmark_supervisor.HelperSessionTests.test_progress_plan047_deadline_steps) (operation='produced_read', when='equal') ... ERROR
  test_progress_plan047_deadline_steps (test_vipe_benchmark_supervisor.HelperSessionTests.test_progress_plan047_deadline_steps) (operation='produced_read', when='after') ... ERROR
  test_progress_plan047_deadline_steps (test_vipe_benchmark_supervisor.HelperSessionTests.test_progress_plan047_deadline_steps) (operation='produced_guard', when='before') ... ERROR
  test_progress_plan047_deadline_steps (test_vipe_benchmark_supervisor.HelperSessionTests.test_progress_plan047_deadline_steps) (operation='produced_guard', when='equal') ... ERROR
  test_progress_plan047_deadline_steps (test_vipe_benchmark_supervisor.HelperSessionTests.test_progress_plan047_deadline_steps) (operation='produced_guard', when='after') ... ERROR
  test_progress_plan047_deadline_steps (test_vipe_benchmark_supervisor.HelperSessionTests.test_progress_plan047_deadline_steps) (operation='qualified_guard', when='before') ... ERROR
  test_progress_plan047_deadline_steps (test_vipe_benchmark_supervisor.HelperSessionTests.test_progress_plan047_deadline_steps) (operation='qualified_guard', when='equal') ... ERROR
  test_progress_plan047_deadline_steps (test_vipe_benchmark_supervisor.HelperSessionTests.test_progress_plan047_deadline_steps) (operation='qualified_guard', when='after') ... ERROR
  test_progress_plan047_deadline_steps (test_vipe_benchmark_supervisor.HelperSessionTests.test_progress_plan047_deadline_steps) (operation='first_guard', when='before') ... ERROR
  test_progress_plan047_deadline_steps (test_vipe_benchmark_supervisor.HelperSessionTests.test_progress_plan047_deadline_steps) (operation='first_guard', when='equal') ... ERROR
  test_progress_plan047_deadline_steps (test_vipe_benchmark_supervisor.HelperSessionTests.test_progress_plan047_deadline_steps) (operation='first_guard', when='after') ... ERROR
  test_progress_plan047_deadline_steps (test_vipe_benchmark_supervisor.HelperSessionTests.test_progress_plan047_deadline_steps) (operation='runtime_guard', when='before') ... ERROR
  test_progress_plan047_deadline_steps (test_vipe_benchmark_supervisor.HelperSessionTests.test_progress_plan047_deadline_steps) (operation='runtime_guard', when='equal') ... ERROR
  test_progress_plan047_deadline_steps (test_vipe_benchmark_supervisor.HelperSessionTests.test_progress_plan047_deadline_steps) (operation='runtime_guard', when='after') ... ERROR
  test_progress_plan047_deadline_steps (test_vipe_benchmark_supervisor.HelperSessionTests.test_progress_plan047_deadline_steps) (operation='reuse_after_read', when='before') ... ERROR
  test_progress_plan047_deadline_steps (test_vipe_benchmark_supervisor.HelperSessionTests.test_progress_plan047_deadline_steps) (operation='reuse_after_read', when='equal') ... ERROR
  test_progress_plan047_deadline_steps (test_vipe_benchmark_supervisor.HelperSessionTests.test_progress_plan047_deadline_steps) (operation='reuse_after_read', when='after') ... ERROR
  test_progress_plan047_deadline_steps (test_vipe_benchmark_supervisor.HelperSessionTests.test_progress_plan047_deadline_steps) (operation='cleanup_next_array', when='before') ... ERROR
  test_progress_plan047_deadline_steps (test_vipe_benchmark_supervisor.HelperSessionTests.test_progress_plan047_deadline_steps) (operation='cleanup_next_array', when='equal') ... ERROR
  test_progress_plan047_deadline_steps (test_vipe_benchmark_supervisor.HelperSessionTests.test_progress_plan047_deadline_steps) (operation='cleanup_next_array', when='after') ... ERROR
  test_progress_plan047_deadline_steps (test_vipe_benchmark_supervisor.HelperSessionTests.test_progress_plan047_deadline_steps) (operation='accept_after_read', when='before') ... ERROR
  test_progress_plan047_deadline_steps (test_vipe_benchmark_supervisor.HelperSessionTests.test_progress_plan047_deadline_steps) (operation='accept_after_read', when='equal') ... ERROR
  test_progress_plan047_deadline_steps (test_vipe_benchmark_supervisor.HelperSessionTests.test_progress_plan047_deadline_steps) (operation='accept_after_read', when='after') ... ERROR
  test_progress_plan047_deadline_steps (test_vipe_benchmark_supervisor.HelperSessionTests.test_progress_plan047_deadline_steps) (operation='complete_after_read', when='before') ... ERROR
  test_progress_plan047_deadline_steps (test_vipe_benchmark_supervisor.HelperSessionTests.test_progress_plan047_deadline_steps) (operation='complete_after_read', when='equal') ... ERROR
  test_progress_plan047_deadline_steps (test_vipe_benchmark_supervisor.HelperSessionTests.test_progress_plan047_deadline_steps) (operation='complete_after_read', when='after') ... ERROR
  test_progress_plan047_deadline_steps (test_vipe_benchmark_supervisor.HelperSessionTests.test_progress_plan047_deadline_steps) (operation='next_input', when='before') ... ERROR
  test_progress_plan047_deadline_steps (test_vipe_benchmark_supervisor.HelperSessionTests.test_progress_plan047_deadline_steps) (operation='next_input', when='equal') ... ERROR
  test_progress_plan047_deadline_steps (test_vipe_benchmark_supervisor.HelperSessionTests.test_progress_plan047_deadline_steps) (operation='next_input', when='after') ... ERROR
  test_progress_plan047_deadline_steps (test_vipe_benchmark_supervisor.HelperSessionTests.test_progress_plan047_deadline_steps) (operation='worker_popen', when='before') ... ERROR
  test_progress_plan047_deadline_steps (test_vipe_benchmark_supervisor.HelperSessionTests.test_progress_plan047_deadline_steps) (operation='worker_popen', when='equal') ... ERROR
  test_progress_plan047_deadline_steps (test_vipe_benchmark_supervisor.HelperSessionTests.test_progress_plan047_deadline_steps) (operation='worker_popen', when='after') ... ERROR
test_progress_plan047_limits (test_vipe_benchmark_supervisor.HelperSessionTests.test_progress_plan047_limits) ... ERROR
test_progress_plan047_nested (test_vipe_benchmark_supervisor.HelperSessionTests.test_progress_plan047_nested) ... ERROR
test_progress_plan047_ownership (test_vipe_benchmark_supervisor.HelperSessionTests.test_progress_plan047_ownership) ... ok
test_progress_plan047_publication_faults (test_vipe_benchmark_supervisor.HelperSessionTests.test_progress_plan047_publication_faults) ... 
  test_progress_plan047_publication_faults (test_vipe_benchmark_supervisor.HelperSessionTests.test_progress_plan047_publication_faults) (kind='checkpoint_open') ... ERROR
  test_progress_plan047_publication_faults (test_vipe_benchmark_supervisor.HelperSessionTests.test_progress_plan047_publication_faults) (kind='checkpoint_write_short') ... ERROR
  test_progress_plan047_publication_faults (test_vipe_benchmark_supervisor.HelperSessionTests.test_progress_plan047_publication_faults) (kind='checkpoint_flush') ... ERROR
  test_progress_plan047_publication_faults (test_vipe_benchmark_supervisor.HelperSessionTests.test_progress_plan047_publication_faults) (kind='checkpoint_fsync') ... ERROR
  test_progress_plan047_publication_faults (test_vipe_benchmark_supervisor.HelperSessionTests.test_progress_plan047_publication_faults) (kind='checkpoint_close') ... ERROR
  test_progress_plan047_publication_faults (test_vipe_benchmark_supervisor.HelperSessionTests.test_progress_plan047_publication_faults) (kind='checkpoint_readback') ... ERROR
  test_progress_plan047_publication_faults (test_vipe_benchmark_supervisor.HelperSessionTests.test_progress_plan047_publication_faults) (kind='head_open') ... ERROR
  test_progress_plan047_publication_faults (test_vipe_benchmark_supervisor.HelperSessionTests.test_progress_plan047_publication_faults) (kind='head_write_short') ... ERROR
  test_progress_plan047_publication_faults (test_vipe_benchmark_supervisor.HelperSessionTests.test_progress_plan047_publication_faults) (kind='head_flush') ... ERROR
  test_progress_plan047_publication_faults (test_vipe_benchmark_supervisor.HelperSessionTests.test_progress_plan047_publication_faults) (kind='head_fsync') ... ERROR
  test_progress_plan047_publication_faults (test_vipe_benchmark_supervisor.HelperSessionTests.test_progress_plan047_publication_faults) (kind='head_close') ... ERROR
  test_progress_plan047_publication_faults (test_vipe_benchmark_supervisor.HelperSessionTests.test_progress_plan047_publication_faults) (kind='head_readback') ... ERROR
  test_progress_plan047_publication_faults (test_vipe_benchmark_supervisor.HelperSessionTests.test_progress_plan047_publication_faults) (kind='generation_collision_exact') ... ERROR
  test_progress_plan047_publication_faults (test_vipe_benchmark_supervisor.HelperSessionTests.test_progress_plan047_publication_faults) (kind='generation_collision_changed') ... ERROR
  test_progress_plan047_publication_faults (test_vipe_benchmark_supervisor.HelperSessionTests.test_progress_plan047_publication_faults) (kind='generation_dir_fsync') ... ERROR
  test_progress_plan047_publication_faults (test_vipe_benchmark_supervisor.HelperSessionTests.test_progress_plan047_publication_faults) (kind='head_dir_fsync') ... ERROR
  test_progress_plan047_publication_faults (test_vipe_benchmark_supervisor.HelperSessionTests.test_progress_plan047_publication_faults) (kind='final_generation_readback') ... ERROR
  test_progress_plan047_publication_faults (test_vipe_benchmark_supervisor.HelperSessionTests.test_progress_plan047_publication_faults) (kind='final_head_readback') ... ERROR
  test_progress_plan047_publication_faults (test_vipe_benchmark_supervisor.HelperSessionTests.test_progress_plan047_publication_faults) (kind='ack_send_short') ... ERROR
  test_progress_plan047_publication_faults (test_vipe_benchmark_supervisor.HelperSessionTests.test_progress_plan047_publication_faults) (kind='ack_send_late') ... ERROR
  test_progress_plan047_publication_faults (test_vipe_benchmark_supervisor.HelperSessionTests.test_progress_plan047_publication_faults) (kind='ack_receive_late') ... ERROR
  test_progress_plan047_publication_faults (test_vipe_benchmark_supervisor.HelperSessionTests.test_progress_plan047_publication_faults) (kind='owner_retention_error') ... ERROR
test_progress_plan047_recovery (test_vipe_benchmark_supervisor.HelperSessionTests.test_progress_plan047_recovery) ... 
  test_progress_plan047_recovery (test_vipe_benchmark_supervisor.HelperSessionTests.test_progress_plan047_recovery) (kind='accepted_exact') ... ERROR
  test_progress_plan047_recovery (test_vipe_benchmark_supervisor.HelperSessionTests.test_progress_plan047_recovery) (kind='optional_valid_successor') ... ERROR
  test_progress_plan047_recovery (test_vipe_benchmark_supervisor.HelperSessionTests.test_progress_plan047_recovery) (kind='optional_successor_body_missing') ... ERROR
  test_progress_plan047_recovery (test_vipe_benchmark_supervisor.HelperSessionTests.test_progress_plan047_recovery) (kind='optional_successor_body_truncated') ... ERROR
  test_progress_plan047_recovery (test_vipe_benchmark_supervisor.HelperSessionTests.test_progress_plan047_recovery) (kind='optional_successor_head_truncated') ... ERROR
  test_progress_plan047_recovery (test_vipe_benchmark_supervisor.HelperSessionTests.test_progress_plan047_recovery) (kind='head_missing_no_intent') ... ERROR
  test_progress_plan047_recovery (test_vipe_benchmark_supervisor.HelperSessionTests.test_progress_plan047_recovery) (kind='head_truncated_no_intent') ... ERROR
  test_progress_plan047_recovery (test_vipe_benchmark_supervisor.HelperSessionTests.test_progress_plan047_recovery) (kind='accepted_body_missing') ... ERROR
  test_progress_plan047_recovery (test_vipe_benchmark_supervisor.HelperSessionTests.test_progress_plan047_recovery) (kind='accepted_body_changed') ... ERROR
  test_progress_plan047_recovery (test_vipe_benchmark_supervisor.HelperSessionTests.test_progress_plan047_recovery) (kind='accepted_head_changed') ... ERROR
  test_progress_plan047_recovery (test_vipe_benchmark_supervisor.HelperSessionTests.test_progress_plan047_recovery) (kind='head_regressed') ... ERROR
  test_progress_plan047_recovery (test_vipe_benchmark_supervisor.HelperSessionTests.test_progress_plan047_recovery) (kind='context_changed') ... ERROR
  test_progress_plan047_recovery (test_vipe_benchmark_supervisor.HelperSessionTests.test_progress_plan047_recovery) (kind='foreign_provenance') ... ERROR
  test_progress_plan047_recovery (test_vipe_benchmark_supervisor.HelperSessionTests.test_progress_plan047_recovery) (kind='unacknowledged_only') ... ERROR
  test_progress_plan047_recovery (test_vipe_benchmark_supervisor.HelperSessionTests.test_progress_plan047_recovery) (kind='history_tripwire') ... ERROR
  test_progress_plan047_recovery (test_vipe_benchmark_supervisor.HelperSessionTests.test_progress_plan047_recovery) (kind='current_previous_retention') ... ERROR
  test_progress_plan047_recovery (test_vipe_benchmark_supervisor.HelperSessionTests.test_progress_plan047_recovery) (kind='late_recovery') ... ERROR
test_progress_plan047_result_summary (test_vipe_benchmark_supervisor.HelperSessionTests.test_progress_plan047_result_summary) ... ERROR
test_progress_plan047_state_authority (test_vipe_benchmark_supervisor.HelperSessionTests.test_progress_plan047_state_authority) ... 
  test_progress_plan047_state_authority (test_vipe_benchmark_supervisor.HelperSessionTests.test_progress_plan047_state_authority) (kind='produced_then_semantic_failure') ... ERROR
  test_progress_plan047_state_authority (test_vipe_benchmark_supervisor.HelperSessionTests.test_progress_plan047_state_authority) (kind='first_identity_semantics') ... ERROR
  test_progress_plan047_state_authority (test_vipe_benchmark_supervisor.HelperSessionTests.test_progress_plan047_state_authority) (kind='worker_reuse_exact') ... ERROR
  test_progress_plan047_state_authority (test_vipe_benchmark_supervisor.HelperSessionTests.test_progress_plan047_state_authority) (kind='worker_stale_interleave') ... ERROR
  test_progress_plan047_state_authority (test_vipe_benchmark_supervisor.HelperSessionTests.test_progress_plan047_state_authority) (kind='worker_future_reference') ... ERROR
  test_progress_plan047_state_authority (test_vipe_benchmark_supervisor.HelperSessionTests.test_progress_plan047_state_authority) (kind='worker_self_reference') ... ERROR
  test_progress_plan047_state_authority (test_vipe_benchmark_supervisor.HelperSessionTests.test_progress_plan047_state_authority) (kind='worker_qualified_overclaim') ... ERROR
  test_progress_plan047_state_authority (test_vipe_benchmark_supervisor.HelperSessionTests.test_progress_plan047_state_authority) (kind='worker_sources_changed') ... ERROR
  test_progress_plan047_state_authority (test_vipe_benchmark_supervisor.HelperSessionTests.test_progress_plan047_state_authority) (kind='worker_row_version_changed') ... ERROR
  test_progress_plan047_state_authority (test_vipe_benchmark_supervisor.HelperSessionTests.test_progress_plan047_state_authority) (kind='worker_detached_identity') ... ERROR
  test_progress_plan047_state_authority (test_vipe_benchmark_supervisor.HelperSessionTests.test_progress_plan047_state_authority) (kind='trusted_conflict') ... ERROR
  test_progress_plan047_state_authority (test_vipe_benchmark_supervisor.HelperSessionTests.test_progress_plan047_state_authority) (kind='discovered_conflict') ... ERROR
  test_progress_plan047_state_authority (test_vipe_benchmark_supervisor.HelperSessionTests.test_progress_plan047_state_authority) (kind='fallback_no_unique_version') ... ERROR
  test_progress_plan047_state_authority (test_vipe_benchmark_supervisor.HelperSessionTests.test_progress_plan047_state_authority) (kind='fallback_invalidated') ... ERROR
  test_progress_plan047_state_authority (test_vipe_benchmark_supervisor.HelperSessionTests.test_progress_plan047_state_authority) (kind='conflict_to_closed') ... ERROR
  test_progress_plan047_state_authority (test_vipe_benchmark_supervisor.HelperSessionTests.test_progress_plan047_state_authority) (kind='overflow_to_closed') ... ERROR
  test_progress_plan047_state_authority (test_vipe_benchmark_supervisor.HelperSessionTests.test_progress_plan047_state_authority) (kind='overflow_to_incomplete') ... ERROR
  test_progress_plan047_state_authority (test_vipe_benchmark_supervisor.HelperSessionTests.test_progress_plan047_state_authority) (kind='conflict_plus_overflow') ... ERROR
  test_progress_plan047_state_authority (test_vipe_benchmark_supervisor.HelperSessionTests.test_progress_plan047_state_authority) (kind='errors_saturation') ... ERROR
  test_progress_plan047_state_authority (test_vipe_benchmark_supervisor.HelperSessionTests.test_progress_plan047_state_authority) (kind='diagnostics_drop_regression') ... ERROR
  test_progress_plan047_state_authority (test_vipe_benchmark_supervisor.HelperSessionTests.test_progress_plan047_state_authority) (kind='diagnostics_primary_replaced') ... ERROR
  test_progress_plan047_state_authority (test_vipe_benchmark_supervisor.HelperSessionTests.test_progress_plan047_state_authority) (kind='checkpoint_v1_rejected') ... ERROR
  test_progress_plan047_state_authority (test_vipe_benchmark_supervisor.HelperSessionTests.test_progress_plan047_state_authority) (kind='qualification_regression') ... ERROR
  test_progress_plan047_state_authority (test_vipe_benchmark_supervisor.HelperSessionTests.test_progress_plan047_state_authority) (kind='first_runtime_regression') ... ERROR
  test_progress_plan047_state_authority (test_vipe_benchmark_supervisor.HelperSessionTests.test_progress_plan047_state_authority) (kind='acceptance_regression') ... ERROR
  test_progress_plan047_state_authority (test_vipe_benchmark_supervisor.HelperSessionTests.test_progress_plan047_state_authority) (kind='duplicate_exact') ... ERROR
  test_progress_plan047_state_authority (test_vipe_benchmark_supervisor.HelperSessionTests.test_progress_plan047_state_authority) (kind='duplicate_conflict') ... ERROR
  test_progress_plan047_state_authority (test_vipe_benchmark_supervisor.HelperSessionTests.test_progress_plan047_state_authority) (kind='sequence_replay') ... ERROR
  test_progress_plan047_state_authority (test_vipe_benchmark_supervisor.HelperSessionTests.test_progress_plan047_state_authority) (kind='sequence_jump') ... ERROR
  test_progress_plan047_state_authority (test_vipe_benchmark_supervisor.HelperSessionTests.test_progress_plan047_state_authority) (kind='request_changed_late') ... ERROR
test_progress_plan048_pure_memo (test_vipe_benchmark_supervisor.HelperSessionTests.test_progress_plan048_pure_memo) ... 
  test_progress_plan048_pure_memo (test_vipe_benchmark_supervisor.HelperSessionTests.test_progress_plan048_pure_memo) (kind='context_changed') ... ERROR
  test_progress_plan048_pure_memo (test_vipe_benchmark_supervisor.HelperSessionTests.test_progress_plan048_pure_memo) (kind='source_changed') ... ERROR
test_progress_strict_primitives (test_vipe_benchmark_supervisor.HelperSessionTests.test_progress_strict_primitives) ... ok
test_resource_field_mutations (test_vipe_benchmark_supervisor.HelperSessionTests.test_resource_field_mutations) ... ok
test_sample_typed_timing_mutations (test_vipe_benchmark_supervisor.HelperSessionTests.test_sample_typed_timing_mutations) ... ok
test_append_chain_detects_changed_history (test_vipe_benchmark_supervisor.SupervisorTests.test_append_chain_detects_changed_history) ... ok
test_child_survival_invalidates_parent_success_and_is_cleaned_up (test_vipe_benchmark_supervisor.SupervisorTests.test_child_survival_invalidates_parent_success_and_is_cleaned_up) ... ok
test_completed_worker_is_not_dispatched_again (test_vipe_benchmark_supervisor.SupervisorTests.test_completed_worker_is_not_dispatched_again) ... ok
test_concurrent_reservation_has_one_winner (test_vipe_benchmark_supervisor.SupervisorTests.test_concurrent_reservation_has_one_winner) ... ok
test_explicit_resume_reopens_unstarted_slots_only (test_vipe_benchmark_supervisor.SupervisorTests.test_explicit_resume_reopens_unstarted_slots_only) ... ok
test_foreign_gpu_pid_still_fails_and_preserves_ownership_evidence (test_vipe_benchmark_supervisor.SupervisorTests.test_foreign_gpu_pid_still_fails_and_preserves_ownership_evidence) ... ok
test_gpu_sample_of_exited_unreaped_worker_keeps_true_group_ownership (test_vipe_benchmark_supervisor.SupervisorTests.test_gpu_sample_of_exited_unreaped_worker_keeps_true_group_ownership) ... ok
test_interruption_cleans_owned_process_group (test_vipe_benchmark_supervisor.SupervisorTests.test_interruption_cleans_owned_process_group) ... ok
test_missing_result_and_nonzero_exit_consume_attempts (test_vipe_benchmark_supervisor.SupervisorTests.test_missing_result_and_nonzero_exit_consume_attempts) ... ok
test_native_kernel_caches_stay_in_monitored_attempt_and_override_external_paths (test_vipe_benchmark_supervisor.SupervisorTests.test_native_kernel_caches_stay_in_monitored_attempt_and_override_external_paths) ... ok
test_preexisting_resource_cap_never_spends_an_attempt (test_vipe_benchmark_supervisor.SupervisorTests.test_preexisting_resource_cap_never_spends_an_attempt) ... ok
test_restart_does_not_relaunch_unfinished_attempt (test_vipe_benchmark_supervisor.SupervisorTests.test_restart_does_not_relaunch_unfinished_attempt) ... ok
test_simulated_memory_and_foreign_gpu_process (test_vipe_benchmark_supervisor.SupervisorTests.test_simulated_memory_and_foreign_gpu_process) ... ok
test_simulated_storage_cap_stops_worker (test_vipe_benchmark_supervisor.SupervisorTests.test_simulated_storage_cap_stops_worker) ... ok
test_timeout_kills_sigterm_ignoring_group_within_allocation (test_vipe_benchmark_supervisor.SupervisorTests.test_timeout_kills_sigterm_ignoring_group_within_allocation) ... ok

======================================================================
ERROR: test_progress_metadata_mutations (test_vipe_benchmark_supervisor.HelperSessionTests.test_progress_metadata_mutations)
----------------------------------------------------------------------
Traceback (most recent call last):
  File "/home/auss/git_repos/samaust/Experiments_4DGS/tests/test_vipe_benchmark_supervisor.py", line 2065, in test_progress_metadata_mutations
    with inline_progress(root,clock,fixture['request'],load()) as (reference,cache):
         ~~~~~~~~~~~~~~~^^^^^^^^^^^^^^^^^^^^^^^^^^^^^^^^^^^^^^
  File "/usr/lib/python3.14/contextlib.py", line 141, in __enter__
    return next(self.gen)
  File "/home/auss/git_repos/samaust/Experiments_4DGS/tests/test_vipe_benchmark_s1_helper_fixtures.py", line 460, in owned
    consumer=p.Consumer(ref,cache,lambda:False,lambda producer:(binding,1))
  File "/home/auss/git_repos/samaust/Experiments_4DGS/scripts/vipe_benchmark/s1_progress.py", line 824, in __init__
    self.cancelled=cancelled;self.bindings=bindings;self.current={};self.previous={};self.provenance={};self.channel=mailbox(self.context,'owner')
                                                                                                                     ~~~~~~~^^^^^^^^^^^^^^^^^^^^^^
  File "/home/auss/git_repos/samaust/Experiments_4DGS/scripts/vipe_benchmark/s1_progress.py", line 620, in mailbox
    channel=socket.socket(socket.AF_UNIX,socket.SOCK_DGRAM)
  File "/usr/lib/python3.14/socket.py", line 236, in __init__
    _socket.socket.__init__(self, family, type, proto, fileno)
    ~~~~~~~~~~~~~~~~~~~~~~~^^^^^^^^^^^^^^^^^^^^^^^^^^^^^^^^^^^
PermissionError: [Errno 1] Operation not permitted

======================================================================
ERROR: test_progress_plan046_protocol (test_vipe_benchmark_supervisor.HelperSessionTests.test_progress_plan046_protocol)
----------------------------------------------------------------------
Traceback (most recent call last):
  File "/home/auss/git_repos/samaust/Experiments_4DGS/tests/test_vipe_benchmark_supervisor.py", line 2304, in test_progress_plan046_protocol
    with inline_progress(root,clock,fixture['request'],load()) as (reference,cache):
         ~~~~~~~~~~~~~~~^^^^^^^^^^^^^^^^^^^^^^^^^^^^^^^^^^^^^^
  File "/usr/lib/python3.14/contextlib.py", line 141, in __enter__
    return next(self.gen)
  File "/home/auss/git_repos/samaust/Experiments_4DGS/tests/test_vipe_benchmark_s1_helper_fixtures.py", line 460, in owned
    consumer=p.Consumer(ref,cache,lambda:False,lambda producer:(binding,1))
  File "/home/auss/git_repos/samaust/Experiments_4DGS/scripts/vipe_benchmark/s1_progress.py", line 824, in __init__
    self.cancelled=cancelled;self.bindings=bindings;self.current={};self.previous={};self.provenance={};self.channel=mailbox(self.context,'owner')
                                                                                                                     ~~~~~~~^^^^^^^^^^^^^^^^^^^^^^
  File "/home/auss/git_repos/samaust/Experiments_4DGS/scripts/vipe_benchmark/s1_progress.py", line 620, in mailbox
    channel=socket.socket(socket.AF_UNIX,socket.SOCK_DGRAM)
  File "/usr/lib/python3.14/socket.py", line 236, in __init__
    _socket.socket.__init__(self, family, type, proto, fileno)
    ~~~~~~~~~~~~~~~~~~~~~~~^^^^^^^^^^^^^^^^^^^^^^^^^^^^^^^^^^^
PermissionError: [Errno 1] Operation not permitted

======================================================================
ERROR: test_progress_plan046_publication_faults (test_vipe_benchmark_supervisor.HelperSessionTests.test_progress_plan046_publication_faults) (kind='write')
----------------------------------------------------------------------
Traceback (most recent call last):
  File "/home/auss/git_repos/samaust/Experiments_4DGS/tests/test_vipe_benchmark_supervisor.py", line 2394, in test_progress_plan046_publication_faults
    with inline_progress(root,clock,fixture['request'],load()) as (reference,cache):
         ~~~~~~~~~~~~~~~^^^^^^^^^^^^^^^^^^^^^^^^^^^^^^^^^^^^^^
  File "/usr/lib/python3.14/contextlib.py", line 141, in __enter__
    return next(self.gen)
  File "/home/auss/git_repos/samaust/Experiments_4DGS/tests/test_vipe_benchmark_s1_helper_fixtures.py", line 460, in owned
    consumer=p.Consumer(ref,cache,lambda:False,lambda producer:(binding,1))
  File "/home/auss/git_repos/samaust/Experiments_4DGS/scripts/vipe_benchmark/s1_progress.py", line 824, in __init__
    self.cancelled=cancelled;self.bindings=bindings;self.current={};self.previous={};self.provenance={};self.channel=mailbox(self.context,'owner')
                                                                                                                     ~~~~~~~^^^^^^^^^^^^^^^^^^^^^^
  File "/home/auss/git_repos/samaust/Experiments_4DGS/scripts/vipe_benchmark/s1_progress.py", line 620, in mailbox
    channel=socket.socket(socket.AF_UNIX,socket.SOCK_DGRAM)
  File "/usr/lib/python3.14/socket.py", line 236, in __init__
    _socket.socket.__init__(self, family, type, proto, fileno)
    ~~~~~~~~~~~~~~~~~~~~~~~^^^^^^^^^^^^^^^^^^^^^^^^^^^^^^^^^^^
PermissionError: [Errno 1] Operation not permitted

======================================================================
ERROR: test_progress_plan046_publication_faults (test_vipe_benchmark_supervisor.HelperSessionTests.test_progress_plan046_publication_faults) (kind='flush')
----------------------------------------------------------------------
Traceback (most recent call last):
  File "/home/auss/git_repos/samaust/Experiments_4DGS/tests/test_vipe_benchmark_supervisor.py", line 2394, in test_progress_plan046_publication_faults
    with inline_progress(root,clock,fixture['request'],load()) as (reference,cache):
         ~~~~~~~~~~~~~~~^^^^^^^^^^^^^^^^^^^^^^^^^^^^^^^^^^^^^^
  File "/usr/lib/python3.14/contextlib.py", line 141, in __enter__
    return next(self.gen)
  File "/home/auss/git_repos/samaust/Experiments_4DGS/tests/test_vipe_benchmark_s1_helper_fixtures.py", line 460, in owned
    consumer=p.Consumer(ref,cache,lambda:False,lambda producer:(binding,1))
  File "/home/auss/git_repos/samaust/Experiments_4DGS/scripts/vipe_benchmark/s1_progress.py", line 824, in __init__
    self.cancelled=cancelled;self.bindings=bindings;self.current={};self.previous={};self.provenance={};self.channel=mailbox(self.context,'owner')
                                                                                                                     ~~~~~~~^^^^^^^^^^^^^^^^^^^^^^
  File "/home/auss/git_repos/samaust/Experiments_4DGS/scripts/vipe_benchmark/s1_progress.py", line 620, in mailbox
    channel=socket.socket(socket.AF_UNIX,socket.SOCK_DGRAM)
  File "/usr/lib/python3.14/socket.py", line 236, in __init__
    _socket.socket.__init__(self, family, type, proto, fileno)
    ~~~~~~~~~~~~~~~~~~~~~~~^^^^^^^^^^^^^^^^^^^^^^^^^^^^^^^^^^^
PermissionError: [Errno 1] Operation not permitted

======================================================================
ERROR: test_progress_plan046_publication_faults (test_vipe_benchmark_supervisor.HelperSessionTests.test_progress_plan046_publication_faults) (kind='file_fsync')
----------------------------------------------------------------------
Traceback (most recent call last):
  File "/home/auss/git_repos/samaust/Experiments_4DGS/tests/test_vipe_benchmark_supervisor.py", line 2394, in test_progress_plan046_publication_faults
    with inline_progress(root,clock,fixture['request'],load()) as (reference,cache):
         ~~~~~~~~~~~~~~~^^^^^^^^^^^^^^^^^^^^^^^^^^^^^^^^^^^^^^
  File "/usr/lib/python3.14/contextlib.py", line 141, in __enter__
    return next(self.gen)
  File "/home/auss/git_repos/samaust/Experiments_4DGS/tests/test_vipe_benchmark_s1_helper_fixtures.py", line 460, in owned
    consumer=p.Consumer(ref,cache,lambda:False,lambda producer:(binding,1))
  File "/home/auss/git_repos/samaust/Experiments_4DGS/scripts/vipe_benchmark/s1_progress.py", line 824, in __init__
    self.cancelled=cancelled;self.bindings=bindings;self.current={};self.previous={};self.provenance={};self.channel=mailbox(self.context,'owner')
                                                                                                                     ~~~~~~~^^^^^^^^^^^^^^^^^^^^^^
  File "/home/auss/git_repos/samaust/Experiments_4DGS/scripts/vipe_benchmark/s1_progress.py", line 620, in mailbox
    channel=socket.socket(socket.AF_UNIX,socket.SOCK_DGRAM)
  File "/usr/lib/python3.14/socket.py", line 236, in __init__
    _socket.socket.__init__(self, family, type, proto, fileno)
    ~~~~~~~~~~~~~~~~~~~~~~~^^^^^^^^^^^^^^^^^^^^^^^^^^^^^^^^^^^
PermissionError: [Errno 1] Operation not permitted

======================================================================
ERROR: test_progress_plan046_publication_faults (test_vipe_benchmark_supervisor.HelperSessionTests.test_progress_plan046_publication_faults) (kind='close_readback')
----------------------------------------------------------------------
Traceback (most recent call last):
  File "/home/auss/git_repos/samaust/Experiments_4DGS/tests/test_vipe_benchmark_supervisor.py", line 2394, in test_progress_plan046_publication_faults
    with inline_progress(root,clock,fixture['request'],load()) as (reference,cache):
         ~~~~~~~~~~~~~~~^^^^^^^^^^^^^^^^^^^^^^^^^^^^^^^^^^^^^^
  File "/usr/lib/python3.14/contextlib.py", line 141, in __enter__
    return next(self.gen)
  File "/home/auss/git_repos/samaust/Experiments_4DGS/tests/test_vipe_benchmark_s1_helper_fixtures.py", line 460, in owned
    consumer=p.Consumer(ref,cache,lambda:False,lambda producer:(binding,1))
  File "/home/auss/git_repos/samaust/Experiments_4DGS/scripts/vipe_benchmark/s1_progress.py", line 824, in __init__
    self.cancelled=cancelled;self.bindings=bindings;self.current={};self.previous={};self.provenance={};self.channel=mailbox(self.context,'owner')
                                                                                                                     ~~~~~~~^^^^^^^^^^^^^^^^^^^^^^
  File "/home/auss/git_repos/samaust/Experiments_4DGS/scripts/vipe_benchmark/s1_progress.py", line 620, in mailbox
    channel=socket.socket(socket.AF_UNIX,socket.SOCK_DGRAM)
  File "/usr/lib/python3.14/socket.py", line 236, in __init__
    _socket.socket.__init__(self, family, type, proto, fileno)
    ~~~~~~~~~~~~~~~~~~~~~~~^^^^^^^^^^^^^^^^^^^^^^^^^^^^^^^^^^^
PermissionError: [Errno 1] Operation not permitted

======================================================================
ERROR: test_progress_plan046_publication_faults (test_vipe_benchmark_supervisor.HelperSessionTests.test_progress_plan046_publication_faults) (kind='generation_install')
----------------------------------------------------------------------
Traceback (most recent call last):
  File "/home/auss/git_repos/samaust/Experiments_4DGS/tests/test_vipe_benchmark_supervisor.py", line 2394, in test_progress_plan046_publication_faults
    with inline_progress(root,clock,fixture['request'],load()) as (reference,cache):
         ~~~~~~~~~~~~~~~^^^^^^^^^^^^^^^^^^^^^^^^^^^^^^^^^^^^^^
  File "/usr/lib/python3.14/contextlib.py", line 141, in __enter__
    return next(self.gen)
  File "/home/auss/git_repos/samaust/Experiments_4DGS/tests/test_vipe_benchmark_s1_helper_fixtures.py", line 460, in owned
    consumer=p.Consumer(ref,cache,lambda:False,lambda producer:(binding,1))
  File "/home/auss/git_repos/samaust/Experiments_4DGS/scripts/vipe_benchmark/s1_progress.py", line 824, in __init__
    self.cancelled=cancelled;self.bindings=bindings;self.current={};self.previous={};self.provenance={};self.channel=mailbox(self.context,'owner')
                                                                                                                     ~~~~~~~^^^^^^^^^^^^^^^^^^^^^^
  File "/home/auss/git_repos/samaust/Experiments_4DGS/scripts/vipe_benchmark/s1_progress.py", line 620, in mailbox
    channel=socket.socket(socket.AF_UNIX,socket.SOCK_DGRAM)
  File "/usr/lib/python3.14/socket.py", line 236, in __init__
    _socket.socket.__init__(self, family, type, proto, fileno)
    ~~~~~~~~~~~~~~~~~~~~~~~^^^^^^^^^^^^^^^^^^^^^^^^^^^^^^^^^^^
PermissionError: [Errno 1] Operation not permitted

======================================================================
ERROR: test_progress_plan046_publication_faults (test_vipe_benchmark_supervisor.HelperSessionTests.test_progress_plan046_publication_faults) (kind='generation_directory_fsync')
----------------------------------------------------------------------
Traceback (most recent call last):
  File "/home/auss/git_repos/samaust/Experiments_4DGS/tests/test_vipe_benchmark_supervisor.py", line 2394, in test_progress_plan046_publication_faults
    with inline_progress(root,clock,fixture['request'],load()) as (reference,cache):
         ~~~~~~~~~~~~~~~^^^^^^^^^^^^^^^^^^^^^^^^^^^^^^^^^^^^^^
  File "/usr/lib/python3.14/contextlib.py", line 141, in __enter__
    return next(self.gen)
  File "/home/auss/git_repos/samaust/Experiments_4DGS/tests/test_vipe_benchmark_s1_helper_fixtures.py", line 460, in owned
    consumer=p.Consumer(ref,cache,lambda:False,lambda producer:(binding,1))
  File "/home/auss/git_repos/samaust/Experiments_4DGS/scripts/vipe_benchmark/s1_progress.py", line 824, in __init__
    self.cancelled=cancelled;self.bindings=bindings;self.current={};self.previous={};self.provenance={};self.channel=mailbox(self.context,'owner')
                                                                                                                     ~~~~~~~^^^^^^^^^^^^^^^^^^^^^^
  File "/home/auss/git_repos/samaust/Experiments_4DGS/scripts/vipe_benchmark/s1_progress.py", line 620, in mailbox
    channel=socket.socket(socket.AF_UNIX,socket.SOCK_DGRAM)
  File "/usr/lib/python3.14/socket.py", line 236, in __init__
    _socket.socket.__init__(self, family, type, proto, fileno)
    ~~~~~~~~~~~~~~~~~~~~~~~^^^^^^^^^^^^^^^^^^^^^^^^^^^^^^^^^^^
PermissionError: [Errno 1] Operation not permitted

======================================================================
ERROR: test_progress_plan046_publication_faults (test_vipe_benchmark_supervisor.HelperSessionTests.test_progress_plan046_publication_faults) (kind='head_install')
----------------------------------------------------------------------
Traceback (most recent call last):
  File "/home/auss/git_repos/samaust/Experiments_4DGS/tests/test_vipe_benchmark_supervisor.py", line 2394, in test_progress_plan046_publication_faults
    with inline_progress(root,clock,fixture['request'],load()) as (reference,cache):
         ~~~~~~~~~~~~~~~^^^^^^^^^^^^^^^^^^^^^^^^^^^^^^^^^^^^^^
  File "/usr/lib/python3.14/contextlib.py", line 141, in __enter__
    return next(self.gen)
  File "/home/auss/git_repos/samaust/Experiments_4DGS/tests/test_vipe_benchmark_s1_helper_fixtures.py", line 460, in owned
    consumer=p.Consumer(ref,cache,lambda:False,lambda producer:(binding,1))
  File "/home/auss/git_repos/samaust/Experiments_4DGS/scripts/vipe_benchmark/s1_progress.py", line 824, in __init__
    self.cancelled=cancelled;self.bindings=bindings;self.current={};self.previous={};self.provenance={};self.channel=mailbox(self.context,'owner')
                                                                                                                     ~~~~~~~^^^^^^^^^^^^^^^^^^^^^^
  File "/home/auss/git_repos/samaust/Experiments_4DGS/scripts/vipe_benchmark/s1_progress.py", line 620, in mailbox
    channel=socket.socket(socket.AF_UNIX,socket.SOCK_DGRAM)
  File "/usr/lib/python3.14/socket.py", line 236, in __init__
    _socket.socket.__init__(self, family, type, proto, fileno)
    ~~~~~~~~~~~~~~~~~~~~~~~^^^^^^^^^^^^^^^^^^^^^^^^^^^^^^^^^^^
PermissionError: [Errno 1] Operation not permitted

======================================================================
ERROR: test_progress_plan046_publication_faults (test_vipe_benchmark_supervisor.HelperSessionTests.test_progress_plan046_publication_faults) (kind='head_directory_fsync')
----------------------------------------------------------------------
Traceback (most recent call last):
  File "/home/auss/git_repos/samaust/Experiments_4DGS/tests/test_vipe_benchmark_supervisor.py", line 2394, in test_progress_plan046_publication_faults
    with inline_progress(root,clock,fixture['request'],load()) as (reference,cache):
         ~~~~~~~~~~~~~~~^^^^^^^^^^^^^^^^^^^^^^^^^^^^^^^^^^^^^^
  File "/usr/lib/python3.14/contextlib.py", line 141, in __enter__
    return next(self.gen)
  File "/home/auss/git_repos/samaust/Experiments_4DGS/tests/test_vipe_benchmark_s1_helper_fixtures.py", line 460, in owned
    consumer=p.Consumer(ref,cache,lambda:False,lambda producer:(binding,1))
  File "/home/auss/git_repos/samaust/Experiments_4DGS/scripts/vipe_benchmark/s1_progress.py", line 824, in __init__
    self.cancelled=cancelled;self.bindings=bindings;self.current={};self.previous={};self.provenance={};self.channel=mailbox(self.context,'owner')
                                                                                                                     ~~~~~~~^^^^^^^^^^^^^^^^^^^^^^
  File "/home/auss/git_repos/samaust/Experiments_4DGS/scripts/vipe_benchmark/s1_progress.py", line 620, in mailbox
    channel=socket.socket(socket.AF_UNIX,socket.SOCK_DGRAM)
  File "/usr/lib/python3.14/socket.py", line 236, in __init__
    _socket.socket.__init__(self, family, type, proto, fileno)
    ~~~~~~~~~~~~~~~~~~~~~~~^^^^^^^^^^^^^^^^^^^^^^^^^^^^^^^^^^^
PermissionError: [Errno 1] Operation not permitted

======================================================================
ERROR: test_progress_plan046_publication_faults (test_vipe_benchmark_supervisor.HelperSessionTests.test_progress_plan046_publication_faults) (kind='final_readback')
----------------------------------------------------------------------
Traceback (most recent call last):
  File "/home/auss/git_repos/samaust/Experiments_4DGS/tests/test_vipe_benchmark_supervisor.py", line 2394, in test_progress_plan046_publication_faults
    with inline_progress(root,clock,fixture['request'],load()) as (reference,cache):
         ~~~~~~~~~~~~~~~^^^^^^^^^^^^^^^^^^^^^^^^^^^^^^^^^^^^^^
  File "/usr/lib/python3.14/contextlib.py", line 141, in __enter__
    return next(self.gen)
  File "/home/auss/git_repos/samaust/Experiments_4DGS/tests/test_vipe_benchmark_s1_helper_fixtures.py", line 460, in owned
    consumer=p.Consumer(ref,cache,lambda:False,lambda producer:(binding,1))
  File "/home/auss/git_repos/samaust/Experiments_4DGS/scripts/vipe_benchmark/s1_progress.py", line 824, in __init__
    self.cancelled=cancelled;self.bindings=bindings;self.current={};self.previous={};self.provenance={};self.channel=mailbox(self.context,'owner')
                                                                                                                     ~~~~~~~^^^^^^^^^^^^^^^^^^^^^^
  File "/home/auss/git_repos/samaust/Experiments_4DGS/scripts/vipe_benchmark/s1_progress.py", line 620, in mailbox
    channel=socket.socket(socket.AF_UNIX,socket.SOCK_DGRAM)
  File "/usr/lib/python3.14/socket.py", line 236, in __init__
    _socket.socket.__init__(self, family, type, proto, fileno)
    ~~~~~~~~~~~~~~~~~~~~~~~^^^^^^^^^^^^^^^^^^^^^^^^^^^^^^^^^^^
PermissionError: [Errno 1] Operation not permitted

======================================================================
ERROR: test_progress_plan046_publication_faults (test_vipe_benchmark_supervisor.HelperSessionTests.test_progress_plan046_publication_faults) (kind='notice_send')
----------------------------------------------------------------------
Traceback (most recent call last):
  File "/home/auss/git_repos/samaust/Experiments_4DGS/tests/test_vipe_benchmark_supervisor.py", line 2394, in test_progress_plan046_publication_faults
    with inline_progress(root,clock,fixture['request'],load()) as (reference,cache):
         ~~~~~~~~~~~~~~~^^^^^^^^^^^^^^^^^^^^^^^^^^^^^^^^^^^^^^
  File "/usr/lib/python3.14/contextlib.py", line 141, in __enter__
    return next(self.gen)
  File "/home/auss/git_repos/samaust/Experiments_4DGS/tests/test_vipe_benchmark_s1_helper_fixtures.py", line 460, in owned
    consumer=p.Consumer(ref,cache,lambda:False,lambda producer:(binding,1))
  File "/home/auss/git_repos/samaust/Experiments_4DGS/scripts/vipe_benchmark/s1_progress.py", line 824, in __init__
    self.cancelled=cancelled;self.bindings=bindings;self.current={};self.previous={};self.provenance={};self.channel=mailbox(self.context,'owner')
                                                                                                                     ~~~~~~~^^^^^^^^^^^^^^^^^^^^^^
  File "/home/auss/git_repos/samaust/Experiments_4DGS/scripts/vipe_benchmark/s1_progress.py", line 620, in mailbox
    channel=socket.socket(socket.AF_UNIX,socket.SOCK_DGRAM)
  File "/usr/lib/python3.14/socket.py", line 236, in __init__
    _socket.socket.__init__(self, family, type, proto, fileno)
    ~~~~~~~~~~~~~~~~~~~~~~~^^^^^^^^^^^^^^^^^^^^^^^^^^^^^^^^^^^
PermissionError: [Errno 1] Operation not permitted

======================================================================
ERROR: test_progress_plan046_publication_faults (test_vipe_benchmark_supervisor.HelperSessionTests.test_progress_plan046_publication_faults) (kind='notice_receive')
----------------------------------------------------------------------
Traceback (most recent call last):
  File "/home/auss/git_repos/samaust/Experiments_4DGS/tests/test_vipe_benchmark_supervisor.py", line 2394, in test_progress_plan046_publication_faults
    with inline_progress(root,clock,fixture['request'],load()) as (reference,cache):
         ~~~~~~~~~~~~~~~^^^^^^^^^^^^^^^^^^^^^^^^^^^^^^^^^^^^^^
  File "/usr/lib/python3.14/contextlib.py", line 141, in __enter__
    return next(self.gen)
  File "/home/auss/git_repos/samaust/Experiments_4DGS/tests/test_vipe_benchmark_s1_helper_fixtures.py", line 460, in owned
    consumer=p.Consumer(ref,cache,lambda:False,lambda producer:(binding,1))
  File "/home/auss/git_repos/samaust/Experiments_4DGS/scripts/vipe_benchmark/s1_progress.py", line 824, in __init__
    self.cancelled=cancelled;self.bindings=bindings;self.current={};self.previous={};self.provenance={};self.channel=mailbox(self.context,'owner')
                                                                                                                     ~~~~~~~^^^^^^^^^^^^^^^^^^^^^^
  File "/home/auss/git_repos/samaust/Experiments_4DGS/scripts/vipe_benchmark/s1_progress.py", line 620, in mailbox
    channel=socket.socket(socket.AF_UNIX,socket.SOCK_DGRAM)
  File "/usr/lib/python3.14/socket.py", line 236, in __init__
    _socket.socket.__init__(self, family, type, proto, fileno)
    ~~~~~~~~~~~~~~~~~~~~~~~^^^^^^^^^^^^^^^^^^^^^^^^^^^^^^^^^^^
PermissionError: [Errno 1] Operation not permitted

======================================================================
ERROR: test_progress_plan046_publication_faults (test_vipe_benchmark_supervisor.HelperSessionTests.test_progress_plan046_publication_faults) (kind='owner_retention')
----------------------------------------------------------------------
Traceback (most recent call last):
  File "/home/auss/git_repos/samaust/Experiments_4DGS/tests/test_vipe_benchmark_supervisor.py", line 2394, in test_progress_plan046_publication_faults
    with inline_progress(root,clock,fixture['request'],load()) as (reference,cache):
         ~~~~~~~~~~~~~~~^^^^^^^^^^^^^^^^^^^^^^^^^^^^^^^^^^^^^^
  File "/usr/lib/python3.14/contextlib.py", line 141, in __enter__
    return next(self.gen)
  File "/home/auss/git_repos/samaust/Experiments_4DGS/tests/test_vipe_benchmark_s1_helper_fixtures.py", line 460, in owned
    consumer=p.Consumer(ref,cache,lambda:False,lambda producer:(binding,1))
  File "/home/auss/git_repos/samaust/Experiments_4DGS/scripts/vipe_benchmark/s1_progress.py", line 824, in __init__
    self.cancelled=cancelled;self.bindings=bindings;self.current={};self.previous={};self.provenance={};self.channel=mailbox(self.context,'owner')
                                                                                                                     ~~~~~~~^^^^^^^^^^^^^^^^^^^^^^
  File "/home/auss/git_repos/samaust/Experiments_4DGS/scripts/vipe_benchmark/s1_progress.py", line 620, in mailbox
    channel=socket.socket(socket.AF_UNIX,socket.SOCK_DGRAM)
  File "/usr/lib/python3.14/socket.py", line 236, in __init__
    _socket.socket.__init__(self, family, type, proto, fileno)
    ~~~~~~~~~~~~~~~~~~~~~~~^^^^^^^^^^^^^^^^^^^^^^^^^^^^^^^^^^^
PermissionError: [Errno 1] Operation not permitted

======================================================================
ERROR: test_progress_plan046_publication_faults (test_vipe_benchmark_supervisor.HelperSessionTests.test_progress_plan046_publication_faults) (kind='ack_send')
----------------------------------------------------------------------
Traceback (most recent call last):
  File "/home/auss/git_repos/samaust/Experiments_4DGS/tests/test_vipe_benchmark_supervisor.py", line 2394, in test_progress_plan046_publication_faults
    with inline_progress(root,clock,fixture['request'],load()) as (reference,cache):
         ~~~~~~~~~~~~~~~^^^^^^^^^^^^^^^^^^^^^^^^^^^^^^^^^^^^^^
  File "/usr/lib/python3.14/contextlib.py", line 141, in __enter__
    return next(self.gen)
  File "/home/auss/git_repos/samaust/Experiments_4DGS/tests/test_vipe_benchmark_s1_helper_fixtures.py", line 460, in owned
    consumer=p.Consumer(ref,cache,lambda:False,lambda producer:(binding,1))
  File "/home/auss/git_repos/samaust/Experiments_4DGS/scripts/vipe_benchmark/s1_progress.py", line 824, in __init__
    self.cancelled=cancelled;self.bindings=bindings;self.current={};self.previous={};self.provenance={};self.channel=mailbox(self.context,'owner')
                                                                                                                     ~~~~~~~^^^^^^^^^^^^^^^^^^^^^^
  File "/home/auss/git_repos/samaust/Experiments_4DGS/scripts/vipe_benchmark/s1_progress.py", line 620, in mailbox
    channel=socket.socket(socket.AF_UNIX,socket.SOCK_DGRAM)
  File "/usr/lib/python3.14/socket.py", line 236, in __init__
    _socket.socket.__init__(self, family, type, proto, fileno)
    ~~~~~~~~~~~~~~~~~~~~~~~^^^^^^^^^^^^^^^^^^^^^^^^^^^^^^^^^^^
PermissionError: [Errno 1] Operation not permitted

======================================================================
ERROR: test_progress_plan046_publication_faults (test_vipe_benchmark_supervisor.HelperSessionTests.test_progress_plan046_publication_faults) (kind='ack_receipt')
----------------------------------------------------------------------
Traceback (most recent call last):
  File "/home/auss/git_repos/samaust/Experiments_4DGS/tests/test_vipe_benchmark_supervisor.py", line 2394, in test_progress_plan046_publication_faults
    with inline_progress(root,clock,fixture['request'],load()) as (reference,cache):
         ~~~~~~~~~~~~~~~^^^^^^^^^^^^^^^^^^^^^^^^^^^^^^^^^^^^^^
  File "/usr/lib/python3.14/contextlib.py", line 141, in __enter__
    return next(self.gen)
  File "/home/auss/git_repos/samaust/Experiments_4DGS/tests/test_vipe_benchmark_s1_helper_fixtures.py", line 460, in owned
    consumer=p.Consumer(ref,cache,lambda:False,lambda producer:(binding,1))
  File "/home/auss/git_repos/samaust/Experiments_4DGS/scripts/vipe_benchmark/s1_progress.py", line 824, in __init__
    self.cancelled=cancelled;self.bindings=bindings;self.current={};self.previous={};self.provenance={};self.channel=mailbox(self.context,'owner')
                                                                                                                     ~~~~~~~^^^^^^^^^^^^^^^^^^^^^^
  File "/home/auss/git_repos/samaust/Experiments_4DGS/scripts/vipe_benchmark/s1_progress.py", line 620, in mailbox
    channel=socket.socket(socket.AF_UNIX,socket.SOCK_DGRAM)
  File "/usr/lib/python3.14/socket.py", line 236, in __init__
    _socket.socket.__init__(self, family, type, proto, fileno)
    ~~~~~~~~~~~~~~~~~~~~~~~^^^^^^^^^^^^^^^^^^^^^^^^^^^^^^^^^^^
PermissionError: [Errno 1] Operation not permitted

======================================================================
ERROR: test_progress_plan046_publication_faults (test_vipe_benchmark_supervisor.HelperSessionTests.test_progress_plan046_publication_faults) (kind='short_write')
----------------------------------------------------------------------
Traceback (most recent call last):
  File "/home/auss/git_repos/samaust/Experiments_4DGS/tests/test_vipe_benchmark_supervisor.py", line 2394, in test_progress_plan046_publication_faults
    with inline_progress(root,clock,fixture['request'],load()) as (reference,cache):
         ~~~~~~~~~~~~~~~^^^^^^^^^^^^^^^^^^^^^^^^^^^^^^^^^^^^^^
  File "/usr/lib/python3.14/contextlib.py", line 141, in __enter__
    return next(self.gen)
  File "/home/auss/git_repos/samaust/Experiments_4DGS/tests/test_vipe_benchmark_s1_helper_fixtures.py", line 460, in owned
    consumer=p.Consumer(ref,cache,lambda:False,lambda producer:(binding,1))
  File "/home/auss/git_repos/samaust/Experiments_4DGS/scripts/vipe_benchmark/s1_progress.py", line 824, in __init__
    self.cancelled=cancelled;self.bindings=bindings;self.current={};self.previous={};self.provenance={};self.channel=mailbox(self.context,'owner')
                                                                                                                     ~~~~~~~^^^^^^^^^^^^^^^^^^^^^^
  File "/home/auss/git_repos/samaust/Experiments_4DGS/scripts/vipe_benchmark/s1_progress.py", line 620, in mailbox
    channel=socket.socket(socket.AF_UNIX,socket.SOCK_DGRAM)
  File "/usr/lib/python3.14/socket.py", line 236, in __init__
    _socket.socket.__init__(self, family, type, proto, fileno)
    ~~~~~~~~~~~~~~~~~~~~~~~^^^^^^^^^^^^^^^^^^^^^^^^^^^^^^^^^^^
PermissionError: [Errno 1] Operation not permitted

======================================================================
ERROR: test_progress_plan046_publication_faults (test_vipe_benchmark_supervisor.HelperSessionTests.test_progress_plan046_publication_faults) (kind='generation_collision')
----------------------------------------------------------------------
Traceback (most recent call last):
  File "/home/auss/git_repos/samaust/Experiments_4DGS/tests/test_vipe_benchmark_supervisor.py", line 2394, in test_progress_plan046_publication_faults
    with inline_progress(root,clock,fixture['request'],load()) as (reference,cache):
         ~~~~~~~~~~~~~~~^^^^^^^^^^^^^^^^^^^^^^^^^^^^^^^^^^^^^^
  File "/usr/lib/python3.14/contextlib.py", line 141, in __enter__
    return next(self.gen)
  File "/home/auss/git_repos/samaust/Experiments_4DGS/tests/test_vipe_benchmark_s1_helper_fixtures.py", line 460, in owned
    consumer=p.Consumer(ref,cache,lambda:False,lambda producer:(binding,1))
  File "/home/auss/git_repos/samaust/Experiments_4DGS/scripts/vipe_benchmark/s1_progress.py", line 824, in __init__
    self.cancelled=cancelled;self.bindings=bindings;self.current={};self.previous={};self.provenance={};self.channel=mailbox(self.context,'owner')
                                                                                                                     ~~~~~~~^^^^^^^^^^^^^^^^^^^^^^
  File "/home/auss/git_repos/samaust/Experiments_4DGS/scripts/vipe_benchmark/s1_progress.py", line 620, in mailbox
    channel=socket.socket(socket.AF_UNIX,socket.SOCK_DGRAM)
  File "/usr/lib/python3.14/socket.py", line 236, in __init__
    _socket.socket.__init__(self, family, type, proto, fileno)
    ~~~~~~~~~~~~~~~~~~~~~~~^^^^^^^^^^^^^^^^^^^^^^^^^^^^^^^^^^^
PermissionError: [Errno 1] Operation not permitted

======================================================================
ERROR: test_progress_plan046_publication_faults (test_vipe_benchmark_supervisor.HelperSessionTests.test_progress_plan046_publication_faults) (kind='notice_full')
----------------------------------------------------------------------
Traceback (most recent call last):
  File "/home/auss/git_repos/samaust/Experiments_4DGS/tests/test_vipe_benchmark_supervisor.py", line 2394, in test_progress_plan046_publication_faults
    with inline_progress(root,clock,fixture['request'],load()) as (reference,cache):
         ~~~~~~~~~~~~~~~^^^^^^^^^^^^^^^^^^^^^^^^^^^^^^^^^^^^^^
  File "/usr/lib/python3.14/contextlib.py", line 141, in __enter__
    return next(self.gen)
  File "/home/auss/git_repos/samaust/Experiments_4DGS/tests/test_vipe_benchmark_s1_helper_fixtures.py", line 460, in owned
    consumer=p.Consumer(ref,cache,lambda:False,lambda producer:(binding,1))
  File "/home/auss/git_repos/samaust/Experiments_4DGS/scripts/vipe_benchmark/s1_progress.py", line 824, in __init__
    self.cancelled=cancelled;self.bindings=bindings;self.current={};self.previous={};self.provenance={};self.channel=mailbox(self.context,'owner')
                                                                                                                     ~~~~~~~^^^^^^^^^^^^^^^^^^^^^^
  File "/home/auss/git_repos/samaust/Experiments_4DGS/scripts/vipe_benchmark/s1_progress.py", line 620, in mailbox
    channel=socket.socket(socket.AF_UNIX,socket.SOCK_DGRAM)
  File "/usr/lib/python3.14/socket.py", line 236, in __init__
    _socket.socket.__init__(self, family, type, proto, fileno)
    ~~~~~~~~~~~~~~~~~~~~~~~^^^^^^^^^^^^^^^^^^^^^^^^^^^^^^^^^^^
PermissionError: [Errno 1] Operation not permitted

======================================================================
ERROR: test_progress_plan046_publication_faults (test_vipe_benchmark_supervisor.HelperSessionTests.test_progress_plan046_publication_faults) (kind='receive_truncated')
----------------------------------------------------------------------
Traceback (most recent call last):
  File "/home/auss/git_repos/samaust/Experiments_4DGS/tests/test_vipe_benchmark_supervisor.py", line 2394, in test_progress_plan046_publication_faults
    with inline_progress(root,clock,fixture['request'],load()) as (reference,cache):
         ~~~~~~~~~~~~~~~^^^^^^^^^^^^^^^^^^^^^^^^^^^^^^^^^^^^^^
  File "/usr/lib/python3.14/contextlib.py", line 141, in __enter__
    return next(self.gen)
  File "/home/auss/git_repos/samaust/Experiments_4DGS/tests/test_vipe_benchmark_s1_helper_fixtures.py", line 460, in owned
    consumer=p.Consumer(ref,cache,lambda:False,lambda producer:(binding,1))
  File "/home/auss/git_repos/samaust/Experiments_4DGS/scripts/vipe_benchmark/s1_progress.py", line 824, in __init__
    self.cancelled=cancelled;self.bindings=bindings;self.current={};self.previous={};self.provenance={};self.channel=mailbox(self.context,'owner')
                                                                                                                     ~~~~~~~^^^^^^^^^^^^^^^^^^^^^^
  File "/home/auss/git_repos/samaust/Experiments_4DGS/scripts/vipe_benchmark/s1_progress.py", line 620, in mailbox
    channel=socket.socket(socket.AF_UNIX,socket.SOCK_DGRAM)
  File "/usr/lib/python3.14/socket.py", line 236, in __init__
    _socket.socket.__init__(self, family, type, proto, fileno)
    ~~~~~~~~~~~~~~~~~~~~~~~^^^^^^^^^^^^^^^^^^^^^^^^^^^^^^^^^^^
PermissionError: [Errno 1] Operation not permitted

======================================================================
ERROR: test_progress_plan046_publication_faults (test_vipe_benchmark_supervisor.HelperSessionTests.test_progress_plan046_publication_faults) (kind='receive_credentials')
----------------------------------------------------------------------
Traceback (most recent call last):
  File "/home/auss/git_repos/samaust/Experiments_4DGS/tests/test_vipe_benchmark_supervisor.py", line 2394, in test_progress_plan046_publication_faults
    with inline_progress(root,clock,fixture['request'],load()) as (reference,cache):
         ~~~~~~~~~~~~~~~^^^^^^^^^^^^^^^^^^^^^^^^^^^^^^^^^^^^^^
  File "/usr/lib/python3.14/contextlib.py", line 141, in __enter__
    return next(self.gen)
  File "/home/auss/git_repos/samaust/Experiments_4DGS/tests/test_vipe_benchmark_s1_helper_fixtures.py", line 460, in owned
    consumer=p.Consumer(ref,cache,lambda:False,lambda producer:(binding,1))
  File "/home/auss/git_repos/samaust/Experiments_4DGS/scripts/vipe_benchmark/s1_progress.py", line 824, in __init__
    self.cancelled=cancelled;self.bindings=bindings;self.current={};self.previous={};self.provenance={};self.channel=mailbox(self.context,'owner')
                                                                                                                     ~~~~~~~^^^^^^^^^^^^^^^^^^^^^^
  File "/home/auss/git_repos/samaust/Experiments_4DGS/scripts/vipe_benchmark/s1_progress.py", line 620, in mailbox
    channel=socket.socket(socket.AF_UNIX,socket.SOCK_DGRAM)
  File "/usr/lib/python3.14/socket.py", line 236, in __init__
    _socket.socket.__init__(self, family, type, proto, fileno)
    ~~~~~~~~~~~~~~~~~~~~~~~^^^^^^^^^^^^^^^^^^^^^^^^^^^^^^^^^^^
PermissionError: [Errno 1] Operation not permitted

======================================================================
ERROR: test_progress_plan046_publication_faults (test_vipe_benchmark_supervisor.HelperSessionTests.test_progress_plan046_publication_faults) (kind='ack_wrong')
----------------------------------------------------------------------
Traceback (most recent call last):
  File "/home/auss/git_repos/samaust/Experiments_4DGS/tests/test_vipe_benchmark_supervisor.py", line 2394, in test_progress_plan046_publication_faults
    with inline_progress(root,clock,fixture['request'],load()) as (reference,cache):
         ~~~~~~~~~~~~~~~^^^^^^^^^^^^^^^^^^^^^^^^^^^^^^^^^^^^^^
  File "/usr/lib/python3.14/contextlib.py", line 141, in __enter__
    return next(self.gen)
  File "/home/auss/git_repos/samaust/Experiments_4DGS/tests/test_vipe_benchmark_s1_helper_fixtures.py", line 460, in owned
    consumer=p.Consumer(ref,cache,lambda:False,lambda producer:(binding,1))
  File "/home/auss/git_repos/samaust/Experiments_4DGS/scripts/vipe_benchmark/s1_progress.py", line 824, in __init__
    self.cancelled=cancelled;self.bindings=bindings;self.current={};self.previous={};self.provenance={};self.channel=mailbox(self.context,'owner')
                                                                                                                     ~~~~~~~^^^^^^^^^^^^^^^^^^^^^^
  File "/home/auss/git_repos/samaust/Experiments_4DGS/scripts/vipe_benchmark/s1_progress.py", line 620, in mailbox
    channel=socket.socket(socket.AF_UNIX,socket.SOCK_DGRAM)
  File "/usr/lib/python3.14/socket.py", line 236, in __init__
    _socket.socket.__init__(self, family, type, proto, fileno)
    ~~~~~~~~~~~~~~~~~~~~~~~^^^^^^^^^^^^^^^^^^^^^^^^^^^^^^^^^^^
PermissionError: [Errno 1] Operation not permitted

======================================================================
ERROR: test_progress_plan046_worker_authority (test_vipe_benchmark_supervisor.HelperSessionTests.test_progress_plan046_worker_authority) (kind='reuse')
----------------------------------------------------------------------
Traceback (most recent call last):
  File "/home/auss/git_repos/samaust/Experiments_4DGS/tests/test_vipe_benchmark_supervisor.py", line 2179, in test_progress_plan046_worker_authority
    consumer=p.Consumer(reference,cache,lambda:False,lambda producer:(binding,1 if producer=='worker' else sequence[0]))
  File "/home/auss/git_repos/samaust/Experiments_4DGS/scripts/vipe_benchmark/s1_progress.py", line 824, in __init__
    self.cancelled=cancelled;self.bindings=bindings;self.current={};self.previous={};self.provenance={};self.channel=mailbox(self.context,'owner')
                                                                                                                     ~~~~~~~^^^^^^^^^^^^^^^^^^^^^^
  File "/home/auss/git_repos/samaust/Experiments_4DGS/scripts/vipe_benchmark/s1_progress.py", line 620, in mailbox
    channel=socket.socket(socket.AF_UNIX,socket.SOCK_DGRAM)
  File "/usr/lib/python3.14/socket.py", line 236, in __init__
    _socket.socket.__init__(self, family, type, proto, fileno)
    ~~~~~~~~~~~~~~~~~~~~~~~^^^^^^^^^^^^^^^^^^^^^^^^^^^^^^^^^^^
PermissionError: [Errno 1] Operation not permitted

======================================================================
ERROR: test_progress_plan046_worker_authority (test_vipe_benchmark_supervisor.HelperSessionTests.test_progress_plan046_worker_authority) (kind='conflict')
----------------------------------------------------------------------
Traceback (most recent call last):
  File "/home/auss/git_repos/samaust/Experiments_4DGS/tests/test_vipe_benchmark_supervisor.py", line 2179, in test_progress_plan046_worker_authority
    consumer=p.Consumer(reference,cache,lambda:False,lambda producer:(binding,1 if producer=='worker' else sequence[0]))
  File "/home/auss/git_repos/samaust/Experiments_4DGS/scripts/vipe_benchmark/s1_progress.py", line 824, in __init__
    self.cancelled=cancelled;self.bindings=bindings;self.current={};self.previous={};self.provenance={};self.channel=mailbox(self.context,'owner')
                                                                                                                     ~~~~~~~^^^^^^^^^^^^^^^^^^^^^^
  File "/home/auss/git_repos/samaust/Experiments_4DGS/scripts/vipe_benchmark/s1_progress.py", line 620, in mailbox
    channel=socket.socket(socket.AF_UNIX,socket.SOCK_DGRAM)
  File "/usr/lib/python3.14/socket.py", line 236, in __init__
    _socket.socket.__init__(self, family, type, proto, fileno)
    ~~~~~~~~~~~~~~~~~~~~~~~^^^^^^^^^^^^^^^^^^^^^^^^^^^^^^^^^^^
PermissionError: [Errno 1] Operation not permitted

======================================================================
ERROR: test_progress_plan046_worker_authority (test_vipe_benchmark_supervisor.HelperSessionTests.test_progress_plan046_worker_authority) (kind='forged_seal')
----------------------------------------------------------------------
Traceback (most recent call last):
  File "/home/auss/git_repos/samaust/Experiments_4DGS/tests/test_vipe_benchmark_supervisor.py", line 2179, in test_progress_plan046_worker_authority
    consumer=p.Consumer(reference,cache,lambda:False,lambda producer:(binding,1 if producer=='worker' else sequence[0]))
  File "/home/auss/git_repos/samaust/Experiments_4DGS/scripts/vipe_benchmark/s1_progress.py", line 824, in __init__
    self.cancelled=cancelled;self.bindings=bindings;self.current={};self.previous={};self.provenance={};self.channel=mailbox(self.context,'owner')
                                                                                                                     ~~~~~~~^^^^^^^^^^^^^^^^^^^^^^
  File "/home/auss/git_repos/samaust/Experiments_4DGS/scripts/vipe_benchmark/s1_progress.py", line 620, in mailbox
    channel=socket.socket(socket.AF_UNIX,socket.SOCK_DGRAM)
  File "/usr/lib/python3.14/socket.py", line 236, in __init__
    _socket.socket.__init__(self, family, type, proto, fileno)
    ~~~~~~~~~~~~~~~~~~~~~~~^^^^^^^^^^^^^^^^^^^^^^^^^^^^^^^^^^^
PermissionError: [Errno 1] Operation not permitted

======================================================================
ERROR: test_progress_plan046_worker_authority (test_vipe_benchmark_supervisor.HelperSessionTests.test_progress_plan046_worker_authority) (kind='resume')
----------------------------------------------------------------------
Traceback (most recent call last):
  File "/home/auss/git_repos/samaust/Experiments_4DGS/tests/test_vipe_benchmark_supervisor.py", line 2179, in test_progress_plan046_worker_authority
    consumer=p.Consumer(reference,cache,lambda:False,lambda producer:(binding,1 if producer=='worker' else sequence[0]))
  File "/home/auss/git_repos/samaust/Experiments_4DGS/scripts/vipe_benchmark/s1_progress.py", line 824, in __init__
    self.cancelled=cancelled;self.bindings=bindings;self.current={};self.previous={};self.provenance={};self.channel=mailbox(self.context,'owner')
                                                                                                                     ~~~~~~~^^^^^^^^^^^^^^^^^^^^^^
  File "/home/auss/git_repos/samaust/Experiments_4DGS/scripts/vipe_benchmark/s1_progress.py", line 620, in mailbox
    channel=socket.socket(socket.AF_UNIX,socket.SOCK_DGRAM)
  File "/usr/lib/python3.14/socket.py", line 236, in __init__
    _socket.socket.__init__(self, family, type, proto, fileno)
    ~~~~~~~~~~~~~~~~~~~~~~~^^^^^^^^^^^^^^^^^^^^^^^^^^^^^^^^^^^
PermissionError: [Errno 1] Operation not permitted

======================================================================
ERROR: test_progress_plan046_worker_authority (test_vipe_benchmark_supervisor.HelperSessionTests.test_progress_plan046_worker_authority) (kind='publish_adapter')
----------------------------------------------------------------------
Traceback (most recent call last):
  File "/home/auss/git_repos/samaust/Experiments_4DGS/tests/test_vipe_benchmark_supervisor.py", line 2179, in test_progress_plan046_worker_authority
    consumer=p.Consumer(reference,cache,lambda:False,lambda producer:(binding,1 if producer=='worker' else sequence[0]))
  File "/home/auss/git_repos/samaust/Experiments_4DGS/scripts/vipe_benchmark/s1_progress.py", line 824, in __init__
    self.cancelled=cancelled;self.bindings=bindings;self.current={};self.previous={};self.provenance={};self.channel=mailbox(self.context,'owner')
                                                                                                                     ~~~~~~~^^^^^^^^^^^^^^^^^^^^^^
  File "/home/auss/git_repos/samaust/Experiments_4DGS/scripts/vipe_benchmark/s1_progress.py", line 620, in mailbox
    channel=socket.socket(socket.AF_UNIX,socket.SOCK_DGRAM)
  File "/usr/lib/python3.14/socket.py", line 236, in __init__
    _socket.socket.__init__(self, family, type, proto, fileno)
    ~~~~~~~~~~~~~~~~~~~~~~~^^^^^^^^^^^^^^^^^^^^^^^^^^^^^^^^^^^
PermissionError: [Errno 1] Operation not permitted

======================================================================
ERROR: test_progress_plan047_alias_inventory (test_vipe_benchmark_supervisor.HelperSessionTests.test_progress_plan047_alias_inventory) (kind='member_add_after_publish')
----------------------------------------------------------------------
Traceback (most recent call last):
  File "/home/auss/git_repos/samaust/Experiments_4DGS/tests/test_vipe_benchmark_supervisor.py", line 2554, in test_progress_plan047_alias_inventory
    actual_fallback=invalidated_fallback(self,fixture,base/(kind+'-acknowledged'),kind)
  File "/home/auss/git_repos/samaust/Experiments_4DGS/tests/test_vipe_benchmark_s1_helper_fixtures.py", line 559, in invalidated_fallback
    with plan047_state(fixture,root) as state:
         ~~~~~~~~~~~~~^^^^^^^^^^^^^^
  File "/usr/lib/python3.14/contextlib.py", line 141, in __enter__
    return next(self.gen)
  File "/home/auss/git_repos/samaust/Experiments_4DGS/tests/test_vipe_benchmark_s1_helper_fixtures.py", line 489, in state
    consumer=p.Consumer(reference,cache,lambda:cancelled[0],lambda producer:(binding,1))
  File "/home/auss/git_repos/samaust/Experiments_4DGS/scripts/vipe_benchmark/s1_progress.py", line 824, in __init__
    self.cancelled=cancelled;self.bindings=bindings;self.current={};self.previous={};self.provenance={};self.channel=mailbox(self.context,'owner')
                                                                                                                     ~~~~~~~^^^^^^^^^^^^^^^^^^^^^^
  File "/home/auss/git_repos/samaust/Experiments_4DGS/scripts/vipe_benchmark/s1_progress.py", line 620, in mailbox
    channel=socket.socket(socket.AF_UNIX,socket.SOCK_DGRAM)
  File "/usr/lib/python3.14/socket.py", line 236, in __init__
    _socket.socket.__init__(self, family, type, proto, fileno)
    ~~~~~~~~~~~~~~~~~~~~~~~^^^^^^^^^^^^^^^^^^^^^^^^^^^^^^^^^^^
PermissionError: [Errno 1] Operation not permitted

======================================================================
ERROR: test_progress_plan047_alias_inventory (test_vipe_benchmark_supervisor.HelperSessionTests.test_progress_plan047_alias_inventory) (kind='member_remove_after_publish')
----------------------------------------------------------------------
Traceback (most recent call last):
  File "/home/auss/git_repos/samaust/Experiments_4DGS/tests/test_vipe_benchmark_supervisor.py", line 2554, in test_progress_plan047_alias_inventory
    actual_fallback=invalidated_fallback(self,fixture,base/(kind+'-acknowledged'),kind)
  File "/home/auss/git_repos/samaust/Experiments_4DGS/tests/test_vipe_benchmark_s1_helper_fixtures.py", line 559, in invalidated_fallback
    with plan047_state(fixture,root) as state:
         ~~~~~~~~~~~~~^^^^^^^^^^^^^^
  File "/usr/lib/python3.14/contextlib.py", line 141, in __enter__
    return next(self.gen)
  File "/home/auss/git_repos/samaust/Experiments_4DGS/tests/test_vipe_benchmark_s1_helper_fixtures.py", line 489, in state
    consumer=p.Consumer(reference,cache,lambda:cancelled[0],lambda producer:(binding,1))
  File "/home/auss/git_repos/samaust/Experiments_4DGS/scripts/vipe_benchmark/s1_progress.py", line 824, in __init__
    self.cancelled=cancelled;self.bindings=bindings;self.current={};self.previous={};self.provenance={};self.channel=mailbox(self.context,'owner')
                                                                                                                     ~~~~~~~^^^^^^^^^^^^^^^^^^^^^^
  File "/home/auss/git_repos/samaust/Experiments_4DGS/scripts/vipe_benchmark/s1_progress.py", line 620, in mailbox
    channel=socket.socket(socket.AF_UNIX,socket.SOCK_DGRAM)
  File "/usr/lib/python3.14/socket.py", line 236, in __init__
    _socket.socket.__init__(self, family, type, proto, fileno)
    ~~~~~~~~~~~~~~~~~~~~~~~^^^^^^^^^^^^^^^^^^^^^^^^^^^^^^^^^^^
PermissionError: [Errno 1] Operation not permitted

======================================================================
ERROR: test_progress_plan047_alias_inventory (test_vipe_benchmark_supervisor.HelperSessionTests.test_progress_plan047_alias_inventory) (kind='member_rename_after_publish')
----------------------------------------------------------------------
Traceback (most recent call last):
  File "/home/auss/git_repos/samaust/Experiments_4DGS/tests/test_vipe_benchmark_supervisor.py", line 2554, in test_progress_plan047_alias_inventory
    actual_fallback=invalidated_fallback(self,fixture,base/(kind+'-acknowledged'),kind)
  File "/home/auss/git_repos/samaust/Experiments_4DGS/tests/test_vipe_benchmark_s1_helper_fixtures.py", line 559, in invalidated_fallback
    with plan047_state(fixture,root) as state:
         ~~~~~~~~~~~~~^^^^^^^^^^^^^^
  File "/usr/lib/python3.14/contextlib.py", line 141, in __enter__
    return next(self.gen)
  File "/home/auss/git_repos/samaust/Experiments_4DGS/tests/test_vipe_benchmark_s1_helper_fixtures.py", line 489, in state
    consumer=p.Consumer(reference,cache,lambda:cancelled[0],lambda producer:(binding,1))
  File "/home/auss/git_repos/samaust/Experiments_4DGS/scripts/vipe_benchmark/s1_progress.py", line 824, in __init__
    self.cancelled=cancelled;self.bindings=bindings;self.current={};self.previous={};self.provenance={};self.channel=mailbox(self.context,'owner')
                                                                                                                     ~~~~~~~^^^^^^^^^^^^^^^^^^^^^^
  File "/home/auss/git_repos/samaust/Experiments_4DGS/scripts/vipe_benchmark/s1_progress.py", line 620, in mailbox
    channel=socket.socket(socket.AF_UNIX,socket.SOCK_DGRAM)
  File "/usr/lib/python3.14/socket.py", line 236, in __init__
    _socket.socket.__init__(self, family, type, proto, fileno)
    ~~~~~~~~~~~~~~~~~~~~~~~^^^^^^^^^^^^^^^^^^^^^^^^^^^^^^^^^^^
PermissionError: [Errno 1] Operation not permitted

======================================================================
ERROR: test_progress_plan047_alias_inventory (test_vipe_benchmark_supervisor.HelperSessionTests.test_progress_plan047_alias_inventory) (kind='result_replace_after_publish')
----------------------------------------------------------------------
Traceback (most recent call last):
  File "/home/auss/git_repos/samaust/Experiments_4DGS/tests/test_vipe_benchmark_supervisor.py", line 2554, in test_progress_plan047_alias_inventory
    actual_fallback=invalidated_fallback(self,fixture,base/(kind+'-acknowledged'),kind)
  File "/home/auss/git_repos/samaust/Experiments_4DGS/tests/test_vipe_benchmark_s1_helper_fixtures.py", line 559, in invalidated_fallback
    with plan047_state(fixture,root) as state:
         ~~~~~~~~~~~~~^^^^^^^^^^^^^^
  File "/usr/lib/python3.14/contextlib.py", line 141, in __enter__
    return next(self.gen)
  File "/home/auss/git_repos/samaust/Experiments_4DGS/tests/test_vipe_benchmark_s1_helper_fixtures.py", line 489, in state
    consumer=p.Consumer(reference,cache,lambda:cancelled[0],lambda producer:(binding,1))
  File "/home/auss/git_repos/samaust/Experiments_4DGS/scripts/vipe_benchmark/s1_progress.py", line 824, in __init__
    self.cancelled=cancelled;self.bindings=bindings;self.current={};self.previous={};self.provenance={};self.channel=mailbox(self.context,'owner')
                                                                                                                     ~~~~~~~^^^^^^^^^^^^^^^^^^^^^^
  File "/home/auss/git_repos/samaust/Experiments_4DGS/scripts/vipe_benchmark/s1_progress.py", line 620, in mailbox
    channel=socket.socket(socket.AF_UNIX,socket.SOCK_DGRAM)
  File "/usr/lib/python3.14/socket.py", line 236, in __init__
    _socket.socket.__init__(self, family, type, proto, fileno)
    ~~~~~~~~~~~~~~~~~~~~~~~^^^^^^^^^^^^^^^^^^^^^^^^^^^^^^^^^^^
PermissionError: [Errno 1] Operation not permitted

======================================================================
ERROR: test_progress_plan047_alias_inventory (test_vipe_benchmark_supervisor.HelperSessionTests.test_progress_plan047_alias_inventory) (kind='row_replace_after_publish')
----------------------------------------------------------------------
Traceback (most recent call last):
  File "/home/auss/git_repos/samaust/Experiments_4DGS/tests/test_vipe_benchmark_supervisor.py", line 2554, in test_progress_plan047_alias_inventory
    actual_fallback=invalidated_fallback(self,fixture,base/(kind+'-acknowledged'),kind)
  File "/home/auss/git_repos/samaust/Experiments_4DGS/tests/test_vipe_benchmark_s1_helper_fixtures.py", line 559, in invalidated_fallback
    with plan047_state(fixture,root) as state:
         ~~~~~~~~~~~~~^^^^^^^^^^^^^^
  File "/usr/lib/python3.14/contextlib.py", line 141, in __enter__
    return next(self.gen)
  File "/home/auss/git_repos/samaust/Experiments_4DGS/tests/test_vipe_benchmark_s1_helper_fixtures.py", line 489, in state
    consumer=p.Consumer(reference,cache,lambda:cancelled[0],lambda producer:(binding,1))
  File "/home/auss/git_repos/samaust/Experiments_4DGS/scripts/vipe_benchmark/s1_progress.py", line 824, in __init__
    self.cancelled=cancelled;self.bindings=bindings;self.current={};self.previous={};self.provenance={};self.channel=mailbox(self.context,'owner')
                                                                                                                     ~~~~~~~^^^^^^^^^^^^^^^^^^^^^^
  File "/home/auss/git_repos/samaust/Experiments_4DGS/scripts/vipe_benchmark/s1_progress.py", line 620, in mailbox
    channel=socket.socket(socket.AF_UNIX,socket.SOCK_DGRAM)
  File "/usr/lib/python3.14/socket.py", line 236, in __init__
    _socket.socket.__init__(self, family, type, proto, fileno)
    ~~~~~~~~~~~~~~~~~~~~~~~^^^^^^^^^^^^^^^^^^^^^^^^^^^^^^^^^^^
PermissionError: [Errno 1] Operation not permitted

======================================================================
ERROR: test_progress_plan047_cancellation (test_vipe_benchmark_supervisor.HelperSessionTests.test_progress_plan047_cancellation) (stage='dequeue', when='before')
----------------------------------------------------------------------
Traceback (most recent call last):
  File "/home/auss/git_repos/samaust/Experiments_4DGS/tests/test_vipe_benchmark_supervisor.py", line 3039, in test_progress_plan047_cancellation
    with self.subTest(**case),plan047_state(fixture,Path(temp)/str(index)) as state:
                              ~~~~~~~~~~~~~^^^^^^^^^^^^^^^^^^^^^^^^^^^^^^^
  File "/usr/lib/python3.14/contextlib.py", line 141, in __enter__
    return next(self.gen)
  File "/home/auss/git_repos/samaust/Experiments_4DGS/tests/test_vipe_benchmark_s1_helper_fixtures.py", line 489, in state
    consumer=p.Consumer(reference,cache,lambda:cancelled[0],lambda producer:(binding,1))
  File "/home/auss/git_repos/samaust/Experiments_4DGS/scripts/vipe_benchmark/s1_progress.py", line 824, in __init__
    self.cancelled=cancelled;self.bindings=bindings;self.current={};self.previous={};self.provenance={};self.channel=mailbox(self.context,'owner')
                                                                                                                     ~~~~~~~^^^^^^^^^^^^^^^^^^^^^^
  File "/home/auss/git_repos/samaust/Experiments_4DGS/scripts/vipe_benchmark/s1_progress.py", line 620, in mailbox
    channel=socket.socket(socket.AF_UNIX,socket.SOCK_DGRAM)
  File "/usr/lib/python3.14/socket.py", line 236, in __init__
    _socket.socket.__init__(self, family, type, proto, fileno)
    ~~~~~~~~~~~~~~~~~~~~~~~^^^^^^^^^^^^^^^^^^^^^^^^^^^^^^^^^^^
PermissionError: [Errno 1] Operation not permitted

======================================================================
ERROR: test_progress_plan047_cancellation (test_vipe_benchmark_supervisor.HelperSessionTests.test_progress_plan047_cancellation) (stage='dequeue', when='after')
----------------------------------------------------------------------
Traceback (most recent call last):
  File "/home/auss/git_repos/samaust/Experiments_4DGS/tests/test_vipe_benchmark_supervisor.py", line 3039, in test_progress_plan047_cancellation
    with self.subTest(**case),plan047_state(fixture,Path(temp)/str(index)) as state:
                              ~~~~~~~~~~~~~^^^^^^^^^^^^^^^^^^^^^^^^^^^^^^^
  File "/usr/lib/python3.14/contextlib.py", line 141, in __enter__
    return next(self.gen)
  File "/home/auss/git_repos/samaust/Experiments_4DGS/tests/test_vipe_benchmark_s1_helper_fixtures.py", line 489, in state
    consumer=p.Consumer(reference,cache,lambda:cancelled[0],lambda producer:(binding,1))
  File "/home/auss/git_repos/samaust/Experiments_4DGS/scripts/vipe_benchmark/s1_progress.py", line 824, in __init__
    self.cancelled=cancelled;self.bindings=bindings;self.current={};self.previous={};self.provenance={};self.channel=mailbox(self.context,'owner')
                                                                                                                     ~~~~~~~^^^^^^^^^^^^^^^^^^^^^^
  File "/home/auss/git_repos/samaust/Experiments_4DGS/scripts/vipe_benchmark/s1_progress.py", line 620, in mailbox
    channel=socket.socket(socket.AF_UNIX,socket.SOCK_DGRAM)
  File "/usr/lib/python3.14/socket.py", line 236, in __init__
    _socket.socket.__init__(self, family, type, proto, fileno)
    ~~~~~~~~~~~~~~~~~~~~~~~^^^^^^^^^^^^^^^^^^^^^^^^^^^^^^^^^^^
PermissionError: [Errno 1] Operation not permitted

======================================================================
ERROR: test_progress_plan047_cancellation (test_vipe_benchmark_supervisor.HelperSessionTests.test_progress_plan047_cancellation) (stage='credentials', when='before')
----------------------------------------------------------------------
Traceback (most recent call last):
  File "/home/auss/git_repos/samaust/Experiments_4DGS/tests/test_vipe_benchmark_supervisor.py", line 3039, in test_progress_plan047_cancellation
    with self.subTest(**case),plan047_state(fixture,Path(temp)/str(index)) as state:
                              ~~~~~~~~~~~~~^^^^^^^^^^^^^^^^^^^^^^^^^^^^^^^
  File "/usr/lib/python3.14/contextlib.py", line 141, in __enter__
    return next(self.gen)
  File "/home/auss/git_repos/samaust/Experiments_4DGS/tests/test_vipe_benchmark_s1_helper_fixtures.py", line 489, in state
    consumer=p.Consumer(reference,cache,lambda:cancelled[0],lambda producer:(binding,1))
  File "/home/auss/git_repos/samaust/Experiments_4DGS/scripts/vipe_benchmark/s1_progress.py", line 824, in __init__
    self.cancelled=cancelled;self.bindings=bindings;self.current={};self.previous={};self.provenance={};self.channel=mailbox(self.context,'owner')
                                                                                                                     ~~~~~~~^^^^^^^^^^^^^^^^^^^^^^
  File "/home/auss/git_repos/samaust/Experiments_4DGS/scripts/vipe_benchmark/s1_progress.py", line 620, in mailbox
    channel=socket.socket(socket.AF_UNIX,socket.SOCK_DGRAM)
  File "/usr/lib/python3.14/socket.py", line 236, in __init__
    _socket.socket.__init__(self, family, type, proto, fileno)
    ~~~~~~~~~~~~~~~~~~~~~~~^^^^^^^^^^^^^^^^^^^^^^^^^^^^^^^^^^^
PermissionError: [Errno 1] Operation not permitted

======================================================================
ERROR: test_progress_plan047_cancellation (test_vipe_benchmark_supervisor.HelperSessionTests.test_progress_plan047_cancellation) (stage='credentials', when='after')
----------------------------------------------------------------------
Traceback (most recent call last):
  File "/home/auss/git_repos/samaust/Experiments_4DGS/tests/test_vipe_benchmark_supervisor.py", line 3039, in test_progress_plan047_cancellation
    with self.subTest(**case),plan047_state(fixture,Path(temp)/str(index)) as state:
                              ~~~~~~~~~~~~~^^^^^^^^^^^^^^^^^^^^^^^^^^^^^^^
  File "/usr/lib/python3.14/contextlib.py", line 141, in __enter__
    return next(self.gen)
  File "/home/auss/git_repos/samaust/Experiments_4DGS/tests/test_vipe_benchmark_s1_helper_fixtures.py", line 489, in state
    consumer=p.Consumer(reference,cache,lambda:cancelled[0],lambda producer:(binding,1))
  File "/home/auss/git_repos/samaust/Experiments_4DGS/scripts/vipe_benchmark/s1_progress.py", line 824, in __init__
    self.cancelled=cancelled;self.bindings=bindings;self.current={};self.previous={};self.provenance={};self.channel=mailbox(self.context,'owner')
                                                                                                                     ~~~~~~~^^^^^^^^^^^^^^^^^^^^^^
  File "/home/auss/git_repos/samaust/Experiments_4DGS/scripts/vipe_benchmark/s1_progress.py", line 620, in mailbox
    channel=socket.socket(socket.AF_UNIX,socket.SOCK_DGRAM)
  File "/usr/lib/python3.14/socket.py", line 236, in __init__
    _socket.socket.__init__(self, family, type, proto, fileno)
    ~~~~~~~~~~~~~~~~~~~~~~~^^^^^^^^^^^^^^^^^^^^^^^^^^^^^^^^^^^
PermissionError: [Errno 1] Operation not permitted

======================================================================
ERROR: test_progress_plan047_cancellation (test_vipe_benchmark_supervisor.HelperSessionTests.test_progress_plan047_cancellation) (stage='context_read', when='before')
----------------------------------------------------------------------
Traceback (most recent call last):
  File "/home/auss/git_repos/samaust/Experiments_4DGS/tests/test_vipe_benchmark_supervisor.py", line 3039, in test_progress_plan047_cancellation
    with self.subTest(**case),plan047_state(fixture,Path(temp)/str(index)) as state:
                              ~~~~~~~~~~~~~^^^^^^^^^^^^^^^^^^^^^^^^^^^^^^^
  File "/usr/lib/python3.14/contextlib.py", line 141, in __enter__
    return next(self.gen)
  File "/home/auss/git_repos/samaust/Experiments_4DGS/tests/test_vipe_benchmark_s1_helper_fixtures.py", line 489, in state
    consumer=p.Consumer(reference,cache,lambda:cancelled[0],lambda producer:(binding,1))
  File "/home/auss/git_repos/samaust/Experiments_4DGS/scripts/vipe_benchmark/s1_progress.py", line 824, in __init__
    self.cancelled=cancelled;self.bindings=bindings;self.current={};self.previous={};self.provenance={};self.channel=mailbox(self.context,'owner')
                                                                                                                     ~~~~~~~^^^^^^^^^^^^^^^^^^^^^^
  File "/home/auss/git_repos/samaust/Experiments_4DGS/scripts/vipe_benchmark/s1_progress.py", line 620, in mailbox
    channel=socket.socket(socket.AF_UNIX,socket.SOCK_DGRAM)
  File "/usr/lib/python3.14/socket.py", line 236, in __init__
    _socket.socket.__init__(self, family, type, proto, fileno)
    ~~~~~~~~~~~~~~~~~~~~~~~^^^^^^^^^^^^^^^^^^^^^^^^^^^^^^^^^^^
PermissionError: [Errno 1] Operation not permitted

======================================================================
ERROR: test_progress_plan047_cancellation (test_vipe_benchmark_supervisor.HelperSessionTests.test_progress_plan047_cancellation) (stage='context_read', when='after')
----------------------------------------------------------------------
Traceback (most recent call last):
  File "/home/auss/git_repos/samaust/Experiments_4DGS/tests/test_vipe_benchmark_supervisor.py", line 3039, in test_progress_plan047_cancellation
    with self.subTest(**case),plan047_state(fixture,Path(temp)/str(index)) as state:
                              ~~~~~~~~~~~~~^^^^^^^^^^^^^^^^^^^^^^^^^^^^^^^
  File "/usr/lib/python3.14/contextlib.py", line 141, in __enter__
    return next(self.gen)
  File "/home/auss/git_repos/samaust/Experiments_4DGS/tests/test_vipe_benchmark_s1_helper_fixtures.py", line 489, in state
    consumer=p.Consumer(reference,cache,lambda:cancelled[0],lambda producer:(binding,1))
  File "/home/auss/git_repos/samaust/Experiments_4DGS/scripts/vipe_benchmark/s1_progress.py", line 824, in __init__
    self.cancelled=cancelled;self.bindings=bindings;self.current={};self.previous={};self.provenance={};self.channel=mailbox(self.context,'owner')
                                                                                                                     ~~~~~~~^^^^^^^^^^^^^^^^^^^^^^
  File "/home/auss/git_repos/samaust/Experiments_4DGS/scripts/vipe_benchmark/s1_progress.py", line 620, in mailbox
    channel=socket.socket(socket.AF_UNIX,socket.SOCK_DGRAM)
  File "/usr/lib/python3.14/socket.py", line 236, in __init__
    _socket.socket.__init__(self, family, type, proto, fileno)
    ~~~~~~~~~~~~~~~~~~~~~~~^^^^^^^^^^^^^^^^^^^^^^^^^^^^^^^^^^^
PermissionError: [Errno 1] Operation not permitted

======================================================================
ERROR: test_progress_plan047_cancellation (test_vipe_benchmark_supervisor.HelperSessionTests.test_progress_plan047_cancellation) (stage='old_checkpoint_read', when='before')
----------------------------------------------------------------------
Traceback (most recent call last):
  File "/home/auss/git_repos/samaust/Experiments_4DGS/tests/test_vipe_benchmark_supervisor.py", line 3039, in test_progress_plan047_cancellation
    with self.subTest(**case),plan047_state(fixture,Path(temp)/str(index)) as state:
                              ~~~~~~~~~~~~~^^^^^^^^^^^^^^^^^^^^^^^^^^^^^^^
  File "/usr/lib/python3.14/contextlib.py", line 141, in __enter__
    return next(self.gen)
  File "/home/auss/git_repos/samaust/Experiments_4DGS/tests/test_vipe_benchmark_s1_helper_fixtures.py", line 489, in state
    consumer=p.Consumer(reference,cache,lambda:cancelled[0],lambda producer:(binding,1))
  File "/home/auss/git_repos/samaust/Experiments_4DGS/scripts/vipe_benchmark/s1_progress.py", line 824, in __init__
    self.cancelled=cancelled;self.bindings=bindings;self.current={};self.previous={};self.provenance={};self.channel=mailbox(self.context,'owner')
                                                                                                                     ~~~~~~~^^^^^^^^^^^^^^^^^^^^^^
  File "/home/auss/git_repos/samaust/Experiments_4DGS/scripts/vipe_benchmark/s1_progress.py", line 620, in mailbox
    channel=socket.socket(socket.AF_UNIX,socket.SOCK_DGRAM)
  File "/usr/lib/python3.14/socket.py", line 236, in __init__
    _socket.socket.__init__(self, family, type, proto, fileno)
    ~~~~~~~~~~~~~~~~~~~~~~~^^^^^^^^^^^^^^^^^^^^^^^^^^^^^^^^^^^
PermissionError: [Errno 1] Operation not permitted

======================================================================
ERROR: test_progress_plan047_cancellation (test_vipe_benchmark_supervisor.HelperSessionTests.test_progress_plan047_cancellation) (stage='old_checkpoint_read', when='after')
----------------------------------------------------------------------
Traceback (most recent call last):
  File "/home/auss/git_repos/samaust/Experiments_4DGS/tests/test_vipe_benchmark_supervisor.py", line 3039, in test_progress_plan047_cancellation
    with self.subTest(**case),plan047_state(fixture,Path(temp)/str(index)) as state:
                              ~~~~~~~~~~~~~^^^^^^^^^^^^^^^^^^^^^^^^^^^^^^^
  File "/usr/lib/python3.14/contextlib.py", line 141, in __enter__
    return next(self.gen)
  File "/home/auss/git_repos/samaust/Experiments_4DGS/tests/test_vipe_benchmark_s1_helper_fixtures.py", line 489, in state
    consumer=p.Consumer(reference,cache,lambda:cancelled[0],lambda producer:(binding,1))
  File "/home/auss/git_repos/samaust/Experiments_4DGS/scripts/vipe_benchmark/s1_progress.py", line 824, in __init__
    self.cancelled=cancelled;self.bindings=bindings;self.current={};self.previous={};self.provenance={};self.channel=mailbox(self.context,'owner')
                                                                                                                     ~~~~~~~^^^^^^^^^^^^^^^^^^^^^^
  File "/home/auss/git_repos/samaust/Experiments_4DGS/scripts/vipe_benchmark/s1_progress.py", line 620, in mailbox
    channel=socket.socket(socket.AF_UNIX,socket.SOCK_DGRAM)
  File "/usr/lib/python3.14/socket.py", line 236, in __init__
    _socket.socket.__init__(self, family, type, proto, fileno)
    ~~~~~~~~~~~~~~~~~~~~~~~^^^^^^^^^^^^^^^^^^^^^^^^^^^^^^^^^^^
PermissionError: [Errno 1] Operation not permitted

======================================================================
ERROR: test_progress_plan047_cancellation (test_vipe_benchmark_supervisor.HelperSessionTests.test_progress_plan047_cancellation) (stage='head_read', when='before')
----------------------------------------------------------------------
Traceback (most recent call last):
  File "/home/auss/git_repos/samaust/Experiments_4DGS/tests/test_vipe_benchmark_supervisor.py", line 3039, in test_progress_plan047_cancellation
    with self.subTest(**case),plan047_state(fixture,Path(temp)/str(index)) as state:
                              ~~~~~~~~~~~~~^^^^^^^^^^^^^^^^^^^^^^^^^^^^^^^
  File "/usr/lib/python3.14/contextlib.py", line 141, in __enter__
    return next(self.gen)
  File "/home/auss/git_repos/samaust/Experiments_4DGS/tests/test_vipe_benchmark_s1_helper_fixtures.py", line 489, in state
    consumer=p.Consumer(reference,cache,lambda:cancelled[0],lambda producer:(binding,1))
  File "/home/auss/git_repos/samaust/Experiments_4DGS/scripts/vipe_benchmark/s1_progress.py", line 824, in __init__
    self.cancelled=cancelled;self.bindings=bindings;self.current={};self.previous={};self.provenance={};self.channel=mailbox(self.context,'owner')
                                                                                                                     ~~~~~~~^^^^^^^^^^^^^^^^^^^^^^
  File "/home/auss/git_repos/samaust/Experiments_4DGS/scripts/vipe_benchmark/s1_progress.py", line 620, in mailbox
    channel=socket.socket(socket.AF_UNIX,socket.SOCK_DGRAM)
  File "/usr/lib/python3.14/socket.py", line 236, in __init__
    _socket.socket.__init__(self, family, type, proto, fileno)
    ~~~~~~~~~~~~~~~~~~~~~~~^^^^^^^^^^^^^^^^^^^^^^^^^^^^^^^^^^^
PermissionError: [Errno 1] Operation not permitted

======================================================================
ERROR: test_progress_plan047_cancellation (test_vipe_benchmark_supervisor.HelperSessionTests.test_progress_plan047_cancellation) (stage='head_read', when='after')
----------------------------------------------------------------------
Traceback (most recent call last):
  File "/home/auss/git_repos/samaust/Experiments_4DGS/tests/test_vipe_benchmark_supervisor.py", line 3039, in test_progress_plan047_cancellation
    with self.subTest(**case),plan047_state(fixture,Path(temp)/str(index)) as state:
                              ~~~~~~~~~~~~~^^^^^^^^^^^^^^^^^^^^^^^^^^^^^^^
  File "/usr/lib/python3.14/contextlib.py", line 141, in __enter__
    return next(self.gen)
  File "/home/auss/git_repos/samaust/Experiments_4DGS/tests/test_vipe_benchmark_s1_helper_fixtures.py", line 489, in state
    consumer=p.Consumer(reference,cache,lambda:cancelled[0],lambda producer:(binding,1))
  File "/home/auss/git_repos/samaust/Experiments_4DGS/scripts/vipe_benchmark/s1_progress.py", line 824, in __init__
    self.cancelled=cancelled;self.bindings=bindings;self.current={};self.previous={};self.provenance={};self.channel=mailbox(self.context,'owner')
                                                                                                                     ~~~~~~~^^^^^^^^^^^^^^^^^^^^^^
  File "/home/auss/git_repos/samaust/Experiments_4DGS/scripts/vipe_benchmark/s1_progress.py", line 620, in mailbox
    channel=socket.socket(socket.AF_UNIX,socket.SOCK_DGRAM)
  File "/usr/lib/python3.14/socket.py", line 236, in __init__
    _socket.socket.__init__(self, family, type, proto, fileno)
    ~~~~~~~~~~~~~~~~~~~~~~~^^^^^^^^^^^^^^^^^^^^^^^^^^^^^^^^^^^
PermissionError: [Errno 1] Operation not permitted

======================================================================
ERROR: test_progress_plan047_cancellation (test_vipe_benchmark_supervisor.HelperSessionTests.test_progress_plan047_cancellation) (stage='new_checkpoint_read', when='before')
----------------------------------------------------------------------
Traceback (most recent call last):
  File "/home/auss/git_repos/samaust/Experiments_4DGS/tests/test_vipe_benchmark_supervisor.py", line 3039, in test_progress_plan047_cancellation
    with self.subTest(**case),plan047_state(fixture,Path(temp)/str(index)) as state:
                              ~~~~~~~~~~~~~^^^^^^^^^^^^^^^^^^^^^^^^^^^^^^^
  File "/usr/lib/python3.14/contextlib.py", line 141, in __enter__
    return next(self.gen)
  File "/home/auss/git_repos/samaust/Experiments_4DGS/tests/test_vipe_benchmark_s1_helper_fixtures.py", line 489, in state
    consumer=p.Consumer(reference,cache,lambda:cancelled[0],lambda producer:(binding,1))
  File "/home/auss/git_repos/samaust/Experiments_4DGS/scripts/vipe_benchmark/s1_progress.py", line 824, in __init__
    self.cancelled=cancelled;self.bindings=bindings;self.current={};self.previous={};self.provenance={};self.channel=mailbox(self.context,'owner')
                                                                                                                     ~~~~~~~^^^^^^^^^^^^^^^^^^^^^^
  File "/home/auss/git_repos/samaust/Experiments_4DGS/scripts/vipe_benchmark/s1_progress.py", line 620, in mailbox
    channel=socket.socket(socket.AF_UNIX,socket.SOCK_DGRAM)
  File "/usr/lib/python3.14/socket.py", line 236, in __init__
    _socket.socket.__init__(self, family, type, proto, fileno)
    ~~~~~~~~~~~~~~~~~~~~~~~^^^^^^^^^^^^^^^^^^^^^^^^^^^^^^^^^^^
PermissionError: [Errno 1] Operation not permitted

======================================================================
ERROR: test_progress_plan047_cancellation (test_vipe_benchmark_supervisor.HelperSessionTests.test_progress_plan047_cancellation) (stage='new_checkpoint_read', when='after')
----------------------------------------------------------------------
Traceback (most recent call last):
  File "/home/auss/git_repos/samaust/Experiments_4DGS/tests/test_vipe_benchmark_supervisor.py", line 3039, in test_progress_plan047_cancellation
    with self.subTest(**case),plan047_state(fixture,Path(temp)/str(index)) as state:
                              ~~~~~~~~~~~~~^^^^^^^^^^^^^^^^^^^^^^^^^^^^^^^
  File "/usr/lib/python3.14/contextlib.py", line 141, in __enter__
    return next(self.gen)
  File "/home/auss/git_repos/samaust/Experiments_4DGS/tests/test_vipe_benchmark_s1_helper_fixtures.py", line 489, in state
    consumer=p.Consumer(reference,cache,lambda:cancelled[0],lambda producer:(binding,1))
  File "/home/auss/git_repos/samaust/Experiments_4DGS/scripts/vipe_benchmark/s1_progress.py", line 824, in __init__
    self.cancelled=cancelled;self.bindings=bindings;self.current={};self.previous={};self.provenance={};self.channel=mailbox(self.context,'owner')
                                                                                                                     ~~~~~~~^^^^^^^^^^^^^^^^^^^^^^
  File "/home/auss/git_repos/samaust/Experiments_4DGS/scripts/vipe_benchmark/s1_progress.py", line 620, in mailbox
    channel=socket.socket(socket.AF_UNIX,socket.SOCK_DGRAM)
  File "/usr/lib/python3.14/socket.py", line 236, in __init__
    _socket.socket.__init__(self, family, type, proto, fileno)
    ~~~~~~~~~~~~~~~~~~~~~~~^^^^^^^^^^^^^^^^^^^^^^^^^^^^^^^^^^^
PermissionError: [Errno 1] Operation not permitted

======================================================================
ERROR: test_progress_plan047_cancellation (test_vipe_benchmark_supervisor.HelperSessionTests.test_progress_plan047_cancellation) (stage='worker_authority_read', when='before')
----------------------------------------------------------------------
Traceback (most recent call last):
  File "/home/auss/git_repos/samaust/Experiments_4DGS/tests/test_vipe_benchmark_supervisor.py", line 3039, in test_progress_plan047_cancellation
    with self.subTest(**case),plan047_state(fixture,Path(temp)/str(index)) as state:
                              ~~~~~~~~~~~~~^^^^^^^^^^^^^^^^^^^^^^^^^^^^^^^
  File "/usr/lib/python3.14/contextlib.py", line 141, in __enter__
    return next(self.gen)
  File "/home/auss/git_repos/samaust/Experiments_4DGS/tests/test_vipe_benchmark_s1_helper_fixtures.py", line 489, in state
    consumer=p.Consumer(reference,cache,lambda:cancelled[0],lambda producer:(binding,1))
  File "/home/auss/git_repos/samaust/Experiments_4DGS/scripts/vipe_benchmark/s1_progress.py", line 824, in __init__
    self.cancelled=cancelled;self.bindings=bindings;self.current={};self.previous={};self.provenance={};self.channel=mailbox(self.context,'owner')
                                                                                                                     ~~~~~~~^^^^^^^^^^^^^^^^^^^^^^
  File "/home/auss/git_repos/samaust/Experiments_4DGS/scripts/vipe_benchmark/s1_progress.py", line 620, in mailbox
    channel=socket.socket(socket.AF_UNIX,socket.SOCK_DGRAM)
  File "/usr/lib/python3.14/socket.py", line 236, in __init__
    _socket.socket.__init__(self, family, type, proto, fileno)
    ~~~~~~~~~~~~~~~~~~~~~~~^^^^^^^^^^^^^^^^^^^^^^^^^^^^^^^^^^^
PermissionError: [Errno 1] Operation not permitted

======================================================================
ERROR: test_progress_plan047_cancellation (test_vipe_benchmark_supervisor.HelperSessionTests.test_progress_plan047_cancellation) (stage='worker_authority_read', when='after')
----------------------------------------------------------------------
Traceback (most recent call last):
  File "/home/auss/git_repos/samaust/Experiments_4DGS/tests/test_vipe_benchmark_supervisor.py", line 3039, in test_progress_plan047_cancellation
    with self.subTest(**case),plan047_state(fixture,Path(temp)/str(index)) as state:
                              ~~~~~~~~~~~~~^^^^^^^^^^^^^^^^^^^^^^^^^^^^^^^
  File "/usr/lib/python3.14/contextlib.py", line 141, in __enter__
    return next(self.gen)
  File "/home/auss/git_repos/samaust/Experiments_4DGS/tests/test_vipe_benchmark_s1_helper_fixtures.py", line 489, in state
    consumer=p.Consumer(reference,cache,lambda:cancelled[0],lambda producer:(binding,1))
  File "/home/auss/git_repos/samaust/Experiments_4DGS/scripts/vipe_benchmark/s1_progress.py", line 824, in __init__
    self.cancelled=cancelled;self.bindings=bindings;self.current={};self.previous={};self.provenance={};self.channel=mailbox(self.context,'owner')
                                                                                                                     ~~~~~~~^^^^^^^^^^^^^^^^^^^^^^
  File "/home/auss/git_repos/samaust/Experiments_4DGS/scripts/vipe_benchmark/s1_progress.py", line 620, in mailbox
    channel=socket.socket(socket.AF_UNIX,socket.SOCK_DGRAM)
  File "/usr/lib/python3.14/socket.py", line 236, in __init__
    _socket.socket.__init__(self, family, type, proto, fileno)
    ~~~~~~~~~~~~~~~~~~~~~~~^^^^^^^^^^^^^^^^^^^^^^^^^^^^^^^^^^^
PermissionError: [Errno 1] Operation not permitted

======================================================================
ERROR: test_progress_plan047_cancellation (test_vipe_benchmark_supervisor.HelperSessionTests.test_progress_plan047_cancellation) (stage='retention', when='before')
----------------------------------------------------------------------
Traceback (most recent call last):
  File "/home/auss/git_repos/samaust/Experiments_4DGS/tests/test_vipe_benchmark_supervisor.py", line 3039, in test_progress_plan047_cancellation
    with self.subTest(**case),plan047_state(fixture,Path(temp)/str(index)) as state:
                              ~~~~~~~~~~~~~^^^^^^^^^^^^^^^^^^^^^^^^^^^^^^^
  File "/usr/lib/python3.14/contextlib.py", line 141, in __enter__
    return next(self.gen)
  File "/home/auss/git_repos/samaust/Experiments_4DGS/tests/test_vipe_benchmark_s1_helper_fixtures.py", line 489, in state
    consumer=p.Consumer(reference,cache,lambda:cancelled[0],lambda producer:(binding,1))
  File "/home/auss/git_repos/samaust/Experiments_4DGS/scripts/vipe_benchmark/s1_progress.py", line 824, in __init__
    self.cancelled=cancelled;self.bindings=bindings;self.current={};self.previous={};self.provenance={};self.channel=mailbox(self.context,'owner')
                                                                                                                     ~~~~~~~^^^^^^^^^^^^^^^^^^^^^^
  File "/home/auss/git_repos/samaust/Experiments_4DGS/scripts/vipe_benchmark/s1_progress.py", line 620, in mailbox
    channel=socket.socket(socket.AF_UNIX,socket.SOCK_DGRAM)
  File "/usr/lib/python3.14/socket.py", line 236, in __init__
    _socket.socket.__init__(self, family, type, proto, fileno)
    ~~~~~~~~~~~~~~~~~~~~~~~^^^^^^^^^^^^^^^^^^^^^^^^^^^^^^^^^^^
PermissionError: [Errno 1] Operation not permitted

======================================================================
ERROR: test_progress_plan047_cancellation (test_vipe_benchmark_supervisor.HelperSessionTests.test_progress_plan047_cancellation) (stage='retention', when='after')
----------------------------------------------------------------------
Traceback (most recent call last):
  File "/home/auss/git_repos/samaust/Experiments_4DGS/tests/test_vipe_benchmark_supervisor.py", line 3039, in test_progress_plan047_cancellation
    with self.subTest(**case),plan047_state(fixture,Path(temp)/str(index)) as state:
                              ~~~~~~~~~~~~~^^^^^^^^^^^^^^^^^^^^^^^^^^^^^^^
  File "/usr/lib/python3.14/contextlib.py", line 141, in __enter__
    return next(self.gen)
  File "/home/auss/git_repos/samaust/Experiments_4DGS/tests/test_vipe_benchmark_s1_helper_fixtures.py", line 489, in state
    consumer=p.Consumer(reference,cache,lambda:cancelled[0],lambda producer:(binding,1))
  File "/home/auss/git_repos/samaust/Experiments_4DGS/scripts/vipe_benchmark/s1_progress.py", line 824, in __init__
    self.cancelled=cancelled;self.bindings=bindings;self.current={};self.previous={};self.provenance={};self.channel=mailbox(self.context,'owner')
                                                                                                                     ~~~~~~~^^^^^^^^^^^^^^^^^^^^^^
  File "/home/auss/git_repos/samaust/Experiments_4DGS/scripts/vipe_benchmark/s1_progress.py", line 620, in mailbox
    channel=socket.socket(socket.AF_UNIX,socket.SOCK_DGRAM)
  File "/usr/lib/python3.14/socket.py", line 236, in __init__
    _socket.socket.__init__(self, family, type, proto, fileno)
    ~~~~~~~~~~~~~~~~~~~~~~~^^^^^^^^^^^^^^^^^^^^^^^^^^^^^^^^^^^
PermissionError: [Errno 1] Operation not permitted

======================================================================
ERROR: test_progress_plan047_cancellation (test_vipe_benchmark_supervisor.HelperSessionTests.test_progress_plan047_cancellation) (stage='ack_send', when='before')
----------------------------------------------------------------------
Traceback (most recent call last):
  File "/home/auss/git_repos/samaust/Experiments_4DGS/tests/test_vipe_benchmark_supervisor.py", line 3039, in test_progress_plan047_cancellation
    with self.subTest(**case),plan047_state(fixture,Path(temp)/str(index)) as state:
                              ~~~~~~~~~~~~~^^^^^^^^^^^^^^^^^^^^^^^^^^^^^^^
  File "/usr/lib/python3.14/contextlib.py", line 141, in __enter__
    return next(self.gen)
  File "/home/auss/git_repos/samaust/Experiments_4DGS/tests/test_vipe_benchmark_s1_helper_fixtures.py", line 489, in state
    consumer=p.Consumer(reference,cache,lambda:cancelled[0],lambda producer:(binding,1))
  File "/home/auss/git_repos/samaust/Experiments_4DGS/scripts/vipe_benchmark/s1_progress.py", line 824, in __init__
    self.cancelled=cancelled;self.bindings=bindings;self.current={};self.previous={};self.provenance={};self.channel=mailbox(self.context,'owner')
                                                                                                                     ~~~~~~~^^^^^^^^^^^^^^^^^^^^^^
  File "/home/auss/git_repos/samaust/Experiments_4DGS/scripts/vipe_benchmark/s1_progress.py", line 620, in mailbox
    channel=socket.socket(socket.AF_UNIX,socket.SOCK_DGRAM)
  File "/usr/lib/python3.14/socket.py", line 236, in __init__
    _socket.socket.__init__(self, family, type, proto, fileno)
    ~~~~~~~~~~~~~~~~~~~~~~~^^^^^^^^^^^^^^^^^^^^^^^^^^^^^^^^^^^
PermissionError: [Errno 1] Operation not permitted

======================================================================
ERROR: test_progress_plan047_cancellation (test_vipe_benchmark_supervisor.HelperSessionTests.test_progress_plan047_cancellation) (stage='ack_send', when='after')
----------------------------------------------------------------------
Traceback (most recent call last):
  File "/home/auss/git_repos/samaust/Experiments_4DGS/tests/test_vipe_benchmark_supervisor.py", line 3039, in test_progress_plan047_cancellation
    with self.subTest(**case),plan047_state(fixture,Path(temp)/str(index)) as state:
                              ~~~~~~~~~~~~~^^^^^^^^^^^^^^^^^^^^^^^^^^^^^^^
  File "/usr/lib/python3.14/contextlib.py", line 141, in __enter__
    return next(self.gen)
  File "/home/auss/git_repos/samaust/Experiments_4DGS/tests/test_vipe_benchmark_s1_helper_fixtures.py", line 489, in state
    consumer=p.Consumer(reference,cache,lambda:cancelled[0],lambda producer:(binding,1))
  File "/home/auss/git_repos/samaust/Experiments_4DGS/scripts/vipe_benchmark/s1_progress.py", line 824, in __init__
    self.cancelled=cancelled;self.bindings=bindings;self.current={};self.previous={};self.provenance={};self.channel=mailbox(self.context,'owner')
                                                                                                                     ~~~~~~~^^^^^^^^^^^^^^^^^^^^^^
  File "/home/auss/git_repos/samaust/Experiments_4DGS/scripts/vipe_benchmark/s1_progress.py", line 620, in mailbox
    channel=socket.socket(socket.AF_UNIX,socket.SOCK_DGRAM)
  File "/usr/lib/python3.14/socket.py", line 236, in __init__
    _socket.socket.__init__(self, family, type, proto, fileno)
    ~~~~~~~~~~~~~~~~~~~~~~~^^^^^^^^^^^^^^^^^^^^^^^^^^^^^^^^^^^
PermissionError: [Errno 1] Operation not permitted

======================================================================
ERROR: test_progress_plan047_cancellation (test_vipe_benchmark_supervisor.HelperSessionTests.test_progress_plan047_cancellation) (stage='ack_receipt', when='before')
----------------------------------------------------------------------
Traceback (most recent call last):
  File "/home/auss/git_repos/samaust/Experiments_4DGS/tests/test_vipe_benchmark_supervisor.py", line 3039, in test_progress_plan047_cancellation
    with self.subTest(**case),plan047_state(fixture,Path(temp)/str(index)) as state:
                              ~~~~~~~~~~~~~^^^^^^^^^^^^^^^^^^^^^^^^^^^^^^^
  File "/usr/lib/python3.14/contextlib.py", line 141, in __enter__
    return next(self.gen)
  File "/home/auss/git_repos/samaust/Experiments_4DGS/tests/test_vipe_benchmark_s1_helper_fixtures.py", line 489, in state
    consumer=p.Consumer(reference,cache,lambda:cancelled[0],lambda producer:(binding,1))
  File "/home/auss/git_repos/samaust/Experiments_4DGS/scripts/vipe_benchmark/s1_progress.py", line 824, in __init__
    self.cancelled=cancelled;self.bindings=bindings;self.current={};self.previous={};self.provenance={};self.channel=mailbox(self.context,'owner')
                                                                                                                     ~~~~~~~^^^^^^^^^^^^^^^^^^^^^^
  File "/home/auss/git_repos/samaust/Experiments_4DGS/scripts/vipe_benchmark/s1_progress.py", line 620, in mailbox
    channel=socket.socket(socket.AF_UNIX,socket.SOCK_DGRAM)
  File "/usr/lib/python3.14/socket.py", line 236, in __init__
    _socket.socket.__init__(self, family, type, proto, fileno)
    ~~~~~~~~~~~~~~~~~~~~~~~^^^^^^^^^^^^^^^^^^^^^^^^^^^^^^^^^^^
PermissionError: [Errno 1] Operation not permitted

======================================================================
ERROR: test_progress_plan047_cancellation (test_vipe_benchmark_supervisor.HelperSessionTests.test_progress_plan047_cancellation) (stage='ack_receipt', when='after')
----------------------------------------------------------------------
Traceback (most recent call last):
  File "/home/auss/git_repos/samaust/Experiments_4DGS/tests/test_vipe_benchmark_supervisor.py", line 3039, in test_progress_plan047_cancellation
    with self.subTest(**case),plan047_state(fixture,Path(temp)/str(index)) as state:
                              ~~~~~~~~~~~~~^^^^^^^^^^^^^^^^^^^^^^^^^^^^^^^
  File "/usr/lib/python3.14/contextlib.py", line 141, in __enter__
    return next(self.gen)
  File "/home/auss/git_repos/samaust/Experiments_4DGS/tests/test_vipe_benchmark_s1_helper_fixtures.py", line 489, in state
    consumer=p.Consumer(reference,cache,lambda:cancelled[0],lambda producer:(binding,1))
  File "/home/auss/git_repos/samaust/Experiments_4DGS/scripts/vipe_benchmark/s1_progress.py", line 824, in __init__
    self.cancelled=cancelled;self.bindings=bindings;self.current={};self.previous={};self.provenance={};self.channel=mailbox(self.context,'owner')
                                                                                                                     ~~~~~~~^^^^^^^^^^^^^^^^^^^^^^
  File "/home/auss/git_repos/samaust/Experiments_4DGS/scripts/vipe_benchmark/s1_progress.py", line 620, in mailbox
    channel=socket.socket(socket.AF_UNIX,socket.SOCK_DGRAM)
  File "/usr/lib/python3.14/socket.py", line 236, in __init__
    _socket.socket.__init__(self, family, type, proto, fileno)
    ~~~~~~~~~~~~~~~~~~~~~~~^^^^^^^^^^^^^^^^^^^^^^^^^^^^^^^^^^^
PermissionError: [Errno 1] Operation not permitted

======================================================================
ERROR: test_progress_plan047_complete_final_sample (test_vipe_benchmark_supervisor.HelperSessionTests.test_progress_plan047_complete_final_sample) (kind='success')
----------------------------------------------------------------------
Traceback (most recent call last):
  File "/home/auss/git_repos/samaust/Experiments_4DGS/scripts/vipe_benchmark/supervisor.py", line 436, in supervise
    lifecycle.helpers[0].install_progress(progress_context,run_deadline)
    ~~~~~~~~~~~~~~~~~~~~~~~~~~~~~~~~~~~~~^^^^^^^^^^^^^^^^^^^^^^^^^^^^^^^
  File "/home/auss/git_repos/samaust/Experiments_4DGS/tests/test_vipe_benchmark_supervisor.py", line 3097, in install_progress
    inner.consumer=p.Consumer(reference,inner.progress_cache,lambda:False,lambda producer:(binding,inner.sequence))
                   ~~~~~~~~~~^^^^^^^^^^^^^^^^^^^^^^^^^^^^^^^^^^^^^^^^^^^^^^^^^^^^^^^^^^^^^^^^^^^^^^^^^^^^^^^^^^^^^^
  File "/home/auss/git_repos/samaust/Experiments_4DGS/scripts/vipe_benchmark/s1_progress.py", line 824, in __init__
    self.cancelled=cancelled;self.bindings=bindings;self.current={};self.previous={};self.provenance={};self.channel=mailbox(self.context,'owner')
                                                                                                                     ~~~~~~~^^^^^^^^^^^^^^^^^^^^^^
  File "/home/auss/git_repos/samaust/Experiments_4DGS/scripts/vipe_benchmark/s1_progress.py", line 620, in mailbox
    channel=socket.socket(socket.AF_UNIX,socket.SOCK_DGRAM)
  File "/usr/lib/python3.14/socket.py", line 236, in __init__
    _socket.socket.__init__(self, family, type, proto, fileno)
    ~~~~~~~~~~~~~~~~~~~~~~~^^^^^^^^^^^^^^^^^^^^^^^^^^^^^^^^^^^
PermissionError: [Errno 1] Operation not permitted
evidence_reconciliation: HelperFailure: PermissionError: [Errno 1] Operation not permitted
evidence_publication: RuntimeError: retained helper unavailable for terminal publication

The above exception was the direct cause of the following exception:

Traceback (most recent call last):
  File "/home/auss/git_repos/samaust/Experiments_4DGS/tests/test_vipe_benchmark_supervisor.py", line 3145, in test_progress_plan047_complete_final_sample
    sup.supervise(Ledger(),full.reservation['job_id'],full.command,full.output,evidence=full.binding,sample_resources=self.sampler,validate_result=lambda output:None,terminal_publisher=True,terminal_docs=docs)
    ~~~~~~~~~~~~~^^^^^^^^^^^^^^^^^^^^^^^^^^^^^^^^^^^^^^^^^^^^^^^^^^^^^^^^^^^^^^^^^^^^^^^^^^^^^^^^^^^^^^^^^^^^^^^^^^^^^^^^^^^^^^^^^^^^^^^^^^^^^^^^^^^^^^^^^^^^^^^^^^^^^^^^^^^^^^^^^^^^^^^^^^^^^^^^^^^^^^^^^^^^^^^^
  File "/home/auss/git_repos/samaust/Experiments_4DGS/scripts/vipe_benchmark/supervisor.py", line 607, in supervise
    raise failure from primary_exception
vipe_benchmark.supervisor.SupervisionFailure: PermissionError: [Errno 1] Operation not permitted; evidence reconciliation failed: HelperFailure: PermissionError: [Errno 1] Operation not permitted; evidence publication failed: RuntimeError: retained helper unavailable for terminal publication

======================================================================
ERROR: test_progress_plan047_complete_final_sample (test_vipe_benchmark_supervisor.HelperSessionTests.test_progress_plan047_complete_final_sample) (kind='final_sample_failure')
----------------------------------------------------------------------
Traceback (most recent call last):
  File "/home/auss/git_repos/samaust/Experiments_4DGS/tests/test_vipe_benchmark_supervisor.py", line 3142, in test_progress_plan047_complete_final_sample
    with self.assertRaises(sup.SupervisionFailure) as caught:sup.supervise(Ledger(),full.reservation['job_id'],full.command,full.output,evidence=full.binding,sample_resources=self.sampler,validate_result=lambda output:None,terminal_publisher=True,terminal_docs=docs)
                                                             ~~~~~~~~~~~~~^^^^^^^^^^^^^^^^^^^^^^^^^^^^^^^^^^^^^^^^^^^^^^^^^^^^^^^^^^^^^^^^^^^^^^^^^^^^^^^^^^^^^^^^^^^^^^^^^^^^^^^^^^^^^^^^^^^^^^^^^^^^^^^^^^^^^^^^^^^^^^^^^^^^^^^^^^^^^^^^^^^^^^^^^^^^^^^^^^^^^^^^^^^^^^^^
  File "/home/auss/git_repos/samaust/Experiments_4DGS/scripts/vipe_benchmark/supervisor.py", line 358, in supervise
    raise ValueError('refusing to overwrite incomplete or previous output')
ValueError: refusing to overwrite incomplete or previous output

======================================================================
ERROR: test_progress_plan047_deadline_steps (test_vipe_benchmark_supervisor.HelperSessionTests.test_progress_plan047_deadline_steps) (operation='checkpoint_write', when='before')
----------------------------------------------------------------------
Traceback (most recent call last):
  File "/home/auss/git_repos/samaust/Experiments_4DGS/tests/test_vipe_benchmark_supervisor.py", line 3417, in test_progress_plan047_deadline_steps
    with self.subTest(**case),plan047_state(fixture,Path(temp)/str(index)) as state,contextlib.ExitStack() as stack:
                              ~~~~~~~~~~~~~^^^^^^^^^^^^^^^^^^^^^^^^^^^^^^^
  File "/usr/lib/python3.14/contextlib.py", line 141, in __enter__
    return next(self.gen)
  File "/home/auss/git_repos/samaust/Experiments_4DGS/tests/test_vipe_benchmark_s1_helper_fixtures.py", line 489, in state
    consumer=p.Consumer(reference,cache,lambda:cancelled[0],lambda producer:(binding,1))
  File "/home/auss/git_repos/samaust/Experiments_4DGS/scripts/vipe_benchmark/s1_progress.py", line 824, in __init__
    self.cancelled=cancelled;self.bindings=bindings;self.current={};self.previous={};self.provenance={};self.channel=mailbox(self.context,'owner')
                                                                                                                     ~~~~~~~^^^^^^^^^^^^^^^^^^^^^^
  File "/home/auss/git_repos/samaust/Experiments_4DGS/scripts/vipe_benchmark/s1_progress.py", line 620, in mailbox
    channel=socket.socket(socket.AF_UNIX,socket.SOCK_DGRAM)
  File "/usr/lib/python3.14/socket.py", line 236, in __init__
    _socket.socket.__init__(self, family, type, proto, fileno)
    ~~~~~~~~~~~~~~~~~~~~~~~^^^^^^^^^^^^^^^^^^^^^^^^^^^^^^^^^^^
PermissionError: [Errno 1] Operation not permitted

======================================================================
ERROR: test_progress_plan047_deadline_steps (test_vipe_benchmark_supervisor.HelperSessionTests.test_progress_plan047_deadline_steps) (operation='checkpoint_write', when='equal')
----------------------------------------------------------------------
Traceback (most recent call last):
  File "/home/auss/git_repos/samaust/Experiments_4DGS/tests/test_vipe_benchmark_supervisor.py", line 3417, in test_progress_plan047_deadline_steps
    with self.subTest(**case),plan047_state(fixture,Path(temp)/str(index)) as state,contextlib.ExitStack() as stack:
                              ~~~~~~~~~~~~~^^^^^^^^^^^^^^^^^^^^^^^^^^^^^^^
  File "/usr/lib/python3.14/contextlib.py", line 141, in __enter__
    return next(self.gen)
  File "/home/auss/git_repos/samaust/Experiments_4DGS/tests/test_vipe_benchmark_s1_helper_fixtures.py", line 489, in state
    consumer=p.Consumer(reference,cache,lambda:cancelled[0],lambda producer:(binding,1))
  File "/home/auss/git_repos/samaust/Experiments_4DGS/scripts/vipe_benchmark/s1_progress.py", line 824, in __init__
    self.cancelled=cancelled;self.bindings=bindings;self.current={};self.previous={};self.provenance={};self.channel=mailbox(self.context,'owner')
                                                                                                                     ~~~~~~~^^^^^^^^^^^^^^^^^^^^^^
  File "/home/auss/git_repos/samaust/Experiments_4DGS/scripts/vipe_benchmark/s1_progress.py", line 620, in mailbox
    channel=socket.socket(socket.AF_UNIX,socket.SOCK_DGRAM)
  File "/usr/lib/python3.14/socket.py", line 236, in __init__
    _socket.socket.__init__(self, family, type, proto, fileno)
    ~~~~~~~~~~~~~~~~~~~~~~~^^^^^^^^^^^^^^^^^^^^^^^^^^^^^^^^^^^
PermissionError: [Errno 1] Operation not permitted

======================================================================
ERROR: test_progress_plan047_deadline_steps (test_vipe_benchmark_supervisor.HelperSessionTests.test_progress_plan047_deadline_steps) (operation='checkpoint_write', when='after')
----------------------------------------------------------------------
Traceback (most recent call last):
  File "/home/auss/git_repos/samaust/Experiments_4DGS/tests/test_vipe_benchmark_supervisor.py", line 3417, in test_progress_plan047_deadline_steps
    with self.subTest(**case),plan047_state(fixture,Path(temp)/str(index)) as state,contextlib.ExitStack() as stack:
                              ~~~~~~~~~~~~~^^^^^^^^^^^^^^^^^^^^^^^^^^^^^^^
  File "/usr/lib/python3.14/contextlib.py", line 141, in __enter__
    return next(self.gen)
  File "/home/auss/git_repos/samaust/Experiments_4DGS/tests/test_vipe_benchmark_s1_helper_fixtures.py", line 489, in state
    consumer=p.Consumer(reference,cache,lambda:cancelled[0],lambda producer:(binding,1))
  File "/home/auss/git_repos/samaust/Experiments_4DGS/scripts/vipe_benchmark/s1_progress.py", line 824, in __init__
    self.cancelled=cancelled;self.bindings=bindings;self.current={};self.previous={};self.provenance={};self.channel=mailbox(self.context,'owner')
                                                                                                                     ~~~~~~~^^^^^^^^^^^^^^^^^^^^^^
  File "/home/auss/git_repos/samaust/Experiments_4DGS/scripts/vipe_benchmark/s1_progress.py", line 620, in mailbox
    channel=socket.socket(socket.AF_UNIX,socket.SOCK_DGRAM)
  File "/usr/lib/python3.14/socket.py", line 236, in __init__
    _socket.socket.__init__(self, family, type, proto, fileno)
    ~~~~~~~~~~~~~~~~~~~~~~~^^^^^^^^^^^^^^^^^^^^^^^^^^^^^^^^^^^
PermissionError: [Errno 1] Operation not permitted

======================================================================
ERROR: test_progress_plan047_deadline_steps (test_vipe_benchmark_supervisor.HelperSessionTests.test_progress_plan047_deadline_steps) (operation='checkpoint_flush', when='before')
----------------------------------------------------------------------
Traceback (most recent call last):
  File "/home/auss/git_repos/samaust/Experiments_4DGS/tests/test_vipe_benchmark_supervisor.py", line 3417, in test_progress_plan047_deadline_steps
    with self.subTest(**case),plan047_state(fixture,Path(temp)/str(index)) as state,contextlib.ExitStack() as stack:
                              ~~~~~~~~~~~~~^^^^^^^^^^^^^^^^^^^^^^^^^^^^^^^
  File "/usr/lib/python3.14/contextlib.py", line 141, in __enter__
    return next(self.gen)
  File "/home/auss/git_repos/samaust/Experiments_4DGS/tests/test_vipe_benchmark_s1_helper_fixtures.py", line 489, in state
    consumer=p.Consumer(reference,cache,lambda:cancelled[0],lambda producer:(binding,1))
  File "/home/auss/git_repos/samaust/Experiments_4DGS/scripts/vipe_benchmark/s1_progress.py", line 824, in __init__
    self.cancelled=cancelled;self.bindings=bindings;self.current={};self.previous={};self.provenance={};self.channel=mailbox(self.context,'owner')
                                                                                                                     ~~~~~~~^^^^^^^^^^^^^^^^^^^^^^
  File "/home/auss/git_repos/samaust/Experiments_4DGS/scripts/vipe_benchmark/s1_progress.py", line 620, in mailbox
    channel=socket.socket(socket.AF_UNIX,socket.SOCK_DGRAM)
  File "/usr/lib/python3.14/socket.py", line 236, in __init__
    _socket.socket.__init__(self, family, type, proto, fileno)
    ~~~~~~~~~~~~~~~~~~~~~~~^^^^^^^^^^^^^^^^^^^^^^^^^^^^^^^^^^^
PermissionError: [Errno 1] Operation not permitted

======================================================================
ERROR: test_progress_plan047_deadline_steps (test_vipe_benchmark_supervisor.HelperSessionTests.test_progress_plan047_deadline_steps) (operation='checkpoint_flush', when='equal')
----------------------------------------------------------------------
Traceback (most recent call last):
  File "/home/auss/git_repos/samaust/Experiments_4DGS/tests/test_vipe_benchmark_supervisor.py", line 3417, in test_progress_plan047_deadline_steps
    with self.subTest(**case),plan047_state(fixture,Path(temp)/str(index)) as state,contextlib.ExitStack() as stack:
                              ~~~~~~~~~~~~~^^^^^^^^^^^^^^^^^^^^^^^^^^^^^^^
  File "/usr/lib/python3.14/contextlib.py", line 141, in __enter__
    return next(self.gen)
  File "/home/auss/git_repos/samaust/Experiments_4DGS/tests/test_vipe_benchmark_s1_helper_fixtures.py", line 489, in state
    consumer=p.Consumer(reference,cache,lambda:cancelled[0],lambda producer:(binding,1))
  File "/home/auss/git_repos/samaust/Experiments_4DGS/scripts/vipe_benchmark/s1_progress.py", line 824, in __init__
    self.cancelled=cancelled;self.bindings=bindings;self.current={};self.previous={};self.provenance={};self.channel=mailbox(self.context,'owner')
                                                                                                                     ~~~~~~~^^^^^^^^^^^^^^^^^^^^^^
  File "/home/auss/git_repos/samaust/Experiments_4DGS/scripts/vipe_benchmark/s1_progress.py", line 620, in mailbox
    channel=socket.socket(socket.AF_UNIX,socket.SOCK_DGRAM)
  File "/usr/lib/python3.14/socket.py", line 236, in __init__
    _socket.socket.__init__(self, family, type, proto, fileno)
    ~~~~~~~~~~~~~~~~~~~~~~~^^^^^^^^^^^^^^^^^^^^^^^^^^^^^^^^^^^
PermissionError: [Errno 1] Operation not permitted

======================================================================
ERROR: test_progress_plan047_deadline_steps (test_vipe_benchmark_supervisor.HelperSessionTests.test_progress_plan047_deadline_steps) (operation='checkpoint_flush', when='after')
----------------------------------------------------------------------
Traceback (most recent call last):
  File "/home/auss/git_repos/samaust/Experiments_4DGS/tests/test_vipe_benchmark_supervisor.py", line 3417, in test_progress_plan047_deadline_steps
    with self.subTest(**case),plan047_state(fixture,Path(temp)/str(index)) as state,contextlib.ExitStack() as stack:
                              ~~~~~~~~~~~~~^^^^^^^^^^^^^^^^^^^^^^^^^^^^^^^
  File "/usr/lib/python3.14/contextlib.py", line 141, in __enter__
    return next(self.gen)
  File "/home/auss/git_repos/samaust/Experiments_4DGS/tests/test_vipe_benchmark_s1_helper_fixtures.py", line 489, in state
    consumer=p.Consumer(reference,cache,lambda:cancelled[0],lambda producer:(binding,1))
  File "/home/auss/git_repos/samaust/Experiments_4DGS/scripts/vipe_benchmark/s1_progress.py", line 824, in __init__
    self.cancelled=cancelled;self.bindings=bindings;self.current={};self.previous={};self.provenance={};self.channel=mailbox(self.context,'owner')
                                                                                                                     ~~~~~~~^^^^^^^^^^^^^^^^^^^^^^
  File "/home/auss/git_repos/samaust/Experiments_4DGS/scripts/vipe_benchmark/s1_progress.py", line 620, in mailbox
    channel=socket.socket(socket.AF_UNIX,socket.SOCK_DGRAM)
  File "/usr/lib/python3.14/socket.py", line 236, in __init__
    _socket.socket.__init__(self, family, type, proto, fileno)
    ~~~~~~~~~~~~~~~~~~~~~~~^^^^^^^^^^^^^^^^^^^^^^^^^^^^^^^^^^^
PermissionError: [Errno 1] Operation not permitted

======================================================================
ERROR: test_progress_plan047_deadline_steps (test_vipe_benchmark_supervisor.HelperSessionTests.test_progress_plan047_deadline_steps) (operation='checkpoint_fsync', when='before')
----------------------------------------------------------------------
Traceback (most recent call last):
  File "/home/auss/git_repos/samaust/Experiments_4DGS/tests/test_vipe_benchmark_supervisor.py", line 3417, in test_progress_plan047_deadline_steps
    with self.subTest(**case),plan047_state(fixture,Path(temp)/str(index)) as state,contextlib.ExitStack() as stack:
                              ~~~~~~~~~~~~~^^^^^^^^^^^^^^^^^^^^^^^^^^^^^^^
  File "/usr/lib/python3.14/contextlib.py", line 141, in __enter__
    return next(self.gen)
  File "/home/auss/git_repos/samaust/Experiments_4DGS/tests/test_vipe_benchmark_s1_helper_fixtures.py", line 489, in state
    consumer=p.Consumer(reference,cache,lambda:cancelled[0],lambda producer:(binding,1))
  File "/home/auss/git_repos/samaust/Experiments_4DGS/scripts/vipe_benchmark/s1_progress.py", line 824, in __init__
    self.cancelled=cancelled;self.bindings=bindings;self.current={};self.previous={};self.provenance={};self.channel=mailbox(self.context,'owner')
                                                                                                                     ~~~~~~~^^^^^^^^^^^^^^^^^^^^^^
  File "/home/auss/git_repos/samaust/Experiments_4DGS/scripts/vipe_benchmark/s1_progress.py", line 620, in mailbox
    channel=socket.socket(socket.AF_UNIX,socket.SOCK_DGRAM)
  File "/usr/lib/python3.14/socket.py", line 236, in __init__
    _socket.socket.__init__(self, family, type, proto, fileno)
    ~~~~~~~~~~~~~~~~~~~~~~~^^^^^^^^^^^^^^^^^^^^^^^^^^^^^^^^^^^
PermissionError: [Errno 1] Operation not permitted

======================================================================
ERROR: test_progress_plan047_deadline_steps (test_vipe_benchmark_supervisor.HelperSessionTests.test_progress_plan047_deadline_steps) (operation='checkpoint_fsync', when='equal')
----------------------------------------------------------------------
Traceback (most recent call last):
  File "/home/auss/git_repos/samaust/Experiments_4DGS/tests/test_vipe_benchmark_supervisor.py", line 3417, in test_progress_plan047_deadline_steps
    with self.subTest(**case),plan047_state(fixture,Path(temp)/str(index)) as state,contextlib.ExitStack() as stack:
                              ~~~~~~~~~~~~~^^^^^^^^^^^^^^^^^^^^^^^^^^^^^^^
  File "/usr/lib/python3.14/contextlib.py", line 141, in __enter__
    return next(self.gen)
  File "/home/auss/git_repos/samaust/Experiments_4DGS/tests/test_vipe_benchmark_s1_helper_fixtures.py", line 489, in state
    consumer=p.Consumer(reference,cache,lambda:cancelled[0],lambda producer:(binding,1))
  File "/home/auss/git_repos/samaust/Experiments_4DGS/scripts/vipe_benchmark/s1_progress.py", line 824, in __init__
    self.cancelled=cancelled;self.bindings=bindings;self.current={};self.previous={};self.provenance={};self.channel=mailbox(self.context,'owner')
                                                                                                                     ~~~~~~~^^^^^^^^^^^^^^^^^^^^^^
  File "/home/auss/git_repos/samaust/Experiments_4DGS/scripts/vipe_benchmark/s1_progress.py", line 620, in mailbox
    channel=socket.socket(socket.AF_UNIX,socket.SOCK_DGRAM)
  File "/usr/lib/python3.14/socket.py", line 236, in __init__
    _socket.socket.__init__(self, family, type, proto, fileno)
    ~~~~~~~~~~~~~~~~~~~~~~~^^^^^^^^^^^^^^^^^^^^^^^^^^^^^^^^^^^
PermissionError: [Errno 1] Operation not permitted

======================================================================
ERROR: test_progress_plan047_deadline_steps (test_vipe_benchmark_supervisor.HelperSessionTests.test_progress_plan047_deadline_steps) (operation='checkpoint_fsync', when='after')
----------------------------------------------------------------------
Traceback (most recent call last):
  File "/home/auss/git_repos/samaust/Experiments_4DGS/tests/test_vipe_benchmark_supervisor.py", line 3417, in test_progress_plan047_deadline_steps
    with self.subTest(**case),plan047_state(fixture,Path(temp)/str(index)) as state,contextlib.ExitStack() as stack:
                              ~~~~~~~~~~~~~^^^^^^^^^^^^^^^^^^^^^^^^^^^^^^^
  File "/usr/lib/python3.14/contextlib.py", line 141, in __enter__
    return next(self.gen)
  File "/home/auss/git_repos/samaust/Experiments_4DGS/tests/test_vipe_benchmark_s1_helper_fixtures.py", line 489, in state
    consumer=p.Consumer(reference,cache,lambda:cancelled[0],lambda producer:(binding,1))
  File "/home/auss/git_repos/samaust/Experiments_4DGS/scripts/vipe_benchmark/s1_progress.py", line 824, in __init__
    self.cancelled=cancelled;self.bindings=bindings;self.current={};self.previous={};self.provenance={};self.channel=mailbox(self.context,'owner')
                                                                                                                     ~~~~~~~^^^^^^^^^^^^^^^^^^^^^^
  File "/home/auss/git_repos/samaust/Experiments_4DGS/scripts/vipe_benchmark/s1_progress.py", line 620, in mailbox
    channel=socket.socket(socket.AF_UNIX,socket.SOCK_DGRAM)
  File "/usr/lib/python3.14/socket.py", line 236, in __init__
    _socket.socket.__init__(self, family, type, proto, fileno)
    ~~~~~~~~~~~~~~~~~~~~~~~^^^^^^^^^^^^^^^^^^^^^^^^^^^^^^^^^^^
PermissionError: [Errno 1] Operation not permitted

======================================================================
ERROR: test_progress_plan047_deadline_steps (test_vipe_benchmark_supervisor.HelperSessionTests.test_progress_plan047_deadline_steps) (operation='checkpoint_close', when='before')
----------------------------------------------------------------------
Traceback (most recent call last):
  File "/home/auss/git_repos/samaust/Experiments_4DGS/tests/test_vipe_benchmark_supervisor.py", line 3417, in test_progress_plan047_deadline_steps
    with self.subTest(**case),plan047_state(fixture,Path(temp)/str(index)) as state,contextlib.ExitStack() as stack:
                              ~~~~~~~~~~~~~^^^^^^^^^^^^^^^^^^^^^^^^^^^^^^^
  File "/usr/lib/python3.14/contextlib.py", line 141, in __enter__
    return next(self.gen)
  File "/home/auss/git_repos/samaust/Experiments_4DGS/tests/test_vipe_benchmark_s1_helper_fixtures.py", line 489, in state
    consumer=p.Consumer(reference,cache,lambda:cancelled[0],lambda producer:(binding,1))
  File "/home/auss/git_repos/samaust/Experiments_4DGS/scripts/vipe_benchmark/s1_progress.py", line 824, in __init__
    self.cancelled=cancelled;self.bindings=bindings;self.current={};self.previous={};self.provenance={};self.channel=mailbox(self.context,'owner')
                                                                                                                     ~~~~~~~^^^^^^^^^^^^^^^^^^^^^^
  File "/home/auss/git_repos/samaust/Experiments_4DGS/scripts/vipe_benchmark/s1_progress.py", line 620, in mailbox
    channel=socket.socket(socket.AF_UNIX,socket.SOCK_DGRAM)
  File "/usr/lib/python3.14/socket.py", line 236, in __init__
    _socket.socket.__init__(self, family, type, proto, fileno)
    ~~~~~~~~~~~~~~~~~~~~~~~^^^^^^^^^^^^^^^^^^^^^^^^^^^^^^^^^^^
PermissionError: [Errno 1] Operation not permitted

======================================================================
ERROR: test_progress_plan047_deadline_steps (test_vipe_benchmark_supervisor.HelperSessionTests.test_progress_plan047_deadline_steps) (operation='checkpoint_close', when='equal')
----------------------------------------------------------------------
Traceback (most recent call last):
  File "/home/auss/git_repos/samaust/Experiments_4DGS/tests/test_vipe_benchmark_supervisor.py", line 3417, in test_progress_plan047_deadline_steps
    with self.subTest(**case),plan047_state(fixture,Path(temp)/str(index)) as state,contextlib.ExitStack() as stack:
                              ~~~~~~~~~~~~~^^^^^^^^^^^^^^^^^^^^^^^^^^^^^^^
  File "/usr/lib/python3.14/contextlib.py", line 141, in __enter__
    return next(self.gen)
  File "/home/auss/git_repos/samaust/Experiments_4DGS/tests/test_vipe_benchmark_s1_helper_fixtures.py", line 489, in state
    consumer=p.Consumer(reference,cache,lambda:cancelled[0],lambda producer:(binding,1))
  File "/home/auss/git_repos/samaust/Experiments_4DGS/scripts/vipe_benchmark/s1_progress.py", line 824, in __init__
    self.cancelled=cancelled;self.bindings=bindings;self.current={};self.previous={};self.provenance={};self.channel=mailbox(self.context,'owner')
                                                                                                                     ~~~~~~~^^^^^^^^^^^^^^^^^^^^^^
  File "/home/auss/git_repos/samaust/Experiments_4DGS/scripts/vipe_benchmark/s1_progress.py", line 620, in mailbox
    channel=socket.socket(socket.AF_UNIX,socket.SOCK_DGRAM)
  File "/usr/lib/python3.14/socket.py", line 236, in __init__
    _socket.socket.__init__(self, family, type, proto, fileno)
    ~~~~~~~~~~~~~~~~~~~~~~~^^^^^^^^^^^^^^^^^^^^^^^^^^^^^^^^^^^
PermissionError: [Errno 1] Operation not permitted

======================================================================
ERROR: test_progress_plan047_deadline_steps (test_vipe_benchmark_supervisor.HelperSessionTests.test_progress_plan047_deadline_steps) (operation='checkpoint_close', when='after')
----------------------------------------------------------------------
Traceback (most recent call last):
  File "/home/auss/git_repos/samaust/Experiments_4DGS/tests/test_vipe_benchmark_supervisor.py", line 3417, in test_progress_plan047_deadline_steps
    with self.subTest(**case),plan047_state(fixture,Path(temp)/str(index)) as state,contextlib.ExitStack() as stack:
                              ~~~~~~~~~~~~~^^^^^^^^^^^^^^^^^^^^^^^^^^^^^^^
  File "/usr/lib/python3.14/contextlib.py", line 141, in __enter__
    return next(self.gen)
  File "/home/auss/git_repos/samaust/Experiments_4DGS/tests/test_vipe_benchmark_s1_helper_fixtures.py", line 489, in state
    consumer=p.Consumer(reference,cache,lambda:cancelled[0],lambda producer:(binding,1))
  File "/home/auss/git_repos/samaust/Experiments_4DGS/scripts/vipe_benchmark/s1_progress.py", line 824, in __init__
    self.cancelled=cancelled;self.bindings=bindings;self.current={};self.previous={};self.provenance={};self.channel=mailbox(self.context,'owner')
                                                                                                                     ~~~~~~~^^^^^^^^^^^^^^^^^^^^^^
  File "/home/auss/git_repos/samaust/Experiments_4DGS/scripts/vipe_benchmark/s1_progress.py", line 620, in mailbox
    channel=socket.socket(socket.AF_UNIX,socket.SOCK_DGRAM)
  File "/usr/lib/python3.14/socket.py", line 236, in __init__
    _socket.socket.__init__(self, family, type, proto, fileno)
    ~~~~~~~~~~~~~~~~~~~~~~~^^^^^^^^^^^^^^^^^^^^^^^^^^^^^^^^^^^
PermissionError: [Errno 1] Operation not permitted

======================================================================
ERROR: test_progress_plan047_deadline_steps (test_vipe_benchmark_supervisor.HelperSessionTests.test_progress_plan047_deadline_steps) (operation='checkpoint_readback', when='before')
----------------------------------------------------------------------
Traceback (most recent call last):
  File "/home/auss/git_repos/samaust/Experiments_4DGS/tests/test_vipe_benchmark_supervisor.py", line 3417, in test_progress_plan047_deadline_steps
    with self.subTest(**case),plan047_state(fixture,Path(temp)/str(index)) as state,contextlib.ExitStack() as stack:
                              ~~~~~~~~~~~~~^^^^^^^^^^^^^^^^^^^^^^^^^^^^^^^
  File "/usr/lib/python3.14/contextlib.py", line 141, in __enter__
    return next(self.gen)
  File "/home/auss/git_repos/samaust/Experiments_4DGS/tests/test_vipe_benchmark_s1_helper_fixtures.py", line 489, in state
    consumer=p.Consumer(reference,cache,lambda:cancelled[0],lambda producer:(binding,1))
  File "/home/auss/git_repos/samaust/Experiments_4DGS/scripts/vipe_benchmark/s1_progress.py", line 824, in __init__
    self.cancelled=cancelled;self.bindings=bindings;self.current={};self.previous={};self.provenance={};self.channel=mailbox(self.context,'owner')
                                                                                                                     ~~~~~~~^^^^^^^^^^^^^^^^^^^^^^
  File "/home/auss/git_repos/samaust/Experiments_4DGS/scripts/vipe_benchmark/s1_progress.py", line 620, in mailbox
    channel=socket.socket(socket.AF_UNIX,socket.SOCK_DGRAM)
  File "/usr/lib/python3.14/socket.py", line 236, in __init__
    _socket.socket.__init__(self, family, type, proto, fileno)
    ~~~~~~~~~~~~~~~~~~~~~~~^^^^^^^^^^^^^^^^^^^^^^^^^^^^^^^^^^^
PermissionError: [Errno 1] Operation not permitted

======================================================================
ERROR: test_progress_plan047_deadline_steps (test_vipe_benchmark_supervisor.HelperSessionTests.test_progress_plan047_deadline_steps) (operation='checkpoint_readback', when='equal')
----------------------------------------------------------------------
Traceback (most recent call last):
  File "/home/auss/git_repos/samaust/Experiments_4DGS/tests/test_vipe_benchmark_supervisor.py", line 3417, in test_progress_plan047_deadline_steps
    with self.subTest(**case),plan047_state(fixture,Path(temp)/str(index)) as state,contextlib.ExitStack() as stack:
                              ~~~~~~~~~~~~~^^^^^^^^^^^^^^^^^^^^^^^^^^^^^^^
  File "/usr/lib/python3.14/contextlib.py", line 141, in __enter__
    return next(self.gen)
  File "/home/auss/git_repos/samaust/Experiments_4DGS/tests/test_vipe_benchmark_s1_helper_fixtures.py", line 489, in state
    consumer=p.Consumer(reference,cache,lambda:cancelled[0],lambda producer:(binding,1))
  File "/home/auss/git_repos/samaust/Experiments_4DGS/scripts/vipe_benchmark/s1_progress.py", line 824, in __init__
    self.cancelled=cancelled;self.bindings=bindings;self.current={};self.previous={};self.provenance={};self.channel=mailbox(self.context,'owner')
                                                                                                                     ~~~~~~~^^^^^^^^^^^^^^^^^^^^^^
  File "/home/auss/git_repos/samaust/Experiments_4DGS/scripts/vipe_benchmark/s1_progress.py", line 620, in mailbox
    channel=socket.socket(socket.AF_UNIX,socket.SOCK_DGRAM)
  File "/usr/lib/python3.14/socket.py", line 236, in __init__
    _socket.socket.__init__(self, family, type, proto, fileno)
    ~~~~~~~~~~~~~~~~~~~~~~~^^^^^^^^^^^^^^^^^^^^^^^^^^^^^^^^^^^
PermissionError: [Errno 1] Operation not permitted

======================================================================
ERROR: test_progress_plan047_deadline_steps (test_vipe_benchmark_supervisor.HelperSessionTests.test_progress_plan047_deadline_steps) (operation='checkpoint_readback', when='after')
----------------------------------------------------------------------
Traceback (most recent call last):
  File "/home/auss/git_repos/samaust/Experiments_4DGS/tests/test_vipe_benchmark_supervisor.py", line 3417, in test_progress_plan047_deadline_steps
    with self.subTest(**case),plan047_state(fixture,Path(temp)/str(index)) as state,contextlib.ExitStack() as stack:
                              ~~~~~~~~~~~~~^^^^^^^^^^^^^^^^^^^^^^^^^^^^^^^
  File "/usr/lib/python3.14/contextlib.py", line 141, in __enter__
    return next(self.gen)
  File "/home/auss/git_repos/samaust/Experiments_4DGS/tests/test_vipe_benchmark_s1_helper_fixtures.py", line 489, in state
    consumer=p.Consumer(reference,cache,lambda:cancelled[0],lambda producer:(binding,1))
  File "/home/auss/git_repos/samaust/Experiments_4DGS/scripts/vipe_benchmark/s1_progress.py", line 824, in __init__
    self.cancelled=cancelled;self.bindings=bindings;self.current={};self.previous={};self.provenance={};self.channel=mailbox(self.context,'owner')
                                                                                                                     ~~~~~~~^^^^^^^^^^^^^^^^^^^^^^
  File "/home/auss/git_repos/samaust/Experiments_4DGS/scripts/vipe_benchmark/s1_progress.py", line 620, in mailbox
    channel=socket.socket(socket.AF_UNIX,socket.SOCK_DGRAM)
  File "/usr/lib/python3.14/socket.py", line 236, in __init__
    _socket.socket.__init__(self, family, type, proto, fileno)
    ~~~~~~~~~~~~~~~~~~~~~~~^^^^^^^^^^^^^^^^^^^^^^^^^^^^^^^^^^^
PermissionError: [Errno 1] Operation not permitted

======================================================================
ERROR: test_progress_plan047_deadline_steps (test_vipe_benchmark_supervisor.HelperSessionTests.test_progress_plan047_deadline_steps) (operation='head_write', when='before')
----------------------------------------------------------------------
Traceback (most recent call last):
  File "/home/auss/git_repos/samaust/Experiments_4DGS/tests/test_vipe_benchmark_supervisor.py", line 3417, in test_progress_plan047_deadline_steps
    with self.subTest(**case),plan047_state(fixture,Path(temp)/str(index)) as state,contextlib.ExitStack() as stack:
                              ~~~~~~~~~~~~~^^^^^^^^^^^^^^^^^^^^^^^^^^^^^^^
  File "/usr/lib/python3.14/contextlib.py", line 141, in __enter__
    return next(self.gen)
  File "/home/auss/git_repos/samaust/Experiments_4DGS/tests/test_vipe_benchmark_s1_helper_fixtures.py", line 489, in state
    consumer=p.Consumer(reference,cache,lambda:cancelled[0],lambda producer:(binding,1))
  File "/home/auss/git_repos/samaust/Experiments_4DGS/scripts/vipe_benchmark/s1_progress.py", line 824, in __init__
    self.cancelled=cancelled;self.bindings=bindings;self.current={};self.previous={};self.provenance={};self.channel=mailbox(self.context,'owner')
                                                                                                                     ~~~~~~~^^^^^^^^^^^^^^^^^^^^^^
  File "/home/auss/git_repos/samaust/Experiments_4DGS/scripts/vipe_benchmark/s1_progress.py", line 620, in mailbox
    channel=socket.socket(socket.AF_UNIX,socket.SOCK_DGRAM)
  File "/usr/lib/python3.14/socket.py", line 236, in __init__
    _socket.socket.__init__(self, family, type, proto, fileno)
    ~~~~~~~~~~~~~~~~~~~~~~~^^^^^^^^^^^^^^^^^^^^^^^^^^^^^^^^^^^
PermissionError: [Errno 1] Operation not permitted

======================================================================
ERROR: test_progress_plan047_deadline_steps (test_vipe_benchmark_supervisor.HelperSessionTests.test_progress_plan047_deadline_steps) (operation='head_write', when='equal')
----------------------------------------------------------------------
Traceback (most recent call last):
  File "/home/auss/git_repos/samaust/Experiments_4DGS/tests/test_vipe_benchmark_supervisor.py", line 3417, in test_progress_plan047_deadline_steps
    with self.subTest(**case),plan047_state(fixture,Path(temp)/str(index)) as state,contextlib.ExitStack() as stack:
                              ~~~~~~~~~~~~~^^^^^^^^^^^^^^^^^^^^^^^^^^^^^^^
  File "/usr/lib/python3.14/contextlib.py", line 141, in __enter__
    return next(self.gen)
  File "/home/auss/git_repos/samaust/Experiments_4DGS/tests/test_vipe_benchmark_s1_helper_fixtures.py", line 489, in state
    consumer=p.Consumer(reference,cache,lambda:cancelled[0],lambda producer:(binding,1))
  File "/home/auss/git_repos/samaust/Experiments_4DGS/scripts/vipe_benchmark/s1_progress.py", line 824, in __init__
    self.cancelled=cancelled;self.bindings=bindings;self.current={};self.previous={};self.provenance={};self.channel=mailbox(self.context,'owner')
                                                                                                                     ~~~~~~~^^^^^^^^^^^^^^^^^^^^^^
  File "/home/auss/git_repos/samaust/Experiments_4DGS/scripts/vipe_benchmark/s1_progress.py", line 620, in mailbox
    channel=socket.socket(socket.AF_UNIX,socket.SOCK_DGRAM)
  File "/usr/lib/python3.14/socket.py", line 236, in __init__
    _socket.socket.__init__(self, family, type, proto, fileno)
    ~~~~~~~~~~~~~~~~~~~~~~~^^^^^^^^^^^^^^^^^^^^^^^^^^^^^^^^^^^
PermissionError: [Errno 1] Operation not permitted

======================================================================
ERROR: test_progress_plan047_deadline_steps (test_vipe_benchmark_supervisor.HelperSessionTests.test_progress_plan047_deadline_steps) (operation='head_write', when='after')
----------------------------------------------------------------------
Traceback (most recent call last):
  File "/home/auss/git_repos/samaust/Experiments_4DGS/tests/test_vipe_benchmark_supervisor.py", line 3417, in test_progress_plan047_deadline_steps
    with self.subTest(**case),plan047_state(fixture,Path(temp)/str(index)) as state,contextlib.ExitStack() as stack:
                              ~~~~~~~~~~~~~^^^^^^^^^^^^^^^^^^^^^^^^^^^^^^^
  File "/usr/lib/python3.14/contextlib.py", line 141, in __enter__
    return next(self.gen)
  File "/home/auss/git_repos/samaust/Experiments_4DGS/tests/test_vipe_benchmark_s1_helper_fixtures.py", line 489, in state
    consumer=p.Consumer(reference,cache,lambda:cancelled[0],lambda producer:(binding,1))
  File "/home/auss/git_repos/samaust/Experiments_4DGS/scripts/vipe_benchmark/s1_progress.py", line 824, in __init__
    self.cancelled=cancelled;self.bindings=bindings;self.current={};self.previous={};self.provenance={};self.channel=mailbox(self.context,'owner')
                                                                                                                     ~~~~~~~^^^^^^^^^^^^^^^^^^^^^^
  File "/home/auss/git_repos/samaust/Experiments_4DGS/scripts/vipe_benchmark/s1_progress.py", line 620, in mailbox
    channel=socket.socket(socket.AF_UNIX,socket.SOCK_DGRAM)
  File "/usr/lib/python3.14/socket.py", line 236, in __init__
    _socket.socket.__init__(self, family, type, proto, fileno)
    ~~~~~~~~~~~~~~~~~~~~~~~^^^^^^^^^^^^^^^^^^^^^^^^^^^^^^^^^^^
PermissionError: [Errno 1] Operation not permitted

======================================================================
ERROR: test_progress_plan047_deadline_steps (test_vipe_benchmark_supervisor.HelperSessionTests.test_progress_plan047_deadline_steps) (operation='head_flush', when='before')
----------------------------------------------------------------------
Traceback (most recent call last):
  File "/home/auss/git_repos/samaust/Experiments_4DGS/tests/test_vipe_benchmark_supervisor.py", line 3417, in test_progress_plan047_deadline_steps
    with self.subTest(**case),plan047_state(fixture,Path(temp)/str(index)) as state,contextlib.ExitStack() as stack:
                              ~~~~~~~~~~~~~^^^^^^^^^^^^^^^^^^^^^^^^^^^^^^^
  File "/usr/lib/python3.14/contextlib.py", line 141, in __enter__
    return next(self.gen)
  File "/home/auss/git_repos/samaust/Experiments_4DGS/tests/test_vipe_benchmark_s1_helper_fixtures.py", line 489, in state
    consumer=p.Consumer(reference,cache,lambda:cancelled[0],lambda producer:(binding,1))
  File "/home/auss/git_repos/samaust/Experiments_4DGS/scripts/vipe_benchmark/s1_progress.py", line 824, in __init__
    self.cancelled=cancelled;self.bindings=bindings;self.current={};self.previous={};self.provenance={};self.channel=mailbox(self.context,'owner')
                                                                                                                     ~~~~~~~^^^^^^^^^^^^^^^^^^^^^^
  File "/home/auss/git_repos/samaust/Experiments_4DGS/scripts/vipe_benchmark/s1_progress.py", line 620, in mailbox
    channel=socket.socket(socket.AF_UNIX,socket.SOCK_DGRAM)
  File "/usr/lib/python3.14/socket.py", line 236, in __init__
    _socket.socket.__init__(self, family, type, proto, fileno)
    ~~~~~~~~~~~~~~~~~~~~~~~^^^^^^^^^^^^^^^^^^^^^^^^^^^^^^^^^^^
PermissionError: [Errno 1] Operation not permitted

======================================================================
ERROR: test_progress_plan047_deadline_steps (test_vipe_benchmark_supervisor.HelperSessionTests.test_progress_plan047_deadline_steps) (operation='head_flush', when='equal')
----------------------------------------------------------------------
Traceback (most recent call last):
  File "/home/auss/git_repos/samaust/Experiments_4DGS/tests/test_vipe_benchmark_supervisor.py", line 3417, in test_progress_plan047_deadline_steps
    with self.subTest(**case),plan047_state(fixture,Path(temp)/str(index)) as state,contextlib.ExitStack() as stack:
                              ~~~~~~~~~~~~~^^^^^^^^^^^^^^^^^^^^^^^^^^^^^^^
  File "/usr/lib/python3.14/contextlib.py", line 141, in __enter__
    return next(self.gen)
  File "/home/auss/git_repos/samaust/Experiments_4DGS/tests/test_vipe_benchmark_s1_helper_fixtures.py", line 489, in state
    consumer=p.Consumer(reference,cache,lambda:cancelled[0],lambda producer:(binding,1))
  File "/home/auss/git_repos/samaust/Experiments_4DGS/scripts/vipe_benchmark/s1_progress.py", line 824, in __init__
    self.cancelled=cancelled;self.bindings=bindings;self.current={};self.previous={};self.provenance={};self.channel=mailbox(self.context,'owner')
                                                                                                                     ~~~~~~~^^^^^^^^^^^^^^^^^^^^^^
  File "/home/auss/git_repos/samaust/Experiments_4DGS/scripts/vipe_benchmark/s1_progress.py", line 620, in mailbox
    channel=socket.socket(socket.AF_UNIX,socket.SOCK_DGRAM)
  File "/usr/lib/python3.14/socket.py", line 236, in __init__
    _socket.socket.__init__(self, family, type, proto, fileno)
    ~~~~~~~~~~~~~~~~~~~~~~~^^^^^^^^^^^^^^^^^^^^^^^^^^^^^^^^^^^
PermissionError: [Errno 1] Operation not permitted

======================================================================
ERROR: test_progress_plan047_deadline_steps (test_vipe_benchmark_supervisor.HelperSessionTests.test_progress_plan047_deadline_steps) (operation='head_flush', when='after')
----------------------------------------------------------------------
Traceback (most recent call last):
  File "/home/auss/git_repos/samaust/Experiments_4DGS/tests/test_vipe_benchmark_supervisor.py", line 3417, in test_progress_plan047_deadline_steps
    with self.subTest(**case),plan047_state(fixture,Path(temp)/str(index)) as state,contextlib.ExitStack() as stack:
                              ~~~~~~~~~~~~~^^^^^^^^^^^^^^^^^^^^^^^^^^^^^^^
  File "/usr/lib/python3.14/contextlib.py", line 141, in __enter__
    return next(self.gen)
  File "/home/auss/git_repos/samaust/Experiments_4DGS/tests/test_vipe_benchmark_s1_helper_fixtures.py", line 489, in state
    consumer=p.Consumer(reference,cache,lambda:cancelled[0],lambda producer:(binding,1))
  File "/home/auss/git_repos/samaust/Experiments_4DGS/scripts/vipe_benchmark/s1_progress.py", line 824, in __init__
    self.cancelled=cancelled;self.bindings=bindings;self.current={};self.previous={};self.provenance={};self.channel=mailbox(self.context,'owner')
                                                                                                                     ~~~~~~~^^^^^^^^^^^^^^^^^^^^^^
  File "/home/auss/git_repos/samaust/Experiments_4DGS/scripts/vipe_benchmark/s1_progress.py", line 620, in mailbox
    channel=socket.socket(socket.AF_UNIX,socket.SOCK_DGRAM)
  File "/usr/lib/python3.14/socket.py", line 236, in __init__
    _socket.socket.__init__(self, family, type, proto, fileno)
    ~~~~~~~~~~~~~~~~~~~~~~~^^^^^^^^^^^^^^^^^^^^^^^^^^^^^^^^^^^
PermissionError: [Errno 1] Operation not permitted

======================================================================
ERROR: test_progress_plan047_deadline_steps (test_vipe_benchmark_supervisor.HelperSessionTests.test_progress_plan047_deadline_steps) (operation='head_fsync', when='before')
----------------------------------------------------------------------
Traceback (most recent call last):
  File "/home/auss/git_repos/samaust/Experiments_4DGS/tests/test_vipe_benchmark_supervisor.py", line 3417, in test_progress_plan047_deadline_steps
    with self.subTest(**case),plan047_state(fixture,Path(temp)/str(index)) as state,contextlib.ExitStack() as stack:
                              ~~~~~~~~~~~~~^^^^^^^^^^^^^^^^^^^^^^^^^^^^^^^
  File "/usr/lib/python3.14/contextlib.py", line 141, in __enter__
    return next(self.gen)
  File "/home/auss/git_repos/samaust/Experiments_4DGS/tests/test_vipe_benchmark_s1_helper_fixtures.py", line 489, in state
    consumer=p.Consumer(reference,cache,lambda:cancelled[0],lambda producer:(binding,1))
  File "/home/auss/git_repos/samaust/Experiments_4DGS/scripts/vipe_benchmark/s1_progress.py", line 824, in __init__
    self.cancelled=cancelled;self.bindings=bindings;self.current={};self.previous={};self.provenance={};self.channel=mailbox(self.context,'owner')
                                                                                                                     ~~~~~~~^^^^^^^^^^^^^^^^^^^^^^
  File "/home/auss/git_repos/samaust/Experiments_4DGS/scripts/vipe_benchmark/s1_progress.py", line 620, in mailbox
    channel=socket.socket(socket.AF_UNIX,socket.SOCK_DGRAM)
  File "/usr/lib/python3.14/socket.py", line 236, in __init__
    _socket.socket.__init__(self, family, type, proto, fileno)
    ~~~~~~~~~~~~~~~~~~~~~~~^^^^^^^^^^^^^^^^^^^^^^^^^^^^^^^^^^^
PermissionError: [Errno 1] Operation not permitted

======================================================================
ERROR: test_progress_plan047_deadline_steps (test_vipe_benchmark_supervisor.HelperSessionTests.test_progress_plan047_deadline_steps) (operation='head_fsync', when='equal')
----------------------------------------------------------------------
Traceback (most recent call last):
  File "/home/auss/git_repos/samaust/Experiments_4DGS/tests/test_vipe_benchmark_supervisor.py", line 3417, in test_progress_plan047_deadline_steps
    with self.subTest(**case),plan047_state(fixture,Path(temp)/str(index)) as state,contextlib.ExitStack() as stack:
                              ~~~~~~~~~~~~~^^^^^^^^^^^^^^^^^^^^^^^^^^^^^^^
  File "/usr/lib/python3.14/contextlib.py", line 141, in __enter__
    return next(self.gen)
  File "/home/auss/git_repos/samaust/Experiments_4DGS/tests/test_vipe_benchmark_s1_helper_fixtures.py", line 489, in state
    consumer=p.Consumer(reference,cache,lambda:cancelled[0],lambda producer:(binding,1))
  File "/home/auss/git_repos/samaust/Experiments_4DGS/scripts/vipe_benchmark/s1_progress.py", line 824, in __init__
    self.cancelled=cancelled;self.bindings=bindings;self.current={};self.previous={};self.provenance={};self.channel=mailbox(self.context,'owner')
                                                                                                                     ~~~~~~~^^^^^^^^^^^^^^^^^^^^^^
  File "/home/auss/git_repos/samaust/Experiments_4DGS/scripts/vipe_benchmark/s1_progress.py", line 620, in mailbox
    channel=socket.socket(socket.AF_UNIX,socket.SOCK_DGRAM)
  File "/usr/lib/python3.14/socket.py", line 236, in __init__
    _socket.socket.__init__(self, family, type, proto, fileno)
    ~~~~~~~~~~~~~~~~~~~~~~~^^^^^^^^^^^^^^^^^^^^^^^^^^^^^^^^^^^
PermissionError: [Errno 1] Operation not permitted

======================================================================
ERROR: test_progress_plan047_deadline_steps (test_vipe_benchmark_supervisor.HelperSessionTests.test_progress_plan047_deadline_steps) (operation='head_fsync', when='after')
----------------------------------------------------------------------
Traceback (most recent call last):
  File "/home/auss/git_repos/samaust/Experiments_4DGS/tests/test_vipe_benchmark_supervisor.py", line 3417, in test_progress_plan047_deadline_steps
    with self.subTest(**case),plan047_state(fixture,Path(temp)/str(index)) as state,contextlib.ExitStack() as stack:
                              ~~~~~~~~~~~~~^^^^^^^^^^^^^^^^^^^^^^^^^^^^^^^
  File "/usr/lib/python3.14/contextlib.py", line 141, in __enter__
    return next(self.gen)
  File "/home/auss/git_repos/samaust/Experiments_4DGS/tests/test_vipe_benchmark_s1_helper_fixtures.py", line 489, in state
    consumer=p.Consumer(reference,cache,lambda:cancelled[0],lambda producer:(binding,1))
  File "/home/auss/git_repos/samaust/Experiments_4DGS/scripts/vipe_benchmark/s1_progress.py", line 824, in __init__
    self.cancelled=cancelled;self.bindings=bindings;self.current={};self.previous={};self.provenance={};self.channel=mailbox(self.context,'owner')
                                                                                                                     ~~~~~~~^^^^^^^^^^^^^^^^^^^^^^
  File "/home/auss/git_repos/samaust/Experiments_4DGS/scripts/vipe_benchmark/s1_progress.py", line 620, in mailbox
    channel=socket.socket(socket.AF_UNIX,socket.SOCK_DGRAM)
  File "/usr/lib/python3.14/socket.py", line 236, in __init__
    _socket.socket.__init__(self, family, type, proto, fileno)
    ~~~~~~~~~~~~~~~~~~~~~~~^^^^^^^^^^^^^^^^^^^^^^^^^^^^^^^^^^^
PermissionError: [Errno 1] Operation not permitted

======================================================================
ERROR: test_progress_plan047_deadline_steps (test_vipe_benchmark_supervisor.HelperSessionTests.test_progress_plan047_deadline_steps) (operation='head_close', when='before')
----------------------------------------------------------------------
Traceback (most recent call last):
  File "/home/auss/git_repos/samaust/Experiments_4DGS/tests/test_vipe_benchmark_supervisor.py", line 3417, in test_progress_plan047_deadline_steps
    with self.subTest(**case),plan047_state(fixture,Path(temp)/str(index)) as state,contextlib.ExitStack() as stack:
                              ~~~~~~~~~~~~~^^^^^^^^^^^^^^^^^^^^^^^^^^^^^^^
  File "/usr/lib/python3.14/contextlib.py", line 141, in __enter__
    return next(self.gen)
  File "/home/auss/git_repos/samaust/Experiments_4DGS/tests/test_vipe_benchmark_s1_helper_fixtures.py", line 489, in state
    consumer=p.Consumer(reference,cache,lambda:cancelled[0],lambda producer:(binding,1))
  File "/home/auss/git_repos/samaust/Experiments_4DGS/scripts/vipe_benchmark/s1_progress.py", line 824, in __init__
    self.cancelled=cancelled;self.bindings=bindings;self.current={};self.previous={};self.provenance={};self.channel=mailbox(self.context,'owner')
                                                                                                                     ~~~~~~~^^^^^^^^^^^^^^^^^^^^^^
  File "/home/auss/git_repos/samaust/Experiments_4DGS/scripts/vipe_benchmark/s1_progress.py", line 620, in mailbox
    channel=socket.socket(socket.AF_UNIX,socket.SOCK_DGRAM)
  File "/usr/lib/python3.14/socket.py", line 236, in __init__
    _socket.socket.__init__(self, family, type, proto, fileno)
    ~~~~~~~~~~~~~~~~~~~~~~~^^^^^^^^^^^^^^^^^^^^^^^^^^^^^^^^^^^
PermissionError: [Errno 1] Operation not permitted

======================================================================
ERROR: test_progress_plan047_deadline_steps (test_vipe_benchmark_supervisor.HelperSessionTests.test_progress_plan047_deadline_steps) (operation='head_close', when='equal')
----------------------------------------------------------------------
Traceback (most recent call last):
  File "/home/auss/git_repos/samaust/Experiments_4DGS/tests/test_vipe_benchmark_supervisor.py", line 3417, in test_progress_plan047_deadline_steps
    with self.subTest(**case),plan047_state(fixture,Path(temp)/str(index)) as state,contextlib.ExitStack() as stack:
                              ~~~~~~~~~~~~~^^^^^^^^^^^^^^^^^^^^^^^^^^^^^^^
  File "/usr/lib/python3.14/contextlib.py", line 141, in __enter__
    return next(self.gen)
  File "/home/auss/git_repos/samaust/Experiments_4DGS/tests/test_vipe_benchmark_s1_helper_fixtures.py", line 489, in state
    consumer=p.Consumer(reference,cache,lambda:cancelled[0],lambda producer:(binding,1))
  File "/home/auss/git_repos/samaust/Experiments_4DGS/scripts/vipe_benchmark/s1_progress.py", line 824, in __init__
    self.cancelled=cancelled;self.bindings=bindings;self.current={};self.previous={};self.provenance={};self.channel=mailbox(self.context,'owner')
                                                                                                                     ~~~~~~~^^^^^^^^^^^^^^^^^^^^^^
  File "/home/auss/git_repos/samaust/Experiments_4DGS/scripts/vipe_benchmark/s1_progress.py", line 620, in mailbox
    channel=socket.socket(socket.AF_UNIX,socket.SOCK_DGRAM)
  File "/usr/lib/python3.14/socket.py", line 236, in __init__
    _socket.socket.__init__(self, family, type, proto, fileno)
    ~~~~~~~~~~~~~~~~~~~~~~~^^^^^^^^^^^^^^^^^^^^^^^^^^^^^^^^^^^
PermissionError: [Errno 1] Operation not permitted

======================================================================
ERROR: test_progress_plan047_deadline_steps (test_vipe_benchmark_supervisor.HelperSessionTests.test_progress_plan047_deadline_steps) (operation='head_close', when='after')
----------------------------------------------------------------------
Traceback (most recent call last):
  File "/home/auss/git_repos/samaust/Experiments_4DGS/tests/test_vipe_benchmark_supervisor.py", line 3417, in test_progress_plan047_deadline_steps
    with self.subTest(**case),plan047_state(fixture,Path(temp)/str(index)) as state,contextlib.ExitStack() as stack:
                              ~~~~~~~~~~~~~^^^^^^^^^^^^^^^^^^^^^^^^^^^^^^^
  File "/usr/lib/python3.14/contextlib.py", line 141, in __enter__
    return next(self.gen)
  File "/home/auss/git_repos/samaust/Experiments_4DGS/tests/test_vipe_benchmark_s1_helper_fixtures.py", line 489, in state
    consumer=p.Consumer(reference,cache,lambda:cancelled[0],lambda producer:(binding,1))
  File "/home/auss/git_repos/samaust/Experiments_4DGS/scripts/vipe_benchmark/s1_progress.py", line 824, in __init__
    self.cancelled=cancelled;self.bindings=bindings;self.current={};self.previous={};self.provenance={};self.channel=mailbox(self.context,'owner')
                                                                                                                     ~~~~~~~^^^^^^^^^^^^^^^^^^^^^^
  File "/home/auss/git_repos/samaust/Experiments_4DGS/scripts/vipe_benchmark/s1_progress.py", line 620, in mailbox
    channel=socket.socket(socket.AF_UNIX,socket.SOCK_DGRAM)
  File "/usr/lib/python3.14/socket.py", line 236, in __init__
    _socket.socket.__init__(self, family, type, proto, fileno)
    ~~~~~~~~~~~~~~~~~~~~~~~^^^^^^^^^^^^^^^^^^^^^^^^^^^^^^^^^^^
PermissionError: [Errno 1] Operation not permitted

======================================================================
ERROR: test_progress_plan047_deadline_steps (test_vipe_benchmark_supervisor.HelperSessionTests.test_progress_plan047_deadline_steps) (operation='head_readback', when='before')
----------------------------------------------------------------------
Traceback (most recent call last):
  File "/home/auss/git_repos/samaust/Experiments_4DGS/tests/test_vipe_benchmark_supervisor.py", line 3417, in test_progress_plan047_deadline_steps
    with self.subTest(**case),plan047_state(fixture,Path(temp)/str(index)) as state,contextlib.ExitStack() as stack:
                              ~~~~~~~~~~~~~^^^^^^^^^^^^^^^^^^^^^^^^^^^^^^^
  File "/usr/lib/python3.14/contextlib.py", line 141, in __enter__
    return next(self.gen)
  File "/home/auss/git_repos/samaust/Experiments_4DGS/tests/test_vipe_benchmark_s1_helper_fixtures.py", line 489, in state
    consumer=p.Consumer(reference,cache,lambda:cancelled[0],lambda producer:(binding,1))
  File "/home/auss/git_repos/samaust/Experiments_4DGS/scripts/vipe_benchmark/s1_progress.py", line 824, in __init__
    self.cancelled=cancelled;self.bindings=bindings;self.current={};self.previous={};self.provenance={};self.channel=mailbox(self.context,'owner')
                                                                                                                     ~~~~~~~^^^^^^^^^^^^^^^^^^^^^^
  File "/home/auss/git_repos/samaust/Experiments_4DGS/scripts/vipe_benchmark/s1_progress.py", line 620, in mailbox
    channel=socket.socket(socket.AF_UNIX,socket.SOCK_DGRAM)
  File "/usr/lib/python3.14/socket.py", line 236, in __init__
    _socket.socket.__init__(self, family, type, proto, fileno)
    ~~~~~~~~~~~~~~~~~~~~~~~^^^^^^^^^^^^^^^^^^^^^^^^^^^^^^^^^^^
PermissionError: [Errno 1] Operation not permitted

======================================================================
ERROR: test_progress_plan047_deadline_steps (test_vipe_benchmark_supervisor.HelperSessionTests.test_progress_plan047_deadline_steps) (operation='head_readback', when='equal')
----------------------------------------------------------------------
Traceback (most recent call last):
  File "/home/auss/git_repos/samaust/Experiments_4DGS/tests/test_vipe_benchmark_supervisor.py", line 3417, in test_progress_plan047_deadline_steps
    with self.subTest(**case),plan047_state(fixture,Path(temp)/str(index)) as state,contextlib.ExitStack() as stack:
                              ~~~~~~~~~~~~~^^^^^^^^^^^^^^^^^^^^^^^^^^^^^^^
  File "/usr/lib/python3.14/contextlib.py", line 141, in __enter__
    return next(self.gen)
  File "/home/auss/git_repos/samaust/Experiments_4DGS/tests/test_vipe_benchmark_s1_helper_fixtures.py", line 489, in state
    consumer=p.Consumer(reference,cache,lambda:cancelled[0],lambda producer:(binding,1))
  File "/home/auss/git_repos/samaust/Experiments_4DGS/scripts/vipe_benchmark/s1_progress.py", line 824, in __init__
    self.cancelled=cancelled;self.bindings=bindings;self.current={};self.previous={};self.provenance={};self.channel=mailbox(self.context,'owner')
                                                                                                                     ~~~~~~~^^^^^^^^^^^^^^^^^^^^^^
  File "/home/auss/git_repos/samaust/Experiments_4DGS/scripts/vipe_benchmark/s1_progress.py", line 620, in mailbox
    channel=socket.socket(socket.AF_UNIX,socket.SOCK_DGRAM)
  File "/usr/lib/python3.14/socket.py", line 236, in __init__
    _socket.socket.__init__(self, family, type, proto, fileno)
    ~~~~~~~~~~~~~~~~~~~~~~~^^^^^^^^^^^^^^^^^^^^^^^^^^^^^^^^^^^
PermissionError: [Errno 1] Operation not permitted

======================================================================
ERROR: test_progress_plan047_deadline_steps (test_vipe_benchmark_supervisor.HelperSessionTests.test_progress_plan047_deadline_steps) (operation='head_readback', when='after')
----------------------------------------------------------------------
Traceback (most recent call last):
  File "/home/auss/git_repos/samaust/Experiments_4DGS/tests/test_vipe_benchmark_supervisor.py", line 3417, in test_progress_plan047_deadline_steps
    with self.subTest(**case),plan047_state(fixture,Path(temp)/str(index)) as state,contextlib.ExitStack() as stack:
                              ~~~~~~~~~~~~~^^^^^^^^^^^^^^^^^^^^^^^^^^^^^^^
  File "/usr/lib/python3.14/contextlib.py", line 141, in __enter__
    return next(self.gen)
  File "/home/auss/git_repos/samaust/Experiments_4DGS/tests/test_vipe_benchmark_s1_helper_fixtures.py", line 489, in state
    consumer=p.Consumer(reference,cache,lambda:cancelled[0],lambda producer:(binding,1))
  File "/home/auss/git_repos/samaust/Experiments_4DGS/scripts/vipe_benchmark/s1_progress.py", line 824, in __init__
    self.cancelled=cancelled;self.bindings=bindings;self.current={};self.previous={};self.provenance={};self.channel=mailbox(self.context,'owner')
                                                                                                                     ~~~~~~~^^^^^^^^^^^^^^^^^^^^^^
  File "/home/auss/git_repos/samaust/Experiments_4DGS/scripts/vipe_benchmark/s1_progress.py", line 620, in mailbox
    channel=socket.socket(socket.AF_UNIX,socket.SOCK_DGRAM)
  File "/usr/lib/python3.14/socket.py", line 236, in __init__
    _socket.socket.__init__(self, family, type, proto, fileno)
    ~~~~~~~~~~~~~~~~~~~~~~~^^^^^^^^^^^^^^^^^^^^^^^^^^^^^^^^^^^
PermissionError: [Errno 1] Operation not permitted

======================================================================
ERROR: test_progress_plan047_deadline_steps (test_vipe_benchmark_supervisor.HelperSessionTests.test_progress_plan047_deadline_steps) (operation='generation_install', when='before')
----------------------------------------------------------------------
Traceback (most recent call last):
  File "/home/auss/git_repos/samaust/Experiments_4DGS/tests/test_vipe_benchmark_supervisor.py", line 3417, in test_progress_plan047_deadline_steps
    with self.subTest(**case),plan047_state(fixture,Path(temp)/str(index)) as state,contextlib.ExitStack() as stack:
                              ~~~~~~~~~~~~~^^^^^^^^^^^^^^^^^^^^^^^^^^^^^^^
  File "/usr/lib/python3.14/contextlib.py", line 141, in __enter__
    return next(self.gen)
  File "/home/auss/git_repos/samaust/Experiments_4DGS/tests/test_vipe_benchmark_s1_helper_fixtures.py", line 489, in state
    consumer=p.Consumer(reference,cache,lambda:cancelled[0],lambda producer:(binding,1))
  File "/home/auss/git_repos/samaust/Experiments_4DGS/scripts/vipe_benchmark/s1_progress.py", line 824, in __init__
    self.cancelled=cancelled;self.bindings=bindings;self.current={};self.previous={};self.provenance={};self.channel=mailbox(self.context,'owner')
                                                                                                                     ~~~~~~~^^^^^^^^^^^^^^^^^^^^^^
  File "/home/auss/git_repos/samaust/Experiments_4DGS/scripts/vipe_benchmark/s1_progress.py", line 620, in mailbox
    channel=socket.socket(socket.AF_UNIX,socket.SOCK_DGRAM)
  File "/usr/lib/python3.14/socket.py", line 236, in __init__
    _socket.socket.__init__(self, family, type, proto, fileno)
    ~~~~~~~~~~~~~~~~~~~~~~~^^^^^^^^^^^^^^^^^^^^^^^^^^^^^^^^^^^
PermissionError: [Errno 1] Operation not permitted

======================================================================
ERROR: test_progress_plan047_deadline_steps (test_vipe_benchmark_supervisor.HelperSessionTests.test_progress_plan047_deadline_steps) (operation='generation_install', when='equal')
----------------------------------------------------------------------
Traceback (most recent call last):
  File "/home/auss/git_repos/samaust/Experiments_4DGS/tests/test_vipe_benchmark_supervisor.py", line 3417, in test_progress_plan047_deadline_steps
    with self.subTest(**case),plan047_state(fixture,Path(temp)/str(index)) as state,contextlib.ExitStack() as stack:
                              ~~~~~~~~~~~~~^^^^^^^^^^^^^^^^^^^^^^^^^^^^^^^
  File "/usr/lib/python3.14/contextlib.py", line 141, in __enter__
    return next(self.gen)
  File "/home/auss/git_repos/samaust/Experiments_4DGS/tests/test_vipe_benchmark_s1_helper_fixtures.py", line 489, in state
    consumer=p.Consumer(reference,cache,lambda:cancelled[0],lambda producer:(binding,1))
  File "/home/auss/git_repos/samaust/Experiments_4DGS/scripts/vipe_benchmark/s1_progress.py", line 824, in __init__
    self.cancelled=cancelled;self.bindings=bindings;self.current={};self.previous={};self.provenance={};self.channel=mailbox(self.context,'owner')
                                                                                                                     ~~~~~~~^^^^^^^^^^^^^^^^^^^^^^
  File "/home/auss/git_repos/samaust/Experiments_4DGS/scripts/vipe_benchmark/s1_progress.py", line 620, in mailbox
    channel=socket.socket(socket.AF_UNIX,socket.SOCK_DGRAM)
  File "/usr/lib/python3.14/socket.py", line 236, in __init__
    _socket.socket.__init__(self, family, type, proto, fileno)
    ~~~~~~~~~~~~~~~~~~~~~~~^^^^^^^^^^^^^^^^^^^^^^^^^^^^^^^^^^^
PermissionError: [Errno 1] Operation not permitted

======================================================================
ERROR: test_progress_plan047_deadline_steps (test_vipe_benchmark_supervisor.HelperSessionTests.test_progress_plan047_deadline_steps) (operation='generation_install', when='after')
----------------------------------------------------------------------
Traceback (most recent call last):
  File "/home/auss/git_repos/samaust/Experiments_4DGS/tests/test_vipe_benchmark_supervisor.py", line 3417, in test_progress_plan047_deadline_steps
    with self.subTest(**case),plan047_state(fixture,Path(temp)/str(index)) as state,contextlib.ExitStack() as stack:
                              ~~~~~~~~~~~~~^^^^^^^^^^^^^^^^^^^^^^^^^^^^^^^
  File "/usr/lib/python3.14/contextlib.py", line 141, in __enter__
    return next(self.gen)
  File "/home/auss/git_repos/samaust/Experiments_4DGS/tests/test_vipe_benchmark_s1_helper_fixtures.py", line 489, in state
    consumer=p.Consumer(reference,cache,lambda:cancelled[0],lambda producer:(binding,1))
  File "/home/auss/git_repos/samaust/Experiments_4DGS/scripts/vipe_benchmark/s1_progress.py", line 824, in __init__
    self.cancelled=cancelled;self.bindings=bindings;self.current={};self.previous={};self.provenance={};self.channel=mailbox(self.context,'owner')
                                                                                                                     ~~~~~~~^^^^^^^^^^^^^^^^^^^^^^
  File "/home/auss/git_repos/samaust/Experiments_4DGS/scripts/vipe_benchmark/s1_progress.py", line 620, in mailbox
    channel=socket.socket(socket.AF_UNIX,socket.SOCK_DGRAM)
  File "/usr/lib/python3.14/socket.py", line 236, in __init__
    _socket.socket.__init__(self, family, type, proto, fileno)
    ~~~~~~~~~~~~~~~~~~~~~~~^^^^^^^^^^^^^^^^^^^^^^^^^^^^^^^^^^^
PermissionError: [Errno 1] Operation not permitted

======================================================================
ERROR: test_progress_plan047_deadline_steps (test_vipe_benchmark_supervisor.HelperSessionTests.test_progress_plan047_deadline_steps) (operation='generation_dir_fsync', when='before')
----------------------------------------------------------------------
Traceback (most recent call last):
  File "/home/auss/git_repos/samaust/Experiments_4DGS/tests/test_vipe_benchmark_supervisor.py", line 3417, in test_progress_plan047_deadline_steps
    with self.subTest(**case),plan047_state(fixture,Path(temp)/str(index)) as state,contextlib.ExitStack() as stack:
                              ~~~~~~~~~~~~~^^^^^^^^^^^^^^^^^^^^^^^^^^^^^^^
  File "/usr/lib/python3.14/contextlib.py", line 141, in __enter__
    return next(self.gen)
  File "/home/auss/git_repos/samaust/Experiments_4DGS/tests/test_vipe_benchmark_s1_helper_fixtures.py", line 489, in state
    consumer=p.Consumer(reference,cache,lambda:cancelled[0],lambda producer:(binding,1))
  File "/home/auss/git_repos/samaust/Experiments_4DGS/scripts/vipe_benchmark/s1_progress.py", line 824, in __init__
    self.cancelled=cancelled;self.bindings=bindings;self.current={};self.previous={};self.provenance={};self.channel=mailbox(self.context,'owner')
                                                                                                                     ~~~~~~~^^^^^^^^^^^^^^^^^^^^^^
  File "/home/auss/git_repos/samaust/Experiments_4DGS/scripts/vipe_benchmark/s1_progress.py", line 620, in mailbox
    channel=socket.socket(socket.AF_UNIX,socket.SOCK_DGRAM)
  File "/usr/lib/python3.14/socket.py", line 236, in __init__
    _socket.socket.__init__(self, family, type, proto, fileno)
    ~~~~~~~~~~~~~~~~~~~~~~~^^^^^^^^^^^^^^^^^^^^^^^^^^^^^^^^^^^
PermissionError: [Errno 1] Operation not permitted

======================================================================
ERROR: test_progress_plan047_deadline_steps (test_vipe_benchmark_supervisor.HelperSessionTests.test_progress_plan047_deadline_steps) (operation='generation_dir_fsync', when='equal')
----------------------------------------------------------------------
Traceback (most recent call last):
  File "/home/auss/git_repos/samaust/Experiments_4DGS/tests/test_vipe_benchmark_supervisor.py", line 3417, in test_progress_plan047_deadline_steps
    with self.subTest(**case),plan047_state(fixture,Path(temp)/str(index)) as state,contextlib.ExitStack() as stack:
                              ~~~~~~~~~~~~~^^^^^^^^^^^^^^^^^^^^^^^^^^^^^^^
  File "/usr/lib/python3.14/contextlib.py", line 141, in __enter__
    return next(self.gen)
  File "/home/auss/git_repos/samaust/Experiments_4DGS/tests/test_vipe_benchmark_s1_helper_fixtures.py", line 489, in state
    consumer=p.Consumer(reference,cache,lambda:cancelled[0],lambda producer:(binding,1))
  File "/home/auss/git_repos/samaust/Experiments_4DGS/scripts/vipe_benchmark/s1_progress.py", line 824, in __init__
    self.cancelled=cancelled;self.bindings=bindings;self.current={};self.previous={};self.provenance={};self.channel=mailbox(self.context,'owner')
                                                                                                                     ~~~~~~~^^^^^^^^^^^^^^^^^^^^^^
  File "/home/auss/git_repos/samaust/Experiments_4DGS/scripts/vipe_benchmark/s1_progress.py", line 620, in mailbox
    channel=socket.socket(socket.AF_UNIX,socket.SOCK_DGRAM)
  File "/usr/lib/python3.14/socket.py", line 236, in __init__
    _socket.socket.__init__(self, family, type, proto, fileno)
    ~~~~~~~~~~~~~~~~~~~~~~~^^^^^^^^^^^^^^^^^^^^^^^^^^^^^^^^^^^
PermissionError: [Errno 1] Operation not permitted

======================================================================
ERROR: test_progress_plan047_deadline_steps (test_vipe_benchmark_supervisor.HelperSessionTests.test_progress_plan047_deadline_steps) (operation='generation_dir_fsync', when='after')
----------------------------------------------------------------------
Traceback (most recent call last):
  File "/home/auss/git_repos/samaust/Experiments_4DGS/tests/test_vipe_benchmark_supervisor.py", line 3417, in test_progress_plan047_deadline_steps
    with self.subTest(**case),plan047_state(fixture,Path(temp)/str(index)) as state,contextlib.ExitStack() as stack:
                              ~~~~~~~~~~~~~^^^^^^^^^^^^^^^^^^^^^^^^^^^^^^^
  File "/usr/lib/python3.14/contextlib.py", line 141, in __enter__
    return next(self.gen)
  File "/home/auss/git_repos/samaust/Experiments_4DGS/tests/test_vipe_benchmark_s1_helper_fixtures.py", line 489, in state
    consumer=p.Consumer(reference,cache,lambda:cancelled[0],lambda producer:(binding,1))
  File "/home/auss/git_repos/samaust/Experiments_4DGS/scripts/vipe_benchmark/s1_progress.py", line 824, in __init__
    self.cancelled=cancelled;self.bindings=bindings;self.current={};self.previous={};self.provenance={};self.channel=mailbox(self.context,'owner')
                                                                                                                     ~~~~~~~^^^^^^^^^^^^^^^^^^^^^^
  File "/home/auss/git_repos/samaust/Experiments_4DGS/scripts/vipe_benchmark/s1_progress.py", line 620, in mailbox
    channel=socket.socket(socket.AF_UNIX,socket.SOCK_DGRAM)
  File "/usr/lib/python3.14/socket.py", line 236, in __init__
    _socket.socket.__init__(self, family, type, proto, fileno)
    ~~~~~~~~~~~~~~~~~~~~~~~^^^^^^^^^^^^^^^^^^^^^^^^^^^^^^^^^^^
PermissionError: [Errno 1] Operation not permitted

======================================================================
ERROR: test_progress_plan047_deadline_steps (test_vipe_benchmark_supervisor.HelperSessionTests.test_progress_plan047_deadline_steps) (operation='generation_reopen_hash', when='before')
----------------------------------------------------------------------
Traceback (most recent call last):
  File "/home/auss/git_repos/samaust/Experiments_4DGS/tests/test_vipe_benchmark_supervisor.py", line 3417, in test_progress_plan047_deadline_steps
    with self.subTest(**case),plan047_state(fixture,Path(temp)/str(index)) as state,contextlib.ExitStack() as stack:
                              ~~~~~~~~~~~~~^^^^^^^^^^^^^^^^^^^^^^^^^^^^^^^
  File "/usr/lib/python3.14/contextlib.py", line 141, in __enter__
    return next(self.gen)
  File "/home/auss/git_repos/samaust/Experiments_4DGS/tests/test_vipe_benchmark_s1_helper_fixtures.py", line 489, in state
    consumer=p.Consumer(reference,cache,lambda:cancelled[0],lambda producer:(binding,1))
  File "/home/auss/git_repos/samaust/Experiments_4DGS/scripts/vipe_benchmark/s1_progress.py", line 824, in __init__
    self.cancelled=cancelled;self.bindings=bindings;self.current={};self.previous={};self.provenance={};self.channel=mailbox(self.context,'owner')
                                                                                                                     ~~~~~~~^^^^^^^^^^^^^^^^^^^^^^
  File "/home/auss/git_repos/samaust/Experiments_4DGS/scripts/vipe_benchmark/s1_progress.py", line 620, in mailbox
    channel=socket.socket(socket.AF_UNIX,socket.SOCK_DGRAM)
  File "/usr/lib/python3.14/socket.py", line 236, in __init__
    _socket.socket.__init__(self, family, type, proto, fileno)
    ~~~~~~~~~~~~~~~~~~~~~~~^^^^^^^^^^^^^^^^^^^^^^^^^^^^^^^^^^^
PermissionError: [Errno 1] Operation not permitted

======================================================================
ERROR: test_progress_plan047_deadline_steps (test_vipe_benchmark_supervisor.HelperSessionTests.test_progress_plan047_deadline_steps) (operation='generation_reopen_hash', when='equal')
----------------------------------------------------------------------
Traceback (most recent call last):
  File "/home/auss/git_repos/samaust/Experiments_4DGS/tests/test_vipe_benchmark_supervisor.py", line 3417, in test_progress_plan047_deadline_steps
    with self.subTest(**case),plan047_state(fixture,Path(temp)/str(index)) as state,contextlib.ExitStack() as stack:
                              ~~~~~~~~~~~~~^^^^^^^^^^^^^^^^^^^^^^^^^^^^^^^
  File "/usr/lib/python3.14/contextlib.py", line 141, in __enter__
    return next(self.gen)
  File "/home/auss/git_repos/samaust/Experiments_4DGS/tests/test_vipe_benchmark_s1_helper_fixtures.py", line 489, in state
    consumer=p.Consumer(reference,cache,lambda:cancelled[0],lambda producer:(binding,1))
  File "/home/auss/git_repos/samaust/Experiments_4DGS/scripts/vipe_benchmark/s1_progress.py", line 824, in __init__
    self.cancelled=cancelled;self.bindings=bindings;self.current={};self.previous={};self.provenance={};self.channel=mailbox(self.context,'owner')
                                                                                                                     ~~~~~~~^^^^^^^^^^^^^^^^^^^^^^
  File "/home/auss/git_repos/samaust/Experiments_4DGS/scripts/vipe_benchmark/s1_progress.py", line 620, in mailbox
    channel=socket.socket(socket.AF_UNIX,socket.SOCK_DGRAM)
  File "/usr/lib/python3.14/socket.py", line 236, in __init__
    _socket.socket.__init__(self, family, type, proto, fileno)
    ~~~~~~~~~~~~~~~~~~~~~~~^^^^^^^^^^^^^^^^^^^^^^^^^^^^^^^^^^^
PermissionError: [Errno 1] Operation not permitted

======================================================================
ERROR: test_progress_plan047_deadline_steps (test_vipe_benchmark_supervisor.HelperSessionTests.test_progress_plan047_deadline_steps) (operation='generation_reopen_hash', when='after')
----------------------------------------------------------------------
Traceback (most recent call last):
  File "/home/auss/git_repos/samaust/Experiments_4DGS/tests/test_vipe_benchmark_supervisor.py", line 3417, in test_progress_plan047_deadline_steps
    with self.subTest(**case),plan047_state(fixture,Path(temp)/str(index)) as state,contextlib.ExitStack() as stack:
                              ~~~~~~~~~~~~~^^^^^^^^^^^^^^^^^^^^^^^^^^^^^^^
  File "/usr/lib/python3.14/contextlib.py", line 141, in __enter__
    return next(self.gen)
  File "/home/auss/git_repos/samaust/Experiments_4DGS/tests/test_vipe_benchmark_s1_helper_fixtures.py", line 489, in state
    consumer=p.Consumer(reference,cache,lambda:cancelled[0],lambda producer:(binding,1))
  File "/home/auss/git_repos/samaust/Experiments_4DGS/scripts/vipe_benchmark/s1_progress.py", line 824, in __init__
    self.cancelled=cancelled;self.bindings=bindings;self.current={};self.previous={};self.provenance={};self.channel=mailbox(self.context,'owner')
                                                                                                                     ~~~~~~~^^^^^^^^^^^^^^^^^^^^^^
  File "/home/auss/git_repos/samaust/Experiments_4DGS/scripts/vipe_benchmark/s1_progress.py", line 620, in mailbox
    channel=socket.socket(socket.AF_UNIX,socket.SOCK_DGRAM)
  File "/usr/lib/python3.14/socket.py", line 236, in __init__
    _socket.socket.__init__(self, family, type, proto, fileno)
    ~~~~~~~~~~~~~~~~~~~~~~~^^^^^^^^^^^^^^^^^^^^^^^^^^^^^^^^^^^
PermissionError: [Errno 1] Operation not permitted

======================================================================
ERROR: test_progress_plan047_deadline_steps (test_vipe_benchmark_supervisor.HelperSessionTests.test_progress_plan047_deadline_steps) (operation='head_install', when='before')
----------------------------------------------------------------------
Traceback (most recent call last):
  File "/home/auss/git_repos/samaust/Experiments_4DGS/tests/test_vipe_benchmark_supervisor.py", line 3417, in test_progress_plan047_deadline_steps
    with self.subTest(**case),plan047_state(fixture,Path(temp)/str(index)) as state,contextlib.ExitStack() as stack:
                              ~~~~~~~~~~~~~^^^^^^^^^^^^^^^^^^^^^^^^^^^^^^^
  File "/usr/lib/python3.14/contextlib.py", line 141, in __enter__
    return next(self.gen)
  File "/home/auss/git_repos/samaust/Experiments_4DGS/tests/test_vipe_benchmark_s1_helper_fixtures.py", line 489, in state
    consumer=p.Consumer(reference,cache,lambda:cancelled[0],lambda producer:(binding,1))
  File "/home/auss/git_repos/samaust/Experiments_4DGS/scripts/vipe_benchmark/s1_progress.py", line 824, in __init__
    self.cancelled=cancelled;self.bindings=bindings;self.current={};self.previous={};self.provenance={};self.channel=mailbox(self.context,'owner')
                                                                                                                     ~~~~~~~^^^^^^^^^^^^^^^^^^^^^^
  File "/home/auss/git_repos/samaust/Experiments_4DGS/scripts/vipe_benchmark/s1_progress.py", line 620, in mailbox
    channel=socket.socket(socket.AF_UNIX,socket.SOCK_DGRAM)
  File "/usr/lib/python3.14/socket.py", line 236, in __init__
    _socket.socket.__init__(self, family, type, proto, fileno)
    ~~~~~~~~~~~~~~~~~~~~~~~^^^^^^^^^^^^^^^^^^^^^^^^^^^^^^^^^^^
PermissionError: [Errno 1] Operation not permitted

======================================================================
ERROR: test_progress_plan047_deadline_steps (test_vipe_benchmark_supervisor.HelperSessionTests.test_progress_plan047_deadline_steps) (operation='head_install', when='equal')
----------------------------------------------------------------------
Traceback (most recent call last):
  File "/home/auss/git_repos/samaust/Experiments_4DGS/tests/test_vipe_benchmark_supervisor.py", line 3417, in test_progress_plan047_deadline_steps
    with self.subTest(**case),plan047_state(fixture,Path(temp)/str(index)) as state,contextlib.ExitStack() as stack:
                              ~~~~~~~~~~~~~^^^^^^^^^^^^^^^^^^^^^^^^^^^^^^^
  File "/usr/lib/python3.14/contextlib.py", line 141, in __enter__
    return next(self.gen)
  File "/home/auss/git_repos/samaust/Experiments_4DGS/tests/test_vipe_benchmark_s1_helper_fixtures.py", line 489, in state
    consumer=p.Consumer(reference,cache,lambda:cancelled[0],lambda producer:(binding,1))
  File "/home/auss/git_repos/samaust/Experiments_4DGS/scripts/vipe_benchmark/s1_progress.py", line 824, in __init__
    self.cancelled=cancelled;self.bindings=bindings;self.current={};self.previous={};self.provenance={};self.channel=mailbox(self.context,'owner')
                                                                                                                     ~~~~~~~^^^^^^^^^^^^^^^^^^^^^^
  File "/home/auss/git_repos/samaust/Experiments_4DGS/scripts/vipe_benchmark/s1_progress.py", line 620, in mailbox
    channel=socket.socket(socket.AF_UNIX,socket.SOCK_DGRAM)
  File "/usr/lib/python3.14/socket.py", line 236, in __init__
    _socket.socket.__init__(self, family, type, proto, fileno)
    ~~~~~~~~~~~~~~~~~~~~~~~^^^^^^^^^^^^^^^^^^^^^^^^^^^^^^^^^^^
PermissionError: [Errno 1] Operation not permitted

======================================================================
ERROR: test_progress_plan047_deadline_steps (test_vipe_benchmark_supervisor.HelperSessionTests.test_progress_plan047_deadline_steps) (operation='head_install', when='after')
----------------------------------------------------------------------
Traceback (most recent call last):
  File "/home/auss/git_repos/samaust/Experiments_4DGS/tests/test_vipe_benchmark_supervisor.py", line 3417, in test_progress_plan047_deadline_steps
    with self.subTest(**case),plan047_state(fixture,Path(temp)/str(index)) as state,contextlib.ExitStack() as stack:
                              ~~~~~~~~~~~~~^^^^^^^^^^^^^^^^^^^^^^^^^^^^^^^
  File "/usr/lib/python3.14/contextlib.py", line 141, in __enter__
    return next(self.gen)
  File "/home/auss/git_repos/samaust/Experiments_4DGS/tests/test_vipe_benchmark_s1_helper_fixtures.py", line 489, in state
    consumer=p.Consumer(reference,cache,lambda:cancelled[0],lambda producer:(binding,1))
  File "/home/auss/git_repos/samaust/Experiments_4DGS/scripts/vipe_benchmark/s1_progress.py", line 824, in __init__
    self.cancelled=cancelled;self.bindings=bindings;self.current={};self.previous={};self.provenance={};self.channel=mailbox(self.context,'owner')
                                                                                                                     ~~~~~~~^^^^^^^^^^^^^^^^^^^^^^
  File "/home/auss/git_repos/samaust/Experiments_4DGS/scripts/vipe_benchmark/s1_progress.py", line 620, in mailbox
    channel=socket.socket(socket.AF_UNIX,socket.SOCK_DGRAM)
  File "/usr/lib/python3.14/socket.py", line 236, in __init__
    _socket.socket.__init__(self, family, type, proto, fileno)
    ~~~~~~~~~~~~~~~~~~~~~~~^^^^^^^^^^^^^^^^^^^^^^^^^^^^^^^^^^^
PermissionError: [Errno 1] Operation not permitted

======================================================================
ERROR: test_progress_plan047_deadline_steps (test_vipe_benchmark_supervisor.HelperSessionTests.test_progress_plan047_deadline_steps) (operation='head_dir_fsync', when='before')
----------------------------------------------------------------------
Traceback (most recent call last):
  File "/home/auss/git_repos/samaust/Experiments_4DGS/tests/test_vipe_benchmark_supervisor.py", line 3417, in test_progress_plan047_deadline_steps
    with self.subTest(**case),plan047_state(fixture,Path(temp)/str(index)) as state,contextlib.ExitStack() as stack:
                              ~~~~~~~~~~~~~^^^^^^^^^^^^^^^^^^^^^^^^^^^^^^^
  File "/usr/lib/python3.14/contextlib.py", line 141, in __enter__
    return next(self.gen)
  File "/home/auss/git_repos/samaust/Experiments_4DGS/tests/test_vipe_benchmark_s1_helper_fixtures.py", line 489, in state
    consumer=p.Consumer(reference,cache,lambda:cancelled[0],lambda producer:(binding,1))
  File "/home/auss/git_repos/samaust/Experiments_4DGS/scripts/vipe_benchmark/s1_progress.py", line 824, in __init__
    self.cancelled=cancelled;self.bindings=bindings;self.current={};self.previous={};self.provenance={};self.channel=mailbox(self.context,'owner')
                                                                                                                     ~~~~~~~^^^^^^^^^^^^^^^^^^^^^^
  File "/home/auss/git_repos/samaust/Experiments_4DGS/scripts/vipe_benchmark/s1_progress.py", line 620, in mailbox
    channel=socket.socket(socket.AF_UNIX,socket.SOCK_DGRAM)
  File "/usr/lib/python3.14/socket.py", line 236, in __init__
    _socket.socket.__init__(self, family, type, proto, fileno)
    ~~~~~~~~~~~~~~~~~~~~~~~^^^^^^^^^^^^^^^^^^^^^^^^^^^^^^^^^^^
PermissionError: [Errno 1] Operation not permitted

======================================================================
ERROR: test_progress_plan047_deadline_steps (test_vipe_benchmark_supervisor.HelperSessionTests.test_progress_plan047_deadline_steps) (operation='head_dir_fsync', when='equal')
----------------------------------------------------------------------
Traceback (most recent call last):
  File "/home/auss/git_repos/samaust/Experiments_4DGS/tests/test_vipe_benchmark_supervisor.py", line 3417, in test_progress_plan047_deadline_steps
    with self.subTest(**case),plan047_state(fixture,Path(temp)/str(index)) as state,contextlib.ExitStack() as stack:
                              ~~~~~~~~~~~~~^^^^^^^^^^^^^^^^^^^^^^^^^^^^^^^
  File "/usr/lib/python3.14/contextlib.py", line 141, in __enter__
    return next(self.gen)
  File "/home/auss/git_repos/samaust/Experiments_4DGS/tests/test_vipe_benchmark_s1_helper_fixtures.py", line 489, in state
    consumer=p.Consumer(reference,cache,lambda:cancelled[0],lambda producer:(binding,1))
  File "/home/auss/git_repos/samaust/Experiments_4DGS/scripts/vipe_benchmark/s1_progress.py", line 824, in __init__
    self.cancelled=cancelled;self.bindings=bindings;self.current={};self.previous={};self.provenance={};self.channel=mailbox(self.context,'owner')
                                                                                                                     ~~~~~~~^^^^^^^^^^^^^^^^^^^^^^
  File "/home/auss/git_repos/samaust/Experiments_4DGS/scripts/vipe_benchmark/s1_progress.py", line 620, in mailbox
    channel=socket.socket(socket.AF_UNIX,socket.SOCK_DGRAM)
  File "/usr/lib/python3.14/socket.py", line 236, in __init__
    _socket.socket.__init__(self, family, type, proto, fileno)
    ~~~~~~~~~~~~~~~~~~~~~~~^^^^^^^^^^^^^^^^^^^^^^^^^^^^^^^^^^^
PermissionError: [Errno 1] Operation not permitted

======================================================================
ERROR: test_progress_plan047_deadline_steps (test_vipe_benchmark_supervisor.HelperSessionTests.test_progress_plan047_deadline_steps) (operation='head_dir_fsync', when='after')
----------------------------------------------------------------------
Traceback (most recent call last):
  File "/home/auss/git_repos/samaust/Experiments_4DGS/tests/test_vipe_benchmark_supervisor.py", line 3417, in test_progress_plan047_deadline_steps
    with self.subTest(**case),plan047_state(fixture,Path(temp)/str(index)) as state,contextlib.ExitStack() as stack:
                              ~~~~~~~~~~~~~^^^^^^^^^^^^^^^^^^^^^^^^^^^^^^^
  File "/usr/lib/python3.14/contextlib.py", line 141, in __enter__
    return next(self.gen)
  File "/home/auss/git_repos/samaust/Experiments_4DGS/tests/test_vipe_benchmark_s1_helper_fixtures.py", line 489, in state
    consumer=p.Consumer(reference,cache,lambda:cancelled[0],lambda producer:(binding,1))
  File "/home/auss/git_repos/samaust/Experiments_4DGS/scripts/vipe_benchmark/s1_progress.py", line 824, in __init__
    self.cancelled=cancelled;self.bindings=bindings;self.current={};self.previous={};self.provenance={};self.channel=mailbox(self.context,'owner')
                                                                                                                     ~~~~~~~^^^^^^^^^^^^^^^^^^^^^^
  File "/home/auss/git_repos/samaust/Experiments_4DGS/scripts/vipe_benchmark/s1_progress.py", line 620, in mailbox
    channel=socket.socket(socket.AF_UNIX,socket.SOCK_DGRAM)
  File "/usr/lib/python3.14/socket.py", line 236, in __init__
    _socket.socket.__init__(self, family, type, proto, fileno)
    ~~~~~~~~~~~~~~~~~~~~~~~^^^^^^^^^^^^^^^^^^^^^^^^^^^^^^^^^^^
PermissionError: [Errno 1] Operation not permitted

======================================================================
ERROR: test_progress_plan047_deadline_steps (test_vipe_benchmark_supervisor.HelperSessionTests.test_progress_plan047_deadline_steps) (operation='final_head_read', when='before')
----------------------------------------------------------------------
Traceback (most recent call last):
  File "/home/auss/git_repos/samaust/Experiments_4DGS/tests/test_vipe_benchmark_supervisor.py", line 3417, in test_progress_plan047_deadline_steps
    with self.subTest(**case),plan047_state(fixture,Path(temp)/str(index)) as state,contextlib.ExitStack() as stack:
                              ~~~~~~~~~~~~~^^^^^^^^^^^^^^^^^^^^^^^^^^^^^^^
  File "/usr/lib/python3.14/contextlib.py", line 141, in __enter__
    return next(self.gen)
  File "/home/auss/git_repos/samaust/Experiments_4DGS/tests/test_vipe_benchmark_s1_helper_fixtures.py", line 489, in state
    consumer=p.Consumer(reference,cache,lambda:cancelled[0],lambda producer:(binding,1))
  File "/home/auss/git_repos/samaust/Experiments_4DGS/scripts/vipe_benchmark/s1_progress.py", line 824, in __init__
    self.cancelled=cancelled;self.bindings=bindings;self.current={};self.previous={};self.provenance={};self.channel=mailbox(self.context,'owner')
                                                                                                                     ~~~~~~~^^^^^^^^^^^^^^^^^^^^^^
  File "/home/auss/git_repos/samaust/Experiments_4DGS/scripts/vipe_benchmark/s1_progress.py", line 620, in mailbox
    channel=socket.socket(socket.AF_UNIX,socket.SOCK_DGRAM)
  File "/usr/lib/python3.14/socket.py", line 236, in __init__
    _socket.socket.__init__(self, family, type, proto, fileno)
    ~~~~~~~~~~~~~~~~~~~~~~~^^^^^^^^^^^^^^^^^^^^^^^^^^^^^^^^^^^
PermissionError: [Errno 1] Operation not permitted

======================================================================
ERROR: test_progress_plan047_deadline_steps (test_vipe_benchmark_supervisor.HelperSessionTests.test_progress_plan047_deadline_steps) (operation='final_head_read', when='equal')
----------------------------------------------------------------------
Traceback (most recent call last):
  File "/home/auss/git_repos/samaust/Experiments_4DGS/tests/test_vipe_benchmark_supervisor.py", line 3417, in test_progress_plan047_deadline_steps
    with self.subTest(**case),plan047_state(fixture,Path(temp)/str(index)) as state,contextlib.ExitStack() as stack:
                              ~~~~~~~~~~~~~^^^^^^^^^^^^^^^^^^^^^^^^^^^^^^^
  File "/usr/lib/python3.14/contextlib.py", line 141, in __enter__
    return next(self.gen)
  File "/home/auss/git_repos/samaust/Experiments_4DGS/tests/test_vipe_benchmark_s1_helper_fixtures.py", line 489, in state
    consumer=p.Consumer(reference,cache,lambda:cancelled[0],lambda producer:(binding,1))
  File "/home/auss/git_repos/samaust/Experiments_4DGS/scripts/vipe_benchmark/s1_progress.py", line 824, in __init__
    self.cancelled=cancelled;self.bindings=bindings;self.current={};self.previous={};self.provenance={};self.channel=mailbox(self.context,'owner')
                                                                                                                     ~~~~~~~^^^^^^^^^^^^^^^^^^^^^^
  File "/home/auss/git_repos/samaust/Experiments_4DGS/scripts/vipe_benchmark/s1_progress.py", line 620, in mailbox
    channel=socket.socket(socket.AF_UNIX,socket.SOCK_DGRAM)
  File "/usr/lib/python3.14/socket.py", line 236, in __init__
    _socket.socket.__init__(self, family, type, proto, fileno)
    ~~~~~~~~~~~~~~~~~~~~~~~^^^^^^^^^^^^^^^^^^^^^^^^^^^^^^^^^^^
PermissionError: [Errno 1] Operation not permitted

======================================================================
ERROR: test_progress_plan047_deadline_steps (test_vipe_benchmark_supervisor.HelperSessionTests.test_progress_plan047_deadline_steps) (operation='final_head_read', when='after')
----------------------------------------------------------------------
Traceback (most recent call last):
  File "/home/auss/git_repos/samaust/Experiments_4DGS/tests/test_vipe_benchmark_supervisor.py", line 3417, in test_progress_plan047_deadline_steps
    with self.subTest(**case),plan047_state(fixture,Path(temp)/str(index)) as state,contextlib.ExitStack() as stack:
                              ~~~~~~~~~~~~~^^^^^^^^^^^^^^^^^^^^^^^^^^^^^^^
  File "/usr/lib/python3.14/contextlib.py", line 141, in __enter__
    return next(self.gen)
  File "/home/auss/git_repos/samaust/Experiments_4DGS/tests/test_vipe_benchmark_s1_helper_fixtures.py", line 489, in state
    consumer=p.Consumer(reference,cache,lambda:cancelled[0],lambda producer:(binding,1))
  File "/home/auss/git_repos/samaust/Experiments_4DGS/scripts/vipe_benchmark/s1_progress.py", line 824, in __init__
    self.cancelled=cancelled;self.bindings=bindings;self.current={};self.previous={};self.provenance={};self.channel=mailbox(self.context,'owner')
                                                                                                                     ~~~~~~~^^^^^^^^^^^^^^^^^^^^^^
  File "/home/auss/git_repos/samaust/Experiments_4DGS/scripts/vipe_benchmark/s1_progress.py", line 620, in mailbox
    channel=socket.socket(socket.AF_UNIX,socket.SOCK_DGRAM)
  File "/usr/lib/python3.14/socket.py", line 236, in __init__
    _socket.socket.__init__(self, family, type, proto, fileno)
    ~~~~~~~~~~~~~~~~~~~~~~~^^^^^^^^^^^^^^^^^^^^^^^^^^^^^^^^^^^
PermissionError: [Errno 1] Operation not permitted

======================================================================
ERROR: test_progress_plan047_deadline_steps (test_vipe_benchmark_supervisor.HelperSessionTests.test_progress_plan047_deadline_steps) (operation='final_generation_read', when='before')
----------------------------------------------------------------------
Traceback (most recent call last):
  File "/home/auss/git_repos/samaust/Experiments_4DGS/tests/test_vipe_benchmark_supervisor.py", line 3417, in test_progress_plan047_deadline_steps
    with self.subTest(**case),plan047_state(fixture,Path(temp)/str(index)) as state,contextlib.ExitStack() as stack:
                              ~~~~~~~~~~~~~^^^^^^^^^^^^^^^^^^^^^^^^^^^^^^^
  File "/usr/lib/python3.14/contextlib.py", line 141, in __enter__
    return next(self.gen)
  File "/home/auss/git_repos/samaust/Experiments_4DGS/tests/test_vipe_benchmark_s1_helper_fixtures.py", line 489, in state
    consumer=p.Consumer(reference,cache,lambda:cancelled[0],lambda producer:(binding,1))
  File "/home/auss/git_repos/samaust/Experiments_4DGS/scripts/vipe_benchmark/s1_progress.py", line 824, in __init__
    self.cancelled=cancelled;self.bindings=bindings;self.current={};self.previous={};self.provenance={};self.channel=mailbox(self.context,'owner')
                                                                                                                     ~~~~~~~^^^^^^^^^^^^^^^^^^^^^^
  File "/home/auss/git_repos/samaust/Experiments_4DGS/scripts/vipe_benchmark/s1_progress.py", line 620, in mailbox
    channel=socket.socket(socket.AF_UNIX,socket.SOCK_DGRAM)
  File "/usr/lib/python3.14/socket.py", line 236, in __init__
    _socket.socket.__init__(self, family, type, proto, fileno)
    ~~~~~~~~~~~~~~~~~~~~~~~^^^^^^^^^^^^^^^^^^^^^^^^^^^^^^^^^^^
PermissionError: [Errno 1] Operation not permitted

======================================================================
ERROR: test_progress_plan047_deadline_steps (test_vipe_benchmark_supervisor.HelperSessionTests.test_progress_plan047_deadline_steps) (operation='final_generation_read', when='equal')
----------------------------------------------------------------------
Traceback (most recent call last):
  File "/home/auss/git_repos/samaust/Experiments_4DGS/tests/test_vipe_benchmark_supervisor.py", line 3417, in test_progress_plan047_deadline_steps
    with self.subTest(**case),plan047_state(fixture,Path(temp)/str(index)) as state,contextlib.ExitStack() as stack:
                              ~~~~~~~~~~~~~^^^^^^^^^^^^^^^^^^^^^^^^^^^^^^^
  File "/usr/lib/python3.14/contextlib.py", line 141, in __enter__
    return next(self.gen)
  File "/home/auss/git_repos/samaust/Experiments_4DGS/tests/test_vipe_benchmark_s1_helper_fixtures.py", line 489, in state
    consumer=p.Consumer(reference,cache,lambda:cancelled[0],lambda producer:(binding,1))
  File "/home/auss/git_repos/samaust/Experiments_4DGS/scripts/vipe_benchmark/s1_progress.py", line 824, in __init__
    self.cancelled=cancelled;self.bindings=bindings;self.current={};self.previous={};self.provenance={};self.channel=mailbox(self.context,'owner')
                                                                                                                     ~~~~~~~^^^^^^^^^^^^^^^^^^^^^^
  File "/home/auss/git_repos/samaust/Experiments_4DGS/scripts/vipe_benchmark/s1_progress.py", line 620, in mailbox
    channel=socket.socket(socket.AF_UNIX,socket.SOCK_DGRAM)
  File "/usr/lib/python3.14/socket.py", line 236, in __init__
    _socket.socket.__init__(self, family, type, proto, fileno)
    ~~~~~~~~~~~~~~~~~~~~~~~^^^^^^^^^^^^^^^^^^^^^^^^^^^^^^^^^^^
PermissionError: [Errno 1] Operation not permitted

======================================================================
ERROR: test_progress_plan047_deadline_steps (test_vipe_benchmark_supervisor.HelperSessionTests.test_progress_plan047_deadline_steps) (operation='final_generation_read', when='after')
----------------------------------------------------------------------
Traceback (most recent call last):
  File "/home/auss/git_repos/samaust/Experiments_4DGS/tests/test_vipe_benchmark_supervisor.py", line 3417, in test_progress_plan047_deadline_steps
    with self.subTest(**case),plan047_state(fixture,Path(temp)/str(index)) as state,contextlib.ExitStack() as stack:
                              ~~~~~~~~~~~~~^^^^^^^^^^^^^^^^^^^^^^^^^^^^^^^
  File "/usr/lib/python3.14/contextlib.py", line 141, in __enter__
    return next(self.gen)
  File "/home/auss/git_repos/samaust/Experiments_4DGS/tests/test_vipe_benchmark_s1_helper_fixtures.py", line 489, in state
    consumer=p.Consumer(reference,cache,lambda:cancelled[0],lambda producer:(binding,1))
  File "/home/auss/git_repos/samaust/Experiments_4DGS/scripts/vipe_benchmark/s1_progress.py", line 824, in __init__
    self.cancelled=cancelled;self.bindings=bindings;self.current={};self.previous={};self.provenance={};self.channel=mailbox(self.context,'owner')
                                                                                                                     ~~~~~~~^^^^^^^^^^^^^^^^^^^^^^
  File "/home/auss/git_repos/samaust/Experiments_4DGS/scripts/vipe_benchmark/s1_progress.py", line 620, in mailbox
    channel=socket.socket(socket.AF_UNIX,socket.SOCK_DGRAM)
  File "/usr/lib/python3.14/socket.py", line 236, in __init__
    _socket.socket.__init__(self, family, type, proto, fileno)
    ~~~~~~~~~~~~~~~~~~~~~~~^^^^^^^^^^^^^^^^^^^^^^^^^^^^^^^^^^^
PermissionError: [Errno 1] Operation not permitted

======================================================================
ERROR: test_progress_plan047_deadline_steps (test_vipe_benchmark_supervisor.HelperSessionTests.test_progress_plan047_deadline_steps) (operation='notice_send', when='before')
----------------------------------------------------------------------
Traceback (most recent call last):
  File "/home/auss/git_repos/samaust/Experiments_4DGS/tests/test_vipe_benchmark_supervisor.py", line 3417, in test_progress_plan047_deadline_steps
    with self.subTest(**case),plan047_state(fixture,Path(temp)/str(index)) as state,contextlib.ExitStack() as stack:
                              ~~~~~~~~~~~~~^^^^^^^^^^^^^^^^^^^^^^^^^^^^^^^
  File "/usr/lib/python3.14/contextlib.py", line 141, in __enter__
    return next(self.gen)
  File "/home/auss/git_repos/samaust/Experiments_4DGS/tests/test_vipe_benchmark_s1_helper_fixtures.py", line 489, in state
    consumer=p.Consumer(reference,cache,lambda:cancelled[0],lambda producer:(binding,1))
  File "/home/auss/git_repos/samaust/Experiments_4DGS/scripts/vipe_benchmark/s1_progress.py", line 824, in __init__
    self.cancelled=cancelled;self.bindings=bindings;self.current={};self.previous={};self.provenance={};self.channel=mailbox(self.context,'owner')
                                                                                                                     ~~~~~~~^^^^^^^^^^^^^^^^^^^^^^
  File "/home/auss/git_repos/samaust/Experiments_4DGS/scripts/vipe_benchmark/s1_progress.py", line 620, in mailbox
    channel=socket.socket(socket.AF_UNIX,socket.SOCK_DGRAM)
  File "/usr/lib/python3.14/socket.py", line 236, in __init__
    _socket.socket.__init__(self, family, type, proto, fileno)
    ~~~~~~~~~~~~~~~~~~~~~~~^^^^^^^^^^^^^^^^^^^^^^^^^^^^^^^^^^^
PermissionError: [Errno 1] Operation not permitted

======================================================================
ERROR: test_progress_plan047_deadline_steps (test_vipe_benchmark_supervisor.HelperSessionTests.test_progress_plan047_deadline_steps) (operation='notice_send', when='equal')
----------------------------------------------------------------------
Traceback (most recent call last):
  File "/home/auss/git_repos/samaust/Experiments_4DGS/tests/test_vipe_benchmark_supervisor.py", line 3417, in test_progress_plan047_deadline_steps
    with self.subTest(**case),plan047_state(fixture,Path(temp)/str(index)) as state,contextlib.ExitStack() as stack:
                              ~~~~~~~~~~~~~^^^^^^^^^^^^^^^^^^^^^^^^^^^^^^^
  File "/usr/lib/python3.14/contextlib.py", line 141, in __enter__
    return next(self.gen)
  File "/home/auss/git_repos/samaust/Experiments_4DGS/tests/test_vipe_benchmark_s1_helper_fixtures.py", line 489, in state
    consumer=p.Consumer(reference,cache,lambda:cancelled[0],lambda producer:(binding,1))
  File "/home/auss/git_repos/samaust/Experiments_4DGS/scripts/vipe_benchmark/s1_progress.py", line 824, in __init__
    self.cancelled=cancelled;self.bindings=bindings;self.current={};self.previous={};self.provenance={};self.channel=mailbox(self.context,'owner')
                                                                                                                     ~~~~~~~^^^^^^^^^^^^^^^^^^^^^^
  File "/home/auss/git_repos/samaust/Experiments_4DGS/scripts/vipe_benchmark/s1_progress.py", line 620, in mailbox
    channel=socket.socket(socket.AF_UNIX,socket.SOCK_DGRAM)
  File "/usr/lib/python3.14/socket.py", line 236, in __init__
    _socket.socket.__init__(self, family, type, proto, fileno)
    ~~~~~~~~~~~~~~~~~~~~~~~^^^^^^^^^^^^^^^^^^^^^^^^^^^^^^^^^^^
PermissionError: [Errno 1] Operation not permitted

======================================================================
ERROR: test_progress_plan047_deadline_steps (test_vipe_benchmark_supervisor.HelperSessionTests.test_progress_plan047_deadline_steps) (operation='notice_send', when='after')
----------------------------------------------------------------------
Traceback (most recent call last):
  File "/home/auss/git_repos/samaust/Experiments_4DGS/tests/test_vipe_benchmark_supervisor.py", line 3417, in test_progress_plan047_deadline_steps
    with self.subTest(**case),plan047_state(fixture,Path(temp)/str(index)) as state,contextlib.ExitStack() as stack:
                              ~~~~~~~~~~~~~^^^^^^^^^^^^^^^^^^^^^^^^^^^^^^^
  File "/usr/lib/python3.14/contextlib.py", line 141, in __enter__
    return next(self.gen)
  File "/home/auss/git_repos/samaust/Experiments_4DGS/tests/test_vipe_benchmark_s1_helper_fixtures.py", line 489, in state
    consumer=p.Consumer(reference,cache,lambda:cancelled[0],lambda producer:(binding,1))
  File "/home/auss/git_repos/samaust/Experiments_4DGS/scripts/vipe_benchmark/s1_progress.py", line 824, in __init__
    self.cancelled=cancelled;self.bindings=bindings;self.current={};self.previous={};self.provenance={};self.channel=mailbox(self.context,'owner')
                                                                                                                     ~~~~~~~^^^^^^^^^^^^^^^^^^^^^^
  File "/home/auss/git_repos/samaust/Experiments_4DGS/scripts/vipe_benchmark/s1_progress.py", line 620, in mailbox
    channel=socket.socket(socket.AF_UNIX,socket.SOCK_DGRAM)
  File "/usr/lib/python3.14/socket.py", line 236, in __init__
    _socket.socket.__init__(self, family, type, proto, fileno)
    ~~~~~~~~~~~~~~~~~~~~~~~^^^^^^^^^^^^^^^^^^^^^^^^^^^^^^^^^^^
PermissionError: [Errno 1] Operation not permitted

======================================================================
ERROR: test_progress_plan047_deadline_steps (test_vipe_benchmark_supervisor.HelperSessionTests.test_progress_plan047_deadline_steps) (operation='owner_retention', when='before')
----------------------------------------------------------------------
Traceback (most recent call last):
  File "/home/auss/git_repos/samaust/Experiments_4DGS/tests/test_vipe_benchmark_supervisor.py", line 3417, in test_progress_plan047_deadline_steps
    with self.subTest(**case),plan047_state(fixture,Path(temp)/str(index)) as state,contextlib.ExitStack() as stack:
                              ~~~~~~~~~~~~~^^^^^^^^^^^^^^^^^^^^^^^^^^^^^^^
  File "/usr/lib/python3.14/contextlib.py", line 141, in __enter__
    return next(self.gen)
  File "/home/auss/git_repos/samaust/Experiments_4DGS/tests/test_vipe_benchmark_s1_helper_fixtures.py", line 489, in state
    consumer=p.Consumer(reference,cache,lambda:cancelled[0],lambda producer:(binding,1))
  File "/home/auss/git_repos/samaust/Experiments_4DGS/scripts/vipe_benchmark/s1_progress.py", line 824, in __init__
    self.cancelled=cancelled;self.bindings=bindings;self.current={};self.previous={};self.provenance={};self.channel=mailbox(self.context,'owner')
                                                                                                                     ~~~~~~~^^^^^^^^^^^^^^^^^^^^^^
  File "/home/auss/git_repos/samaust/Experiments_4DGS/scripts/vipe_benchmark/s1_progress.py", line 620, in mailbox
    channel=socket.socket(socket.AF_UNIX,socket.SOCK_DGRAM)
  File "/usr/lib/python3.14/socket.py", line 236, in __init__
    _socket.socket.__init__(self, family, type, proto, fileno)
    ~~~~~~~~~~~~~~~~~~~~~~~^^^^^^^^^^^^^^^^^^^^^^^^^^^^^^^^^^^
PermissionError: [Errno 1] Operation not permitted

======================================================================
ERROR: test_progress_plan047_deadline_steps (test_vipe_benchmark_supervisor.HelperSessionTests.test_progress_plan047_deadline_steps) (operation='owner_retention', when='equal')
----------------------------------------------------------------------
Traceback (most recent call last):
  File "/home/auss/git_repos/samaust/Experiments_4DGS/tests/test_vipe_benchmark_supervisor.py", line 3417, in test_progress_plan047_deadline_steps
    with self.subTest(**case),plan047_state(fixture,Path(temp)/str(index)) as state,contextlib.ExitStack() as stack:
                              ~~~~~~~~~~~~~^^^^^^^^^^^^^^^^^^^^^^^^^^^^^^^
  File "/usr/lib/python3.14/contextlib.py", line 141, in __enter__
    return next(self.gen)
  File "/home/auss/git_repos/samaust/Experiments_4DGS/tests/test_vipe_benchmark_s1_helper_fixtures.py", line 489, in state
    consumer=p.Consumer(reference,cache,lambda:cancelled[0],lambda producer:(binding,1))
  File "/home/auss/git_repos/samaust/Experiments_4DGS/scripts/vipe_benchmark/s1_progress.py", line 824, in __init__
    self.cancelled=cancelled;self.bindings=bindings;self.current={};self.previous={};self.provenance={};self.channel=mailbox(self.context,'owner')
                                                                                                                     ~~~~~~~^^^^^^^^^^^^^^^^^^^^^^
  File "/home/auss/git_repos/samaust/Experiments_4DGS/scripts/vipe_benchmark/s1_progress.py", line 620, in mailbox
    channel=socket.socket(socket.AF_UNIX,socket.SOCK_DGRAM)
  File "/usr/lib/python3.14/socket.py", line 236, in __init__
    _socket.socket.__init__(self, family, type, proto, fileno)
    ~~~~~~~~~~~~~~~~~~~~~~~^^^^^^^^^^^^^^^^^^^^^^^^^^^^^^^^^^^
PermissionError: [Errno 1] Operation not permitted

======================================================================
ERROR: test_progress_plan047_deadline_steps (test_vipe_benchmark_supervisor.HelperSessionTests.test_progress_plan047_deadline_steps) (operation='owner_retention', when='after')
----------------------------------------------------------------------
Traceback (most recent call last):
  File "/home/auss/git_repos/samaust/Experiments_4DGS/tests/test_vipe_benchmark_supervisor.py", line 3417, in test_progress_plan047_deadline_steps
    with self.subTest(**case),plan047_state(fixture,Path(temp)/str(index)) as state,contextlib.ExitStack() as stack:
                              ~~~~~~~~~~~~~^^^^^^^^^^^^^^^^^^^^^^^^^^^^^^^
  File "/usr/lib/python3.14/contextlib.py", line 141, in __enter__
    return next(self.gen)
  File "/home/auss/git_repos/samaust/Experiments_4DGS/tests/test_vipe_benchmark_s1_helper_fixtures.py", line 489, in state
    consumer=p.Consumer(reference,cache,lambda:cancelled[0],lambda producer:(binding,1))
  File "/home/auss/git_repos/samaust/Experiments_4DGS/scripts/vipe_benchmark/s1_progress.py", line 824, in __init__
    self.cancelled=cancelled;self.bindings=bindings;self.current={};self.previous={};self.provenance={};self.channel=mailbox(self.context,'owner')
                                                                                                                     ~~~~~~~^^^^^^^^^^^^^^^^^^^^^^
  File "/home/auss/git_repos/samaust/Experiments_4DGS/scripts/vipe_benchmark/s1_progress.py", line 620, in mailbox
    channel=socket.socket(socket.AF_UNIX,socket.SOCK_DGRAM)
  File "/usr/lib/python3.14/socket.py", line 236, in __init__
    _socket.socket.__init__(self, family, type, proto, fileno)
    ~~~~~~~~~~~~~~~~~~~~~~~^^^^^^^^^^^^^^^^^^^^^^^^^^^^^^^^^^^
PermissionError: [Errno 1] Operation not permitted

======================================================================
ERROR: test_progress_plan047_deadline_steps (test_vipe_benchmark_supervisor.HelperSessionTests.test_progress_plan047_deadline_steps) (operation='ack_send', when='before')
----------------------------------------------------------------------
Traceback (most recent call last):
  File "/home/auss/git_repos/samaust/Experiments_4DGS/tests/test_vipe_benchmark_supervisor.py", line 3417, in test_progress_plan047_deadline_steps
    with self.subTest(**case),plan047_state(fixture,Path(temp)/str(index)) as state,contextlib.ExitStack() as stack:
                              ~~~~~~~~~~~~~^^^^^^^^^^^^^^^^^^^^^^^^^^^^^^^
  File "/usr/lib/python3.14/contextlib.py", line 141, in __enter__
    return next(self.gen)
  File "/home/auss/git_repos/samaust/Experiments_4DGS/tests/test_vipe_benchmark_s1_helper_fixtures.py", line 489, in state
    consumer=p.Consumer(reference,cache,lambda:cancelled[0],lambda producer:(binding,1))
  File "/home/auss/git_repos/samaust/Experiments_4DGS/scripts/vipe_benchmark/s1_progress.py", line 824, in __init__
    self.cancelled=cancelled;self.bindings=bindings;self.current={};self.previous={};self.provenance={};self.channel=mailbox(self.context,'owner')
                                                                                                                     ~~~~~~~^^^^^^^^^^^^^^^^^^^^^^
  File "/home/auss/git_repos/samaust/Experiments_4DGS/scripts/vipe_benchmark/s1_progress.py", line 620, in mailbox
    channel=socket.socket(socket.AF_UNIX,socket.SOCK_DGRAM)
  File "/usr/lib/python3.14/socket.py", line 236, in __init__
    _socket.socket.__init__(self, family, type, proto, fileno)
    ~~~~~~~~~~~~~~~~~~~~~~~^^^^^^^^^^^^^^^^^^^^^^^^^^^^^^^^^^^
PermissionError: [Errno 1] Operation not permitted

======================================================================
ERROR: test_progress_plan047_deadline_steps (test_vipe_benchmark_supervisor.HelperSessionTests.test_progress_plan047_deadline_steps) (operation='ack_send', when='equal')
----------------------------------------------------------------------
Traceback (most recent call last):
  File "/home/auss/git_repos/samaust/Experiments_4DGS/tests/test_vipe_benchmark_supervisor.py", line 3417, in test_progress_plan047_deadline_steps
    with self.subTest(**case),plan047_state(fixture,Path(temp)/str(index)) as state,contextlib.ExitStack() as stack:
                              ~~~~~~~~~~~~~^^^^^^^^^^^^^^^^^^^^^^^^^^^^^^^
  File "/usr/lib/python3.14/contextlib.py", line 141, in __enter__
    return next(self.gen)
  File "/home/auss/git_repos/samaust/Experiments_4DGS/tests/test_vipe_benchmark_s1_helper_fixtures.py", line 489, in state
    consumer=p.Consumer(reference,cache,lambda:cancelled[0],lambda producer:(binding,1))
  File "/home/auss/git_repos/samaust/Experiments_4DGS/scripts/vipe_benchmark/s1_progress.py", line 824, in __init__
    self.cancelled=cancelled;self.bindings=bindings;self.current={};self.previous={};self.provenance={};self.channel=mailbox(self.context,'owner')
                                                                                                                     ~~~~~~~^^^^^^^^^^^^^^^^^^^^^^
  File "/home/auss/git_repos/samaust/Experiments_4DGS/scripts/vipe_benchmark/s1_progress.py", line 620, in mailbox
    channel=socket.socket(socket.AF_UNIX,socket.SOCK_DGRAM)
  File "/usr/lib/python3.14/socket.py", line 236, in __init__
    _socket.socket.__init__(self, family, type, proto, fileno)
    ~~~~~~~~~~~~~~~~~~~~~~~^^^^^^^^^^^^^^^^^^^^^^^^^^^^^^^^^^^
PermissionError: [Errno 1] Operation not permitted

======================================================================
ERROR: test_progress_plan047_deadline_steps (test_vipe_benchmark_supervisor.HelperSessionTests.test_progress_plan047_deadline_steps) (operation='ack_send', when='after')
----------------------------------------------------------------------
Traceback (most recent call last):
  File "/home/auss/git_repos/samaust/Experiments_4DGS/tests/test_vipe_benchmark_supervisor.py", line 3417, in test_progress_plan047_deadline_steps
    with self.subTest(**case),plan047_state(fixture,Path(temp)/str(index)) as state,contextlib.ExitStack() as stack:
                              ~~~~~~~~~~~~~^^^^^^^^^^^^^^^^^^^^^^^^^^^^^^^
  File "/usr/lib/python3.14/contextlib.py", line 141, in __enter__
    return next(self.gen)
  File "/home/auss/git_repos/samaust/Experiments_4DGS/tests/test_vipe_benchmark_s1_helper_fixtures.py", line 489, in state
    consumer=p.Consumer(reference,cache,lambda:cancelled[0],lambda producer:(binding,1))
  File "/home/auss/git_repos/samaust/Experiments_4DGS/scripts/vipe_benchmark/s1_progress.py", line 824, in __init__
    self.cancelled=cancelled;self.bindings=bindings;self.current={};self.previous={};self.provenance={};self.channel=mailbox(self.context,'owner')
                                                                                                                     ~~~~~~~^^^^^^^^^^^^^^^^^^^^^^
  File "/home/auss/git_repos/samaust/Experiments_4DGS/scripts/vipe_benchmark/s1_progress.py", line 620, in mailbox
    channel=socket.socket(socket.AF_UNIX,socket.SOCK_DGRAM)
  File "/usr/lib/python3.14/socket.py", line 236, in __init__
    _socket.socket.__init__(self, family, type, proto, fileno)
    ~~~~~~~~~~~~~~~~~~~~~~~^^^^^^^^^^^^^^^^^^^^^^^^^^^^^^^^^^^
PermissionError: [Errno 1] Operation not permitted

======================================================================
ERROR: test_progress_plan047_deadline_steps (test_vipe_benchmark_supervisor.HelperSessionTests.test_progress_plan047_deadline_steps) (operation='ack_receipt', when='before')
----------------------------------------------------------------------
Traceback (most recent call last):
  File "/home/auss/git_repos/samaust/Experiments_4DGS/tests/test_vipe_benchmark_supervisor.py", line 3417, in test_progress_plan047_deadline_steps
    with self.subTest(**case),plan047_state(fixture,Path(temp)/str(index)) as state,contextlib.ExitStack() as stack:
                              ~~~~~~~~~~~~~^^^^^^^^^^^^^^^^^^^^^^^^^^^^^^^
  File "/usr/lib/python3.14/contextlib.py", line 141, in __enter__
    return next(self.gen)
  File "/home/auss/git_repos/samaust/Experiments_4DGS/tests/test_vipe_benchmark_s1_helper_fixtures.py", line 489, in state
    consumer=p.Consumer(reference,cache,lambda:cancelled[0],lambda producer:(binding,1))
  File "/home/auss/git_repos/samaust/Experiments_4DGS/scripts/vipe_benchmark/s1_progress.py", line 824, in __init__
    self.cancelled=cancelled;self.bindings=bindings;self.current={};self.previous={};self.provenance={};self.channel=mailbox(self.context,'owner')
                                                                                                                     ~~~~~~~^^^^^^^^^^^^^^^^^^^^^^
  File "/home/auss/git_repos/samaust/Experiments_4DGS/scripts/vipe_benchmark/s1_progress.py", line 620, in mailbox
    channel=socket.socket(socket.AF_UNIX,socket.SOCK_DGRAM)
  File "/usr/lib/python3.14/socket.py", line 236, in __init__
    _socket.socket.__init__(self, family, type, proto, fileno)
    ~~~~~~~~~~~~~~~~~~~~~~~^^^^^^^^^^^^^^^^^^^^^^^^^^^^^^^^^^^
PermissionError: [Errno 1] Operation not permitted

======================================================================
ERROR: test_progress_plan047_deadline_steps (test_vipe_benchmark_supervisor.HelperSessionTests.test_progress_plan047_deadline_steps) (operation='ack_receipt', when='equal')
----------------------------------------------------------------------
Traceback (most recent call last):
  File "/home/auss/git_repos/samaust/Experiments_4DGS/tests/test_vipe_benchmark_supervisor.py", line 3417, in test_progress_plan047_deadline_steps
    with self.subTest(**case),plan047_state(fixture,Path(temp)/str(index)) as state,contextlib.ExitStack() as stack:
                              ~~~~~~~~~~~~~^^^^^^^^^^^^^^^^^^^^^^^^^^^^^^^
  File "/usr/lib/python3.14/contextlib.py", line 141, in __enter__
    return next(self.gen)
  File "/home/auss/git_repos/samaust/Experiments_4DGS/tests/test_vipe_benchmark_s1_helper_fixtures.py", line 489, in state
    consumer=p.Consumer(reference,cache,lambda:cancelled[0],lambda producer:(binding,1))
  File "/home/auss/git_repos/samaust/Experiments_4DGS/scripts/vipe_benchmark/s1_progress.py", line 824, in __init__
    self.cancelled=cancelled;self.bindings=bindings;self.current={};self.previous={};self.provenance={};self.channel=mailbox(self.context,'owner')
                                                                                                                     ~~~~~~~^^^^^^^^^^^^^^^^^^^^^^
  File "/home/auss/git_repos/samaust/Experiments_4DGS/scripts/vipe_benchmark/s1_progress.py", line 620, in mailbox
    channel=socket.socket(socket.AF_UNIX,socket.SOCK_DGRAM)
  File "/usr/lib/python3.14/socket.py", line 236, in __init__
    _socket.socket.__init__(self, family, type, proto, fileno)
    ~~~~~~~~~~~~~~~~~~~~~~~^^^^^^^^^^^^^^^^^^^^^^^^^^^^^^^^^^^
PermissionError: [Errno 1] Operation not permitted

======================================================================
ERROR: test_progress_plan047_deadline_steps (test_vipe_benchmark_supervisor.HelperSessionTests.test_progress_plan047_deadline_steps) (operation='ack_receipt', when='after')
----------------------------------------------------------------------
Traceback (most recent call last):
  File "/home/auss/git_repos/samaust/Experiments_4DGS/tests/test_vipe_benchmark_supervisor.py", line 3417, in test_progress_plan047_deadline_steps
    with self.subTest(**case),plan047_state(fixture,Path(temp)/str(index)) as state,contextlib.ExitStack() as stack:
                              ~~~~~~~~~~~~~^^^^^^^^^^^^^^^^^^^^^^^^^^^^^^^
  File "/usr/lib/python3.14/contextlib.py", line 141, in __enter__
    return next(self.gen)
  File "/home/auss/git_repos/samaust/Experiments_4DGS/tests/test_vipe_benchmark_s1_helper_fixtures.py", line 489, in state
    consumer=p.Consumer(reference,cache,lambda:cancelled[0],lambda producer:(binding,1))
  File "/home/auss/git_repos/samaust/Experiments_4DGS/scripts/vipe_benchmark/s1_progress.py", line 824, in __init__
    self.cancelled=cancelled;self.bindings=bindings;self.current={};self.previous={};self.provenance={};self.channel=mailbox(self.context,'owner')
                                                                                                                     ~~~~~~~^^^^^^^^^^^^^^^^^^^^^^
  File "/home/auss/git_repos/samaust/Experiments_4DGS/scripts/vipe_benchmark/s1_progress.py", line 620, in mailbox
    channel=socket.socket(socket.AF_UNIX,socket.SOCK_DGRAM)
  File "/usr/lib/python3.14/socket.py", line 236, in __init__
    _socket.socket.__init__(self, family, type, proto, fileno)
    ~~~~~~~~~~~~~~~~~~~~~~~^^^^^^^^^^^^^^^^^^^^^^^^^^^^^^^^^^^
PermissionError: [Errno 1] Operation not permitted

======================================================================
ERROR: test_progress_plan047_deadline_steps (test_vipe_benchmark_supervisor.HelperSessionTests.test_progress_plan047_deadline_steps) (operation='array_npy', when='before')
----------------------------------------------------------------------
Traceback (most recent call last):
  File "/home/auss/git_repos/samaust/Experiments_4DGS/tests/test_vipe_benchmark_supervisor.py", line 3417, in test_progress_plan047_deadline_steps
    with self.subTest(**case),plan047_state(fixture,Path(temp)/str(index)) as state,contextlib.ExitStack() as stack:
                              ~~~~~~~~~~~~~^^^^^^^^^^^^^^^^^^^^^^^^^^^^^^^
  File "/usr/lib/python3.14/contextlib.py", line 141, in __enter__
    return next(self.gen)
  File "/home/auss/git_repos/samaust/Experiments_4DGS/tests/test_vipe_benchmark_s1_helper_fixtures.py", line 489, in state
    consumer=p.Consumer(reference,cache,lambda:cancelled[0],lambda producer:(binding,1))
  File "/home/auss/git_repos/samaust/Experiments_4DGS/scripts/vipe_benchmark/s1_progress.py", line 824, in __init__
    self.cancelled=cancelled;self.bindings=bindings;self.current={};self.previous={};self.provenance={};self.channel=mailbox(self.context,'owner')
                                                                                                                     ~~~~~~~^^^^^^^^^^^^^^^^^^^^^^
  File "/home/auss/git_repos/samaust/Experiments_4DGS/scripts/vipe_benchmark/s1_progress.py", line 620, in mailbox
    channel=socket.socket(socket.AF_UNIX,socket.SOCK_DGRAM)
  File "/usr/lib/python3.14/socket.py", line 236, in __init__
    _socket.socket.__init__(self, family, type, proto, fileno)
    ~~~~~~~~~~~~~~~~~~~~~~~^^^^^^^^^^^^^^^^^^^^^^^^^^^^^^^^^^^
PermissionError: [Errno 1] Operation not permitted

======================================================================
ERROR: test_progress_plan047_deadline_steps (test_vipe_benchmark_supervisor.HelperSessionTests.test_progress_plan047_deadline_steps) (operation='array_npy', when='equal')
----------------------------------------------------------------------
Traceback (most recent call last):
  File "/home/auss/git_repos/samaust/Experiments_4DGS/tests/test_vipe_benchmark_supervisor.py", line 3417, in test_progress_plan047_deadline_steps
    with self.subTest(**case),plan047_state(fixture,Path(temp)/str(index)) as state,contextlib.ExitStack() as stack:
                              ~~~~~~~~~~~~~^^^^^^^^^^^^^^^^^^^^^^^^^^^^^^^
  File "/usr/lib/python3.14/contextlib.py", line 141, in __enter__
    return next(self.gen)
  File "/home/auss/git_repos/samaust/Experiments_4DGS/tests/test_vipe_benchmark_s1_helper_fixtures.py", line 489, in state
    consumer=p.Consumer(reference,cache,lambda:cancelled[0],lambda producer:(binding,1))
  File "/home/auss/git_repos/samaust/Experiments_4DGS/scripts/vipe_benchmark/s1_progress.py", line 824, in __init__
    self.cancelled=cancelled;self.bindings=bindings;self.current={};self.previous={};self.provenance={};self.channel=mailbox(self.context,'owner')
                                                                                                                     ~~~~~~~^^^^^^^^^^^^^^^^^^^^^^
  File "/home/auss/git_repos/samaust/Experiments_4DGS/scripts/vipe_benchmark/s1_progress.py", line 620, in mailbox
    channel=socket.socket(socket.AF_UNIX,socket.SOCK_DGRAM)
  File "/usr/lib/python3.14/socket.py", line 236, in __init__
    _socket.socket.__init__(self, family, type, proto, fileno)
    ~~~~~~~~~~~~~~~~~~~~~~~^^^^^^^^^^^^^^^^^^^^^^^^^^^^^^^^^^^
PermissionError: [Errno 1] Operation not permitted

======================================================================
ERROR: test_progress_plan047_deadline_steps (test_vipe_benchmark_supervisor.HelperSessionTests.test_progress_plan047_deadline_steps) (operation='array_npy', when='after')
----------------------------------------------------------------------
Traceback (most recent call last):
  File "/home/auss/git_repos/samaust/Experiments_4DGS/tests/test_vipe_benchmark_supervisor.py", line 3417, in test_progress_plan047_deadline_steps
    with self.subTest(**case),plan047_state(fixture,Path(temp)/str(index)) as state,contextlib.ExitStack() as stack:
                              ~~~~~~~~~~~~~^^^^^^^^^^^^^^^^^^^^^^^^^^^^^^^
  File "/usr/lib/python3.14/contextlib.py", line 141, in __enter__
    return next(self.gen)
  File "/home/auss/git_repos/samaust/Experiments_4DGS/tests/test_vipe_benchmark_s1_helper_fixtures.py", line 489, in state
    consumer=p.Consumer(reference,cache,lambda:cancelled[0],lambda producer:(binding,1))
  File "/home/auss/git_repos/samaust/Experiments_4DGS/scripts/vipe_benchmark/s1_progress.py", line 824, in __init__
    self.cancelled=cancelled;self.bindings=bindings;self.current={};self.previous={};self.provenance={};self.channel=mailbox(self.context,'owner')
                                                                                                                     ~~~~~~~^^^^^^^^^^^^^^^^^^^^^^
  File "/home/auss/git_repos/samaust/Experiments_4DGS/scripts/vipe_benchmark/s1_progress.py", line 620, in mailbox
    channel=socket.socket(socket.AF_UNIX,socket.SOCK_DGRAM)
  File "/usr/lib/python3.14/socket.py", line 236, in __init__
    _socket.socket.__init__(self, family, type, proto, fileno)
    ~~~~~~~~~~~~~~~~~~~~~~~^^^^^^^^^^^^^^^^^^^^^^^^^^^^^^^^^^^
PermissionError: [Errno 1] Operation not permitted

======================================================================
ERROR: test_progress_plan047_deadline_steps (test_vipe_benchmark_supervisor.HelperSessionTests.test_progress_plan047_deadline_steps) (operation='array_png', when='before')
----------------------------------------------------------------------
Traceback (most recent call last):
  File "/home/auss/git_repos/samaust/Experiments_4DGS/tests/test_vipe_benchmark_supervisor.py", line 3417, in test_progress_plan047_deadline_steps
    with self.subTest(**case),plan047_state(fixture,Path(temp)/str(index)) as state,contextlib.ExitStack() as stack:
                              ~~~~~~~~~~~~~^^^^^^^^^^^^^^^^^^^^^^^^^^^^^^^
  File "/usr/lib/python3.14/contextlib.py", line 141, in __enter__
    return next(self.gen)
  File "/home/auss/git_repos/samaust/Experiments_4DGS/tests/test_vipe_benchmark_s1_helper_fixtures.py", line 489, in state
    consumer=p.Consumer(reference,cache,lambda:cancelled[0],lambda producer:(binding,1))
  File "/home/auss/git_repos/samaust/Experiments_4DGS/scripts/vipe_benchmark/s1_progress.py", line 824, in __init__
    self.cancelled=cancelled;self.bindings=bindings;self.current={};self.previous={};self.provenance={};self.channel=mailbox(self.context,'owner')
                                                                                                                     ~~~~~~~^^^^^^^^^^^^^^^^^^^^^^
  File "/home/auss/git_repos/samaust/Experiments_4DGS/scripts/vipe_benchmark/s1_progress.py", line 620, in mailbox
    channel=socket.socket(socket.AF_UNIX,socket.SOCK_DGRAM)
  File "/usr/lib/python3.14/socket.py", line 236, in __init__
    _socket.socket.__init__(self, family, type, proto, fileno)
    ~~~~~~~~~~~~~~~~~~~~~~~^^^^^^^^^^^^^^^^^^^^^^^^^^^^^^^^^^^
PermissionError: [Errno 1] Operation not permitted

======================================================================
ERROR: test_progress_plan047_deadline_steps (test_vipe_benchmark_supervisor.HelperSessionTests.test_progress_plan047_deadline_steps) (operation='array_png', when='equal')
----------------------------------------------------------------------
Traceback (most recent call last):
  File "/home/auss/git_repos/samaust/Experiments_4DGS/tests/test_vipe_benchmark_supervisor.py", line 3417, in test_progress_plan047_deadline_steps
    with self.subTest(**case),plan047_state(fixture,Path(temp)/str(index)) as state,contextlib.ExitStack() as stack:
                              ~~~~~~~~~~~~~^^^^^^^^^^^^^^^^^^^^^^^^^^^^^^^
  File "/usr/lib/python3.14/contextlib.py", line 141, in __enter__
    return next(self.gen)
  File "/home/auss/git_repos/samaust/Experiments_4DGS/tests/test_vipe_benchmark_s1_helper_fixtures.py", line 489, in state
    consumer=p.Consumer(reference,cache,lambda:cancelled[0],lambda producer:(binding,1))
  File "/home/auss/git_repos/samaust/Experiments_4DGS/scripts/vipe_benchmark/s1_progress.py", line 824, in __init__
    self.cancelled=cancelled;self.bindings=bindings;self.current={};self.previous={};self.provenance={};self.channel=mailbox(self.context,'owner')
                                                                                                                     ~~~~~~~^^^^^^^^^^^^^^^^^^^^^^
  File "/home/auss/git_repos/samaust/Experiments_4DGS/scripts/vipe_benchmark/s1_progress.py", line 620, in mailbox
    channel=socket.socket(socket.AF_UNIX,socket.SOCK_DGRAM)
  File "/usr/lib/python3.14/socket.py", line 236, in __init__
    _socket.socket.__init__(self, family, type, proto, fileno)
    ~~~~~~~~~~~~~~~~~~~~~~~^^^^^^^^^^^^^^^^^^^^^^^^^^^^^^^^^^^
PermissionError: [Errno 1] Operation not permitted

======================================================================
ERROR: test_progress_plan047_deadline_steps (test_vipe_benchmark_supervisor.HelperSessionTests.test_progress_plan047_deadline_steps) (operation='array_png', when='after')
----------------------------------------------------------------------
Traceback (most recent call last):
  File "/home/auss/git_repos/samaust/Experiments_4DGS/tests/test_vipe_benchmark_supervisor.py", line 3417, in test_progress_plan047_deadline_steps
    with self.subTest(**case),plan047_state(fixture,Path(temp)/str(index)) as state,contextlib.ExitStack() as stack:
                              ~~~~~~~~~~~~~^^^^^^^^^^^^^^^^^^^^^^^^^^^^^^^
  File "/usr/lib/python3.14/contextlib.py", line 141, in __enter__
    return next(self.gen)
  File "/home/auss/git_repos/samaust/Experiments_4DGS/tests/test_vipe_benchmark_s1_helper_fixtures.py", line 489, in state
    consumer=p.Consumer(reference,cache,lambda:cancelled[0],lambda producer:(binding,1))
  File "/home/auss/git_repos/samaust/Experiments_4DGS/scripts/vipe_benchmark/s1_progress.py", line 824, in __init__
    self.cancelled=cancelled;self.bindings=bindings;self.current={};self.previous={};self.provenance={};self.channel=mailbox(self.context,'owner')
                                                                                                                     ~~~~~~~^^^^^^^^^^^^^^^^^^^^^^
  File "/home/auss/git_repos/samaust/Experiments_4DGS/scripts/vipe_benchmark/s1_progress.py", line 620, in mailbox
    channel=socket.socket(socket.AF_UNIX,socket.SOCK_DGRAM)
  File "/usr/lib/python3.14/socket.py", line 236, in __init__
    _socket.socket.__init__(self, family, type, proto, fileno)
    ~~~~~~~~~~~~~~~~~~~~~~~^^^^^^^^^^^^^^^^^^^^^^^^^^^^^^^^^^^
PermissionError: [Errno 1] Operation not permitted

======================================================================
ERROR: test_progress_plan047_deadline_steps (test_vipe_benchmark_supervisor.HelperSessionTests.test_progress_plan047_deadline_steps) (operation='npz_member', when='before')
----------------------------------------------------------------------
Traceback (most recent call last):
  File "/home/auss/git_repos/samaust/Experiments_4DGS/tests/test_vipe_benchmark_supervisor.py", line 3417, in test_progress_plan047_deadline_steps
    with self.subTest(**case),plan047_state(fixture,Path(temp)/str(index)) as state,contextlib.ExitStack() as stack:
                              ~~~~~~~~~~~~~^^^^^^^^^^^^^^^^^^^^^^^^^^^^^^^
  File "/usr/lib/python3.14/contextlib.py", line 141, in __enter__
    return next(self.gen)
  File "/home/auss/git_repos/samaust/Experiments_4DGS/tests/test_vipe_benchmark_s1_helper_fixtures.py", line 489, in state
    consumer=p.Consumer(reference,cache,lambda:cancelled[0],lambda producer:(binding,1))
  File "/home/auss/git_repos/samaust/Experiments_4DGS/scripts/vipe_benchmark/s1_progress.py", line 824, in __init__
    self.cancelled=cancelled;self.bindings=bindings;self.current={};self.previous={};self.provenance={};self.channel=mailbox(self.context,'owner')
                                                                                                                     ~~~~~~~^^^^^^^^^^^^^^^^^^^^^^
  File "/home/auss/git_repos/samaust/Experiments_4DGS/scripts/vipe_benchmark/s1_progress.py", line 620, in mailbox
    channel=socket.socket(socket.AF_UNIX,socket.SOCK_DGRAM)
  File "/usr/lib/python3.14/socket.py", line 236, in __init__
    _socket.socket.__init__(self, family, type, proto, fileno)
    ~~~~~~~~~~~~~~~~~~~~~~~^^^^^^^^^^^^^^^^^^^^^^^^^^^^^^^^^^^
PermissionError: [Errno 1] Operation not permitted

======================================================================
ERROR: test_progress_plan047_deadline_steps (test_vipe_benchmark_supervisor.HelperSessionTests.test_progress_plan047_deadline_steps) (operation='npz_member', when='equal')
----------------------------------------------------------------------
Traceback (most recent call last):
  File "/home/auss/git_repos/samaust/Experiments_4DGS/tests/test_vipe_benchmark_supervisor.py", line 3417, in test_progress_plan047_deadline_steps
    with self.subTest(**case),plan047_state(fixture,Path(temp)/str(index)) as state,contextlib.ExitStack() as stack:
                              ~~~~~~~~~~~~~^^^^^^^^^^^^^^^^^^^^^^^^^^^^^^^
  File "/usr/lib/python3.14/contextlib.py", line 141, in __enter__
    return next(self.gen)
  File "/home/auss/git_repos/samaust/Experiments_4DGS/tests/test_vipe_benchmark_s1_helper_fixtures.py", line 489, in state
    consumer=p.Consumer(reference,cache,lambda:cancelled[0],lambda producer:(binding,1))
  File "/home/auss/git_repos/samaust/Experiments_4DGS/scripts/vipe_benchmark/s1_progress.py", line 824, in __init__
    self.cancelled=cancelled;self.bindings=bindings;self.current={};self.previous={};self.provenance={};self.channel=mailbox(self.context,'owner')
                                                                                                                     ~~~~~~~^^^^^^^^^^^^^^^^^^^^^^
  File "/home/auss/git_repos/samaust/Experiments_4DGS/scripts/vipe_benchmark/s1_progress.py", line 620, in mailbox
    channel=socket.socket(socket.AF_UNIX,socket.SOCK_DGRAM)
  File "/usr/lib/python3.14/socket.py", line 236, in __init__
    _socket.socket.__init__(self, family, type, proto, fileno)
    ~~~~~~~~~~~~~~~~~~~~~~~^^^^^^^^^^^^^^^^^^^^^^^^^^^^^^^^^^^
PermissionError: [Errno 1] Operation not permitted

======================================================================
ERROR: test_progress_plan047_deadline_steps (test_vipe_benchmark_supervisor.HelperSessionTests.test_progress_plan047_deadline_steps) (operation='npz_member', when='after')
----------------------------------------------------------------------
Traceback (most recent call last):
  File "/home/auss/git_repos/samaust/Experiments_4DGS/tests/test_vipe_benchmark_supervisor.py", line 3417, in test_progress_plan047_deadline_steps
    with self.subTest(**case),plan047_state(fixture,Path(temp)/str(index)) as state,contextlib.ExitStack() as stack:
                              ~~~~~~~~~~~~~^^^^^^^^^^^^^^^^^^^^^^^^^^^^^^^
  File "/usr/lib/python3.14/contextlib.py", line 141, in __enter__
    return next(self.gen)
  File "/home/auss/git_repos/samaust/Experiments_4DGS/tests/test_vipe_benchmark_s1_helper_fixtures.py", line 489, in state
    consumer=p.Consumer(reference,cache,lambda:cancelled[0],lambda producer:(binding,1))
  File "/home/auss/git_repos/samaust/Experiments_4DGS/scripts/vipe_benchmark/s1_progress.py", line 824, in __init__
    self.cancelled=cancelled;self.bindings=bindings;self.current={};self.previous={};self.provenance={};self.channel=mailbox(self.context,'owner')
                                                                                                                     ~~~~~~~^^^^^^^^^^^^^^^^^^^^^^
  File "/home/auss/git_repos/samaust/Experiments_4DGS/scripts/vipe_benchmark/s1_progress.py", line 620, in mailbox
    channel=socket.socket(socket.AF_UNIX,socket.SOCK_DGRAM)
  File "/usr/lib/python3.14/socket.py", line 236, in __init__
    _socket.socket.__init__(self, family, type, proto, fileno)
    ~~~~~~~~~~~~~~~~~~~~~~~^^^^^^^^^^^^^^^^^^^^^^^^^^^^^^^^^^^
PermissionError: [Errno 1] Operation not permitted

======================================================================
ERROR: test_progress_plan047_deadline_steps (test_vipe_benchmark_supervisor.HelperSessionTests.test_progress_plan047_deadline_steps) (operation='npz_finalize', when='before')
----------------------------------------------------------------------
Traceback (most recent call last):
  File "/home/auss/git_repos/samaust/Experiments_4DGS/tests/test_vipe_benchmark_supervisor.py", line 3417, in test_progress_plan047_deadline_steps
    with self.subTest(**case),plan047_state(fixture,Path(temp)/str(index)) as state,contextlib.ExitStack() as stack:
                              ~~~~~~~~~~~~~^^^^^^^^^^^^^^^^^^^^^^^^^^^^^^^
  File "/usr/lib/python3.14/contextlib.py", line 141, in __enter__
    return next(self.gen)
  File "/home/auss/git_repos/samaust/Experiments_4DGS/tests/test_vipe_benchmark_s1_helper_fixtures.py", line 489, in state
    consumer=p.Consumer(reference,cache,lambda:cancelled[0],lambda producer:(binding,1))
  File "/home/auss/git_repos/samaust/Experiments_4DGS/scripts/vipe_benchmark/s1_progress.py", line 824, in __init__
    self.cancelled=cancelled;self.bindings=bindings;self.current={};self.previous={};self.provenance={};self.channel=mailbox(self.context,'owner')
                                                                                                                     ~~~~~~~^^^^^^^^^^^^^^^^^^^^^^
  File "/home/auss/git_repos/samaust/Experiments_4DGS/scripts/vipe_benchmark/s1_progress.py", line 620, in mailbox
    channel=socket.socket(socket.AF_UNIX,socket.SOCK_DGRAM)
  File "/usr/lib/python3.14/socket.py", line 236, in __init__
    _socket.socket.__init__(self, family, type, proto, fileno)
    ~~~~~~~~~~~~~~~~~~~~~~~^^^^^^^^^^^^^^^^^^^^^^^^^^^^^^^^^^^
PermissionError: [Errno 1] Operation not permitted

======================================================================
ERROR: test_progress_plan047_deadline_steps (test_vipe_benchmark_supervisor.HelperSessionTests.test_progress_plan047_deadline_steps) (operation='npz_finalize', when='equal')
----------------------------------------------------------------------
Traceback (most recent call last):
  File "/home/auss/git_repos/samaust/Experiments_4DGS/tests/test_vipe_benchmark_supervisor.py", line 3417, in test_progress_plan047_deadline_steps
    with self.subTest(**case),plan047_state(fixture,Path(temp)/str(index)) as state,contextlib.ExitStack() as stack:
                              ~~~~~~~~~~~~~^^^^^^^^^^^^^^^^^^^^^^^^^^^^^^^
  File "/usr/lib/python3.14/contextlib.py", line 141, in __enter__
    return next(self.gen)
  File "/home/auss/git_repos/samaust/Experiments_4DGS/tests/test_vipe_benchmark_s1_helper_fixtures.py", line 489, in state
    consumer=p.Consumer(reference,cache,lambda:cancelled[0],lambda producer:(binding,1))
  File "/home/auss/git_repos/samaust/Experiments_4DGS/scripts/vipe_benchmark/s1_progress.py", line 824, in __init__
    self.cancelled=cancelled;self.bindings=bindings;self.current={};self.previous={};self.provenance={};self.channel=mailbox(self.context,'owner')
                                                                                                                     ~~~~~~~^^^^^^^^^^^^^^^^^^^^^^
  File "/home/auss/git_repos/samaust/Experiments_4DGS/scripts/vipe_benchmark/s1_progress.py", line 620, in mailbox
    channel=socket.socket(socket.AF_UNIX,socket.SOCK_DGRAM)
  File "/usr/lib/python3.14/socket.py", line 236, in __init__
    _socket.socket.__init__(self, family, type, proto, fileno)
    ~~~~~~~~~~~~~~~~~~~~~~~^^^^^^^^^^^^^^^^^^^^^^^^^^^^^^^^^^^
PermissionError: [Errno 1] Operation not permitted

======================================================================
ERROR: test_progress_plan047_deadline_steps (test_vipe_benchmark_supervisor.HelperSessionTests.test_progress_plan047_deadline_steps) (operation='npz_finalize', when='after')
----------------------------------------------------------------------
Traceback (most recent call last):
  File "/home/auss/git_repos/samaust/Experiments_4DGS/tests/test_vipe_benchmark_supervisor.py", line 3417, in test_progress_plan047_deadline_steps
    with self.subTest(**case),plan047_state(fixture,Path(temp)/str(index)) as state,contextlib.ExitStack() as stack:
                              ~~~~~~~~~~~~~^^^^^^^^^^^^^^^^^^^^^^^^^^^^^^^
  File "/usr/lib/python3.14/contextlib.py", line 141, in __enter__
    return next(self.gen)
  File "/home/auss/git_repos/samaust/Experiments_4DGS/tests/test_vipe_benchmark_s1_helper_fixtures.py", line 489, in state
    consumer=p.Consumer(reference,cache,lambda:cancelled[0],lambda producer:(binding,1))
  File "/home/auss/git_repos/samaust/Experiments_4DGS/scripts/vipe_benchmark/s1_progress.py", line 824, in __init__
    self.cancelled=cancelled;self.bindings=bindings;self.current={};self.previous={};self.provenance={};self.channel=mailbox(self.context,'owner')
                                                                                                                     ~~~~~~~^^^^^^^^^^^^^^^^^^^^^^
  File "/home/auss/git_repos/samaust/Experiments_4DGS/scripts/vipe_benchmark/s1_progress.py", line 620, in mailbox
    channel=socket.socket(socket.AF_UNIX,socket.SOCK_DGRAM)
  File "/usr/lib/python3.14/socket.py", line 236, in __init__
    _socket.socket.__init__(self, family, type, proto, fileno)
    ~~~~~~~~~~~~~~~~~~~~~~~^^^^^^^^^^^^^^^^^^^^^^^^^^^^^^^^^^^
PermissionError: [Errno 1] Operation not permitted

======================================================================
ERROR: test_progress_plan047_deadline_steps (test_vipe_benchmark_supervisor.HelperSessionTests.test_progress_plan047_deadline_steps) (operation='array_hash', when='before')
----------------------------------------------------------------------
Traceback (most recent call last):
  File "/home/auss/git_repos/samaust/Experiments_4DGS/tests/test_vipe_benchmark_supervisor.py", line 3417, in test_progress_plan047_deadline_steps
    with self.subTest(**case),plan047_state(fixture,Path(temp)/str(index)) as state,contextlib.ExitStack() as stack:
                              ~~~~~~~~~~~~~^^^^^^^^^^^^^^^^^^^^^^^^^^^^^^^
  File "/usr/lib/python3.14/contextlib.py", line 141, in __enter__
    return next(self.gen)
  File "/home/auss/git_repos/samaust/Experiments_4DGS/tests/test_vipe_benchmark_s1_helper_fixtures.py", line 489, in state
    consumer=p.Consumer(reference,cache,lambda:cancelled[0],lambda producer:(binding,1))
  File "/home/auss/git_repos/samaust/Experiments_4DGS/scripts/vipe_benchmark/s1_progress.py", line 824, in __init__
    self.cancelled=cancelled;self.bindings=bindings;self.current={};self.previous={};self.provenance={};self.channel=mailbox(self.context,'owner')
                                                                                                                     ~~~~~~~^^^^^^^^^^^^^^^^^^^^^^
  File "/home/auss/git_repos/samaust/Experiments_4DGS/scripts/vipe_benchmark/s1_progress.py", line 620, in mailbox
    channel=socket.socket(socket.AF_UNIX,socket.SOCK_DGRAM)
  File "/usr/lib/python3.14/socket.py", line 236, in __init__
    _socket.socket.__init__(self, family, type, proto, fileno)
    ~~~~~~~~~~~~~~~~~~~~~~~^^^^^^^^^^^^^^^^^^^^^^^^^^^^^^^^^^^
PermissionError: [Errno 1] Operation not permitted

======================================================================
ERROR: test_progress_plan047_deadline_steps (test_vipe_benchmark_supervisor.HelperSessionTests.test_progress_plan047_deadline_steps) (operation='array_hash', when='equal')
----------------------------------------------------------------------
Traceback (most recent call last):
  File "/home/auss/git_repos/samaust/Experiments_4DGS/tests/test_vipe_benchmark_supervisor.py", line 3417, in test_progress_plan047_deadline_steps
    with self.subTest(**case),plan047_state(fixture,Path(temp)/str(index)) as state,contextlib.ExitStack() as stack:
                              ~~~~~~~~~~~~~^^^^^^^^^^^^^^^^^^^^^^^^^^^^^^^
  File "/usr/lib/python3.14/contextlib.py", line 141, in __enter__
    return next(self.gen)
  File "/home/auss/git_repos/samaust/Experiments_4DGS/tests/test_vipe_benchmark_s1_helper_fixtures.py", line 489, in state
    consumer=p.Consumer(reference,cache,lambda:cancelled[0],lambda producer:(binding,1))
  File "/home/auss/git_repos/samaust/Experiments_4DGS/scripts/vipe_benchmark/s1_progress.py", line 824, in __init__
    self.cancelled=cancelled;self.bindings=bindings;self.current={};self.previous={};self.provenance={};self.channel=mailbox(self.context,'owner')
                                                                                                                     ~~~~~~~^^^^^^^^^^^^^^^^^^^^^^
  File "/home/auss/git_repos/samaust/Experiments_4DGS/scripts/vipe_benchmark/s1_progress.py", line 620, in mailbox
    channel=socket.socket(socket.AF_UNIX,socket.SOCK_DGRAM)
  File "/usr/lib/python3.14/socket.py", line 236, in __init__
    _socket.socket.__init__(self, family, type, proto, fileno)
    ~~~~~~~~~~~~~~~~~~~~~~~^^^^^^^^^^^^^^^^^^^^^^^^^^^^^^^^^^^
PermissionError: [Errno 1] Operation not permitted

======================================================================
ERROR: test_progress_plan047_deadline_steps (test_vipe_benchmark_supervisor.HelperSessionTests.test_progress_plan047_deadline_steps) (operation='array_hash', when='after')
----------------------------------------------------------------------
Traceback (most recent call last):
  File "/home/auss/git_repos/samaust/Experiments_4DGS/tests/test_vipe_benchmark_supervisor.py", line 3417, in test_progress_plan047_deadline_steps
    with self.subTest(**case),plan047_state(fixture,Path(temp)/str(index)) as state,contextlib.ExitStack() as stack:
                              ~~~~~~~~~~~~~^^^^^^^^^^^^^^^^^^^^^^^^^^^^^^^
  File "/usr/lib/python3.14/contextlib.py", line 141, in __enter__
    return next(self.gen)
  File "/home/auss/git_repos/samaust/Experiments_4DGS/tests/test_vipe_benchmark_s1_helper_fixtures.py", line 489, in state
    consumer=p.Consumer(reference,cache,lambda:cancelled[0],lambda producer:(binding,1))
  File "/home/auss/git_repos/samaust/Experiments_4DGS/scripts/vipe_benchmark/s1_progress.py", line 824, in __init__
    self.cancelled=cancelled;self.bindings=bindings;self.current={};self.previous={};self.provenance={};self.channel=mailbox(self.context,'owner')
                                                                                                                     ~~~~~~~^^^^^^^^^^^^^^^^^^^^^^
  File "/home/auss/git_repos/samaust/Experiments_4DGS/scripts/vipe_benchmark/s1_progress.py", line 620, in mailbox
    channel=socket.socket(socket.AF_UNIX,socket.SOCK_DGRAM)
  File "/usr/lib/python3.14/socket.py", line 236, in __init__
    _socket.socket.__init__(self, family, type, proto, fileno)
    ~~~~~~~~~~~~~~~~~~~~~~~^^^^^^^^^^^^^^^^^^^^^^^^^^^^^^^^^^^
PermissionError: [Errno 1] Operation not permitted

======================================================================
ERROR: test_progress_plan047_deadline_steps (test_vipe_benchmark_supervisor.HelperSessionTests.test_progress_plan047_deadline_steps) (operation='produced_json', when='before')
----------------------------------------------------------------------
Traceback (most recent call last):
  File "/home/auss/git_repos/samaust/Experiments_4DGS/tests/test_vipe_benchmark_supervisor.py", line 3417, in test_progress_plan047_deadline_steps
    with self.subTest(**case),plan047_state(fixture,Path(temp)/str(index)) as state,contextlib.ExitStack() as stack:
                              ~~~~~~~~~~~~~^^^^^^^^^^^^^^^^^^^^^^^^^^^^^^^
  File "/usr/lib/python3.14/contextlib.py", line 141, in __enter__
    return next(self.gen)
  File "/home/auss/git_repos/samaust/Experiments_4DGS/tests/test_vipe_benchmark_s1_helper_fixtures.py", line 489, in state
    consumer=p.Consumer(reference,cache,lambda:cancelled[0],lambda producer:(binding,1))
  File "/home/auss/git_repos/samaust/Experiments_4DGS/scripts/vipe_benchmark/s1_progress.py", line 824, in __init__
    self.cancelled=cancelled;self.bindings=bindings;self.current={};self.previous={};self.provenance={};self.channel=mailbox(self.context,'owner')
                                                                                                                     ~~~~~~~^^^^^^^^^^^^^^^^^^^^^^
  File "/home/auss/git_repos/samaust/Experiments_4DGS/scripts/vipe_benchmark/s1_progress.py", line 620, in mailbox
    channel=socket.socket(socket.AF_UNIX,socket.SOCK_DGRAM)
  File "/usr/lib/python3.14/socket.py", line 236, in __init__
    _socket.socket.__init__(self, family, type, proto, fileno)
    ~~~~~~~~~~~~~~~~~~~~~~~^^^^^^^^^^^^^^^^^^^^^^^^^^^^^^^^^^^
PermissionError: [Errno 1] Operation not permitted

======================================================================
ERROR: test_progress_plan047_deadline_steps (test_vipe_benchmark_supervisor.HelperSessionTests.test_progress_plan047_deadline_steps) (operation='produced_json', when='equal')
----------------------------------------------------------------------
Traceback (most recent call last):
  File "/home/auss/git_repos/samaust/Experiments_4DGS/tests/test_vipe_benchmark_supervisor.py", line 3417, in test_progress_plan047_deadline_steps
    with self.subTest(**case),plan047_state(fixture,Path(temp)/str(index)) as state,contextlib.ExitStack() as stack:
                              ~~~~~~~~~~~~~^^^^^^^^^^^^^^^^^^^^^^^^^^^^^^^
  File "/usr/lib/python3.14/contextlib.py", line 141, in __enter__
    return next(self.gen)
  File "/home/auss/git_repos/samaust/Experiments_4DGS/tests/test_vipe_benchmark_s1_helper_fixtures.py", line 489, in state
    consumer=p.Consumer(reference,cache,lambda:cancelled[0],lambda producer:(binding,1))
  File "/home/auss/git_repos/samaust/Experiments_4DGS/scripts/vipe_benchmark/s1_progress.py", line 824, in __init__
    self.cancelled=cancelled;self.bindings=bindings;self.current={};self.previous={};self.provenance={};self.channel=mailbox(self.context,'owner')
                                                                                                                     ~~~~~~~^^^^^^^^^^^^^^^^^^^^^^
  File "/home/auss/git_repos/samaust/Experiments_4DGS/scripts/vipe_benchmark/s1_progress.py", line 620, in mailbox
    channel=socket.socket(socket.AF_UNIX,socket.SOCK_DGRAM)
  File "/usr/lib/python3.14/socket.py", line 236, in __init__
    _socket.socket.__init__(self, family, type, proto, fileno)
    ~~~~~~~~~~~~~~~~~~~~~~~^^^^^^^^^^^^^^^^^^^^^^^^^^^^^^^^^^^
PermissionError: [Errno 1] Operation not permitted

======================================================================
ERROR: test_progress_plan047_deadline_steps (test_vipe_benchmark_supervisor.HelperSessionTests.test_progress_plan047_deadline_steps) (operation='produced_json', when='after')
----------------------------------------------------------------------
Traceback (most recent call last):
  File "/home/auss/git_repos/samaust/Experiments_4DGS/tests/test_vipe_benchmark_supervisor.py", line 3417, in test_progress_plan047_deadline_steps
    with self.subTest(**case),plan047_state(fixture,Path(temp)/str(index)) as state,contextlib.ExitStack() as stack:
                              ~~~~~~~~~~~~~^^^^^^^^^^^^^^^^^^^^^^^^^^^^^^^
  File "/usr/lib/python3.14/contextlib.py", line 141, in __enter__
    return next(self.gen)
  File "/home/auss/git_repos/samaust/Experiments_4DGS/tests/test_vipe_benchmark_s1_helper_fixtures.py", line 489, in state
    consumer=p.Consumer(reference,cache,lambda:cancelled[0],lambda producer:(binding,1))
  File "/home/auss/git_repos/samaust/Experiments_4DGS/scripts/vipe_benchmark/s1_progress.py", line 824, in __init__
    self.cancelled=cancelled;self.bindings=bindings;self.current={};self.previous={};self.provenance={};self.channel=mailbox(self.context,'owner')
                                                                                                                     ~~~~~~~^^^^^^^^^^^^^^^^^^^^^^
  File "/home/auss/git_repos/samaust/Experiments_4DGS/scripts/vipe_benchmark/s1_progress.py", line 620, in mailbox
    channel=socket.socket(socket.AF_UNIX,socket.SOCK_DGRAM)
  File "/usr/lib/python3.14/socket.py", line 236, in __init__
    _socket.socket.__init__(self, family, type, proto, fileno)
    ~~~~~~~~~~~~~~~~~~~~~~~^^^^^^^^^^^^^^^^^^^^^^^^^^^^^^^^^^^
PermissionError: [Errno 1] Operation not permitted

======================================================================
ERROR: test_progress_plan047_deadline_steps (test_vipe_benchmark_supervisor.HelperSessionTests.test_progress_plan047_deadline_steps) (operation='produced_read', when='before')
----------------------------------------------------------------------
Traceback (most recent call last):
  File "/home/auss/git_repos/samaust/Experiments_4DGS/tests/test_vipe_benchmark_supervisor.py", line 3417, in test_progress_plan047_deadline_steps
    with self.subTest(**case),plan047_state(fixture,Path(temp)/str(index)) as state,contextlib.ExitStack() as stack:
                              ~~~~~~~~~~~~~^^^^^^^^^^^^^^^^^^^^^^^^^^^^^^^
  File "/usr/lib/python3.14/contextlib.py", line 141, in __enter__
    return next(self.gen)
  File "/home/auss/git_repos/samaust/Experiments_4DGS/tests/test_vipe_benchmark_s1_helper_fixtures.py", line 489, in state
    consumer=p.Consumer(reference,cache,lambda:cancelled[0],lambda producer:(binding,1))
  File "/home/auss/git_repos/samaust/Experiments_4DGS/scripts/vipe_benchmark/s1_progress.py", line 824, in __init__
    self.cancelled=cancelled;self.bindings=bindings;self.current={};self.previous={};self.provenance={};self.channel=mailbox(self.context,'owner')
                                                                                                                     ~~~~~~~^^^^^^^^^^^^^^^^^^^^^^
  File "/home/auss/git_repos/samaust/Experiments_4DGS/scripts/vipe_benchmark/s1_progress.py", line 620, in mailbox
    channel=socket.socket(socket.AF_UNIX,socket.SOCK_DGRAM)
  File "/usr/lib/python3.14/socket.py", line 236, in __init__
    _socket.socket.__init__(self, family, type, proto, fileno)
    ~~~~~~~~~~~~~~~~~~~~~~~^^^^^^^^^^^^^^^^^^^^^^^^^^^^^^^^^^^
PermissionError: [Errno 1] Operation not permitted

======================================================================
ERROR: test_progress_plan047_deadline_steps (test_vipe_benchmark_supervisor.HelperSessionTests.test_progress_plan047_deadline_steps) (operation='produced_read', when='equal')
----------------------------------------------------------------------
Traceback (most recent call last):
  File "/home/auss/git_repos/samaust/Experiments_4DGS/tests/test_vipe_benchmark_supervisor.py", line 3417, in test_progress_plan047_deadline_steps
    with self.subTest(**case),plan047_state(fixture,Path(temp)/str(index)) as state,contextlib.ExitStack() as stack:
                              ~~~~~~~~~~~~~^^^^^^^^^^^^^^^^^^^^^^^^^^^^^^^
  File "/usr/lib/python3.14/contextlib.py", line 141, in __enter__
    return next(self.gen)
  File "/home/auss/git_repos/samaust/Experiments_4DGS/tests/test_vipe_benchmark_s1_helper_fixtures.py", line 489, in state
    consumer=p.Consumer(reference,cache,lambda:cancelled[0],lambda producer:(binding,1))
  File "/home/auss/git_repos/samaust/Experiments_4DGS/scripts/vipe_benchmark/s1_progress.py", line 824, in __init__
    self.cancelled=cancelled;self.bindings=bindings;self.current={};self.previous={};self.provenance={};self.channel=mailbox(self.context,'owner')
                                                                                                                     ~~~~~~~^^^^^^^^^^^^^^^^^^^^^^
  File "/home/auss/git_repos/samaust/Experiments_4DGS/scripts/vipe_benchmark/s1_progress.py", line 620, in mailbox
    channel=socket.socket(socket.AF_UNIX,socket.SOCK_DGRAM)
  File "/usr/lib/python3.14/socket.py", line 236, in __init__
    _socket.socket.__init__(self, family, type, proto, fileno)
    ~~~~~~~~~~~~~~~~~~~~~~~^^^^^^^^^^^^^^^^^^^^^^^^^^^^^^^^^^^
PermissionError: [Errno 1] Operation not permitted

======================================================================
ERROR: test_progress_plan047_deadline_steps (test_vipe_benchmark_supervisor.HelperSessionTests.test_progress_plan047_deadline_steps) (operation='produced_read', when='after')
----------------------------------------------------------------------
Traceback (most recent call last):
  File "/home/auss/git_repos/samaust/Experiments_4DGS/tests/test_vipe_benchmark_supervisor.py", line 3417, in test_progress_plan047_deadline_steps
    with self.subTest(**case),plan047_state(fixture,Path(temp)/str(index)) as state,contextlib.ExitStack() as stack:
                              ~~~~~~~~~~~~~^^^^^^^^^^^^^^^^^^^^^^^^^^^^^^^
  File "/usr/lib/python3.14/contextlib.py", line 141, in __enter__
    return next(self.gen)
  File "/home/auss/git_repos/samaust/Experiments_4DGS/tests/test_vipe_benchmark_s1_helper_fixtures.py", line 489, in state
    consumer=p.Consumer(reference,cache,lambda:cancelled[0],lambda producer:(binding,1))
  File "/home/auss/git_repos/samaust/Experiments_4DGS/scripts/vipe_benchmark/s1_progress.py", line 824, in __init__
    self.cancelled=cancelled;self.bindings=bindings;self.current={};self.previous={};self.provenance={};self.channel=mailbox(self.context,'owner')
                                                                                                                     ~~~~~~~^^^^^^^^^^^^^^^^^^^^^^
  File "/home/auss/git_repos/samaust/Experiments_4DGS/scripts/vipe_benchmark/s1_progress.py", line 620, in mailbox
    channel=socket.socket(socket.AF_UNIX,socket.SOCK_DGRAM)
  File "/usr/lib/python3.14/socket.py", line 236, in __init__
    _socket.socket.__init__(self, family, type, proto, fileno)
    ~~~~~~~~~~~~~~~~~~~~~~~^^^^^^^^^^^^^^^^^^^^^^^^^^^^^^^^^^^
PermissionError: [Errno 1] Operation not permitted

======================================================================
ERROR: test_progress_plan047_deadline_steps (test_vipe_benchmark_supervisor.HelperSessionTests.test_progress_plan047_deadline_steps) (operation='produced_guard', when='before')
----------------------------------------------------------------------
Traceback (most recent call last):
  File "/home/auss/git_repos/samaust/Experiments_4DGS/tests/test_vipe_benchmark_supervisor.py", line 3417, in test_progress_plan047_deadline_steps
    with self.subTest(**case),plan047_state(fixture,Path(temp)/str(index)) as state,contextlib.ExitStack() as stack:
                              ~~~~~~~~~~~~~^^^^^^^^^^^^^^^^^^^^^^^^^^^^^^^
  File "/usr/lib/python3.14/contextlib.py", line 141, in __enter__
    return next(self.gen)
  File "/home/auss/git_repos/samaust/Experiments_4DGS/tests/test_vipe_benchmark_s1_helper_fixtures.py", line 489, in state
    consumer=p.Consumer(reference,cache,lambda:cancelled[0],lambda producer:(binding,1))
  File "/home/auss/git_repos/samaust/Experiments_4DGS/scripts/vipe_benchmark/s1_progress.py", line 824, in __init__
    self.cancelled=cancelled;self.bindings=bindings;self.current={};self.previous={};self.provenance={};self.channel=mailbox(self.context,'owner')
                                                                                                                     ~~~~~~~^^^^^^^^^^^^^^^^^^^^^^
  File "/home/auss/git_repos/samaust/Experiments_4DGS/scripts/vipe_benchmark/s1_progress.py", line 620, in mailbox
    channel=socket.socket(socket.AF_UNIX,socket.SOCK_DGRAM)
  File "/usr/lib/python3.14/socket.py", line 236, in __init__
    _socket.socket.__init__(self, family, type, proto, fileno)
    ~~~~~~~~~~~~~~~~~~~~~~~^^^^^^^^^^^^^^^^^^^^^^^^^^^^^^^^^^^
PermissionError: [Errno 1] Operation not permitted

======================================================================
ERROR: test_progress_plan047_deadline_steps (test_vipe_benchmark_supervisor.HelperSessionTests.test_progress_plan047_deadline_steps) (operation='produced_guard', when='equal')
----------------------------------------------------------------------
Traceback (most recent call last):
  File "/home/auss/git_repos/samaust/Experiments_4DGS/tests/test_vipe_benchmark_supervisor.py", line 3417, in test_progress_plan047_deadline_steps
    with self.subTest(**case),plan047_state(fixture,Path(temp)/str(index)) as state,contextlib.ExitStack() as stack:
                              ~~~~~~~~~~~~~^^^^^^^^^^^^^^^^^^^^^^^^^^^^^^^
  File "/usr/lib/python3.14/contextlib.py", line 141, in __enter__
    return next(self.gen)
  File "/home/auss/git_repos/samaust/Experiments_4DGS/tests/test_vipe_benchmark_s1_helper_fixtures.py", line 489, in state
    consumer=p.Consumer(reference,cache,lambda:cancelled[0],lambda producer:(binding,1))
  File "/home/auss/git_repos/samaust/Experiments_4DGS/scripts/vipe_benchmark/s1_progress.py", line 824, in __init__
    self.cancelled=cancelled;self.bindings=bindings;self.current={};self.previous={};self.provenance={};self.channel=mailbox(self.context,'owner')
                                                                                                                     ~~~~~~~^^^^^^^^^^^^^^^^^^^^^^
  File "/home/auss/git_repos/samaust/Experiments_4DGS/scripts/vipe_benchmark/s1_progress.py", line 620, in mailbox
    channel=socket.socket(socket.AF_UNIX,socket.SOCK_DGRAM)
  File "/usr/lib/python3.14/socket.py", line 236, in __init__
    _socket.socket.__init__(self, family, type, proto, fileno)
    ~~~~~~~~~~~~~~~~~~~~~~~^^^^^^^^^^^^^^^^^^^^^^^^^^^^^^^^^^^
PermissionError: [Errno 1] Operation not permitted

======================================================================
ERROR: test_progress_plan047_deadline_steps (test_vipe_benchmark_supervisor.HelperSessionTests.test_progress_plan047_deadline_steps) (operation='produced_guard', when='after')
----------------------------------------------------------------------
Traceback (most recent call last):
  File "/home/auss/git_repos/samaust/Experiments_4DGS/tests/test_vipe_benchmark_supervisor.py", line 3417, in test_progress_plan047_deadline_steps
    with self.subTest(**case),plan047_state(fixture,Path(temp)/str(index)) as state,contextlib.ExitStack() as stack:
                              ~~~~~~~~~~~~~^^^^^^^^^^^^^^^^^^^^^^^^^^^^^^^
  File "/usr/lib/python3.14/contextlib.py", line 141, in __enter__
    return next(self.gen)
  File "/home/auss/git_repos/samaust/Experiments_4DGS/tests/test_vipe_benchmark_s1_helper_fixtures.py", line 489, in state
    consumer=p.Consumer(reference,cache,lambda:cancelled[0],lambda producer:(binding,1))
  File "/home/auss/git_repos/samaust/Experiments_4DGS/scripts/vipe_benchmark/s1_progress.py", line 824, in __init__
    self.cancelled=cancelled;self.bindings=bindings;self.current={};self.previous={};self.provenance={};self.channel=mailbox(self.context,'owner')
                                                                                                                     ~~~~~~~^^^^^^^^^^^^^^^^^^^^^^
  File "/home/auss/git_repos/samaust/Experiments_4DGS/scripts/vipe_benchmark/s1_progress.py", line 620, in mailbox
    channel=socket.socket(socket.AF_UNIX,socket.SOCK_DGRAM)
  File "/usr/lib/python3.14/socket.py", line 236, in __init__
    _socket.socket.__init__(self, family, type, proto, fileno)
    ~~~~~~~~~~~~~~~~~~~~~~~^^^^^^^^^^^^^^^^^^^^^^^^^^^^^^^^^^^
PermissionError: [Errno 1] Operation not permitted

======================================================================
ERROR: test_progress_plan047_deadline_steps (test_vipe_benchmark_supervisor.HelperSessionTests.test_progress_plan047_deadline_steps) (operation='qualified_guard', when='before')
----------------------------------------------------------------------
Traceback (most recent call last):
  File "/home/auss/git_repos/samaust/Experiments_4DGS/tests/test_vipe_benchmark_supervisor.py", line 3417, in test_progress_plan047_deadline_steps
    with self.subTest(**case),plan047_state(fixture,Path(temp)/str(index)) as state,contextlib.ExitStack() as stack:
                              ~~~~~~~~~~~~~^^^^^^^^^^^^^^^^^^^^^^^^^^^^^^^
  File "/usr/lib/python3.14/contextlib.py", line 141, in __enter__
    return next(self.gen)
  File "/home/auss/git_repos/samaust/Experiments_4DGS/tests/test_vipe_benchmark_s1_helper_fixtures.py", line 489, in state
    consumer=p.Consumer(reference,cache,lambda:cancelled[0],lambda producer:(binding,1))
  File "/home/auss/git_repos/samaust/Experiments_4DGS/scripts/vipe_benchmark/s1_progress.py", line 824, in __init__
    self.cancelled=cancelled;self.bindings=bindings;self.current={};self.previous={};self.provenance={};self.channel=mailbox(self.context,'owner')
                                                                                                                     ~~~~~~~^^^^^^^^^^^^^^^^^^^^^^
  File "/home/auss/git_repos/samaust/Experiments_4DGS/scripts/vipe_benchmark/s1_progress.py", line 620, in mailbox
    channel=socket.socket(socket.AF_UNIX,socket.SOCK_DGRAM)
  File "/usr/lib/python3.14/socket.py", line 236, in __init__
    _socket.socket.__init__(self, family, type, proto, fileno)
    ~~~~~~~~~~~~~~~~~~~~~~~^^^^^^^^^^^^^^^^^^^^^^^^^^^^^^^^^^^
PermissionError: [Errno 1] Operation not permitted

======================================================================
ERROR: test_progress_plan047_deadline_steps (test_vipe_benchmark_supervisor.HelperSessionTests.test_progress_plan047_deadline_steps) (operation='qualified_guard', when='equal')
----------------------------------------------------------------------
Traceback (most recent call last):
  File "/home/auss/git_repos/samaust/Experiments_4DGS/tests/test_vipe_benchmark_supervisor.py", line 3417, in test_progress_plan047_deadline_steps
    with self.subTest(**case),plan047_state(fixture,Path(temp)/str(index)) as state,contextlib.ExitStack() as stack:
                              ~~~~~~~~~~~~~^^^^^^^^^^^^^^^^^^^^^^^^^^^^^^^
  File "/usr/lib/python3.14/contextlib.py", line 141, in __enter__
    return next(self.gen)
  File "/home/auss/git_repos/samaust/Experiments_4DGS/tests/test_vipe_benchmark_s1_helper_fixtures.py", line 489, in state
    consumer=p.Consumer(reference,cache,lambda:cancelled[0],lambda producer:(binding,1))
  File "/home/auss/git_repos/samaust/Experiments_4DGS/scripts/vipe_benchmark/s1_progress.py", line 824, in __init__
    self.cancelled=cancelled;self.bindings=bindings;self.current={};self.previous={};self.provenance={};self.channel=mailbox(self.context,'owner')
                                                                                                                     ~~~~~~~^^^^^^^^^^^^^^^^^^^^^^
  File "/home/auss/git_repos/samaust/Experiments_4DGS/scripts/vipe_benchmark/s1_progress.py", line 620, in mailbox
    channel=socket.socket(socket.AF_UNIX,socket.SOCK_DGRAM)
  File "/usr/lib/python3.14/socket.py", line 236, in __init__
    _socket.socket.__init__(self, family, type, proto, fileno)
    ~~~~~~~~~~~~~~~~~~~~~~~^^^^^^^^^^^^^^^^^^^^^^^^^^^^^^^^^^^
PermissionError: [Errno 1] Operation not permitted

======================================================================
ERROR: test_progress_plan047_deadline_steps (test_vipe_benchmark_supervisor.HelperSessionTests.test_progress_plan047_deadline_steps) (operation='qualified_guard', when='after')
----------------------------------------------------------------------
Traceback (most recent call last):
  File "/home/auss/git_repos/samaust/Experiments_4DGS/tests/test_vipe_benchmark_supervisor.py", line 3417, in test_progress_plan047_deadline_steps
    with self.subTest(**case),plan047_state(fixture,Path(temp)/str(index)) as state,contextlib.ExitStack() as stack:
                              ~~~~~~~~~~~~~^^^^^^^^^^^^^^^^^^^^^^^^^^^^^^^
  File "/usr/lib/python3.14/contextlib.py", line 141, in __enter__
    return next(self.gen)
  File "/home/auss/git_repos/samaust/Experiments_4DGS/tests/test_vipe_benchmark_s1_helper_fixtures.py", line 489, in state
    consumer=p.Consumer(reference,cache,lambda:cancelled[0],lambda producer:(binding,1))
  File "/home/auss/git_repos/samaust/Experiments_4DGS/scripts/vipe_benchmark/s1_progress.py", line 824, in __init__
    self.cancelled=cancelled;self.bindings=bindings;self.current={};self.previous={};self.provenance={};self.channel=mailbox(self.context,'owner')
                                                                                                                     ~~~~~~~^^^^^^^^^^^^^^^^^^^^^^
  File "/home/auss/git_repos/samaust/Experiments_4DGS/scripts/vipe_benchmark/s1_progress.py", line 620, in mailbox
    channel=socket.socket(socket.AF_UNIX,socket.SOCK_DGRAM)
  File "/usr/lib/python3.14/socket.py", line 236, in __init__
    _socket.socket.__init__(self, family, type, proto, fileno)
    ~~~~~~~~~~~~~~~~~~~~~~~^^^^^^^^^^^^^^^^^^^^^^^^^^^^^^^^^^^
PermissionError: [Errno 1] Operation not permitted

======================================================================
ERROR: test_progress_plan047_deadline_steps (test_vipe_benchmark_supervisor.HelperSessionTests.test_progress_plan047_deadline_steps) (operation='first_guard', when='before')
----------------------------------------------------------------------
Traceback (most recent call last):
  File "/home/auss/git_repos/samaust/Experiments_4DGS/tests/test_vipe_benchmark_supervisor.py", line 3417, in test_progress_plan047_deadline_steps
    with self.subTest(**case),plan047_state(fixture,Path(temp)/str(index)) as state,contextlib.ExitStack() as stack:
                              ~~~~~~~~~~~~~^^^^^^^^^^^^^^^^^^^^^^^^^^^^^^^
  File "/usr/lib/python3.14/contextlib.py", line 141, in __enter__
    return next(self.gen)
  File "/home/auss/git_repos/samaust/Experiments_4DGS/tests/test_vipe_benchmark_s1_helper_fixtures.py", line 489, in state
    consumer=p.Consumer(reference,cache,lambda:cancelled[0],lambda producer:(binding,1))
  File "/home/auss/git_repos/samaust/Experiments_4DGS/scripts/vipe_benchmark/s1_progress.py", line 824, in __init__
    self.cancelled=cancelled;self.bindings=bindings;self.current={};self.previous={};self.provenance={};self.channel=mailbox(self.context,'owner')
                                                                                                                     ~~~~~~~^^^^^^^^^^^^^^^^^^^^^^
  File "/home/auss/git_repos/samaust/Experiments_4DGS/scripts/vipe_benchmark/s1_progress.py", line 620, in mailbox
    channel=socket.socket(socket.AF_UNIX,socket.SOCK_DGRAM)
  File "/usr/lib/python3.14/socket.py", line 236, in __init__
    _socket.socket.__init__(self, family, type, proto, fileno)
    ~~~~~~~~~~~~~~~~~~~~~~~^^^^^^^^^^^^^^^^^^^^^^^^^^^^^^^^^^^
PermissionError: [Errno 1] Operation not permitted

======================================================================
ERROR: test_progress_plan047_deadline_steps (test_vipe_benchmark_supervisor.HelperSessionTests.test_progress_plan047_deadline_steps) (operation='first_guard', when='equal')
----------------------------------------------------------------------
Traceback (most recent call last):
  File "/home/auss/git_repos/samaust/Experiments_4DGS/tests/test_vipe_benchmark_supervisor.py", line 3417, in test_progress_plan047_deadline_steps
    with self.subTest(**case),plan047_state(fixture,Path(temp)/str(index)) as state,contextlib.ExitStack() as stack:
                              ~~~~~~~~~~~~~^^^^^^^^^^^^^^^^^^^^^^^^^^^^^^^
  File "/usr/lib/python3.14/contextlib.py", line 141, in __enter__
    return next(self.gen)
  File "/home/auss/git_repos/samaust/Experiments_4DGS/tests/test_vipe_benchmark_s1_helper_fixtures.py", line 489, in state
    consumer=p.Consumer(reference,cache,lambda:cancelled[0],lambda producer:(binding,1))
  File "/home/auss/git_repos/samaust/Experiments_4DGS/scripts/vipe_benchmark/s1_progress.py", line 824, in __init__
    self.cancelled=cancelled;self.bindings=bindings;self.current={};self.previous={};self.provenance={};self.channel=mailbox(self.context,'owner')
                                                                                                                     ~~~~~~~^^^^^^^^^^^^^^^^^^^^^^
  File "/home/auss/git_repos/samaust/Experiments_4DGS/scripts/vipe_benchmark/s1_progress.py", line 620, in mailbox
    channel=socket.socket(socket.AF_UNIX,socket.SOCK_DGRAM)
  File "/usr/lib/python3.14/socket.py", line 236, in __init__
    _socket.socket.__init__(self, family, type, proto, fileno)
    ~~~~~~~~~~~~~~~~~~~~~~~^^^^^^^^^^^^^^^^^^^^^^^^^^^^^^^^^^^
PermissionError: [Errno 1] Operation not permitted

======================================================================
ERROR: test_progress_plan047_deadline_steps (test_vipe_benchmark_supervisor.HelperSessionTests.test_progress_plan047_deadline_steps) (operation='first_guard', when='after')
----------------------------------------------------------------------
Traceback (most recent call last):
  File "/home/auss/git_repos/samaust/Experiments_4DGS/tests/test_vipe_benchmark_supervisor.py", line 3417, in test_progress_plan047_deadline_steps
    with self.subTest(**case),plan047_state(fixture,Path(temp)/str(index)) as state,contextlib.ExitStack() as stack:
                              ~~~~~~~~~~~~~^^^^^^^^^^^^^^^^^^^^^^^^^^^^^^^
  File "/usr/lib/python3.14/contextlib.py", line 141, in __enter__
    return next(self.gen)
  File "/home/auss/git_repos/samaust/Experiments_4DGS/tests/test_vipe_benchmark_s1_helper_fixtures.py", line 489, in state
    consumer=p.Consumer(reference,cache,lambda:cancelled[0],lambda producer:(binding,1))
  File "/home/auss/git_repos/samaust/Experiments_4DGS/scripts/vipe_benchmark/s1_progress.py", line 824, in __init__
    self.cancelled=cancelled;self.bindings=bindings;self.current={};self.previous={};self.provenance={};self.channel=mailbox(self.context,'owner')
                                                                                                                     ~~~~~~~^^^^^^^^^^^^^^^^^^^^^^
  File "/home/auss/git_repos/samaust/Experiments_4DGS/scripts/vipe_benchmark/s1_progress.py", line 620, in mailbox
    channel=socket.socket(socket.AF_UNIX,socket.SOCK_DGRAM)
  File "/usr/lib/python3.14/socket.py", line 236, in __init__
    _socket.socket.__init__(self, family, type, proto, fileno)
    ~~~~~~~~~~~~~~~~~~~~~~~^^^^^^^^^^^^^^^^^^^^^^^^^^^^^^^^^^^
PermissionError: [Errno 1] Operation not permitted

======================================================================
ERROR: test_progress_plan047_deadline_steps (test_vipe_benchmark_supervisor.HelperSessionTests.test_progress_plan047_deadline_steps) (operation='runtime_guard', when='before')
----------------------------------------------------------------------
Traceback (most recent call last):
  File "/home/auss/git_repos/samaust/Experiments_4DGS/tests/test_vipe_benchmark_supervisor.py", line 3417, in test_progress_plan047_deadline_steps
    with self.subTest(**case),plan047_state(fixture,Path(temp)/str(index)) as state,contextlib.ExitStack() as stack:
                              ~~~~~~~~~~~~~^^^^^^^^^^^^^^^^^^^^^^^^^^^^^^^
  File "/usr/lib/python3.14/contextlib.py", line 141, in __enter__
    return next(self.gen)
  File "/home/auss/git_repos/samaust/Experiments_4DGS/tests/test_vipe_benchmark_s1_helper_fixtures.py", line 489, in state
    consumer=p.Consumer(reference,cache,lambda:cancelled[0],lambda producer:(binding,1))
  File "/home/auss/git_repos/samaust/Experiments_4DGS/scripts/vipe_benchmark/s1_progress.py", line 824, in __init__
    self.cancelled=cancelled;self.bindings=bindings;self.current={};self.previous={};self.provenance={};self.channel=mailbox(self.context,'owner')
                                                                                                                     ~~~~~~~^^^^^^^^^^^^^^^^^^^^^^
  File "/home/auss/git_repos/samaust/Experiments_4DGS/scripts/vipe_benchmark/s1_progress.py", line 620, in mailbox
    channel=socket.socket(socket.AF_UNIX,socket.SOCK_DGRAM)
  File "/usr/lib/python3.14/socket.py", line 236, in __init__
    _socket.socket.__init__(self, family, type, proto, fileno)
    ~~~~~~~~~~~~~~~~~~~~~~~^^^^^^^^^^^^^^^^^^^^^^^^^^^^^^^^^^^
PermissionError: [Errno 1] Operation not permitted

======================================================================
ERROR: test_progress_plan047_deadline_steps (test_vipe_benchmark_supervisor.HelperSessionTests.test_progress_plan047_deadline_steps) (operation='runtime_guard', when='equal')
----------------------------------------------------------------------
Traceback (most recent call last):
  File "/home/auss/git_repos/samaust/Experiments_4DGS/tests/test_vipe_benchmark_supervisor.py", line 3417, in test_progress_plan047_deadline_steps
    with self.subTest(**case),plan047_state(fixture,Path(temp)/str(index)) as state,contextlib.ExitStack() as stack:
                              ~~~~~~~~~~~~~^^^^^^^^^^^^^^^^^^^^^^^^^^^^^^^
  File "/usr/lib/python3.14/contextlib.py", line 141, in __enter__
    return next(self.gen)
  File "/home/auss/git_repos/samaust/Experiments_4DGS/tests/test_vipe_benchmark_s1_helper_fixtures.py", line 489, in state
    consumer=p.Consumer(reference,cache,lambda:cancelled[0],lambda producer:(binding,1))
  File "/home/auss/git_repos/samaust/Experiments_4DGS/scripts/vipe_benchmark/s1_progress.py", line 824, in __init__
    self.cancelled=cancelled;self.bindings=bindings;self.current={};self.previous={};self.provenance={};self.channel=mailbox(self.context,'owner')
                                                                                                                     ~~~~~~~^^^^^^^^^^^^^^^^^^^^^^
  File "/home/auss/git_repos/samaust/Experiments_4DGS/scripts/vipe_benchmark/s1_progress.py", line 620, in mailbox
    channel=socket.socket(socket.AF_UNIX,socket.SOCK_DGRAM)
  File "/usr/lib/python3.14/socket.py", line 236, in __init__
    _socket.socket.__init__(self, family, type, proto, fileno)
    ~~~~~~~~~~~~~~~~~~~~~~~^^^^^^^^^^^^^^^^^^^^^^^^^^^^^^^^^^^
PermissionError: [Errno 1] Operation not permitted

======================================================================
ERROR: test_progress_plan047_deadline_steps (test_vipe_benchmark_supervisor.HelperSessionTests.test_progress_plan047_deadline_steps) (operation='runtime_guard', when='after')
----------------------------------------------------------------------
Traceback (most recent call last):
  File "/home/auss/git_repos/samaust/Experiments_4DGS/tests/test_vipe_benchmark_supervisor.py", line 3417, in test_progress_plan047_deadline_steps
    with self.subTest(**case),plan047_state(fixture,Path(temp)/str(index)) as state,contextlib.ExitStack() as stack:
                              ~~~~~~~~~~~~~^^^^^^^^^^^^^^^^^^^^^^^^^^^^^^^
  File "/usr/lib/python3.14/contextlib.py", line 141, in __enter__
    return next(self.gen)
  File "/home/auss/git_repos/samaust/Experiments_4DGS/tests/test_vipe_benchmark_s1_helper_fixtures.py", line 489, in state
    consumer=p.Consumer(reference,cache,lambda:cancelled[0],lambda producer:(binding,1))
  File "/home/auss/git_repos/samaust/Experiments_4DGS/scripts/vipe_benchmark/s1_progress.py", line 824, in __init__
    self.cancelled=cancelled;self.bindings=bindings;self.current={};self.previous={};self.provenance={};self.channel=mailbox(self.context,'owner')
                                                                                                                     ~~~~~~~^^^^^^^^^^^^^^^^^^^^^^
  File "/home/auss/git_repos/samaust/Experiments_4DGS/scripts/vipe_benchmark/s1_progress.py", line 620, in mailbox
    channel=socket.socket(socket.AF_UNIX,socket.SOCK_DGRAM)
  File "/usr/lib/python3.14/socket.py", line 236, in __init__
    _socket.socket.__init__(self, family, type, proto, fileno)
    ~~~~~~~~~~~~~~~~~~~~~~~^^^^^^^^^^^^^^^^^^^^^^^^^^^^^^^^^^^
PermissionError: [Errno 1] Operation not permitted

======================================================================
ERROR: test_progress_plan047_deadline_steps (test_vipe_benchmark_supervisor.HelperSessionTests.test_progress_plan047_deadline_steps) (operation='reuse_after_read', when='before')
----------------------------------------------------------------------
Traceback (most recent call last):
  File "/home/auss/git_repos/samaust/Experiments_4DGS/tests/test_vipe_benchmark_supervisor.py", line 3417, in test_progress_plan047_deadline_steps
    with self.subTest(**case),plan047_state(fixture,Path(temp)/str(index)) as state,contextlib.ExitStack() as stack:
                              ~~~~~~~~~~~~~^^^^^^^^^^^^^^^^^^^^^^^^^^^^^^^
  File "/usr/lib/python3.14/contextlib.py", line 141, in __enter__
    return next(self.gen)
  File "/home/auss/git_repos/samaust/Experiments_4DGS/tests/test_vipe_benchmark_s1_helper_fixtures.py", line 489, in state
    consumer=p.Consumer(reference,cache,lambda:cancelled[0],lambda producer:(binding,1))
  File "/home/auss/git_repos/samaust/Experiments_4DGS/scripts/vipe_benchmark/s1_progress.py", line 824, in __init__
    self.cancelled=cancelled;self.bindings=bindings;self.current={};self.previous={};self.provenance={};self.channel=mailbox(self.context,'owner')
                                                                                                                     ~~~~~~~^^^^^^^^^^^^^^^^^^^^^^
  File "/home/auss/git_repos/samaust/Experiments_4DGS/scripts/vipe_benchmark/s1_progress.py", line 620, in mailbox
    channel=socket.socket(socket.AF_UNIX,socket.SOCK_DGRAM)
  File "/usr/lib/python3.14/socket.py", line 236, in __init__
    _socket.socket.__init__(self, family, type, proto, fileno)
    ~~~~~~~~~~~~~~~~~~~~~~~^^^^^^^^^^^^^^^^^^^^^^^^^^^^^^^^^^^
PermissionError: [Errno 1] Operation not permitted

======================================================================
ERROR: test_progress_plan047_deadline_steps (test_vipe_benchmark_supervisor.HelperSessionTests.test_progress_plan047_deadline_steps) (operation='reuse_after_read', when='equal')
----------------------------------------------------------------------
Traceback (most recent call last):
  File "/home/auss/git_repos/samaust/Experiments_4DGS/tests/test_vipe_benchmark_supervisor.py", line 3417, in test_progress_plan047_deadline_steps
    with self.subTest(**case),plan047_state(fixture,Path(temp)/str(index)) as state,contextlib.ExitStack() as stack:
                              ~~~~~~~~~~~~~^^^^^^^^^^^^^^^^^^^^^^^^^^^^^^^
  File "/usr/lib/python3.14/contextlib.py", line 141, in __enter__
    return next(self.gen)
  File "/home/auss/git_repos/samaust/Experiments_4DGS/tests/test_vipe_benchmark_s1_helper_fixtures.py", line 489, in state
    consumer=p.Consumer(reference,cache,lambda:cancelled[0],lambda producer:(binding,1))
  File "/home/auss/git_repos/samaust/Experiments_4DGS/scripts/vipe_benchmark/s1_progress.py", line 824, in __init__
    self.cancelled=cancelled;self.bindings=bindings;self.current={};self.previous={};self.provenance={};self.channel=mailbox(self.context,'owner')
                                                                                                                     ~~~~~~~^^^^^^^^^^^^^^^^^^^^^^
  File "/home/auss/git_repos/samaust/Experiments_4DGS/scripts/vipe_benchmark/s1_progress.py", line 620, in mailbox
    channel=socket.socket(socket.AF_UNIX,socket.SOCK_DGRAM)
  File "/usr/lib/python3.14/socket.py", line 236, in __init__
    _socket.socket.__init__(self, family, type, proto, fileno)
    ~~~~~~~~~~~~~~~~~~~~~~~^^^^^^^^^^^^^^^^^^^^^^^^^^^^^^^^^^^
PermissionError: [Errno 1] Operation not permitted

======================================================================
ERROR: test_progress_plan047_deadline_steps (test_vipe_benchmark_supervisor.HelperSessionTests.test_progress_plan047_deadline_steps) (operation='reuse_after_read', when='after')
----------------------------------------------------------------------
Traceback (most recent call last):
  File "/home/auss/git_repos/samaust/Experiments_4DGS/tests/test_vipe_benchmark_supervisor.py", line 3417, in test_progress_plan047_deadline_steps
    with self.subTest(**case),plan047_state(fixture,Path(temp)/str(index)) as state,contextlib.ExitStack() as stack:
                              ~~~~~~~~~~~~~^^^^^^^^^^^^^^^^^^^^^^^^^^^^^^^
  File "/usr/lib/python3.14/contextlib.py", line 141, in __enter__
    return next(self.gen)
  File "/home/auss/git_repos/samaust/Experiments_4DGS/tests/test_vipe_benchmark_s1_helper_fixtures.py", line 489, in state
    consumer=p.Consumer(reference,cache,lambda:cancelled[0],lambda producer:(binding,1))
  File "/home/auss/git_repos/samaust/Experiments_4DGS/scripts/vipe_benchmark/s1_progress.py", line 824, in __init__
    self.cancelled=cancelled;self.bindings=bindings;self.current={};self.previous={};self.provenance={};self.channel=mailbox(self.context,'owner')
                                                                                                                     ~~~~~~~^^^^^^^^^^^^^^^^^^^^^^
  File "/home/auss/git_repos/samaust/Experiments_4DGS/scripts/vipe_benchmark/s1_progress.py", line 620, in mailbox
    channel=socket.socket(socket.AF_UNIX,socket.SOCK_DGRAM)
  File "/usr/lib/python3.14/socket.py", line 236, in __init__
    _socket.socket.__init__(self, family, type, proto, fileno)
    ~~~~~~~~~~~~~~~~~~~~~~~^^^^^^^^^^^^^^^^^^^^^^^^^^^^^^^^^^^
PermissionError: [Errno 1] Operation not permitted

======================================================================
ERROR: test_progress_plan047_deadline_steps (test_vipe_benchmark_supervisor.HelperSessionTests.test_progress_plan047_deadline_steps) (operation='cleanup_next_array', when='before')
----------------------------------------------------------------------
Traceback (most recent call last):
  File "/home/auss/git_repos/samaust/Experiments_4DGS/tests/test_vipe_benchmark_supervisor.py", line 3417, in test_progress_plan047_deadline_steps
    with self.subTest(**case),plan047_state(fixture,Path(temp)/str(index)) as state,contextlib.ExitStack() as stack:
                              ~~~~~~~~~~~~~^^^^^^^^^^^^^^^^^^^^^^^^^^^^^^^
  File "/usr/lib/python3.14/contextlib.py", line 141, in __enter__
    return next(self.gen)
  File "/home/auss/git_repos/samaust/Experiments_4DGS/tests/test_vipe_benchmark_s1_helper_fixtures.py", line 489, in state
    consumer=p.Consumer(reference,cache,lambda:cancelled[0],lambda producer:(binding,1))
  File "/home/auss/git_repos/samaust/Experiments_4DGS/scripts/vipe_benchmark/s1_progress.py", line 824, in __init__
    self.cancelled=cancelled;self.bindings=bindings;self.current={};self.previous={};self.provenance={};self.channel=mailbox(self.context,'owner')
                                                                                                                     ~~~~~~~^^^^^^^^^^^^^^^^^^^^^^
  File "/home/auss/git_repos/samaust/Experiments_4DGS/scripts/vipe_benchmark/s1_progress.py", line 620, in mailbox
    channel=socket.socket(socket.AF_UNIX,socket.SOCK_DGRAM)
  File "/usr/lib/python3.14/socket.py", line 236, in __init__
    _socket.socket.__init__(self, family, type, proto, fileno)
    ~~~~~~~~~~~~~~~~~~~~~~~^^^^^^^^^^^^^^^^^^^^^^^^^^^^^^^^^^^
PermissionError: [Errno 1] Operation not permitted

======================================================================
ERROR: test_progress_plan047_deadline_steps (test_vipe_benchmark_supervisor.HelperSessionTests.test_progress_plan047_deadline_steps) (operation='cleanup_next_array', when='equal')
----------------------------------------------------------------------
Traceback (most recent call last):
  File "/home/auss/git_repos/samaust/Experiments_4DGS/tests/test_vipe_benchmark_supervisor.py", line 3417, in test_progress_plan047_deadline_steps
    with self.subTest(**case),plan047_state(fixture,Path(temp)/str(index)) as state,contextlib.ExitStack() as stack:
                              ~~~~~~~~~~~~~^^^^^^^^^^^^^^^^^^^^^^^^^^^^^^^
  File "/usr/lib/python3.14/contextlib.py", line 141, in __enter__
    return next(self.gen)
  File "/home/auss/git_repos/samaust/Experiments_4DGS/tests/test_vipe_benchmark_s1_helper_fixtures.py", line 489, in state
    consumer=p.Consumer(reference,cache,lambda:cancelled[0],lambda producer:(binding,1))
  File "/home/auss/git_repos/samaust/Experiments_4DGS/scripts/vipe_benchmark/s1_progress.py", line 824, in __init__
    self.cancelled=cancelled;self.bindings=bindings;self.current={};self.previous={};self.provenance={};self.channel=mailbox(self.context,'owner')
                                                                                                                     ~~~~~~~^^^^^^^^^^^^^^^^^^^^^^
  File "/home/auss/git_repos/samaust/Experiments_4DGS/scripts/vipe_benchmark/s1_progress.py", line 620, in mailbox
    channel=socket.socket(socket.AF_UNIX,socket.SOCK_DGRAM)
  File "/usr/lib/python3.14/socket.py", line 236, in __init__
    _socket.socket.__init__(self, family, type, proto, fileno)
    ~~~~~~~~~~~~~~~~~~~~~~~^^^^^^^^^^^^^^^^^^^^^^^^^^^^^^^^^^^
PermissionError: [Errno 1] Operation not permitted

======================================================================
ERROR: test_progress_plan047_deadline_steps (test_vipe_benchmark_supervisor.HelperSessionTests.test_progress_plan047_deadline_steps) (operation='cleanup_next_array', when='after')
----------------------------------------------------------------------
Traceback (most recent call last):
  File "/home/auss/git_repos/samaust/Experiments_4DGS/tests/test_vipe_benchmark_supervisor.py", line 3417, in test_progress_plan047_deadline_steps
    with self.subTest(**case),plan047_state(fixture,Path(temp)/str(index)) as state,contextlib.ExitStack() as stack:
                              ~~~~~~~~~~~~~^^^^^^^^^^^^^^^^^^^^^^^^^^^^^^^
  File "/usr/lib/python3.14/contextlib.py", line 141, in __enter__
    return next(self.gen)
  File "/home/auss/git_repos/samaust/Experiments_4DGS/tests/test_vipe_benchmark_s1_helper_fixtures.py", line 489, in state
    consumer=p.Consumer(reference,cache,lambda:cancelled[0],lambda producer:(binding,1))
  File "/home/auss/git_repos/samaust/Experiments_4DGS/scripts/vipe_benchmark/s1_progress.py", line 824, in __init__
    self.cancelled=cancelled;self.bindings=bindings;self.current={};self.previous={};self.provenance={};self.channel=mailbox(self.context,'owner')
                                                                                                                     ~~~~~~~^^^^^^^^^^^^^^^^^^^^^^
  File "/home/auss/git_repos/samaust/Experiments_4DGS/scripts/vipe_benchmark/s1_progress.py", line 620, in mailbox
    channel=socket.socket(socket.AF_UNIX,socket.SOCK_DGRAM)
  File "/usr/lib/python3.14/socket.py", line 236, in __init__
    _socket.socket.__init__(self, family, type, proto, fileno)
    ~~~~~~~~~~~~~~~~~~~~~~~^^^^^^^^^^^^^^^^^^^^^^^^^^^^^^^^^^^
PermissionError: [Errno 1] Operation not permitted

======================================================================
ERROR: test_progress_plan047_deadline_steps (test_vipe_benchmark_supervisor.HelperSessionTests.test_progress_plan047_deadline_steps) (operation='accept_after_read', when='before')
----------------------------------------------------------------------
Traceback (most recent call last):
  File "/home/auss/git_repos/samaust/Experiments_4DGS/tests/test_vipe_benchmark_supervisor.py", line 3417, in test_progress_plan047_deadline_steps
    with self.subTest(**case),plan047_state(fixture,Path(temp)/str(index)) as state,contextlib.ExitStack() as stack:
                              ~~~~~~~~~~~~~^^^^^^^^^^^^^^^^^^^^^^^^^^^^^^^
  File "/usr/lib/python3.14/contextlib.py", line 141, in __enter__
    return next(self.gen)
  File "/home/auss/git_repos/samaust/Experiments_4DGS/tests/test_vipe_benchmark_s1_helper_fixtures.py", line 489, in state
    consumer=p.Consumer(reference,cache,lambda:cancelled[0],lambda producer:(binding,1))
  File "/home/auss/git_repos/samaust/Experiments_4DGS/scripts/vipe_benchmark/s1_progress.py", line 824, in __init__
    self.cancelled=cancelled;self.bindings=bindings;self.current={};self.previous={};self.provenance={};self.channel=mailbox(self.context,'owner')
                                                                                                                     ~~~~~~~^^^^^^^^^^^^^^^^^^^^^^
  File "/home/auss/git_repos/samaust/Experiments_4DGS/scripts/vipe_benchmark/s1_progress.py", line 620, in mailbox
    channel=socket.socket(socket.AF_UNIX,socket.SOCK_DGRAM)
  File "/usr/lib/python3.14/socket.py", line 236, in __init__
    _socket.socket.__init__(self, family, type, proto, fileno)
    ~~~~~~~~~~~~~~~~~~~~~~~^^^^^^^^^^^^^^^^^^^^^^^^^^^^^^^^^^^
PermissionError: [Errno 1] Operation not permitted

======================================================================
ERROR: test_progress_plan047_deadline_steps (test_vipe_benchmark_supervisor.HelperSessionTests.test_progress_plan047_deadline_steps) (operation='accept_after_read', when='equal')
----------------------------------------------------------------------
Traceback (most recent call last):
  File "/home/auss/git_repos/samaust/Experiments_4DGS/tests/test_vipe_benchmark_supervisor.py", line 3417, in test_progress_plan047_deadline_steps
    with self.subTest(**case),plan047_state(fixture,Path(temp)/str(index)) as state,contextlib.ExitStack() as stack:
                              ~~~~~~~~~~~~~^^^^^^^^^^^^^^^^^^^^^^^^^^^^^^^
  File "/usr/lib/python3.14/contextlib.py", line 141, in __enter__
    return next(self.gen)
  File "/home/auss/git_repos/samaust/Experiments_4DGS/tests/test_vipe_benchmark_s1_helper_fixtures.py", line 489, in state
    consumer=p.Consumer(reference,cache,lambda:cancelled[0],lambda producer:(binding,1))
  File "/home/auss/git_repos/samaust/Experiments_4DGS/scripts/vipe_benchmark/s1_progress.py", line 824, in __init__
    self.cancelled=cancelled;self.bindings=bindings;self.current={};self.previous={};self.provenance={};self.channel=mailbox(self.context,'owner')
                                                                                                                     ~~~~~~~^^^^^^^^^^^^^^^^^^^^^^
  File "/home/auss/git_repos/samaust/Experiments_4DGS/scripts/vipe_benchmark/s1_progress.py", line 620, in mailbox
    channel=socket.socket(socket.AF_UNIX,socket.SOCK_DGRAM)
  File "/usr/lib/python3.14/socket.py", line 236, in __init__
    _socket.socket.__init__(self, family, type, proto, fileno)
    ~~~~~~~~~~~~~~~~~~~~~~~^^^^^^^^^^^^^^^^^^^^^^^^^^^^^^^^^^^
PermissionError: [Errno 1] Operation not permitted

======================================================================
ERROR: test_progress_plan047_deadline_steps (test_vipe_benchmark_supervisor.HelperSessionTests.test_progress_plan047_deadline_steps) (operation='accept_after_read', when='after')
----------------------------------------------------------------------
Traceback (most recent call last):
  File "/home/auss/git_repos/samaust/Experiments_4DGS/tests/test_vipe_benchmark_supervisor.py", line 3417, in test_progress_plan047_deadline_steps
    with self.subTest(**case),plan047_state(fixture,Path(temp)/str(index)) as state,contextlib.ExitStack() as stack:
                              ~~~~~~~~~~~~~^^^^^^^^^^^^^^^^^^^^^^^^^^^^^^^
  File "/usr/lib/python3.14/contextlib.py", line 141, in __enter__
    return next(self.gen)
  File "/home/auss/git_repos/samaust/Experiments_4DGS/tests/test_vipe_benchmark_s1_helper_fixtures.py", line 489, in state
    consumer=p.Consumer(reference,cache,lambda:cancelled[0],lambda producer:(binding,1))
  File "/home/auss/git_repos/samaust/Experiments_4DGS/scripts/vipe_benchmark/s1_progress.py", line 824, in __init__
    self.cancelled=cancelled;self.bindings=bindings;self.current={};self.previous={};self.provenance={};self.channel=mailbox(self.context,'owner')
                                                                                                                     ~~~~~~~^^^^^^^^^^^^^^^^^^^^^^
  File "/home/auss/git_repos/samaust/Experiments_4DGS/scripts/vipe_benchmark/s1_progress.py", line 620, in mailbox
    channel=socket.socket(socket.AF_UNIX,socket.SOCK_DGRAM)
  File "/usr/lib/python3.14/socket.py", line 236, in __init__
    _socket.socket.__init__(self, family, type, proto, fileno)
    ~~~~~~~~~~~~~~~~~~~~~~~^^^^^^^^^^^^^^^^^^^^^^^^^^^^^^^^^^^
PermissionError: [Errno 1] Operation not permitted

======================================================================
ERROR: test_progress_plan047_deadline_steps (test_vipe_benchmark_supervisor.HelperSessionTests.test_progress_plan047_deadline_steps) (operation='complete_after_read', when='before')
----------------------------------------------------------------------
Traceback (most recent call last):
  File "/home/auss/git_repos/samaust/Experiments_4DGS/tests/test_vipe_benchmark_supervisor.py", line 3417, in test_progress_plan047_deadline_steps
    with self.subTest(**case),plan047_state(fixture,Path(temp)/str(index)) as state,contextlib.ExitStack() as stack:
                              ~~~~~~~~~~~~~^^^^^^^^^^^^^^^^^^^^^^^^^^^^^^^
  File "/usr/lib/python3.14/contextlib.py", line 141, in __enter__
    return next(self.gen)
  File "/home/auss/git_repos/samaust/Experiments_4DGS/tests/test_vipe_benchmark_s1_helper_fixtures.py", line 489, in state
    consumer=p.Consumer(reference,cache,lambda:cancelled[0],lambda producer:(binding,1))
  File "/home/auss/git_repos/samaust/Experiments_4DGS/scripts/vipe_benchmark/s1_progress.py", line 824, in __init__
    self.cancelled=cancelled;self.bindings=bindings;self.current={};self.previous={};self.provenance={};self.channel=mailbox(self.context,'owner')
                                                                                                                     ~~~~~~~^^^^^^^^^^^^^^^^^^^^^^
  File "/home/auss/git_repos/samaust/Experiments_4DGS/scripts/vipe_benchmark/s1_progress.py", line 620, in mailbox
    channel=socket.socket(socket.AF_UNIX,socket.SOCK_DGRAM)
  File "/usr/lib/python3.14/socket.py", line 236, in __init__
    _socket.socket.__init__(self, family, type, proto, fileno)
    ~~~~~~~~~~~~~~~~~~~~~~~^^^^^^^^^^^^^^^^^^^^^^^^^^^^^^^^^^^
PermissionError: [Errno 1] Operation not permitted

======================================================================
ERROR: test_progress_plan047_deadline_steps (test_vipe_benchmark_supervisor.HelperSessionTests.test_progress_plan047_deadline_steps) (operation='complete_after_read', when='equal')
----------------------------------------------------------------------
Traceback (most recent call last):
  File "/home/auss/git_repos/samaust/Experiments_4DGS/tests/test_vipe_benchmark_supervisor.py", line 3417, in test_progress_plan047_deadline_steps
    with self.subTest(**case),plan047_state(fixture,Path(temp)/str(index)) as state,contextlib.ExitStack() as stack:
                              ~~~~~~~~~~~~~^^^^^^^^^^^^^^^^^^^^^^^^^^^^^^^
  File "/usr/lib/python3.14/contextlib.py", line 141, in __enter__
    return next(self.gen)
  File "/home/auss/git_repos/samaust/Experiments_4DGS/tests/test_vipe_benchmark_s1_helper_fixtures.py", line 489, in state
    consumer=p.Consumer(reference,cache,lambda:cancelled[0],lambda producer:(binding,1))
  File "/home/auss/git_repos/samaust/Experiments_4DGS/scripts/vipe_benchmark/s1_progress.py", line 824, in __init__
    self.cancelled=cancelled;self.bindings=bindings;self.current={};self.previous={};self.provenance={};self.channel=mailbox(self.context,'owner')
                                                                                                                     ~~~~~~~^^^^^^^^^^^^^^^^^^^^^^
  File "/home/auss/git_repos/samaust/Experiments_4DGS/scripts/vipe_benchmark/s1_progress.py", line 620, in mailbox
    channel=socket.socket(socket.AF_UNIX,socket.SOCK_DGRAM)
  File "/usr/lib/python3.14/socket.py", line 236, in __init__
    _socket.socket.__init__(self, family, type, proto, fileno)
    ~~~~~~~~~~~~~~~~~~~~~~~^^^^^^^^^^^^^^^^^^^^^^^^^^^^^^^^^^^
PermissionError: [Errno 1] Operation not permitted

======================================================================
ERROR: test_progress_plan047_deadline_steps (test_vipe_benchmark_supervisor.HelperSessionTests.test_progress_plan047_deadline_steps) (operation='complete_after_read', when='after')
----------------------------------------------------------------------
Traceback (most recent call last):
  File "/home/auss/git_repos/samaust/Experiments_4DGS/tests/test_vipe_benchmark_supervisor.py", line 3417, in test_progress_plan047_deadline_steps
    with self.subTest(**case),plan047_state(fixture,Path(temp)/str(index)) as state,contextlib.ExitStack() as stack:
                              ~~~~~~~~~~~~~^^^^^^^^^^^^^^^^^^^^^^^^^^^^^^^
  File "/usr/lib/python3.14/contextlib.py", line 141, in __enter__
    return next(self.gen)
  File "/home/auss/git_repos/samaust/Experiments_4DGS/tests/test_vipe_benchmark_s1_helper_fixtures.py", line 489, in state
    consumer=p.Consumer(reference,cache,lambda:cancelled[0],lambda producer:(binding,1))
  File "/home/auss/git_repos/samaust/Experiments_4DGS/scripts/vipe_benchmark/s1_progress.py", line 824, in __init__
    self.cancelled=cancelled;self.bindings=bindings;self.current={};self.previous={};self.provenance={};self.channel=mailbox(self.context,'owner')
                                                                                                                     ~~~~~~~^^^^^^^^^^^^^^^^^^^^^^
  File "/home/auss/git_repos/samaust/Experiments_4DGS/scripts/vipe_benchmark/s1_progress.py", line 620, in mailbox
    channel=socket.socket(socket.AF_UNIX,socket.SOCK_DGRAM)
  File "/usr/lib/python3.14/socket.py", line 236, in __init__
    _socket.socket.__init__(self, family, type, proto, fileno)
    ~~~~~~~~~~~~~~~~~~~~~~~^^^^^^^^^^^^^^^^^^^^^^^^^^^^^^^^^^^
PermissionError: [Errno 1] Operation not permitted

======================================================================
ERROR: test_progress_plan047_deadline_steps (test_vipe_benchmark_supervisor.HelperSessionTests.test_progress_plan047_deadline_steps) (operation='next_input', when='before')
----------------------------------------------------------------------
Traceback (most recent call last):
  File "/home/auss/git_repos/samaust/Experiments_4DGS/tests/test_vipe_benchmark_supervisor.py", line 3417, in test_progress_plan047_deadline_steps
    with self.subTest(**case),plan047_state(fixture,Path(temp)/str(index)) as state,contextlib.ExitStack() as stack:
                              ~~~~~~~~~~~~~^^^^^^^^^^^^^^^^^^^^^^^^^^^^^^^
  File "/usr/lib/python3.14/contextlib.py", line 141, in __enter__
    return next(self.gen)
  File "/home/auss/git_repos/samaust/Experiments_4DGS/tests/test_vipe_benchmark_s1_helper_fixtures.py", line 489, in state
    consumer=p.Consumer(reference,cache,lambda:cancelled[0],lambda producer:(binding,1))
  File "/home/auss/git_repos/samaust/Experiments_4DGS/scripts/vipe_benchmark/s1_progress.py", line 824, in __init__
    self.cancelled=cancelled;self.bindings=bindings;self.current={};self.previous={};self.provenance={};self.channel=mailbox(self.context,'owner')
                                                                                                                     ~~~~~~~^^^^^^^^^^^^^^^^^^^^^^
  File "/home/auss/git_repos/samaust/Experiments_4DGS/scripts/vipe_benchmark/s1_progress.py", line 620, in mailbox
    channel=socket.socket(socket.AF_UNIX,socket.SOCK_DGRAM)
  File "/usr/lib/python3.14/socket.py", line 236, in __init__
    _socket.socket.__init__(self, family, type, proto, fileno)
    ~~~~~~~~~~~~~~~~~~~~~~~^^^^^^^^^^^^^^^^^^^^^^^^^^^^^^^^^^^
PermissionError: [Errno 1] Operation not permitted

======================================================================
ERROR: test_progress_plan047_deadline_steps (test_vipe_benchmark_supervisor.HelperSessionTests.test_progress_plan047_deadline_steps) (operation='next_input', when='equal')
----------------------------------------------------------------------
Traceback (most recent call last):
  File "/home/auss/git_repos/samaust/Experiments_4DGS/tests/test_vipe_benchmark_supervisor.py", line 3417, in test_progress_plan047_deadline_steps
    with self.subTest(**case),plan047_state(fixture,Path(temp)/str(index)) as state,contextlib.ExitStack() as stack:
                              ~~~~~~~~~~~~~^^^^^^^^^^^^^^^^^^^^^^^^^^^^^^^
  File "/usr/lib/python3.14/contextlib.py", line 141, in __enter__
    return next(self.gen)
  File "/home/auss/git_repos/samaust/Experiments_4DGS/tests/test_vipe_benchmark_s1_helper_fixtures.py", line 489, in state
    consumer=p.Consumer(reference,cache,lambda:cancelled[0],lambda producer:(binding,1))
  File "/home/auss/git_repos/samaust/Experiments_4DGS/scripts/vipe_benchmark/s1_progress.py", line 824, in __init__
    self.cancelled=cancelled;self.bindings=bindings;self.current={};self.previous={};self.provenance={};self.channel=mailbox(self.context,'owner')
                                                                                                                     ~~~~~~~^^^^^^^^^^^^^^^^^^^^^^
  File "/home/auss/git_repos/samaust/Experiments_4DGS/scripts/vipe_benchmark/s1_progress.py", line 620, in mailbox
    channel=socket.socket(socket.AF_UNIX,socket.SOCK_DGRAM)
  File "/usr/lib/python3.14/socket.py", line 236, in __init__
    _socket.socket.__init__(self, family, type, proto, fileno)
    ~~~~~~~~~~~~~~~~~~~~~~~^^^^^^^^^^^^^^^^^^^^^^^^^^^^^^^^^^^
PermissionError: [Errno 1] Operation not permitted

======================================================================
ERROR: test_progress_plan047_deadline_steps (test_vipe_benchmark_supervisor.HelperSessionTests.test_progress_plan047_deadline_steps) (operation='next_input', when='after')
----------------------------------------------------------------------
Traceback (most recent call last):
  File "/home/auss/git_repos/samaust/Experiments_4DGS/tests/test_vipe_benchmark_supervisor.py", line 3417, in test_progress_plan047_deadline_steps
    with self.subTest(**case),plan047_state(fixture,Path(temp)/str(index)) as state,contextlib.ExitStack() as stack:
                              ~~~~~~~~~~~~~^^^^^^^^^^^^^^^^^^^^^^^^^^^^^^^
  File "/usr/lib/python3.14/contextlib.py", line 141, in __enter__
    return next(self.gen)
  File "/home/auss/git_repos/samaust/Experiments_4DGS/tests/test_vipe_benchmark_s1_helper_fixtures.py", line 489, in state
    consumer=p.Consumer(reference,cache,lambda:cancelled[0],lambda producer:(binding,1))
  File "/home/auss/git_repos/samaust/Experiments_4DGS/scripts/vipe_benchmark/s1_progress.py", line 824, in __init__
    self.cancelled=cancelled;self.bindings=bindings;self.current={};self.previous={};self.provenance={};self.channel=mailbox(self.context,'owner')
                                                                                                                     ~~~~~~~^^^^^^^^^^^^^^^^^^^^^^
  File "/home/auss/git_repos/samaust/Experiments_4DGS/scripts/vipe_benchmark/s1_progress.py", line 620, in mailbox
    channel=socket.socket(socket.AF_UNIX,socket.SOCK_DGRAM)
  File "/usr/lib/python3.14/socket.py", line 236, in __init__
    _socket.socket.__init__(self, family, type, proto, fileno)
    ~~~~~~~~~~~~~~~~~~~~~~~^^^^^^^^^^^^^^^^^^^^^^^^^^^^^^^^^^^
PermissionError: [Errno 1] Operation not permitted

======================================================================
ERROR: test_progress_plan047_deadline_steps (test_vipe_benchmark_supervisor.HelperSessionTests.test_progress_plan047_deadline_steps) (operation='worker_popen', when='before')
----------------------------------------------------------------------
Traceback (most recent call last):
  File "/home/auss/git_repos/samaust/Experiments_4DGS/tests/test_vipe_benchmark_supervisor.py", line 3417, in test_progress_plan047_deadline_steps
    with self.subTest(**case),plan047_state(fixture,Path(temp)/str(index)) as state,contextlib.ExitStack() as stack:
                              ~~~~~~~~~~~~~^^^^^^^^^^^^^^^^^^^^^^^^^^^^^^^
  File "/usr/lib/python3.14/contextlib.py", line 141, in __enter__
    return next(self.gen)
  File "/home/auss/git_repos/samaust/Experiments_4DGS/tests/test_vipe_benchmark_s1_helper_fixtures.py", line 489, in state
    consumer=p.Consumer(reference,cache,lambda:cancelled[0],lambda producer:(binding,1))
  File "/home/auss/git_repos/samaust/Experiments_4DGS/scripts/vipe_benchmark/s1_progress.py", line 824, in __init__
    self.cancelled=cancelled;self.bindings=bindings;self.current={};self.previous={};self.provenance={};self.channel=mailbox(self.context,'owner')
                                                                                                                     ~~~~~~~^^^^^^^^^^^^^^^^^^^^^^
  File "/home/auss/git_repos/samaust/Experiments_4DGS/scripts/vipe_benchmark/s1_progress.py", line 620, in mailbox
    channel=socket.socket(socket.AF_UNIX,socket.SOCK_DGRAM)
  File "/usr/lib/python3.14/socket.py", line 236, in __init__
    _socket.socket.__init__(self, family, type, proto, fileno)
    ~~~~~~~~~~~~~~~~~~~~~~~^^^^^^^^^^^^^^^^^^^^^^^^^^^^^^^^^^^
PermissionError: [Errno 1] Operation not permitted

======================================================================
ERROR: test_progress_plan047_deadline_steps (test_vipe_benchmark_supervisor.HelperSessionTests.test_progress_plan047_deadline_steps) (operation='worker_popen', when='equal')
----------------------------------------------------------------------
Traceback (most recent call last):
  File "/home/auss/git_repos/samaust/Experiments_4DGS/tests/test_vipe_benchmark_supervisor.py", line 3417, in test_progress_plan047_deadline_steps
    with self.subTest(**case),plan047_state(fixture,Path(temp)/str(index)) as state,contextlib.ExitStack() as stack:
                              ~~~~~~~~~~~~~^^^^^^^^^^^^^^^^^^^^^^^^^^^^^^^
  File "/usr/lib/python3.14/contextlib.py", line 141, in __enter__
    return next(self.gen)
  File "/home/auss/git_repos/samaust/Experiments_4DGS/tests/test_vipe_benchmark_s1_helper_fixtures.py", line 489, in state
    consumer=p.Consumer(reference,cache,lambda:cancelled[0],lambda producer:(binding,1))
  File "/home/auss/git_repos/samaust/Experiments_4DGS/scripts/vipe_benchmark/s1_progress.py", line 824, in __init__
    self.cancelled=cancelled;self.bindings=bindings;self.current={};self.previous={};self.provenance={};self.channel=mailbox(self.context,'owner')
                                                                                                                     ~~~~~~~^^^^^^^^^^^^^^^^^^^^^^
  File "/home/auss/git_repos/samaust/Experiments_4DGS/scripts/vipe_benchmark/s1_progress.py", line 620, in mailbox
    channel=socket.socket(socket.AF_UNIX,socket.SOCK_DGRAM)
  File "/usr/lib/python3.14/socket.py", line 236, in __init__
    _socket.socket.__init__(self, family, type, proto, fileno)
    ~~~~~~~~~~~~~~~~~~~~~~~^^^^^^^^^^^^^^^^^^^^^^^^^^^^^^^^^^^
PermissionError: [Errno 1] Operation not permitted

======================================================================
ERROR: test_progress_plan047_deadline_steps (test_vipe_benchmark_supervisor.HelperSessionTests.test_progress_plan047_deadline_steps) (operation='worker_popen', when='after')
----------------------------------------------------------------------
Traceback (most recent call last):
  File "/home/auss/git_repos/samaust/Experiments_4DGS/tests/test_vipe_benchmark_supervisor.py", line 3417, in test_progress_plan047_deadline_steps
    with self.subTest(**case),plan047_state(fixture,Path(temp)/str(index)) as state,contextlib.ExitStack() as stack:
                              ~~~~~~~~~~~~~^^^^^^^^^^^^^^^^^^^^^^^^^^^^^^^
  File "/usr/lib/python3.14/contextlib.py", line 141, in __enter__
    return next(self.gen)
  File "/home/auss/git_repos/samaust/Experiments_4DGS/tests/test_vipe_benchmark_s1_helper_fixtures.py", line 489, in state
    consumer=p.Consumer(reference,cache,lambda:cancelled[0],lambda producer:(binding,1))
  File "/home/auss/git_repos/samaust/Experiments_4DGS/scripts/vipe_benchmark/s1_progress.py", line 824, in __init__
    self.cancelled=cancelled;self.bindings=bindings;self.current={};self.previous={};self.provenance={};self.channel=mailbox(self.context,'owner')
                                                                                                                     ~~~~~~~^^^^^^^^^^^^^^^^^^^^^^
  File "/home/auss/git_repos/samaust/Experiments_4DGS/scripts/vipe_benchmark/s1_progress.py", line 620, in mailbox
    channel=socket.socket(socket.AF_UNIX,socket.SOCK_DGRAM)
  File "/usr/lib/python3.14/socket.py", line 236, in __init__
    _socket.socket.__init__(self, family, type, proto, fileno)
    ~~~~~~~~~~~~~~~~~~~~~~~^^^^^^^^^^^^^^^^^^^^^^^^^^^^^^^^^^^
PermissionError: [Errno 1] Operation not permitted

======================================================================
ERROR: test_progress_plan047_limits (test_vipe_benchmark_supervisor.HelperSessionTests.test_progress_plan047_limits)
----------------------------------------------------------------------
Traceback (most recent call last):
  File "/home/auss/git_repos/samaust/Experiments_4DGS/tests/test_vipe_benchmark_supervisor.py", line 2620, in test_progress_plan047_limits
    with plan047_state(fixture,root/'state') as state:
         ~~~~~~~~~~~~~^^^^^^^^^^^^^^^^^^^^^^
  File "/usr/lib/python3.14/contextlib.py", line 141, in __enter__
    return next(self.gen)
  File "/home/auss/git_repos/samaust/Experiments_4DGS/tests/test_vipe_benchmark_s1_helper_fixtures.py", line 489, in state
    consumer=p.Consumer(reference,cache,lambda:cancelled[0],lambda producer:(binding,1))
  File "/home/auss/git_repos/samaust/Experiments_4DGS/scripts/vipe_benchmark/s1_progress.py", line 824, in __init__
    self.cancelled=cancelled;self.bindings=bindings;self.current={};self.previous={};self.provenance={};self.channel=mailbox(self.context,'owner')
                                                                                                                     ~~~~~~~^^^^^^^^^^^^^^^^^^^^^^
  File "/home/auss/git_repos/samaust/Experiments_4DGS/scripts/vipe_benchmark/s1_progress.py", line 620, in mailbox
    channel=socket.socket(socket.AF_UNIX,socket.SOCK_DGRAM)
  File "/usr/lib/python3.14/socket.py", line 236, in __init__
    _socket.socket.__init__(self, family, type, proto, fileno)
    ~~~~~~~~~~~~~~~~~~~~~~~^^^^^^^^^^^^^^^^^^^^^^^^^^^^^^^^^^^
PermissionError: [Errno 1] Operation not permitted

======================================================================
ERROR: test_progress_plan047_nested (test_vipe_benchmark_supervisor.HelperSessionTests.test_progress_plan047_nested)
----------------------------------------------------------------------
Traceback (most recent call last):
  File "/home/auss/git_repos/samaust/Experiments_4DGS/tests/test_vipe_benchmark_supervisor.py", line 2457, in test_progress_plan047_nested
    with plan047_state(fixture,Path(temp)/'state') as state:
         ~~~~~~~~~~~~~^^^^^^^^^^^^^^^^^^^^^^^^^^^^
  File "/usr/lib/python3.14/contextlib.py", line 141, in __enter__
    return next(self.gen)
  File "/home/auss/git_repos/samaust/Experiments_4DGS/tests/test_vipe_benchmark_s1_helper_fixtures.py", line 489, in state
    consumer=p.Consumer(reference,cache,lambda:cancelled[0],lambda producer:(binding,1))
  File "/home/auss/git_repos/samaust/Experiments_4DGS/scripts/vipe_benchmark/s1_progress.py", line 824, in __init__
    self.cancelled=cancelled;self.bindings=bindings;self.current={};self.previous={};self.provenance={};self.channel=mailbox(self.context,'owner')
                                                                                                                     ~~~~~~~^^^^^^^^^^^^^^^^^^^^^^
  File "/home/auss/git_repos/samaust/Experiments_4DGS/scripts/vipe_benchmark/s1_progress.py", line 620, in mailbox
    channel=socket.socket(socket.AF_UNIX,socket.SOCK_DGRAM)
  File "/usr/lib/python3.14/socket.py", line 236, in __init__
    _socket.socket.__init__(self, family, type, proto, fileno)
    ~~~~~~~~~~~~~~~~~~~~~~~^^^^^^^^^^^^^^^^^^^^^^^^^^^^^^^^^^^
PermissionError: [Errno 1] Operation not permitted

======================================================================
ERROR: test_progress_plan047_publication_faults (test_vipe_benchmark_supervisor.HelperSessionTests.test_progress_plan047_publication_faults) (kind='checkpoint_open')
----------------------------------------------------------------------
Traceback (most recent call last):
  File "/home/auss/git_repos/samaust/Experiments_4DGS/tests/test_vipe_benchmark_supervisor.py", line 2741, in test_progress_plan047_publication_faults
    with self.subTest(**case),plan047_state(fixture,Path(temp)/case['kind']) as state:
                              ~~~~~~~~~~~~~^^^^^^^^^^^^^^^^^^^^^^^^^^^^^^^^^
  File "/usr/lib/python3.14/contextlib.py", line 141, in __enter__
    return next(self.gen)
  File "/home/auss/git_repos/samaust/Experiments_4DGS/tests/test_vipe_benchmark_s1_helper_fixtures.py", line 489, in state
    consumer=p.Consumer(reference,cache,lambda:cancelled[0],lambda producer:(binding,1))
  File "/home/auss/git_repos/samaust/Experiments_4DGS/scripts/vipe_benchmark/s1_progress.py", line 824, in __init__
    self.cancelled=cancelled;self.bindings=bindings;self.current={};self.previous={};self.provenance={};self.channel=mailbox(self.context,'owner')
                                                                                                                     ~~~~~~~^^^^^^^^^^^^^^^^^^^^^^
  File "/home/auss/git_repos/samaust/Experiments_4DGS/scripts/vipe_benchmark/s1_progress.py", line 620, in mailbox
    channel=socket.socket(socket.AF_UNIX,socket.SOCK_DGRAM)
  File "/usr/lib/python3.14/socket.py", line 236, in __init__
    _socket.socket.__init__(self, family, type, proto, fileno)
    ~~~~~~~~~~~~~~~~~~~~~~~^^^^^^^^^^^^^^^^^^^^^^^^^^^^^^^^^^^
PermissionError: [Errno 1] Operation not permitted

======================================================================
ERROR: test_progress_plan047_publication_faults (test_vipe_benchmark_supervisor.HelperSessionTests.test_progress_plan047_publication_faults) (kind='checkpoint_write_short')
----------------------------------------------------------------------
Traceback (most recent call last):
  File "/home/auss/git_repos/samaust/Experiments_4DGS/tests/test_vipe_benchmark_supervisor.py", line 2741, in test_progress_plan047_publication_faults
    with self.subTest(**case),plan047_state(fixture,Path(temp)/case['kind']) as state:
                              ~~~~~~~~~~~~~^^^^^^^^^^^^^^^^^^^^^^^^^^^^^^^^^
  File "/usr/lib/python3.14/contextlib.py", line 141, in __enter__
    return next(self.gen)
  File "/home/auss/git_repos/samaust/Experiments_4DGS/tests/test_vipe_benchmark_s1_helper_fixtures.py", line 489, in state
    consumer=p.Consumer(reference,cache,lambda:cancelled[0],lambda producer:(binding,1))
  File "/home/auss/git_repos/samaust/Experiments_4DGS/scripts/vipe_benchmark/s1_progress.py", line 824, in __init__
    self.cancelled=cancelled;self.bindings=bindings;self.current={};self.previous={};self.provenance={};self.channel=mailbox(self.context,'owner')
                                                                                                                     ~~~~~~~^^^^^^^^^^^^^^^^^^^^^^
  File "/home/auss/git_repos/samaust/Experiments_4DGS/scripts/vipe_benchmark/s1_progress.py", line 620, in mailbox
    channel=socket.socket(socket.AF_UNIX,socket.SOCK_DGRAM)
  File "/usr/lib/python3.14/socket.py", line 236, in __init__
    _socket.socket.__init__(self, family, type, proto, fileno)
    ~~~~~~~~~~~~~~~~~~~~~~~^^^^^^^^^^^^^^^^^^^^^^^^^^^^^^^^^^^
PermissionError: [Errno 1] Operation not permitted

======================================================================
ERROR: test_progress_plan047_publication_faults (test_vipe_benchmark_supervisor.HelperSessionTests.test_progress_plan047_publication_faults) (kind='checkpoint_flush')
----------------------------------------------------------------------
Traceback (most recent call last):
  File "/home/auss/git_repos/samaust/Experiments_4DGS/tests/test_vipe_benchmark_supervisor.py", line 2741, in test_progress_plan047_publication_faults
    with self.subTest(**case),plan047_state(fixture,Path(temp)/case['kind']) as state:
                              ~~~~~~~~~~~~~^^^^^^^^^^^^^^^^^^^^^^^^^^^^^^^^^
  File "/usr/lib/python3.14/contextlib.py", line 141, in __enter__
    return next(self.gen)
  File "/home/auss/git_repos/samaust/Experiments_4DGS/tests/test_vipe_benchmark_s1_helper_fixtures.py", line 489, in state
    consumer=p.Consumer(reference,cache,lambda:cancelled[0],lambda producer:(binding,1))
  File "/home/auss/git_repos/samaust/Experiments_4DGS/scripts/vipe_benchmark/s1_progress.py", line 824, in __init__
    self.cancelled=cancelled;self.bindings=bindings;self.current={};self.previous={};self.provenance={};self.channel=mailbox(self.context,'owner')
                                                                                                                     ~~~~~~~^^^^^^^^^^^^^^^^^^^^^^
  File "/home/auss/git_repos/samaust/Experiments_4DGS/scripts/vipe_benchmark/s1_progress.py", line 620, in mailbox
    channel=socket.socket(socket.AF_UNIX,socket.SOCK_DGRAM)
  File "/usr/lib/python3.14/socket.py", line 236, in __init__
    _socket.socket.__init__(self, family, type, proto, fileno)
    ~~~~~~~~~~~~~~~~~~~~~~~^^^^^^^^^^^^^^^^^^^^^^^^^^^^^^^^^^^
PermissionError: [Errno 1] Operation not permitted

======================================================================
ERROR: test_progress_plan047_publication_faults (test_vipe_benchmark_supervisor.HelperSessionTests.test_progress_plan047_publication_faults) (kind='checkpoint_fsync')
----------------------------------------------------------------------
Traceback (most recent call last):
  File "/home/auss/git_repos/samaust/Experiments_4DGS/tests/test_vipe_benchmark_supervisor.py", line 2741, in test_progress_plan047_publication_faults
    with self.subTest(**case),plan047_state(fixture,Path(temp)/case['kind']) as state:
                              ~~~~~~~~~~~~~^^^^^^^^^^^^^^^^^^^^^^^^^^^^^^^^^
  File "/usr/lib/python3.14/contextlib.py", line 141, in __enter__
    return next(self.gen)
  File "/home/auss/git_repos/samaust/Experiments_4DGS/tests/test_vipe_benchmark_s1_helper_fixtures.py", line 489, in state
    consumer=p.Consumer(reference,cache,lambda:cancelled[0],lambda producer:(binding,1))
  File "/home/auss/git_repos/samaust/Experiments_4DGS/scripts/vipe_benchmark/s1_progress.py", line 824, in __init__
    self.cancelled=cancelled;self.bindings=bindings;self.current={};self.previous={};self.provenance={};self.channel=mailbox(self.context,'owner')
                                                                                                                     ~~~~~~~^^^^^^^^^^^^^^^^^^^^^^
  File "/home/auss/git_repos/samaust/Experiments_4DGS/scripts/vipe_benchmark/s1_progress.py", line 620, in mailbox
    channel=socket.socket(socket.AF_UNIX,socket.SOCK_DGRAM)
  File "/usr/lib/python3.14/socket.py", line 236, in __init__
    _socket.socket.__init__(self, family, type, proto, fileno)
    ~~~~~~~~~~~~~~~~~~~~~~~^^^^^^^^^^^^^^^^^^^^^^^^^^^^^^^^^^^
PermissionError: [Errno 1] Operation not permitted

======================================================================
ERROR: test_progress_plan047_publication_faults (test_vipe_benchmark_supervisor.HelperSessionTests.test_progress_plan047_publication_faults) (kind='checkpoint_close')
----------------------------------------------------------------------
Traceback (most recent call last):
  File "/home/auss/git_repos/samaust/Experiments_4DGS/tests/test_vipe_benchmark_supervisor.py", line 2741, in test_progress_plan047_publication_faults
    with self.subTest(**case),plan047_state(fixture,Path(temp)/case['kind']) as state:
                              ~~~~~~~~~~~~~^^^^^^^^^^^^^^^^^^^^^^^^^^^^^^^^^
  File "/usr/lib/python3.14/contextlib.py", line 141, in __enter__
    return next(self.gen)
  File "/home/auss/git_repos/samaust/Experiments_4DGS/tests/test_vipe_benchmark_s1_helper_fixtures.py", line 489, in state
    consumer=p.Consumer(reference,cache,lambda:cancelled[0],lambda producer:(binding,1))
  File "/home/auss/git_repos/samaust/Experiments_4DGS/scripts/vipe_benchmark/s1_progress.py", line 824, in __init__
    self.cancelled=cancelled;self.bindings=bindings;self.current={};self.previous={};self.provenance={};self.channel=mailbox(self.context,'owner')
                                                                                                                     ~~~~~~~^^^^^^^^^^^^^^^^^^^^^^
  File "/home/auss/git_repos/samaust/Experiments_4DGS/scripts/vipe_benchmark/s1_progress.py", line 620, in mailbox
    channel=socket.socket(socket.AF_UNIX,socket.SOCK_DGRAM)
  File "/usr/lib/python3.14/socket.py", line 236, in __init__
    _socket.socket.__init__(self, family, type, proto, fileno)
    ~~~~~~~~~~~~~~~~~~~~~~~^^^^^^^^^^^^^^^^^^^^^^^^^^^^^^^^^^^
PermissionError: [Errno 1] Operation not permitted

======================================================================
ERROR: test_progress_plan047_publication_faults (test_vipe_benchmark_supervisor.HelperSessionTests.test_progress_plan047_publication_faults) (kind='checkpoint_readback')
----------------------------------------------------------------------
Traceback (most recent call last):
  File "/home/auss/git_repos/samaust/Experiments_4DGS/tests/test_vipe_benchmark_supervisor.py", line 2741, in test_progress_plan047_publication_faults
    with self.subTest(**case),plan047_state(fixture,Path(temp)/case['kind']) as state:
                              ~~~~~~~~~~~~~^^^^^^^^^^^^^^^^^^^^^^^^^^^^^^^^^
  File "/usr/lib/python3.14/contextlib.py", line 141, in __enter__
    return next(self.gen)
  File "/home/auss/git_repos/samaust/Experiments_4DGS/tests/test_vipe_benchmark_s1_helper_fixtures.py", line 489, in state
    consumer=p.Consumer(reference,cache,lambda:cancelled[0],lambda producer:(binding,1))
  File "/home/auss/git_repos/samaust/Experiments_4DGS/scripts/vipe_benchmark/s1_progress.py", line 824, in __init__
    self.cancelled=cancelled;self.bindings=bindings;self.current={};self.previous={};self.provenance={};self.channel=mailbox(self.context,'owner')
                                                                                                                     ~~~~~~~^^^^^^^^^^^^^^^^^^^^^^
  File "/home/auss/git_repos/samaust/Experiments_4DGS/scripts/vipe_benchmark/s1_progress.py", line 620, in mailbox
    channel=socket.socket(socket.AF_UNIX,socket.SOCK_DGRAM)
  File "/usr/lib/python3.14/socket.py", line 236, in __init__
    _socket.socket.__init__(self, family, type, proto, fileno)
    ~~~~~~~~~~~~~~~~~~~~~~~^^^^^^^^^^^^^^^^^^^^^^^^^^^^^^^^^^^
PermissionError: [Errno 1] Operation not permitted

======================================================================
ERROR: test_progress_plan047_publication_faults (test_vipe_benchmark_supervisor.HelperSessionTests.test_progress_plan047_publication_faults) (kind='head_open')
----------------------------------------------------------------------
Traceback (most recent call last):
  File "/home/auss/git_repos/samaust/Experiments_4DGS/tests/test_vipe_benchmark_supervisor.py", line 2741, in test_progress_plan047_publication_faults
    with self.subTest(**case),plan047_state(fixture,Path(temp)/case['kind']) as state:
                              ~~~~~~~~~~~~~^^^^^^^^^^^^^^^^^^^^^^^^^^^^^^^^^
  File "/usr/lib/python3.14/contextlib.py", line 141, in __enter__
    return next(self.gen)
  File "/home/auss/git_repos/samaust/Experiments_4DGS/tests/test_vipe_benchmark_s1_helper_fixtures.py", line 489, in state
    consumer=p.Consumer(reference,cache,lambda:cancelled[0],lambda producer:(binding,1))
  File "/home/auss/git_repos/samaust/Experiments_4DGS/scripts/vipe_benchmark/s1_progress.py", line 824, in __init__
    self.cancelled=cancelled;self.bindings=bindings;self.current={};self.previous={};self.provenance={};self.channel=mailbox(self.context,'owner')
                                                                                                                     ~~~~~~~^^^^^^^^^^^^^^^^^^^^^^
  File "/home/auss/git_repos/samaust/Experiments_4DGS/scripts/vipe_benchmark/s1_progress.py", line 620, in mailbox
    channel=socket.socket(socket.AF_UNIX,socket.SOCK_DGRAM)
  File "/usr/lib/python3.14/socket.py", line 236, in __init__
    _socket.socket.__init__(self, family, type, proto, fileno)
    ~~~~~~~~~~~~~~~~~~~~~~~^^^^^^^^^^^^^^^^^^^^^^^^^^^^^^^^^^^
PermissionError: [Errno 1] Operation not permitted

======================================================================
ERROR: test_progress_plan047_publication_faults (test_vipe_benchmark_supervisor.HelperSessionTests.test_progress_plan047_publication_faults) (kind='head_write_short')
----------------------------------------------------------------------
Traceback (most recent call last):
  File "/home/auss/git_repos/samaust/Experiments_4DGS/tests/test_vipe_benchmark_supervisor.py", line 2741, in test_progress_plan047_publication_faults
    with self.subTest(**case),plan047_state(fixture,Path(temp)/case['kind']) as state:
                              ~~~~~~~~~~~~~^^^^^^^^^^^^^^^^^^^^^^^^^^^^^^^^^
  File "/usr/lib/python3.14/contextlib.py", line 141, in __enter__
    return next(self.gen)
  File "/home/auss/git_repos/samaust/Experiments_4DGS/tests/test_vipe_benchmark_s1_helper_fixtures.py", line 489, in state
    consumer=p.Consumer(reference,cache,lambda:cancelled[0],lambda producer:(binding,1))
  File "/home/auss/git_repos/samaust/Experiments_4DGS/scripts/vipe_benchmark/s1_progress.py", line 824, in __init__
    self.cancelled=cancelled;self.bindings=bindings;self.current={};self.previous={};self.provenance={};self.channel=mailbox(self.context,'owner')
                                                                                                                     ~~~~~~~^^^^^^^^^^^^^^^^^^^^^^
  File "/home/auss/git_repos/samaust/Experiments_4DGS/scripts/vipe_benchmark/s1_progress.py", line 620, in mailbox
    channel=socket.socket(socket.AF_UNIX,socket.SOCK_DGRAM)
  File "/usr/lib/python3.14/socket.py", line 236, in __init__
    _socket.socket.__init__(self, family, type, proto, fileno)
    ~~~~~~~~~~~~~~~~~~~~~~~^^^^^^^^^^^^^^^^^^^^^^^^^^^^^^^^^^^
PermissionError: [Errno 1] Operation not permitted

======================================================================
ERROR: test_progress_plan047_publication_faults (test_vipe_benchmark_supervisor.HelperSessionTests.test_progress_plan047_publication_faults) (kind='head_flush')
----------------------------------------------------------------------
Traceback (most recent call last):
  File "/home/auss/git_repos/samaust/Experiments_4DGS/tests/test_vipe_benchmark_supervisor.py", line 2741, in test_progress_plan047_publication_faults
    with self.subTest(**case),plan047_state(fixture,Path(temp)/case['kind']) as state:
                              ~~~~~~~~~~~~~^^^^^^^^^^^^^^^^^^^^^^^^^^^^^^^^^
  File "/usr/lib/python3.14/contextlib.py", line 141, in __enter__
    return next(self.gen)
  File "/home/auss/git_repos/samaust/Experiments_4DGS/tests/test_vipe_benchmark_s1_helper_fixtures.py", line 489, in state
    consumer=p.Consumer(reference,cache,lambda:cancelled[0],lambda producer:(binding,1))
  File "/home/auss/git_repos/samaust/Experiments_4DGS/scripts/vipe_benchmark/s1_progress.py", line 824, in __init__
    self.cancelled=cancelled;self.bindings=bindings;self.current={};self.previous={};self.provenance={};self.channel=mailbox(self.context,'owner')
                                                                                                                     ~~~~~~~^^^^^^^^^^^^^^^^^^^^^^
  File "/home/auss/git_repos/samaust/Experiments_4DGS/scripts/vipe_benchmark/s1_progress.py", line 620, in mailbox
    channel=socket.socket(socket.AF_UNIX,socket.SOCK_DGRAM)
  File "/usr/lib/python3.14/socket.py", line 236, in __init__
    _socket.socket.__init__(self, family, type, proto, fileno)
    ~~~~~~~~~~~~~~~~~~~~~~~^^^^^^^^^^^^^^^^^^^^^^^^^^^^^^^^^^^
PermissionError: [Errno 1] Operation not permitted

======================================================================
ERROR: test_progress_plan047_publication_faults (test_vipe_benchmark_supervisor.HelperSessionTests.test_progress_plan047_publication_faults) (kind='head_fsync')
----------------------------------------------------------------------
Traceback (most recent call last):
  File "/home/auss/git_repos/samaust/Experiments_4DGS/tests/test_vipe_benchmark_supervisor.py", line 2741, in test_progress_plan047_publication_faults
    with self.subTest(**case),plan047_state(fixture,Path(temp)/case['kind']) as state:
                              ~~~~~~~~~~~~~^^^^^^^^^^^^^^^^^^^^^^^^^^^^^^^^^
  File "/usr/lib/python3.14/contextlib.py", line 141, in __enter__
    return next(self.gen)
  File "/home/auss/git_repos/samaust/Experiments_4DGS/tests/test_vipe_benchmark_s1_helper_fixtures.py", line 489, in state
    consumer=p.Consumer(reference,cache,lambda:cancelled[0],lambda producer:(binding,1))
  File "/home/auss/git_repos/samaust/Experiments_4DGS/scripts/vipe_benchmark/s1_progress.py", line 824, in __init__
    self.cancelled=cancelled;self.bindings=bindings;self.current={};self.previous={};self.provenance={};self.channel=mailbox(self.context,'owner')
                                                                                                                     ~~~~~~~^^^^^^^^^^^^^^^^^^^^^^
  File "/home/auss/git_repos/samaust/Experiments_4DGS/scripts/vipe_benchmark/s1_progress.py", line 620, in mailbox
    channel=socket.socket(socket.AF_UNIX,socket.SOCK_DGRAM)
  File "/usr/lib/python3.14/socket.py", line 236, in __init__
    _socket.socket.__init__(self, family, type, proto, fileno)
    ~~~~~~~~~~~~~~~~~~~~~~~^^^^^^^^^^^^^^^^^^^^^^^^^^^^^^^^^^^
PermissionError: [Errno 1] Operation not permitted

======================================================================
ERROR: test_progress_plan047_publication_faults (test_vipe_benchmark_supervisor.HelperSessionTests.test_progress_plan047_publication_faults) (kind='head_close')
----------------------------------------------------------------------
Traceback (most recent call last):
  File "/home/auss/git_repos/samaust/Experiments_4DGS/tests/test_vipe_benchmark_supervisor.py", line 2741, in test_progress_plan047_publication_faults
    with self.subTest(**case),plan047_state(fixture,Path(temp)/case['kind']) as state:
                              ~~~~~~~~~~~~~^^^^^^^^^^^^^^^^^^^^^^^^^^^^^^^^^
  File "/usr/lib/python3.14/contextlib.py", line 141, in __enter__
    return next(self.gen)
  File "/home/auss/git_repos/samaust/Experiments_4DGS/tests/test_vipe_benchmark_s1_helper_fixtures.py", line 489, in state
    consumer=p.Consumer(reference,cache,lambda:cancelled[0],lambda producer:(binding,1))
  File "/home/auss/git_repos/samaust/Experiments_4DGS/scripts/vipe_benchmark/s1_progress.py", line 824, in __init__
    self.cancelled=cancelled;self.bindings=bindings;self.current={};self.previous={};self.provenance={};self.channel=mailbox(self.context,'owner')
                                                                                                                     ~~~~~~~^^^^^^^^^^^^^^^^^^^^^^
  File "/home/auss/git_repos/samaust/Experiments_4DGS/scripts/vipe_benchmark/s1_progress.py", line 620, in mailbox
    channel=socket.socket(socket.AF_UNIX,socket.SOCK_DGRAM)
  File "/usr/lib/python3.14/socket.py", line 236, in __init__
    _socket.socket.__init__(self, family, type, proto, fileno)
    ~~~~~~~~~~~~~~~~~~~~~~~^^^^^^^^^^^^^^^^^^^^^^^^^^^^^^^^^^^
PermissionError: [Errno 1] Operation not permitted

======================================================================
ERROR: test_progress_plan047_publication_faults (test_vipe_benchmark_supervisor.HelperSessionTests.test_progress_plan047_publication_faults) (kind='head_readback')
----------------------------------------------------------------------
Traceback (most recent call last):
  File "/home/auss/git_repos/samaust/Experiments_4DGS/tests/test_vipe_benchmark_supervisor.py", line 2741, in test_progress_plan047_publication_faults
    with self.subTest(**case),plan047_state(fixture,Path(temp)/case['kind']) as state:
                              ~~~~~~~~~~~~~^^^^^^^^^^^^^^^^^^^^^^^^^^^^^^^^^
  File "/usr/lib/python3.14/contextlib.py", line 141, in __enter__
    return next(self.gen)
  File "/home/auss/git_repos/samaust/Experiments_4DGS/tests/test_vipe_benchmark_s1_helper_fixtures.py", line 489, in state
    consumer=p.Consumer(reference,cache,lambda:cancelled[0],lambda producer:(binding,1))
  File "/home/auss/git_repos/samaust/Experiments_4DGS/scripts/vipe_benchmark/s1_progress.py", line 824, in __init__
    self.cancelled=cancelled;self.bindings=bindings;self.current={};self.previous={};self.provenance={};self.channel=mailbox(self.context,'owner')
                                                                                                                     ~~~~~~~^^^^^^^^^^^^^^^^^^^^^^
  File "/home/auss/git_repos/samaust/Experiments_4DGS/scripts/vipe_benchmark/s1_progress.py", line 620, in mailbox
    channel=socket.socket(socket.AF_UNIX,socket.SOCK_DGRAM)
  File "/usr/lib/python3.14/socket.py", line 236, in __init__
    _socket.socket.__init__(self, family, type, proto, fileno)
    ~~~~~~~~~~~~~~~~~~~~~~~^^^^^^^^^^^^^^^^^^^^^^^^^^^^^^^^^^^
PermissionError: [Errno 1] Operation not permitted

======================================================================
ERROR: test_progress_plan047_publication_faults (test_vipe_benchmark_supervisor.HelperSessionTests.test_progress_plan047_publication_faults) (kind='generation_collision_exact')
----------------------------------------------------------------------
Traceback (most recent call last):
  File "/home/auss/git_repos/samaust/Experiments_4DGS/tests/test_vipe_benchmark_supervisor.py", line 2741, in test_progress_plan047_publication_faults
    with self.subTest(**case),plan047_state(fixture,Path(temp)/case['kind']) as state:
                              ~~~~~~~~~~~~~^^^^^^^^^^^^^^^^^^^^^^^^^^^^^^^^^
  File "/usr/lib/python3.14/contextlib.py", line 141, in __enter__
    return next(self.gen)
  File "/home/auss/git_repos/samaust/Experiments_4DGS/tests/test_vipe_benchmark_s1_helper_fixtures.py", line 489, in state
    consumer=p.Consumer(reference,cache,lambda:cancelled[0],lambda producer:(binding,1))
  File "/home/auss/git_repos/samaust/Experiments_4DGS/scripts/vipe_benchmark/s1_progress.py", line 824, in __init__
    self.cancelled=cancelled;self.bindings=bindings;self.current={};self.previous={};self.provenance={};self.channel=mailbox(self.context,'owner')
                                                                                                                     ~~~~~~~^^^^^^^^^^^^^^^^^^^^^^
  File "/home/auss/git_repos/samaust/Experiments_4DGS/scripts/vipe_benchmark/s1_progress.py", line 620, in mailbox
    channel=socket.socket(socket.AF_UNIX,socket.SOCK_DGRAM)
  File "/usr/lib/python3.14/socket.py", line 236, in __init__
    _socket.socket.__init__(self, family, type, proto, fileno)
    ~~~~~~~~~~~~~~~~~~~~~~~^^^^^^^^^^^^^^^^^^^^^^^^^^^^^^^^^^^
PermissionError: [Errno 1] Operation not permitted

======================================================================
ERROR: test_progress_plan047_publication_faults (test_vipe_benchmark_supervisor.HelperSessionTests.test_progress_plan047_publication_faults) (kind='generation_collision_changed')
----------------------------------------------------------------------
Traceback (most recent call last):
  File "/home/auss/git_repos/samaust/Experiments_4DGS/tests/test_vipe_benchmark_supervisor.py", line 2741, in test_progress_plan047_publication_faults
    with self.subTest(**case),plan047_state(fixture,Path(temp)/case['kind']) as state:
                              ~~~~~~~~~~~~~^^^^^^^^^^^^^^^^^^^^^^^^^^^^^^^^^
  File "/usr/lib/python3.14/contextlib.py", line 141, in __enter__
    return next(self.gen)
  File "/home/auss/git_repos/samaust/Experiments_4DGS/tests/test_vipe_benchmark_s1_helper_fixtures.py", line 489, in state
    consumer=p.Consumer(reference,cache,lambda:cancelled[0],lambda producer:(binding,1))
  File "/home/auss/git_repos/samaust/Experiments_4DGS/scripts/vipe_benchmark/s1_progress.py", line 824, in __init__
    self.cancelled=cancelled;self.bindings=bindings;self.current={};self.previous={};self.provenance={};self.channel=mailbox(self.context,'owner')
                                                                                                                     ~~~~~~~^^^^^^^^^^^^^^^^^^^^^^
  File "/home/auss/git_repos/samaust/Experiments_4DGS/scripts/vipe_benchmark/s1_progress.py", line 620, in mailbox
    channel=socket.socket(socket.AF_UNIX,socket.SOCK_DGRAM)
  File "/usr/lib/python3.14/socket.py", line 236, in __init__
    _socket.socket.__init__(self, family, type, proto, fileno)
    ~~~~~~~~~~~~~~~~~~~~~~~^^^^^^^^^^^^^^^^^^^^^^^^^^^^^^^^^^^
PermissionError: [Errno 1] Operation not permitted

======================================================================
ERROR: test_progress_plan047_publication_faults (test_vipe_benchmark_supervisor.HelperSessionTests.test_progress_plan047_publication_faults) (kind='generation_dir_fsync')
----------------------------------------------------------------------
Traceback (most recent call last):
  File "/home/auss/git_repos/samaust/Experiments_4DGS/tests/test_vipe_benchmark_supervisor.py", line 2741, in test_progress_plan047_publication_faults
    with self.subTest(**case),plan047_state(fixture,Path(temp)/case['kind']) as state:
                              ~~~~~~~~~~~~~^^^^^^^^^^^^^^^^^^^^^^^^^^^^^^^^^
  File "/usr/lib/python3.14/contextlib.py", line 141, in __enter__
    return next(self.gen)
  File "/home/auss/git_repos/samaust/Experiments_4DGS/tests/test_vipe_benchmark_s1_helper_fixtures.py", line 489, in state
    consumer=p.Consumer(reference,cache,lambda:cancelled[0],lambda producer:(binding,1))
  File "/home/auss/git_repos/samaust/Experiments_4DGS/scripts/vipe_benchmark/s1_progress.py", line 824, in __init__
    self.cancelled=cancelled;self.bindings=bindings;self.current={};self.previous={};self.provenance={};self.channel=mailbox(self.context,'owner')
                                                                                                                     ~~~~~~~^^^^^^^^^^^^^^^^^^^^^^
  File "/home/auss/git_repos/samaust/Experiments_4DGS/scripts/vipe_benchmark/s1_progress.py", line 620, in mailbox
    channel=socket.socket(socket.AF_UNIX,socket.SOCK_DGRAM)
  File "/usr/lib/python3.14/socket.py", line 236, in __init__
    _socket.socket.__init__(self, family, type, proto, fileno)
    ~~~~~~~~~~~~~~~~~~~~~~~^^^^^^^^^^^^^^^^^^^^^^^^^^^^^^^^^^^
PermissionError: [Errno 1] Operation not permitted

======================================================================
ERROR: test_progress_plan047_publication_faults (test_vipe_benchmark_supervisor.HelperSessionTests.test_progress_plan047_publication_faults) (kind='head_dir_fsync')
----------------------------------------------------------------------
Traceback (most recent call last):
  File "/home/auss/git_repos/samaust/Experiments_4DGS/tests/test_vipe_benchmark_supervisor.py", line 2741, in test_progress_plan047_publication_faults
    with self.subTest(**case),plan047_state(fixture,Path(temp)/case['kind']) as state:
                              ~~~~~~~~~~~~~^^^^^^^^^^^^^^^^^^^^^^^^^^^^^^^^^
  File "/usr/lib/python3.14/contextlib.py", line 141, in __enter__
    return next(self.gen)
  File "/home/auss/git_repos/samaust/Experiments_4DGS/tests/test_vipe_benchmark_s1_helper_fixtures.py", line 489, in state
    consumer=p.Consumer(reference,cache,lambda:cancelled[0],lambda producer:(binding,1))
  File "/home/auss/git_repos/samaust/Experiments_4DGS/scripts/vipe_benchmark/s1_progress.py", line 824, in __init__
    self.cancelled=cancelled;self.bindings=bindings;self.current={};self.previous={};self.provenance={};self.channel=mailbox(self.context,'owner')
                                                                                                                     ~~~~~~~^^^^^^^^^^^^^^^^^^^^^^
  File "/home/auss/git_repos/samaust/Experiments_4DGS/scripts/vipe_benchmark/s1_progress.py", line 620, in mailbox
    channel=socket.socket(socket.AF_UNIX,socket.SOCK_DGRAM)
  File "/usr/lib/python3.14/socket.py", line 236, in __init__
    _socket.socket.__init__(self, family, type, proto, fileno)
    ~~~~~~~~~~~~~~~~~~~~~~~^^^^^^^^^^^^^^^^^^^^^^^^^^^^^^^^^^^
PermissionError: [Errno 1] Operation not permitted

======================================================================
ERROR: test_progress_plan047_publication_faults (test_vipe_benchmark_supervisor.HelperSessionTests.test_progress_plan047_publication_faults) (kind='final_generation_readback')
----------------------------------------------------------------------
Traceback (most recent call last):
  File "/home/auss/git_repos/samaust/Experiments_4DGS/tests/test_vipe_benchmark_supervisor.py", line 2741, in test_progress_plan047_publication_faults
    with self.subTest(**case),plan047_state(fixture,Path(temp)/case['kind']) as state:
                              ~~~~~~~~~~~~~^^^^^^^^^^^^^^^^^^^^^^^^^^^^^^^^^
  File "/usr/lib/python3.14/contextlib.py", line 141, in __enter__
    return next(self.gen)
  File "/home/auss/git_repos/samaust/Experiments_4DGS/tests/test_vipe_benchmark_s1_helper_fixtures.py", line 489, in state
    consumer=p.Consumer(reference,cache,lambda:cancelled[0],lambda producer:(binding,1))
  File "/home/auss/git_repos/samaust/Experiments_4DGS/scripts/vipe_benchmark/s1_progress.py", line 824, in __init__
    self.cancelled=cancelled;self.bindings=bindings;self.current={};self.previous={};self.provenance={};self.channel=mailbox(self.context,'owner')
                                                                                                                     ~~~~~~~^^^^^^^^^^^^^^^^^^^^^^
  File "/home/auss/git_repos/samaust/Experiments_4DGS/scripts/vipe_benchmark/s1_progress.py", line 620, in mailbox
    channel=socket.socket(socket.AF_UNIX,socket.SOCK_DGRAM)
  File "/usr/lib/python3.14/socket.py", line 236, in __init__
    _socket.socket.__init__(self, family, type, proto, fileno)
    ~~~~~~~~~~~~~~~~~~~~~~~^^^^^^^^^^^^^^^^^^^^^^^^^^^^^^^^^^^
PermissionError: [Errno 1] Operation not permitted

======================================================================
ERROR: test_progress_plan047_publication_faults (test_vipe_benchmark_supervisor.HelperSessionTests.test_progress_plan047_publication_faults) (kind='final_head_readback')
----------------------------------------------------------------------
Traceback (most recent call last):
  File "/home/auss/git_repos/samaust/Experiments_4DGS/tests/test_vipe_benchmark_supervisor.py", line 2741, in test_progress_plan047_publication_faults
    with self.subTest(**case),plan047_state(fixture,Path(temp)/case['kind']) as state:
                              ~~~~~~~~~~~~~^^^^^^^^^^^^^^^^^^^^^^^^^^^^^^^^^
  File "/usr/lib/python3.14/contextlib.py", line 141, in __enter__
    return next(self.gen)
  File "/home/auss/git_repos/samaust/Experiments_4DGS/tests/test_vipe_benchmark_s1_helper_fixtures.py", line 489, in state
    consumer=p.Consumer(reference,cache,lambda:cancelled[0],lambda producer:(binding,1))
  File "/home/auss/git_repos/samaust/Experiments_4DGS/scripts/vipe_benchmark/s1_progress.py", line 824, in __init__
    self.cancelled=cancelled;self.bindings=bindings;self.current={};self.previous={};self.provenance={};self.channel=mailbox(self.context,'owner')
                                                                                                                     ~~~~~~~^^^^^^^^^^^^^^^^^^^^^^
  File "/home/auss/git_repos/samaust/Experiments_4DGS/scripts/vipe_benchmark/s1_progress.py", line 620, in mailbox
    channel=socket.socket(socket.AF_UNIX,socket.SOCK_DGRAM)
  File "/usr/lib/python3.14/socket.py", line 236, in __init__
    _socket.socket.__init__(self, family, type, proto, fileno)
    ~~~~~~~~~~~~~~~~~~~~~~~^^^^^^^^^^^^^^^^^^^^^^^^^^^^^^^^^^^
PermissionError: [Errno 1] Operation not permitted

======================================================================
ERROR: test_progress_plan047_publication_faults (test_vipe_benchmark_supervisor.HelperSessionTests.test_progress_plan047_publication_faults) (kind='ack_send_short')
----------------------------------------------------------------------
Traceback (most recent call last):
  File "/home/auss/git_repos/samaust/Experiments_4DGS/tests/test_vipe_benchmark_supervisor.py", line 2741, in test_progress_plan047_publication_faults
    with self.subTest(**case),plan047_state(fixture,Path(temp)/case['kind']) as state:
                              ~~~~~~~~~~~~~^^^^^^^^^^^^^^^^^^^^^^^^^^^^^^^^^
  File "/usr/lib/python3.14/contextlib.py", line 141, in __enter__
    return next(self.gen)
  File "/home/auss/git_repos/samaust/Experiments_4DGS/tests/test_vipe_benchmark_s1_helper_fixtures.py", line 489, in state
    consumer=p.Consumer(reference,cache,lambda:cancelled[0],lambda producer:(binding,1))
  File "/home/auss/git_repos/samaust/Experiments_4DGS/scripts/vipe_benchmark/s1_progress.py", line 824, in __init__
    self.cancelled=cancelled;self.bindings=bindings;self.current={};self.previous={};self.provenance={};self.channel=mailbox(self.context,'owner')
                                                                                                                     ~~~~~~~^^^^^^^^^^^^^^^^^^^^^^
  File "/home/auss/git_repos/samaust/Experiments_4DGS/scripts/vipe_benchmark/s1_progress.py", line 620, in mailbox
    channel=socket.socket(socket.AF_UNIX,socket.SOCK_DGRAM)
  File "/usr/lib/python3.14/socket.py", line 236, in __init__
    _socket.socket.__init__(self, family, type, proto, fileno)
    ~~~~~~~~~~~~~~~~~~~~~~~^^^^^^^^^^^^^^^^^^^^^^^^^^^^^^^^^^^
PermissionError: [Errno 1] Operation not permitted

======================================================================
ERROR: test_progress_plan047_publication_faults (test_vipe_benchmark_supervisor.HelperSessionTests.test_progress_plan047_publication_faults) (kind='ack_send_late')
----------------------------------------------------------------------
Traceback (most recent call last):
  File "/home/auss/git_repos/samaust/Experiments_4DGS/tests/test_vipe_benchmark_supervisor.py", line 2741, in test_progress_plan047_publication_faults
    with self.subTest(**case),plan047_state(fixture,Path(temp)/case['kind']) as state:
                              ~~~~~~~~~~~~~^^^^^^^^^^^^^^^^^^^^^^^^^^^^^^^^^
  File "/usr/lib/python3.14/contextlib.py", line 141, in __enter__
    return next(self.gen)
  File "/home/auss/git_repos/samaust/Experiments_4DGS/tests/test_vipe_benchmark_s1_helper_fixtures.py", line 489, in state
    consumer=p.Consumer(reference,cache,lambda:cancelled[0],lambda producer:(binding,1))
  File "/home/auss/git_repos/samaust/Experiments_4DGS/scripts/vipe_benchmark/s1_progress.py", line 824, in __init__
    self.cancelled=cancelled;self.bindings=bindings;self.current={};self.previous={};self.provenance={};self.channel=mailbox(self.context,'owner')
                                                                                                                     ~~~~~~~^^^^^^^^^^^^^^^^^^^^^^
  File "/home/auss/git_repos/samaust/Experiments_4DGS/scripts/vipe_benchmark/s1_progress.py", line 620, in mailbox
    channel=socket.socket(socket.AF_UNIX,socket.SOCK_DGRAM)
  File "/usr/lib/python3.14/socket.py", line 236, in __init__
    _socket.socket.__init__(self, family, type, proto, fileno)
    ~~~~~~~~~~~~~~~~~~~~~~~^^^^^^^^^^^^^^^^^^^^^^^^^^^^^^^^^^^
PermissionError: [Errno 1] Operation not permitted

======================================================================
ERROR: test_progress_plan047_publication_faults (test_vipe_benchmark_supervisor.HelperSessionTests.test_progress_plan047_publication_faults) (kind='ack_receive_late')
----------------------------------------------------------------------
Traceback (most recent call last):
  File "/home/auss/git_repos/samaust/Experiments_4DGS/tests/test_vipe_benchmark_supervisor.py", line 2741, in test_progress_plan047_publication_faults
    with self.subTest(**case),plan047_state(fixture,Path(temp)/case['kind']) as state:
                              ~~~~~~~~~~~~~^^^^^^^^^^^^^^^^^^^^^^^^^^^^^^^^^
  File "/usr/lib/python3.14/contextlib.py", line 141, in __enter__
    return next(self.gen)
  File "/home/auss/git_repos/samaust/Experiments_4DGS/tests/test_vipe_benchmark_s1_helper_fixtures.py", line 489, in state
    consumer=p.Consumer(reference,cache,lambda:cancelled[0],lambda producer:(binding,1))
  File "/home/auss/git_repos/samaust/Experiments_4DGS/scripts/vipe_benchmark/s1_progress.py", line 824, in __init__
    self.cancelled=cancelled;self.bindings=bindings;self.current={};self.previous={};self.provenance={};self.channel=mailbox(self.context,'owner')
                                                                                                                     ~~~~~~~^^^^^^^^^^^^^^^^^^^^^^
  File "/home/auss/git_repos/samaust/Experiments_4DGS/scripts/vipe_benchmark/s1_progress.py", line 620, in mailbox
    channel=socket.socket(socket.AF_UNIX,socket.SOCK_DGRAM)
  File "/usr/lib/python3.14/socket.py", line 236, in __init__
    _socket.socket.__init__(self, family, type, proto, fileno)
    ~~~~~~~~~~~~~~~~~~~~~~~^^^^^^^^^^^^^^^^^^^^^^^^^^^^^^^^^^^
PermissionError: [Errno 1] Operation not permitted

======================================================================
ERROR: test_progress_plan047_publication_faults (test_vipe_benchmark_supervisor.HelperSessionTests.test_progress_plan047_publication_faults) (kind='owner_retention_error')
----------------------------------------------------------------------
Traceback (most recent call last):
  File "/home/auss/git_repos/samaust/Experiments_4DGS/tests/test_vipe_benchmark_supervisor.py", line 2741, in test_progress_plan047_publication_faults
    with self.subTest(**case),plan047_state(fixture,Path(temp)/case['kind']) as state:
                              ~~~~~~~~~~~~~^^^^^^^^^^^^^^^^^^^^^^^^^^^^^^^^^
  File "/usr/lib/python3.14/contextlib.py", line 141, in __enter__
    return next(self.gen)
  File "/home/auss/git_repos/samaust/Experiments_4DGS/tests/test_vipe_benchmark_s1_helper_fixtures.py", line 489, in state
    consumer=p.Consumer(reference,cache,lambda:cancelled[0],lambda producer:(binding,1))
  File "/home/auss/git_repos/samaust/Experiments_4DGS/scripts/vipe_benchmark/s1_progress.py", line 824, in __init__
    self.cancelled=cancelled;self.bindings=bindings;self.current={};self.previous={};self.provenance={};self.channel=mailbox(self.context,'owner')
                                                                                                                     ~~~~~~~^^^^^^^^^^^^^^^^^^^^^^
  File "/home/auss/git_repos/samaust/Experiments_4DGS/scripts/vipe_benchmark/s1_progress.py", line 620, in mailbox
    channel=socket.socket(socket.AF_UNIX,socket.SOCK_DGRAM)
  File "/usr/lib/python3.14/socket.py", line 236, in __init__
    _socket.socket.__init__(self, family, type, proto, fileno)
    ~~~~~~~~~~~~~~~~~~~~~~~^^^^^^^^^^^^^^^^^^^^^^^^^^^^^^^^^^^
PermissionError: [Errno 1] Operation not permitted

======================================================================
ERROR: test_progress_plan047_recovery (test_vipe_benchmark_supervisor.HelperSessionTests.test_progress_plan047_recovery) (kind='accepted_exact')
----------------------------------------------------------------------
Traceback (most recent call last):
  File "/home/auss/git_repos/samaust/Experiments_4DGS/tests/test_vipe_benchmark_supervisor.py", line 2566, in test_progress_plan047_recovery
    with self.subTest(**case),plan047_state(fixture,Path(temp)/case['kind']) as state:
                              ~~~~~~~~~~~~~^^^^^^^^^^^^^^^^^^^^^^^^^^^^^^^^^
  File "/usr/lib/python3.14/contextlib.py", line 141, in __enter__
    return next(self.gen)
  File "/home/auss/git_repos/samaust/Experiments_4DGS/tests/test_vipe_benchmark_s1_helper_fixtures.py", line 489, in state
    consumer=p.Consumer(reference,cache,lambda:cancelled[0],lambda producer:(binding,1))
  File "/home/auss/git_repos/samaust/Experiments_4DGS/scripts/vipe_benchmark/s1_progress.py", line 824, in __init__
    self.cancelled=cancelled;self.bindings=bindings;self.current={};self.previous={};self.provenance={};self.channel=mailbox(self.context,'owner')
                                                                                                                     ~~~~~~~^^^^^^^^^^^^^^^^^^^^^^
  File "/home/auss/git_repos/samaust/Experiments_4DGS/scripts/vipe_benchmark/s1_progress.py", line 620, in mailbox
    channel=socket.socket(socket.AF_UNIX,socket.SOCK_DGRAM)
  File "/usr/lib/python3.14/socket.py", line 236, in __init__
    _socket.socket.__init__(self, family, type, proto, fileno)
    ~~~~~~~~~~~~~~~~~~~~~~~^^^^^^^^^^^^^^^^^^^^^^^^^^^^^^^^^^^
PermissionError: [Errno 1] Operation not permitted

======================================================================
ERROR: test_progress_plan047_recovery (test_vipe_benchmark_supervisor.HelperSessionTests.test_progress_plan047_recovery) (kind='optional_valid_successor')
----------------------------------------------------------------------
Traceback (most recent call last):
  File "/home/auss/git_repos/samaust/Experiments_4DGS/tests/test_vipe_benchmark_supervisor.py", line 2566, in test_progress_plan047_recovery
    with self.subTest(**case),plan047_state(fixture,Path(temp)/case['kind']) as state:
                              ~~~~~~~~~~~~~^^^^^^^^^^^^^^^^^^^^^^^^^^^^^^^^^
  File "/usr/lib/python3.14/contextlib.py", line 141, in __enter__
    return next(self.gen)
  File "/home/auss/git_repos/samaust/Experiments_4DGS/tests/test_vipe_benchmark_s1_helper_fixtures.py", line 489, in state
    consumer=p.Consumer(reference,cache,lambda:cancelled[0],lambda producer:(binding,1))
  File "/home/auss/git_repos/samaust/Experiments_4DGS/scripts/vipe_benchmark/s1_progress.py", line 824, in __init__
    self.cancelled=cancelled;self.bindings=bindings;self.current={};self.previous={};self.provenance={};self.channel=mailbox(self.context,'owner')
                                                                                                                     ~~~~~~~^^^^^^^^^^^^^^^^^^^^^^
  File "/home/auss/git_repos/samaust/Experiments_4DGS/scripts/vipe_benchmark/s1_progress.py", line 620, in mailbox
    channel=socket.socket(socket.AF_UNIX,socket.SOCK_DGRAM)
  File "/usr/lib/python3.14/socket.py", line 236, in __init__
    _socket.socket.__init__(self, family, type, proto, fileno)
    ~~~~~~~~~~~~~~~~~~~~~~~^^^^^^^^^^^^^^^^^^^^^^^^^^^^^^^^^^^
PermissionError: [Errno 1] Operation not permitted

======================================================================
ERROR: test_progress_plan047_recovery (test_vipe_benchmark_supervisor.HelperSessionTests.test_progress_plan047_recovery) (kind='optional_successor_body_missing')
----------------------------------------------------------------------
Traceback (most recent call last):
  File "/home/auss/git_repos/samaust/Experiments_4DGS/tests/test_vipe_benchmark_supervisor.py", line 2566, in test_progress_plan047_recovery
    with self.subTest(**case),plan047_state(fixture,Path(temp)/case['kind']) as state:
                              ~~~~~~~~~~~~~^^^^^^^^^^^^^^^^^^^^^^^^^^^^^^^^^
  File "/usr/lib/python3.14/contextlib.py", line 141, in __enter__
    return next(self.gen)
  File "/home/auss/git_repos/samaust/Experiments_4DGS/tests/test_vipe_benchmark_s1_helper_fixtures.py", line 489, in state
    consumer=p.Consumer(reference,cache,lambda:cancelled[0],lambda producer:(binding,1))
  File "/home/auss/git_repos/samaust/Experiments_4DGS/scripts/vipe_benchmark/s1_progress.py", line 824, in __init__
    self.cancelled=cancelled;self.bindings=bindings;self.current={};self.previous={};self.provenance={};self.channel=mailbox(self.context,'owner')
                                                                                                                     ~~~~~~~^^^^^^^^^^^^^^^^^^^^^^
  File "/home/auss/git_repos/samaust/Experiments_4DGS/scripts/vipe_benchmark/s1_progress.py", line 620, in mailbox
    channel=socket.socket(socket.AF_UNIX,socket.SOCK_DGRAM)
  File "/usr/lib/python3.14/socket.py", line 236, in __init__
    _socket.socket.__init__(self, family, type, proto, fileno)
    ~~~~~~~~~~~~~~~~~~~~~~~^^^^^^^^^^^^^^^^^^^^^^^^^^^^^^^^^^^
PermissionError: [Errno 1] Operation not permitted

======================================================================
ERROR: test_progress_plan047_recovery (test_vipe_benchmark_supervisor.HelperSessionTests.test_progress_plan047_recovery) (kind='optional_successor_body_truncated')
----------------------------------------------------------------------
Traceback (most recent call last):
  File "/home/auss/git_repos/samaust/Experiments_4DGS/tests/test_vipe_benchmark_supervisor.py", line 2566, in test_progress_plan047_recovery
    with self.subTest(**case),plan047_state(fixture,Path(temp)/case['kind']) as state:
                              ~~~~~~~~~~~~~^^^^^^^^^^^^^^^^^^^^^^^^^^^^^^^^^
  File "/usr/lib/python3.14/contextlib.py", line 141, in __enter__
    return next(self.gen)
  File "/home/auss/git_repos/samaust/Experiments_4DGS/tests/test_vipe_benchmark_s1_helper_fixtures.py", line 489, in state
    consumer=p.Consumer(reference,cache,lambda:cancelled[0],lambda producer:(binding,1))
  File "/home/auss/git_repos/samaust/Experiments_4DGS/scripts/vipe_benchmark/s1_progress.py", line 824, in __init__
    self.cancelled=cancelled;self.bindings=bindings;self.current={};self.previous={};self.provenance={};self.channel=mailbox(self.context,'owner')
                                                                                                                     ~~~~~~~^^^^^^^^^^^^^^^^^^^^^^
  File "/home/auss/git_repos/samaust/Experiments_4DGS/scripts/vipe_benchmark/s1_progress.py", line 620, in mailbox
    channel=socket.socket(socket.AF_UNIX,socket.SOCK_DGRAM)
  File "/usr/lib/python3.14/socket.py", line 236, in __init__
    _socket.socket.__init__(self, family, type, proto, fileno)
    ~~~~~~~~~~~~~~~~~~~~~~~^^^^^^^^^^^^^^^^^^^^^^^^^^^^^^^^^^^
PermissionError: [Errno 1] Operation not permitted

======================================================================
ERROR: test_progress_plan047_recovery (test_vipe_benchmark_supervisor.HelperSessionTests.test_progress_plan047_recovery) (kind='optional_successor_head_truncated')
----------------------------------------------------------------------
Traceback (most recent call last):
  File "/home/auss/git_repos/samaust/Experiments_4DGS/tests/test_vipe_benchmark_supervisor.py", line 2566, in test_progress_plan047_recovery
    with self.subTest(**case),plan047_state(fixture,Path(temp)/case['kind']) as state:
                              ~~~~~~~~~~~~~^^^^^^^^^^^^^^^^^^^^^^^^^^^^^^^^^
  File "/usr/lib/python3.14/contextlib.py", line 141, in __enter__
    return next(self.gen)
  File "/home/auss/git_repos/samaust/Experiments_4DGS/tests/test_vipe_benchmark_s1_helper_fixtures.py", line 489, in state
    consumer=p.Consumer(reference,cache,lambda:cancelled[0],lambda producer:(binding,1))
  File "/home/auss/git_repos/samaust/Experiments_4DGS/scripts/vipe_benchmark/s1_progress.py", line 824, in __init__
    self.cancelled=cancelled;self.bindings=bindings;self.current={};self.previous={};self.provenance={};self.channel=mailbox(self.context,'owner')
                                                                                                                     ~~~~~~~^^^^^^^^^^^^^^^^^^^^^^
  File "/home/auss/git_repos/samaust/Experiments_4DGS/scripts/vipe_benchmark/s1_progress.py", line 620, in mailbox
    channel=socket.socket(socket.AF_UNIX,socket.SOCK_DGRAM)
  File "/usr/lib/python3.14/socket.py", line 236, in __init__
    _socket.socket.__init__(self, family, type, proto, fileno)
    ~~~~~~~~~~~~~~~~~~~~~~~^^^^^^^^^^^^^^^^^^^^^^^^^^^^^^^^^^^
PermissionError: [Errno 1] Operation not permitted

======================================================================
ERROR: test_progress_plan047_recovery (test_vipe_benchmark_supervisor.HelperSessionTests.test_progress_plan047_recovery) (kind='head_missing_no_intent')
----------------------------------------------------------------------
Traceback (most recent call last):
  File "/home/auss/git_repos/samaust/Experiments_4DGS/tests/test_vipe_benchmark_supervisor.py", line 2566, in test_progress_plan047_recovery
    with self.subTest(**case),plan047_state(fixture,Path(temp)/case['kind']) as state:
                              ~~~~~~~~~~~~~^^^^^^^^^^^^^^^^^^^^^^^^^^^^^^^^^
  File "/usr/lib/python3.14/contextlib.py", line 141, in __enter__
    return next(self.gen)
  File "/home/auss/git_repos/samaust/Experiments_4DGS/tests/test_vipe_benchmark_s1_helper_fixtures.py", line 489, in state
    consumer=p.Consumer(reference,cache,lambda:cancelled[0],lambda producer:(binding,1))
  File "/home/auss/git_repos/samaust/Experiments_4DGS/scripts/vipe_benchmark/s1_progress.py", line 824, in __init__
    self.cancelled=cancelled;self.bindings=bindings;self.current={};self.previous={};self.provenance={};self.channel=mailbox(self.context,'owner')
                                                                                                                     ~~~~~~~^^^^^^^^^^^^^^^^^^^^^^
  File "/home/auss/git_repos/samaust/Experiments_4DGS/scripts/vipe_benchmark/s1_progress.py", line 620, in mailbox
    channel=socket.socket(socket.AF_UNIX,socket.SOCK_DGRAM)
  File "/usr/lib/python3.14/socket.py", line 236, in __init__
    _socket.socket.__init__(self, family, type, proto, fileno)
    ~~~~~~~~~~~~~~~~~~~~~~~^^^^^^^^^^^^^^^^^^^^^^^^^^^^^^^^^^^
PermissionError: [Errno 1] Operation not permitted

======================================================================
ERROR: test_progress_plan047_recovery (test_vipe_benchmark_supervisor.HelperSessionTests.test_progress_plan047_recovery) (kind='head_truncated_no_intent')
----------------------------------------------------------------------
Traceback (most recent call last):
  File "/home/auss/git_repos/samaust/Experiments_4DGS/tests/test_vipe_benchmark_supervisor.py", line 2566, in test_progress_plan047_recovery
    with self.subTest(**case),plan047_state(fixture,Path(temp)/case['kind']) as state:
                              ~~~~~~~~~~~~~^^^^^^^^^^^^^^^^^^^^^^^^^^^^^^^^^
  File "/usr/lib/python3.14/contextlib.py", line 141, in __enter__
    return next(self.gen)
  File "/home/auss/git_repos/samaust/Experiments_4DGS/tests/test_vipe_benchmark_s1_helper_fixtures.py", line 489, in state
    consumer=p.Consumer(reference,cache,lambda:cancelled[0],lambda producer:(binding,1))
  File "/home/auss/git_repos/samaust/Experiments_4DGS/scripts/vipe_benchmark/s1_progress.py", line 824, in __init__
    self.cancelled=cancelled;self.bindings=bindings;self.current={};self.previous={};self.provenance={};self.channel=mailbox(self.context,'owner')
                                                                                                                     ~~~~~~~^^^^^^^^^^^^^^^^^^^^^^
  File "/home/auss/git_repos/samaust/Experiments_4DGS/scripts/vipe_benchmark/s1_progress.py", line 620, in mailbox
    channel=socket.socket(socket.AF_UNIX,socket.SOCK_DGRAM)
  File "/usr/lib/python3.14/socket.py", line 236, in __init__
    _socket.socket.__init__(self, family, type, proto, fileno)
    ~~~~~~~~~~~~~~~~~~~~~~~^^^^^^^^^^^^^^^^^^^^^^^^^^^^^^^^^^^
PermissionError: [Errno 1] Operation not permitted

======================================================================
ERROR: test_progress_plan047_recovery (test_vipe_benchmark_supervisor.HelperSessionTests.test_progress_plan047_recovery) (kind='accepted_body_missing')
----------------------------------------------------------------------
Traceback (most recent call last):
  File "/home/auss/git_repos/samaust/Experiments_4DGS/tests/test_vipe_benchmark_supervisor.py", line 2566, in test_progress_plan047_recovery
    with self.subTest(**case),plan047_state(fixture,Path(temp)/case['kind']) as state:
                              ~~~~~~~~~~~~~^^^^^^^^^^^^^^^^^^^^^^^^^^^^^^^^^
  File "/usr/lib/python3.14/contextlib.py", line 141, in __enter__
    return next(self.gen)
  File "/home/auss/git_repos/samaust/Experiments_4DGS/tests/test_vipe_benchmark_s1_helper_fixtures.py", line 489, in state
    consumer=p.Consumer(reference,cache,lambda:cancelled[0],lambda producer:(binding,1))
  File "/home/auss/git_repos/samaust/Experiments_4DGS/scripts/vipe_benchmark/s1_progress.py", line 824, in __init__
    self.cancelled=cancelled;self.bindings=bindings;self.current={};self.previous={};self.provenance={};self.channel=mailbox(self.context,'owner')
                                                                                                                     ~~~~~~~^^^^^^^^^^^^^^^^^^^^^^
  File "/home/auss/git_repos/samaust/Experiments_4DGS/scripts/vipe_benchmark/s1_progress.py", line 620, in mailbox
    channel=socket.socket(socket.AF_UNIX,socket.SOCK_DGRAM)
  File "/usr/lib/python3.14/socket.py", line 236, in __init__
    _socket.socket.__init__(self, family, type, proto, fileno)
    ~~~~~~~~~~~~~~~~~~~~~~~^^^^^^^^^^^^^^^^^^^^^^^^^^^^^^^^^^^
PermissionError: [Errno 1] Operation not permitted

======================================================================
ERROR: test_progress_plan047_recovery (test_vipe_benchmark_supervisor.HelperSessionTests.test_progress_plan047_recovery) (kind='accepted_body_changed')
----------------------------------------------------------------------
Traceback (most recent call last):
  File "/home/auss/git_repos/samaust/Experiments_4DGS/tests/test_vipe_benchmark_supervisor.py", line 2566, in test_progress_plan047_recovery
    with self.subTest(**case),plan047_state(fixture,Path(temp)/case['kind']) as state:
                              ~~~~~~~~~~~~~^^^^^^^^^^^^^^^^^^^^^^^^^^^^^^^^^
  File "/usr/lib/python3.14/contextlib.py", line 141, in __enter__
    return next(self.gen)
  File "/home/auss/git_repos/samaust/Experiments_4DGS/tests/test_vipe_benchmark_s1_helper_fixtures.py", line 489, in state
    consumer=p.Consumer(reference,cache,lambda:cancelled[0],lambda producer:(binding,1))
  File "/home/auss/git_repos/samaust/Experiments_4DGS/scripts/vipe_benchmark/s1_progress.py", line 824, in __init__
    self.cancelled=cancelled;self.bindings=bindings;self.current={};self.previous={};self.provenance={};self.channel=mailbox(self.context,'owner')
                                                                                                                     ~~~~~~~^^^^^^^^^^^^^^^^^^^^^^
  File "/home/auss/git_repos/samaust/Experiments_4DGS/scripts/vipe_benchmark/s1_progress.py", line 620, in mailbox
    channel=socket.socket(socket.AF_UNIX,socket.SOCK_DGRAM)
  File "/usr/lib/python3.14/socket.py", line 236, in __init__
    _socket.socket.__init__(self, family, type, proto, fileno)
    ~~~~~~~~~~~~~~~~~~~~~~~^^^^^^^^^^^^^^^^^^^^^^^^^^^^^^^^^^^
PermissionError: [Errno 1] Operation not permitted

======================================================================
ERROR: test_progress_plan047_recovery (test_vipe_benchmark_supervisor.HelperSessionTests.test_progress_plan047_recovery) (kind='accepted_head_changed')
----------------------------------------------------------------------
Traceback (most recent call last):
  File "/home/auss/git_repos/samaust/Experiments_4DGS/tests/test_vipe_benchmark_supervisor.py", line 2566, in test_progress_plan047_recovery
    with self.subTest(**case),plan047_state(fixture,Path(temp)/case['kind']) as state:
                              ~~~~~~~~~~~~~^^^^^^^^^^^^^^^^^^^^^^^^^^^^^^^^^
  File "/usr/lib/python3.14/contextlib.py", line 141, in __enter__
    return next(self.gen)
  File "/home/auss/git_repos/samaust/Experiments_4DGS/tests/test_vipe_benchmark_s1_helper_fixtures.py", line 489, in state
    consumer=p.Consumer(reference,cache,lambda:cancelled[0],lambda producer:(binding,1))
  File "/home/auss/git_repos/samaust/Experiments_4DGS/scripts/vipe_benchmark/s1_progress.py", line 824, in __init__
    self.cancelled=cancelled;self.bindings=bindings;self.current={};self.previous={};self.provenance={};self.channel=mailbox(self.context,'owner')
                                                                                                                     ~~~~~~~^^^^^^^^^^^^^^^^^^^^^^
  File "/home/auss/git_repos/samaust/Experiments_4DGS/scripts/vipe_benchmark/s1_progress.py", line 620, in mailbox
    channel=socket.socket(socket.AF_UNIX,socket.SOCK_DGRAM)
  File "/usr/lib/python3.14/socket.py", line 236, in __init__
    _socket.socket.__init__(self, family, type, proto, fileno)
    ~~~~~~~~~~~~~~~~~~~~~~~^^^^^^^^^^^^^^^^^^^^^^^^^^^^^^^^^^^
PermissionError: [Errno 1] Operation not permitted

======================================================================
ERROR: test_progress_plan047_recovery (test_vipe_benchmark_supervisor.HelperSessionTests.test_progress_plan047_recovery) (kind='head_regressed')
----------------------------------------------------------------------
Traceback (most recent call last):
  File "/home/auss/git_repos/samaust/Experiments_4DGS/tests/test_vipe_benchmark_supervisor.py", line 2566, in test_progress_plan047_recovery
    with self.subTest(**case),plan047_state(fixture,Path(temp)/case['kind']) as state:
                              ~~~~~~~~~~~~~^^^^^^^^^^^^^^^^^^^^^^^^^^^^^^^^^
  File "/usr/lib/python3.14/contextlib.py", line 141, in __enter__
    return next(self.gen)
  File "/home/auss/git_repos/samaust/Experiments_4DGS/tests/test_vipe_benchmark_s1_helper_fixtures.py", line 489, in state
    consumer=p.Consumer(reference,cache,lambda:cancelled[0],lambda producer:(binding,1))
  File "/home/auss/git_repos/samaust/Experiments_4DGS/scripts/vipe_benchmark/s1_progress.py", line 824, in __init__
    self.cancelled=cancelled;self.bindings=bindings;self.current={};self.previous={};self.provenance={};self.channel=mailbox(self.context,'owner')
                                                                                                                     ~~~~~~~^^^^^^^^^^^^^^^^^^^^^^
  File "/home/auss/git_repos/samaust/Experiments_4DGS/scripts/vipe_benchmark/s1_progress.py", line 620, in mailbox
    channel=socket.socket(socket.AF_UNIX,socket.SOCK_DGRAM)
  File "/usr/lib/python3.14/socket.py", line 236, in __init__
    _socket.socket.__init__(self, family, type, proto, fileno)
    ~~~~~~~~~~~~~~~~~~~~~~~^^^^^^^^^^^^^^^^^^^^^^^^^^^^^^^^^^^
PermissionError: [Errno 1] Operation not permitted

======================================================================
ERROR: test_progress_plan047_recovery (test_vipe_benchmark_supervisor.HelperSessionTests.test_progress_plan047_recovery) (kind='context_changed')
----------------------------------------------------------------------
Traceback (most recent call last):
  File "/home/auss/git_repos/samaust/Experiments_4DGS/tests/test_vipe_benchmark_supervisor.py", line 2566, in test_progress_plan047_recovery
    with self.subTest(**case),plan047_state(fixture,Path(temp)/case['kind']) as state:
                              ~~~~~~~~~~~~~^^^^^^^^^^^^^^^^^^^^^^^^^^^^^^^^^
  File "/usr/lib/python3.14/contextlib.py", line 141, in __enter__
    return next(self.gen)
  File "/home/auss/git_repos/samaust/Experiments_4DGS/tests/test_vipe_benchmark_s1_helper_fixtures.py", line 489, in state
    consumer=p.Consumer(reference,cache,lambda:cancelled[0],lambda producer:(binding,1))
  File "/home/auss/git_repos/samaust/Experiments_4DGS/scripts/vipe_benchmark/s1_progress.py", line 824, in __init__
    self.cancelled=cancelled;self.bindings=bindings;self.current={};self.previous={};self.provenance={};self.channel=mailbox(self.context,'owner')
                                                                                                                     ~~~~~~~^^^^^^^^^^^^^^^^^^^^^^
  File "/home/auss/git_repos/samaust/Experiments_4DGS/scripts/vipe_benchmark/s1_progress.py", line 620, in mailbox
    channel=socket.socket(socket.AF_UNIX,socket.SOCK_DGRAM)
  File "/usr/lib/python3.14/socket.py", line 236, in __init__
    _socket.socket.__init__(self, family, type, proto, fileno)
    ~~~~~~~~~~~~~~~~~~~~~~~^^^^^^^^^^^^^^^^^^^^^^^^^^^^^^^^^^^
PermissionError: [Errno 1] Operation not permitted

======================================================================
ERROR: test_progress_plan047_recovery (test_vipe_benchmark_supervisor.HelperSessionTests.test_progress_plan047_recovery) (kind='foreign_provenance')
----------------------------------------------------------------------
Traceback (most recent call last):
  File "/home/auss/git_repos/samaust/Experiments_4DGS/tests/test_vipe_benchmark_supervisor.py", line 2566, in test_progress_plan047_recovery
    with self.subTest(**case),plan047_state(fixture,Path(temp)/case['kind']) as state:
                              ~~~~~~~~~~~~~^^^^^^^^^^^^^^^^^^^^^^^^^^^^^^^^^
  File "/usr/lib/python3.14/contextlib.py", line 141, in __enter__
    return next(self.gen)
  File "/home/auss/git_repos/samaust/Experiments_4DGS/tests/test_vipe_benchmark_s1_helper_fixtures.py", line 489, in state
    consumer=p.Consumer(reference,cache,lambda:cancelled[0],lambda producer:(binding,1))
  File "/home/auss/git_repos/samaust/Experiments_4DGS/scripts/vipe_benchmark/s1_progress.py", line 824, in __init__
    self.cancelled=cancelled;self.bindings=bindings;self.current={};self.previous={};self.provenance={};self.channel=mailbox(self.context,'owner')
                                                                                                                     ~~~~~~~^^^^^^^^^^^^^^^^^^^^^^
  File "/home/auss/git_repos/samaust/Experiments_4DGS/scripts/vipe_benchmark/s1_progress.py", line 620, in mailbox
    channel=socket.socket(socket.AF_UNIX,socket.SOCK_DGRAM)
  File "/usr/lib/python3.14/socket.py", line 236, in __init__
    _socket.socket.__init__(self, family, type, proto, fileno)
    ~~~~~~~~~~~~~~~~~~~~~~~^^^^^^^^^^^^^^^^^^^^^^^^^^^^^^^^^^^
PermissionError: [Errno 1] Operation not permitted

======================================================================
ERROR: test_progress_plan047_recovery (test_vipe_benchmark_supervisor.HelperSessionTests.test_progress_plan047_recovery) (kind='unacknowledged_only')
----------------------------------------------------------------------
Traceback (most recent call last):
  File "/home/auss/git_repos/samaust/Experiments_4DGS/tests/test_vipe_benchmark_supervisor.py", line 2566, in test_progress_plan047_recovery
    with self.subTest(**case),plan047_state(fixture,Path(temp)/case['kind']) as state:
                              ~~~~~~~~~~~~~^^^^^^^^^^^^^^^^^^^^^^^^^^^^^^^^^
  File "/usr/lib/python3.14/contextlib.py", line 141, in __enter__
    return next(self.gen)
  File "/home/auss/git_repos/samaust/Experiments_4DGS/tests/test_vipe_benchmark_s1_helper_fixtures.py", line 489, in state
    consumer=p.Consumer(reference,cache,lambda:cancelled[0],lambda producer:(binding,1))
  File "/home/auss/git_repos/samaust/Experiments_4DGS/scripts/vipe_benchmark/s1_progress.py", line 824, in __init__
    self.cancelled=cancelled;self.bindings=bindings;self.current={};self.previous={};self.provenance={};self.channel=mailbox(self.context,'owner')
                                                                                                                     ~~~~~~~^^^^^^^^^^^^^^^^^^^^^^
  File "/home/auss/git_repos/samaust/Experiments_4DGS/scripts/vipe_benchmark/s1_progress.py", line 620, in mailbox
    channel=socket.socket(socket.AF_UNIX,socket.SOCK_DGRAM)
  File "/usr/lib/python3.14/socket.py", line 236, in __init__
    _socket.socket.__init__(self, family, type, proto, fileno)
    ~~~~~~~~~~~~~~~~~~~~~~~^^^^^^^^^^^^^^^^^^^^^^^^^^^^^^^^^^^
PermissionError: [Errno 1] Operation not permitted

======================================================================
ERROR: test_progress_plan047_recovery (test_vipe_benchmark_supervisor.HelperSessionTests.test_progress_plan047_recovery) (kind='history_tripwire')
----------------------------------------------------------------------
Traceback (most recent call last):
  File "/home/auss/git_repos/samaust/Experiments_4DGS/tests/test_vipe_benchmark_supervisor.py", line 2566, in test_progress_plan047_recovery
    with self.subTest(**case),plan047_state(fixture,Path(temp)/case['kind']) as state:
                              ~~~~~~~~~~~~~^^^^^^^^^^^^^^^^^^^^^^^^^^^^^^^^^
  File "/usr/lib/python3.14/contextlib.py", line 141, in __enter__
    return next(self.gen)
  File "/home/auss/git_repos/samaust/Experiments_4DGS/tests/test_vipe_benchmark_s1_helper_fixtures.py", line 489, in state
    consumer=p.Consumer(reference,cache,lambda:cancelled[0],lambda producer:(binding,1))
  File "/home/auss/git_repos/samaust/Experiments_4DGS/scripts/vipe_benchmark/s1_progress.py", line 824, in __init__
    self.cancelled=cancelled;self.bindings=bindings;self.current={};self.previous={};self.provenance={};self.channel=mailbox(self.context,'owner')
                                                                                                                     ~~~~~~~^^^^^^^^^^^^^^^^^^^^^^
  File "/home/auss/git_repos/samaust/Experiments_4DGS/scripts/vipe_benchmark/s1_progress.py", line 620, in mailbox
    channel=socket.socket(socket.AF_UNIX,socket.SOCK_DGRAM)
  File "/usr/lib/python3.14/socket.py", line 236, in __init__
    _socket.socket.__init__(self, family, type, proto, fileno)
    ~~~~~~~~~~~~~~~~~~~~~~~^^^^^^^^^^^^^^^^^^^^^^^^^^^^^^^^^^^
PermissionError: [Errno 1] Operation not permitted

======================================================================
ERROR: test_progress_plan047_recovery (test_vipe_benchmark_supervisor.HelperSessionTests.test_progress_plan047_recovery) (kind='current_previous_retention')
----------------------------------------------------------------------
Traceback (most recent call last):
  File "/home/auss/git_repos/samaust/Experiments_4DGS/tests/test_vipe_benchmark_supervisor.py", line 2566, in test_progress_plan047_recovery
    with self.subTest(**case),plan047_state(fixture,Path(temp)/case['kind']) as state:
                              ~~~~~~~~~~~~~^^^^^^^^^^^^^^^^^^^^^^^^^^^^^^^^^
  File "/usr/lib/python3.14/contextlib.py", line 141, in __enter__
    return next(self.gen)
  File "/home/auss/git_repos/samaust/Experiments_4DGS/tests/test_vipe_benchmark_s1_helper_fixtures.py", line 489, in state
    consumer=p.Consumer(reference,cache,lambda:cancelled[0],lambda producer:(binding,1))
  File "/home/auss/git_repos/samaust/Experiments_4DGS/scripts/vipe_benchmark/s1_progress.py", line 824, in __init__
    self.cancelled=cancelled;self.bindings=bindings;self.current={};self.previous={};self.provenance={};self.channel=mailbox(self.context,'owner')
                                                                                                                     ~~~~~~~^^^^^^^^^^^^^^^^^^^^^^
  File "/home/auss/git_repos/samaust/Experiments_4DGS/scripts/vipe_benchmark/s1_progress.py", line 620, in mailbox
    channel=socket.socket(socket.AF_UNIX,socket.SOCK_DGRAM)
  File "/usr/lib/python3.14/socket.py", line 236, in __init__
    _socket.socket.__init__(self, family, type, proto, fileno)
    ~~~~~~~~~~~~~~~~~~~~~~~^^^^^^^^^^^^^^^^^^^^^^^^^^^^^^^^^^^
PermissionError: [Errno 1] Operation not permitted

======================================================================
ERROR: test_progress_plan047_recovery (test_vipe_benchmark_supervisor.HelperSessionTests.test_progress_plan047_recovery) (kind='late_recovery')
----------------------------------------------------------------------
Traceback (most recent call last):
  File "/home/auss/git_repos/samaust/Experiments_4DGS/tests/test_vipe_benchmark_supervisor.py", line 2566, in test_progress_plan047_recovery
    with self.subTest(**case),plan047_state(fixture,Path(temp)/case['kind']) as state:
                              ~~~~~~~~~~~~~^^^^^^^^^^^^^^^^^^^^^^^^^^^^^^^^^
  File "/usr/lib/python3.14/contextlib.py", line 141, in __enter__
    return next(self.gen)
  File "/home/auss/git_repos/samaust/Experiments_4DGS/tests/test_vipe_benchmark_s1_helper_fixtures.py", line 489, in state
    consumer=p.Consumer(reference,cache,lambda:cancelled[0],lambda producer:(binding,1))
  File "/home/auss/git_repos/samaust/Experiments_4DGS/scripts/vipe_benchmark/s1_progress.py", line 824, in __init__
    self.cancelled=cancelled;self.bindings=bindings;self.current={};self.previous={};self.provenance={};self.channel=mailbox(self.context,'owner')
                                                                                                                     ~~~~~~~^^^^^^^^^^^^^^^^^^^^^^
  File "/home/auss/git_repos/samaust/Experiments_4DGS/scripts/vipe_benchmark/s1_progress.py", line 620, in mailbox
    channel=socket.socket(socket.AF_UNIX,socket.SOCK_DGRAM)
  File "/usr/lib/python3.14/socket.py", line 236, in __init__
    _socket.socket.__init__(self, family, type, proto, fileno)
    ~~~~~~~~~~~~~~~~~~~~~~~^^^^^^^^^^^^^^^^^^^^^^^^^^^^^^^^^^^
PermissionError: [Errno 1] Operation not permitted

======================================================================
ERROR: test_progress_plan047_result_summary (test_vipe_benchmark_supervisor.HelperSessionTests.test_progress_plan047_result_summary)
----------------------------------------------------------------------
Traceback (most recent call last):
  File "/home/auss/git_repos/samaust/Experiments_4DGS/tests/test_vipe_benchmark_supervisor.py", line 3322, in test_progress_plan047_result_summary
    with plan047_state(fixture,Path(temp)/'state') as state:
         ~~~~~~~~~~~~~^^^^^^^^^^^^^^^^^^^^^^^^^^^^
  File "/usr/lib/python3.14/contextlib.py", line 141, in __enter__
    return next(self.gen)
  File "/home/auss/git_repos/samaust/Experiments_4DGS/tests/test_vipe_benchmark_s1_helper_fixtures.py", line 489, in state
    consumer=p.Consumer(reference,cache,lambda:cancelled[0],lambda producer:(binding,1))
  File "/home/auss/git_repos/samaust/Experiments_4DGS/scripts/vipe_benchmark/s1_progress.py", line 824, in __init__
    self.cancelled=cancelled;self.bindings=bindings;self.current={};self.previous={};self.provenance={};self.channel=mailbox(self.context,'owner')
                                                                                                                     ~~~~~~~^^^^^^^^^^^^^^^^^^^^^^
  File "/home/auss/git_repos/samaust/Experiments_4DGS/scripts/vipe_benchmark/s1_progress.py", line 620, in mailbox
    channel=socket.socket(socket.AF_UNIX,socket.SOCK_DGRAM)
  File "/usr/lib/python3.14/socket.py", line 236, in __init__
    _socket.socket.__init__(self, family, type, proto, fileno)
    ~~~~~~~~~~~~~~~~~~~~~~~^^^^^^^^^^^^^^^^^^^^^^^^^^^^^^^^^^^
PermissionError: [Errno 1] Operation not permitted

======================================================================
ERROR: test_progress_plan047_state_authority (test_vipe_benchmark_supervisor.HelperSessionTests.test_progress_plan047_state_authority) (kind='produced_then_semantic_failure')
----------------------------------------------------------------------
Traceback (most recent call last):
  File "/home/auss/git_repos/samaust/Experiments_4DGS/tests/test_vipe_benchmark_supervisor.py", line 3166, in test_progress_plan047_state_authority
    with self.subTest(**case),plan047_state(active_fixture,Path(temp)/case['kind'],qualified=case['kind'] not in ('worker_qualified_overclaim','produced_then_semantic_failure','first_identity_semantics')) as state:
                              ~~~~~~~~~~~~~^^^^^^^^^^^^^^^^^^^^^^^^^^^^^^^^^^^^^^^^^^^^^^^^^^^^^^^^^^^^^^^^^^^^^^^^^^^^^^^^^^^^^^^^^^^^^^^^^^^^^^^^^^^^^^^^^^^^^^^^^^^^^^^^^^^^^^^^^^^^^^^^^^^^^^^^^^^^^^^^^
  File "/usr/lib/python3.14/contextlib.py", line 141, in __enter__
    return next(self.gen)
  File "/home/auss/git_repos/samaust/Experiments_4DGS/tests/test_vipe_benchmark_s1_helper_fixtures.py", line 489, in state
    consumer=p.Consumer(reference,cache,lambda:cancelled[0],lambda producer:(binding,1))
  File "/home/auss/git_repos/samaust/Experiments_4DGS/scripts/vipe_benchmark/s1_progress.py", line 824, in __init__
    self.cancelled=cancelled;self.bindings=bindings;self.current={};self.previous={};self.provenance={};self.channel=mailbox(self.context,'owner')
                                                                                                                     ~~~~~~~^^^^^^^^^^^^^^^^^^^^^^
  File "/home/auss/git_repos/samaust/Experiments_4DGS/scripts/vipe_benchmark/s1_progress.py", line 620, in mailbox
    channel=socket.socket(socket.AF_UNIX,socket.SOCK_DGRAM)
  File "/usr/lib/python3.14/socket.py", line 236, in __init__
    _socket.socket.__init__(self, family, type, proto, fileno)
    ~~~~~~~~~~~~~~~~~~~~~~~^^^^^^^^^^^^^^^^^^^^^^^^^^^^^^^^^^^
PermissionError: [Errno 1] Operation not permitted

======================================================================
ERROR: test_progress_plan047_state_authority (test_vipe_benchmark_supervisor.HelperSessionTests.test_progress_plan047_state_authority) (kind='first_identity_semantics')
----------------------------------------------------------------------
Traceback (most recent call last):
  File "/home/auss/git_repos/samaust/Experiments_4DGS/tests/test_vipe_benchmark_supervisor.py", line 3166, in test_progress_plan047_state_authority
    with self.subTest(**case),plan047_state(active_fixture,Path(temp)/case['kind'],qualified=case['kind'] not in ('worker_qualified_overclaim','produced_then_semantic_failure','first_identity_semantics')) as state:
                              ~~~~~~~~~~~~~^^^^^^^^^^^^^^^^^^^^^^^^^^^^^^^^^^^^^^^^^^^^^^^^^^^^^^^^^^^^^^^^^^^^^^^^^^^^^^^^^^^^^^^^^^^^^^^^^^^^^^^^^^^^^^^^^^^^^^^^^^^^^^^^^^^^^^^^^^^^^^^^^^^^^^^^^^^^^^^^^
  File "/usr/lib/python3.14/contextlib.py", line 141, in __enter__
    return next(self.gen)
  File "/home/auss/git_repos/samaust/Experiments_4DGS/tests/test_vipe_benchmark_s1_helper_fixtures.py", line 489, in state
    consumer=p.Consumer(reference,cache,lambda:cancelled[0],lambda producer:(binding,1))
  File "/home/auss/git_repos/samaust/Experiments_4DGS/scripts/vipe_benchmark/s1_progress.py", line 824, in __init__
    self.cancelled=cancelled;self.bindings=bindings;self.current={};self.previous={};self.provenance={};self.channel=mailbox(self.context,'owner')
                                                                                                                     ~~~~~~~^^^^^^^^^^^^^^^^^^^^^^
  File "/home/auss/git_repos/samaust/Experiments_4DGS/scripts/vipe_benchmark/s1_progress.py", line 620, in mailbox
    channel=socket.socket(socket.AF_UNIX,socket.SOCK_DGRAM)
  File "/usr/lib/python3.14/socket.py", line 236, in __init__
    _socket.socket.__init__(self, family, type, proto, fileno)
    ~~~~~~~~~~~~~~~~~~~~~~~^^^^^^^^^^^^^^^^^^^^^^^^^^^^^^^^^^^
PermissionError: [Errno 1] Operation not permitted

======================================================================
ERROR: test_progress_plan047_state_authority (test_vipe_benchmark_supervisor.HelperSessionTests.test_progress_plan047_state_authority) (kind='worker_reuse_exact')
----------------------------------------------------------------------
Traceback (most recent call last):
  File "/home/auss/git_repos/samaust/Experiments_4DGS/tests/test_vipe_benchmark_supervisor.py", line 3166, in test_progress_plan047_state_authority
    with self.subTest(**case),plan047_state(active_fixture,Path(temp)/case['kind'],qualified=case['kind'] not in ('worker_qualified_overclaim','produced_then_semantic_failure','first_identity_semantics')) as state:
                              ~~~~~~~~~~~~~^^^^^^^^^^^^^^^^^^^^^^^^^^^^^^^^^^^^^^^^^^^^^^^^^^^^^^^^^^^^^^^^^^^^^^^^^^^^^^^^^^^^^^^^^^^^^^^^^^^^^^^^^^^^^^^^^^^^^^^^^^^^^^^^^^^^^^^^^^^^^^^^^^^^^^^^^^^^^^^^^
  File "/usr/lib/python3.14/contextlib.py", line 141, in __enter__
    return next(self.gen)
  File "/home/auss/git_repos/samaust/Experiments_4DGS/tests/test_vipe_benchmark_s1_helper_fixtures.py", line 489, in state
    consumer=p.Consumer(reference,cache,lambda:cancelled[0],lambda producer:(binding,1))
  File "/home/auss/git_repos/samaust/Experiments_4DGS/scripts/vipe_benchmark/s1_progress.py", line 824, in __init__
    self.cancelled=cancelled;self.bindings=bindings;self.current={};self.previous={};self.provenance={};self.channel=mailbox(self.context,'owner')
                                                                                                                     ~~~~~~~^^^^^^^^^^^^^^^^^^^^^^
  File "/home/auss/git_repos/samaust/Experiments_4DGS/scripts/vipe_benchmark/s1_progress.py", line 620, in mailbox
    channel=socket.socket(socket.AF_UNIX,socket.SOCK_DGRAM)
  File "/usr/lib/python3.14/socket.py", line 236, in __init__
    _socket.socket.__init__(self, family, type, proto, fileno)
    ~~~~~~~~~~~~~~~~~~~~~~~^^^^^^^^^^^^^^^^^^^^^^^^^^^^^^^^^^^
PermissionError: [Errno 1] Operation not permitted

======================================================================
ERROR: test_progress_plan047_state_authority (test_vipe_benchmark_supervisor.HelperSessionTests.test_progress_plan047_state_authority) (kind='worker_stale_interleave')
----------------------------------------------------------------------
Traceback (most recent call last):
  File "/home/auss/git_repos/samaust/Experiments_4DGS/tests/test_vipe_benchmark_supervisor.py", line 3166, in test_progress_plan047_state_authority
    with self.subTest(**case),plan047_state(active_fixture,Path(temp)/case['kind'],qualified=case['kind'] not in ('worker_qualified_overclaim','produced_then_semantic_failure','first_identity_semantics')) as state:
                              ~~~~~~~~~~~~~^^^^^^^^^^^^^^^^^^^^^^^^^^^^^^^^^^^^^^^^^^^^^^^^^^^^^^^^^^^^^^^^^^^^^^^^^^^^^^^^^^^^^^^^^^^^^^^^^^^^^^^^^^^^^^^^^^^^^^^^^^^^^^^^^^^^^^^^^^^^^^^^^^^^^^^^^^^^^^^^^
  File "/usr/lib/python3.14/contextlib.py", line 141, in __enter__
    return next(self.gen)
  File "/home/auss/git_repos/samaust/Experiments_4DGS/tests/test_vipe_benchmark_s1_helper_fixtures.py", line 489, in state
    consumer=p.Consumer(reference,cache,lambda:cancelled[0],lambda producer:(binding,1))
  File "/home/auss/git_repos/samaust/Experiments_4DGS/scripts/vipe_benchmark/s1_progress.py", line 824, in __init__
    self.cancelled=cancelled;self.bindings=bindings;self.current={};self.previous={};self.provenance={};self.channel=mailbox(self.context,'owner')
                                                                                                                     ~~~~~~~^^^^^^^^^^^^^^^^^^^^^^
  File "/home/auss/git_repos/samaust/Experiments_4DGS/scripts/vipe_benchmark/s1_progress.py", line 620, in mailbox
    channel=socket.socket(socket.AF_UNIX,socket.SOCK_DGRAM)
  File "/usr/lib/python3.14/socket.py", line 236, in __init__
    _socket.socket.__init__(self, family, type, proto, fileno)
    ~~~~~~~~~~~~~~~~~~~~~~~^^^^^^^^^^^^^^^^^^^^^^^^^^^^^^^^^^^
PermissionError: [Errno 1] Operation not permitted

======================================================================
ERROR: test_progress_plan047_state_authority (test_vipe_benchmark_supervisor.HelperSessionTests.test_progress_plan047_state_authority) (kind='worker_future_reference')
----------------------------------------------------------------------
Traceback (most recent call last):
  File "/home/auss/git_repos/samaust/Experiments_4DGS/tests/test_vipe_benchmark_supervisor.py", line 3166, in test_progress_plan047_state_authority
    with self.subTest(**case),plan047_state(active_fixture,Path(temp)/case['kind'],qualified=case['kind'] not in ('worker_qualified_overclaim','produced_then_semantic_failure','first_identity_semantics')) as state:
                              ~~~~~~~~~~~~~^^^^^^^^^^^^^^^^^^^^^^^^^^^^^^^^^^^^^^^^^^^^^^^^^^^^^^^^^^^^^^^^^^^^^^^^^^^^^^^^^^^^^^^^^^^^^^^^^^^^^^^^^^^^^^^^^^^^^^^^^^^^^^^^^^^^^^^^^^^^^^^^^^^^^^^^^^^^^^^^^
  File "/usr/lib/python3.14/contextlib.py", line 141, in __enter__
    return next(self.gen)
  File "/home/auss/git_repos/samaust/Experiments_4DGS/tests/test_vipe_benchmark_s1_helper_fixtures.py", line 489, in state
    consumer=p.Consumer(reference,cache,lambda:cancelled[0],lambda producer:(binding,1))
  File "/home/auss/git_repos/samaust/Experiments_4DGS/scripts/vipe_benchmark/s1_progress.py", line 824, in __init__
    self.cancelled=cancelled;self.bindings=bindings;self.current={};self.previous={};self.provenance={};self.channel=mailbox(self.context,'owner')
                                                                                                                     ~~~~~~~^^^^^^^^^^^^^^^^^^^^^^
  File "/home/auss/git_repos/samaust/Experiments_4DGS/scripts/vipe_benchmark/s1_progress.py", line 620, in mailbox
    channel=socket.socket(socket.AF_UNIX,socket.SOCK_DGRAM)
  File "/usr/lib/python3.14/socket.py", line 236, in __init__
    _socket.socket.__init__(self, family, type, proto, fileno)
    ~~~~~~~~~~~~~~~~~~~~~~~^^^^^^^^^^^^^^^^^^^^^^^^^^^^^^^^^^^
PermissionError: [Errno 1] Operation not permitted

======================================================================
ERROR: test_progress_plan047_state_authority (test_vipe_benchmark_supervisor.HelperSessionTests.test_progress_plan047_state_authority) (kind='worker_self_reference')
----------------------------------------------------------------------
Traceback (most recent call last):
  File "/home/auss/git_repos/samaust/Experiments_4DGS/tests/test_vipe_benchmark_supervisor.py", line 3166, in test_progress_plan047_state_authority
    with self.subTest(**case),plan047_state(active_fixture,Path(temp)/case['kind'],qualified=case['kind'] not in ('worker_qualified_overclaim','produced_then_semantic_failure','first_identity_semantics')) as state:
                              ~~~~~~~~~~~~~^^^^^^^^^^^^^^^^^^^^^^^^^^^^^^^^^^^^^^^^^^^^^^^^^^^^^^^^^^^^^^^^^^^^^^^^^^^^^^^^^^^^^^^^^^^^^^^^^^^^^^^^^^^^^^^^^^^^^^^^^^^^^^^^^^^^^^^^^^^^^^^^^^^^^^^^^^^^^^^^^
  File "/usr/lib/python3.14/contextlib.py", line 141, in __enter__
    return next(self.gen)
  File "/home/auss/git_repos/samaust/Experiments_4DGS/tests/test_vipe_benchmark_s1_helper_fixtures.py", line 489, in state
    consumer=p.Consumer(reference,cache,lambda:cancelled[0],lambda producer:(binding,1))
  File "/home/auss/git_repos/samaust/Experiments_4DGS/scripts/vipe_benchmark/s1_progress.py", line 824, in __init__
    self.cancelled=cancelled;self.bindings=bindings;self.current={};self.previous={};self.provenance={};self.channel=mailbox(self.context,'owner')
                                                                                                                     ~~~~~~~^^^^^^^^^^^^^^^^^^^^^^
  File "/home/auss/git_repos/samaust/Experiments_4DGS/scripts/vipe_benchmark/s1_progress.py", line 620, in mailbox
    channel=socket.socket(socket.AF_UNIX,socket.SOCK_DGRAM)
  File "/usr/lib/python3.14/socket.py", line 236, in __init__
    _socket.socket.__init__(self, family, type, proto, fileno)
    ~~~~~~~~~~~~~~~~~~~~~~~^^^^^^^^^^^^^^^^^^^^^^^^^^^^^^^^^^^
PermissionError: [Errno 1] Operation not permitted

======================================================================
ERROR: test_progress_plan047_state_authority (test_vipe_benchmark_supervisor.HelperSessionTests.test_progress_plan047_state_authority) (kind='worker_qualified_overclaim')
----------------------------------------------------------------------
Traceback (most recent call last):
  File "/home/auss/git_repos/samaust/Experiments_4DGS/tests/test_vipe_benchmark_supervisor.py", line 3166, in test_progress_plan047_state_authority
    with self.subTest(**case),plan047_state(active_fixture,Path(temp)/case['kind'],qualified=case['kind'] not in ('worker_qualified_overclaim','produced_then_semantic_failure','first_identity_semantics')) as state:
                              ~~~~~~~~~~~~~^^^^^^^^^^^^^^^^^^^^^^^^^^^^^^^^^^^^^^^^^^^^^^^^^^^^^^^^^^^^^^^^^^^^^^^^^^^^^^^^^^^^^^^^^^^^^^^^^^^^^^^^^^^^^^^^^^^^^^^^^^^^^^^^^^^^^^^^^^^^^^^^^^^^^^^^^^^^^^^^^
  File "/usr/lib/python3.14/contextlib.py", line 141, in __enter__
    return next(self.gen)
  File "/home/auss/git_repos/samaust/Experiments_4DGS/tests/test_vipe_benchmark_s1_helper_fixtures.py", line 489, in state
    consumer=p.Consumer(reference,cache,lambda:cancelled[0],lambda producer:(binding,1))
  File "/home/auss/git_repos/samaust/Experiments_4DGS/scripts/vipe_benchmark/s1_progress.py", line 824, in __init__
    self.cancelled=cancelled;self.bindings=bindings;self.current={};self.previous={};self.provenance={};self.channel=mailbox(self.context,'owner')
                                                                                                                     ~~~~~~~^^^^^^^^^^^^^^^^^^^^^^
  File "/home/auss/git_repos/samaust/Experiments_4DGS/scripts/vipe_benchmark/s1_progress.py", line 620, in mailbox
    channel=socket.socket(socket.AF_UNIX,socket.SOCK_DGRAM)
  File "/usr/lib/python3.14/socket.py", line 236, in __init__
    _socket.socket.__init__(self, family, type, proto, fileno)
    ~~~~~~~~~~~~~~~~~~~~~~~^^^^^^^^^^^^^^^^^^^^^^^^^^^^^^^^^^^
PermissionError: [Errno 1] Operation not permitted

======================================================================
ERROR: test_progress_plan047_state_authority (test_vipe_benchmark_supervisor.HelperSessionTests.test_progress_plan047_state_authority) (kind='worker_sources_changed')
----------------------------------------------------------------------
Traceback (most recent call last):
  File "/home/auss/git_repos/samaust/Experiments_4DGS/tests/test_vipe_benchmark_supervisor.py", line 3166, in test_progress_plan047_state_authority
    with self.subTest(**case),plan047_state(active_fixture,Path(temp)/case['kind'],qualified=case['kind'] not in ('worker_qualified_overclaim','produced_then_semantic_failure','first_identity_semantics')) as state:
                              ~~~~~~~~~~~~~^^^^^^^^^^^^^^^^^^^^^^^^^^^^^^^^^^^^^^^^^^^^^^^^^^^^^^^^^^^^^^^^^^^^^^^^^^^^^^^^^^^^^^^^^^^^^^^^^^^^^^^^^^^^^^^^^^^^^^^^^^^^^^^^^^^^^^^^^^^^^^^^^^^^^^^^^^^^^^^^^
  File "/usr/lib/python3.14/contextlib.py", line 141, in __enter__
    return next(self.gen)
  File "/home/auss/git_repos/samaust/Experiments_4DGS/tests/test_vipe_benchmark_s1_helper_fixtures.py", line 489, in state
    consumer=p.Consumer(reference,cache,lambda:cancelled[0],lambda producer:(binding,1))
  File "/home/auss/git_repos/samaust/Experiments_4DGS/scripts/vipe_benchmark/s1_progress.py", line 824, in __init__
    self.cancelled=cancelled;self.bindings=bindings;self.current={};self.previous={};self.provenance={};self.channel=mailbox(self.context,'owner')
                                                                                                                     ~~~~~~~^^^^^^^^^^^^^^^^^^^^^^
  File "/home/auss/git_repos/samaust/Experiments_4DGS/scripts/vipe_benchmark/s1_progress.py", line 620, in mailbox
    channel=socket.socket(socket.AF_UNIX,socket.SOCK_DGRAM)
  File "/usr/lib/python3.14/socket.py", line 236, in __init__
    _socket.socket.__init__(self, family, type, proto, fileno)
    ~~~~~~~~~~~~~~~~~~~~~~~^^^^^^^^^^^^^^^^^^^^^^^^^^^^^^^^^^^
PermissionError: [Errno 1] Operation not permitted

======================================================================
ERROR: test_progress_plan047_state_authority (test_vipe_benchmark_supervisor.HelperSessionTests.test_progress_plan047_state_authority) (kind='worker_row_version_changed')
----------------------------------------------------------------------
Traceback (most recent call last):
  File "/home/auss/git_repos/samaust/Experiments_4DGS/tests/test_vipe_benchmark_supervisor.py", line 3166, in test_progress_plan047_state_authority
    with self.subTest(**case),plan047_state(active_fixture,Path(temp)/case['kind'],qualified=case['kind'] not in ('worker_qualified_overclaim','produced_then_semantic_failure','first_identity_semantics')) as state:
                              ~~~~~~~~~~~~~^^^^^^^^^^^^^^^^^^^^^^^^^^^^^^^^^^^^^^^^^^^^^^^^^^^^^^^^^^^^^^^^^^^^^^^^^^^^^^^^^^^^^^^^^^^^^^^^^^^^^^^^^^^^^^^^^^^^^^^^^^^^^^^^^^^^^^^^^^^^^^^^^^^^^^^^^^^^^^^^^
  File "/usr/lib/python3.14/contextlib.py", line 141, in __enter__
    return next(self.gen)
  File "/home/auss/git_repos/samaust/Experiments_4DGS/tests/test_vipe_benchmark_s1_helper_fixtures.py", line 489, in state
    consumer=p.Consumer(reference,cache,lambda:cancelled[0],lambda producer:(binding,1))
  File "/home/auss/git_repos/samaust/Experiments_4DGS/scripts/vipe_benchmark/s1_progress.py", line 824, in __init__
    self.cancelled=cancelled;self.bindings=bindings;self.current={};self.previous={};self.provenance={};self.channel=mailbox(self.context,'owner')
                                                                                                                     ~~~~~~~^^^^^^^^^^^^^^^^^^^^^^
  File "/home/auss/git_repos/samaust/Experiments_4DGS/scripts/vipe_benchmark/s1_progress.py", line 620, in mailbox
    channel=socket.socket(socket.AF_UNIX,socket.SOCK_DGRAM)
  File "/usr/lib/python3.14/socket.py", line 236, in __init__
    _socket.socket.__init__(self, family, type, proto, fileno)
    ~~~~~~~~~~~~~~~~~~~~~~~^^^^^^^^^^^^^^^^^^^^^^^^^^^^^^^^^^^
PermissionError: [Errno 1] Operation not permitted

======================================================================
ERROR: test_progress_plan047_state_authority (test_vipe_benchmark_supervisor.HelperSessionTests.test_progress_plan047_state_authority) (kind='worker_detached_identity')
----------------------------------------------------------------------
Traceback (most recent call last):
  File "/home/auss/git_repos/samaust/Experiments_4DGS/tests/test_vipe_benchmark_supervisor.py", line 3166, in test_progress_plan047_state_authority
    with self.subTest(**case),plan047_state(active_fixture,Path(temp)/case['kind'],qualified=case['kind'] not in ('worker_qualified_overclaim','produced_then_semantic_failure','first_identity_semantics')) as state:
                              ~~~~~~~~~~~~~^^^^^^^^^^^^^^^^^^^^^^^^^^^^^^^^^^^^^^^^^^^^^^^^^^^^^^^^^^^^^^^^^^^^^^^^^^^^^^^^^^^^^^^^^^^^^^^^^^^^^^^^^^^^^^^^^^^^^^^^^^^^^^^^^^^^^^^^^^^^^^^^^^^^^^^^^^^^^^^^^
  File "/usr/lib/python3.14/contextlib.py", line 141, in __enter__
    return next(self.gen)
  File "/home/auss/git_repos/samaust/Experiments_4DGS/tests/test_vipe_benchmark_s1_helper_fixtures.py", line 489, in state
    consumer=p.Consumer(reference,cache,lambda:cancelled[0],lambda producer:(binding,1))
  File "/home/auss/git_repos/samaust/Experiments_4DGS/scripts/vipe_benchmark/s1_progress.py", line 824, in __init__
    self.cancelled=cancelled;self.bindings=bindings;self.current={};self.previous={};self.provenance={};self.channel=mailbox(self.context,'owner')
                                                                                                                     ~~~~~~~^^^^^^^^^^^^^^^^^^^^^^
  File "/home/auss/git_repos/samaust/Experiments_4DGS/scripts/vipe_benchmark/s1_progress.py", line 620, in mailbox
    channel=socket.socket(socket.AF_UNIX,socket.SOCK_DGRAM)
  File "/usr/lib/python3.14/socket.py", line 236, in __init__
    _socket.socket.__init__(self, family, type, proto, fileno)
    ~~~~~~~~~~~~~~~~~~~~~~~^^^^^^^^^^^^^^^^^^^^^^^^^^^^^^^^^^^
PermissionError: [Errno 1] Operation not permitted

======================================================================
ERROR: test_progress_plan047_state_authority (test_vipe_benchmark_supervisor.HelperSessionTests.test_progress_plan047_state_authority) (kind='trusted_conflict')
----------------------------------------------------------------------
Traceback (most recent call last):
  File "/home/auss/git_repos/samaust/Experiments_4DGS/tests/test_vipe_benchmark_supervisor.py", line 3166, in test_progress_plan047_state_authority
    with self.subTest(**case),plan047_state(active_fixture,Path(temp)/case['kind'],qualified=case['kind'] not in ('worker_qualified_overclaim','produced_then_semantic_failure','first_identity_semantics')) as state:
                              ~~~~~~~~~~~~~^^^^^^^^^^^^^^^^^^^^^^^^^^^^^^^^^^^^^^^^^^^^^^^^^^^^^^^^^^^^^^^^^^^^^^^^^^^^^^^^^^^^^^^^^^^^^^^^^^^^^^^^^^^^^^^^^^^^^^^^^^^^^^^^^^^^^^^^^^^^^^^^^^^^^^^^^^^^^^^^^
  File "/usr/lib/python3.14/contextlib.py", line 141, in __enter__
    return next(self.gen)
  File "/home/auss/git_repos/samaust/Experiments_4DGS/tests/test_vipe_benchmark_s1_helper_fixtures.py", line 489, in state
    consumer=p.Consumer(reference,cache,lambda:cancelled[0],lambda producer:(binding,1))
  File "/home/auss/git_repos/samaust/Experiments_4DGS/scripts/vipe_benchmark/s1_progress.py", line 824, in __init__
    self.cancelled=cancelled;self.bindings=bindings;self.current={};self.previous={};self.provenance={};self.channel=mailbox(self.context,'owner')
                                                                                                                     ~~~~~~~^^^^^^^^^^^^^^^^^^^^^^
  File "/home/auss/git_repos/samaust/Experiments_4DGS/scripts/vipe_benchmark/s1_progress.py", line 620, in mailbox
    channel=socket.socket(socket.AF_UNIX,socket.SOCK_DGRAM)
  File "/usr/lib/python3.14/socket.py", line 236, in __init__
    _socket.socket.__init__(self, family, type, proto, fileno)
    ~~~~~~~~~~~~~~~~~~~~~~~^^^^^^^^^^^^^^^^^^^^^^^^^^^^^^^^^^^
PermissionError: [Errno 1] Operation not permitted

======================================================================
ERROR: test_progress_plan047_state_authority (test_vipe_benchmark_supervisor.HelperSessionTests.test_progress_plan047_state_authority) (kind='discovered_conflict')
----------------------------------------------------------------------
Traceback (most recent call last):
  File "/home/auss/git_repos/samaust/Experiments_4DGS/tests/test_vipe_benchmark_supervisor.py", line 3166, in test_progress_plan047_state_authority
    with self.subTest(**case),plan047_state(active_fixture,Path(temp)/case['kind'],qualified=case['kind'] not in ('worker_qualified_overclaim','produced_then_semantic_failure','first_identity_semantics')) as state:
                              ~~~~~~~~~~~~~^^^^^^^^^^^^^^^^^^^^^^^^^^^^^^^^^^^^^^^^^^^^^^^^^^^^^^^^^^^^^^^^^^^^^^^^^^^^^^^^^^^^^^^^^^^^^^^^^^^^^^^^^^^^^^^^^^^^^^^^^^^^^^^^^^^^^^^^^^^^^^^^^^^^^^^^^^^^^^^^^
  File "/usr/lib/python3.14/contextlib.py", line 141, in __enter__
    return next(self.gen)
  File "/home/auss/git_repos/samaust/Experiments_4DGS/tests/test_vipe_benchmark_s1_helper_fixtures.py", line 489, in state
    consumer=p.Consumer(reference,cache,lambda:cancelled[0],lambda producer:(binding,1))
  File "/home/auss/git_repos/samaust/Experiments_4DGS/scripts/vipe_benchmark/s1_progress.py", line 824, in __init__
    self.cancelled=cancelled;self.bindings=bindings;self.current={};self.previous={};self.provenance={};self.channel=mailbox(self.context,'owner')
                                                                                                                     ~~~~~~~^^^^^^^^^^^^^^^^^^^^^^
  File "/home/auss/git_repos/samaust/Experiments_4DGS/scripts/vipe_benchmark/s1_progress.py", line 620, in mailbox
    channel=socket.socket(socket.AF_UNIX,socket.SOCK_DGRAM)
  File "/usr/lib/python3.14/socket.py", line 236, in __init__
    _socket.socket.__init__(self, family, type, proto, fileno)
    ~~~~~~~~~~~~~~~~~~~~~~~^^^^^^^^^^^^^^^^^^^^^^^^^^^^^^^^^^^
PermissionError: [Errno 1] Operation not permitted

======================================================================
ERROR: test_progress_plan047_state_authority (test_vipe_benchmark_supervisor.HelperSessionTests.test_progress_plan047_state_authority) (kind='fallback_no_unique_version')
----------------------------------------------------------------------
Traceback (most recent call last):
  File "/home/auss/git_repos/samaust/Experiments_4DGS/tests/test_vipe_benchmark_supervisor.py", line 3166, in test_progress_plan047_state_authority
    with self.subTest(**case),plan047_state(active_fixture,Path(temp)/case['kind'],qualified=case['kind'] not in ('worker_qualified_overclaim','produced_then_semantic_failure','first_identity_semantics')) as state:
                              ~~~~~~~~~~~~~^^^^^^^^^^^^^^^^^^^^^^^^^^^^^^^^^^^^^^^^^^^^^^^^^^^^^^^^^^^^^^^^^^^^^^^^^^^^^^^^^^^^^^^^^^^^^^^^^^^^^^^^^^^^^^^^^^^^^^^^^^^^^^^^^^^^^^^^^^^^^^^^^^^^^^^^^^^^^^^^^
  File "/usr/lib/python3.14/contextlib.py", line 141, in __enter__
    return next(self.gen)
  File "/home/auss/git_repos/samaust/Experiments_4DGS/tests/test_vipe_benchmark_s1_helper_fixtures.py", line 489, in state
    consumer=p.Consumer(reference,cache,lambda:cancelled[0],lambda producer:(binding,1))
  File "/home/auss/git_repos/samaust/Experiments_4DGS/scripts/vipe_benchmark/s1_progress.py", line 824, in __init__
    self.cancelled=cancelled;self.bindings=bindings;self.current={};self.previous={};self.provenance={};self.channel=mailbox(self.context,'owner')
                                                                                                                     ~~~~~~~^^^^^^^^^^^^^^^^^^^^^^
  File "/home/auss/git_repos/samaust/Experiments_4DGS/scripts/vipe_benchmark/s1_progress.py", line 620, in mailbox
    channel=socket.socket(socket.AF_UNIX,socket.SOCK_DGRAM)
  File "/usr/lib/python3.14/socket.py", line 236, in __init__
    _socket.socket.__init__(self, family, type, proto, fileno)
    ~~~~~~~~~~~~~~~~~~~~~~~^^^^^^^^^^^^^^^^^^^^^^^^^^^^^^^^^^^
PermissionError: [Errno 1] Operation not permitted

======================================================================
ERROR: test_progress_plan047_state_authority (test_vipe_benchmark_supervisor.HelperSessionTests.test_progress_plan047_state_authority) (kind='fallback_invalidated')
----------------------------------------------------------------------
Traceback (most recent call last):
  File "/home/auss/git_repos/samaust/Experiments_4DGS/tests/test_vipe_benchmark_supervisor.py", line 3166, in test_progress_plan047_state_authority
    with self.subTest(**case),plan047_state(active_fixture,Path(temp)/case['kind'],qualified=case['kind'] not in ('worker_qualified_overclaim','produced_then_semantic_failure','first_identity_semantics')) as state:
                              ~~~~~~~~~~~~~^^^^^^^^^^^^^^^^^^^^^^^^^^^^^^^^^^^^^^^^^^^^^^^^^^^^^^^^^^^^^^^^^^^^^^^^^^^^^^^^^^^^^^^^^^^^^^^^^^^^^^^^^^^^^^^^^^^^^^^^^^^^^^^^^^^^^^^^^^^^^^^^^^^^^^^^^^^^^^^^^
  File "/usr/lib/python3.14/contextlib.py", line 141, in __enter__
    return next(self.gen)
  File "/home/auss/git_repos/samaust/Experiments_4DGS/tests/test_vipe_benchmark_s1_helper_fixtures.py", line 489, in state
    consumer=p.Consumer(reference,cache,lambda:cancelled[0],lambda producer:(binding,1))
  File "/home/auss/git_repos/samaust/Experiments_4DGS/scripts/vipe_benchmark/s1_progress.py", line 824, in __init__
    self.cancelled=cancelled;self.bindings=bindings;self.current={};self.previous={};self.provenance={};self.channel=mailbox(self.context,'owner')
                                                                                                                     ~~~~~~~^^^^^^^^^^^^^^^^^^^^^^
  File "/home/auss/git_repos/samaust/Experiments_4DGS/scripts/vipe_benchmark/s1_progress.py", line 620, in mailbox
    channel=socket.socket(socket.AF_UNIX,socket.SOCK_DGRAM)
  File "/usr/lib/python3.14/socket.py", line 236, in __init__
    _socket.socket.__init__(self, family, type, proto, fileno)
    ~~~~~~~~~~~~~~~~~~~~~~~^^^^^^^^^^^^^^^^^^^^^^^^^^^^^^^^^^^
PermissionError: [Errno 1] Operation not permitted

======================================================================
ERROR: test_progress_plan047_state_authority (test_vipe_benchmark_supervisor.HelperSessionTests.test_progress_plan047_state_authority) (kind='conflict_to_closed')
----------------------------------------------------------------------
Traceback (most recent call last):
  File "/home/auss/git_repos/samaust/Experiments_4DGS/tests/test_vipe_benchmark_supervisor.py", line 3166, in test_progress_plan047_state_authority
    with self.subTest(**case),plan047_state(active_fixture,Path(temp)/case['kind'],qualified=case['kind'] not in ('worker_qualified_overclaim','produced_then_semantic_failure','first_identity_semantics')) as state:
                              ~~~~~~~~~~~~~^^^^^^^^^^^^^^^^^^^^^^^^^^^^^^^^^^^^^^^^^^^^^^^^^^^^^^^^^^^^^^^^^^^^^^^^^^^^^^^^^^^^^^^^^^^^^^^^^^^^^^^^^^^^^^^^^^^^^^^^^^^^^^^^^^^^^^^^^^^^^^^^^^^^^^^^^^^^^^^^^
  File "/usr/lib/python3.14/contextlib.py", line 141, in __enter__
    return next(self.gen)
  File "/home/auss/git_repos/samaust/Experiments_4DGS/tests/test_vipe_benchmark_s1_helper_fixtures.py", line 489, in state
    consumer=p.Consumer(reference,cache,lambda:cancelled[0],lambda producer:(binding,1))
  File "/home/auss/git_repos/samaust/Experiments_4DGS/scripts/vipe_benchmark/s1_progress.py", line 824, in __init__
    self.cancelled=cancelled;self.bindings=bindings;self.current={};self.previous={};self.provenance={};self.channel=mailbox(self.context,'owner')
                                                                                                                     ~~~~~~~^^^^^^^^^^^^^^^^^^^^^^
  File "/home/auss/git_repos/samaust/Experiments_4DGS/scripts/vipe_benchmark/s1_progress.py", line 620, in mailbox
    channel=socket.socket(socket.AF_UNIX,socket.SOCK_DGRAM)
  File "/usr/lib/python3.14/socket.py", line 236, in __init__
    _socket.socket.__init__(self, family, type, proto, fileno)
    ~~~~~~~~~~~~~~~~~~~~~~~^^^^^^^^^^^^^^^^^^^^^^^^^^^^^^^^^^^
PermissionError: [Errno 1] Operation not permitted

======================================================================
ERROR: test_progress_plan047_state_authority (test_vipe_benchmark_supervisor.HelperSessionTests.test_progress_plan047_state_authority) (kind='overflow_to_closed')
----------------------------------------------------------------------
Traceback (most recent call last):
  File "/home/auss/git_repos/samaust/Experiments_4DGS/tests/test_vipe_benchmark_supervisor.py", line 3166, in test_progress_plan047_state_authority
    with self.subTest(**case),plan047_state(active_fixture,Path(temp)/case['kind'],qualified=case['kind'] not in ('worker_qualified_overclaim','produced_then_semantic_failure','first_identity_semantics')) as state:
                              ~~~~~~~~~~~~~^^^^^^^^^^^^^^^^^^^^^^^^^^^^^^^^^^^^^^^^^^^^^^^^^^^^^^^^^^^^^^^^^^^^^^^^^^^^^^^^^^^^^^^^^^^^^^^^^^^^^^^^^^^^^^^^^^^^^^^^^^^^^^^^^^^^^^^^^^^^^^^^^^^^^^^^^^^^^^^^^
  File "/usr/lib/python3.14/contextlib.py", line 141, in __enter__
    return next(self.gen)
  File "/home/auss/git_repos/samaust/Experiments_4DGS/tests/test_vipe_benchmark_s1_helper_fixtures.py", line 489, in state
    consumer=p.Consumer(reference,cache,lambda:cancelled[0],lambda producer:(binding,1))
  File "/home/auss/git_repos/samaust/Experiments_4DGS/scripts/vipe_benchmark/s1_progress.py", line 824, in __init__
    self.cancelled=cancelled;self.bindings=bindings;self.current={};self.previous={};self.provenance={};self.channel=mailbox(self.context,'owner')
                                                                                                                     ~~~~~~~^^^^^^^^^^^^^^^^^^^^^^
  File "/home/auss/git_repos/samaust/Experiments_4DGS/scripts/vipe_benchmark/s1_progress.py", line 620, in mailbox
    channel=socket.socket(socket.AF_UNIX,socket.SOCK_DGRAM)
  File "/usr/lib/python3.14/socket.py", line 236, in __init__
    _socket.socket.__init__(self, family, type, proto, fileno)
    ~~~~~~~~~~~~~~~~~~~~~~~^^^^^^^^^^^^^^^^^^^^^^^^^^^^^^^^^^^
PermissionError: [Errno 1] Operation not permitted

======================================================================
ERROR: test_progress_plan047_state_authority (test_vipe_benchmark_supervisor.HelperSessionTests.test_progress_plan047_state_authority) (kind='overflow_to_incomplete')
----------------------------------------------------------------------
Traceback (most recent call last):
  File "/home/auss/git_repos/samaust/Experiments_4DGS/tests/test_vipe_benchmark_supervisor.py", line 3166, in test_progress_plan047_state_authority
    with self.subTest(**case),plan047_state(active_fixture,Path(temp)/case['kind'],qualified=case['kind'] not in ('worker_qualified_overclaim','produced_then_semantic_failure','first_identity_semantics')) as state:
                              ~~~~~~~~~~~~~^^^^^^^^^^^^^^^^^^^^^^^^^^^^^^^^^^^^^^^^^^^^^^^^^^^^^^^^^^^^^^^^^^^^^^^^^^^^^^^^^^^^^^^^^^^^^^^^^^^^^^^^^^^^^^^^^^^^^^^^^^^^^^^^^^^^^^^^^^^^^^^^^^^^^^^^^^^^^^^^^
  File "/usr/lib/python3.14/contextlib.py", line 141, in __enter__
    return next(self.gen)
  File "/home/auss/git_repos/samaust/Experiments_4DGS/tests/test_vipe_benchmark_s1_helper_fixtures.py", line 489, in state
    consumer=p.Consumer(reference,cache,lambda:cancelled[0],lambda producer:(binding,1))
  File "/home/auss/git_repos/samaust/Experiments_4DGS/scripts/vipe_benchmark/s1_progress.py", line 824, in __init__
    self.cancelled=cancelled;self.bindings=bindings;self.current={};self.previous={};self.provenance={};self.channel=mailbox(self.context,'owner')
                                                                                                                     ~~~~~~~^^^^^^^^^^^^^^^^^^^^^^
  File "/home/auss/git_repos/samaust/Experiments_4DGS/scripts/vipe_benchmark/s1_progress.py", line 620, in mailbox
    channel=socket.socket(socket.AF_UNIX,socket.SOCK_DGRAM)
  File "/usr/lib/python3.14/socket.py", line 236, in __init__
    _socket.socket.__init__(self, family, type, proto, fileno)
    ~~~~~~~~~~~~~~~~~~~~~~~^^^^^^^^^^^^^^^^^^^^^^^^^^^^^^^^^^^
PermissionError: [Errno 1] Operation not permitted

======================================================================
ERROR: test_progress_plan047_state_authority (test_vipe_benchmark_supervisor.HelperSessionTests.test_progress_plan047_state_authority) (kind='conflict_plus_overflow')
----------------------------------------------------------------------
Traceback (most recent call last):
  File "/home/auss/git_repos/samaust/Experiments_4DGS/tests/test_vipe_benchmark_supervisor.py", line 3166, in test_progress_plan047_state_authority
    with self.subTest(**case),plan047_state(active_fixture,Path(temp)/case['kind'],qualified=case['kind'] not in ('worker_qualified_overclaim','produced_then_semantic_failure','first_identity_semantics')) as state:
                              ~~~~~~~~~~~~~^^^^^^^^^^^^^^^^^^^^^^^^^^^^^^^^^^^^^^^^^^^^^^^^^^^^^^^^^^^^^^^^^^^^^^^^^^^^^^^^^^^^^^^^^^^^^^^^^^^^^^^^^^^^^^^^^^^^^^^^^^^^^^^^^^^^^^^^^^^^^^^^^^^^^^^^^^^^^^^^^
  File "/usr/lib/python3.14/contextlib.py", line 141, in __enter__
    return next(self.gen)
  File "/home/auss/git_repos/samaust/Experiments_4DGS/tests/test_vipe_benchmark_s1_helper_fixtures.py", line 489, in state
    consumer=p.Consumer(reference,cache,lambda:cancelled[0],lambda producer:(binding,1))
  File "/home/auss/git_repos/samaust/Experiments_4DGS/scripts/vipe_benchmark/s1_progress.py", line 824, in __init__
    self.cancelled=cancelled;self.bindings=bindings;self.current={};self.previous={};self.provenance={};self.channel=mailbox(self.context,'owner')
                                                                                                                     ~~~~~~~^^^^^^^^^^^^^^^^^^^^^^
  File "/home/auss/git_repos/samaust/Experiments_4DGS/scripts/vipe_benchmark/s1_progress.py", line 620, in mailbox
    channel=socket.socket(socket.AF_UNIX,socket.SOCK_DGRAM)
  File "/usr/lib/python3.14/socket.py", line 236, in __init__
    _socket.socket.__init__(self, family, type, proto, fileno)
    ~~~~~~~~~~~~~~~~~~~~~~~^^^^^^^^^^^^^^^^^^^^^^^^^^^^^^^^^^^
PermissionError: [Errno 1] Operation not permitted

======================================================================
ERROR: test_progress_plan047_state_authority (test_vipe_benchmark_supervisor.HelperSessionTests.test_progress_plan047_state_authority) (kind='errors_saturation')
----------------------------------------------------------------------
Traceback (most recent call last):
  File "/home/auss/git_repos/samaust/Experiments_4DGS/tests/test_vipe_benchmark_supervisor.py", line 3166, in test_progress_plan047_state_authority
    with self.subTest(**case),plan047_state(active_fixture,Path(temp)/case['kind'],qualified=case['kind'] not in ('worker_qualified_overclaim','produced_then_semantic_failure','first_identity_semantics')) as state:
                              ~~~~~~~~~~~~~^^^^^^^^^^^^^^^^^^^^^^^^^^^^^^^^^^^^^^^^^^^^^^^^^^^^^^^^^^^^^^^^^^^^^^^^^^^^^^^^^^^^^^^^^^^^^^^^^^^^^^^^^^^^^^^^^^^^^^^^^^^^^^^^^^^^^^^^^^^^^^^^^^^^^^^^^^^^^^^^^
  File "/usr/lib/python3.14/contextlib.py", line 141, in __enter__
    return next(self.gen)
  File "/home/auss/git_repos/samaust/Experiments_4DGS/tests/test_vipe_benchmark_s1_helper_fixtures.py", line 489, in state
    consumer=p.Consumer(reference,cache,lambda:cancelled[0],lambda producer:(binding,1))
  File "/home/auss/git_repos/samaust/Experiments_4DGS/scripts/vipe_benchmark/s1_progress.py", line 824, in __init__
    self.cancelled=cancelled;self.bindings=bindings;self.current={};self.previous={};self.provenance={};self.channel=mailbox(self.context,'owner')
                                                                                                                     ~~~~~~~^^^^^^^^^^^^^^^^^^^^^^
  File "/home/auss/git_repos/samaust/Experiments_4DGS/scripts/vipe_benchmark/s1_progress.py", line 620, in mailbox
    channel=socket.socket(socket.AF_UNIX,socket.SOCK_DGRAM)
  File "/usr/lib/python3.14/socket.py", line 236, in __init__
    _socket.socket.__init__(self, family, type, proto, fileno)
    ~~~~~~~~~~~~~~~~~~~~~~~^^^^^^^^^^^^^^^^^^^^^^^^^^^^^^^^^^^
PermissionError: [Errno 1] Operation not permitted

======================================================================
ERROR: test_progress_plan047_state_authority (test_vipe_benchmark_supervisor.HelperSessionTests.test_progress_plan047_state_authority) (kind='diagnostics_drop_regression')
----------------------------------------------------------------------
Traceback (most recent call last):
  File "/home/auss/git_repos/samaust/Experiments_4DGS/tests/test_vipe_benchmark_supervisor.py", line 3166, in test_progress_plan047_state_authority
    with self.subTest(**case),plan047_state(active_fixture,Path(temp)/case['kind'],qualified=case['kind'] not in ('worker_qualified_overclaim','produced_then_semantic_failure','first_identity_semantics')) as state:
                              ~~~~~~~~~~~~~^^^^^^^^^^^^^^^^^^^^^^^^^^^^^^^^^^^^^^^^^^^^^^^^^^^^^^^^^^^^^^^^^^^^^^^^^^^^^^^^^^^^^^^^^^^^^^^^^^^^^^^^^^^^^^^^^^^^^^^^^^^^^^^^^^^^^^^^^^^^^^^^^^^^^^^^^^^^^^^^^
  File "/usr/lib/python3.14/contextlib.py", line 141, in __enter__
    return next(self.gen)
  File "/home/auss/git_repos/samaust/Experiments_4DGS/tests/test_vipe_benchmark_s1_helper_fixtures.py", line 489, in state
    consumer=p.Consumer(reference,cache,lambda:cancelled[0],lambda producer:(binding,1))
  File "/home/auss/git_repos/samaust/Experiments_4DGS/scripts/vipe_benchmark/s1_progress.py", line 824, in __init__
    self.cancelled=cancelled;self.bindings=bindings;self.current={};self.previous={};self.provenance={};self.channel=mailbox(self.context,'owner')
                                                                                                                     ~~~~~~~^^^^^^^^^^^^^^^^^^^^^^
  File "/home/auss/git_repos/samaust/Experiments_4DGS/scripts/vipe_benchmark/s1_progress.py", line 620, in mailbox
    channel=socket.socket(socket.AF_UNIX,socket.SOCK_DGRAM)
  File "/usr/lib/python3.14/socket.py", line 236, in __init__
    _socket.socket.__init__(self, family, type, proto, fileno)
    ~~~~~~~~~~~~~~~~~~~~~~~^^^^^^^^^^^^^^^^^^^^^^^^^^^^^^^^^^^
PermissionError: [Errno 1] Operation not permitted

======================================================================
ERROR: test_progress_plan047_state_authority (test_vipe_benchmark_supervisor.HelperSessionTests.test_progress_plan047_state_authority) (kind='diagnostics_primary_replaced')
----------------------------------------------------------------------
Traceback (most recent call last):
  File "/home/auss/git_repos/samaust/Experiments_4DGS/tests/test_vipe_benchmark_supervisor.py", line 3166, in test_progress_plan047_state_authority
    with self.subTest(**case),plan047_state(active_fixture,Path(temp)/case['kind'],qualified=case['kind'] not in ('worker_qualified_overclaim','produced_then_semantic_failure','first_identity_semantics')) as state:
                              ~~~~~~~~~~~~~^^^^^^^^^^^^^^^^^^^^^^^^^^^^^^^^^^^^^^^^^^^^^^^^^^^^^^^^^^^^^^^^^^^^^^^^^^^^^^^^^^^^^^^^^^^^^^^^^^^^^^^^^^^^^^^^^^^^^^^^^^^^^^^^^^^^^^^^^^^^^^^^^^^^^^^^^^^^^^^^^
  File "/usr/lib/python3.14/contextlib.py", line 141, in __enter__
    return next(self.gen)
  File "/home/auss/git_repos/samaust/Experiments_4DGS/tests/test_vipe_benchmark_s1_helper_fixtures.py", line 489, in state
    consumer=p.Consumer(reference,cache,lambda:cancelled[0],lambda producer:(binding,1))
  File "/home/auss/git_repos/samaust/Experiments_4DGS/scripts/vipe_benchmark/s1_progress.py", line 824, in __init__
    self.cancelled=cancelled;self.bindings=bindings;self.current={};self.previous={};self.provenance={};self.channel=mailbox(self.context,'owner')
                                                                                                                     ~~~~~~~^^^^^^^^^^^^^^^^^^^^^^
  File "/home/auss/git_repos/samaust/Experiments_4DGS/scripts/vipe_benchmark/s1_progress.py", line 620, in mailbox
    channel=socket.socket(socket.AF_UNIX,socket.SOCK_DGRAM)
  File "/usr/lib/python3.14/socket.py", line 236, in __init__
    _socket.socket.__init__(self, family, type, proto, fileno)
    ~~~~~~~~~~~~~~~~~~~~~~~^^^^^^^^^^^^^^^^^^^^^^^^^^^^^^^^^^^
PermissionError: [Errno 1] Operation not permitted

======================================================================
ERROR: test_progress_plan047_state_authority (test_vipe_benchmark_supervisor.HelperSessionTests.test_progress_plan047_state_authority) (kind='checkpoint_v1_rejected')
----------------------------------------------------------------------
Traceback (most recent call last):
  File "/home/auss/git_repos/samaust/Experiments_4DGS/tests/test_vipe_benchmark_supervisor.py", line 3166, in test_progress_plan047_state_authority
    with self.subTest(**case),plan047_state(active_fixture,Path(temp)/case['kind'],qualified=case['kind'] not in ('worker_qualified_overclaim','produced_then_semantic_failure','first_identity_semantics')) as state:
                              ~~~~~~~~~~~~~^^^^^^^^^^^^^^^^^^^^^^^^^^^^^^^^^^^^^^^^^^^^^^^^^^^^^^^^^^^^^^^^^^^^^^^^^^^^^^^^^^^^^^^^^^^^^^^^^^^^^^^^^^^^^^^^^^^^^^^^^^^^^^^^^^^^^^^^^^^^^^^^^^^^^^^^^^^^^^^^^
  File "/usr/lib/python3.14/contextlib.py", line 141, in __enter__
    return next(self.gen)
  File "/home/auss/git_repos/samaust/Experiments_4DGS/tests/test_vipe_benchmark_s1_helper_fixtures.py", line 489, in state
    consumer=p.Consumer(reference,cache,lambda:cancelled[0],lambda producer:(binding,1))
  File "/home/auss/git_repos/samaust/Experiments_4DGS/scripts/vipe_benchmark/s1_progress.py", line 824, in __init__
    self.cancelled=cancelled;self.bindings=bindings;self.current={};self.previous={};self.provenance={};self.channel=mailbox(self.context,'owner')
                                                                                                                     ~~~~~~~^^^^^^^^^^^^^^^^^^^^^^
  File "/home/auss/git_repos/samaust/Experiments_4DGS/scripts/vipe_benchmark/s1_progress.py", line 620, in mailbox
    channel=socket.socket(socket.AF_UNIX,socket.SOCK_DGRAM)
  File "/usr/lib/python3.14/socket.py", line 236, in __init__
    _socket.socket.__init__(self, family, type, proto, fileno)
    ~~~~~~~~~~~~~~~~~~~~~~~^^^^^^^^^^^^^^^^^^^^^^^^^^^^^^^^^^^
PermissionError: [Errno 1] Operation not permitted

======================================================================
ERROR: test_progress_plan047_state_authority (test_vipe_benchmark_supervisor.HelperSessionTests.test_progress_plan047_state_authority) (kind='qualification_regression')
----------------------------------------------------------------------
Traceback (most recent call last):
  File "/home/auss/git_repos/samaust/Experiments_4DGS/tests/test_vipe_benchmark_supervisor.py", line 3166, in test_progress_plan047_state_authority
    with self.subTest(**case),plan047_state(active_fixture,Path(temp)/case['kind'],qualified=case['kind'] not in ('worker_qualified_overclaim','produced_then_semantic_failure','first_identity_semantics')) as state:
                              ~~~~~~~~~~~~~^^^^^^^^^^^^^^^^^^^^^^^^^^^^^^^^^^^^^^^^^^^^^^^^^^^^^^^^^^^^^^^^^^^^^^^^^^^^^^^^^^^^^^^^^^^^^^^^^^^^^^^^^^^^^^^^^^^^^^^^^^^^^^^^^^^^^^^^^^^^^^^^^^^^^^^^^^^^^^^^^
  File "/usr/lib/python3.14/contextlib.py", line 141, in __enter__
    return next(self.gen)
  File "/home/auss/git_repos/samaust/Experiments_4DGS/tests/test_vipe_benchmark_s1_helper_fixtures.py", line 489, in state
    consumer=p.Consumer(reference,cache,lambda:cancelled[0],lambda producer:(binding,1))
  File "/home/auss/git_repos/samaust/Experiments_4DGS/scripts/vipe_benchmark/s1_progress.py", line 824, in __init__
    self.cancelled=cancelled;self.bindings=bindings;self.current={};self.previous={};self.provenance={};self.channel=mailbox(self.context,'owner')
                                                                                                                     ~~~~~~~^^^^^^^^^^^^^^^^^^^^^^
  File "/home/auss/git_repos/samaust/Experiments_4DGS/scripts/vipe_benchmark/s1_progress.py", line 620, in mailbox
    channel=socket.socket(socket.AF_UNIX,socket.SOCK_DGRAM)
  File "/usr/lib/python3.14/socket.py", line 236, in __init__
    _socket.socket.__init__(self, family, type, proto, fileno)
    ~~~~~~~~~~~~~~~~~~~~~~~^^^^^^^^^^^^^^^^^^^^^^^^^^^^^^^^^^^
PermissionError: [Errno 1] Operation not permitted

======================================================================
ERROR: test_progress_plan047_state_authority (test_vipe_benchmark_supervisor.HelperSessionTests.test_progress_plan047_state_authority) (kind='first_runtime_regression')
----------------------------------------------------------------------
Traceback (most recent call last):
  File "/home/auss/git_repos/samaust/Experiments_4DGS/tests/test_vipe_benchmark_supervisor.py", line 3166, in test_progress_plan047_state_authority
    with self.subTest(**case),plan047_state(active_fixture,Path(temp)/case['kind'],qualified=case['kind'] not in ('worker_qualified_overclaim','produced_then_semantic_failure','first_identity_semantics')) as state:
                              ~~~~~~~~~~~~~^^^^^^^^^^^^^^^^^^^^^^^^^^^^^^^^^^^^^^^^^^^^^^^^^^^^^^^^^^^^^^^^^^^^^^^^^^^^^^^^^^^^^^^^^^^^^^^^^^^^^^^^^^^^^^^^^^^^^^^^^^^^^^^^^^^^^^^^^^^^^^^^^^^^^^^^^^^^^^^^^
  File "/usr/lib/python3.14/contextlib.py", line 141, in __enter__
    return next(self.gen)
  File "/home/auss/git_repos/samaust/Experiments_4DGS/tests/test_vipe_benchmark_s1_helper_fixtures.py", line 489, in state
    consumer=p.Consumer(reference,cache,lambda:cancelled[0],lambda producer:(binding,1))
  File "/home/auss/git_repos/samaust/Experiments_4DGS/scripts/vipe_benchmark/s1_progress.py", line 824, in __init__
    self.cancelled=cancelled;self.bindings=bindings;self.current={};self.previous={};self.provenance={};self.channel=mailbox(self.context,'owner')
                                                                                                                     ~~~~~~~^^^^^^^^^^^^^^^^^^^^^^
  File "/home/auss/git_repos/samaust/Experiments_4DGS/scripts/vipe_benchmark/s1_progress.py", line 620, in mailbox
    channel=socket.socket(socket.AF_UNIX,socket.SOCK_DGRAM)
  File "/usr/lib/python3.14/socket.py", line 236, in __init__
    _socket.socket.__init__(self, family, type, proto, fileno)
    ~~~~~~~~~~~~~~~~~~~~~~~^^^^^^^^^^^^^^^^^^^^^^^^^^^^^^^^^^^
PermissionError: [Errno 1] Operation not permitted

======================================================================
ERROR: test_progress_plan047_state_authority (test_vipe_benchmark_supervisor.HelperSessionTests.test_progress_plan047_state_authority) (kind='acceptance_regression')
----------------------------------------------------------------------
Traceback (most recent call last):
  File "/home/auss/git_repos/samaust/Experiments_4DGS/tests/test_vipe_benchmark_supervisor.py", line 3166, in test_progress_plan047_state_authority
    with self.subTest(**case),plan047_state(active_fixture,Path(temp)/case['kind'],qualified=case['kind'] not in ('worker_qualified_overclaim','produced_then_semantic_failure','first_identity_semantics')) as state:
                              ~~~~~~~~~~~~~^^^^^^^^^^^^^^^^^^^^^^^^^^^^^^^^^^^^^^^^^^^^^^^^^^^^^^^^^^^^^^^^^^^^^^^^^^^^^^^^^^^^^^^^^^^^^^^^^^^^^^^^^^^^^^^^^^^^^^^^^^^^^^^^^^^^^^^^^^^^^^^^^^^^^^^^^^^^^^^^^
  File "/usr/lib/python3.14/contextlib.py", line 141, in __enter__
    return next(self.gen)
  File "/home/auss/git_repos/samaust/Experiments_4DGS/tests/test_vipe_benchmark_s1_helper_fixtures.py", line 489, in state
    consumer=p.Consumer(reference,cache,lambda:cancelled[0],lambda producer:(binding,1))
  File "/home/auss/git_repos/samaust/Experiments_4DGS/scripts/vipe_benchmark/s1_progress.py", line 824, in __init__
    self.cancelled=cancelled;self.bindings=bindings;self.current={};self.previous={};self.provenance={};self.channel=mailbox(self.context,'owner')
                                                                                                                     ~~~~~~~^^^^^^^^^^^^^^^^^^^^^^
  File "/home/auss/git_repos/samaust/Experiments_4DGS/scripts/vipe_benchmark/s1_progress.py", line 620, in mailbox
    channel=socket.socket(socket.AF_UNIX,socket.SOCK_DGRAM)
  File "/usr/lib/python3.14/socket.py", line 236, in __init__
    _socket.socket.__init__(self, family, type, proto, fileno)
    ~~~~~~~~~~~~~~~~~~~~~~~^^^^^^^^^^^^^^^^^^^^^^^^^^^^^^^^^^^
PermissionError: [Errno 1] Operation not permitted

======================================================================
ERROR: test_progress_plan047_state_authority (test_vipe_benchmark_supervisor.HelperSessionTests.test_progress_plan047_state_authority) (kind='duplicate_exact')
----------------------------------------------------------------------
Traceback (most recent call last):
  File "/home/auss/git_repos/samaust/Experiments_4DGS/tests/test_vipe_benchmark_supervisor.py", line 3166, in test_progress_plan047_state_authority
    with self.subTest(**case),plan047_state(active_fixture,Path(temp)/case['kind'],qualified=case['kind'] not in ('worker_qualified_overclaim','produced_then_semantic_failure','first_identity_semantics')) as state:
                              ~~~~~~~~~~~~~^^^^^^^^^^^^^^^^^^^^^^^^^^^^^^^^^^^^^^^^^^^^^^^^^^^^^^^^^^^^^^^^^^^^^^^^^^^^^^^^^^^^^^^^^^^^^^^^^^^^^^^^^^^^^^^^^^^^^^^^^^^^^^^^^^^^^^^^^^^^^^^^^^^^^^^^^^^^^^^^^
  File "/usr/lib/python3.14/contextlib.py", line 141, in __enter__
    return next(self.gen)
  File "/home/auss/git_repos/samaust/Experiments_4DGS/tests/test_vipe_benchmark_s1_helper_fixtures.py", line 489, in state
    consumer=p.Consumer(reference,cache,lambda:cancelled[0],lambda producer:(binding,1))
  File "/home/auss/git_repos/samaust/Experiments_4DGS/scripts/vipe_benchmark/s1_progress.py", line 824, in __init__
    self.cancelled=cancelled;self.bindings=bindings;self.current={};self.previous={};self.provenance={};self.channel=mailbox(self.context,'owner')
                                                                                                                     ~~~~~~~^^^^^^^^^^^^^^^^^^^^^^
  File "/home/auss/git_repos/samaust/Experiments_4DGS/scripts/vipe_benchmark/s1_progress.py", line 620, in mailbox
    channel=socket.socket(socket.AF_UNIX,socket.SOCK_DGRAM)
  File "/usr/lib/python3.14/socket.py", line 236, in __init__
    _socket.socket.__init__(self, family, type, proto, fileno)
    ~~~~~~~~~~~~~~~~~~~~~~~^^^^^^^^^^^^^^^^^^^^^^^^^^^^^^^^^^^
PermissionError: [Errno 1] Operation not permitted

======================================================================
ERROR: test_progress_plan047_state_authority (test_vipe_benchmark_supervisor.HelperSessionTests.test_progress_plan047_state_authority) (kind='duplicate_conflict')
----------------------------------------------------------------------
Traceback (most recent call last):
  File "/home/auss/git_repos/samaust/Experiments_4DGS/tests/test_vipe_benchmark_supervisor.py", line 3166, in test_progress_plan047_state_authority
    with self.subTest(**case),plan047_state(active_fixture,Path(temp)/case['kind'],qualified=case['kind'] not in ('worker_qualified_overclaim','produced_then_semantic_failure','first_identity_semantics')) as state:
                              ~~~~~~~~~~~~~^^^^^^^^^^^^^^^^^^^^^^^^^^^^^^^^^^^^^^^^^^^^^^^^^^^^^^^^^^^^^^^^^^^^^^^^^^^^^^^^^^^^^^^^^^^^^^^^^^^^^^^^^^^^^^^^^^^^^^^^^^^^^^^^^^^^^^^^^^^^^^^^^^^^^^^^^^^^^^^^^
  File "/usr/lib/python3.14/contextlib.py", line 141, in __enter__
    return next(self.gen)
  File "/home/auss/git_repos/samaust/Experiments_4DGS/tests/test_vipe_benchmark_s1_helper_fixtures.py", line 489, in state
    consumer=p.Consumer(reference,cache,lambda:cancelled[0],lambda producer:(binding,1))
  File "/home/auss/git_repos/samaust/Experiments_4DGS/scripts/vipe_benchmark/s1_progress.py", line 824, in __init__
    self.cancelled=cancelled;self.bindings=bindings;self.current={};self.previous={};self.provenance={};self.channel=mailbox(self.context,'owner')
                                                                                                                     ~~~~~~~^^^^^^^^^^^^^^^^^^^^^^
  File "/home/auss/git_repos/samaust/Experiments_4DGS/scripts/vipe_benchmark/s1_progress.py", line 620, in mailbox
    channel=socket.socket(socket.AF_UNIX,socket.SOCK_DGRAM)
  File "/usr/lib/python3.14/socket.py", line 236, in __init__
    _socket.socket.__init__(self, family, type, proto, fileno)
    ~~~~~~~~~~~~~~~~~~~~~~~^^^^^^^^^^^^^^^^^^^^^^^^^^^^^^^^^^^
PermissionError: [Errno 1] Operation not permitted

======================================================================
ERROR: test_progress_plan047_state_authority (test_vipe_benchmark_supervisor.HelperSessionTests.test_progress_plan047_state_authority) (kind='sequence_replay')
----------------------------------------------------------------------
Traceback (most recent call last):
  File "/home/auss/git_repos/samaust/Experiments_4DGS/tests/test_vipe_benchmark_supervisor.py", line 3166, in test_progress_plan047_state_authority
    with self.subTest(**case),plan047_state(active_fixture,Path(temp)/case['kind'],qualified=case['kind'] not in ('worker_qualified_overclaim','produced_then_semantic_failure','first_identity_semantics')) as state:
                              ~~~~~~~~~~~~~^^^^^^^^^^^^^^^^^^^^^^^^^^^^^^^^^^^^^^^^^^^^^^^^^^^^^^^^^^^^^^^^^^^^^^^^^^^^^^^^^^^^^^^^^^^^^^^^^^^^^^^^^^^^^^^^^^^^^^^^^^^^^^^^^^^^^^^^^^^^^^^^^^^^^^^^^^^^^^^^^
  File "/usr/lib/python3.14/contextlib.py", line 141, in __enter__
    return next(self.gen)
  File "/home/auss/git_repos/samaust/Experiments_4DGS/tests/test_vipe_benchmark_s1_helper_fixtures.py", line 489, in state
    consumer=p.Consumer(reference,cache,lambda:cancelled[0],lambda producer:(binding,1))
  File "/home/auss/git_repos/samaust/Experiments_4DGS/scripts/vipe_benchmark/s1_progress.py", line 824, in __init__
    self.cancelled=cancelled;self.bindings=bindings;self.current={};self.previous={};self.provenance={};self.channel=mailbox(self.context,'owner')
                                                                                                                     ~~~~~~~^^^^^^^^^^^^^^^^^^^^^^
  File "/home/auss/git_repos/samaust/Experiments_4DGS/scripts/vipe_benchmark/s1_progress.py", line 620, in mailbox
    channel=socket.socket(socket.AF_UNIX,socket.SOCK_DGRAM)
  File "/usr/lib/python3.14/socket.py", line 236, in __init__
    _socket.socket.__init__(self, family, type, proto, fileno)
    ~~~~~~~~~~~~~~~~~~~~~~~^^^^^^^^^^^^^^^^^^^^^^^^^^^^^^^^^^^
PermissionError: [Errno 1] Operation not permitted

======================================================================
ERROR: test_progress_plan047_state_authority (test_vipe_benchmark_supervisor.HelperSessionTests.test_progress_plan047_state_authority) (kind='sequence_jump')
----------------------------------------------------------------------
Traceback (most recent call last):
  File "/home/auss/git_repos/samaust/Experiments_4DGS/tests/test_vipe_benchmark_supervisor.py", line 3166, in test_progress_plan047_state_authority
    with self.subTest(**case),plan047_state(active_fixture,Path(temp)/case['kind'],qualified=case['kind'] not in ('worker_qualified_overclaim','produced_then_semantic_failure','first_identity_semantics')) as state:
                              ~~~~~~~~~~~~~^^^^^^^^^^^^^^^^^^^^^^^^^^^^^^^^^^^^^^^^^^^^^^^^^^^^^^^^^^^^^^^^^^^^^^^^^^^^^^^^^^^^^^^^^^^^^^^^^^^^^^^^^^^^^^^^^^^^^^^^^^^^^^^^^^^^^^^^^^^^^^^^^^^^^^^^^^^^^^^^^
  File "/usr/lib/python3.14/contextlib.py", line 141, in __enter__
    return next(self.gen)
  File "/home/auss/git_repos/samaust/Experiments_4DGS/tests/test_vipe_benchmark_s1_helper_fixtures.py", line 489, in state
    consumer=p.Consumer(reference,cache,lambda:cancelled[0],lambda producer:(binding,1))
  File "/home/auss/git_repos/samaust/Experiments_4DGS/scripts/vipe_benchmark/s1_progress.py", line 824, in __init__
    self.cancelled=cancelled;self.bindings=bindings;self.current={};self.previous={};self.provenance={};self.channel=mailbox(self.context,'owner')
                                                                                                                     ~~~~~~~^^^^^^^^^^^^^^^^^^^^^^
  File "/home/auss/git_repos/samaust/Experiments_4DGS/scripts/vipe_benchmark/s1_progress.py", line 620, in mailbox
    channel=socket.socket(socket.AF_UNIX,socket.SOCK_DGRAM)
  File "/usr/lib/python3.14/socket.py", line 236, in __init__
    _socket.socket.__init__(self, family, type, proto, fileno)
    ~~~~~~~~~~~~~~~~~~~~~~~^^^^^^^^^^^^^^^^^^^^^^^^^^^^^^^^^^^
PermissionError: [Errno 1] Operation not permitted

======================================================================
ERROR: test_progress_plan047_state_authority (test_vipe_benchmark_supervisor.HelperSessionTests.test_progress_plan047_state_authority) (kind='request_changed_late')
----------------------------------------------------------------------
Traceback (most recent call last):
  File "/home/auss/git_repos/samaust/Experiments_4DGS/tests/test_vipe_benchmark_supervisor.py", line 3166, in test_progress_plan047_state_authority
    with self.subTest(**case),plan047_state(active_fixture,Path(temp)/case['kind'],qualified=case['kind'] not in ('worker_qualified_overclaim','produced_then_semantic_failure','first_identity_semantics')) as state:
                              ~~~~~~~~~~~~~^^^^^^^^^^^^^^^^^^^^^^^^^^^^^^^^^^^^^^^^^^^^^^^^^^^^^^^^^^^^^^^^^^^^^^^^^^^^^^^^^^^^^^^^^^^^^^^^^^^^^^^^^^^^^^^^^^^^^^^^^^^^^^^^^^^^^^^^^^^^^^^^^^^^^^^^^^^^^^^^^
  File "/usr/lib/python3.14/contextlib.py", line 141, in __enter__
    return next(self.gen)
  File "/home/auss/git_repos/samaust/Experiments_4DGS/tests/test_vipe_benchmark_s1_helper_fixtures.py", line 489, in state
    consumer=p.Consumer(reference,cache,lambda:cancelled[0],lambda producer:(binding,1))
  File "/home/auss/git_repos/samaust/Experiments_4DGS/scripts/vipe_benchmark/s1_progress.py", line 824, in __init__
    self.cancelled=cancelled;self.bindings=bindings;self.current={};self.previous={};self.provenance={};self.channel=mailbox(self.context,'owner')
                                                                                                                     ~~~~~~~^^^^^^^^^^^^^^^^^^^^^^
  File "/home/auss/git_repos/samaust/Experiments_4DGS/scripts/vipe_benchmark/s1_progress.py", line 620, in mailbox
    channel=socket.socket(socket.AF_UNIX,socket.SOCK_DGRAM)
  File "/usr/lib/python3.14/socket.py", line 236, in __init__
    _socket.socket.__init__(self, family, type, proto, fileno)
    ~~~~~~~~~~~~~~~~~~~~~~~^^^^^^^^^^^^^^^^^^^^^^^^^^^^^^^^^^^
PermissionError: [Errno 1] Operation not permitted

======================================================================
ERROR: test_progress_plan048_pure_memo (test_vipe_benchmark_supervisor.HelperSessionTests.test_progress_plan048_pure_memo) (kind='context_changed')
----------------------------------------------------------------------
Traceback (most recent call last):
  File "/home/auss/git_repos/samaust/Experiments_4DGS/tests/test_vipe_benchmark_supervisor.py", line 4019, in test_progress_plan048_pure_memo
    with plan047_state(fixture,root/kind) as state:
         ~~~~~~~~~~~~~^^^^^^^^^^^^^^^^^^^
  File "/usr/lib/python3.14/contextlib.py", line 141, in __enter__
    return next(self.gen)
  File "/home/auss/git_repos/samaust/Experiments_4DGS/tests/test_vipe_benchmark_s1_helper_fixtures.py", line 489, in state
    consumer=p.Consumer(reference,cache,lambda:cancelled[0],lambda producer:(binding,1))
  File "/home/auss/git_repos/samaust/Experiments_4DGS/scripts/vipe_benchmark/s1_progress.py", line 824, in __init__
    self.cancelled=cancelled;self.bindings=bindings;self.current={};self.previous={};self.provenance={};self.channel=mailbox(self.context,'owner')
                                                                                                                     ~~~~~~~^^^^^^^^^^^^^^^^^^^^^^
  File "/home/auss/git_repos/samaust/Experiments_4DGS/scripts/vipe_benchmark/s1_progress.py", line 620, in mailbox
    channel=socket.socket(socket.AF_UNIX,socket.SOCK_DGRAM)
  File "/usr/lib/python3.14/socket.py", line 236, in __init__
    _socket.socket.__init__(self, family, type, proto, fileno)
    ~~~~~~~~~~~~~~~~~~~~~~~^^^^^^^^^^^^^^^^^^^^^^^^^^^^^^^^^^^
PermissionError: [Errno 1] Operation not permitted

======================================================================
ERROR: test_progress_plan048_pure_memo (test_vipe_benchmark_supervisor.HelperSessionTests.test_progress_plan048_pure_memo) (kind='source_changed')
----------------------------------------------------------------------
Traceback (most recent call last):
  File "/home/auss/git_repos/samaust/Experiments_4DGS/tests/test_vipe_benchmark_supervisor.py", line 4019, in test_progress_plan048_pure_memo
    with plan047_state(fixture,root/kind) as state:
         ~~~~~~~~~~~~~^^^^^^^^^^^^^^^^^^^
  File "/usr/lib/python3.14/contextlib.py", line 141, in __enter__
    return next(self.gen)
  File "/home/auss/git_repos/samaust/Experiments_4DGS/tests/test_vipe_benchmark_s1_helper_fixtures.py", line 489, in state
    consumer=p.Consumer(reference,cache,lambda:cancelled[0],lambda producer:(binding,1))
  File "/home/auss/git_repos/samaust/Experiments_4DGS/scripts/vipe_benchmark/s1_progress.py", line 824, in __init__
    self.cancelled=cancelled;self.bindings=bindings;self.current={};self.previous={};self.provenance={};self.channel=mailbox(self.context,'owner')
                                                                                                                     ~~~~~~~^^^^^^^^^^^^^^^^^^^^^^
  File "/home/auss/git_repos/samaust/Experiments_4DGS/scripts/vipe_benchmark/s1_progress.py", line 620, in mailbox
    channel=socket.socket(socket.AF_UNIX,socket.SOCK_DGRAM)
  File "/usr/lib/python3.14/socket.py", line 236, in __init__
    _socket.socket.__init__(self, family, type, proto, fileno)
    ~~~~~~~~~~~~~~~~~~~~~~~^^^^^^^^^^^^^^^^^^^^^^^^^^^^^^^^^^^
PermissionError: [Errno 1] Operation not permitted

----------------------------------------------------------------------
Ran 101 tests in 16.751s

FAILED (errors=242)
test_correct_hash_cannot_authorize_an_unlisted_input (test_vipe_benchmark_review_annotations.IntegrityTests.test_correct_hash_cannot_authorize_an_unlisted_input) ... ok
test_corrupt_file_and_validly_rehashed_footprint_corruption_are_rejected (test_vipe_benchmark_review_annotations.IntegrityTests.test_corrupt_file_and_validly_rehashed_footprint_corruption_are_rejected) ... ok
test_grid_and_empty_changing_layer_cannot_silently_change (test_vipe_benchmark_review_annotations.IntegrityTests.test_grid_and_empty_changing_layer_cannot_silently_change) ... ok
test_semantic_and_feature_uncertainty_cannot_be_promoted (test_vipe_benchmark_review_annotations.IntegrityTests.test_semantic_and_feature_uncertainty_cannot_be_promoted) ... ok
test_valid_proxy_preserves_unknowns_and_does_not_claim_visual_review (test_vipe_benchmark_review_annotations.IntegrityTests.test_valid_proxy_preserves_unknowns_and_does_not_claim_visual_review) ... ok
test_duplicate_pair_and_uncovered_visible_identity_are_rejected (test_vipe_benchmark_review_annotations.PairTests.test_duplicate_pair_and_uncovered_visible_identity_are_rejected) ... ok
test_atomic_exclusive_publication_never_replaces_existing_evidence (test_vipe_benchmark_review_annotations.PublicationTests.test_atomic_exclusive_publication_never_replaces_existing_evidence) ... ok
test_visual_claim_requires_actual_attestation_and_bound_inspected_file (test_vipe_benchmark_review_annotations.PublicationTests.test_visual_claim_requires_actual_attestation_and_bound_inspected_file) ... ok

----------------------------------------------------------------------
Ran 8 tests in 0.141s

OK
