test_bounded_traces_counters_and_authority (test_vipe_benchmark_supervisor.HelperSessionTests.test_bounded_traces_counters_and_authority) ... ok
test_census_immutable_identity_mutations (test_vipe_benchmark_supervisor.HelperSessionTests.test_census_immutable_identity_mutations) ... ok
test_combined_duplex_and_same_turn_bounds (test_vipe_benchmark_supervisor.HelperSessionTests.test_combined_duplex_and_same_turn_bounds) ... ok
test_control_primitive_and_frame_mutations (test_vipe_benchmark_supervisor.HelperSessionTests.test_control_primitive_and_frame_mutations) ... ok
test_envelope_correlation_mutations (test_vipe_benchmark_supervisor.HelperSessionTests.test_envelope_correlation_mutations) ... ok
test_exact_frame_bounds_and_trailing_data (test_vipe_benchmark_supervisor.HelperSessionTests.test_exact_frame_bounds_and_trailing_data) ... ok
test_l01_ready_reuse (test_vipe_benchmark_supervisor.HelperSessionTests.test_l01_ready_reuse) ... FAIL
test_l02_ready_and_sample_before_reserve (test_vipe_benchmark_supervisor.HelperSessionTests.test_l02_ready_and_sample_before_reserve) ... ERROR
test_l03_owner_bootstrap_block (test_vipe_benchmark_supervisor.HelperSessionTests.test_l03_owner_bootstrap_block) ... ERROR
test_l04_child_before_ready_block (test_vipe_benchmark_supervisor.HelperSessionTests.test_l04_child_before_ready_block) ... ERROR
test_l05_error_after_spawn (test_vipe_benchmark_supervisor.HelperSessionTests.test_l05_error_after_spawn) ... ERROR
test_l06_late_ready (test_vipe_benchmark_supervisor.HelperSessionTests.test_l06_late_ready) ... ERROR
test_l07_cancel_during_spawn (test_vipe_benchmark_supervisor.HelperSessionTests.test_l07_cancel_during_spawn) ... ERROR
test_l08_late_owner_retained (test_vipe_benchmark_supervisor.HelperSessionTests.test_l08_late_owner_retained) ... ERROR
test_l09_partial_header (test_vipe_benchmark_supervisor.HelperSessionTests.test_l09_partial_header) ... ERROR
test_l10_stalled_body (test_vipe_benchmark_supervisor.HelperSessionTests.test_l10_stalled_body) ... ERROR
test_l11_eof_midframe (test_vipe_benchmark_supervisor.HelperSessionTests.test_l11_eof_midframe) ... ERROR
test_l12_stalled_request_reader (test_vipe_benchmark_supervisor.HelperSessionTests.test_l12_stalled_request_reader) ... ERROR
test_l13_oversized_frame (test_vipe_benchmark_supervisor.HelperSessionTests.test_l13_oversized_frame) ... ERROR
test_l14_wrong_correlation (test_vipe_benchmark_supervisor.HelperSessionTests.test_l14_wrong_correlation) ... ERROR
test_l15_sample_deadline (test_vipe_benchmark_supervisor.HelperSessionTests.test_l15_sample_deadline) ... ERROR
test_l16_phase_deadline (test_vipe_benchmark_supervisor.HelperSessionTests.test_l16_phase_deadline) ... ERROR
test_l17_post_task_acquisition (test_vipe_benchmark_supervisor.HelperSessionTests.test_l17_post_task_acquisition) ... ERROR
test_l18_descendant_and_foreign_sentinel (test_vipe_benchmark_supervisor.HelperSessionTests.test_l18_descendant_and_foreign_sentinel) ... ERROR
test_l19_term_resistance (test_vipe_benchmark_supervisor.HelperSessionTests.test_l19_term_resistance) ... ERROR
test_l20_exit_during_transport (test_vipe_benchmark_supervisor.HelperSessionTests.test_l20_exit_during_transport) ... ERROR
test_l21_enumeration_failure (test_vipe_benchmark_supervisor.HelperSessionTests.test_l21_enumeration_failure) ... ERROR
test_l22_signal_failure (test_vipe_benchmark_supervisor.HelperSessionTests.test_l22_signal_failure) ... ERROR
test_l23_reap_failure (test_vipe_benchmark_supervisor.HelperSessionTests.test_l23_reap_failure) ... ERROR
test_l24_summary_reference_adapter (test_vipe_benchmark_supervisor.HelperSessionTests.test_l24_summary_reference_adapter) ... ERROR
test_l25_delayed_actual_reserve (test_vipe_benchmark_supervisor.HelperSessionTests.test_l25_delayed_actual_reserve) ... ERROR
test_l26_equal_actual_reserve (test_vipe_benchmark_supervisor.HelperSessionTests.test_l26_equal_actual_reserve) ... ERROR
test_l27_encoder_early_response (test_vipe_benchmark_supervisor.HelperSessionTests.test_l27_encoder_early_response) ... ERROR
test_l28_partial_early_response (test_vipe_benchmark_supervisor.HelperSessionTests.test_l28_partial_early_response) ... ERROR
test_l29_readable_sample_equality (test_vipe_benchmark_supervisor.HelperSessionTests.test_l29_readable_sample_equality) ... ERROR
test_l30_readable_phase_equality (test_vipe_benchmark_supervisor.HelperSessionTests.test_l30_readable_phase_equality) ... ERROR
test_l31_live_worker_bracket_and_foreign (test_vipe_benchmark_supervisor.HelperSessionTests.test_l31_live_worker_bracket_and_foreign) ... ERROR
test_l32_unreaped_worker_pin (test_vipe_benchmark_supervisor.HelperSessionTests.test_l32_unreaped_worker_pin) ... ERROR
test_l33_blocked_census_refuses_stale (test_vipe_benchmark_supervisor.HelperSessionTests.test_l33_blocked_census_refuses_stale) ... ERROR
test_l34_enumeration_error_empty_sample (test_vipe_benchmark_supervisor.HelperSessionTests.test_l34_enumeration_error_empty_sample) ... ERROR
test_l35_exited_leader_live_descendant (test_vipe_benchmark_supervisor.HelperSessionTests.test_l35_exited_leader_live_descendant) ... ERROR
test_l36_ambiguous_native_start_retained (test_vipe_benchmark_supervisor.HelperSessionTests.test_l36_ambiguous_native_start_retained) ... ERROR
test_partial_constructor_boundaries (test_vipe_benchmark_supervisor.HelperSessionTests.test_partial_constructor_boundaries) ... FAIL
test_progress_closed_inventory_and_faults (test_vipe_benchmark_supervisor.HelperSessionTests.test_progress_closed_inventory_and_faults) ... ok
test_progress_metadata_mutations (test_vipe_benchmark_supervisor.HelperSessionTests.test_progress_metadata_mutations) ... ok
test_progress_p01_worker_deadline (test_vipe_benchmark_supervisor.HelperSessionTests.test_progress_p01_worker_deadline) ... ERROR
test_progress_p02_reconcile_interruption (test_vipe_benchmark_supervisor.HelperSessionTests.test_progress_p02_reconcile_interruption) ... ERROR
test_progress_p03_helper_death (test_vipe_benchmark_supervisor.HelperSessionTests.test_progress_p03_helper_death) ... ERROR
test_progress_p04_failed_final_sample (test_vipe_benchmark_supervisor.HelperSessionTests.test_progress_p04_failed_final_sample) ... ERROR
test_progress_p05_interrupted_publisher (test_vipe_benchmark_supervisor.HelperSessionTests.test_progress_p05_interrupted_publisher) ... ERROR
test_progress_p06_blocked_owner (test_vipe_benchmark_supervisor.HelperSessionTests.test_progress_p06_blocked_owner) ... ERROR
test_progress_plan046_inventory (test_vipe_benchmark_supervisor.HelperSessionTests.test_progress_plan046_inventory) ... ok
test_progress_plan046_launch_deadline (test_vipe_benchmark_supervisor.HelperSessionTests.test_progress_plan046_launch_deadline) ... 
  test_progress_plan046_launch_deadline (test_vipe_benchmark_supervisor.HelperSessionTests.test_progress_plan046_launch_deadline) (kind='before', offset=-0.001) ... FAIL
test_progress_plan046_ownership (test_vipe_benchmark_supervisor.HelperSessionTests.test_progress_plan046_ownership) ... ok
test_progress_plan046_protocol (test_vipe_benchmark_supervisor.HelperSessionTests.test_progress_plan046_protocol) ... ok
test_progress_plan046_publication_faults (test_vipe_benchmark_supervisor.HelperSessionTests.test_progress_plan046_publication_faults) ... ok
test_progress_plan046_summary (test_vipe_benchmark_supervisor.HelperSessionTests.test_progress_plan046_summary) ... ok
test_progress_plan046_worker_authority (test_vipe_benchmark_supervisor.HelperSessionTests.test_progress_plan046_worker_authority) ... ok
test_progress_plan047_alias_inventory (test_vipe_benchmark_supervisor.HelperSessionTests.test_progress_plan047_alias_inventory) ... ok
test_progress_plan047_cancellation (test_vipe_benchmark_supervisor.HelperSessionTests.test_progress_plan047_cancellation) ... ok
test_progress_plan047_complete_final_sample (test_vipe_benchmark_supervisor.HelperSessionTests.test_progress_plan047_complete_final_sample) ... 
  test_progress_plan047_complete_final_sample (test_vipe_benchmark_supervisor.HelperSessionTests.test_progress_plan047_complete_final_sample) (kind='success') ... ERROR
  test_progress_plan047_complete_final_sample (test_vipe_benchmark_supervisor.HelperSessionTests.test_progress_plan047_complete_final_sample) (kind='final_sample_failure') ... ERROR
test_progress_plan047_deadline_steps (test_vipe_benchmark_supervisor.HelperSessionTests.test_progress_plan047_deadline_steps) ... 
  test_progress_plan047_deadline_steps (test_vipe_benchmark_supervisor.HelperSessionTests.test_progress_plan047_deadline_steps) (operation='checkpoint_write', when='before') ... FAIL
  test_progress_plan047_deadline_steps (test_vipe_benchmark_supervisor.HelperSessionTests.test_progress_plan047_deadline_steps) (operation='checkpoint_write', when='equal') ... FAIL
  test_progress_plan047_deadline_steps (test_vipe_benchmark_supervisor.HelperSessionTests.test_progress_plan047_deadline_steps) (operation='checkpoint_write', when='after') ... FAIL
  test_progress_plan047_deadline_steps (test_vipe_benchmark_supervisor.HelperSessionTests.test_progress_plan047_deadline_steps) (operation='checkpoint_flush', when='before') ... FAIL
  test_progress_plan047_deadline_steps (test_vipe_benchmark_supervisor.HelperSessionTests.test_progress_plan047_deadline_steps) (operation='checkpoint_flush', when='after') ... FAIL
  test_progress_plan047_deadline_steps (test_vipe_benchmark_supervisor.HelperSessionTests.test_progress_plan047_deadline_steps) (operation='checkpoint_fsync', when='before') ... FAIL
  test_progress_plan047_deadline_steps (test_vipe_benchmark_supervisor.HelperSessionTests.test_progress_plan047_deadline_steps) (operation='checkpoint_close', when='before') ... FAIL
  test_progress_plan047_deadline_steps (test_vipe_benchmark_supervisor.HelperSessionTests.test_progress_plan047_deadline_steps) (operation='checkpoint_close', when='equal') ... FAIL
  test_progress_plan047_deadline_steps (test_vipe_benchmark_supervisor.HelperSessionTests.test_progress_plan047_deadline_steps) (operation='checkpoint_close', when='after') ... FAIL
  test_progress_plan047_deadline_steps (test_vipe_benchmark_supervisor.HelperSessionTests.test_progress_plan047_deadline_steps) (operation='checkpoint_readback', when='before') ... FAIL
  test_progress_plan047_deadline_steps (test_vipe_benchmark_supervisor.HelperSessionTests.test_progress_plan047_deadline_steps) (operation='checkpoint_readback', when='after') ... FAIL
  test_progress_plan047_deadline_steps (test_vipe_benchmark_supervisor.HelperSessionTests.test_progress_plan047_deadline_steps) (operation='head_write', when='before') ... FAIL
  test_progress_plan047_deadline_steps (test_vipe_benchmark_supervisor.HelperSessionTests.test_progress_plan047_deadline_steps) (operation='head_write', when='equal') ... FAIL
  test_progress_plan047_deadline_steps (test_vipe_benchmark_supervisor.HelperSessionTests.test_progress_plan047_deadline_steps) (operation='head_write', when='after') ... FAIL
  test_progress_plan047_deadline_steps (test_vipe_benchmark_supervisor.HelperSessionTests.test_progress_plan047_deadline_steps) (operation='head_flush', when='equal') ... FAIL
  test_progress_plan047_deadline_steps (test_vipe_benchmark_supervisor.HelperSessionTests.test_progress_plan047_deadline_steps) (operation='head_flush', when='after') ... FAIL
  test_progress_plan047_deadline_steps (test_vipe_benchmark_supervisor.HelperSessionTests.test_progress_plan047_deadline_steps) (operation='head_fsync', when='before') ... FAIL
  test_progress_plan047_deadline_steps (test_vipe_benchmark_supervisor.HelperSessionTests.test_progress_plan047_deadline_steps) (operation='head_fsync', when='after') ... FAIL
  test_progress_plan047_deadline_steps (test_vipe_benchmark_supervisor.HelperSessionTests.test_progress_plan047_deadline_steps) (operation='head_close', when='before') ... FAIL
  test_progress_plan047_deadline_steps (test_vipe_benchmark_supervisor.HelperSessionTests.test_progress_plan047_deadline_steps) (operation='head_close', when='equal') ... FAIL
  test_progress_plan047_deadline_steps (test_vipe_benchmark_supervisor.HelperSessionTests.test_progress_plan047_deadline_steps) (operation='head_close', when='after') ... FAIL
  test_progress_plan047_deadline_steps (test_vipe_benchmark_supervisor.HelperSessionTests.test_progress_plan047_deadline_steps) (operation='head_readback', when='before') ... FAIL
  test_progress_plan047_deadline_steps (test_vipe_benchmark_supervisor.HelperSessionTests.test_progress_plan047_deadline_steps) (operation='head_readback', when='equal') ... FAIL
  test_progress_plan047_deadline_steps (test_vipe_benchmark_supervisor.HelperSessionTests.test_progress_plan047_deadline_steps) (operation='head_readback', when='after') ... FAIL
  test_progress_plan047_deadline_steps (test_vipe_benchmark_supervisor.HelperSessionTests.test_progress_plan047_deadline_steps) (operation='generation_install', when='before') ... FAIL
  test_progress_plan047_deadline_steps (test_vipe_benchmark_supervisor.HelperSessionTests.test_progress_plan047_deadline_steps) (operation='generation_install', when='equal') ... FAIL
  test_progress_plan047_deadline_steps (test_vipe_benchmark_supervisor.HelperSessionTests.test_progress_plan047_deadline_steps) (operation='generation_dir_fsync', when='before') ... FAIL
  test_progress_plan047_deadline_steps (test_vipe_benchmark_supervisor.HelperSessionTests.test_progress_plan047_deadline_steps) (operation='generation_dir_fsync', when='equal') ... FAIL
  test_progress_plan047_deadline_steps (test_vipe_benchmark_supervisor.HelperSessionTests.test_progress_plan047_deadline_steps) (operation='generation_dir_fsync', when='after') ... FAIL
  test_progress_plan047_deadline_steps (test_vipe_benchmark_supervisor.HelperSessionTests.test_progress_plan047_deadline_steps) (operation='generation_reopen_hash', when='after') ... FAIL
  test_progress_plan047_deadline_steps (test_vipe_benchmark_supervisor.HelperSessionTests.test_progress_plan047_deadline_steps) (operation='head_install', when='before') ... FAIL
  test_progress_plan047_deadline_steps (test_vipe_benchmark_supervisor.HelperSessionTests.test_progress_plan047_deadline_steps) (operation='head_install', when='after') ... FAIL
  test_progress_plan047_deadline_steps (test_vipe_benchmark_supervisor.HelperSessionTests.test_progress_plan047_deadline_steps) (operation='head_dir_fsync', when='before') ... FAIL
  test_progress_plan047_deadline_steps (test_vipe_benchmark_supervisor.HelperSessionTests.test_progress_plan047_deadline_steps) (operation='head_dir_fsync', when='equal') ... FAIL
  test_progress_plan047_deadline_steps (test_vipe_benchmark_supervisor.HelperSessionTests.test_progress_plan047_deadline_steps) (operation='head_dir_fsync', when='after') ... FAIL
  test_progress_plan047_deadline_steps (test_vipe_benchmark_supervisor.HelperSessionTests.test_progress_plan047_deadline_steps) (operation='final_head_read', when='before') ... FAIL
  test_progress_plan047_deadline_steps (test_vipe_benchmark_supervisor.HelperSessionTests.test_progress_plan047_deadline_steps) (operation='final_head_read', when='equal') ... FAIL
  test_progress_plan047_deadline_steps (test_vipe_benchmark_supervisor.HelperSessionTests.test_progress_plan047_deadline_steps) (operation='final_generation_read', when='before') ... FAIL
  test_progress_plan047_deadline_steps (test_vipe_benchmark_supervisor.HelperSessionTests.test_progress_plan047_deadline_steps) (operation='final_generation_read', when='equal') ... FAIL
  test_progress_plan047_deadline_steps (test_vipe_benchmark_supervisor.HelperSessionTests.test_progress_plan047_deadline_steps) (operation='final_generation_read', when='after') ... FAIL
  test_progress_plan047_deadline_steps (test_vipe_benchmark_supervisor.HelperSessionTests.test_progress_plan047_deadline_steps) (operation='notice_send', when='before') ... FAIL
  test_progress_plan047_deadline_steps (test_vipe_benchmark_supervisor.HelperSessionTests.test_progress_plan047_deadline_steps) (operation='notice_send', when='equal') ... FAIL
  test_progress_plan047_deadline_steps (test_vipe_benchmark_supervisor.HelperSessionTests.test_progress_plan047_deadline_steps) (operation='notice_send', when='after') ... FAIL
  test_progress_plan047_deadline_steps (test_vipe_benchmark_supervisor.HelperSessionTests.test_progress_plan047_deadline_steps) (operation='owner_retention', when='before') ... FAIL
  test_progress_plan047_deadline_steps (test_vipe_benchmark_supervisor.HelperSessionTests.test_progress_plan047_deadline_steps) (operation='owner_retention', when='equal') ... FAIL
  test_progress_plan047_deadline_steps (test_vipe_benchmark_supervisor.HelperSessionTests.test_progress_plan047_deadline_steps) (operation='owner_retention', when='after') ... FAIL
  test_progress_plan047_deadline_steps (test_vipe_benchmark_supervisor.HelperSessionTests.test_progress_plan047_deadline_steps) (operation='ack_send', when='before') ... FAIL
  test_progress_plan047_deadline_steps (test_vipe_benchmark_supervisor.HelperSessionTests.test_progress_plan047_deadline_steps) (operation='ack_send', when='after') ... FAIL
  test_progress_plan047_deadline_steps (test_vipe_benchmark_supervisor.HelperSessionTests.test_progress_plan047_deadline_steps) (operation='ack_receipt', when='equal') ... FAIL
  test_progress_plan047_deadline_steps (test_vipe_benchmark_supervisor.HelperSessionTests.test_progress_plan047_deadline_steps) (operation='ack_receipt', when='after') ... FAIL
  test_progress_plan047_deadline_steps (test_vipe_benchmark_supervisor.HelperSessionTests.test_progress_plan047_deadline_steps) (operation='array_npy', when='before') ... FAIL
  test_progress_plan047_deadline_steps (test_vipe_benchmark_supervisor.HelperSessionTests.test_progress_plan047_deadline_steps) (operation='array_npy', when='after') ... FAIL
  test_progress_plan047_deadline_steps (test_vipe_benchmark_supervisor.HelperSessionTests.test_progress_plan047_deadline_steps) (operation='array_png', when='equal') ... FAIL
  test_progress_plan047_deadline_steps (test_vipe_benchmark_supervisor.HelperSessionTests.test_progress_plan047_deadline_steps) (operation='npz_member', when='before') ... FAIL
  test_progress_plan047_deadline_steps (test_vipe_benchmark_supervisor.HelperSessionTests.test_progress_plan047_deadline_steps) (operation='npz_member', when='after') ... FAIL
  test_progress_plan047_deadline_steps (test_vipe_benchmark_supervisor.HelperSessionTests.test_progress_plan047_deadline_steps) (operation='npz_finalize', when='before') ... FAIL
  test_progress_plan047_deadline_steps (test_vipe_benchmark_supervisor.HelperSessionTests.test_progress_plan047_deadline_steps) (operation='npz_finalize', when='after') ... FAIL
  test_progress_plan047_deadline_steps (test_vipe_benchmark_supervisor.HelperSessionTests.test_progress_plan047_deadline_steps) (operation='array_hash', when='before') ... FAIL
  test_progress_plan047_deadline_steps (test_vipe_benchmark_supervisor.HelperSessionTests.test_progress_plan047_deadline_steps) (operation='array_hash', when='equal') ... FAIL
  test_progress_plan047_deadline_steps (test_vipe_benchmark_supervisor.HelperSessionTests.test_progress_plan047_deadline_steps) (operation='array_hash', when='after') ... FAIL
  test_progress_plan047_deadline_steps (test_vipe_benchmark_supervisor.HelperSessionTests.test_progress_plan047_deadline_steps) (operation='produced_json', when='before') ... FAIL
  test_progress_plan047_deadline_steps (test_vipe_benchmark_supervisor.HelperSessionTests.test_progress_plan047_deadline_steps) (operation='produced_json', when='equal') ... FAIL
  test_progress_plan047_deadline_steps (test_vipe_benchmark_supervisor.HelperSessionTests.test_progress_plan047_deadline_steps) (operation='produced_read', when='equal') ... FAIL
  test_progress_plan047_deadline_steps (test_vipe_benchmark_supervisor.HelperSessionTests.test_progress_plan047_deadline_steps) (operation='produced_read', when='after') ... FAIL
  test_progress_plan047_deadline_steps (test_vipe_benchmark_supervisor.HelperSessionTests.test_progress_plan047_deadline_steps) (operation='produced_guard', when='equal') ... FAIL
  test_progress_plan047_deadline_steps (test_vipe_benchmark_supervisor.HelperSessionTests.test_progress_plan047_deadline_steps) (operation='qualified_guard', when='after') ... FAIL
  test_progress_plan047_deadline_steps (test_vipe_benchmark_supervisor.HelperSessionTests.test_progress_plan047_deadline_steps) (operation='runtime_guard', when='before') ... FAIL
  test_progress_plan047_deadline_steps (test_vipe_benchmark_supervisor.HelperSessionTests.test_progress_plan047_deadline_steps) (operation='runtime_guard', when='equal') ... FAIL
  test_progress_plan047_deadline_steps (test_vipe_benchmark_supervisor.HelperSessionTests.test_progress_plan047_deadline_steps) (operation='runtime_guard', when='after') ... FAIL
  test_progress_plan047_deadline_steps (test_vipe_benchmark_supervisor.HelperSessionTests.test_progress_plan047_deadline_steps) (operation='reuse_after_read', when='equal') ... FAIL
  test_progress_plan047_deadline_steps (test_vipe_benchmark_supervisor.HelperSessionTests.test_progress_plan047_deadline_steps) (operation='reuse_after_read', when='after') ... FAIL
  test_progress_plan047_deadline_steps (test_vipe_benchmark_supervisor.HelperSessionTests.test_progress_plan047_deadline_steps) (operation='accept_after_read', when='after') ... FAIL
  test_progress_plan047_deadline_steps (test_vipe_benchmark_supervisor.HelperSessionTests.test_progress_plan047_deadline_steps) (operation='complete_after_read', when='equal') ... FAIL
  test_progress_plan047_deadline_steps (test_vipe_benchmark_supervisor.HelperSessionTests.test_progress_plan047_deadline_steps) (operation='complete_after_read', when='after') ... FAIL
  test_progress_plan047_deadline_steps (test_vipe_benchmark_supervisor.HelperSessionTests.test_progress_plan047_deadline_steps) (operation='next_input', when='equal') ... FAIL
  test_progress_plan047_deadline_steps (test_vipe_benchmark_supervisor.HelperSessionTests.test_progress_plan047_deadline_steps) (operation='worker_popen', when='before') ... FAIL
  test_progress_plan047_deadline_steps (test_vipe_benchmark_supervisor.HelperSessionTests.test_progress_plan047_deadline_steps) (operation='worker_popen', when='equal') ... FAIL
  test_progress_plan047_deadline_steps (test_vipe_benchmark_supervisor.HelperSessionTests.test_progress_plan047_deadline_steps) (operation='worker_popen', when='after') ... FAIL
test_progress_plan047_limits (test_vipe_benchmark_supervisor.HelperSessionTests.test_progress_plan047_limits) ... ok
test_progress_plan047_nested (test_vipe_benchmark_supervisor.HelperSessionTests.test_progress_plan047_nested) ... ok
test_progress_plan047_ownership (test_vipe_benchmark_supervisor.HelperSessionTests.test_progress_plan047_ownership) ... 
  test_progress_plan047_ownership (test_vipe_benchmark_supervisor.HelperSessionTests.test_progress_plan047_ownership) (kind='registry_owner_dispatch') ... ERROR
  test_progress_plan047_ownership (test_vipe_benchmark_supervisor.HelperSessionTests.test_progress_plan047_ownership) (kind='registry_worker_dispatch') ... ERROR
  test_progress_plan047_ownership (test_vipe_benchmark_supervisor.HelperSessionTests.test_progress_plan047_ownership) (kind='registry_direct_dispatch') ... ERROR
  test_progress_plan047_ownership (test_vipe_benchmark_supervisor.HelperSessionTests.test_progress_plan047_ownership) (kind='registry_sentinel_dispatch') ... ERROR
test_progress_plan047_publication_faults (test_vipe_benchmark_supervisor.HelperSessionTests.test_progress_plan047_publication_faults) ... ok
test_progress_plan047_recovery (test_vipe_benchmark_supervisor.HelperSessionTests.test_progress_plan047_recovery) ... ok
test_progress_plan047_result_summary (test_vipe_benchmark_supervisor.HelperSessionTests.test_progress_plan047_result_summary) ... ok
test_progress_plan047_state_authority (test_vipe_benchmark_supervisor.HelperSessionTests.test_progress_plan047_state_authority) ... ok
test_progress_plan048_pure_memo (test_vipe_benchmark_supervisor.HelperSessionTests.test_progress_plan048_pure_memo) ... ok
test_progress_strict_primitives (test_vipe_benchmark_supervisor.HelperSessionTests.test_progress_strict_primitives) ... ok
test_resource_field_mutations (test_vipe_benchmark_supervisor.HelperSessionTests.test_resource_field_mutations) ... ok
test_sample_typed_timing_mutations (test_vipe_benchmark_supervisor.HelperSessionTests.test_sample_typed_timing_mutations) ... ok

======================================================================
ERROR: test_l02_ready_and_sample_before_reserve (test_vipe_benchmark_supervisor.HelperSessionTests.test_l02_ready_and_sample_before_reserve)
----------------------------------------------------------------------
Traceback (most recent call last):
  File "/home/auss/git_repos/samaust/Experiments_4DGS/tests/test_vipe_benchmark_supervisor.py", line 1308, in test_l02_ready_and_sample_before_reserve
    value=sup.monitored_call(self.sampler,session.setup_deadline,self.sampler,load(),{},lifecycle=life,phase='initial_sample')
  File "/home/auss/git_repos/samaust/Experiments_4DGS/scripts/vipe_benchmark/supervisor.py", line 283, in monitored_call
    session.await_ready()
    ~~~~~~~~~~~~~~~~~~~^^
  File "/home/auss/git_repos/samaust/Experiments_4DGS/tests/test_vipe_benchmark_supervisor.py", line 1165, in observed
    result=operation(*args,**kwargs);return result
  File "/home/auss/git_repos/samaust/Experiments_4DGS/scripts/vipe_benchmark/s1_helper_session.py", line 2382, in await_ready
    self.tick(end); time.sleep(min(.005,max(0.,end-time.monotonic())))
    ~~~~~~~~~^^^^^
  File "/home/auss/git_repos/samaust/Experiments_4DGS/tests/test_vipe_benchmark_supervisor.py", line 1165, in observed
    result=operation(*args,**kwargs);return result
  File "/home/auss/git_repos/samaust/Experiments_4DGS/scripts/vipe_benchmark/s1_helper_session.py", line 2297, in tick
    if self.owner.cancelled or self.poisoned: raise RuntimeError('S1 helper session poisoned: '+str(list(self.owner.errors)))
                                              ^^^^^^^^^^^^^^^^^^^^^^^^^^^^^^^^^^^^^^^^^^^^^^^^^^^^^^^^^^^^^^^^^^^^^^^^^^^^^^^
RuntimeError: S1 helper session poisoned: [{'error_class': 'ValueError', 'message': 'owned Owner.run sample dispatch CPU capacity', 'phase': 'startup'}]
HelperCleanupUncertain: helper cleanup not confirmed
timing_or_cleanup_check_0: AssertionError: False is not true : {'scenario': 'L02', 'mode': 'normal', 'constructor_entry': 19980.150016057, 'action_cutoff': 19982.150016057, 'safety_cutoff': 19983.150016057, 'constructor_end': 19980.160432844, 't0': 19980.150036809, 'ready_deadline': 19981.150036809, 'setup_deadline': 19982.150036809, 'setup_cleanup_deadline': 19983.150036809, 'action_end': 19983.150108415, 'end': 19983.150122171, 'execution_seconds': 3.000092358000984, 'cleanup_seconds': 1.3755998224951327e-05, 'cleanup_confirmed': False, 'records': {'work': {'role': 'work', 'state': 'pid_owned', 'pid': 36890, 'pgid': 36890, 'start_ticks': 1998023}, 'sample': {'role': 'sample', 'state': 'spawning', 'pid': None}}, 'errors': [{'error_class': 'ValueError', 'message': 'pidfd signal intent unresolved; no resend', 'phase': 'helper_cleanup'}, {'error_class': 'ValueError', 'message': 'pidfd signal intent unresolved; no resend', 'phase': 'helper_cleanup'}, {'error_class': 'ValueError', 'message': 'pidfd signal intent unresolved; no resend', 'phase': 'helper_cleanup'}, {'error_class': 'ValueError', 'message': 'pidfd signal intent unresolved; no resend', 'phase': 'helper_cleanup'}, {'error_class': 'ValueError', 'message': 'pidfd signal intent unresolved; no resend', 'phase': 'helper_cleanup'}, {'error_class': 'ValueError', 'message': 'pidfd signal intent unresolved; no resend', 'phase': 'helper_cleanup'}, {'error_class': 'ValueError', 'message': 'pidfd signal intent unresolved; no resend', 'phase': 'helper_cleanup'}, {'error_class': 'ValueError', 'message': 'pidfd signal intent unresolved; no resend', 'phase': 'helper_cleanup'}, {'error_class': 'ValueError', 'message': 'pidfd signal intent unresolved; no resend', 'phase': 'helper_cleanup'}, {'error_class': 'ValueError', 'message': 'pidfd signal intent unresolved; no resend', 'phase': 'helper_cleanup'}, {'error_class': 'ValueError', 'message': 'pidfd signal intent unresolved; no resend', 'phase': 'helper_cleanup'}, {'error_class': 'ValueError', 'message': 'pidfd signal intent unresolved; no resend', 'phase': 'helper_
timing_or_cleanup_check_1: AssertionError: 3.000092358000984 not less than or equal to 2
timing_or_cleanup_check_3: AssertionError: 3.000106113999209 not less than or equal to 3

======================================================================
ERROR: test_l03_owner_bootstrap_block (test_vipe_benchmark_supervisor.HelperSessionTests.test_l03_owner_bootstrap_block)
----------------------------------------------------------------------
Traceback (most recent call last):
  File "/home/auss/git_repos/samaust/Experiments_4DGS/tests/test_vipe_benchmark_supervisor.py", line 1334, in test_l03_owner_bootstrap_block
    def test_l03_owner_bootstrap_block(self): self.reject_ready('L03','owner_block')
                                              ~~~~~~~~~~~~~~~~~^^^^^^^^^^^^^^^^^^^^^
  File "/home/auss/git_repos/samaust/Experiments_4DGS/tests/test_vipe_benchmark_supervisor.py", line 1269, in reject_ready
    with self.scenario(label,mode,ready_seconds=.08,setup_seconds=.18,total_seconds=.3) as session:
         ~~~~~~~~~~~~~^^^^^^^^^^^^^^^^^^^^^^^^^^^^^^^^^^^^^^^^^^^^^^^^^^^^^^^^^^^^^^^^^
  File "/usr/lib/python3.14/contextlib.py", line 141, in __enter__
    return next(self.gen)
  File "/home/auss/git_repos/samaust/Experiments_4DGS/tests/test_vipe_benchmark_supervisor.py", line 1153, in owned
    session(mode,instance=current,**bounds)
    ~~~~~~~^^^^^^^^^^^^^^^^^^^^^^^^^^^^^^^^
  File "/home/auss/git_repos/samaust/Experiments_4DGS/tests/test_vipe_benchmark_s1_helper_fixtures.py", line 69, in session
    instance.__init__(owner_factory=Selected, **kwargs)
    ~~~~~~~~~~~~~~~~~^^^^^^^^^^^^^^^^^^^^^^^^^^^^^^^^^^
  File "/home/auss/git_repos/samaust/Experiments_4DGS/scripts/vipe_benchmark/s1_helper_session.py", line 2140, in __init__
    self.job_thread=reserve_job_root('H','Session owner thread',allow_descendant=False) if os.environ.get('S1_JOB_LEDGER') else None
                    ~~~~~~~~~~~~~~~~^^^^^^^^^^^^^^^^^^^^^^^^^^^^^^^^^^^^^^^^^^^^^^^^^^^
  File "/home/auss/git_repos/samaust/Experiments_4DGS/scripts/vipe_benchmark/s1_helper_session.py", line 1046, in reserve_job_root
    append_job_event('root-reserved',dict(token=token,role=role,label=label,creator=creator),guard=guard)
    ~~~~~~~~~~~~~~~~^^^^^^^^^^^^^^^^^^^^^^^^^^^^^^^^^^^^^^^^^^^^^^^^^^^^^^^^^^^^^^^^^^^^^^^^^^^^^^^^^^^^^
  File "/home/auss/git_repos/samaust/Experiments_4DGS/scripts/vipe_benchmark/s1_helper_session.py", line 720, in append_job_event
    replacement=guard(state)
  File "/home/auss/git_repos/samaust/Experiments_4DGS/scripts/vipe_benchmark/s1_helper_session.py", line 1042, in guard
    raise ValueError('job root capacity')
ValueError: job root capacity
timing_or_cleanup_check_0: AssertionError: False is not true : {'scenario': 'L03', 'mode': 'owner_block', 'constructor_entry': 19983.152691007, 'action_cutoff': 19985.152691007, 'safety_cutoff': 19986.152691007, 'action_end': 19983.154515617, 'end': 19983.154520011, 'execution_seconds': 0.0018246100007672794, 'cleanup_seconds': 4.39400173490867e-06, 'cleanup_confirmed': False, 'records': {'work': {'role': 'work', 'state': 'pending', 'pid': None}, 'sample': {'role': 'sample', 'state': 'pending', 'pid': None}}, 'errors': [], 'signals': [], 'ticks': [19983.152710991], 'events': [], 'trace_facts': {'capacity': 256, 'total': 0, 'dropped': 0, 'saturated': False, 'first': None, 'last': None}, 'tick_facts': {'capacity': 128, 'total': 1, 'dropped': 0, 'saturated': False, 'first': 19983.152715953, 'last': 19983.152715953}, 'owner_error_facts': {'capacity': 32, 'total': 0, 'dropped': 0, 'saturated': False, 'first': None, 'last': None}, 'owner_signal_facts': {'capacity': 128, 'total': 0, 'dropped': 0, 'saturated': False, 'first': None, 'last': None}, 'request_counts': {'work': {'dispatch': 0, 'response': 0}, 'sample': {'dispatch': 0, 'response': 0}}, 'census_request_count': 0, 'max_gap': 0.0, 'max_turn': 0.0, 'call_observations': [], 'call_observation_facts': {'capacity': 128, 'total': 0, 'dropped': 0, 'saturated': False, 'first': None, 'last': None}, 'timing_failures': [], 'last_sample': None, 'requests': {'work': None, 'sample': None}, 'ownership': [{'state': 'launch_unknown', 'ownership_unknown': True, 'pid': None}], 'wire': {'work': {'sent': 0, 'received': 0, 'blocked_writes': 0, 'peek': 0, 'combined': 0, 'last_frame': None}, 'sample': {'sent': 0, 'received': 0, 'blocked_writes': 0, 'peek': 0, 'combined': 0, 'last_frame': None}}, 'secondary': []}

======================================================================
ERROR: test_l04_child_before_ready_block (test_vipe_benchmark_supervisor.HelperSessionTests.test_l04_child_before_ready_block)
----------------------------------------------------------------------
Traceback (most recent call last):
  File "/home/auss/git_repos/samaust/Experiments_4DGS/tests/test_vipe_benchmark_supervisor.py", line 1335, in test_l04_child_before_ready_block
    def test_l04_child_before_ready_block(self): self.reject_ready('L04','child_block')
                                                 ~~~~~~~~~~~~~~~~~^^^^^^^^^^^^^^^^^^^^^
  File "/home/auss/git_repos/samaust/Experiments_4DGS/tests/test_vipe_benchmark_supervisor.py", line 1269, in reject_ready
    with self.scenario(label,mode,ready_seconds=.08,setup_seconds=.18,total_seconds=.3) as session:
         ~~~~~~~~~~~~~^^^^^^^^^^^^^^^^^^^^^^^^^^^^^^^^^^^^^^^^^^^^^^^^^^^^^^^^^^^^^^^^^
  File "/usr/lib/python3.14/contextlib.py", line 141, in __enter__
    return next(self.gen)
  File "/home/auss/git_repos/samaust/Experiments_4DGS/tests/test_vipe_benchmark_supervisor.py", line 1153, in owned
    session(mode,instance=current,**bounds)
    ~~~~~~~^^^^^^^^^^^^^^^^^^^^^^^^^^^^^^^^
  File "/home/auss/git_repos/samaust/Experiments_4DGS/tests/test_vipe_benchmark_s1_helper_fixtures.py", line 69, in session
    instance.__init__(owner_factory=Selected, **kwargs)
    ~~~~~~~~~~~~~~~~~^^^^^^^^^^^^^^^^^^^^^^^^^^^^^^^^^^
  File "/home/auss/git_repos/samaust/Experiments_4DGS/scripts/vipe_benchmark/s1_helper_session.py", line 2140, in __init__
    self.job_thread=reserve_job_root('H','Session owner thread',allow_descendant=False) if os.environ.get('S1_JOB_LEDGER') else None
                    ~~~~~~~~~~~~~~~~^^^^^^^^^^^^^^^^^^^^^^^^^^^^^^^^^^^^^^^^^^^^^^^^^^^
  File "/home/auss/git_repos/samaust/Experiments_4DGS/scripts/vipe_benchmark/s1_helper_session.py", line 1046, in reserve_job_root
    append_job_event('root-reserved',dict(token=token,role=role,label=label,creator=creator),guard=guard)
    ~~~~~~~~~~~~~~~~^^^^^^^^^^^^^^^^^^^^^^^^^^^^^^^^^^^^^^^^^^^^^^^^^^^^^^^^^^^^^^^^^^^^^^^^^^^^^^^^^^^^^
  File "/home/auss/git_repos/samaust/Experiments_4DGS/scripts/vipe_benchmark/s1_helper_session.py", line 720, in append_job_event
    replacement=guard(state)
  File "/home/auss/git_repos/samaust/Experiments_4DGS/scripts/vipe_benchmark/s1_helper_session.py", line 1042, in guard
    raise ValueError('job root capacity')
ValueError: job root capacity
timing_or_cleanup_check_0: AssertionError: False is not true : {'scenario': 'L04', 'mode': 'child_block', 'constructor_entry': 19983.155713514, 'action_cutoff': 19985.155713514, 'safety_cutoff': 19986.155713514, 'action_end': 19983.157755501, 'end': 19983.157759582, 'execution_seconds': 0.0020419870015757624, 'cleanup_seconds': 4.0810009522829205e-06, 'cleanup_confirmed': False, 'records': {'work': {'role': 'work', 'state': 'pending', 'pid': None}, 'sample': {'role': 'sample', 'state': 'pending', 'pid': None}}, 'errors': [], 'signals': [], 'ticks': [19983.15573106], 'events': [], 'trace_facts': {'capacity': 256, 'total': 0, 'dropped': 0, 'saturated': False, 'first': None, 'last': None}, 'tick_facts': {'capacity': 128, 'total': 1, 'dropped': 0, 'saturated': False, 'first': 19983.155735569, 'last': 19983.155735569}, 'owner_error_facts': {'capacity': 32, 'total': 0, 'dropped': 0, 'saturated': False, 'first': None, 'last': None}, 'owner_signal_facts': {'capacity': 128, 'total': 0, 'dropped': 0, 'saturated': False, 'first': None, 'last': None}, 'request_counts': {'work': {'dispatch': 0, 'response': 0}, 'sample': {'dispatch': 0, 'response': 0}}, 'census_request_count': 0, 'max_gap': 0.0, 'max_turn': 0.0, 'call_observations': [], 'call_observation_facts': {'capacity': 128, 'total': 0, 'dropped': 0, 'saturated': False, 'first': None, 'last': None}, 'timing_failures': [], 'last_sample': None, 'requests': {'work': None, 'sample': None}, 'ownership': [{'state': 'launch_unknown', 'ownership_unknown': True, 'pid': None}], 'wire': {'work': {'sent': 0, 'received': 0, 'blocked_writes': 0, 'peek': 0, 'combined': 0, 'last_frame': None}, 'sample': {'sent': 0, 'received': 0, 'blocked_writes': 0, 'peek': 0, 'combined': 0, 'last_frame': None}}, 'secondary': []}

======================================================================
ERROR: test_l05_error_after_spawn (test_vipe_benchmark_supervisor.HelperSessionTests.test_l05_error_after_spawn)
----------------------------------------------------------------------
Traceback (most recent call last):
  File "/home/auss/git_repos/samaust/Experiments_4DGS/tests/test_vipe_benchmark_supervisor.py", line 1336, in test_l05_error_after_spawn
    def test_l05_error_after_spawn(self): self.reject_ready('L05','identity_failure')
                                          ~~~~~~~~~~~~~~~~~^^^^^^^^^^^^^^^^^^^^^^^^^^
  File "/home/auss/git_repos/samaust/Experiments_4DGS/tests/test_vipe_benchmark_supervisor.py", line 1269, in reject_ready
    with self.scenario(label,mode,ready_seconds=.08,setup_seconds=.18,total_seconds=.3) as session:
         ~~~~~~~~~~~~~^^^^^^^^^^^^^^^^^^^^^^^^^^^^^^^^^^^^^^^^^^^^^^^^^^^^^^^^^^^^^^^^^
  File "/usr/lib/python3.14/contextlib.py", line 141, in __enter__
    return next(self.gen)
  File "/home/auss/git_repos/samaust/Experiments_4DGS/tests/test_vipe_benchmark_supervisor.py", line 1153, in owned
    session(mode,instance=current,**bounds)
    ~~~~~~~^^^^^^^^^^^^^^^^^^^^^^^^^^^^^^^^
  File "/home/auss/git_repos/samaust/Experiments_4DGS/tests/test_vipe_benchmark_s1_helper_fixtures.py", line 69, in session
    instance.__init__(owner_factory=Selected, **kwargs)
    ~~~~~~~~~~~~~~~~~^^^^^^^^^^^^^^^^^^^^^^^^^^^^^^^^^^
  File "/home/auss/git_repos/samaust/Experiments_4DGS/scripts/vipe_benchmark/s1_helper_session.py", line 2140, in __init__
    self.job_thread=reserve_job_root('H','Session owner thread',allow_descendant=False) if os.environ.get('S1_JOB_LEDGER') else None
                    ~~~~~~~~~~~~~~~~^^^^^^^^^^^^^^^^^^^^^^^^^^^^^^^^^^^^^^^^^^^^^^^^^^^
  File "/home/auss/git_repos/samaust/Experiments_4DGS/scripts/vipe_benchmark/s1_helper_session.py", line 1046, in reserve_job_root
    append_job_event('root-reserved',dict(token=token,role=role,label=label,creator=creator),guard=guard)
    ~~~~~~~~~~~~~~~~^^^^^^^^^^^^^^^^^^^^^^^^^^^^^^^^^^^^^^^^^^^^^^^^^^^^^^^^^^^^^^^^^^^^^^^^^^^^^^^^^^^^^
  File "/home/auss/git_repos/samaust/Experiments_4DGS/scripts/vipe_benchmark/s1_helper_session.py", line 720, in append_job_event
    replacement=guard(state)
  File "/home/auss/git_repos/samaust/Experiments_4DGS/scripts/vipe_benchmark/s1_helper_session.py", line 1042, in guard
    raise ValueError('job root capacity')
ValueError: job root capacity
timing_or_cleanup_check_0: AssertionError: False is not true : {'scenario': 'L05', 'mode': 'identity_failure', 'constructor_entry': 19983.15882175, 'action_cutoff': 19985.15882175, 'safety_cutoff': 19986.15882175, 'action_end': 19983.160931255, 'end': 19983.160935309, 'execution_seconds': 0.0021095049996802118, 'cleanup_seconds': 4.053999873576686e-06, 'cleanup_confirmed': False, 'records': {'work': {'role': 'work', 'state': 'pending', 'pid': None}, 'sample': {'role': 'sample', 'state': 'pending', 'pid': None}}, 'errors': [], 'signals': [], 'ticks': [19983.158838427], 'events': [], 'trace_facts': {'capacity': 256, 'total': 0, 'dropped': 0, 'saturated': False, 'first': None, 'last': None}, 'tick_facts': {'capacity': 128, 'total': 1, 'dropped': 0, 'saturated': False, 'first': 19983.158842079, 'last': 19983.158842079}, 'owner_error_facts': {'capacity': 32, 'total': 0, 'dropped': 0, 'saturated': False, 'first': None, 'last': None}, 'owner_signal_facts': {'capacity': 128, 'total': 0, 'dropped': 0, 'saturated': False, 'first': None, 'last': None}, 'request_counts': {'work': {'dispatch': 0, 'response': 0}, 'sample': {'dispatch': 0, 'response': 0}}, 'census_request_count': 0, 'max_gap': 0.0, 'max_turn': 0.0, 'call_observations': [], 'call_observation_facts': {'capacity': 128, 'total': 0, 'dropped': 0, 'saturated': False, 'first': None, 'last': None}, 'timing_failures': [], 'last_sample': None, 'requests': {'work': None, 'sample': None}, 'ownership': [{'state': 'launch_unknown', 'ownership_unknown': True, 'pid': None}], 'wire': {'work': {'sent': 0, 'received': 0, 'blocked_writes': 0, 'peek': 0, 'combined': 0, 'last_frame': None}, 'sample': {'sent': 0, 'received': 0, 'blocked_writes': 0, 'peek': 0, 'combined': 0, 'last_frame': None}}, 'secondary': []}

======================================================================
ERROR: test_l06_late_ready (test_vipe_benchmark_supervisor.HelperSessionTests.test_l06_late_ready)
----------------------------------------------------------------------
Traceback (most recent call last):
  File "/home/auss/git_repos/samaust/Experiments_4DGS/tests/test_vipe_benchmark_supervisor.py", line 1337, in test_l06_late_ready
    def test_l06_late_ready(self): self.reject_ready('L06','late_ready')
                                   ~~~~~~~~~~~~~~~~~^^^^^^^^^^^^^^^^^^^^
  File "/home/auss/git_repos/samaust/Experiments_4DGS/tests/test_vipe_benchmark_supervisor.py", line 1269, in reject_ready
    with self.scenario(label,mode,ready_seconds=.08,setup_seconds=.18,total_seconds=.3) as session:
         ~~~~~~~~~~~~~^^^^^^^^^^^^^^^^^^^^^^^^^^^^^^^^^^^^^^^^^^^^^^^^^^^^^^^^^^^^^^^^^
  File "/usr/lib/python3.14/contextlib.py", line 141, in __enter__
    return next(self.gen)
  File "/home/auss/git_repos/samaust/Experiments_4DGS/tests/test_vipe_benchmark_supervisor.py", line 1153, in owned
    session(mode,instance=current,**bounds)
    ~~~~~~~^^^^^^^^^^^^^^^^^^^^^^^^^^^^^^^^
  File "/home/auss/git_repos/samaust/Experiments_4DGS/tests/test_vipe_benchmark_s1_helper_fixtures.py", line 69, in session
    instance.__init__(owner_factory=Selected, **kwargs)
    ~~~~~~~~~~~~~~~~~^^^^^^^^^^^^^^^^^^^^^^^^^^^^^^^^^^
  File "/home/auss/git_repos/samaust/Experiments_4DGS/scripts/vipe_benchmark/s1_helper_session.py", line 2140, in __init__
    self.job_thread=reserve_job_root('H','Session owner thread',allow_descendant=False) if os.environ.get('S1_JOB_LEDGER') else None
                    ~~~~~~~~~~~~~~~~^^^^^^^^^^^^^^^^^^^^^^^^^^^^^^^^^^^^^^^^^^^^^^^^^^^
  File "/home/auss/git_repos/samaust/Experiments_4DGS/scripts/vipe_benchmark/s1_helper_session.py", line 1046, in reserve_job_root
    append_job_event('root-reserved',dict(token=token,role=role,label=label,creator=creator),guard=guard)
    ~~~~~~~~~~~~~~~~^^^^^^^^^^^^^^^^^^^^^^^^^^^^^^^^^^^^^^^^^^^^^^^^^^^^^^^^^^^^^^^^^^^^^^^^^^^^^^^^^^^^^
  File "/home/auss/git_repos/samaust/Experiments_4DGS/scripts/vipe_benchmark/s1_helper_session.py", line 720, in append_job_event
    replacement=guard(state)
  File "/home/auss/git_repos/samaust/Experiments_4DGS/scripts/vipe_benchmark/s1_helper_session.py", line 1042, in guard
    raise ValueError('job root capacity')
ValueError: job root capacity
timing_or_cleanup_check_0: AssertionError: False is not true : {'scenario': 'L06', 'mode': 'late_ready', 'constructor_entry': 19983.16218151, 'action_cutoff': 19985.16218151, 'safety_cutoff': 19986.16218151, 'action_end': 19983.164441451, 'end': 19983.164445116, 'execution_seconds': 0.0022599410003749654, 'cleanup_seconds': 3.664998075691983e-06, 'cleanup_confirmed': False, 'records': {'work': {'role': 'work', 'state': 'pending', 'pid': None}, 'sample': {'role': 'sample', 'state': 'pending', 'pid': None}}, 'errors': [], 'signals': [], 'ticks': [19983.162198499], 'events': [], 'trace_facts': {'capacity': 256, 'total': 0, 'dropped': 0, 'saturated': False, 'first': None, 'last': None}, 'tick_facts': {'capacity': 128, 'total': 1, 'dropped': 0, 'saturated': False, 'first': 19983.162202136, 'last': 19983.162202136}, 'owner_error_facts': {'capacity': 32, 'total': 0, 'dropped': 0, 'saturated': False, 'first': None, 'last': None}, 'owner_signal_facts': {'capacity': 128, 'total': 0, 'dropped': 0, 'saturated': False, 'first': None, 'last': None}, 'request_counts': {'work': {'dispatch': 0, 'response': 0}, 'sample': {'dispatch': 0, 'response': 0}}, 'census_request_count': 0, 'max_gap': 0.0, 'max_turn': 0.0, 'call_observations': [], 'call_observation_facts': {'capacity': 128, 'total': 0, 'dropped': 0, 'saturated': False, 'first': None, 'last': None}, 'timing_failures': [], 'last_sample': None, 'requests': {'work': None, 'sample': None}, 'ownership': [{'state': 'launch_unknown', 'ownership_unknown': True, 'pid': None}], 'wire': {'work': {'sent': 0, 'received': 0, 'blocked_writes': 0, 'peek': 0, 'combined': 0, 'last_frame': None}, 'sample': {'sent': 0, 'received': 0, 'blocked_writes': 0, 'peek': 0, 'combined': 0, 'last_frame': None}}, 'secondary': []}

======================================================================
ERROR: test_l07_cancel_during_spawn (test_vipe_benchmark_supervisor.HelperSessionTests.test_l07_cancel_during_spawn)
----------------------------------------------------------------------
Traceback (most recent call last):
  File "/home/auss/git_repos/samaust/Experiments_4DGS/tests/test_vipe_benchmark_supervisor.py", line 1338, in test_l07_cancel_during_spawn
    def test_l07_cancel_during_spawn(self): self.reject_ready('L07','held_spawn')
                                            ~~~~~~~~~~~~~~~~~^^^^^^^^^^^^^^^^^^^^
  File "/home/auss/git_repos/samaust/Experiments_4DGS/tests/test_vipe_benchmark_supervisor.py", line 1269, in reject_ready
    with self.scenario(label,mode,ready_seconds=.08,setup_seconds=.18,total_seconds=.3) as session:
         ~~~~~~~~~~~~~^^^^^^^^^^^^^^^^^^^^^^^^^^^^^^^^^^^^^^^^^^^^^^^^^^^^^^^^^^^^^^^^^
  File "/usr/lib/python3.14/contextlib.py", line 141, in __enter__
    return next(self.gen)
  File "/home/auss/git_repos/samaust/Experiments_4DGS/tests/test_vipe_benchmark_supervisor.py", line 1153, in owned
    session(mode,instance=current,**bounds)
    ~~~~~~~^^^^^^^^^^^^^^^^^^^^^^^^^^^^^^^^
  File "/home/auss/git_repos/samaust/Experiments_4DGS/tests/test_vipe_benchmark_s1_helper_fixtures.py", line 69, in session
    instance.__init__(owner_factory=Selected, **kwargs)
    ~~~~~~~~~~~~~~~~~^^^^^^^^^^^^^^^^^^^^^^^^^^^^^^^^^^
  File "/home/auss/git_repos/samaust/Experiments_4DGS/scripts/vipe_benchmark/s1_helper_session.py", line 2140, in __init__
    self.job_thread=reserve_job_root('H','Session owner thread',allow_descendant=False) if os.environ.get('S1_JOB_LEDGER') else None
                    ~~~~~~~~~~~~~~~~^^^^^^^^^^^^^^^^^^^^^^^^^^^^^^^^^^^^^^^^^^^^^^^^^^^
  File "/home/auss/git_repos/samaust/Experiments_4DGS/scripts/vipe_benchmark/s1_helper_session.py", line 1046, in reserve_job_root
    append_job_event('root-reserved',dict(token=token,role=role,label=label,creator=creator),guard=guard)
    ~~~~~~~~~~~~~~~~^^^^^^^^^^^^^^^^^^^^^^^^^^^^^^^^^^^^^^^^^^^^^^^^^^^^^^^^^^^^^^^^^^^^^^^^^^^^^^^^^^^^^
  File "/home/auss/git_repos/samaust/Experiments_4DGS/scripts/vipe_benchmark/s1_helper_session.py", line 720, in append_job_event
    replacement=guard(state)
  File "/home/auss/git_repos/samaust/Experiments_4DGS/scripts/vipe_benchmark/s1_helper_session.py", line 1042, in guard
    raise ValueError('job root capacity')
ValueError: job root capacity
timing_or_cleanup_check_0: AssertionError: False is not true : {'scenario': 'L07', 'mode': 'held_spawn', 'constructor_entry': 19983.165362754, 'action_cutoff': 19985.165362754, 'safety_cutoff': 19986.165362754, 'action_end': 19983.167439108, 'end': 19983.167442934, 'execution_seconds': 0.002076354001474101, 'cleanup_seconds': 3.825996827799827e-06, 'cleanup_confirmed': False, 'records': {'work': {'role': 'work', 'state': 'pending', 'pid': None}, 'sample': {'role': 'sample', 'state': 'pending', 'pid': None}}, 'errors': [], 'signals': [], 'ticks': [19983.165378953], 'events': [], 'trace_facts': {'capacity': 256, 'total': 0, 'dropped': 0, 'saturated': False, 'first': None, 'last': None}, 'tick_facts': {'capacity': 128, 'total': 1, 'dropped': 0, 'saturated': False, 'first': 19983.165382311, 'last': 19983.165382311}, 'owner_error_facts': {'capacity': 32, 'total': 0, 'dropped': 0, 'saturated': False, 'first': None, 'last': None}, 'owner_signal_facts': {'capacity': 128, 'total': 0, 'dropped': 0, 'saturated': False, 'first': None, 'last': None}, 'request_counts': {'work': {'dispatch': 0, 'response': 0}, 'sample': {'dispatch': 0, 'response': 0}}, 'census_request_count': 0, 'max_gap': 0.0, 'max_turn': 0.0, 'call_observations': [], 'call_observation_facts': {'capacity': 128, 'total': 0, 'dropped': 0, 'saturated': False, 'first': None, 'last': None}, 'timing_failures': [], 'last_sample': None, 'requests': {'work': None, 'sample': None}, 'ownership': [{'state': 'launch_unknown', 'ownership_unknown': True, 'pid': None}], 'wire': {'work': {'sent': 0, 'received': 0, 'blocked_writes': 0, 'peek': 0, 'combined': 0, 'last_frame': None}, 'sample': {'sent': 0, 'received': 0, 'blocked_writes': 0, 'peek': 0, 'combined': 0, 'last_frame': None}}, 'secondary': []}

======================================================================
ERROR: test_l08_late_owner_retained (test_vipe_benchmark_supervisor.HelperSessionTests.test_l08_late_owner_retained)
----------------------------------------------------------------------
Traceback (most recent call last):
  File "/home/auss/git_repos/samaust/Experiments_4DGS/tests/test_vipe_benchmark_supervisor.py", line 1342, in test_l08_late_owner_retained
    with self.scenario('L08','late_spawn',ready_seconds=.06,setup_seconds=.12,total_seconds=.2) as session:
         ~~~~~~~~~~~~~^^^^^^^^^^^^^^^^^^^^^^^^^^^^^^^^^^^^^^^^^^^^^^^^^^^^^^^^^^^^^^^^^^^^^^^^^
  File "/usr/lib/python3.14/contextlib.py", line 141, in __enter__
    return next(self.gen)
  File "/home/auss/git_repos/samaust/Experiments_4DGS/tests/test_vipe_benchmark_supervisor.py", line 1153, in owned
    session(mode,instance=current,**bounds)
    ~~~~~~~^^^^^^^^^^^^^^^^^^^^^^^^^^^^^^^^
  File "/home/auss/git_repos/samaust/Experiments_4DGS/tests/test_vipe_benchmark_s1_helper_fixtures.py", line 69, in session
    instance.__init__(owner_factory=Selected, **kwargs)
    ~~~~~~~~~~~~~~~~~^^^^^^^^^^^^^^^^^^^^^^^^^^^^^^^^^^
  File "/home/auss/git_repos/samaust/Experiments_4DGS/scripts/vipe_benchmark/s1_helper_session.py", line 2140, in __init__
    self.job_thread=reserve_job_root('H','Session owner thread',allow_descendant=False) if os.environ.get('S1_JOB_LEDGER') else None
                    ~~~~~~~~~~~~~~~~^^^^^^^^^^^^^^^^^^^^^^^^^^^^^^^^^^^^^^^^^^^^^^^^^^^
  File "/home/auss/git_repos/samaust/Experiments_4DGS/scripts/vipe_benchmark/s1_helper_session.py", line 1046, in reserve_job_root
    append_job_event('root-reserved',dict(token=token,role=role,label=label,creator=creator),guard=guard)
    ~~~~~~~~~~~~~~~~^^^^^^^^^^^^^^^^^^^^^^^^^^^^^^^^^^^^^^^^^^^^^^^^^^^^^^^^^^^^^^^^^^^^^^^^^^^^^^^^^^^^^
  File "/home/auss/git_repos/samaust/Experiments_4DGS/scripts/vipe_benchmark/s1_helper_session.py", line 720, in append_job_event
    replacement=guard(state)
  File "/home/auss/git_repos/samaust/Experiments_4DGS/scripts/vipe_benchmark/s1_helper_session.py", line 1042, in guard
    raise ValueError('job root capacity')
ValueError: job root capacity
timing_or_cleanup_check_0: AssertionError: False is not true : {'scenario': 'L08', 'mode': 'late_spawn', 'constructor_entry': 19983.168559145, 'action_cutoff': 19985.168559145, 'safety_cutoff': 19986.168559145, 'action_end': 19983.170771786, 'end': 19983.170775525, 'execution_seconds': 0.002212641000369331, 'cleanup_seconds': 3.7389982026070356e-06, 'cleanup_confirmed': False, 'records': {'work': {'role': 'work', 'state': 'pending', 'pid': None}, 'sample': {'role': 'sample', 'state': 'pending', 'pid': None}}, 'errors': [], 'signals': [], 'ticks': [19983.168575789], 'events': [], 'trace_facts': {'capacity': 256, 'total': 0, 'dropped': 0, 'saturated': False, 'first': None, 'last': None}, 'tick_facts': {'capacity': 128, 'total': 1, 'dropped': 0, 'saturated': False, 'first': 19983.168579442, 'last': 19983.168579442}, 'owner_error_facts': {'capacity': 32, 'total': 0, 'dropped': 0, 'saturated': False, 'first': None, 'last': None}, 'owner_signal_facts': {'capacity': 128, 'total': 0, 'dropped': 0, 'saturated': False, 'first': None, 'last': None}, 'request_counts': {'work': {'dispatch': 0, 'response': 0}, 'sample': {'dispatch': 0, 'response': 0}}, 'census_request_count': 0, 'max_gap': 0.0, 'max_turn': 0.0, 'call_observations': [], 'call_observation_facts': {'capacity': 128, 'total': 0, 'dropped': 0, 'saturated': False, 'first': None, 'last': None}, 'timing_failures': [], 'last_sample': None, 'requests': {'work': None, 'sample': None}, 'ownership': [{'state': 'launch_unknown', 'ownership_unknown': True, 'pid': None}], 'wire': {'work': {'sent': 0, 'received': 0, 'blocked_writes': 0, 'peek': 0, 'combined': 0, 'last_frame': None}, 'sample': {'sent': 0, 'received': 0, 'blocked_writes': 0, 'peek': 0, 'combined': 0, 'last_frame': None}}, 'secondary': []}

======================================================================
ERROR: test_l09_partial_header (test_vipe_benchmark_supervisor.HelperSessionTests.test_l09_partial_header)
----------------------------------------------------------------------
Traceback (most recent call last):
  File "/home/auss/git_repos/samaust/Experiments_4DGS/tests/test_vipe_benchmark_supervisor.py", line 1354, in test_l09_partial_header
    def test_l09_partial_header(self): self.reject_ready('L09','partial_header')
                                       ~~~~~~~~~~~~~~~~~^^^^^^^^^^^^^^^^^^^^^^^^
  File "/home/auss/git_repos/samaust/Experiments_4DGS/tests/test_vipe_benchmark_supervisor.py", line 1269, in reject_ready
    with self.scenario(label,mode,ready_seconds=.08,setup_seconds=.18,total_seconds=.3) as session:
         ~~~~~~~~~~~~~^^^^^^^^^^^^^^^^^^^^^^^^^^^^^^^^^^^^^^^^^^^^^^^^^^^^^^^^^^^^^^^^^
  File "/usr/lib/python3.14/contextlib.py", line 141, in __enter__
    return next(self.gen)
  File "/home/auss/git_repos/samaust/Experiments_4DGS/tests/test_vipe_benchmark_supervisor.py", line 1153, in owned
    session(mode,instance=current,**bounds)
    ~~~~~~~^^^^^^^^^^^^^^^^^^^^^^^^^^^^^^^^
  File "/home/auss/git_repos/samaust/Experiments_4DGS/tests/test_vipe_benchmark_s1_helper_fixtures.py", line 69, in session
    instance.__init__(owner_factory=Selected, **kwargs)
    ~~~~~~~~~~~~~~~~~^^^^^^^^^^^^^^^^^^^^^^^^^^^^^^^^^^
  File "/home/auss/git_repos/samaust/Experiments_4DGS/scripts/vipe_benchmark/s1_helper_session.py", line 2140, in __init__
    self.job_thread=reserve_job_root('H','Session owner thread',allow_descendant=False) if os.environ.get('S1_JOB_LEDGER') else None
                    ~~~~~~~~~~~~~~~~^^^^^^^^^^^^^^^^^^^^^^^^^^^^^^^^^^^^^^^^^^^^^^^^^^^
  File "/home/auss/git_repos/samaust/Experiments_4DGS/scripts/vipe_benchmark/s1_helper_session.py", line 1046, in reserve_job_root
    append_job_event('root-reserved',dict(token=token,role=role,label=label,creator=creator),guard=guard)
    ~~~~~~~~~~~~~~~~^^^^^^^^^^^^^^^^^^^^^^^^^^^^^^^^^^^^^^^^^^^^^^^^^^^^^^^^^^^^^^^^^^^^^^^^^^^^^^^^^^^^^
  File "/home/auss/git_repos/samaust/Experiments_4DGS/scripts/vipe_benchmark/s1_helper_session.py", line 720, in append_job_event
    replacement=guard(state)
  File "/home/auss/git_repos/samaust/Experiments_4DGS/scripts/vipe_benchmark/s1_helper_session.py", line 1042, in guard
    raise ValueError('job root capacity')
ValueError: job root capacity
timing_or_cleanup_check_0: AssertionError: False is not true : {'scenario': 'L09', 'mode': 'partial_header', 'constructor_entry': 19983.171809422, 'action_cutoff': 19985.171809422, 'safety_cutoff': 19986.171809422, 'action_end': 19983.173872017, 'end': 19983.173876033, 'execution_seconds': 0.002062594998278655, 'cleanup_seconds': 4.016001184936613e-06, 'cleanup_confirmed': False, 'records': {'work': {'role': 'work', 'state': 'pending', 'pid': None}, 'sample': {'role': 'sample', 'state': 'pending', 'pid': None}}, 'errors': [], 'signals': [], 'ticks': [19983.17182585], 'events': [], 'trace_facts': {'capacity': 256, 'total': 0, 'dropped': 0, 'saturated': False, 'first': None, 'last': None}, 'tick_facts': {'capacity': 128, 'total': 1, 'dropped': 0, 'saturated': False, 'first': 19983.171829569, 'last': 19983.171829569}, 'owner_error_facts': {'capacity': 32, 'total': 0, 'dropped': 0, 'saturated': False, 'first': None, 'last': None}, 'owner_signal_facts': {'capacity': 128, 'total': 0, 'dropped': 0, 'saturated': False, 'first': None, 'last': None}, 'request_counts': {'work': {'dispatch': 0, 'response': 0}, 'sample': {'dispatch': 0, 'response': 0}}, 'census_request_count': 0, 'max_gap': 0.0, 'max_turn': 0.0, 'call_observations': [], 'call_observation_facts': {'capacity': 128, 'total': 0, 'dropped': 0, 'saturated': False, 'first': None, 'last': None}, 'timing_failures': [], 'last_sample': None, 'requests': {'work': None, 'sample': None}, 'ownership': [{'state': 'launch_unknown', 'ownership_unknown': True, 'pid': None}], 'wire': {'work': {'sent': 0, 'received': 0, 'blocked_writes': 0, 'peek': 0, 'combined': 0, 'last_frame': None}, 'sample': {'sent': 0, 'received': 0, 'blocked_writes': 0, 'peek': 0, 'combined': 0, 'last_frame': None}}, 'secondary': []}

======================================================================
ERROR: test_l10_stalled_body (test_vipe_benchmark_supervisor.HelperSessionTests.test_l10_stalled_body)
----------------------------------------------------------------------
Traceback (most recent call last):
  File "/home/auss/git_repos/samaust/Experiments_4DGS/tests/test_vipe_benchmark_supervisor.py", line 1355, in test_l10_stalled_body
    def test_l10_stalled_body(self): self.reject_ready('L10','stalled_body')
                                     ~~~~~~~~~~~~~~~~~^^^^^^^^^^^^^^^^^^^^^^
  File "/home/auss/git_repos/samaust/Experiments_4DGS/tests/test_vipe_benchmark_supervisor.py", line 1269, in reject_ready
    with self.scenario(label,mode,ready_seconds=.08,setup_seconds=.18,total_seconds=.3) as session:
         ~~~~~~~~~~~~~^^^^^^^^^^^^^^^^^^^^^^^^^^^^^^^^^^^^^^^^^^^^^^^^^^^^^^^^^^^^^^^^^
  File "/usr/lib/python3.14/contextlib.py", line 141, in __enter__
    return next(self.gen)
  File "/home/auss/git_repos/samaust/Experiments_4DGS/tests/test_vipe_benchmark_supervisor.py", line 1153, in owned
    session(mode,instance=current,**bounds)
    ~~~~~~~^^^^^^^^^^^^^^^^^^^^^^^^^^^^^^^^
  File "/home/auss/git_repos/samaust/Experiments_4DGS/tests/test_vipe_benchmark_s1_helper_fixtures.py", line 69, in session
    instance.__init__(owner_factory=Selected, **kwargs)
    ~~~~~~~~~~~~~~~~~^^^^^^^^^^^^^^^^^^^^^^^^^^^^^^^^^^
  File "/home/auss/git_repos/samaust/Experiments_4DGS/scripts/vipe_benchmark/s1_helper_session.py", line 2140, in __init__
    self.job_thread=reserve_job_root('H','Session owner thread',allow_descendant=False) if os.environ.get('S1_JOB_LEDGER') else None
                    ~~~~~~~~~~~~~~~~^^^^^^^^^^^^^^^^^^^^^^^^^^^^^^^^^^^^^^^^^^^^^^^^^^^
  File "/home/auss/git_repos/samaust/Experiments_4DGS/scripts/vipe_benchmark/s1_helper_session.py", line 1046, in reserve_job_root
    append_job_event('root-reserved',dict(token=token,role=role,label=label,creator=creator),guard=guard)
    ~~~~~~~~~~~~~~~~^^^^^^^^^^^^^^^^^^^^^^^^^^^^^^^^^^^^^^^^^^^^^^^^^^^^^^^^^^^^^^^^^^^^^^^^^^^^^^^^^^^^^
  File "/home/auss/git_repos/samaust/Experiments_4DGS/scripts/vipe_benchmark/s1_helper_session.py", line 720, in append_job_event
    replacement=guard(state)
  File "/home/auss/git_repos/samaust/Experiments_4DGS/scripts/vipe_benchmark/s1_helper_session.py", line 1042, in guard
    raise ValueError('job root capacity')
ValueError: job root capacity
timing_or_cleanup_check_0: AssertionError: False is not true : {'scenario': 'L10', 'mode': 'stalled_body', 'constructor_entry': 19983.175160556, 'action_cutoff': 19985.175160556, 'safety_cutoff': 19986.175160556, 'action_end': 19983.177256155, 'end': 19983.17725991, 'execution_seconds': 0.0020955990003130864, 'cleanup_seconds': 3.755001671379432e-06, 'cleanup_confirmed': False, 'records': {'work': {'role': 'work', 'state': 'pending', 'pid': None}, 'sample': {'role': 'sample', 'state': 'pending', 'pid': None}}, 'errors': [], 'signals': [], 'ticks': [19983.175176965], 'events': [], 'trace_facts': {'capacity': 256, 'total': 0, 'dropped': 0, 'saturated': False, 'first': None, 'last': None}, 'tick_facts': {'capacity': 128, 'total': 1, 'dropped': 0, 'saturated': False, 'first': 19983.175180495, 'last': 19983.175180495}, 'owner_error_facts': {'capacity': 32, 'total': 0, 'dropped': 0, 'saturated': False, 'first': None, 'last': None}, 'owner_signal_facts': {'capacity': 128, 'total': 0, 'dropped': 0, 'saturated': False, 'first': None, 'last': None}, 'request_counts': {'work': {'dispatch': 0, 'response': 0}, 'sample': {'dispatch': 0, 'response': 0}}, 'census_request_count': 0, 'max_gap': 0.0, 'max_turn': 0.0, 'call_observations': [], 'call_observation_facts': {'capacity': 128, 'total': 0, 'dropped': 0, 'saturated': False, 'first': None, 'last': None}, 'timing_failures': [], 'last_sample': None, 'requests': {'work': None, 'sample': None}, 'ownership': [{'state': 'launch_unknown', 'ownership_unknown': True, 'pid': None}], 'wire': {'work': {'sent': 0, 'received': 0, 'blocked_writes': 0, 'peek': 0, 'combined': 0, 'last_frame': None}, 'sample': {'sent': 0, 'received': 0, 'blocked_writes': 0, 'peek': 0, 'combined': 0, 'last_frame': None}}, 'secondary': []}

======================================================================
ERROR: test_l11_eof_midframe (test_vipe_benchmark_supervisor.HelperSessionTests.test_l11_eof_midframe)
----------------------------------------------------------------------
Traceback (most recent call last):
  File "/home/auss/git_repos/samaust/Experiments_4DGS/tests/test_vipe_benchmark_supervisor.py", line 1356, in test_l11_eof_midframe
    def test_l11_eof_midframe(self): self.reject_ready('L11','eof_frame')
                                     ~~~~~~~~~~~~~~~~~^^^^^^^^^^^^^^^^^^^
  File "/home/auss/git_repos/samaust/Experiments_4DGS/tests/test_vipe_benchmark_supervisor.py", line 1269, in reject_ready
    with self.scenario(label,mode,ready_seconds=.08,setup_seconds=.18,total_seconds=.3) as session:
         ~~~~~~~~~~~~~^^^^^^^^^^^^^^^^^^^^^^^^^^^^^^^^^^^^^^^^^^^^^^^^^^^^^^^^^^^^^^^^^
  File "/usr/lib/python3.14/contextlib.py", line 141, in __enter__
    return next(self.gen)
  File "/home/auss/git_repos/samaust/Experiments_4DGS/tests/test_vipe_benchmark_supervisor.py", line 1153, in owned
    session(mode,instance=current,**bounds)
    ~~~~~~~^^^^^^^^^^^^^^^^^^^^^^^^^^^^^^^^
  File "/home/auss/git_repos/samaust/Experiments_4DGS/tests/test_vipe_benchmark_s1_helper_fixtures.py", line 69, in session
    instance.__init__(owner_factory=Selected, **kwargs)
    ~~~~~~~~~~~~~~~~~^^^^^^^^^^^^^^^^^^^^^^^^^^^^^^^^^^
  File "/home/auss/git_repos/samaust/Experiments_4DGS/scripts/vipe_benchmark/s1_helper_session.py", line 2140, in __init__
    self.job_thread=reserve_job_root('H','Session owner thread',allow_descendant=False) if os.environ.get('S1_JOB_LEDGER') else None
                    ~~~~~~~~~~~~~~~~^^^^^^^^^^^^^^^^^^^^^^^^^^^^^^^^^^^^^^^^^^^^^^^^^^^
  File "/home/auss/git_repos/samaust/Experiments_4DGS/scripts/vipe_benchmark/s1_helper_session.py", line 1046, in reserve_job_root
    append_job_event('root-reserved',dict(token=token,role=role,label=label,creator=creator),guard=guard)
    ~~~~~~~~~~~~~~~~^^^^^^^^^^^^^^^^^^^^^^^^^^^^^^^^^^^^^^^^^^^^^^^^^^^^^^^^^^^^^^^^^^^^^^^^^^^^^^^^^^^^^
  File "/home/auss/git_repos/samaust/Experiments_4DGS/scripts/vipe_benchmark/s1_helper_session.py", line 720, in append_job_event
    replacement=guard(state)
  File "/home/auss/git_repos/samaust/Experiments_4DGS/scripts/vipe_benchmark/s1_helper_session.py", line 1042, in guard
    raise ValueError('job root capacity')
ValueError: job root capacity
timing_or_cleanup_check_0: AssertionError: False is not true : {'scenario': 'L11', 'mode': 'eof_frame', 'constructor_entry': 19983.178573155, 'action_cutoff': 19985.178573155, 'safety_cutoff': 19986.178573155, 'action_end': 19983.180557988, 'end': 19983.180561874, 'execution_seconds': 0.0019848329975502566, 'cleanup_seconds': 3.8860016502439976e-06, 'cleanup_confirmed': False, 'records': {'work': {'role': 'work', 'state': 'pending', 'pid': None}, 'sample': {'role': 'sample', 'state': 'pending', 'pid': None}}, 'errors': [], 'signals': [], 'ticks': [19983.178589839], 'events': [], 'trace_facts': {'capacity': 256, 'total': 0, 'dropped': 0, 'saturated': False, 'first': None, 'last': None}, 'tick_facts': {'capacity': 128, 'total': 1, 'dropped': 0, 'saturated': False, 'first': 19983.178593949, 'last': 19983.178593949}, 'owner_error_facts': {'capacity': 32, 'total': 0, 'dropped': 0, 'saturated': False, 'first': None, 'last': None}, 'owner_signal_facts': {'capacity': 128, 'total': 0, 'dropped': 0, 'saturated': False, 'first': None, 'last': None}, 'request_counts': {'work': {'dispatch': 0, 'response': 0}, 'sample': {'dispatch': 0, 'response': 0}}, 'census_request_count': 0, 'max_gap': 0.0, 'max_turn': 0.0, 'call_observations': [], 'call_observation_facts': {'capacity': 128, 'total': 0, 'dropped': 0, 'saturated': False, 'first': None, 'last': None}, 'timing_failures': [], 'last_sample': None, 'requests': {'work': None, 'sample': None}, 'ownership': [{'state': 'launch_unknown', 'ownership_unknown': True, 'pid': None}], 'wire': {'work': {'sent': 0, 'received': 0, 'blocked_writes': 0, 'peek': 0, 'combined': 0, 'last_frame': None}, 'sample': {'sent': 0, 'received': 0, 'blocked_writes': 0, 'peek': 0, 'combined': 0, 'last_frame': None}}, 'secondary': []}

======================================================================
ERROR: test_l12_stalled_request_reader (test_vipe_benchmark_supervisor.HelperSessionTests.test_l12_stalled_request_reader)
----------------------------------------------------------------------
Traceback (most recent call last):
  File "/home/auss/git_repos/samaust/Experiments_4DGS/tests/test_vipe_benchmark_supervisor.py", line 1360, in test_l12_stalled_request_reader
    with self.scenario('L12','stalled_reader') as session:
         ~~~~~~~~~~~~~^^^^^^^^^^^^^^^^^^^^^^^^
  File "/usr/lib/python3.14/contextlib.py", line 141, in __enter__
    return next(self.gen)
  File "/home/auss/git_repos/samaust/Experiments_4DGS/tests/test_vipe_benchmark_supervisor.py", line 1153, in owned
    session(mode,instance=current,**bounds)
    ~~~~~~~^^^^^^^^^^^^^^^^^^^^^^^^^^^^^^^^
  File "/home/auss/git_repos/samaust/Experiments_4DGS/tests/test_vipe_benchmark_s1_helper_fixtures.py", line 69, in session
    instance.__init__(owner_factory=Selected, **kwargs)
    ~~~~~~~~~~~~~~~~~^^^^^^^^^^^^^^^^^^^^^^^^^^^^^^^^^^
  File "/home/auss/git_repos/samaust/Experiments_4DGS/scripts/vipe_benchmark/s1_helper_session.py", line 2140, in __init__
    self.job_thread=reserve_job_root('H','Session owner thread',allow_descendant=False) if os.environ.get('S1_JOB_LEDGER') else None
                    ~~~~~~~~~~~~~~~~^^^^^^^^^^^^^^^^^^^^^^^^^^^^^^^^^^^^^^^^^^^^^^^^^^^
  File "/home/auss/git_repos/samaust/Experiments_4DGS/scripts/vipe_benchmark/s1_helper_session.py", line 1046, in reserve_job_root
    append_job_event('root-reserved',dict(token=token,role=role,label=label,creator=creator),guard=guard)
    ~~~~~~~~~~~~~~~~^^^^^^^^^^^^^^^^^^^^^^^^^^^^^^^^^^^^^^^^^^^^^^^^^^^^^^^^^^^^^^^^^^^^^^^^^^^^^^^^^^^^^
  File "/home/auss/git_repos/samaust/Experiments_4DGS/scripts/vipe_benchmark/s1_helper_session.py", line 720, in append_job_event
    replacement=guard(state)
  File "/home/auss/git_repos/samaust/Experiments_4DGS/scripts/vipe_benchmark/s1_helper_session.py", line 1042, in guard
    raise ValueError('job root capacity')
ValueError: job root capacity
timing_or_cleanup_check_0: AssertionError: False is not true : {'scenario': 'L12', 'mode': 'stalled_reader', 'constructor_entry': 19983.181688022, 'action_cutoff': 19985.181688022, 'safety_cutoff': 19986.181688022, 'action_end': 19983.18368288, 'end': 19983.183686838, 'execution_seconds': 0.0019948580011259764, 'cleanup_seconds': 3.95800088881515e-06, 'cleanup_confirmed': False, 'records': {'work': {'role': 'work', 'state': 'pending', 'pid': None}, 'sample': {'role': 'sample', 'state': 'pending', 'pid': None}}, 'errors': [], 'signals': [], 'ticks': [19983.181704645], 'events': [], 'trace_facts': {'capacity': 256, 'total': 0, 'dropped': 0, 'saturated': False, 'first': None, 'last': None}, 'tick_facts': {'capacity': 128, 'total': 1, 'dropped': 0, 'saturated': False, 'first': 19983.181708098, 'last': 19983.181708098}, 'owner_error_facts': {'capacity': 32, 'total': 0, 'dropped': 0, 'saturated': False, 'first': None, 'last': None}, 'owner_signal_facts': {'capacity': 128, 'total': 0, 'dropped': 0, 'saturated': False, 'first': None, 'last': None}, 'request_counts': {'work': {'dispatch': 0, 'response': 0}, 'sample': {'dispatch': 0, 'response': 0}}, 'census_request_count': 0, 'max_gap': 0.0, 'max_turn': 0.0, 'call_observations': [], 'call_observation_facts': {'capacity': 128, 'total': 0, 'dropped': 0, 'saturated': False, 'first': None, 'last': None}, 'timing_failures': [], 'last_sample': None, 'requests': {'work': None, 'sample': None}, 'ownership': [{'state': 'launch_unknown', 'ownership_unknown': True, 'pid': None}], 'wire': {'work': {'sent': 0, 'received': 0, 'blocked_writes': 0, 'peek': 0, 'combined': 0, 'last_frame': None}, 'sample': {'sent': 0, 'received': 0, 'blocked_writes': 0, 'peek': 0, 'combined': 0, 'last_frame': None}}, 'secondary': []}

======================================================================
ERROR: test_l13_oversized_frame (test_vipe_benchmark_supervisor.HelperSessionTests.test_l13_oversized_frame)
----------------------------------------------------------------------
Traceback (most recent call last):
  File "/home/auss/git_repos/samaust/Experiments_4DGS/tests/test_vipe_benchmark_supervisor.py", line 1372, in test_l13_oversized_frame
    def test_l13_oversized_frame(self): self.reject_ready('L13','oversized')
                                        ~~~~~~~~~~~~~~~~~^^^^^^^^^^^^^^^^^^^
  File "/home/auss/git_repos/samaust/Experiments_4DGS/tests/test_vipe_benchmark_supervisor.py", line 1269, in reject_ready
    with self.scenario(label,mode,ready_seconds=.08,setup_seconds=.18,total_seconds=.3) as session:
         ~~~~~~~~~~~~~^^^^^^^^^^^^^^^^^^^^^^^^^^^^^^^^^^^^^^^^^^^^^^^^^^^^^^^^^^^^^^^^^
  File "/usr/lib/python3.14/contextlib.py", line 141, in __enter__
    return next(self.gen)
  File "/home/auss/git_repos/samaust/Experiments_4DGS/tests/test_vipe_benchmark_supervisor.py", line 1153, in owned
    session(mode,instance=current,**bounds)
    ~~~~~~~^^^^^^^^^^^^^^^^^^^^^^^^^^^^^^^^
  File "/home/auss/git_repos/samaust/Experiments_4DGS/tests/test_vipe_benchmark_s1_helper_fixtures.py", line 69, in session
    instance.__init__(owner_factory=Selected, **kwargs)
    ~~~~~~~~~~~~~~~~~^^^^^^^^^^^^^^^^^^^^^^^^^^^^^^^^^^
  File "/home/auss/git_repos/samaust/Experiments_4DGS/scripts/vipe_benchmark/s1_helper_session.py", line 2140, in __init__
    self.job_thread=reserve_job_root('H','Session owner thread',allow_descendant=False) if os.environ.get('S1_JOB_LEDGER') else None
                    ~~~~~~~~~~~~~~~~^^^^^^^^^^^^^^^^^^^^^^^^^^^^^^^^^^^^^^^^^^^^^^^^^^^
  File "/home/auss/git_repos/samaust/Experiments_4DGS/scripts/vipe_benchmark/s1_helper_session.py", line 1046, in reserve_job_root
    append_job_event('root-reserved',dict(token=token,role=role,label=label,creator=creator),guard=guard)
    ~~~~~~~~~~~~~~~~^^^^^^^^^^^^^^^^^^^^^^^^^^^^^^^^^^^^^^^^^^^^^^^^^^^^^^^^^^^^^^^^^^^^^^^^^^^^^^^^^^^^^
  File "/home/auss/git_repos/samaust/Experiments_4DGS/scripts/vipe_benchmark/s1_helper_session.py", line 720, in append_job_event
    replacement=guard(state)
  File "/home/auss/git_repos/samaust/Experiments_4DGS/scripts/vipe_benchmark/s1_helper_session.py", line 1042, in guard
    raise ValueError('job root capacity')
ValueError: job root capacity
timing_or_cleanup_check_0: AssertionError: False is not true : {'scenario': 'L13', 'mode': 'oversized', 'constructor_entry': 19983.184735505, 'action_cutoff': 19985.184735505, 'safety_cutoff': 19986.184735505, 'action_end': 19983.186598045, 'end': 19983.186601647, 'execution_seconds': 0.0018625399970915169, 'cleanup_seconds': 3.602002834668383e-06, 'cleanup_confirmed': False, 'records': {'work': {'role': 'work', 'state': 'pending', 'pid': None}, 'sample': {'role': 'sample', 'state': 'pending', 'pid': None}}, 'errors': [], 'signals': [], 'ticks': [19983.18475237], 'events': [], 'trace_facts': {'capacity': 256, 'total': 0, 'dropped': 0, 'saturated': False, 'first': None, 'last': None}, 'tick_facts': {'capacity': 128, 'total': 1, 'dropped': 0, 'saturated': False, 'first': 19983.184755942, 'last': 19983.184755942}, 'owner_error_facts': {'capacity': 32, 'total': 0, 'dropped': 0, 'saturated': False, 'first': None, 'last': None}, 'owner_signal_facts': {'capacity': 128, 'total': 0, 'dropped': 0, 'saturated': False, 'first': None, 'last': None}, 'request_counts': {'work': {'dispatch': 0, 'response': 0}, 'sample': {'dispatch': 0, 'response': 0}}, 'census_request_count': 0, 'max_gap': 0.0, 'max_turn': 0.0, 'call_observations': [], 'call_observation_facts': {'capacity': 128, 'total': 0, 'dropped': 0, 'saturated': False, 'first': None, 'last': None}, 'timing_failures': [], 'last_sample': None, 'requests': {'work': None, 'sample': None}, 'ownership': [{'state': 'launch_unknown', 'ownership_unknown': True, 'pid': None}], 'wire': {'work': {'sent': 0, 'received': 0, 'blocked_writes': 0, 'peek': 0, 'combined': 0, 'last_frame': None}, 'sample': {'sent': 0, 'received': 0, 'blocked_writes': 0, 'peek': 0, 'combined': 0, 'last_frame': None}}, 'secondary': []}

======================================================================
ERROR: test_l14_wrong_correlation (test_vipe_benchmark_supervisor.HelperSessionTests.test_l14_wrong_correlation)
----------------------------------------------------------------------
Traceback (most recent call last):
  File "/home/auss/git_repos/samaust/Experiments_4DGS/tests/test_vipe_benchmark_supervisor.py", line 1373, in test_l14_wrong_correlation
    def test_l14_wrong_correlation(self): self.reject_ready('L14','wrong_role')
                                          ~~~~~~~~~~~~~~~~~^^^^^^^^^^^^^^^^^^^^
  File "/home/auss/git_repos/samaust/Experiments_4DGS/tests/test_vipe_benchmark_supervisor.py", line 1269, in reject_ready
    with self.scenario(label,mode,ready_seconds=.08,setup_seconds=.18,total_seconds=.3) as session:
         ~~~~~~~~~~~~~^^^^^^^^^^^^^^^^^^^^^^^^^^^^^^^^^^^^^^^^^^^^^^^^^^^^^^^^^^^^^^^^^
  File "/usr/lib/python3.14/contextlib.py", line 141, in __enter__
    return next(self.gen)
  File "/home/auss/git_repos/samaust/Experiments_4DGS/tests/test_vipe_benchmark_supervisor.py", line 1153, in owned
    session(mode,instance=current,**bounds)
    ~~~~~~~^^^^^^^^^^^^^^^^^^^^^^^^^^^^^^^^
  File "/home/auss/git_repos/samaust/Experiments_4DGS/tests/test_vipe_benchmark_s1_helper_fixtures.py", line 69, in session
    instance.__init__(owner_factory=Selected, **kwargs)
    ~~~~~~~~~~~~~~~~~^^^^^^^^^^^^^^^^^^^^^^^^^^^^^^^^^^
  File "/home/auss/git_repos/samaust/Experiments_4DGS/scripts/vipe_benchmark/s1_helper_session.py", line 2140, in __init__
    self.job_thread=reserve_job_root('H','Session owner thread',allow_descendant=False) if os.environ.get('S1_JOB_LEDGER') else None
                    ~~~~~~~~~~~~~~~~^^^^^^^^^^^^^^^^^^^^^^^^^^^^^^^^^^^^^^^^^^^^^^^^^^^
  File "/home/auss/git_repos/samaust/Experiments_4DGS/scripts/vipe_benchmark/s1_helper_session.py", line 1046, in reserve_job_root
    append_job_event('root-reserved',dict(token=token,role=role,label=label,creator=creator),guard=guard)
    ~~~~~~~~~~~~~~~~^^^^^^^^^^^^^^^^^^^^^^^^^^^^^^^^^^^^^^^^^^^^^^^^^^^^^^^^^^^^^^^^^^^^^^^^^^^^^^^^^^^^^
  File "/home/auss/git_repos/samaust/Experiments_4DGS/scripts/vipe_benchmark/s1_helper_session.py", line 720, in append_job_event
    replacement=guard(state)
  File "/home/auss/git_repos/samaust/Experiments_4DGS/scripts/vipe_benchmark/s1_helper_session.py", line 1042, in guard
    raise ValueError('job root capacity')
ValueError: job root capacity
timing_or_cleanup_check_0: AssertionError: False is not true : {'scenario': 'L14', 'mode': 'wrong_role', 'constructor_entry': 19983.187744509, 'action_cutoff': 19985.187744509, 'safety_cutoff': 19986.187744509, 'action_end': 19983.189822228, 'end': 19983.189826378, 'execution_seconds': 0.0020777190002263524, 'cleanup_seconds': 4.149998858338222e-06, 'cleanup_confirmed': False, 'records': {'work': {'role': 'work', 'state': 'pending', 'pid': None}, 'sample': {'role': 'sample', 'state': 'pending', 'pid': None}}, 'errors': [], 'signals': [], 'ticks': [19983.187761269], 'events': [], 'trace_facts': {'capacity': 256, 'total': 0, 'dropped': 0, 'saturated': False, 'first': None, 'last': None}, 'tick_facts': {'capacity': 128, 'total': 1, 'dropped': 0, 'saturated': False, 'first': 19983.187764828, 'last': 19983.187764828}, 'owner_error_facts': {'capacity': 32, 'total': 0, 'dropped': 0, 'saturated': False, 'first': None, 'last': None}, 'owner_signal_facts': {'capacity': 128, 'total': 0, 'dropped': 0, 'saturated': False, 'first': None, 'last': None}, 'request_counts': {'work': {'dispatch': 0, 'response': 0}, 'sample': {'dispatch': 0, 'response': 0}}, 'census_request_count': 0, 'max_gap': 0.0, 'max_turn': 0.0, 'call_observations': [], 'call_observation_facts': {'capacity': 128, 'total': 0, 'dropped': 0, 'saturated': False, 'first': None, 'last': None}, 'timing_failures': [], 'last_sample': None, 'requests': {'work': None, 'sample': None}, 'ownership': [{'state': 'launch_unknown', 'ownership_unknown': True, 'pid': None}], 'wire': {'work': {'sent': 0, 'received': 0, 'blocked_writes': 0, 'peek': 0, 'combined': 0, 'last_frame': None}, 'sample': {'sent': 0, 'received': 0, 'blocked_writes': 0, 'peek': 0, 'combined': 0, 'last_frame': None}}, 'secondary': []}

======================================================================
ERROR: test_l15_sample_deadline (test_vipe_benchmark_supervisor.HelperSessionTests.test_l15_sample_deadline)
----------------------------------------------------------------------
Traceback (most recent call last):
  File "/home/auss/git_repos/samaust/Experiments_4DGS/tests/test_vipe_benchmark_supervisor.py", line 1376, in test_l15_sample_deadline
    with self.scenario('L15','sample_late') as session:
         ~~~~~~~~~~~~~^^^^^^^^^^^^^^^^^^^^^
  File "/usr/lib/python3.14/contextlib.py", line 141, in __enter__
    return next(self.gen)
  File "/home/auss/git_repos/samaust/Experiments_4DGS/tests/test_vipe_benchmark_supervisor.py", line 1153, in owned
    session(mode,instance=current,**bounds)
    ~~~~~~~^^^^^^^^^^^^^^^^^^^^^^^^^^^^^^^^
  File "/home/auss/git_repos/samaust/Experiments_4DGS/tests/test_vipe_benchmark_s1_helper_fixtures.py", line 69, in session
    instance.__init__(owner_factory=Selected, **kwargs)
    ~~~~~~~~~~~~~~~~~^^^^^^^^^^^^^^^^^^^^^^^^^^^^^^^^^^
  File "/home/auss/git_repos/samaust/Experiments_4DGS/scripts/vipe_benchmark/s1_helper_session.py", line 2140, in __init__
    self.job_thread=reserve_job_root('H','Session owner thread',allow_descendant=False) if os.environ.get('S1_JOB_LEDGER') else None
                    ~~~~~~~~~~~~~~~~^^^^^^^^^^^^^^^^^^^^^^^^^^^^^^^^^^^^^^^^^^^^^^^^^^^
  File "/home/auss/git_repos/samaust/Experiments_4DGS/scripts/vipe_benchmark/s1_helper_session.py", line 1046, in reserve_job_root
    append_job_event('root-reserved',dict(token=token,role=role,label=label,creator=creator),guard=guard)
    ~~~~~~~~~~~~~~~~^^^^^^^^^^^^^^^^^^^^^^^^^^^^^^^^^^^^^^^^^^^^^^^^^^^^^^^^^^^^^^^^^^^^^^^^^^^^^^^^^^^^^
  File "/home/auss/git_repos/samaust/Experiments_4DGS/scripts/vipe_benchmark/s1_helper_session.py", line 720, in append_job_event
    replacement=guard(state)
  File "/home/auss/git_repos/samaust/Experiments_4DGS/scripts/vipe_benchmark/s1_helper_session.py", line 1042, in guard
    raise ValueError('job root capacity')
ValueError: job root capacity
timing_or_cleanup_check_0: AssertionError: False is not true : {'scenario': 'L15', 'mode': 'sample_late', 'constructor_entry': 19983.190964551, 'action_cutoff': 19985.190964551, 'safety_cutoff': 19986.190964551, 'action_end': 19983.201896871, 'end': 19983.201900933, 'execution_seconds': 0.010932320001302287, 'cleanup_seconds': 4.0619997889734805e-06, 'cleanup_confirmed': False, 'records': {'work': {'role': 'work', 'state': 'pending', 'pid': None}, 'sample': {'role': 'sample', 'state': 'pending', 'pid': None}}, 'errors': [], 'signals': [], 'ticks': [19983.1909811], 'events': [], 'trace_facts': {'capacity': 256, 'total': 0, 'dropped': 0, 'saturated': False, 'first': None, 'last': None}, 'tick_facts': {'capacity': 128, 'total': 1, 'dropped': 0, 'saturated': False, 'first': 19983.190984743, 'last': 19983.190984743}, 'owner_error_facts': {'capacity': 32, 'total': 0, 'dropped': 0, 'saturated': False, 'first': None, 'last': None}, 'owner_signal_facts': {'capacity': 128, 'total': 0, 'dropped': 0, 'saturated': False, 'first': None, 'last': None}, 'request_counts': {'work': {'dispatch': 0, 'response': 0}, 'sample': {'dispatch': 0, 'response': 0}}, 'census_request_count': 0, 'max_gap': 0.0, 'max_turn': 0.0, 'call_observations': [], 'call_observation_facts': {'capacity': 128, 'total': 0, 'dropped': 0, 'saturated': False, 'first': None, 'last': None}, 'timing_failures': [], 'last_sample': None, 'requests': {'work': None, 'sample': None}, 'ownership': [{'state': 'launch_unknown', 'ownership_unknown': True, 'pid': None}], 'wire': {'work': {'sent': 0, 'received': 0, 'blocked_writes': 0, 'peek': 0, 'combined': 0, 'last_frame': None}, 'sample': {'sent': 0, 'received': 0, 'blocked_writes': 0, 'peek': 0, 'combined': 0, 'last_frame': None}}, 'secondary': []}

======================================================================
ERROR: test_l16_phase_deadline (test_vipe_benchmark_supervisor.HelperSessionTests.test_l16_phase_deadline)
----------------------------------------------------------------------
Traceback (most recent call last):
  File "/home/auss/git_repos/samaust/Experiments_4DGS/tests/test_vipe_benchmark_supervisor.py", line 1382, in test_l16_phase_deadline
    with self.scenario('L16','phase_late') as session:
         ~~~~~~~~~~~~~^^^^^^^^^^^^^^^^^^^^
  File "/usr/lib/python3.14/contextlib.py", line 141, in __enter__
    return next(self.gen)
  File "/home/auss/git_repos/samaust/Experiments_4DGS/tests/test_vipe_benchmark_supervisor.py", line 1153, in owned
    session(mode,instance=current,**bounds)
    ~~~~~~~^^^^^^^^^^^^^^^^^^^^^^^^^^^^^^^^
  File "/home/auss/git_repos/samaust/Experiments_4DGS/tests/test_vipe_benchmark_s1_helper_fixtures.py", line 69, in session
    instance.__init__(owner_factory=Selected, **kwargs)
    ~~~~~~~~~~~~~~~~~^^^^^^^^^^^^^^^^^^^^^^^^^^^^^^^^^^
  File "/home/auss/git_repos/samaust/Experiments_4DGS/scripts/vipe_benchmark/s1_helper_session.py", line 2140, in __init__
    self.job_thread=reserve_job_root('H','Session owner thread',allow_descendant=False) if os.environ.get('S1_JOB_LEDGER') else None
                    ~~~~~~~~~~~~~~~~^^^^^^^^^^^^^^^^^^^^^^^^^^^^^^^^^^^^^^^^^^^^^^^^^^^
  File "/home/auss/git_repos/samaust/Experiments_4DGS/scripts/vipe_benchmark/s1_helper_session.py", line 1046, in reserve_job_root
    append_job_event('root-reserved',dict(token=token,role=role,label=label,creator=creator),guard=guard)
    ~~~~~~~~~~~~~~~~^^^^^^^^^^^^^^^^^^^^^^^^^^^^^^^^^^^^^^^^^^^^^^^^^^^^^^^^^^^^^^^^^^^^^^^^^^^^^^^^^^^^^
  File "/home/auss/git_repos/samaust/Experiments_4DGS/scripts/vipe_benchmark/s1_helper_session.py", line 720, in append_job_event
    replacement=guard(state)
  File "/home/auss/git_repos/samaust/Experiments_4DGS/scripts/vipe_benchmark/s1_helper_session.py", line 1042, in guard
    raise ValueError('job root capacity')
ValueError: job root capacity
timing_or_cleanup_check_0: AssertionError: False is not true : {'scenario': 'L16', 'mode': 'phase_late', 'constructor_entry': 19983.205845751, 'action_cutoff': 19985.205845751, 'safety_cutoff': 19986.205845751, 'action_end': 19983.207510584, 'end': 19983.207514097, 'execution_seconds': 0.0016648330019961577, 'cleanup_seconds': 3.5129996831528842e-06, 'cleanup_confirmed': False, 'records': {'work': {'role': 'work', 'state': 'pending', 'pid': None}, 'sample': {'role': 'sample', 'state': 'pending', 'pid': None}}, 'errors': [], 'signals': [], 'ticks': [19983.205862441], 'events': [], 'trace_facts': {'capacity': 256, 'total': 0, 'dropped': 0, 'saturated': False, 'first': None, 'last': None}, 'tick_facts': {'capacity': 128, 'total': 1, 'dropped': 0, 'saturated': False, 'first': 19983.20586578, 'last': 19983.20586578}, 'owner_error_facts': {'capacity': 32, 'total': 0, 'dropped': 0, 'saturated': False, 'first': None, 'last': None}, 'owner_signal_facts': {'capacity': 128, 'total': 0, 'dropped': 0, 'saturated': False, 'first': None, 'last': None}, 'request_counts': {'work': {'dispatch': 0, 'response': 0}, 'sample': {'dispatch': 0, 'response': 0}}, 'census_request_count': 0, 'max_gap': 0.0, 'max_turn': 0.0, 'call_observations': [], 'call_observation_facts': {'capacity': 128, 'total': 0, 'dropped': 0, 'saturated': False, 'first': None, 'last': None}, 'timing_failures': [], 'last_sample': None, 'requests': {'work': None, 'sample': None}, 'ownership': [{'state': 'launch_unknown', 'ownership_unknown': True, 'pid': None}], 'wire': {'work': {'sent': 0, 'received': 0, 'blocked_writes': 0, 'peek': 0, 'combined': 0, 'last_frame': None}, 'sample': {'sent': 0, 'received': 0, 'blocked_writes': 0, 'peek': 0, 'combined': 0, 'last_frame': None}}, 'secondary': []}

======================================================================
ERROR: test_l17_post_task_acquisition (test_vipe_benchmark_supervisor.HelperSessionTests.test_l17_post_task_acquisition)
----------------------------------------------------------------------
Traceback (most recent call last):
  File "/home/auss/git_repos/samaust/Experiments_4DGS/tests/test_vipe_benchmark_supervisor.py", line 1387, in test_l17_post_task_acquisition
    with self.scenario('L17','post_task') as session:
         ~~~~~~~~~~~~~^^^^^^^^^^^^^^^^^^^
  File "/usr/lib/python3.14/contextlib.py", line 141, in __enter__
    return next(self.gen)
  File "/home/auss/git_repos/samaust/Experiments_4DGS/tests/test_vipe_benchmark_supervisor.py", line 1153, in owned
    session(mode,instance=current,**bounds)
    ~~~~~~~^^^^^^^^^^^^^^^^^^^^^^^^^^^^^^^^
  File "/home/auss/git_repos/samaust/Experiments_4DGS/tests/test_vipe_benchmark_s1_helper_fixtures.py", line 69, in session
    instance.__init__(owner_factory=Selected, **kwargs)
    ~~~~~~~~~~~~~~~~~^^^^^^^^^^^^^^^^^^^^^^^^^^^^^^^^^^
  File "/home/auss/git_repos/samaust/Experiments_4DGS/scripts/vipe_benchmark/s1_helper_session.py", line 2140, in __init__
    self.job_thread=reserve_job_root('H','Session owner thread',allow_descendant=False) if os.environ.get('S1_JOB_LEDGER') else None
                    ~~~~~~~~~~~~~~~~^^^^^^^^^^^^^^^^^^^^^^^^^^^^^^^^^^^^^^^^^^^^^^^^^^^
  File "/home/auss/git_repos/samaust/Experiments_4DGS/scripts/vipe_benchmark/s1_helper_session.py", line 1046, in reserve_job_root
    append_job_event('root-reserved',dict(token=token,role=role,label=label,creator=creator),guard=guard)
    ~~~~~~~~~~~~~~~~^^^^^^^^^^^^^^^^^^^^^^^^^^^^^^^^^^^^^^^^^^^^^^^^^^^^^^^^^^^^^^^^^^^^^^^^^^^^^^^^^^^^^
  File "/home/auss/git_repos/samaust/Experiments_4DGS/scripts/vipe_benchmark/s1_helper_session.py", line 720, in append_job_event
    replacement=guard(state)
  File "/home/auss/git_repos/samaust/Experiments_4DGS/scripts/vipe_benchmark/s1_helper_session.py", line 1042, in guard
    raise ValueError('job root capacity')
ValueError: job root capacity
timing_or_cleanup_check_0: AssertionError: False is not true : {'scenario': 'L17', 'mode': 'post_task', 'constructor_entry': 19983.20825071, 'action_cutoff': 19985.20825071, 'safety_cutoff': 19986.20825071, 'action_end': 19983.209911787, 'end': 19983.20991602, 'execution_seconds': 0.0016610769998806063, 'cleanup_seconds': 4.2330029828008264e-06, 'cleanup_confirmed': False, 'records': {'work': {'role': 'work', 'state': 'pending', 'pid': None}, 'sample': {'role': 'sample', 'state': 'pending', 'pid': None}}, 'errors': [], 'signals': [], 'ticks': [19983.20826706], 'events': [], 'trace_facts': {'capacity': 256, 'total': 0, 'dropped': 0, 'saturated': False, 'first': None, 'last': None}, 'tick_facts': {'capacity': 128, 'total': 1, 'dropped': 0, 'saturated': False, 'first': 19983.208270545, 'last': 19983.208270545}, 'owner_error_facts': {'capacity': 32, 'total': 0, 'dropped': 0, 'saturated': False, 'first': None, 'last': None}, 'owner_signal_facts': {'capacity': 128, 'total': 0, 'dropped': 0, 'saturated': False, 'first': None, 'last': None}, 'request_counts': {'work': {'dispatch': 0, 'response': 0}, 'sample': {'dispatch': 0, 'response': 0}}, 'census_request_count': 0, 'max_gap': 0.0, 'max_turn': 0.0, 'call_observations': [], 'call_observation_facts': {'capacity': 128, 'total': 0, 'dropped': 0, 'saturated': False, 'first': None, 'last': None}, 'timing_failures': [], 'last_sample': None, 'requests': {'work': None, 'sample': None}, 'ownership': [{'state': 'launch_unknown', 'ownership_unknown': True, 'pid': None}], 'wire': {'work': {'sent': 0, 'received': 0, 'blocked_writes': 0, 'peek': 0, 'combined': 0, 'last_frame': None}, 'sample': {'sent': 0, 'received': 0, 'blocked_writes': 0, 'peek': 0, 'combined': 0, 'last_frame': None}}, 'secondary': []}

======================================================================
ERROR: test_l18_descendant_and_foreign_sentinel (test_vipe_benchmark_supervisor.HelperSessionTests.test_l18_descendant_and_foreign_sentinel)
----------------------------------------------------------------------
Traceback (most recent call last):
  File "/home/auss/git_repos/samaust/Experiments_4DGS/tests/test_vipe_benchmark_supervisor.py", line 1402, in test_l18_descendant_and_foreign_sentinel
    with self.scenario('L18','descendant') as session:
         ~~~~~~~~~~~~~^^^^^^^^^^^^^^^^^^^^
  File "/usr/lib/python3.14/contextlib.py", line 141, in __enter__
    return next(self.gen)
  File "/home/auss/git_repos/samaust/Experiments_4DGS/tests/test_vipe_benchmark_supervisor.py", line 1153, in owned
    session(mode,instance=current,**bounds)
    ~~~~~~~^^^^^^^^^^^^^^^^^^^^^^^^^^^^^^^^
  File "/home/auss/git_repos/samaust/Experiments_4DGS/tests/test_vipe_benchmark_s1_helper_fixtures.py", line 69, in session
    instance.__init__(owner_factory=Selected, **kwargs)
    ~~~~~~~~~~~~~~~~~^^^^^^^^^^^^^^^^^^^^^^^^^^^^^^^^^^
  File "/home/auss/git_repos/samaust/Experiments_4DGS/scripts/vipe_benchmark/s1_helper_session.py", line 2140, in __init__
    self.job_thread=reserve_job_root('H','Session owner thread',allow_descendant=False) if os.environ.get('S1_JOB_LEDGER') else None
                    ~~~~~~~~~~~~~~~~^^^^^^^^^^^^^^^^^^^^^^^^^^^^^^^^^^^^^^^^^^^^^^^^^^^
  File "/home/auss/git_repos/samaust/Experiments_4DGS/scripts/vipe_benchmark/s1_helper_session.py", line 1046, in reserve_job_root
    append_job_event('root-reserved',dict(token=token,role=role,label=label,creator=creator),guard=guard)
    ~~~~~~~~~~~~~~~~^^^^^^^^^^^^^^^^^^^^^^^^^^^^^^^^^^^^^^^^^^^^^^^^^^^^^^^^^^^^^^^^^^^^^^^^^^^^^^^^^^^^^
  File "/home/auss/git_repos/samaust/Experiments_4DGS/scripts/vipe_benchmark/s1_helper_session.py", line 720, in append_job_event
    replacement=guard(state)
  File "/home/auss/git_repos/samaust/Experiments_4DGS/scripts/vipe_benchmark/s1_helper_session.py", line 1042, in guard
    raise ValueError('job root capacity')
ValueError: job root capacity
timing_or_cleanup_check_0: AssertionError: False is not true : {'scenario': 'L18', 'mode': 'descendant', 'constructor_entry': 19983.210811216, 'action_cutoff': 19985.210811216, 'safety_cutoff': 19986.210811216, 'action_end': 19983.212678821, 'end': 19983.212682605, 'execution_seconds': 0.0018676050021895207, 'cleanup_seconds': 3.78400000045076e-06, 'cleanup_confirmed': False, 'records': {'work': {'role': 'work', 'state': 'pending', 'pid': None}, 'sample': {'role': 'sample', 'state': 'pending', 'pid': None}}, 'errors': [], 'signals': [], 'ticks': [19983.210828012], 'events': [], 'trace_facts': {'capacity': 256, 'total': 0, 'dropped': 0, 'saturated': False, 'first': None, 'last': None}, 'tick_facts': {'capacity': 128, 'total': 1, 'dropped': 0, 'saturated': False, 'first': 19983.210831655, 'last': 19983.210831655}, 'owner_error_facts': {'capacity': 32, 'total': 0, 'dropped': 0, 'saturated': False, 'first': None, 'last': None}, 'owner_signal_facts': {'capacity': 128, 'total': 0, 'dropped': 0, 'saturated': False, 'first': None, 'last': None}, 'request_counts': {'work': {'dispatch': 0, 'response': 0}, 'sample': {'dispatch': 0, 'response': 0}}, 'census_request_count': 0, 'max_gap': 0.0, 'max_turn': 0.0, 'call_observations': [], 'call_observation_facts': {'capacity': 128, 'total': 0, 'dropped': 0, 'saturated': False, 'first': None, 'last': None}, 'timing_failures': [], 'last_sample': None, 'requests': {'work': None, 'sample': None}, 'ownership': [{'state': 'launch_unknown', 'ownership_unknown': True, 'pid': None}], 'wire': {'work': {'sent': 0, 'received': 0, 'blocked_writes': 0, 'peek': 0, 'combined': 0, 'last_frame': None}, 'sample': {'sent': 0, 'received': 0, 'blocked_writes': 0, 'peek': 0, 'combined': 0, 'last_frame': None}}, 'secondary': []}

======================================================================
ERROR: test_l19_term_resistance (test_vipe_benchmark_supervisor.HelperSessionTests.test_l19_term_resistance)
----------------------------------------------------------------------
Traceback (most recent call last):
  File "/home/auss/git_repos/samaust/Experiments_4DGS/tests/test_vipe_benchmark_supervisor.py", line 1427, in test_l19_term_resistance
    with self.scenario('L19','ignore_term') as session:
         ~~~~~~~~~~~~~^^^^^^^^^^^^^^^^^^^^^
  File "/usr/lib/python3.14/contextlib.py", line 141, in __enter__
    return next(self.gen)
  File "/home/auss/git_repos/samaust/Experiments_4DGS/tests/test_vipe_benchmark_supervisor.py", line 1153, in owned
    session(mode,instance=current,**bounds)
    ~~~~~~~^^^^^^^^^^^^^^^^^^^^^^^^^^^^^^^^
  File "/home/auss/git_repos/samaust/Experiments_4DGS/tests/test_vipe_benchmark_s1_helper_fixtures.py", line 69, in session
    instance.__init__(owner_factory=Selected, **kwargs)
    ~~~~~~~~~~~~~~~~~^^^^^^^^^^^^^^^^^^^^^^^^^^^^^^^^^^
  File "/home/auss/git_repos/samaust/Experiments_4DGS/scripts/vipe_benchmark/s1_helper_session.py", line 2140, in __init__
    self.job_thread=reserve_job_root('H','Session owner thread',allow_descendant=False) if os.environ.get('S1_JOB_LEDGER') else None
                    ~~~~~~~~~~~~~~~~^^^^^^^^^^^^^^^^^^^^^^^^^^^^^^^^^^^^^^^^^^^^^^^^^^^
  File "/home/auss/git_repos/samaust/Experiments_4DGS/scripts/vipe_benchmark/s1_helper_session.py", line 1046, in reserve_job_root
    append_job_event('root-reserved',dict(token=token,role=role,label=label,creator=creator),guard=guard)
    ~~~~~~~~~~~~~~~~^^^^^^^^^^^^^^^^^^^^^^^^^^^^^^^^^^^^^^^^^^^^^^^^^^^^^^^^^^^^^^^^^^^^^^^^^^^^^^^^^^^^^
  File "/home/auss/git_repos/samaust/Experiments_4DGS/scripts/vipe_benchmark/s1_helper_session.py", line 720, in append_job_event
    replacement=guard(state)
  File "/home/auss/git_repos/samaust/Experiments_4DGS/scripts/vipe_benchmark/s1_helper_session.py", line 1042, in guard
    raise ValueError('job root capacity')
ValueError: job root capacity
timing_or_cleanup_check_0: AssertionError: False is not true : {'scenario': 'L19', 'mode': 'ignore_term', 'constructor_entry': 19983.213527579, 'action_cutoff': 19985.213527579, 'safety_cutoff': 19986.213527579, 'action_end': 19983.215382443, 'end': 19983.215386348, 'execution_seconds': 0.001854864000051748, 'cleanup_seconds': 3.905002813553438e-06, 'cleanup_confirmed': False, 'records': {'work': {'role': 'work', 'state': 'pending', 'pid': None}, 'sample': {'role': 'sample', 'state': 'pending', 'pid': None}}, 'errors': [], 'signals': [], 'ticks': [19983.213543548], 'events': [], 'trace_facts': {'capacity': 256, 'total': 0, 'dropped': 0, 'saturated': False, 'first': None, 'last': None}, 'tick_facts': {'capacity': 128, 'total': 1, 'dropped': 0, 'saturated': False, 'first': 19983.213547103, 'last': 19983.213547103}, 'owner_error_facts': {'capacity': 32, 'total': 0, 'dropped': 0, 'saturated': False, 'first': None, 'last': None}, 'owner_signal_facts': {'capacity': 128, 'total': 0, 'dropped': 0, 'saturated': False, 'first': None, 'last': None}, 'request_counts': {'work': {'dispatch': 0, 'response': 0}, 'sample': {'dispatch': 0, 'response': 0}}, 'census_request_count': 0, 'max_gap': 0.0, 'max_turn': 0.0, 'call_observations': [], 'call_observation_facts': {'capacity': 128, 'total': 0, 'dropped': 0, 'saturated': False, 'first': None, 'last': None}, 'timing_failures': [], 'last_sample': None, 'requests': {'work': None, 'sample': None}, 'ownership': [{'state': 'launch_unknown', 'ownership_unknown': True, 'pid': None}], 'wire': {'work': {'sent': 0, 'received': 0, 'blocked_writes': 0, 'peek': 0, 'combined': 0, 'last_frame': None}, 'sample': {'sent': 0, 'received': 0, 'blocked_writes': 0, 'peek': 0, 'combined': 0, 'last_frame': None}}, 'secondary': []}

======================================================================
ERROR: test_l20_exit_during_transport (test_vipe_benchmark_supervisor.HelperSessionTests.test_l20_exit_during_transport)
----------------------------------------------------------------------
Traceback (most recent call last):
  File "/home/auss/git_repos/samaust/Experiments_4DGS/tests/test_vipe_benchmark_supervisor.py", line 1434, in test_l20_exit_during_transport
    with self.scenario('L20','exit_transport') as session:
         ~~~~~~~~~~~~~^^^^^^^^^^^^^^^^^^^^^^^^
  File "/usr/lib/python3.14/contextlib.py", line 141, in __enter__
    return next(self.gen)
  File "/home/auss/git_repos/samaust/Experiments_4DGS/tests/test_vipe_benchmark_supervisor.py", line 1153, in owned
    session(mode,instance=current,**bounds)
    ~~~~~~~^^^^^^^^^^^^^^^^^^^^^^^^^^^^^^^^
  File "/home/auss/git_repos/samaust/Experiments_4DGS/tests/test_vipe_benchmark_s1_helper_fixtures.py", line 69, in session
    instance.__init__(owner_factory=Selected, **kwargs)
    ~~~~~~~~~~~~~~~~~^^^^^^^^^^^^^^^^^^^^^^^^^^^^^^^^^^
  File "/home/auss/git_repos/samaust/Experiments_4DGS/scripts/vipe_benchmark/s1_helper_session.py", line 2140, in __init__
    self.job_thread=reserve_job_root('H','Session owner thread',allow_descendant=False) if os.environ.get('S1_JOB_LEDGER') else None
                    ~~~~~~~~~~~~~~~~^^^^^^^^^^^^^^^^^^^^^^^^^^^^^^^^^^^^^^^^^^^^^^^^^^^
  File "/home/auss/git_repos/samaust/Experiments_4DGS/scripts/vipe_benchmark/s1_helper_session.py", line 1046, in reserve_job_root
    append_job_event('root-reserved',dict(token=token,role=role,label=label,creator=creator),guard=guard)
    ~~~~~~~~~~~~~~~~^^^^^^^^^^^^^^^^^^^^^^^^^^^^^^^^^^^^^^^^^^^^^^^^^^^^^^^^^^^^^^^^^^^^^^^^^^^^^^^^^^^^^
  File "/home/auss/git_repos/samaust/Experiments_4DGS/scripts/vipe_benchmark/s1_helper_session.py", line 720, in append_job_event
    replacement=guard(state)
  File "/home/auss/git_repos/samaust/Experiments_4DGS/scripts/vipe_benchmark/s1_helper_session.py", line 1042, in guard
    raise ValueError('job root capacity')
ValueError: job root capacity
timing_or_cleanup_check_0: AssertionError: False is not true : {'scenario': 'L20', 'mode': 'exit_transport', 'constructor_entry': 19983.21638764, 'action_cutoff': 19985.21638764, 'safety_cutoff': 19986.21638764, 'action_end': 19983.219070805, 'end': 19983.219074797, 'execution_seconds': 0.002683164999325527, 'cleanup_seconds': 3.992001438746229e-06, 'cleanup_confirmed': False, 'records': {'work': {'role': 'work', 'state': 'pending', 'pid': None}, 'sample': {'role': 'sample', 'state': 'pending', 'pid': None}}, 'errors': [], 'signals': [], 'ticks': [19983.216403662], 'events': [], 'trace_facts': {'capacity': 256, 'total': 0, 'dropped': 0, 'saturated': False, 'first': None, 'last': None}, 'tick_facts': {'capacity': 128, 'total': 1, 'dropped': 0, 'saturated': False, 'first': 19983.216407231, 'last': 19983.216407231}, 'owner_error_facts': {'capacity': 32, 'total': 0, 'dropped': 0, 'saturated': False, 'first': None, 'last': None}, 'owner_signal_facts': {'capacity': 128, 'total': 0, 'dropped': 0, 'saturated': False, 'first': None, 'last': None}, 'request_counts': {'work': {'dispatch': 0, 'response': 0}, 'sample': {'dispatch': 0, 'response': 0}}, 'census_request_count': 0, 'max_gap': 0.0, 'max_turn': 0.0, 'call_observations': [], 'call_observation_facts': {'capacity': 128, 'total': 0, 'dropped': 0, 'saturated': False, 'first': None, 'last': None}, 'timing_failures': [], 'last_sample': None, 'requests': {'work': None, 'sample': None}, 'ownership': [{'state': 'launch_unknown', 'ownership_unknown': True, 'pid': None}], 'wire': {'work': {'sent': 0, 'received': 0, 'blocked_writes': 0, 'peek': 0, 'combined': 0, 'last_frame': None}, 'sample': {'sent': 0, 'received': 0, 'blocked_writes': 0, 'peek': 0, 'combined': 0, 'last_frame': None}}, 'secondary': []}

======================================================================
ERROR: test_l21_enumeration_failure (test_vipe_benchmark_supervisor.HelperSessionTests.test_l21_enumeration_failure)
----------------------------------------------------------------------
Traceback (most recent call last):
  File "/home/auss/git_repos/samaust/Experiments_4DGS/tests/test_vipe_benchmark_supervisor.py", line 1450, in test_l21_enumeration_failure
    def test_l21_enumeration_failure(self): self.failed_cleanup('L21','enumeration_failure')
                                            ~~~~~~~~~~~~~~~~~~~^^^^^^^^^^^^^^^^^^^^^^^^^^^^^
  File "/home/auss/git_repos/samaust/Experiments_4DGS/tests/test_vipe_benchmark_supervisor.py", line 1440, in failed_cleanup
    with self.scenario(label,mode) as session:
         ~~~~~~~~~~~~~^^^^^^^^^^^^
  File "/usr/lib/python3.14/contextlib.py", line 141, in __enter__
    return next(self.gen)
  File "/home/auss/git_repos/samaust/Experiments_4DGS/tests/test_vipe_benchmark_supervisor.py", line 1153, in owned
    session(mode,instance=current,**bounds)
    ~~~~~~~^^^^^^^^^^^^^^^^^^^^^^^^^^^^^^^^
  File "/home/auss/git_repos/samaust/Experiments_4DGS/tests/test_vipe_benchmark_s1_helper_fixtures.py", line 69, in session
    instance.__init__(owner_factory=Selected, **kwargs)
    ~~~~~~~~~~~~~~~~~^^^^^^^^^^^^^^^^^^^^^^^^^^^^^^^^^^
  File "/home/auss/git_repos/samaust/Experiments_4DGS/scripts/vipe_benchmark/s1_helper_session.py", line 2140, in __init__
    self.job_thread=reserve_job_root('H','Session owner thread',allow_descendant=False) if os.environ.get('S1_JOB_LEDGER') else None
                    ~~~~~~~~~~~~~~~~^^^^^^^^^^^^^^^^^^^^^^^^^^^^^^^^^^^^^^^^^^^^^^^^^^^
  File "/home/auss/git_repos/samaust/Experiments_4DGS/scripts/vipe_benchmark/s1_helper_session.py", line 1046, in reserve_job_root
    append_job_event('root-reserved',dict(token=token,role=role,label=label,creator=creator),guard=guard)
    ~~~~~~~~~~~~~~~~^^^^^^^^^^^^^^^^^^^^^^^^^^^^^^^^^^^^^^^^^^^^^^^^^^^^^^^^^^^^^^^^^^^^^^^^^^^^^^^^^^^^^
  File "/home/auss/git_repos/samaust/Experiments_4DGS/scripts/vipe_benchmark/s1_helper_session.py", line 720, in append_job_event
    replacement=guard(state)
  File "/home/auss/git_repos/samaust/Experiments_4DGS/scripts/vipe_benchmark/s1_helper_session.py", line 1042, in guard
    raise ValueError('job root capacity')
ValueError: job root capacity
timing_or_cleanup_check_0: AssertionError: False is not true : {'scenario': 'L21', 'mode': 'enumeration_failure', 'constructor_entry': 19983.220215304, 'action_cutoff': 19985.220215304, 'safety_cutoff': 19986.220215304, 'action_end': 19983.222292819, 'end': 19983.22229709, 'execution_seconds': 0.002077514996926766, 'cleanup_seconds': 4.271001671440899e-06, 'cleanup_confirmed': False, 'records': {'work': {'role': 'work', 'state': 'pending', 'pid': None}, 'sample': {'role': 'sample', 'state': 'pending', 'pid': None}}, 'errors': [], 'signals': [], 'ticks': [19983.220231533], 'events': [], 'trace_facts': {'capacity': 256, 'total': 0, 'dropped': 0, 'saturated': False, 'first': None, 'last': None}, 'tick_facts': {'capacity': 128, 'total': 1, 'dropped': 0, 'saturated': False, 'first': 19983.220234733, 'last': 19983.220234733}, 'owner_error_facts': {'capacity': 32, 'total': 0, 'dropped': 0, 'saturated': False, 'first': None, 'last': None}, 'owner_signal_facts': {'capacity': 128, 'total': 0, 'dropped': 0, 'saturated': False, 'first': None, 'last': None}, 'request_counts': {'work': {'dispatch': 0, 'response': 0}, 'sample': {'dispatch': 0, 'response': 0}}, 'census_request_count': 0, 'max_gap': 0.0, 'max_turn': 0.0, 'call_observations': [], 'call_observation_facts': {'capacity': 128, 'total': 0, 'dropped': 0, 'saturated': False, 'first': None, 'last': None}, 'timing_failures': [], 'last_sample': None, 'requests': {'work': None, 'sample': None}, 'ownership': [{'state': 'launch_unknown', 'ownership_unknown': True, 'pid': None}], 'wire': {'work': {'sent': 0, 'received': 0, 'blocked_writes': 0, 'peek': 0, 'combined': 0, 'last_frame': None}, 'sample': {'sent': 0, 'received': 0, 'blocked_writes': 0, 'peek': 0, 'combined': 0, 'last_frame': None}}, 'secondary': []}

======================================================================
ERROR: test_l22_signal_failure (test_vipe_benchmark_supervisor.HelperSessionTests.test_l22_signal_failure)
----------------------------------------------------------------------
Traceback (most recent call last):
  File "/home/auss/git_repos/samaust/Experiments_4DGS/tests/test_vipe_benchmark_supervisor.py", line 1451, in test_l22_signal_failure
    def test_l22_signal_failure(self): self.failed_cleanup('L22','signal_failure')
                                       ~~~~~~~~~~~~~~~~~~~^^^^^^^^^^^^^^^^^^^^^^^^
  File "/home/auss/git_repos/samaust/Experiments_4DGS/tests/test_vipe_benchmark_supervisor.py", line 1440, in failed_cleanup
    with self.scenario(label,mode) as session:
         ~~~~~~~~~~~~~^^^^^^^^^^^^
  File "/usr/lib/python3.14/contextlib.py", line 141, in __enter__
    return next(self.gen)
  File "/home/auss/git_repos/samaust/Experiments_4DGS/tests/test_vipe_benchmark_supervisor.py", line 1153, in owned
    session(mode,instance=current,**bounds)
    ~~~~~~~^^^^^^^^^^^^^^^^^^^^^^^^^^^^^^^^
  File "/home/auss/git_repos/samaust/Experiments_4DGS/tests/test_vipe_benchmark_s1_helper_fixtures.py", line 69, in session
    instance.__init__(owner_factory=Selected, **kwargs)
    ~~~~~~~~~~~~~~~~~^^^^^^^^^^^^^^^^^^^^^^^^^^^^^^^^^^
  File "/home/auss/git_repos/samaust/Experiments_4DGS/scripts/vipe_benchmark/s1_helper_session.py", line 2140, in __init__
    self.job_thread=reserve_job_root('H','Session owner thread',allow_descendant=False) if os.environ.get('S1_JOB_LEDGER') else None
                    ~~~~~~~~~~~~~~~~^^^^^^^^^^^^^^^^^^^^^^^^^^^^^^^^^^^^^^^^^^^^^^^^^^^
  File "/home/auss/git_repos/samaust/Experiments_4DGS/scripts/vipe_benchmark/s1_helper_session.py", line 1046, in reserve_job_root
    append_job_event('root-reserved',dict(token=token,role=role,label=label,creator=creator),guard=guard)
    ~~~~~~~~~~~~~~~~^^^^^^^^^^^^^^^^^^^^^^^^^^^^^^^^^^^^^^^^^^^^^^^^^^^^^^^^^^^^^^^^^^^^^^^^^^^^^^^^^^^^^
  File "/home/auss/git_repos/samaust/Experiments_4DGS/scripts/vipe_benchmark/s1_helper_session.py", line 720, in append_job_event
    replacement=guard(state)
  File "/home/auss/git_repos/samaust/Experiments_4DGS/scripts/vipe_benchmark/s1_helper_session.py", line 1042, in guard
    raise ValueError('job root capacity')
ValueError: job root capacity
timing_or_cleanup_check_0: AssertionError: False is not true : {'scenario': 'L22', 'mode': 'signal_failure', 'constructor_entry': 19983.223315488, 'action_cutoff': 19985.223315488, 'safety_cutoff': 19986.223315488, 'action_end': 19983.225530464, 'end': 19983.225534167, 'execution_seconds': 0.002214975997048896, 'cleanup_seconds': 3.703000402310863e-06, 'cleanup_confirmed': False, 'records': {'work': {'role': 'work', 'state': 'pending', 'pid': None}, 'sample': {'role': 'sample', 'state': 'pending', 'pid': None}}, 'errors': [], 'signals': [], 'ticks': [19983.223332476], 'events': [], 'trace_facts': {'capacity': 256, 'total': 0, 'dropped': 0, 'saturated': False, 'first': None, 'last': None}, 'tick_facts': {'capacity': 128, 'total': 1, 'dropped': 0, 'saturated': False, 'first': 19983.22333621, 'last': 19983.22333621}, 'owner_error_facts': {'capacity': 32, 'total': 0, 'dropped': 0, 'saturated': False, 'first': None, 'last': None}, 'owner_signal_facts': {'capacity': 128, 'total': 0, 'dropped': 0, 'saturated': False, 'first': None, 'last': None}, 'request_counts': {'work': {'dispatch': 0, 'response': 0}, 'sample': {'dispatch': 0, 'response': 0}}, 'census_request_count': 0, 'max_gap': 0.0, 'max_turn': 0.0, 'call_observations': [], 'call_observation_facts': {'capacity': 128, 'total': 0, 'dropped': 0, 'saturated': False, 'first': None, 'last': None}, 'timing_failures': [], 'last_sample': None, 'requests': {'work': None, 'sample': None}, 'ownership': [{'state': 'launch_unknown', 'ownership_unknown': True, 'pid': None}], 'wire': {'work': {'sent': 0, 'received': 0, 'blocked_writes': 0, 'peek': 0, 'combined': 0, 'last_frame': None}, 'sample': {'sent': 0, 'received': 0, 'blocked_writes': 0, 'peek': 0, 'combined': 0, 'last_frame': None}}, 'secondary': []}

======================================================================
ERROR: test_l23_reap_failure (test_vipe_benchmark_supervisor.HelperSessionTests.test_l23_reap_failure)
----------------------------------------------------------------------
Traceback (most recent call last):
  File "/home/auss/git_repos/samaust/Experiments_4DGS/tests/test_vipe_benchmark_supervisor.py", line 1452, in test_l23_reap_failure
    def test_l23_reap_failure(self): self.failed_cleanup('L23','reap_failure')
                                     ~~~~~~~~~~~~~~~~~~~^^^^^^^^^^^^^^^^^^^^^^
  File "/home/auss/git_repos/samaust/Experiments_4DGS/tests/test_vipe_benchmark_supervisor.py", line 1440, in failed_cleanup
    with self.scenario(label,mode) as session:
         ~~~~~~~~~~~~~^^^^^^^^^^^^
  File "/usr/lib/python3.14/contextlib.py", line 141, in __enter__
    return next(self.gen)
  File "/home/auss/git_repos/samaust/Experiments_4DGS/tests/test_vipe_benchmark_supervisor.py", line 1153, in owned
    session(mode,instance=current,**bounds)
    ~~~~~~~^^^^^^^^^^^^^^^^^^^^^^^^^^^^^^^^
  File "/home/auss/git_repos/samaust/Experiments_4DGS/tests/test_vipe_benchmark_s1_helper_fixtures.py", line 69, in session
    instance.__init__(owner_factory=Selected, **kwargs)
    ~~~~~~~~~~~~~~~~~^^^^^^^^^^^^^^^^^^^^^^^^^^^^^^^^^^
  File "/home/auss/git_repos/samaust/Experiments_4DGS/scripts/vipe_benchmark/s1_helper_session.py", line 2140, in __init__
    self.job_thread=reserve_job_root('H','Session owner thread',allow_descendant=False) if os.environ.get('S1_JOB_LEDGER') else None
                    ~~~~~~~~~~~~~~~~^^^^^^^^^^^^^^^^^^^^^^^^^^^^^^^^^^^^^^^^^^^^^^^^^^^
  File "/home/auss/git_repos/samaust/Experiments_4DGS/scripts/vipe_benchmark/s1_helper_session.py", line 1046, in reserve_job_root
    append_job_event('root-reserved',dict(token=token,role=role,label=label,creator=creator),guard=guard)
    ~~~~~~~~~~~~~~~~^^^^^^^^^^^^^^^^^^^^^^^^^^^^^^^^^^^^^^^^^^^^^^^^^^^^^^^^^^^^^^^^^^^^^^^^^^^^^^^^^^^^^
  File "/home/auss/git_repos/samaust/Experiments_4DGS/scripts/vipe_benchmark/s1_helper_session.py", line 720, in append_job_event
    replacement=guard(state)
  File "/home/auss/git_repos/samaust/Experiments_4DGS/scripts/vipe_benchmark/s1_helper_session.py", line 1042, in guard
    raise ValueError('job root capacity')
ValueError: job root capacity
timing_or_cleanup_check_0: AssertionError: False is not true : {'scenario': 'L23', 'mode': 'reap_failure', 'constructor_entry': 19983.226552971, 'action_cutoff': 19985.226552971, 'safety_cutoff': 19986.226552971, 'action_end': 19983.228806082, 'end': 19983.228810181, 'execution_seconds': 0.0022531110007548705, 'cleanup_seconds': 4.09900167142041e-06, 'cleanup_confirmed': False, 'records': {'work': {'role': 'work', 'state': 'pending', 'pid': None}, 'sample': {'role': 'sample', 'state': 'pending', 'pid': None}}, 'errors': [], 'signals': [], 'ticks': [19983.226569295], 'events': [], 'trace_facts': {'capacity': 256, 'total': 0, 'dropped': 0, 'saturated': False, 'first': None, 'last': None}, 'tick_facts': {'capacity': 128, 'total': 1, 'dropped': 0, 'saturated': False, 'first': 19983.226573154, 'last': 19983.226573154}, 'owner_error_facts': {'capacity': 32, 'total': 0, 'dropped': 0, 'saturated': False, 'first': None, 'last': None}, 'owner_signal_facts': {'capacity': 128, 'total': 0, 'dropped': 0, 'saturated': False, 'first': None, 'last': None}, 'request_counts': {'work': {'dispatch': 0, 'response': 0}, 'sample': {'dispatch': 0, 'response': 0}}, 'census_request_count': 0, 'max_gap': 0.0, 'max_turn': 0.0, 'call_observations': [], 'call_observation_facts': {'capacity': 128, 'total': 0, 'dropped': 0, 'saturated': False, 'first': None, 'last': None}, 'timing_failures': [], 'last_sample': None, 'requests': {'work': None, 'sample': None}, 'ownership': [{'state': 'launch_unknown', 'ownership_unknown': True, 'pid': None}], 'wire': {'work': {'sent': 0, 'received': 0, 'blocked_writes': 0, 'peek': 0, 'combined': 0, 'last_frame': None}, 'sample': {'sent': 0, 'received': 0, 'blocked_writes': 0, 'peek': 0, 'combined': 0, 'last_frame': None}}, 'secondary': []}

======================================================================
ERROR: test_l24_summary_reference_adapter (test_vipe_benchmark_supervisor.HelperSessionTests.test_l24_summary_reference_adapter)
----------------------------------------------------------------------
Traceback (most recent call last):
  File "/home/auss/git_repos/samaust/Experiments_4DGS/tests/test_vipe_benchmark_supervisor.py", line 1462, in test_l24_summary_reference_adapter
    with self.scenario('L24','artifact') as session:
         ~~~~~~~~~~~~~^^^^^^^^^^^^^^^^^^
  File "/usr/lib/python3.14/contextlib.py", line 141, in __enter__
    return next(self.gen)
  File "/home/auss/git_repos/samaust/Experiments_4DGS/tests/test_vipe_benchmark_supervisor.py", line 1153, in owned
    session(mode,instance=current,**bounds)
    ~~~~~~~^^^^^^^^^^^^^^^^^^^^^^^^^^^^^^^^
  File "/home/auss/git_repos/samaust/Experiments_4DGS/tests/test_vipe_benchmark_s1_helper_fixtures.py", line 69, in session
    instance.__init__(owner_factory=Selected, **kwargs)
    ~~~~~~~~~~~~~~~~~^^^^^^^^^^^^^^^^^^^^^^^^^^^^^^^^^^
  File "/home/auss/git_repos/samaust/Experiments_4DGS/scripts/vipe_benchmark/s1_helper_session.py", line 2140, in __init__
    self.job_thread=reserve_job_root('H','Session owner thread',allow_descendant=False) if os.environ.get('S1_JOB_LEDGER') else None
                    ~~~~~~~~~~~~~~~~^^^^^^^^^^^^^^^^^^^^^^^^^^^^^^^^^^^^^^^^^^^^^^^^^^^
  File "/home/auss/git_repos/samaust/Experiments_4DGS/scripts/vipe_benchmark/s1_helper_session.py", line 1046, in reserve_job_root
    append_job_event('root-reserved',dict(token=token,role=role,label=label,creator=creator),guard=guard)
    ~~~~~~~~~~~~~~~~^^^^^^^^^^^^^^^^^^^^^^^^^^^^^^^^^^^^^^^^^^^^^^^^^^^^^^^^^^^^^^^^^^^^^^^^^^^^^^^^^^^^^
  File "/home/auss/git_repos/samaust/Experiments_4DGS/scripts/vipe_benchmark/s1_helper_session.py", line 720, in append_job_event
    replacement=guard(state)
  File "/home/auss/git_repos/samaust/Experiments_4DGS/scripts/vipe_benchmark/s1_helper_session.py", line 1042, in guard
    raise ValueError('job root capacity')
ValueError: job root capacity
timing_or_cleanup_check_0: AssertionError: False is not true : {'scenario': 'L24', 'mode': 'artifact', 'constructor_entry': 19984.670731365, 'action_cutoff': 19986.670731365, 'safety_cutoff': 19987.670731365, 'action_end': 19984.672883787, 'end': 19984.67288971, 'execution_seconds': 0.0021524219991988502, 'cleanup_seconds': 5.923000571783632e-06, 'cleanup_confirmed': False, 'records': {'work': {'role': 'work', 'state': 'pending', 'pid': None}, 'sample': {'role': 'sample', 'state': 'pending', 'pid': None}}, 'errors': [], 'signals': [], 'ticks': [19984.670752566], 'events': [], 'trace_facts': {'capacity': 256, 'total': 0, 'dropped': 0, 'saturated': False, 'first': None, 'last': None}, 'tick_facts': {'capacity': 128, 'total': 1, 'dropped': 0, 'saturated': False, 'first': 19984.670757648, 'last': 19984.670757648}, 'owner_error_facts': {'capacity': 32, 'total': 0, 'dropped': 0, 'saturated': False, 'first': None, 'last': None}, 'owner_signal_facts': {'capacity': 128, 'total': 0, 'dropped': 0, 'saturated': False, 'first': None, 'last': None}, 'request_counts': {'work': {'dispatch': 0, 'response': 0}, 'sample': {'dispatch': 0, 'response': 0}}, 'census_request_count': 0, 'max_gap': 0.0, 'max_turn': 0.0, 'call_observations': [], 'call_observation_facts': {'capacity': 128, 'total': 0, 'dropped': 0, 'saturated': False, 'first': None, 'last': None}, 'timing_failures': [], 'last_sample': None, 'requests': {'work': None, 'sample': None}, 'ownership': [{'state': 'launch_unknown', 'ownership_unknown': True, 'pid': None}], 'wire': {'work': {'sent': 0, 'received': 0, 'blocked_writes': 0, 'peek': 0, 'combined': 0, 'last_frame': None}, 'sample': {'sent': 0, 'received': 0, 'blocked_writes': 0, 'peek': 0, 'combined': 0, 'last_frame': None}}, 'secondary': []}

======================================================================
ERROR: test_l25_delayed_actual_reserve (test_vipe_benchmark_supervisor.HelperSessionTests.test_l25_delayed_actual_reserve)
----------------------------------------------------------------------
Traceback (most recent call last):
  File "/home/auss/git_repos/samaust/Experiments_4DGS/tests/test_vipe_benchmark_supervisor.py", line 1507, in test_l25_delayed_actual_reserve
    def test_l25_delayed_actual_reserve(self): self.admission_rejected('L25',False)
                                               ~~~~~~~~~~~~~~~~~~~~~~~^^^^^^^^^^^^^
  File "/home/auss/git_repos/samaust/Experiments_4DGS/tests/test_vipe_benchmark_supervisor.py", line 1480, in admission_rejected
    with self.scenario(label,ready_seconds=.15,setup_seconds=.3,total_seconds=.5) as session:
         ~~~~~~~~~~~~~^^^^^^^^^^^^^^^^^^^^^^^^^^^^^^^^^^^^^^^^^^^^^^^^^^^^^^^^^^^
  File "/usr/lib/python3.14/contextlib.py", line 141, in __enter__
    return next(self.gen)
  File "/home/auss/git_repos/samaust/Experiments_4DGS/tests/test_vipe_benchmark_supervisor.py", line 1153, in owned
    session(mode,instance=current,**bounds)
    ~~~~~~~^^^^^^^^^^^^^^^^^^^^^^^^^^^^^^^^
  File "/home/auss/git_repos/samaust/Experiments_4DGS/tests/test_vipe_benchmark_s1_helper_fixtures.py", line 69, in session
    instance.__init__(owner_factory=Selected, **kwargs)
    ~~~~~~~~~~~~~~~~~^^^^^^^^^^^^^^^^^^^^^^^^^^^^^^^^^^
  File "/home/auss/git_repos/samaust/Experiments_4DGS/scripts/vipe_benchmark/s1_helper_session.py", line 2140, in __init__
    self.job_thread=reserve_job_root('H','Session owner thread',allow_descendant=False) if os.environ.get('S1_JOB_LEDGER') else None
                    ~~~~~~~~~~~~~~~~^^^^^^^^^^^^^^^^^^^^^^^^^^^^^^^^^^^^^^^^^^^^^^^^^^^
  File "/home/auss/git_repos/samaust/Experiments_4DGS/scripts/vipe_benchmark/s1_helper_session.py", line 1046, in reserve_job_root
    append_job_event('root-reserved',dict(token=token,role=role,label=label,creator=creator),guard=guard)
    ~~~~~~~~~~~~~~~~^^^^^^^^^^^^^^^^^^^^^^^^^^^^^^^^^^^^^^^^^^^^^^^^^^^^^^^^^^^^^^^^^^^^^^^^^^^^^^^^^^^^^
  File "/home/auss/git_repos/samaust/Experiments_4DGS/scripts/vipe_benchmark/s1_helper_session.py", line 720, in append_job_event
    replacement=guard(state)
  File "/home/auss/git_repos/samaust/Experiments_4DGS/scripts/vipe_benchmark/s1_helper_session.py", line 1042, in guard
    raise ValueError('job root capacity')
ValueError: job root capacity
timing_or_cleanup_check_0: AssertionError: False is not true : {'scenario': 'L25', 'mode': 'normal', 'constructor_entry': 19984.681455398, 'action_cutoff': 19986.681455398, 'safety_cutoff': 19987.681455398, 'action_end': 19984.683346251, 'end': 19984.683351212, 'execution_seconds': 0.0018908530000771862, 'cleanup_seconds': 4.960998921887949e-06, 'cleanup_confirmed': False, 'records': {'work': {'role': 'work', 'state': 'pending', 'pid': None}, 'sample': {'role': 'sample', 'state': 'pending', 'pid': None}}, 'errors': [], 'signals': [], 'ticks': [19984.681473444], 'events': [], 'trace_facts': {'capacity': 256, 'total': 0, 'dropped': 0, 'saturated': False, 'first': None, 'last': None}, 'tick_facts': {'capacity': 128, 'total': 1, 'dropped': 0, 'saturated': False, 'first': 19984.681477788, 'last': 19984.681477788}, 'owner_error_facts': {'capacity': 32, 'total': 0, 'dropped': 0, 'saturated': False, 'first': None, 'last': None}, 'owner_signal_facts': {'capacity': 128, 'total': 0, 'dropped': 0, 'saturated': False, 'first': None, 'last': None}, 'request_counts': {'work': {'dispatch': 0, 'response': 0}, 'sample': {'dispatch': 0, 'response': 0}}, 'census_request_count': 0, 'max_gap': 0.0, 'max_turn': 0.0, 'call_observations': [], 'call_observation_facts': {'capacity': 128, 'total': 0, 'dropped': 0, 'saturated': False, 'first': None, 'last': None}, 'timing_failures': [], 'last_sample': None, 'requests': {'work': None, 'sample': None}, 'ownership': [{'state': 'launch_unknown', 'ownership_unknown': True, 'pid': None}], 'wire': {'work': {'sent': 0, 'received': 0, 'blocked_writes': 0, 'peek': 0, 'combined': 0, 'last_frame': None}, 'sample': {'sent': 0, 'received': 0, 'blocked_writes': 0, 'peek': 0, 'combined': 0, 'last_frame': None}}, 'secondary': []}

======================================================================
ERROR: test_l26_equal_actual_reserve (test_vipe_benchmark_supervisor.HelperSessionTests.test_l26_equal_actual_reserve)
----------------------------------------------------------------------
Traceback (most recent call last):
  File "/home/auss/git_repos/samaust/Experiments_4DGS/tests/test_vipe_benchmark_supervisor.py", line 1508, in test_l26_equal_actual_reserve
    def test_l26_equal_actual_reserve(self): self.admission_rejected('L26',True)
                                             ~~~~~~~~~~~~~~~~~~~~~~~^^^^^^^^^^^^
  File "/home/auss/git_repos/samaust/Experiments_4DGS/tests/test_vipe_benchmark_supervisor.py", line 1480, in admission_rejected
    with self.scenario(label,ready_seconds=.15,setup_seconds=.3,total_seconds=.5) as session:
         ~~~~~~~~~~~~~^^^^^^^^^^^^^^^^^^^^^^^^^^^^^^^^^^^^^^^^^^^^^^^^^^^^^^^^^^^
  File "/usr/lib/python3.14/contextlib.py", line 141, in __enter__
    return next(self.gen)
  File "/home/auss/git_repos/samaust/Experiments_4DGS/tests/test_vipe_benchmark_supervisor.py", line 1153, in owned
    session(mode,instance=current,**bounds)
    ~~~~~~~^^^^^^^^^^^^^^^^^^^^^^^^^^^^^^^^
  File "/home/auss/git_repos/samaust/Experiments_4DGS/tests/test_vipe_benchmark_s1_helper_fixtures.py", line 69, in session
    instance.__init__(owner_factory=Selected, **kwargs)
    ~~~~~~~~~~~~~~~~~^^^^^^^^^^^^^^^^^^^^^^^^^^^^^^^^^^
  File "/home/auss/git_repos/samaust/Experiments_4DGS/scripts/vipe_benchmark/s1_helper_session.py", line 2140, in __init__
    self.job_thread=reserve_job_root('H','Session owner thread',allow_descendant=False) if os.environ.get('S1_JOB_LEDGER') else None
                    ~~~~~~~~~~~~~~~~^^^^^^^^^^^^^^^^^^^^^^^^^^^^^^^^^^^^^^^^^^^^^^^^^^^
  File "/home/auss/git_repos/samaust/Experiments_4DGS/scripts/vipe_benchmark/s1_helper_session.py", line 1046, in reserve_job_root
    append_job_event('root-reserved',dict(token=token,role=role,label=label,creator=creator),guard=guard)
    ~~~~~~~~~~~~~~~~^^^^^^^^^^^^^^^^^^^^^^^^^^^^^^^^^^^^^^^^^^^^^^^^^^^^^^^^^^^^^^^^^^^^^^^^^^^^^^^^^^^^^
  File "/home/auss/git_repos/samaust/Experiments_4DGS/scripts/vipe_benchmark/s1_helper_session.py", line 720, in append_job_event
    replacement=guard(state)
  File "/home/auss/git_repos/samaust/Experiments_4DGS/scripts/vipe_benchmark/s1_helper_session.py", line 1042, in guard
    raise ValueError('job root capacity')
ValueError: job root capacity
timing_or_cleanup_check_0: AssertionError: False is not true : {'scenario': 'L26', 'mode': 'normal', 'constructor_entry': 19984.684352282, 'action_cutoff': 19986.684352282, 'safety_cutoff': 19987.684352282, 'action_end': 19984.686273738, 'end': 19984.686277736, 'execution_seconds': 0.0019214559979445767, 'cleanup_seconds': 3.998000465799123e-06, 'cleanup_confirmed': False, 'records': {'work': {'role': 'work', 'state': 'pending', 'pid': None}, 'sample': {'role': 'sample', 'state': 'pending', 'pid': None}}, 'errors': [], 'signals': [], 'ticks': [19984.684369481], 'events': [], 'trace_facts': {'capacity': 256, 'total': 0, 'dropped': 0, 'saturated': False, 'first': None, 'last': None}, 'tick_facts': {'capacity': 128, 'total': 1, 'dropped': 0, 'saturated': False, 'first': 19984.684374216, 'last': 19984.684374216}, 'owner_error_facts': {'capacity': 32, 'total': 0, 'dropped': 0, 'saturated': False, 'first': None, 'last': None}, 'owner_signal_facts': {'capacity': 128, 'total': 0, 'dropped': 0, 'saturated': False, 'first': None, 'last': None}, 'request_counts': {'work': {'dispatch': 0, 'response': 0}, 'sample': {'dispatch': 0, 'response': 0}}, 'census_request_count': 0, 'max_gap': 0.0, 'max_turn': 0.0, 'call_observations': [], 'call_observation_facts': {'capacity': 128, 'total': 0, 'dropped': 0, 'saturated': False, 'first': None, 'last': None}, 'timing_failures': [], 'last_sample': None, 'requests': {'work': None, 'sample': None}, 'ownership': [{'state': 'launch_unknown', 'ownership_unknown': True, 'pid': None}], 'wire': {'work': {'sent': 0, 'received': 0, 'blocked_writes': 0, 'peek': 0, 'combined': 0, 'last_frame': None}, 'sample': {'sent': 0, 'received': 0, 'blocked_writes': 0, 'peek': 0, 'combined': 0, 'last_frame': None}}, 'secondary': []}

======================================================================
ERROR: test_l27_encoder_early_response (test_vipe_benchmark_supervisor.HelperSessionTests.test_l27_encoder_early_response)
----------------------------------------------------------------------
Traceback (most recent call last):
  File "/home/auss/git_repos/samaust/Experiments_4DGS/tests/test_vipe_benchmark_supervisor.py", line 1536, in test_l27_encoder_early_response
    def test_l27_encoder_early_response(self): self.early_response('L27','early_encoder')
                                               ~~~~~~~~~~~~~~~~~~~^^^^^^^^^^^^^^^^^^^^^^^
  File "/home/auss/git_repos/samaust/Experiments_4DGS/tests/test_vipe_benchmark_supervisor.py", line 1514, in early_response
    with patch.dict(os.environ,S1_EARLY_BARRIER=str(barrier)),self.scenario(label,mode) as session:
                                                              ~~~~~~~~~~~~~^^^^^^^^^^^^
  File "/usr/lib/python3.14/contextlib.py", line 141, in __enter__
    return next(self.gen)
  File "/home/auss/git_repos/samaust/Experiments_4DGS/tests/test_vipe_benchmark_supervisor.py", line 1153, in owned
    session(mode,instance=current,**bounds)
    ~~~~~~~^^^^^^^^^^^^^^^^^^^^^^^^^^^^^^^^
  File "/home/auss/git_repos/samaust/Experiments_4DGS/tests/test_vipe_benchmark_s1_helper_fixtures.py", line 69, in session
    instance.__init__(owner_factory=Selected, **kwargs)
    ~~~~~~~~~~~~~~~~~^^^^^^^^^^^^^^^^^^^^^^^^^^^^^^^^^^
  File "/home/auss/git_repos/samaust/Experiments_4DGS/scripts/vipe_benchmark/s1_helper_session.py", line 2140, in __init__
    self.job_thread=reserve_job_root('H','Session owner thread',allow_descendant=False) if os.environ.get('S1_JOB_LEDGER') else None
                    ~~~~~~~~~~~~~~~~^^^^^^^^^^^^^^^^^^^^^^^^^^^^^^^^^^^^^^^^^^^^^^^^^^^
  File "/home/auss/git_repos/samaust/Experiments_4DGS/scripts/vipe_benchmark/s1_helper_session.py", line 1046, in reserve_job_root
    append_job_event('root-reserved',dict(token=token,role=role,label=label,creator=creator),guard=guard)
    ~~~~~~~~~~~~~~~~^^^^^^^^^^^^^^^^^^^^^^^^^^^^^^^^^^^^^^^^^^^^^^^^^^^^^^^^^^^^^^^^^^^^^^^^^^^^^^^^^^^^^
  File "/home/auss/git_repos/samaust/Experiments_4DGS/scripts/vipe_benchmark/s1_helper_session.py", line 720, in append_job_event
    replacement=guard(state)
  File "/home/auss/git_repos/samaust/Experiments_4DGS/scripts/vipe_benchmark/s1_helper_session.py", line 1042, in guard
    raise ValueError('job root capacity')
ValueError: job root capacity
timing_or_cleanup_check_0: AssertionError: False is not true : {'scenario': 'L27', 'mode': 'early_encoder', 'constructor_entry': 19984.687458717, 'action_cutoff': 19986.687458717, 'safety_cutoff': 19987.687458717, 'action_end': 19984.689406109, 'end': 19984.689410295, 'execution_seconds': 0.0019473920001473743, 'cleanup_seconds': 4.1860002966132015e-06, 'cleanup_confirmed': False, 'records': {'work': {'role': 'work', 'state': 'pending', 'pid': None}, 'sample': {'role': 'sample', 'state': 'pending', 'pid': None}}, 'errors': [], 'signals': [], 'ticks': [19984.687475752], 'events': [], 'trace_facts': {'capacity': 256, 'total': 0, 'dropped': 0, 'saturated': False, 'first': None, 'last': None}, 'tick_facts': {'capacity': 128, 'total': 1, 'dropped': 0, 'saturated': False, 'first': 19984.687479453, 'last': 19984.687479453}, 'owner_error_facts': {'capacity': 32, 'total': 0, 'dropped': 0, 'saturated': False, 'first': None, 'last': None}, 'owner_signal_facts': {'capacity': 128, 'total': 0, 'dropped': 0, 'saturated': False, 'first': None, 'last': None}, 'request_counts': {'work': {'dispatch': 0, 'response': 0}, 'sample': {'dispatch': 0, 'response': 0}}, 'census_request_count': 0, 'max_gap': 0.0, 'max_turn': 0.0, 'call_observations': [], 'call_observation_facts': {'capacity': 128, 'total': 0, 'dropped': 0, 'saturated': False, 'first': None, 'last': None}, 'timing_failures': [], 'last_sample': None, 'requests': {'work': None, 'sample': None}, 'ownership': [{'state': 'launch_unknown', 'ownership_unknown': True, 'pid': None}], 'wire': {'work': {'sent': 0, 'received': 0, 'blocked_writes': 0, 'peek': 0, 'combined': 0, 'last_frame': None}, 'sample': {'sent': 0, 'received': 0, 'blocked_writes': 0, 'peek': 0, 'combined': 0, 'last_frame': None}}, 'secondary': []}

======================================================================
ERROR: test_l28_partial_early_response (test_vipe_benchmark_supervisor.HelperSessionTests.test_l28_partial_early_response)
----------------------------------------------------------------------
Traceback (most recent call last):
  File "/home/auss/git_repos/samaust/Experiments_4DGS/tests/test_vipe_benchmark_supervisor.py", line 1537, in test_l28_partial_early_response
    def test_l28_partial_early_response(self): self.early_response('L28','early_partial')
                                               ~~~~~~~~~~~~~~~~~~~^^^^^^^^^^^^^^^^^^^^^^^
  File "/home/auss/git_repos/samaust/Experiments_4DGS/tests/test_vipe_benchmark_supervisor.py", line 1514, in early_response
    with patch.dict(os.environ,S1_EARLY_BARRIER=str(barrier)),self.scenario(label,mode) as session:
                                                              ~~~~~~~~~~~~~^^^^^^^^^^^^
  File "/usr/lib/python3.14/contextlib.py", line 141, in __enter__
    return next(self.gen)
  File "/home/auss/git_repos/samaust/Experiments_4DGS/tests/test_vipe_benchmark_supervisor.py", line 1153, in owned
    session(mode,instance=current,**bounds)
    ~~~~~~~^^^^^^^^^^^^^^^^^^^^^^^^^^^^^^^^
  File "/home/auss/git_repos/samaust/Experiments_4DGS/tests/test_vipe_benchmark_s1_helper_fixtures.py", line 69, in session
    instance.__init__(owner_factory=Selected, **kwargs)
    ~~~~~~~~~~~~~~~~~^^^^^^^^^^^^^^^^^^^^^^^^^^^^^^^^^^
  File "/home/auss/git_repos/samaust/Experiments_4DGS/scripts/vipe_benchmark/s1_helper_session.py", line 2140, in __init__
    self.job_thread=reserve_job_root('H','Session owner thread',allow_descendant=False) if os.environ.get('S1_JOB_LEDGER') else None
                    ~~~~~~~~~~~~~~~~^^^^^^^^^^^^^^^^^^^^^^^^^^^^^^^^^^^^^^^^^^^^^^^^^^^
  File "/home/auss/git_repos/samaust/Experiments_4DGS/scripts/vipe_benchmark/s1_helper_session.py", line 1046, in reserve_job_root
    append_job_event('root-reserved',dict(token=token,role=role,label=label,creator=creator),guard=guard)
    ~~~~~~~~~~~~~~~~^^^^^^^^^^^^^^^^^^^^^^^^^^^^^^^^^^^^^^^^^^^^^^^^^^^^^^^^^^^^^^^^^^^^^^^^^^^^^^^^^^^^^
  File "/home/auss/git_repos/samaust/Experiments_4DGS/scripts/vipe_benchmark/s1_helper_session.py", line 720, in append_job_event
    replacement=guard(state)
  File "/home/auss/git_repos/samaust/Experiments_4DGS/scripts/vipe_benchmark/s1_helper_session.py", line 1042, in guard
    raise ValueError('job root capacity')
ValueError: job root capacity
timing_or_cleanup_check_0: AssertionError: False is not true : {'scenario': 'L28', 'mode': 'early_partial', 'constructor_entry': 19984.69122193, 'action_cutoff': 19986.69122193, 'safety_cutoff': 19987.69122193, 'action_end': 19984.693480544, 'end': 19984.693484456, 'execution_seconds': 0.002258614000311354, 'cleanup_seconds': 3.911998646799475e-06, 'cleanup_confirmed': False, 'records': {'work': {'role': 'work', 'state': 'pending', 'pid': None}, 'sample': {'role': 'sample', 'state': 'pending', 'pid': None}}, 'errors': [], 'signals': [], 'ticks': [19984.691238549], 'events': [], 'trace_facts': {'capacity': 256, 'total': 0, 'dropped': 0, 'saturated': False, 'first': None, 'last': None}, 'tick_facts': {'capacity': 128, 'total': 1, 'dropped': 0, 'saturated': False, 'first': 19984.691242052, 'last': 19984.691242052}, 'owner_error_facts': {'capacity': 32, 'total': 0, 'dropped': 0, 'saturated': False, 'first': None, 'last': None}, 'owner_signal_facts': {'capacity': 128, 'total': 0, 'dropped': 0, 'saturated': False, 'first': None, 'last': None}, 'request_counts': {'work': {'dispatch': 0, 'response': 0}, 'sample': {'dispatch': 0, 'response': 0}}, 'census_request_count': 0, 'max_gap': 0.0, 'max_turn': 0.0, 'call_observations': [], 'call_observation_facts': {'capacity': 128, 'total': 0, 'dropped': 0, 'saturated': False, 'first': None, 'last': None}, 'timing_failures': [], 'last_sample': None, 'requests': {'work': None, 'sample': None}, 'ownership': [{'state': 'launch_unknown', 'ownership_unknown': True, 'pid': None}], 'wire': {'work': {'sent': 0, 'received': 0, 'blocked_writes': 0, 'peek': 0, 'combined': 0, 'last_frame': None}, 'sample': {'sent': 0, 'received': 0, 'blocked_writes': 0, 'peek': 0, 'combined': 0, 'last_frame': None}}, 'secondary': []}

======================================================================
ERROR: test_l29_readable_sample_equality (test_vipe_benchmark_supervisor.HelperSessionTests.test_l29_readable_sample_equality)
----------------------------------------------------------------------
Traceback (most recent call last):
  File "/home/auss/git_repos/samaust/Experiments_4DGS/tests/test_vipe_benchmark_supervisor.py", line 1566, in test_l29_readable_sample_equality
    def test_l29_readable_sample_equality(self): self.readable_equal('L29',1.2)
                                                 ~~~~~~~~~~~~~~~~~~~^^^^^^^^^^^
  File "/home/auss/git_repos/samaust/Experiments_4DGS/tests/test_vipe_benchmark_supervisor.py", line 1540, in readable_equal
    with self.scenario(label) as session:
         ~~~~~~~~~~~~~^^^^^^^
  File "/usr/lib/python3.14/contextlib.py", line 141, in __enter__
    return next(self.gen)
  File "/home/auss/git_repos/samaust/Experiments_4DGS/tests/test_vipe_benchmark_supervisor.py", line 1153, in owned
    session(mode,instance=current,**bounds)
    ~~~~~~~^^^^^^^^^^^^^^^^^^^^^^^^^^^^^^^^
  File "/home/auss/git_repos/samaust/Experiments_4DGS/tests/test_vipe_benchmark_s1_helper_fixtures.py", line 69, in session
    instance.__init__(owner_factory=Selected, **kwargs)
    ~~~~~~~~~~~~~~~~~^^^^^^^^^^^^^^^^^^^^^^^^^^^^^^^^^^
  File "/home/auss/git_repos/samaust/Experiments_4DGS/scripts/vipe_benchmark/s1_helper_session.py", line 2140, in __init__
    self.job_thread=reserve_job_root('H','Session owner thread',allow_descendant=False) if os.environ.get('S1_JOB_LEDGER') else None
                    ~~~~~~~~~~~~~~~~^^^^^^^^^^^^^^^^^^^^^^^^^^^^^^^^^^^^^^^^^^^^^^^^^^^
  File "/home/auss/git_repos/samaust/Experiments_4DGS/scripts/vipe_benchmark/s1_helper_session.py", line 1046, in reserve_job_root
    append_job_event('root-reserved',dict(token=token,role=role,label=label,creator=creator),guard=guard)
    ~~~~~~~~~~~~~~~~^^^^^^^^^^^^^^^^^^^^^^^^^^^^^^^^^^^^^^^^^^^^^^^^^^^^^^^^^^^^^^^^^^^^^^^^^^^^^^^^^^^^^
  File "/home/auss/git_repos/samaust/Experiments_4DGS/scripts/vipe_benchmark/s1_helper_session.py", line 720, in append_job_event
    replacement=guard(state)
  File "/home/auss/git_repos/samaust/Experiments_4DGS/scripts/vipe_benchmark/s1_helper_session.py", line 1042, in guard
    raise ValueError('job root capacity')
ValueError: job root capacity
timing_or_cleanup_check_0: AssertionError: False is not true : {'scenario': 'L29', 'mode': 'normal', 'constructor_entry': 19984.695237967, 'action_cutoff': 19986.695237967, 'safety_cutoff': 19987.695237967, 'action_end': 19984.69762608, 'end': 19984.697630007, 'execution_seconds': 0.002388113000051817, 'cleanup_seconds': 3.926998033421114e-06, 'cleanup_confirmed': False, 'records': {'work': {'role': 'work', 'state': 'pending', 'pid': None}, 'sample': {'role': 'sample', 'state': 'pending', 'pid': None}}, 'errors': [], 'signals': [], 'ticks': [19984.695254413], 'events': [], 'trace_facts': {'capacity': 256, 'total': 0, 'dropped': 0, 'saturated': False, 'first': None, 'last': None}, 'tick_facts': {'capacity': 128, 'total': 1, 'dropped': 0, 'saturated': False, 'first': 19984.695257818, 'last': 19984.695257818}, 'owner_error_facts': {'capacity': 32, 'total': 0, 'dropped': 0, 'saturated': False, 'first': None, 'last': None}, 'owner_signal_facts': {'capacity': 128, 'total': 0, 'dropped': 0, 'saturated': False, 'first': None, 'last': None}, 'request_counts': {'work': {'dispatch': 0, 'response': 0}, 'sample': {'dispatch': 0, 'response': 0}}, 'census_request_count': 0, 'max_gap': 0.0, 'max_turn': 0.0, 'call_observations': [], 'call_observation_facts': {'capacity': 128, 'total': 0, 'dropped': 0, 'saturated': False, 'first': None, 'last': None}, 'timing_failures': [], 'last_sample': None, 'requests': {'work': None, 'sample': None}, 'ownership': [{'state': 'launch_unknown', 'ownership_unknown': True, 'pid': None}], 'wire': {'work': {'sent': 0, 'received': 0, 'blocked_writes': 0, 'peek': 0, 'combined': 0, 'last_frame': None}, 'sample': {'sent': 0, 'received': 0, 'blocked_writes': 0, 'peek': 0, 'combined': 0, 'last_frame': None}}, 'secondary': []}

======================================================================
ERROR: test_l30_readable_phase_equality (test_vipe_benchmark_supervisor.HelperSessionTests.test_l30_readable_phase_equality)
----------------------------------------------------------------------
Traceback (most recent call last):
  File "/home/auss/git_repos/samaust/Experiments_4DGS/tests/test_vipe_benchmark_supervisor.py", line 1567, in test_l30_readable_phase_equality
    def test_l30_readable_phase_equality(self): self.readable_equal('L30',.2)
                                                ~~~~~~~~~~~~~~~~~~~^^^^^^^^^^
  File "/home/auss/git_repos/samaust/Experiments_4DGS/tests/test_vipe_benchmark_supervisor.py", line 1540, in readable_equal
    with self.scenario(label) as session:
         ~~~~~~~~~~~~~^^^^^^^
  File "/usr/lib/python3.14/contextlib.py", line 141, in __enter__
    return next(self.gen)
  File "/home/auss/git_repos/samaust/Experiments_4DGS/tests/test_vipe_benchmark_supervisor.py", line 1153, in owned
    session(mode,instance=current,**bounds)
    ~~~~~~~^^^^^^^^^^^^^^^^^^^^^^^^^^^^^^^^
  File "/home/auss/git_repos/samaust/Experiments_4DGS/tests/test_vipe_benchmark_s1_helper_fixtures.py", line 69, in session
    instance.__init__(owner_factory=Selected, **kwargs)
    ~~~~~~~~~~~~~~~~~^^^^^^^^^^^^^^^^^^^^^^^^^^^^^^^^^^
  File "/home/auss/git_repos/samaust/Experiments_4DGS/scripts/vipe_benchmark/s1_helper_session.py", line 2140, in __init__
    self.job_thread=reserve_job_root('H','Session owner thread',allow_descendant=False) if os.environ.get('S1_JOB_LEDGER') else None
                    ~~~~~~~~~~~~~~~~^^^^^^^^^^^^^^^^^^^^^^^^^^^^^^^^^^^^^^^^^^^^^^^^^^^
  File "/home/auss/git_repos/samaust/Experiments_4DGS/scripts/vipe_benchmark/s1_helper_session.py", line 1046, in reserve_job_root
    append_job_event('root-reserved',dict(token=token,role=role,label=label,creator=creator),guard=guard)
    ~~~~~~~~~~~~~~~~^^^^^^^^^^^^^^^^^^^^^^^^^^^^^^^^^^^^^^^^^^^^^^^^^^^^^^^^^^^^^^^^^^^^^^^^^^^^^^^^^^^^^
  File "/home/auss/git_repos/samaust/Experiments_4DGS/scripts/vipe_benchmark/s1_helper_session.py", line 720, in append_job_event
    replacement=guard(state)
  File "/home/auss/git_repos/samaust/Experiments_4DGS/scripts/vipe_benchmark/s1_helper_session.py", line 1042, in guard
    raise ValueError('job root capacity')
ValueError: job root capacity
timing_or_cleanup_check_0: AssertionError: False is not true : {'scenario': 'L30', 'mode': 'normal', 'constructor_entry': 19984.698785958, 'action_cutoff': 19986.698785958, 'safety_cutoff': 19987.698785958, 'action_end': 19984.700888682, 'end': 19984.700892794, 'execution_seconds': 0.0021027239999966696, 'cleanup_seconds': 4.112000169698149e-06, 'cleanup_confirmed': False, 'records': {'work': {'role': 'work', 'state': 'pending', 'pid': None}, 'sample': {'role': 'sample', 'state': 'pending', 'pid': None}}, 'errors': [], 'signals': [], 'ticks': [19984.698802461], 'events': [], 'trace_facts': {'capacity': 256, 'total': 0, 'dropped': 0, 'saturated': False, 'first': None, 'last': None}, 'tick_facts': {'capacity': 128, 'total': 1, 'dropped': 0, 'saturated': False, 'first': 19984.698805883, 'last': 19984.698805883}, 'owner_error_facts': {'capacity': 32, 'total': 0, 'dropped': 0, 'saturated': False, 'first': None, 'last': None}, 'owner_signal_facts': {'capacity': 128, 'total': 0, 'dropped': 0, 'saturated': False, 'first': None, 'last': None}, 'request_counts': {'work': {'dispatch': 0, 'response': 0}, 'sample': {'dispatch': 0, 'response': 0}}, 'census_request_count': 0, 'max_gap': 0.0, 'max_turn': 0.0, 'call_observations': [], 'call_observation_facts': {'capacity': 128, 'total': 0, 'dropped': 0, 'saturated': False, 'first': None, 'last': None}, 'timing_failures': [], 'last_sample': None, 'requests': {'work': None, 'sample': None}, 'ownership': [{'state': 'launch_unknown', 'ownership_unknown': True, 'pid': None}], 'wire': {'work': {'sent': 0, 'received': 0, 'blocked_writes': 0, 'peek': 0, 'combined': 0, 'last_frame': None}, 'sample': {'sent': 0, 'received': 0, 'blocked_writes': 0, 'peek': 0, 'combined': 0, 'last_frame': None}}, 'secondary': []}

======================================================================
ERROR: test_l31_live_worker_bracket_and_foreign (test_vipe_benchmark_supervisor.HelperSessionTests.test_l31_live_worker_bracket_and_foreign)
----------------------------------------------------------------------
Traceback (most recent call last):
  File "/home/auss/git_repos/samaust/Experiments_4DGS/tests/test_vipe_benchmark_supervisor.py", line 1597, in test_l31_live_worker_bracket_and_foreign
    with self.scenario('L31') as session:
         ~~~~~~~~~~~~~^^^^^^^
  File "/usr/lib/python3.14/contextlib.py", line 141, in __enter__
    return next(self.gen)
  File "/home/auss/git_repos/samaust/Experiments_4DGS/tests/test_vipe_benchmark_supervisor.py", line 1153, in owned
    session(mode,instance=current,**bounds)
    ~~~~~~~^^^^^^^^^^^^^^^^^^^^^^^^^^^^^^^^
  File "/home/auss/git_repos/samaust/Experiments_4DGS/tests/test_vipe_benchmark_s1_helper_fixtures.py", line 69, in session
    instance.__init__(owner_factory=Selected, **kwargs)
    ~~~~~~~~~~~~~~~~~^^^^^^^^^^^^^^^^^^^^^^^^^^^^^^^^^^
  File "/home/auss/git_repos/samaust/Experiments_4DGS/scripts/vipe_benchmark/s1_helper_session.py", line 2140, in __init__
    self.job_thread=reserve_job_root('H','Session owner thread',allow_descendant=False) if os.environ.get('S1_JOB_LEDGER') else None
                    ~~~~~~~~~~~~~~~~^^^^^^^^^^^^^^^^^^^^^^^^^^^^^^^^^^^^^^^^^^^^^^^^^^^
  File "/home/auss/git_repos/samaust/Experiments_4DGS/scripts/vipe_benchmark/s1_helper_session.py", line 1046, in reserve_job_root
    append_job_event('root-reserved',dict(token=token,role=role,label=label,creator=creator),guard=guard)
    ~~~~~~~~~~~~~~~~^^^^^^^^^^^^^^^^^^^^^^^^^^^^^^^^^^^^^^^^^^^^^^^^^^^^^^^^^^^^^^^^^^^^^^^^^^^^^^^^^^^^^
  File "/home/auss/git_repos/samaust/Experiments_4DGS/scripts/vipe_benchmark/s1_helper_session.py", line 720, in append_job_event
    replacement=guard(state)
  File "/home/auss/git_repos/samaust/Experiments_4DGS/scripts/vipe_benchmark/s1_helper_session.py", line 1042, in guard
    raise ValueError('job root capacity')
ValueError: job root capacity
timing_or_cleanup_check_0: AssertionError: False is not true : {'scenario': 'L31', 'mode': 'normal', 'constructor_entry': 19984.702216883, 'action_cutoff': 19986.702216883, 'safety_cutoff': 19987.702216883, 'action_end': 19984.710212217, 'end': 19984.710216205, 'execution_seconds': 0.007995333999133436, 'cleanup_seconds': 3.987999662058428e-06, 'cleanup_confirmed': False, 'records': {'work': {'role': 'work', 'state': 'pending', 'pid': None}, 'sample': {'role': 'sample', 'state': 'pending', 'pid': None}}, 'errors': [], 'signals': [], 'ticks': [19984.702233521], 'events': [], 'trace_facts': {'capacity': 256, 'total': 0, 'dropped': 0, 'saturated': False, 'first': None, 'last': None}, 'tick_facts': {'capacity': 128, 'total': 1, 'dropped': 0, 'saturated': False, 'first': 19984.702237023, 'last': 19984.702237023}, 'owner_error_facts': {'capacity': 32, 'total': 0, 'dropped': 0, 'saturated': False, 'first': None, 'last': None}, 'owner_signal_facts': {'capacity': 128, 'total': 0, 'dropped': 0, 'saturated': False, 'first': None, 'last': None}, 'request_counts': {'work': {'dispatch': 0, 'response': 0}, 'sample': {'dispatch': 0, 'response': 0}}, 'census_request_count': 0, 'max_gap': 0.0, 'max_turn': 0.0, 'call_observations': [], 'call_observation_facts': {'capacity': 128, 'total': 0, 'dropped': 0, 'saturated': False, 'first': None, 'last': None}, 'timing_failures': [], 'last_sample': None, 'requests': {'work': None, 'sample': None}, 'ownership': [{'state': 'launch_unknown', 'ownership_unknown': True, 'pid': None}], 'wire': {'work': {'sent': 0, 'received': 0, 'blocked_writes': 0, 'peek': 0, 'combined': 0, 'last_frame': None}, 'sample': {'sent': 0, 'received': 0, 'blocked_writes': 0, 'peek': 0, 'combined': 0, 'last_frame': None}}, 'secondary': []}

======================================================================
ERROR: test_l32_unreaped_worker_pin (test_vipe_benchmark_supervisor.HelperSessionTests.test_l32_unreaped_worker_pin)
----------------------------------------------------------------------
Traceback (most recent call last):
  File "/home/auss/git_repos/samaust/Experiments_4DGS/tests/test_vipe_benchmark_supervisor.py", line 1612, in test_l32_unreaped_worker_pin
    with self.scenario('L32') as session:
         ~~~~~~~~~~~~~^^^^^^^
  File "/usr/lib/python3.14/contextlib.py", line 141, in __enter__
    return next(self.gen)
  File "/home/auss/git_repos/samaust/Experiments_4DGS/tests/test_vipe_benchmark_supervisor.py", line 1153, in owned
    session(mode,instance=current,**bounds)
    ~~~~~~~^^^^^^^^^^^^^^^^^^^^^^^^^^^^^^^^
  File "/home/auss/git_repos/samaust/Experiments_4DGS/tests/test_vipe_benchmark_s1_helper_fixtures.py", line 69, in session
    instance.__init__(owner_factory=Selected, **kwargs)
    ~~~~~~~~~~~~~~~~~^^^^^^^^^^^^^^^^^^^^^^^^^^^^^^^^^^
  File "/home/auss/git_repos/samaust/Experiments_4DGS/scripts/vipe_benchmark/s1_helper_session.py", line 2140, in __init__
    self.job_thread=reserve_job_root('H','Session owner thread',allow_descendant=False) if os.environ.get('S1_JOB_LEDGER') else None
                    ~~~~~~~~~~~~~~~~^^^^^^^^^^^^^^^^^^^^^^^^^^^^^^^^^^^^^^^^^^^^^^^^^^^
  File "/home/auss/git_repos/samaust/Experiments_4DGS/scripts/vipe_benchmark/s1_helper_session.py", line 1046, in reserve_job_root
    append_job_event('root-reserved',dict(token=token,role=role,label=label,creator=creator),guard=guard)
    ~~~~~~~~~~~~~~~~^^^^^^^^^^^^^^^^^^^^^^^^^^^^^^^^^^^^^^^^^^^^^^^^^^^^^^^^^^^^^^^^^^^^^^^^^^^^^^^^^^^^^
  File "/home/auss/git_repos/samaust/Experiments_4DGS/scripts/vipe_benchmark/s1_helper_session.py", line 720, in append_job_event
    replacement=guard(state)
  File "/home/auss/git_repos/samaust/Experiments_4DGS/scripts/vipe_benchmark/s1_helper_session.py", line 1042, in guard
    raise ValueError('job root capacity')
ValueError: job root capacity
timing_or_cleanup_check_0: AssertionError: False is not true : {'scenario': 'L32', 'mode': 'normal', 'constructor_entry': 19984.712968168, 'action_cutoff': 19986.712968168, 'safety_cutoff': 19987.712968168, 'action_end': 19984.716727578, 'end': 19984.716731714, 'execution_seconds': 0.003759409999474883, 'cleanup_seconds': 4.135999915888533e-06, 'cleanup_confirmed': False, 'records': {'work': {'role': 'work', 'state': 'pending', 'pid': None}, 'sample': {'role': 'sample', 'state': 'pending', 'pid': None}}, 'errors': [], 'signals': [], 'ticks': [19984.712984928], 'events': [], 'trace_facts': {'capacity': 256, 'total': 0, 'dropped': 0, 'saturated': False, 'first': None, 'last': None}, 'tick_facts': {'capacity': 128, 'total': 1, 'dropped': 0, 'saturated': False, 'first': 19984.712988701, 'last': 19984.712988701}, 'owner_error_facts': {'capacity': 32, 'total': 0, 'dropped': 0, 'saturated': False, 'first': None, 'last': None}, 'owner_signal_facts': {'capacity': 128, 'total': 0, 'dropped': 0, 'saturated': False, 'first': None, 'last': None}, 'request_counts': {'work': {'dispatch': 0, 'response': 0}, 'sample': {'dispatch': 0, 'response': 0}}, 'census_request_count': 0, 'max_gap': 0.0, 'max_turn': 0.0, 'call_observations': [], 'call_observation_facts': {'capacity': 128, 'total': 0, 'dropped': 0, 'saturated': False, 'first': None, 'last': None}, 'timing_failures': [], 'last_sample': None, 'requests': {'work': None, 'sample': None}, 'ownership': [{'state': 'launch_unknown', 'ownership_unknown': True, 'pid': None}], 'wire': {'work': {'sent': 0, 'received': 0, 'blocked_writes': 0, 'peek': 0, 'combined': 0, 'last_frame': None}, 'sample': {'sent': 0, 'received': 0, 'blocked_writes': 0, 'peek': 0, 'combined': 0, 'last_frame': None}}, 'secondary': []}

======================================================================
ERROR: test_l33_blocked_census_refuses_stale (test_vipe_benchmark_supervisor.HelperSessionTests.test_l33_blocked_census_refuses_stale)
----------------------------------------------------------------------
Traceback (most recent call last):
  File "/home/auss/git_repos/samaust/Experiments_4DGS/tests/test_vipe_benchmark_supervisor.py", line 1625, in test_l33_blocked_census_refuses_stale
    with self.scenario('L33','census_block') as session:
         ~~~~~~~~~~~~~^^^^^^^^^^^^^^^^^^^^^^
  File "/usr/lib/python3.14/contextlib.py", line 141, in __enter__
    return next(self.gen)
  File "/home/auss/git_repos/samaust/Experiments_4DGS/tests/test_vipe_benchmark_supervisor.py", line 1153, in owned
    session(mode,instance=current,**bounds)
    ~~~~~~~^^^^^^^^^^^^^^^^^^^^^^^^^^^^^^^^
  File "/home/auss/git_repos/samaust/Experiments_4DGS/tests/test_vipe_benchmark_s1_helper_fixtures.py", line 69, in session
    instance.__init__(owner_factory=Selected, **kwargs)
    ~~~~~~~~~~~~~~~~~^^^^^^^^^^^^^^^^^^^^^^^^^^^^^^^^^^
  File "/home/auss/git_repos/samaust/Experiments_4DGS/scripts/vipe_benchmark/s1_helper_session.py", line 2140, in __init__
    self.job_thread=reserve_job_root('H','Session owner thread',allow_descendant=False) if os.environ.get('S1_JOB_LEDGER') else None
                    ~~~~~~~~~~~~~~~~^^^^^^^^^^^^^^^^^^^^^^^^^^^^^^^^^^^^^^^^^^^^^^^^^^^
  File "/home/auss/git_repos/samaust/Experiments_4DGS/scripts/vipe_benchmark/s1_helper_session.py", line 1046, in reserve_job_root
    append_job_event('root-reserved',dict(token=token,role=role,label=label,creator=creator),guard=guard)
    ~~~~~~~~~~~~~~~~^^^^^^^^^^^^^^^^^^^^^^^^^^^^^^^^^^^^^^^^^^^^^^^^^^^^^^^^^^^^^^^^^^^^^^^^^^^^^^^^^^^^^
  File "/home/auss/git_repos/samaust/Experiments_4DGS/scripts/vipe_benchmark/s1_helper_session.py", line 720, in append_job_event
    replacement=guard(state)
  File "/home/auss/git_repos/samaust/Experiments_4DGS/scripts/vipe_benchmark/s1_helper_session.py", line 1042, in guard
    raise ValueError('job root capacity')
ValueError: job root capacity
timing_or_cleanup_check_0: AssertionError: False is not true : {'scenario': 'L33', 'mode': 'census_block', 'constructor_entry': 19984.717521453, 'action_cutoff': 19986.717521453, 'safety_cutoff': 19987.717521453, 'action_end': 19984.719315509, 'end': 19984.719319556, 'execution_seconds': 0.0017940559991984628, 'cleanup_seconds': 4.047000402351841e-06, 'cleanup_confirmed': False, 'records': {'work': {'role': 'work', 'state': 'pending', 'pid': None}, 'sample': {'role': 'sample', 'state': 'pending', 'pid': None}}, 'errors': [], 'signals': [], 'ticks': [19984.717538661], 'events': [], 'trace_facts': {'capacity': 256, 'total': 0, 'dropped': 0, 'saturated': False, 'first': None, 'last': None}, 'tick_facts': {'capacity': 128, 'total': 1, 'dropped': 0, 'saturated': False, 'first': 19984.717542353, 'last': 19984.717542353}, 'owner_error_facts': {'capacity': 32, 'total': 0, 'dropped': 0, 'saturated': False, 'first': None, 'last': None}, 'owner_signal_facts': {'capacity': 128, 'total': 0, 'dropped': 0, 'saturated': False, 'first': None, 'last': None}, 'request_counts': {'work': {'dispatch': 0, 'response': 0}, 'sample': {'dispatch': 0, 'response': 0}}, 'census_request_count': 0, 'max_gap': 0.0, 'max_turn': 0.0, 'call_observations': [], 'call_observation_facts': {'capacity': 128, 'total': 0, 'dropped': 0, 'saturated': False, 'first': None, 'last': None}, 'timing_failures': [], 'last_sample': None, 'requests': {'work': None, 'sample': None}, 'ownership': [{'state': 'launch_unknown', 'ownership_unknown': True, 'pid': None}], 'wire': {'work': {'sent': 0, 'received': 0, 'blocked_writes': 0, 'peek': 0, 'combined': 0, 'last_frame': None}, 'sample': {'sent': 0, 'received': 0, 'blocked_writes': 0, 'peek': 0, 'combined': 0, 'last_frame': None}}, 'secondary': []}

======================================================================
ERROR: test_l34_enumeration_error_empty_sample (test_vipe_benchmark_supervisor.HelperSessionTests.test_l34_enumeration_error_empty_sample)
----------------------------------------------------------------------
Traceback (most recent call last):
  File "/home/auss/git_repos/samaust/Experiments_4DGS/tests/test_vipe_benchmark_supervisor.py", line 1646, in test_l34_enumeration_error_empty_sample
    with self.scenario('L34','census_error') as session:
         ~~~~~~~~~~~~~^^^^^^^^^^^^^^^^^^^^^^
  File "/usr/lib/python3.14/contextlib.py", line 141, in __enter__
    return next(self.gen)
  File "/home/auss/git_repos/samaust/Experiments_4DGS/tests/test_vipe_benchmark_supervisor.py", line 1153, in owned
    session(mode,instance=current,**bounds)
    ~~~~~~~^^^^^^^^^^^^^^^^^^^^^^^^^^^^^^^^
  File "/home/auss/git_repos/samaust/Experiments_4DGS/tests/test_vipe_benchmark_s1_helper_fixtures.py", line 69, in session
    instance.__init__(owner_factory=Selected, **kwargs)
    ~~~~~~~~~~~~~~~~~^^^^^^^^^^^^^^^^^^^^^^^^^^^^^^^^^^
  File "/home/auss/git_repos/samaust/Experiments_4DGS/scripts/vipe_benchmark/s1_helper_session.py", line 2140, in __init__
    self.job_thread=reserve_job_root('H','Session owner thread',allow_descendant=False) if os.environ.get('S1_JOB_LEDGER') else None
                    ~~~~~~~~~~~~~~~~^^^^^^^^^^^^^^^^^^^^^^^^^^^^^^^^^^^^^^^^^^^^^^^^^^^
  File "/home/auss/git_repos/samaust/Experiments_4DGS/scripts/vipe_benchmark/s1_helper_session.py", line 1046, in reserve_job_root
    append_job_event('root-reserved',dict(token=token,role=role,label=label,creator=creator),guard=guard)
    ~~~~~~~~~~~~~~~~^^^^^^^^^^^^^^^^^^^^^^^^^^^^^^^^^^^^^^^^^^^^^^^^^^^^^^^^^^^^^^^^^^^^^^^^^^^^^^^^^^^^^
  File "/home/auss/git_repos/samaust/Experiments_4DGS/scripts/vipe_benchmark/s1_helper_session.py", line 720, in append_job_event
    replacement=guard(state)
  File "/home/auss/git_repos/samaust/Experiments_4DGS/scripts/vipe_benchmark/s1_helper_session.py", line 1042, in guard
    raise ValueError('job root capacity')
ValueError: job root capacity
timing_or_cleanup_check_0: AssertionError: False is not true : {'scenario': 'L34', 'mode': 'census_error', 'constructor_entry': 19984.720131679, 'action_cutoff': 19986.720131679, 'safety_cutoff': 19987.720131679, 'action_end': 19984.721989325, 'end': 19984.721993274, 'execution_seconds': 0.0018576459988253191, 'cleanup_seconds': 3.949000529246405e-06, 'cleanup_confirmed': False, 'records': {'work': {'role': 'work', 'state': 'pending', 'pid': None}, 'sample': {'role': 'sample', 'state': 'pending', 'pid': None}}, 'errors': [], 'signals': [], 'ticks': [19984.720148095], 'events': [], 'trace_facts': {'capacity': 256, 'total': 0, 'dropped': 0, 'saturated': False, 'first': None, 'last': None}, 'tick_facts': {'capacity': 128, 'total': 1, 'dropped': 0, 'saturated': False, 'first': 19984.720151841, 'last': 19984.720151841}, 'owner_error_facts': {'capacity': 32, 'total': 0, 'dropped': 0, 'saturated': False, 'first': None, 'last': None}, 'owner_signal_facts': {'capacity': 128, 'total': 0, 'dropped': 0, 'saturated': False, 'first': None, 'last': None}, 'request_counts': {'work': {'dispatch': 0, 'response': 0}, 'sample': {'dispatch': 0, 'response': 0}}, 'census_request_count': 0, 'max_gap': 0.0, 'max_turn': 0.0, 'call_observations': [], 'call_observation_facts': {'capacity': 128, 'total': 0, 'dropped': 0, 'saturated': False, 'first': None, 'last': None}, 'timing_failures': [], 'last_sample': None, 'requests': {'work': None, 'sample': None}, 'ownership': [{'state': 'launch_unknown', 'ownership_unknown': True, 'pid': None}], 'wire': {'work': {'sent': 0, 'received': 0, 'blocked_writes': 0, 'peek': 0, 'combined': 0, 'last_frame': None}, 'sample': {'sent': 0, 'received': 0, 'blocked_writes': 0, 'peek': 0, 'combined': 0, 'last_frame': None}}, 'secondary': []}

======================================================================
ERROR: test_l35_exited_leader_live_descendant (test_vipe_benchmark_supervisor.HelperSessionTests.test_l35_exited_leader_live_descendant)
----------------------------------------------------------------------
Traceback (most recent call last):
  File "/home/auss/git_repos/samaust/Experiments_4DGS/tests/test_vipe_benchmark_supervisor.py", line 1657, in test_l35_exited_leader_live_descendant
    with self.scenario('L35') as session, tempfile.TemporaryDirectory() as temp:
         ~~~~~~~~~~~~~^^^^^^^
  File "/usr/lib/python3.14/contextlib.py", line 141, in __enter__
    return next(self.gen)
  File "/home/auss/git_repos/samaust/Experiments_4DGS/tests/test_vipe_benchmark_supervisor.py", line 1153, in owned
    session(mode,instance=current,**bounds)
    ~~~~~~~^^^^^^^^^^^^^^^^^^^^^^^^^^^^^^^^
  File "/home/auss/git_repos/samaust/Experiments_4DGS/tests/test_vipe_benchmark_s1_helper_fixtures.py", line 69, in session
    instance.__init__(owner_factory=Selected, **kwargs)
    ~~~~~~~~~~~~~~~~~^^^^^^^^^^^^^^^^^^^^^^^^^^^^^^^^^^
  File "/home/auss/git_repos/samaust/Experiments_4DGS/scripts/vipe_benchmark/s1_helper_session.py", line 2140, in __init__
    self.job_thread=reserve_job_root('H','Session owner thread',allow_descendant=False) if os.environ.get('S1_JOB_LEDGER') else None
                    ~~~~~~~~~~~~~~~~^^^^^^^^^^^^^^^^^^^^^^^^^^^^^^^^^^^^^^^^^^^^^^^^^^^
  File "/home/auss/git_repos/samaust/Experiments_4DGS/scripts/vipe_benchmark/s1_helper_session.py", line 1046, in reserve_job_root
    append_job_event('root-reserved',dict(token=token,role=role,label=label,creator=creator),guard=guard)
    ~~~~~~~~~~~~~~~~^^^^^^^^^^^^^^^^^^^^^^^^^^^^^^^^^^^^^^^^^^^^^^^^^^^^^^^^^^^^^^^^^^^^^^^^^^^^^^^^^^^^^
  File "/home/auss/git_repos/samaust/Experiments_4DGS/scripts/vipe_benchmark/s1_helper_session.py", line 720, in append_job_event
    replacement=guard(state)
  File "/home/auss/git_repos/samaust/Experiments_4DGS/scripts/vipe_benchmark/s1_helper_session.py", line 1042, in guard
    raise ValueError('job root capacity')
ValueError: job root capacity
timing_or_cleanup_check_0: AssertionError: False is not true : {'scenario': 'L35', 'mode': 'normal', 'constructor_entry': 19984.722895269, 'action_cutoff': 19986.722895269, 'safety_cutoff': 19987.722895269, 'action_end': 19984.724868722, 'end': 19984.724872496, 'execution_seconds': 0.0019734530033019837, 'cleanup_seconds': 3.773999196710065e-06, 'cleanup_confirmed': False, 'records': {'work': {'role': 'work', 'state': 'pending', 'pid': None}, 'sample': {'role': 'sample', 'state': 'pending', 'pid': None}}, 'errors': [], 'signals': [], 'ticks': [19984.722911677], 'events': [], 'trace_facts': {'capacity': 256, 'total': 0, 'dropped': 0, 'saturated': False, 'first': None, 'last': None}, 'tick_facts': {'capacity': 128, 'total': 1, 'dropped': 0, 'saturated': False, 'first': 19984.722915087, 'last': 19984.722915087}, 'owner_error_facts': {'capacity': 32, 'total': 0, 'dropped': 0, 'saturated': False, 'first': None, 'last': None}, 'owner_signal_facts': {'capacity': 128, 'total': 0, 'dropped': 0, 'saturated': False, 'first': None, 'last': None}, 'request_counts': {'work': {'dispatch': 0, 'response': 0}, 'sample': {'dispatch': 0, 'response': 0}}, 'census_request_count': 0, 'max_gap': 0.0, 'max_turn': 0.0, 'call_observations': [], 'call_observation_facts': {'capacity': 128, 'total': 0, 'dropped': 0, 'saturated': False, 'first': None, 'last': None}, 'timing_failures': [], 'last_sample': None, 'requests': {'work': None, 'sample': None}, 'ownership': [{'state': 'launch_unknown', 'ownership_unknown': True, 'pid': None}], 'wire': {'work': {'sent': 0, 'received': 0, 'blocked_writes': 0, 'peek': 0, 'combined': 0, 'last_frame': None}, 'sample': {'sent': 0, 'received': 0, 'blocked_writes': 0, 'peek': 0, 'combined': 0, 'last_frame': None}}, 'secondary': []}

======================================================================
ERROR: test_l36_ambiguous_native_start_retained (test_vipe_benchmark_supervisor.HelperSessionTests.test_l36_ambiguous_native_start_retained)
----------------------------------------------------------------------
Traceback (most recent call last):
  File "/home/auss/git_repos/samaust/Experiments_4DGS/tests/test_vipe_benchmark_supervisor.py", line 1710, in test_l36_ambiguous_native_start_retained
    session.__init__(ready_seconds=.05,setup_seconds=.1,total_seconds=.2)
    ~~~~~~~~~~~~~~~~^^^^^^^^^^^^^^^^^^^^^^^^^^^^^^^^^^^^^^^^^^^^^^^^^^^^^
  File "/home/auss/git_repos/samaust/Experiments_4DGS/scripts/vipe_benchmark/s1_helper_session.py", line 2140, in __init__
    self.job_thread=reserve_job_root('H','Session owner thread',allow_descendant=False) if os.environ.get('S1_JOB_LEDGER') else None
                    ~~~~~~~~~~~~~~~~^^^^^^^^^^^^^^^^^^^^^^^^^^^^^^^^^^^^^^^^^^^^^^^^^^^
  File "/home/auss/git_repos/samaust/Experiments_4DGS/scripts/vipe_benchmark/s1_helper_session.py", line 1046, in reserve_job_root
    append_job_event('root-reserved',dict(token=token,role=role,label=label,creator=creator),guard=guard)
    ~~~~~~~~~~~~~~~~^^^^^^^^^^^^^^^^^^^^^^^^^^^^^^^^^^^^^^^^^^^^^^^^^^^^^^^^^^^^^^^^^^^^^^^^^^^^^^^^^^^^^
  File "/home/auss/git_repos/samaust/Experiments_4DGS/scripts/vipe_benchmark/s1_helper_session.py", line 720, in append_job_event
    replacement=guard(state)
  File "/home/auss/git_repos/samaust/Experiments_4DGS/scripts/vipe_benchmark/s1_helper_session.py", line 1042, in guard
    raise ValueError('job root capacity')
ValueError: job root capacity
L36 secondary: {'operation': 'original_cleanup_assertions', 'error_class': 'AssertionError', 'message': 'False is not true'}

======================================================================
ERROR: test_progress_p01_worker_deadline (test_vipe_benchmark_supervisor.HelperSessionTests.test_progress_p01_worker_deadline)
----------------------------------------------------------------------
Traceback (most recent call last):
  File "/home/auss/git_repos/samaust/Experiments_4DGS/tests/test_vipe_benchmark_supervisor.py", line 2012, in test_progress_p01_worker_deadline
    def test_progress_p01_worker_deadline(self):self.progress_scenario('P01','progress_worker',supervised=True)
                                                ~~~~~~~~~~~~~~~~~~~~~~^^^^^^^^^^^^^^^^^^^^^^^^^^^^^^^^^^^^^^^^^
  File "/home/auss/git_repos/samaust/Experiments_4DGS/tests/test_vipe_benchmark_supervisor.py", line 1764, in progress_scenario
    with self.scenario(label,mode) as session, tempfile.TemporaryDirectory() as temp:
         ~~~~~~~~~~~~~^^^^^^^^^^^^
  File "/usr/lib/python3.14/contextlib.py", line 141, in __enter__
    return next(self.gen)
  File "/home/auss/git_repos/samaust/Experiments_4DGS/tests/test_vipe_benchmark_supervisor.py", line 1153, in owned
    session(mode,instance=current,**bounds)
    ~~~~~~~^^^^^^^^^^^^^^^^^^^^^^^^^^^^^^^^
  File "/home/auss/git_repos/samaust/Experiments_4DGS/tests/test_vipe_benchmark_s1_helper_fixtures.py", line 69, in session
    instance.__init__(owner_factory=Selected, **kwargs)
    ~~~~~~~~~~~~~~~~~^^^^^^^^^^^^^^^^^^^^^^^^^^^^^^^^^^
  File "/home/auss/git_repos/samaust/Experiments_4DGS/scripts/vipe_benchmark/s1_helper_session.py", line 2140, in __init__
    self.job_thread=reserve_job_root('H','Session owner thread',allow_descendant=False) if os.environ.get('S1_JOB_LEDGER') else None
                    ~~~~~~~~~~~~~~~~^^^^^^^^^^^^^^^^^^^^^^^^^^^^^^^^^^^^^^^^^^^^^^^^^^^
  File "/home/auss/git_repos/samaust/Experiments_4DGS/scripts/vipe_benchmark/s1_helper_session.py", line 1046, in reserve_job_root
    append_job_event('root-reserved',dict(token=token,role=role,label=label,creator=creator),guard=guard)
    ~~~~~~~~~~~~~~~~^^^^^^^^^^^^^^^^^^^^^^^^^^^^^^^^^^^^^^^^^^^^^^^^^^^^^^^^^^^^^^^^^^^^^^^^^^^^^^^^^^^^^
  File "/home/auss/git_repos/samaust/Experiments_4DGS/scripts/vipe_benchmark/s1_helper_session.py", line 720, in append_job_event
    replacement=guard(state)
  File "/home/auss/git_repos/samaust/Experiments_4DGS/scripts/vipe_benchmark/s1_helper_session.py", line 1042, in guard
    raise ValueError('job root capacity')
ValueError: job root capacity
timing_or_cleanup_check_0: AssertionError: False is not true : {'scenario': 'P01', 'mode': 'progress_worker', 'constructor_entry': 19985.110428442, 'action_cutoff': 19987.110428442, 'safety_cutoff': 19988.110428442, 'progress_final_outcome': {'event': 'progress_final_outcome', 'label': 'P01', 'phase': 'startup_or_fixture_preparation', 'primary': {'error_class': 'ValueError', 'message': 'job root capacity'}, 'secondary': [], 'reference': None, 'cleanup_confirmed': False, 'observed': 19985.112833098, 'causal_status': 'actual startup failure; no inferred EPERM cause'}, 'action_end': 19985.112827949, 'end': 19985.112833098, 'execution_seconds': 0.002399507000518497, 'cleanup_seconds': 5.1489987527020276e-06, 'cleanup_confirmed': False, 'records': {'work': {'role': 'work', 'state': 'pending', 'pid': None}, 'sample': {'role': 'sample', 'state': 'pending', 'pid': None}}, 'errors': [], 'signals': [], 'ticks': [19985.110450747], 'events': [{'event': 'progress_final_outcome', 'label': 'P01', 'phase': 'startup_or_fixture_preparation', 'primary': {'error_class': 'ValueError', 'message': 'job root capacity'}, 'secondary': [], 'reference': None, 'cleanup_confirmed': False, 'observed': 19985.112833098, 'causal_status': 'actual startup failure; no inferred EPERM cause'}], 'trace_facts': {'capacity': 256, 'total': 1, 'dropped': 0, 'saturated': False, 'first': 19985.112839652, 'last': 19985.112839652}, 'tick_facts': {'capacity': 128, 'total': 1, 'dropped': 0, 'saturated': False, 'first': 19985.110456031, 'last': 19985.110456031}, 'owner_error_facts': {'capacity': 32, 'total': 0, 'dropped': 0, 'saturated': False, 'first': None, 'last': None}, 'owner_signal_facts': {'capacity': 128, 'total': 0, 'dropped': 0, 'saturated': False, 'first': None, 'last': None}, 'request_counts': {'work': {'dispatch': 0, 'response': 0}, 'sample': {'dispatch': 0, 'response': 0}}, 'census_request_count': 0, 'max_gap': 0.0, 'max_turn': 0.0, 'call_observations': [], 'call_observation_facts': {'capacity': 128, 'total': 0, 'dropped': 0, 'saturated': False, 'first': None, 'last': None}, 'timing_failures

======================================================================
ERROR: test_progress_p02_reconcile_interruption (test_vipe_benchmark_supervisor.HelperSessionTests.test_progress_p02_reconcile_interruption)
----------------------------------------------------------------------
Traceback (most recent call last):
  File "/home/auss/git_repos/samaust/Experiments_4DGS/tests/test_vipe_benchmark_supervisor.py", line 2013, in test_progress_p02_reconcile_interruption
    def test_progress_p02_reconcile_interruption(self):self.progress_scenario('P02','progress_block')
                                                       ~~~~~~~~~~~~~~~~~~~~~~^^^^^^^^^^^^^^^^^^^^^^^^
  File "/home/auss/git_repos/samaust/Experiments_4DGS/tests/test_vipe_benchmark_supervisor.py", line 1764, in progress_scenario
    with self.scenario(label,mode) as session, tempfile.TemporaryDirectory() as temp:
         ~~~~~~~~~~~~~^^^^^^^^^^^^
  File "/usr/lib/python3.14/contextlib.py", line 141, in __enter__
    return next(self.gen)
  File "/home/auss/git_repos/samaust/Experiments_4DGS/tests/test_vipe_benchmark_supervisor.py", line 1153, in owned
    session(mode,instance=current,**bounds)
    ~~~~~~~^^^^^^^^^^^^^^^^^^^^^^^^^^^^^^^^
  File "/home/auss/git_repos/samaust/Experiments_4DGS/tests/test_vipe_benchmark_s1_helper_fixtures.py", line 69, in session
    instance.__init__(owner_factory=Selected, **kwargs)
    ~~~~~~~~~~~~~~~~~^^^^^^^^^^^^^^^^^^^^^^^^^^^^^^^^^^
  File "/home/auss/git_repos/samaust/Experiments_4DGS/scripts/vipe_benchmark/s1_helper_session.py", line 2140, in __init__
    self.job_thread=reserve_job_root('H','Session owner thread',allow_descendant=False) if os.environ.get('S1_JOB_LEDGER') else None
                    ~~~~~~~~~~~~~~~~^^^^^^^^^^^^^^^^^^^^^^^^^^^^^^^^^^^^^^^^^^^^^^^^^^^
  File "/home/auss/git_repos/samaust/Experiments_4DGS/scripts/vipe_benchmark/s1_helper_session.py", line 1046, in reserve_job_root
    append_job_event('root-reserved',dict(token=token,role=role,label=label,creator=creator),guard=guard)
    ~~~~~~~~~~~~~~~~^^^^^^^^^^^^^^^^^^^^^^^^^^^^^^^^^^^^^^^^^^^^^^^^^^^^^^^^^^^^^^^^^^^^^^^^^^^^^^^^^^^^^
  File "/home/auss/git_repos/samaust/Experiments_4DGS/scripts/vipe_benchmark/s1_helper_session.py", line 720, in append_job_event
    replacement=guard(state)
  File "/home/auss/git_repos/samaust/Experiments_4DGS/scripts/vipe_benchmark/s1_helper_session.py", line 1042, in guard
    raise ValueError('job root capacity')
ValueError: job root capacity
timing_or_cleanup_check_0: AssertionError: False is not true : {'scenario': 'P02', 'mode': 'progress_block', 'constructor_entry': 19985.115630246, 'action_cutoff': 19987.115630246, 'safety_cutoff': 19988.115630246, 'progress_final_outcome': {'event': 'progress_final_outcome', 'label': 'P02', 'phase': 'startup_or_fixture_preparation', 'primary': {'error_class': 'ValueError', 'message': 'job root capacity'}, 'secondary': [], 'reference': None, 'cleanup_confirmed': False, 'observed': 19985.119080059, 'causal_status': 'actual startup failure; no inferred EPERM cause'}, 'action_end': 19985.11907581, 'end': 19985.119080059, 'execution_seconds': 0.003445563997956924, 'cleanup_seconds': 4.249002813594416e-06, 'cleanup_confirmed': False, 'records': {'work': {'role': 'work', 'state': 'pending', 'pid': None}, 'sample': {'role': 'sample', 'state': 'pending', 'pid': None}}, 'errors': [], 'signals': [], 'ticks': [19985.115648249], 'events': [{'event': 'progress_final_outcome', 'label': 'P02', 'phase': 'startup_or_fixture_preparation', 'primary': {'error_class': 'ValueError', 'message': 'job root capacity'}, 'secondary': [], 'reference': None, 'cleanup_confirmed': False, 'observed': 19985.119080059, 'causal_status': 'actual startup failure; no inferred EPERM cause'}], 'trace_facts': {'capacity': 256, 'total': 1, 'dropped': 0, 'saturated': False, 'first': 19985.119086167, 'last': 19985.119086167}, 'tick_facts': {'capacity': 128, 'total': 1, 'dropped': 0, 'saturated': False, 'first': 19985.115652622, 'last': 19985.115652622}, 'owner_error_facts': {'capacity': 32, 'total': 0, 'dropped': 0, 'saturated': False, 'first': None, 'last': None}, 'owner_signal_facts': {'capacity': 128, 'total': 0, 'dropped': 0, 'saturated': False, 'first': None, 'last': None}, 'request_counts': {'work': {'dispatch': 0, 'response': 0}, 'sample': {'dispatch': 0, 'response': 0}}, 'census_request_count': 0, 'max_gap': 0.0, 'max_turn': 0.0, 'call_observations': [], 'call_observation_facts': {'capacity': 128, 'total': 0, 'dropped': 0, 'saturated': False, 'first': None, 'last': None}, 'timing_failures': 

======================================================================
ERROR: test_progress_p03_helper_death (test_vipe_benchmark_supervisor.HelperSessionTests.test_progress_p03_helper_death)
----------------------------------------------------------------------
Traceback (most recent call last):
  File "/home/auss/git_repos/samaust/Experiments_4DGS/tests/test_vipe_benchmark_supervisor.py", line 2014, in test_progress_p03_helper_death
    def test_progress_p03_helper_death(self):self.progress_scenario('P03','progress_death')
                                             ~~~~~~~~~~~~~~~~~~~~~~^^^^^^^^^^^^^^^^^^^^^^^^
  File "/home/auss/git_repos/samaust/Experiments_4DGS/tests/test_vipe_benchmark_supervisor.py", line 1764, in progress_scenario
    with self.scenario(label,mode) as session, tempfile.TemporaryDirectory() as temp:
         ~~~~~~~~~~~~~^^^^^^^^^^^^
  File "/usr/lib/python3.14/contextlib.py", line 141, in __enter__
    return next(self.gen)
  File "/home/auss/git_repos/samaust/Experiments_4DGS/tests/test_vipe_benchmark_supervisor.py", line 1153, in owned
    session(mode,instance=current,**bounds)
    ~~~~~~~^^^^^^^^^^^^^^^^^^^^^^^^^^^^^^^^
  File "/home/auss/git_repos/samaust/Experiments_4DGS/tests/test_vipe_benchmark_s1_helper_fixtures.py", line 69, in session
    instance.__init__(owner_factory=Selected, **kwargs)
    ~~~~~~~~~~~~~~~~~^^^^^^^^^^^^^^^^^^^^^^^^^^^^^^^^^^
  File "/home/auss/git_repos/samaust/Experiments_4DGS/scripts/vipe_benchmark/s1_helper_session.py", line 2140, in __init__
    self.job_thread=reserve_job_root('H','Session owner thread',allow_descendant=False) if os.environ.get('S1_JOB_LEDGER') else None
                    ~~~~~~~~~~~~~~~~^^^^^^^^^^^^^^^^^^^^^^^^^^^^^^^^^^^^^^^^^^^^^^^^^^^
  File "/home/auss/git_repos/samaust/Experiments_4DGS/scripts/vipe_benchmark/s1_helper_session.py", line 1046, in reserve_job_root
    append_job_event('root-reserved',dict(token=token,role=role,label=label,creator=creator),guard=guard)
    ~~~~~~~~~~~~~~~~^^^^^^^^^^^^^^^^^^^^^^^^^^^^^^^^^^^^^^^^^^^^^^^^^^^^^^^^^^^^^^^^^^^^^^^^^^^^^^^^^^^^^
  File "/home/auss/git_repos/samaust/Experiments_4DGS/scripts/vipe_benchmark/s1_helper_session.py", line 720, in append_job_event
    replacement=guard(state)
  File "/home/auss/git_repos/samaust/Experiments_4DGS/scripts/vipe_benchmark/s1_helper_session.py", line 1042, in guard
    raise ValueError('job root capacity')
ValueError: job root capacity
timing_or_cleanup_check_0: AssertionError: False is not true : {'scenario': 'P03', 'mode': 'progress_death', 'constructor_entry': 19985.119986493, 'action_cutoff': 19987.119986493, 'safety_cutoff': 19988.119986493, 'progress_final_outcome': {'event': 'progress_final_outcome', 'label': 'P03', 'phase': 'startup_or_fixture_preparation', 'primary': {'error_class': 'ValueError', 'message': 'job root capacity'}, 'secondary': [], 'reference': None, 'cleanup_confirmed': False, 'observed': 19985.121791012, 'causal_status': 'actual startup failure; no inferred EPERM cause'}, 'action_end': 19985.121786663, 'end': 19985.121791012, 'execution_seconds': 0.0018001700009335764, 'cleanup_seconds': 4.348999937064946e-06, 'cleanup_confirmed': False, 'records': {'work': {'role': 'work', 'state': 'pending', 'pid': None}, 'sample': {'role': 'sample', 'state': 'pending', 'pid': None}}, 'errors': [], 'signals': [], 'ticks': [19985.120018581], 'events': [{'event': 'progress_final_outcome', 'label': 'P03', 'phase': 'startup_or_fixture_preparation', 'primary': {'error_class': 'ValueError', 'message': 'job root capacity'}, 'secondary': [], 'reference': None, 'cleanup_confirmed': False, 'observed': 19985.121791012, 'causal_status': 'actual startup failure; no inferred EPERM cause'}], 'trace_facts': {'capacity': 256, 'total': 1, 'dropped': 0, 'saturated': False, 'first': 19985.121795335, 'last': 19985.121795335}, 'tick_facts': {'capacity': 128, 'total': 1, 'dropped': 0, 'saturated': False, 'first': 19985.120022338, 'last': 19985.120022338}, 'owner_error_facts': {'capacity': 32, 'total': 0, 'dropped': 0, 'saturated': False, 'first': None, 'last': None}, 'owner_signal_facts': {'capacity': 128, 'total': 0, 'dropped': 0, 'saturated': False, 'first': None, 'last': None}, 'request_counts': {'work': {'dispatch': 0, 'response': 0}, 'sample': {'dispatch': 0, 'response': 0}}, 'census_request_count': 0, 'max_gap': 0.0, 'max_turn': 0.0, 'call_observations': [], 'call_observation_facts': {'capacity': 128, 'total': 0, 'dropped': 0, 'saturated': False, 'first': None, 'last': None}, 'timing_failures'

======================================================================
ERROR: test_progress_p04_failed_final_sample (test_vipe_benchmark_supervisor.HelperSessionTests.test_progress_p04_failed_final_sample)
----------------------------------------------------------------------
Traceback (most recent call last):
  File "/home/auss/git_repos/samaust/Experiments_4DGS/tests/test_vipe_benchmark_supervisor.py", line 2015, in test_progress_p04_failed_final_sample
    def test_progress_p04_failed_final_sample(self):self.progress_scenario('P04','progress_final',supervised=True)
                                                    ~~~~~~~~~~~~~~~~~~~~~~^^^^^^^^^^^^^^^^^^^^^^^^^^^^^^^^^^^^^^^^
  File "/home/auss/git_repos/samaust/Experiments_4DGS/tests/test_vipe_benchmark_supervisor.py", line 1764, in progress_scenario
    with self.scenario(label,mode) as session, tempfile.TemporaryDirectory() as temp:
         ~~~~~~~~~~~~~^^^^^^^^^^^^
  File "/usr/lib/python3.14/contextlib.py", line 141, in __enter__
    return next(self.gen)
  File "/home/auss/git_repos/samaust/Experiments_4DGS/tests/test_vipe_benchmark_supervisor.py", line 1153, in owned
    session(mode,instance=current,**bounds)
    ~~~~~~~^^^^^^^^^^^^^^^^^^^^^^^^^^^^^^^^
  File "/home/auss/git_repos/samaust/Experiments_4DGS/tests/test_vipe_benchmark_s1_helper_fixtures.py", line 69, in session
    instance.__init__(owner_factory=Selected, **kwargs)
    ~~~~~~~~~~~~~~~~~^^^^^^^^^^^^^^^^^^^^^^^^^^^^^^^^^^
  File "/home/auss/git_repos/samaust/Experiments_4DGS/scripts/vipe_benchmark/s1_helper_session.py", line 2140, in __init__
    self.job_thread=reserve_job_root('H','Session owner thread',allow_descendant=False) if os.environ.get('S1_JOB_LEDGER') else None
                    ~~~~~~~~~~~~~~~~^^^^^^^^^^^^^^^^^^^^^^^^^^^^^^^^^^^^^^^^^^^^^^^^^^^
  File "/home/auss/git_repos/samaust/Experiments_4DGS/scripts/vipe_benchmark/s1_helper_session.py", line 1046, in reserve_job_root
    append_job_event('root-reserved',dict(token=token,role=role,label=label,creator=creator),guard=guard)
    ~~~~~~~~~~~~~~~~^^^^^^^^^^^^^^^^^^^^^^^^^^^^^^^^^^^^^^^^^^^^^^^^^^^^^^^^^^^^^^^^^^^^^^^^^^^^^^^^^^^^^
  File "/home/auss/git_repos/samaust/Experiments_4DGS/scripts/vipe_benchmark/s1_helper_session.py", line 720, in append_job_event
    replacement=guard(state)
  File "/home/auss/git_repos/samaust/Experiments_4DGS/scripts/vipe_benchmark/s1_helper_session.py", line 1042, in guard
    raise ValueError('job root capacity')
ValueError: job root capacity
timing_or_cleanup_check_0: AssertionError: False is not true : {'scenario': 'P04', 'mode': 'progress_final', 'constructor_entry': 19985.122708604, 'action_cutoff': 19987.122708604, 'safety_cutoff': 19988.122708604, 'progress_final_outcome': {'event': 'progress_final_outcome', 'label': 'P04', 'phase': 'startup_or_fixture_preparation', 'primary': {'error_class': 'ValueError', 'message': 'job root capacity'}, 'secondary': [], 'reference': None, 'cleanup_confirmed': False, 'observed': 19985.124564618, 'causal_status': 'actual startup failure; no inferred EPERM cause'}, 'action_end': 19985.124560831, 'end': 19985.124564618, 'execution_seconds': 0.0018522269965615124, 'cleanup_seconds': 3.787001332966611e-06, 'cleanup_confirmed': False, 'records': {'work': {'role': 'work', 'state': 'pending', 'pid': None}, 'sample': {'role': 'sample', 'state': 'pending', 'pid': None}}, 'errors': [], 'signals': [], 'ticks': [19985.122725457], 'events': [{'event': 'progress_final_outcome', 'label': 'P04', 'phase': 'startup_or_fixture_preparation', 'primary': {'error_class': 'ValueError', 'message': 'job root capacity'}, 'secondary': [], 'reference': None, 'cleanup_confirmed': False, 'observed': 19985.124564618, 'causal_status': 'actual startup failure; no inferred EPERM cause'}], 'trace_facts': {'capacity': 256, 'total': 1, 'dropped': 0, 'saturated': False, 'first': 19985.124568633, 'last': 19985.124568633}, 'tick_facts': {'capacity': 128, 'total': 1, 'dropped': 0, 'saturated': False, 'first': 19985.122729246, 'last': 19985.122729246}, 'owner_error_facts': {'capacity': 32, 'total': 0, 'dropped': 0, 'saturated': False, 'first': None, 'last': None}, 'owner_signal_facts': {'capacity': 128, 'total': 0, 'dropped': 0, 'saturated': False, 'first': None, 'last': None}, 'request_counts': {'work': {'dispatch': 0, 'response': 0}, 'sample': {'dispatch': 0, 'response': 0}}, 'census_request_count': 0, 'max_gap': 0.0, 'max_turn': 0.0, 'call_observations': [], 'call_observation_facts': {'capacity': 128, 'total': 0, 'dropped': 0, 'saturated': False, 'first': None, 'last': None}, 'timing_failures'

======================================================================
ERROR: test_progress_p05_interrupted_publisher (test_vipe_benchmark_supervisor.HelperSessionTests.test_progress_p05_interrupted_publisher)
----------------------------------------------------------------------
Traceback (most recent call last):
  File "/home/auss/git_repos/samaust/Experiments_4DGS/tests/test_vipe_benchmark_supervisor.py", line 2016, in test_progress_p05_interrupted_publisher
    def test_progress_p05_interrupted_publisher(self):self.progress_scenario('P05','progress_torn')
                                                      ~~~~~~~~~~~~~~~~~~~~~~^^^^^^^^^^^^^^^^^^^^^^^
  File "/home/auss/git_repos/samaust/Experiments_4DGS/tests/test_vipe_benchmark_supervisor.py", line 1764, in progress_scenario
    with self.scenario(label,mode) as session, tempfile.TemporaryDirectory() as temp:
         ~~~~~~~~~~~~~^^^^^^^^^^^^
  File "/usr/lib/python3.14/contextlib.py", line 141, in __enter__
    return next(self.gen)
  File "/home/auss/git_repos/samaust/Experiments_4DGS/tests/test_vipe_benchmark_supervisor.py", line 1153, in owned
    session(mode,instance=current,**bounds)
    ~~~~~~~^^^^^^^^^^^^^^^^^^^^^^^^^^^^^^^^
  File "/home/auss/git_repos/samaust/Experiments_4DGS/tests/test_vipe_benchmark_s1_helper_fixtures.py", line 69, in session
    instance.__init__(owner_factory=Selected, **kwargs)
    ~~~~~~~~~~~~~~~~~^^^^^^^^^^^^^^^^^^^^^^^^^^^^^^^^^^
  File "/home/auss/git_repos/samaust/Experiments_4DGS/scripts/vipe_benchmark/s1_helper_session.py", line 2140, in __init__
    self.job_thread=reserve_job_root('H','Session owner thread',allow_descendant=False) if os.environ.get('S1_JOB_LEDGER') else None
                    ~~~~~~~~~~~~~~~~^^^^^^^^^^^^^^^^^^^^^^^^^^^^^^^^^^^^^^^^^^^^^^^^^^^
  File "/home/auss/git_repos/samaust/Experiments_4DGS/scripts/vipe_benchmark/s1_helper_session.py", line 1046, in reserve_job_root
    append_job_event('root-reserved',dict(token=token,role=role,label=label,creator=creator),guard=guard)
    ~~~~~~~~~~~~~~~~^^^^^^^^^^^^^^^^^^^^^^^^^^^^^^^^^^^^^^^^^^^^^^^^^^^^^^^^^^^^^^^^^^^^^^^^^^^^^^^^^^^^^
  File "/home/auss/git_repos/samaust/Experiments_4DGS/scripts/vipe_benchmark/s1_helper_session.py", line 720, in append_job_event
    replacement=guard(state)
  File "/home/auss/git_repos/samaust/Experiments_4DGS/scripts/vipe_benchmark/s1_helper_session.py", line 1042, in guard
    raise ValueError('job root capacity')
ValueError: job root capacity
timing_or_cleanup_check_0: AssertionError: False is not true : {'scenario': 'P05', 'mode': 'progress_torn', 'constructor_entry': 19985.125665815, 'action_cutoff': 19987.125665815, 'safety_cutoff': 19988.125665815, 'progress_final_outcome': {'event': 'progress_final_outcome', 'label': 'P05', 'phase': 'startup_or_fixture_preparation', 'primary': {'error_class': 'ValueError', 'message': 'job root capacity'}, 'secondary': [], 'reference': None, 'cleanup_confirmed': False, 'observed': 19985.127510874, 'causal_status': 'actual startup failure; no inferred EPERM cause'}, 'action_end': 19985.127507152, 'end': 19985.127510874, 'execution_seconds': 0.0018413369980407879, 'cleanup_seconds': 3.722001565620303e-06, 'cleanup_confirmed': False, 'records': {'work': {'role': 'work', 'state': 'pending', 'pid': None}, 'sample': {'role': 'sample', 'state': 'pending', 'pid': None}}, 'errors': [], 'signals': [], 'ticks': [19985.125682774], 'events': [{'event': 'progress_final_outcome', 'label': 'P05', 'phase': 'startup_or_fixture_preparation', 'primary': {'error_class': 'ValueError', 'message': 'job root capacity'}, 'secondary': [], 'reference': None, 'cleanup_confirmed': False, 'observed': 19985.127510874, 'causal_status': 'actual startup failure; no inferred EPERM cause'}], 'trace_facts': {'capacity': 256, 'total': 1, 'dropped': 0, 'saturated': False, 'first': 19985.127515107, 'last': 19985.127515107}, 'tick_facts': {'capacity': 128, 'total': 1, 'dropped': 0, 'saturated': False, 'first': 19985.125686387, 'last': 19985.125686387}, 'owner_error_facts': {'capacity': 32, 'total': 0, 'dropped': 0, 'saturated': False, 'first': None, 'last': None}, 'owner_signal_facts': {'capacity': 128, 'total': 0, 'dropped': 0, 'saturated': False, 'first': None, 'last': None}, 'request_counts': {'work': {'dispatch': 0, 'response': 0}, 'sample': {'dispatch': 0, 'response': 0}}, 'census_request_count': 0, 'max_gap': 0.0, 'max_turn': 0.0, 'call_observations': [], 'call_observation_facts': {'capacity': 128, 'total': 0, 'dropped': 0, 'saturated': False, 'first': None, 'last': None}, 'timing_failures':

======================================================================
ERROR: test_progress_p06_blocked_owner (test_vipe_benchmark_supervisor.HelperSessionTests.test_progress_p06_blocked_owner)
----------------------------------------------------------------------
Traceback (most recent call last):
  File "/home/auss/git_repos/samaust/Experiments_4DGS/tests/test_vipe_benchmark_supervisor.py", line 2017, in test_progress_p06_blocked_owner
    def test_progress_p06_blocked_owner(self):self.progress_scenario('P06','progress_normal')
                                              ~~~~~~~~~~~~~~~~~~~~~~^^^^^^^^^^^^^^^^^^^^^^^^^
  File "/home/auss/git_repos/samaust/Experiments_4DGS/tests/test_vipe_benchmark_supervisor.py", line 1764, in progress_scenario
    with self.scenario(label,mode) as session, tempfile.TemporaryDirectory() as temp:
         ~~~~~~~~~~~~~^^^^^^^^^^^^
  File "/usr/lib/python3.14/contextlib.py", line 141, in __enter__
    return next(self.gen)
  File "/home/auss/git_repos/samaust/Experiments_4DGS/tests/test_vipe_benchmark_supervisor.py", line 1153, in owned
    session(mode,instance=current,**bounds)
    ~~~~~~~^^^^^^^^^^^^^^^^^^^^^^^^^^^^^^^^
  File "/home/auss/git_repos/samaust/Experiments_4DGS/tests/test_vipe_benchmark_s1_helper_fixtures.py", line 69, in session
    instance.__init__(owner_factory=Selected, **kwargs)
    ~~~~~~~~~~~~~~~~~^^^^^^^^^^^^^^^^^^^^^^^^^^^^^^^^^^
  File "/home/auss/git_repos/samaust/Experiments_4DGS/scripts/vipe_benchmark/s1_helper_session.py", line 2140, in __init__
    self.job_thread=reserve_job_root('H','Session owner thread',allow_descendant=False) if os.environ.get('S1_JOB_LEDGER') else None
                    ~~~~~~~~~~~~~~~~^^^^^^^^^^^^^^^^^^^^^^^^^^^^^^^^^^^^^^^^^^^^^^^^^^^
  File "/home/auss/git_repos/samaust/Experiments_4DGS/scripts/vipe_benchmark/s1_helper_session.py", line 1046, in reserve_job_root
    append_job_event('root-reserved',dict(token=token,role=role,label=label,creator=creator),guard=guard)
    ~~~~~~~~~~~~~~~~^^^^^^^^^^^^^^^^^^^^^^^^^^^^^^^^^^^^^^^^^^^^^^^^^^^^^^^^^^^^^^^^^^^^^^^^^^^^^^^^^^^^^
  File "/home/auss/git_repos/samaust/Experiments_4DGS/scripts/vipe_benchmark/s1_helper_session.py", line 720, in append_job_event
    replacement=guard(state)
  File "/home/auss/git_repos/samaust/Experiments_4DGS/scripts/vipe_benchmark/s1_helper_session.py", line 1042, in guard
    raise ValueError('job root capacity')
ValueError: job root capacity
timing_or_cleanup_check_0: AssertionError: False is not true : {'scenario': 'P06', 'mode': 'progress_normal', 'constructor_entry': 19985.128464131, 'action_cutoff': 19987.128464131, 'safety_cutoff': 19988.128464131, 'progress_final_outcome': {'event': 'progress_final_outcome', 'label': 'P06', 'phase': 'startup_or_fixture_preparation', 'primary': {'error_class': 'ValueError', 'message': 'job root capacity'}, 'secondary': [], 'reference': None, 'cleanup_confirmed': False, 'observed': 19985.130934808, 'causal_status': 'actual startup failure; no inferred EPERM cause'}, 'action_end': 19985.130931, 'end': 19985.130934808, 'execution_seconds': 0.0024668689984537195, 'cleanup_seconds': 3.807999746641144e-06, 'cleanup_confirmed': False, 'records': {'work': {'role': 'work', 'state': 'pending', 'pid': None}, 'sample': {'role': 'sample', 'state': 'pending', 'pid': None}}, 'errors': [], 'signals': [], 'ticks': [19985.128480331], 'events': [{'event': 'progress_final_outcome', 'label': 'P06', 'phase': 'startup_or_fixture_preparation', 'primary': {'error_class': 'ValueError', 'message': 'job root capacity'}, 'secondary': [], 'reference': None, 'cleanup_confirmed': False, 'observed': 19985.130934808, 'causal_status': 'actual startup failure; no inferred EPERM cause'}], 'trace_facts': {'capacity': 256, 'total': 1, 'dropped': 0, 'saturated': False, 'first': 19985.130938937, 'last': 19985.130938937}, 'tick_facts': {'capacity': 128, 'total': 1, 'dropped': 0, 'saturated': False, 'first': 19985.128484043, 'last': 19985.128484043}, 'owner_error_facts': {'capacity': 32, 'total': 0, 'dropped': 0, 'saturated': False, 'first': None, 'last': None}, 'owner_signal_facts': {'capacity': 128, 'total': 0, 'dropped': 0, 'saturated': False, 'first': None, 'last': None}, 'request_counts': {'work': {'dispatch': 0, 'response': 0}, 'sample': {'dispatch': 0, 'response': 0}}, 'census_request_count': 0, 'max_gap': 0.0, 'max_turn': 0.0, 'call_observations': [], 'call_observation_facts': {'capacity': 128, 'total': 0, 'dropped': 0, 'saturated': False, 'first': None, 'last': None}, 'timing_failures': 

======================================================================
ERROR: test_progress_plan047_complete_final_sample (test_vipe_benchmark_supervisor.HelperSessionTests.test_progress_plan047_complete_final_sample) (kind='success')
----------------------------------------------------------------------
Traceback (most recent call last):
  File "/home/auss/git_repos/samaust/Experiments_4DGS/scripts/vipe_benchmark/supervisor.py", line 442, in supervise
    owned=predispatch_owned('supervisor worker')
  File "/home/auss/git_repos/samaust/Experiments_4DGS/scripts/vipe_benchmark/s1_helper_session.py", line 1565, in predispatch_owned
    if observed['total_workers']+1>8:raise ValueError('owned '+event+' dispatch CPU capacity')
                                     ^^^^^^^^^^^^^^^^^^^^^^^^^^^^^^^^^^^^^^^^^^^^^^^^^^^^^^^^^
ValueError: owned supervisor worker dispatch CPU capacity

The above exception was the direct cause of the following exception:

Traceback (most recent call last):
  File "/home/auss/git_repos/samaust/Experiments_4DGS/tests/test_vipe_benchmark_supervisor.py", line 3096, in test_progress_plan047_complete_final_sample
    sup.supervise(Ledger(),full.reservation['job_id'],full.command,full.output,evidence=full.binding,sample_resources=self.sampler,validate_result=lambda output:None,terminal_publisher=True,terminal_docs=docs)
    ~~~~~~~~~~~~~^^^^^^^^^^^^^^^^^^^^^^^^^^^^^^^^^^^^^^^^^^^^^^^^^^^^^^^^^^^^^^^^^^^^^^^^^^^^^^^^^^^^^^^^^^^^^^^^^^^^^^^^^^^^^^^^^^^^^^^^^^^^^^^^^^^^^^^^^^^^^^^^^^^^^^^^^^^^^^^^^^^^^^^^^^^^^^^^^^^^^^^^^^^^^^^^
  File "/home/auss/git_repos/samaust/Experiments_4DGS/scripts/vipe_benchmark/supervisor.py", line 607, in supervise
    raise failure from primary_exception
vipe_benchmark.supervisor.SupervisionFailure: ValueError: owned supervisor worker dispatch CPU capacity

======================================================================
ERROR: test_progress_plan047_complete_final_sample (test_vipe_benchmark_supervisor.HelperSessionTests.test_progress_plan047_complete_final_sample) (kind='final_sample_failure')
----------------------------------------------------------------------
Traceback (most recent call last):
  File "/home/auss/git_repos/samaust/Experiments_4DGS/tests/test_vipe_benchmark_supervisor.py", line 3093, in test_progress_plan047_complete_final_sample
    with self.assertRaises(sup.SupervisionFailure) as caught:sup.supervise(Ledger(),full.reservation['job_id'],full.command,full.output,evidence=full.binding,sample_resources=self.sampler,validate_result=lambda output:None,terminal_publisher=True,terminal_docs=docs)
                                                             ~~~~~~~~~~~~~^^^^^^^^^^^^^^^^^^^^^^^^^^^^^^^^^^^^^^^^^^^^^^^^^^^^^^^^^^^^^^^^^^^^^^^^^^^^^^^^^^^^^^^^^^^^^^^^^^^^^^^^^^^^^^^^^^^^^^^^^^^^^^^^^^^^^^^^^^^^^^^^^^^^^^^^^^^^^^^^^^^^^^^^^^^^^^^^^^^^^^^^^^^^^^^^
  File "/home/auss/git_repos/samaust/Experiments_4DGS/scripts/vipe_benchmark/supervisor.py", line 358, in supervise
    raise ValueError('refusing to overwrite incomplete or previous output')
ValueError: refusing to overwrite incomplete or previous output

======================================================================
ERROR: test_progress_plan047_ownership (test_vipe_benchmark_supervisor.HelperSessionTests.test_progress_plan047_ownership) (kind='registry_owner_dispatch')
----------------------------------------------------------------------
Traceback (most recent call last):
  File "/home/auss/git_repos/samaust/Experiments_4DGS/tests/test_vipe_benchmark_supervisor.py", line 2818, in test_progress_plan047_ownership
    observed=h.predispatch_owned(kind);self.assertEqual(observed['registry_identity'],id(h.INVOCATION));self.assertEqual(observed['root'],baseline['root']);result='same invocation registry'
  File "/home/auss/git_repos/samaust/Experiments_4DGS/scripts/vipe_benchmark/s1_helper_session.py", line 1565, in predispatch_owned
    if observed['total_workers']+1>8:raise ValueError('owned '+event+' dispatch CPU capacity')
                                     ^^^^^^^^^^^^^^^^^^^^^^^^^^^^^^^^^^^^^^^^^^^^^^^^^^^^^^^^^
ValueError: owned registry_owner_dispatch dispatch CPU capacity

======================================================================
ERROR: test_progress_plan047_ownership (test_vipe_benchmark_supervisor.HelperSessionTests.test_progress_plan047_ownership) (kind='registry_worker_dispatch')
----------------------------------------------------------------------
Traceback (most recent call last):
  File "/home/auss/git_repos/samaust/Experiments_4DGS/tests/test_vipe_benchmark_supervisor.py", line 2818, in test_progress_plan047_ownership
    observed=h.predispatch_owned(kind);self.assertEqual(observed['registry_identity'],id(h.INVOCATION));self.assertEqual(observed['root'],baseline['root']);result='same invocation registry'
  File "/home/auss/git_repos/samaust/Experiments_4DGS/scripts/vipe_benchmark/s1_helper_session.py", line 1565, in predispatch_owned
    if observed['total_workers']+1>8:raise ValueError('owned '+event+' dispatch CPU capacity')
                                     ^^^^^^^^^^^^^^^^^^^^^^^^^^^^^^^^^^^^^^^^^^^^^^^^^^^^^^^^^
ValueError: owned registry_worker_dispatch dispatch CPU capacity

======================================================================
ERROR: test_progress_plan047_ownership (test_vipe_benchmark_supervisor.HelperSessionTests.test_progress_plan047_ownership) (kind='registry_direct_dispatch')
----------------------------------------------------------------------
Traceback (most recent call last):
  File "/home/auss/git_repos/samaust/Experiments_4DGS/tests/test_vipe_benchmark_supervisor.py", line 2818, in test_progress_plan047_ownership
    observed=h.predispatch_owned(kind);self.assertEqual(observed['registry_identity'],id(h.INVOCATION));self.assertEqual(observed['root'],baseline['root']);result='same invocation registry'
  File "/home/auss/git_repos/samaust/Experiments_4DGS/scripts/vipe_benchmark/s1_helper_session.py", line 1565, in predispatch_owned
    if observed['total_workers']+1>8:raise ValueError('owned '+event+' dispatch CPU capacity')
                                     ^^^^^^^^^^^^^^^^^^^^^^^^^^^^^^^^^^^^^^^^^^^^^^^^^^^^^^^^^
ValueError: owned registry_direct_dispatch dispatch CPU capacity

======================================================================
ERROR: test_progress_plan047_ownership (test_vipe_benchmark_supervisor.HelperSessionTests.test_progress_plan047_ownership) (kind='registry_sentinel_dispatch')
----------------------------------------------------------------------
Traceback (most recent call last):
  File "/home/auss/git_repos/samaust/Experiments_4DGS/tests/test_vipe_benchmark_supervisor.py", line 2818, in test_progress_plan047_ownership
    observed=h.predispatch_owned(kind);self.assertEqual(observed['registry_identity'],id(h.INVOCATION));self.assertEqual(observed['root'],baseline['root']);result='same invocation registry'
  File "/home/auss/git_repos/samaust/Experiments_4DGS/scripts/vipe_benchmark/s1_helper_session.py", line 1565, in predispatch_owned
    if observed['total_workers']+1>8:raise ValueError('owned '+event+' dispatch CPU capacity')
                                     ^^^^^^^^^^^^^^^^^^^^^^^^^^^^^^^^^^^^^^^^^^^^^^^^^^^^^^^^^
ValueError: owned registry_sentinel_dispatch dispatch CPU capacity

======================================================================
FAIL: test_l01_ready_reuse (test_vipe_benchmark_supervisor.HelperSessionTests.test_l01_ready_reuse)
----------------------------------------------------------------------
Traceback (most recent call last):
  File "/home/auss/git_repos/samaust/Experiments_4DGS/tests/test_vipe_benchmark_supervisor.py", line 1287, in test_l01_ready_reuse
    with self.scenario('L01') as session:
         ~~~~~~~~~~~~~^^^^^^^
  File "/usr/lib/python3.14/contextlib.py", line 148, in __exit__
    next(self.gen)
    ~~~~^^^^^^^^^^
  File "/home/auss/git_repos/samaust/Experiments_4DGS/tests/test_vipe_benchmark_supervisor.py", line 1258, in owned
    else:raise AssertionError('scenario cleanup/timing failures: '+repr(secondary))
         ^^^^^^^^^^^^^^^^^^^^^^^^^^^^^^^^^^^^^^^^^^^^^^^^^^^^^^^^^^^^^^^^^^^^^^^^^^
AssertionError: scenario cleanup/timing failures: [{'operation': 'timing_or_cleanup_check_0', 'error_class': 'AssertionError', 'message': "False is not true : {'scenario': 'L01', 'mode': 'normal', 'constructor_entry': 19977.145154943, 'action_cutoff': 19979.145154943, 'safety_cutoff': 19980.145154943, 'constructor_end': 19977.149267747, 't0': 19977.145170075, 'ready_deadline': 19978.145170075, 'setup_deadline': 19979.145170075, 'setup_cleanup_deadline': 19980.145170075, 'action_end': 19977.540733507, 'end': 19980.145221842, 'execution_seconds': 0.3955785640027898, 'cleanup_seconds': 2.6044883350004966, 'cleanup_confirmed': False, 'records': {'work': {'role': 'work', 'state': 'pid_owned', 'pid': 36877, 'pgid': 36877, 'start_ticks': 1997719}, 'sample': {'role': 'sample', 'state': 'pid_owned', 'pid': 36878, 'pgid': 36878, 'start_ticks': 1997724}}, 'errors': [{'error_class': 'ValueError', 'message': 'pidfd signal intent unresolved; no resend', 'phase': 'helper_cleanup'}, {'error_class': 'ValueError', 'message': 'pidfd signal intent unresolved; no resend', 'phase': 'helper_cleanup'}, {'error_class': 'ValueError', 'message': 'pidfd signal intent unresolved; no resend', 'phase': 'helper_cleanup'}, {'error_class': 'ValueError', 'message': 'pidfd signal intent unresolved; no resend', 'phase': 'helper_cleanup'}, {'error_class': 'ValueError', 'message': 'pidfd signal intent unresolved; no resend', 'phase': 'helper_cleanup'}, {'error_class': 'ValueError', 'message': 'pidfd signal intent unresolved; no resend', 'phase': 'helper_cleanup'}, {'error_class': 'ValueError', 'message': 'pidfd signal intent unresolved; no resend', 'phase': 'helper_cleanup'}, {'error_class': 'ValueError', 'message': 'pidfd signal intent unresolved; no resend', 'phase': 'helper_cleanup'}, {'error_class': 'ValueError', 'message': 'pidfd signal intent unresolved; no resend', 'phase': 'helper_cleanup'}, {'error_class': 'ValueError', 'message': 'pidfd signal intent unresolved; no resend', 'phase': 'helper_cleanup'}, {'error_class': 'ValueError', 'message': 'pidfd signal intent unresolved; no resend', 'phase': 'helper_cleanup'}, {'error_class': 'ValueError', 'message': 'pidfd signal intent unr"}, {'operation': 'timing_or_cleanup_check_2', 'error_class': 'AssertionError', 'message': '2.6044883350004966 not less than or equal to 1'}, {'operation': 'timing_or_cleanup_check_3', 'error_class': 'AssertionError', 'message': '3.0000668990032864 not less than or equal to 3'}]

======================================================================
FAIL: test_partial_constructor_boundaries (test_vipe_benchmark_supervisor.HelperSessionTests.test_partial_constructor_boundaries)
----------------------------------------------------------------------
Traceback (most recent call last):
  File "/home/auss/git_repos/samaust/Experiments_4DGS/tests/test_vipe_benchmark_supervisor.py", line 4154, in test_partial_constructor_boundaries
    self.assertEqual(set(os.listdir('/proc/self/fd')),before)
    ~~~~~~~~~~~~~~~~^^^^^^^^^^^^^^^^^^^^^^^^^^^^^^^^^^^^^^^^^
AssertionError: Items in the second set but not the first:
'137'
'132'

======================================================================
FAIL: test_progress_plan046_launch_deadline (test_vipe_benchmark_supervisor.HelperSessionTests.test_progress_plan046_launch_deadline) (kind='before', offset=-0.001)
----------------------------------------------------------------------
Traceback (most recent call last):
  File "/home/auss/git_repos/samaust/Experiments_4DGS/tests/test_vipe_benchmark_supervisor.py", line 2233, in test_progress_plan046_launch_deadline
    self.assertEqual(len(started),1 if case['kind']=='before' else 0)
    ~~~~~~~~~~~~~~~~^^^^^^^^^^^^^^^^^^^^^^^^^^^^^^^^^^^^^^^^^^^^^^^^^
AssertionError: 0 != 1

======================================================================
FAIL: test_progress_plan047_deadline_steps (test_vipe_benchmark_supervisor.HelperSessionTests.test_progress_plan047_deadline_steps) (operation='checkpoint_write', when='before')
----------------------------------------------------------------------
Traceback (most recent call last):
  File "/home/auss/git_repos/samaust/Experiments_4DGS/tests/test_vipe_benchmark_supervisor.py", line 3862, in test_progress_plan047_deadline_steps
    self.assertEqual(owned_descriptors,{},dict(case=case,reason='all acquired FDs/streams retired'))
    ~~~~~~~~~~~~~~~~^^^^^^^^^^^^^^^^^^^^^^^^^^^^^^^^^^^^^^^^^^^^^^^^^^^^^^^^^^^^^^^^^^^^^^^^^^^^^^^^
AssertionError: {174: {'operation': 'acquire', 'fd': 174, [78 chars]en'}} != {}
+ {}
- {174: {'fd': 174,
-        'observed': 23565.370449613998,
-        'operation': 'acquire',
-        'path': '/proc/34942/stat',
-        'source': 'Path.open'}} : {'case': {'operation': 'checkpoint_write', 'when': 'before'}, 'reason': 'all acquired FDs/streams retired'}

======================================================================
FAIL: test_progress_plan047_deadline_steps (test_vipe_benchmark_supervisor.HelperSessionTests.test_progress_plan047_deadline_steps) (operation='checkpoint_write', when='equal')
----------------------------------------------------------------------
Traceback (most recent call last):
  File "/home/auss/git_repos/samaust/Experiments_4DGS/tests/test_vipe_benchmark_supervisor.py", line 3862, in test_progress_plan047_deadline_steps
    self.assertEqual(owned_descriptors,{},dict(case=case,reason='all acquired FDs/streams retired'))
    ~~~~~~~~~~~~~~~~^^^^^^^^^^^^^^^^^^^^^^^^^^^^^^^^^^^^^^^^^^^^^^^^^^^^^^^^^^^^^^^^^^^^^^^^^^^^^^^^
AssertionError: {161: {'operation': 'acquire', 'fd': 161, [73 chars]en'}} != {}
+ {}
- {161: {'fd': 161,
-        'observed': 19995.656353001,
-        'operation': 'acquire',
-        'path': '/proc/155/stat',
-        'source': 'Path.open'}} : {'case': {'operation': 'checkpoint_write', 'when': 'equal'}, 'reason': 'all acquired FDs/streams retired'}

======================================================================
FAIL: test_progress_plan047_deadline_steps (test_vipe_benchmark_supervisor.HelperSessionTests.test_progress_plan047_deadline_steps) (operation='checkpoint_write', when='after')
----------------------------------------------------------------------
Traceback (most recent call last):
  File "/home/auss/git_repos/samaust/Experiments_4DGS/tests/test_vipe_benchmark_supervisor.py", line 3862, in test_progress_plan047_deadline_steps
    self.assertEqual(owned_descriptors,{},dict(case=case,reason='all acquired FDs/streams retired'))
    ~~~~~~~~~~~~~~~~^^^^^^^^^^^^^^^^^^^^^^^^^^^^^^^^^^^^^^^^^^^^^^^^^^^^^^^^^^^^^^^^^^^^^^^^^^^^^^^^
AssertionError: {159: {'operation': 'acquire', 'fd': 159, [195 chars]en'}} != {}
+ {}
- {159: {'fd': 159,
-        'observed': 19995.793592735,
-        'operation': 'acquire',
-        'path': '/proc/138/stat',
-        'source': 'Path.open'},
-  161: {'fd': 161,
-        'observed': 19995.793592735,
-        'operation': 'acquire',
-        'path': '/proc/36599/stat',
-        'source': 'Path.open'}} : {'case': {'operation': 'checkpoint_write', 'when': 'after'}, 'reason': 'all acquired FDs/streams retired'}

======================================================================
FAIL: test_progress_plan047_deadline_steps (test_vipe_benchmark_supervisor.HelperSessionTests.test_progress_plan047_deadline_steps) (operation='checkpoint_flush', when='before')
----------------------------------------------------------------------
Traceback (most recent call last):
  File "/home/auss/git_repos/samaust/Experiments_4DGS/tests/test_vipe_benchmark_supervisor.py", line 3862, in test_progress_plan047_deadline_steps
    self.assertEqual(owned_descriptors,{},dict(case=case,reason='all acquired FDs/streams retired'))
    ~~~~~~~~~~~~~~~~^^^^^^^^^^^^^^^^^^^^^^^^^^^^^^^^^^^^^^^^^^^^^^^^^^^^^^^^^^^^^^^^^^^^^^^^^^^^^^^^
AssertionError: {173: {'operation': 'acquire', 'fd': 173, [190 chars]en'}} != {}
+ {}
- {159: {'fd': 159,
-        'observed': 23565.79945539,
-        'operation': 'acquire',
-        'path': '/proc/591/stat',
-        'source': 'Path.open'},
-  173: {'fd': 173,
-        'observed': 23565.79945539,
-        'operation': 'acquire',
-        'path': '/proc/58/stat',
-        'source': 'Path.open'}} : {'case': {'operation': 'checkpoint_flush', 'when': 'before'}, 'reason': 'all acquired FDs/streams retired'}

======================================================================
FAIL: test_progress_plan047_deadline_steps (test_vipe_benchmark_supervisor.HelperSessionTests.test_progress_plan047_deadline_steps) (operation='checkpoint_flush', when='after')
----------------------------------------------------------------------
Traceback (most recent call last):
  File "/home/auss/git_repos/samaust/Experiments_4DGS/tests/test_vipe_benchmark_supervisor.py", line 3862, in test_progress_plan047_deadline_steps
    self.assertEqual(owned_descriptors,{},dict(case=case,reason='all acquired FDs/streams retired'))
    ~~~~~~~~~~~~~~~~^^^^^^^^^^^^^^^^^^^^^^^^^^^^^^^^^^^^^^^^^^^^^^^^^^^^^^^^^^^^^^^^^^^^^^^^^^^^^^^^
AssertionError: {159: {'operation': 'acquire', 'fd': 159, [73 chars]en'}} != {}
+ {}
- {159: {'fd': 159,
-        'observed': 19996.222596055,
-        'operation': 'acquire',
-        'path': '/proc/158/stat',
-        'source': 'Path.open'}} : {'case': {'operation': 'checkpoint_flush', 'when': 'after'}, 'reason': 'all acquired FDs/streams retired'}

======================================================================
FAIL: test_progress_plan047_deadline_steps (test_vipe_benchmark_supervisor.HelperSessionTests.test_progress_plan047_deadline_steps) (operation='checkpoint_fsync', when='before')
----------------------------------------------------------------------
Traceback (most recent call last):
  File "/home/auss/git_repos/samaust/Experiments_4DGS/tests/test_vipe_benchmark_supervisor.py", line 3862, in test_progress_plan047_deadline_steps
    self.assertEqual(owned_descriptors,{},dict(case=case,reason='all acquired FDs/streams retired'))
    ~~~~~~~~~~~~~~~~^^^^^^^^^^^^^^^^^^^^^^^^^^^^^^^^^^^^^^^^^^^^^^^^^^^^^^^^^^^^^^^^^^^^^^^^^^^^^^^^
AssertionError: {161: {'operation': 'acquire', 'fd': 161, [192 chars]en'}} != {}
+ {}
- {161: {'fd': 161,
-        'observed': 23566.228208105,
-        'operation': 'acquire',
-        'path': '/proc/771/stat',
-        'source': 'Path.open'},
-  173: {'fd': 173,
-        'observed': 23566.228208105,
-        'operation': 'acquire',
-        'path': '/proc/65/stat',
-        'source': 'Path.open'}} : {'case': {'operation': 'checkpoint_fsync', 'when': 'before'}, 'reason': 'all acquired FDs/streams retired'}

======================================================================
FAIL: test_progress_plan047_deadline_steps (test_vipe_benchmark_supervisor.HelperSessionTests.test_progress_plan047_deadline_steps) (operation='checkpoint_close', when='before')
----------------------------------------------------------------------
Traceback (most recent call last):
  File "/home/auss/git_repos/samaust/Experiments_4DGS/tests/test_vipe_benchmark_supervisor.py", line 3862, in test_progress_plan047_deadline_steps
    self.assertEqual(owned_descriptors,{},dict(case=case,reason='all acquired FDs/streams retired'))
    ~~~~~~~~~~~~~~~~^^^^^^^^^^^^^^^^^^^^^^^^^^^^^^^^^^^^^^^^^^^^^^^^^^^^^^^^^^^^^^^^^^^^^^^^^^^^^^^^
AssertionError: {159: {'operation': 'acquire', 'fd': 159, [74 chars]en'}} != {}
+ {}
- {159: {'fd': 159,
-        'observed': 23566.650729556,
-        'operation': 'acquire',
-        'path': '/proc/1476/stat',
-        'source': 'Path.open'}} : {'case': {'operation': 'checkpoint_close', 'when': 'before'}, 'reason': 'all acquired FDs/streams retired'}

======================================================================
FAIL: test_progress_plan047_deadline_steps (test_vipe_benchmark_supervisor.HelperSessionTests.test_progress_plan047_deadline_steps) (operation='checkpoint_close', when='equal')
----------------------------------------------------------------------
Traceback (most recent call last):
  File "/home/auss/git_repos/samaust/Experiments_4DGS/tests/test_vipe_benchmark_supervisor.py", line 3862, in test_progress_plan047_deadline_steps
    self.assertEqual(owned_descriptors,{},dict(case=case,reason='all acquired FDs/streams retired'))
    ~~~~~~~~~~~~~~~~^^^^^^^^^^^^^^^^^^^^^^^^^^^^^^^^^^^^^^^^^^^^^^^^^^^^^^^^^^^^^^^^^^^^^^^^^^^^^^^^
AssertionError: {159: {'operation': 'acquire', 'fd': 159, [74 chars]en'}} != {}
+ {}
- {159: {'fd': 159,
-        'observed': 19996.937034193,
-        'operation': 'acquire',
-        'path': '/proc/2653/stat',
-        'source': 'Path.open'}} : {'case': {'operation': 'checkpoint_close', 'when': 'equal'}, 'reason': 'all acquired FDs/streams retired'}

======================================================================
FAIL: test_progress_plan047_deadline_steps (test_vipe_benchmark_supervisor.HelperSessionTests.test_progress_plan047_deadline_steps) (operation='checkpoint_close', when='after')
----------------------------------------------------------------------
Traceback (most recent call last):
  File "/home/auss/git_repos/samaust/Experiments_4DGS/tests/test_vipe_benchmark_supervisor.py", line 3862, in test_progress_plan047_deadline_steps
    self.assertEqual(owned_descriptors,{},dict(case=case,reason='all acquired FDs/streams retired'))
    ~~~~~~~~~~~~~~~~^^^^^^^^^^^^^^^^^^^^^^^^^^^^^^^^^^^^^^^^^^^^^^^^^^^^^^^^^^^^^^^^^^^^^^^^^^^^^^^^
AssertionError: {174: {'operation': 'acquire', 'fd': 174, [72 chars]en'}} != {}
+ {}
- {174: {'fd': 174,
-        'observed': 19997.092598315,
-        'operation': 'acquire',
-        'path': '/proc/22/stat',
-        'source': 'Path.open'}} : {'case': {'operation': 'checkpoint_close', 'when': 'after'}, 'reason': 'all acquired FDs/streams retired'}

======================================================================
FAIL: test_progress_plan047_deadline_steps (test_vipe_benchmark_supervisor.HelperSessionTests.test_progress_plan047_deadline_steps) (operation='checkpoint_readback', when='before')
----------------------------------------------------------------------
Traceback (most recent call last):
  File "/home/auss/git_repos/samaust/Experiments_4DGS/tests/test_vipe_benchmark_supervisor.py", line 3862, in test_progress_plan047_deadline_steps
    self.assertEqual(owned_descriptors,{},dict(case=case,reason='all acquired FDs/streams retired'))
    ~~~~~~~~~~~~~~~~^^^^^^^^^^^^^^^^^^^^^^^^^^^^^^^^^^^^^^^^^^^^^^^^^^^^^^^^^^^^^^^^^^^^^^^^^^^^^^^^
AssertionError: {159: {'operation': 'acquire', 'fd': 159, [192 chars]en'}} != {}
+ {}
- {159: {'fd': 159,
-        'observed': 23567.097134382,
-        'operation': 'acquire',
-        'path': '/proc/427/stat',
-        'source': 'Path.open'},
-  161: {'fd': 161,
-        'observed': 23567.097134382,
-        'operation': 'acquire',
-        'path': '/proc/35/stat',
-        'source': 'Path.open'}} : {'case': {'operation': 'checkpoint_readback', 'when': 'before'}, 'reason': 'all acquired FDs/streams retired'}

======================================================================
FAIL: test_progress_plan047_deadline_steps (test_vipe_benchmark_supervisor.HelperSessionTests.test_progress_plan047_deadline_steps) (operation='checkpoint_readback', when='after')
----------------------------------------------------------------------
Traceback (most recent call last):
  File "/home/auss/git_repos/samaust/Experiments_4DGS/tests/test_vipe_benchmark_supervisor.py", line 3862, in test_progress_plan047_deadline_steps
    self.assertEqual(owned_descriptors,{},dict(case=case,reason='all acquired FDs/streams retired'))
    ~~~~~~~~~~~~~~~~^^^^^^^^^^^^^^^^^^^^^^^^^^^^^^^^^^^^^^^^^^^^^^^^^^^^^^^^^^^^^^^^^^^^^^^^^^^^^^^^
AssertionError: {174: {'operation': 'acquire', 'fd': 174, [195 chars]en'}} != {}
+ {}
- {159: {'fd': 159,
-        'observed': 19997.527997168,
-        'operation': 'acquire',
-        'path': '/proc/31673/stat',
-        'source': 'Path.open'},
-  174: {'fd': 174,
-        'observed': 19997.527997168,
-        'operation': 'acquire',
-        'path': '/proc/165/stat',
-        'source': 'Path.open'}} : {'case': {'operation': 'checkpoint_readback', 'when': 'after'}, 'reason': 'all acquired FDs/streams retired'}

======================================================================
FAIL: test_progress_plan047_deadline_steps (test_vipe_benchmark_supervisor.HelperSessionTests.test_progress_plan047_deadline_steps) (operation='head_write', when='before')
----------------------------------------------------------------------
Traceback (most recent call last):
  File "/home/auss/git_repos/samaust/Experiments_4DGS/tests/test_vipe_benchmark_supervisor.py", line 3862, in test_progress_plan047_deadline_steps
    self.assertEqual(owned_descriptors,{},dict(case=case,reason='all acquired FDs/streams retired'))
    ~~~~~~~~~~~~~~~~^^^^^^^^^^^^^^^^^^^^^^^^^^^^^^^^^^^^^^^^^^^^^^^^^^^^^^^^^^^^^^^^^^^^^^^^^^^^^^^^
AssertionError: {173: {'operation': 'acquire', 'fd': 173, [73 chars]en'}} != {}
+ {}
- {173: {'fd': 173,
-        'observed': 23567.533950975,
-        'operation': 'acquire',
-        'path': '/proc/200/stat',
-        'source': 'Path.open'}} : {'case': {'operation': 'head_write', 'when': 'before'}, 'reason': 'all acquired FDs/streams retired'}

======================================================================
FAIL: test_progress_plan047_deadline_steps (test_vipe_benchmark_supervisor.HelperSessionTests.test_progress_plan047_deadline_steps) (operation='head_write', when='equal')
----------------------------------------------------------------------
Traceback (most recent call last):
  File "/home/auss/git_repos/samaust/Experiments_4DGS/tests/test_vipe_benchmark_supervisor.py", line 3862, in test_progress_plan047_deadline_steps
    self.assertEqual(owned_descriptors,{},dict(case=case,reason='all acquired FDs/streams retired'))
    ~~~~~~~~~~~~~~~~^^^^^^^^^^^^^^^^^^^^^^^^^^^^^^^^^^^^^^^^^^^^^^^^^^^^^^^^^^^^^^^^^^^^^^^^^^^^^^^^
AssertionError: {172: {'operation': 'acquire', 'fd': 172, [195 chars]en'}} != {}
+ {}
- {161: {'fd': 161,
-        'observed': 19997.825966226,
-        'operation': 'acquire',
-        'path': '/proc/35535/stat',
-        'source': 'Path.open'},
-  172: {'fd': 172,
-        'observed': 19997.825966226,
-        'operation': 'acquire',
-        'path': '/proc/162/stat',
-        'source': 'Path.open'}} : {'case': {'operation': 'head_write', 'when': 'equal'}, 'reason': 'all acquired FDs/streams retired'}

======================================================================
FAIL: test_progress_plan047_deadline_steps (test_vipe_benchmark_supervisor.HelperSessionTests.test_progress_plan047_deadline_steps) (operation='head_write', when='after')
----------------------------------------------------------------------
Traceback (most recent call last):
  File "/home/auss/git_repos/samaust/Experiments_4DGS/tests/test_vipe_benchmark_supervisor.py", line 3862, in test_progress_plan047_deadline_steps
    self.assertEqual(owned_descriptors,{},dict(case=case,reason='all acquired FDs/streams retired'))
    ~~~~~~~~~~~~~~~~^^^^^^^^^^^^^^^^^^^^^^^^^^^^^^^^^^^^^^^^^^^^^^^^^^^^^^^^^^^^^^^^^^^^^^^^^^^^^^^^
AssertionError: {175: {'operation': 'acquire', 'fd': 175, [73 chars]en'}} != {}
+ {}
- {175: {'fd': 175,
-        'observed': 19997.969616542,
-        'operation': 'acquire',
-        'path': '/proc/427/stat',
-        'source': 'Path.open'}} : {'case': {'operation': 'head_write', 'when': 'after'}, 'reason': 'all acquired FDs/streams retired'}

======================================================================
FAIL: test_progress_plan047_deadline_steps (test_vipe_benchmark_supervisor.HelperSessionTests.test_progress_plan047_deadline_steps) (operation='head_flush', when='equal')
----------------------------------------------------------------------
Traceback (most recent call last):
  File "/home/auss/git_repos/samaust/Experiments_4DGS/tests/test_vipe_benchmark_supervisor.py", line 3862, in test_progress_plan047_deadline_steps
    self.assertEqual(owned_descriptors,{},dict(case=case,reason='all acquired FDs/streams retired'))
    ~~~~~~~~~~~~~~~~^^^^^^^^^^^^^^^^^^^^^^^^^^^^^^^^^^^^^^^^^^^^^^^^^^^^^^^^^^^^^^^^^^^^^^^^^^^^^^^^
AssertionError: {159: {'operation': 'acquire', 'fd': 159, [193 chars]en'}} != {}
+ {}
- {159: {'fd': 159,
-        'observed': 19998.274076925,
-        'operation': 'acquire',
-        'path': '/proc/3092/stat',
-        'source': 'Path.open'},
-  175: {'fd': 175,
-        'observed': 19998.274076925,
-        'operation': 'acquire',
-        'path': '/proc/37/stat',
-        'source': 'Path.open'}} : {'case': {'operation': 'head_flush', 'when': 'equal'}, 'reason': 'all acquired FDs/streams retired'}

======================================================================
FAIL: test_progress_plan047_deadline_steps (test_vipe_benchmark_supervisor.HelperSessionTests.test_progress_plan047_deadline_steps) (operation='head_flush', when='after')
----------------------------------------------------------------------
Traceback (most recent call last):
  File "/home/auss/git_repos/samaust/Experiments_4DGS/tests/test_vipe_benchmark_supervisor.py", line 3862, in test_progress_plan047_deadline_steps
    self.assertEqual(owned_descriptors,{},dict(case=case,reason='all acquired FDs/streams retired'))
    ~~~~~~~~~~~~~~~~^^^^^^^^^^^^^^^^^^^^^^^^^^^^^^^^^^^^^^^^^^^^^^^^^^^^^^^^^^^^^^^^^^^^^^^^^^^^^^^^
AssertionError: {173: {'operation': 'acquire', 'fd': 173, [72 chars]en'}} != {}
+ {}
- {173: {'fd': 173,
-        'observed': 19998.427830772,
-        'operation': 'acquire',
-        'path': '/proc/37/stat',
-        'source': 'Path.open'}} : {'case': {'operation': 'head_flush', 'when': 'after'}, 'reason': 'all acquired FDs/streams retired'}

======================================================================
FAIL: test_progress_plan047_deadline_steps (test_vipe_benchmark_supervisor.HelperSessionTests.test_progress_plan047_deadline_steps) (operation='head_fsync', when='before')
----------------------------------------------------------------------
Traceback (most recent call last):
  File "/home/auss/git_repos/samaust/Experiments_4DGS/tests/test_vipe_benchmark_supervisor.py", line 3862, in test_progress_plan047_deadline_steps
    self.assertEqual(owned_descriptors,{},dict(case=case,reason='all acquired FDs/streams retired'))
    ~~~~~~~~~~~~~~~~^^^^^^^^^^^^^^^^^^^^^^^^^^^^^^^^^^^^^^^^^^^^^^^^^^^^^^^^^^^^^^^^^^^^^^^^^^^^^^^^
AssertionError: {174: {'operation': 'acquire', 'fd': 174, [193 chars]en'}} != {}
+ {}
- {159: {'fd': 159,
-        'observed': 23568.435236871,
-        'operation': 'acquire',
-        'path': '/proc/2662/stat',
-        'source': 'Path.open'},
-  174: {'fd': 174,
-        'observed': 23568.435236871,
-        'operation': 'acquire',
-        'path': '/proc/65/stat',
-        'source': 'Path.open'}} : {'case': {'operation': 'head_fsync', 'when': 'before'}, 'reason': 'all acquired FDs/streams retired'}

======================================================================
FAIL: test_progress_plan047_deadline_steps (test_vipe_benchmark_supervisor.HelperSessionTests.test_progress_plan047_deadline_steps) (operation='head_fsync', when='after')
----------------------------------------------------------------------
Traceback (most recent call last):
  File "/home/auss/git_repos/samaust/Experiments_4DGS/tests/test_vipe_benchmark_supervisor.py", line 3862, in test_progress_plan047_deadline_steps
    self.assertEqual(owned_descriptors,{},dict(case=case,reason='all acquired FDs/streams retired'))
    ~~~~~~~~~~~~~~~~^^^^^^^^^^^^^^^^^^^^^^^^^^^^^^^^^^^^^^^^^^^^^^^^^^^^^^^^^^^^^^^^^^^^^^^^^^^^^^^^
AssertionError: {161: {'operation': 'acquire', 'fd': 161, [71 chars]en'}} != {}
+ {}
- {161: {'fd': 161,
-        'observed': 19998.8680237,
-        'operation': 'acquire',
-        'path': '/proc/137/stat',
-        'source': 'Path.open'}} : {'case': {'operation': 'head_fsync', 'when': 'after'}, 'reason': 'all acquired FDs/streams retired'}

======================================================================
FAIL: test_progress_plan047_deadline_steps (test_vipe_benchmark_supervisor.HelperSessionTests.test_progress_plan047_deadline_steps) (operation='head_close', when='before')
----------------------------------------------------------------------
Traceback (most recent call last):
  File "/home/auss/git_repos/samaust/Experiments_4DGS/tests/test_vipe_benchmark_supervisor.py", line 3858, in test_progress_plan047_deadline_steps
    self.assertNotIn(item['fd'],owned_descriptors,dict(case=case,descriptor=item))
    ~~~~~~~~~~~~~~~~^^^^^^^^^^^^^^^^^^^^^^^^^^^^^^^^^^^^^^^^^^^^^^^^^^^^^^^^^^^^^^
AssertionError: 161 unexpectedly found in {161: {'operation': 'acquire', 'fd': 161, 'observed': 23568.876068956, 'path': '/proc/473/stat', 'source': 'Path.open'}} : {'case': {'operation': 'head_close', 'when': 'before'}, 'descriptor': {'operation': 'acquire', 'fd': 161, 'observed': 23568.876068956, 'path': '/proc/14/stat', 'source': 'Path.open'}}

======================================================================
FAIL: test_progress_plan047_deadline_steps (test_vipe_benchmark_supervisor.HelperSessionTests.test_progress_plan047_deadline_steps) (operation='head_close', when='equal')
----------------------------------------------------------------------
Traceback (most recent call last):
  File "/home/auss/git_repos/samaust/Experiments_4DGS/tests/test_vipe_benchmark_supervisor.py", line 3862, in test_progress_plan047_deadline_steps
    self.assertEqual(owned_descriptors,{},dict(case=case,reason='all acquired FDs/streams retired'))
    ~~~~~~~~~~~~~~~~^^^^^^^^^^^^^^^^^^^^^^^^^^^^^^^^^^^^^^^^^^^^^^^^^^^^^^^^^^^^^^^^^^^^^^^^^^^^^^^^
AssertionError: {161: {'operation': 'acquire', 'fd': 161, [73 chars]en'}} != {}
+ {}
- {161: {'fd': 161,
-        'observed': 19999.169442197,
-        'operation': 'acquire',
-        'path': '/proc/359/stat',
-        'source': 'Path.open'}} : {'case': {'operation': 'head_close', 'when': 'equal'}, 'reason': 'all acquired FDs/streams retired'}

======================================================================
FAIL: test_progress_plan047_deadline_steps (test_vipe_benchmark_supervisor.HelperSessionTests.test_progress_plan047_deadline_steps) (operation='head_close', when='after')
----------------------------------------------------------------------
Traceback (most recent call last):
  File "/home/auss/git_repos/samaust/Experiments_4DGS/tests/test_vipe_benchmark_supervisor.py", line 3862, in test_progress_plan047_deadline_steps
    self.assertEqual(owned_descriptors,{},dict(case=case,reason='all acquired FDs/streams retired'))
    ~~~~~~~~~~~~~~~~^^^^^^^^^^^^^^^^^^^^^^^^^^^^^^^^^^^^^^^^^^^^^^^^^^^^^^^^^^^^^^^^^^^^^^^^^^^^^^^^
AssertionError: {174: {'operation': 'acquire', 'fd': 174, [73 chars]en'}} != {}
+ {}
- {174: {'fd': 174,
-        'observed': 19999.327815876,
-        'operation': 'acquire',
-        'path': '/proc/106/stat',
-        'source': 'Path.open'}} : {'case': {'operation': 'head_close', 'when': 'after'}, 'reason': 'all acquired FDs/streams retired'}

======================================================================
FAIL: test_progress_plan047_deadline_steps (test_vipe_benchmark_supervisor.HelperSessionTests.test_progress_plan047_deadline_steps) (operation='head_readback', when='before')
----------------------------------------------------------------------
Traceback (most recent call last):
  File "/home/auss/git_repos/samaust/Experiments_4DGS/tests/test_vipe_benchmark_supervisor.py", line 3858, in test_progress_plan047_deadline_steps
    self.assertNotIn(item['fd'],owned_descriptors,dict(case=case,descriptor=item))
    ~~~~~~~~~~~~~~~~^^^^^^^^^^^^^^^^^^^^^^^^^^^^^^^^^^^^^^^^^^^^^^^^^^^^^^^^^^^^^^
AssertionError: 173 unexpectedly found in {173: {'operation': 'acquire', 'fd': 173, 'observed': 23569.337467793, 'path': '/proc/150/stat', 'source': 'Path.open'}, 159: {'operation': 'acquire', 'fd': 159, 'observed': 23569.337467793, 'path': '/proc/35550/stat', 'source': 'Path.open'}, 174: {'operation': 'acquire', 'fd': 174, 'observed': 23569.337467793, 'path': '/'}} : {'case': {'operation': 'head_readback', 'when': 'before'}, 'descriptor': {'operation': 'acquire', 'fd': 173, 'observed': 23569.337467793, 'path': '/tmp'}}

======================================================================
FAIL: test_progress_plan047_deadline_steps (test_vipe_benchmark_supervisor.HelperSessionTests.test_progress_plan047_deadline_steps) (operation='head_readback', when='equal')
----------------------------------------------------------------------
Traceback (most recent call last):
  File "/home/auss/git_repos/samaust/Experiments_4DGS/tests/test_vipe_benchmark_supervisor.py", line 3862, in test_progress_plan047_deadline_steps
    self.assertEqual(owned_descriptors,{},dict(case=case,reason='all acquired FDs/streams retired'))
    ~~~~~~~~~~~~~~~~^^^^^^^^^^^^^^^^^^^^^^^^^^^^^^^^^^^^^^^^^^^^^^^^^^^^^^^^^^^^^^^^^^^^^^^^^^^^^^^^
AssertionError: {159: {'operation': 'acquire', 'fd': 159, [193 chars]en'}} != {}
+ {}
- {159: {'fd': 159,
-        'observed': 19999.634825367,
-        'operation': 'acquire',
-        'path': '/proc/1360/stat',
-        'source': 'Path.open'},
-  172: {'fd': 172,
-        'observed': 19999.634825367,
-        'operation': 'acquire',
-        'path': '/proc/48/stat',
-        'source': 'Path.open'}} : {'case': {'operation': 'head_readback', 'when': 'equal'}, 'reason': 'all acquired FDs/streams retired'}

======================================================================
FAIL: test_progress_plan047_deadline_steps (test_vipe_benchmark_supervisor.HelperSessionTests.test_progress_plan047_deadline_steps) (operation='head_readback', when='after')
----------------------------------------------------------------------
Traceback (most recent call last):
  File "/home/auss/git_repos/samaust/Experiments_4DGS/tests/test_vipe_benchmark_supervisor.py", line 3862, in test_progress_plan047_deadline_steps
    self.assertEqual(owned_descriptors,{},dict(case=case,reason='all acquired FDs/streams retired'))
    ~~~~~~~~~~~~~~~~^^^^^^^^^^^^^^^^^^^^^^^^^^^^^^^^^^^^^^^^^^^^^^^^^^^^^^^^^^^^^^^^^^^^^^^^^^^^^^^^
AssertionError: {161: {'operation': 'acquire', 'fd': 161, [72 chars]en'}} != {}
+ {}
- {161: {'fd': 161,
-        'observed': 19999.774788143,
-        'operation': 'acquire',
-        'path': '/proc/58/stat',
-        'source': 'Path.open'}} : {'case': {'operation': 'head_readback', 'when': 'after'}, 'reason': 'all acquired FDs/streams retired'}

======================================================================
FAIL: test_progress_plan047_deadline_steps (test_vipe_benchmark_supervisor.HelperSessionTests.test_progress_plan047_deadline_steps) (operation='generation_install', when='before')
----------------------------------------------------------------------
Traceback (most recent call last):
  File "/home/auss/git_repos/samaust/Experiments_4DGS/tests/test_vipe_benchmark_supervisor.py", line 3862, in test_progress_plan047_deadline_steps
    self.assertEqual(owned_descriptors,{},dict(case=case,reason='all acquired FDs/streams retired'))
    ~~~~~~~~~~~~~~~~^^^^^^^^^^^^^^^^^^^^^^^^^^^^^^^^^^^^^^^^^^^^^^^^^^^^^^^^^^^^^^^^^^^^^^^^^^^^^^^^
AssertionError: {161: {'operation': 'acquire', 'fd': 161, [72 chars]en'}} != {}
+ {}
- {161: {'fd': 161,
-        'observed': 23569.782900075,
-        'operation': 'acquire',
-        'path': '/proc/95/stat',
-        'source': 'Path.open'}} : {'case': {'operation': 'generation_install', 'when': 'before'}, 'reason': 'all acquired FDs/streams retired'}

======================================================================
FAIL: test_progress_plan047_deadline_steps (test_vipe_benchmark_supervisor.HelperSessionTests.test_progress_plan047_deadline_steps) (operation='generation_install', when='equal')
----------------------------------------------------------------------
Traceback (most recent call last):
  File "/home/auss/git_repos/samaust/Experiments_4DGS/tests/test_vipe_benchmark_supervisor.py", line 3862, in test_progress_plan047_deadline_steps
    self.assertEqual(owned_descriptors,{},dict(case=case,reason='all acquired FDs/streams retired'))
    ~~~~~~~~~~~~~~~~^^^^^^^^^^^^^^^^^^^^^^^^^^^^^^^^^^^^^^^^^^^^^^^^^^^^^^^^^^^^^^^^^^^^^^^^^^^^^^^^
AssertionError: {159: {'operation': 'acquire', 'fd': 159, [74 chars]en'}} != {}
+ {}
- {159: {'fd': 159,
-        'observed': 20000.088317084,
-        'operation': 'acquire',
-        'path': '/proc/2639/stat',
-        'source': 'Path.open'}} : {'case': {'operation': 'generation_install', 'when': 'equal'}, 'reason': 'all acquired FDs/streams retired'}

======================================================================
FAIL: test_progress_plan047_deadline_steps (test_vipe_benchmark_supervisor.HelperSessionTests.test_progress_plan047_deadline_steps) (operation='generation_dir_fsync', when='before')
----------------------------------------------------------------------
Traceback (most recent call last):
  File "/home/auss/git_repos/samaust/Experiments_4DGS/tests/test_vipe_benchmark_supervisor.py", line 3862, in test_progress_plan047_deadline_steps
    self.assertEqual(owned_descriptors,{},dict(case=case,reason='all acquired FDs/streams retired'))
    ~~~~~~~~~~~~~~~~^^^^^^^^^^^^^^^^^^^^^^^^^^^^^^^^^^^^^^^^^^^^^^^^^^^^^^^^^^^^^^^^^^^^^^^^^^^^^^^^
AssertionError: {172: {'operation': 'acquire', 'fd': 172, [73 chars]en'}} != {}
+ {}
- {172: {'fd': 172,
-        'observed': 23570.237394412,
-        'operation': 'acquire',
-        'path': '/proc/187/stat',
-        'source': 'Path.open'}} : {'case': {'operation': 'generation_dir_fsync', 'when': 'before'}, 'reason': 'all acquired FDs/streams retired'}

======================================================================
FAIL: test_progress_plan047_deadline_steps (test_vipe_benchmark_supervisor.HelperSessionTests.test_progress_plan047_deadline_steps) (operation='generation_dir_fsync', when='equal')
----------------------------------------------------------------------
Traceback (most recent call last):
  File "/home/auss/git_repos/samaust/Experiments_4DGS/tests/test_vipe_benchmark_supervisor.py", line 3862, in test_progress_plan047_deadline_steps
    self.assertEqual(owned_descriptors,{},dict(case=case,reason='all acquired FDs/streams retired'))
    ~~~~~~~~~~~~~~~~^^^^^^^^^^^^^^^^^^^^^^^^^^^^^^^^^^^^^^^^^^^^^^^^^^^^^^^^^^^^^^^^^^^^^^^^^^^^^^^^
AssertionError: {173: {'operation': 'acquire', 'fd': 173, [72 chars]en'}} != {}
+ {}
- {173: {'fd': 173,
-        'observed': 20000.516406604,
-        'operation': 'acquire',
-        'path': '/proc/23/stat',
-        'source': 'Path.open'}} : {'case': {'operation': 'generation_dir_fsync', 'when': 'equal'}, 'reason': 'all acquired FDs/streams retired'}

======================================================================
FAIL: test_progress_plan047_deadline_steps (test_vipe_benchmark_supervisor.HelperSessionTests.test_progress_plan047_deadline_steps) (operation='generation_dir_fsync', when='after')
----------------------------------------------------------------------
Traceback (most recent call last):
  File "/home/auss/git_repos/samaust/Experiments_4DGS/tests/test_vipe_benchmark_supervisor.py", line 3862, in test_progress_plan047_deadline_steps
    self.assertEqual(owned_descriptors,{},dict(case=case,reason='all acquired FDs/streams retired'))
    ~~~~~~~~~~~~~~~~^^^^^^^^^^^^^^^^^^^^^^^^^^^^^^^^^^^^^^^^^^^^^^^^^^^^^^^^^^^^^^^^^^^^^^^^^^^^^^^^
AssertionError: {161: {'operation': 'acquire', 'fd': 161, [73 chars]en'}} != {}
+ {}
- {161: {'fd': 161,
-        'observed': 20000.65305334,
-        'operation': 'acquire',
-        'path': '/proc/2048/stat',
-        'source': 'Path.open'}} : {'case': {'operation': 'generation_dir_fsync', 'when': 'after'}, 'reason': 'all acquired FDs/streams retired'}

======================================================================
FAIL: test_progress_plan047_deadline_steps (test_vipe_benchmark_supervisor.HelperSessionTests.test_progress_plan047_deadline_steps) (operation='generation_reopen_hash', when='after')
----------------------------------------------------------------------
Traceback (most recent call last):
  File "/home/auss/git_repos/samaust/Experiments_4DGS/tests/test_vipe_benchmark_supervisor.py", line 3862, in test_progress_plan047_deadline_steps
    self.assertEqual(owned_descriptors,{},dict(case=case,reason='all acquired FDs/streams retired'))
    ~~~~~~~~~~~~~~~~^^^^^^^^^^^^^^^^^^^^^^^^^^^^^^^^^^^^^^^^^^^^^^^^^^^^^^^^^^^^^^^^^^^^^^^^^^^^^^^^
AssertionError: {161: {'operation': 'acquire', 'fd': 161, [75 chars]en'}} != {}
+ {}
- {161: {'fd': 161,
-        'observed': 20001.086186686,
-        'operation': 'acquire',
-        'path': '/proc/19205/stat',
-        'source': 'Path.open'}} : {'case': {'operation': 'generation_reopen_hash', 'when': 'after'}, 'reason': 'all acquired FDs/streams retired'}

======================================================================
FAIL: test_progress_plan047_deadline_steps (test_vipe_benchmark_supervisor.HelperSessionTests.test_progress_plan047_deadline_steps) (operation='head_install', when='before')
----------------------------------------------------------------------
Traceback (most recent call last):
  File "/home/auss/git_repos/samaust/Experiments_4DGS/tests/test_vipe_benchmark_supervisor.py", line 3862, in test_progress_plan047_deadline_steps
    self.assertEqual(owned_descriptors,{},dict(case=case,reason='all acquired FDs/streams retired'))
    ~~~~~~~~~~~~~~~~^^^^^^^^^^^^^^^^^^^^^^^^^^^^^^^^^^^^^^^^^^^^^^^^^^^^^^^^^^^^^^^^^^^^^^^^^^^^^^^^
AssertionError: {161: {'operation': 'acquire', 'fd': 161, [194 chars]en'}} != {}
+ {}
- {161: {'fd': 161,
-        'observed': 23571.093594069,
-        'operation': 'acquire',
-        'path': '/proc/36719/stat',
-        'source': 'Path.open'},
-  173: {'fd': 173,
-        'observed': 23571.093594069,
-        'operation': 'acquire',
-        'path': '/proc/89/stat',
-        'source': 'Path.open'}} : {'case': {'operation': 'head_install', 'when': 'before'}, 'reason': 'all acquired FDs/streams retired'}

======================================================================
FAIL: test_progress_plan047_deadline_steps (test_vipe_benchmark_supervisor.HelperSessionTests.test_progress_plan047_deadline_steps) (operation='head_install', when='after')
----------------------------------------------------------------------
Traceback (most recent call last):
  File "/home/auss/git_repos/samaust/Experiments_4DGS/tests/test_vipe_benchmark_supervisor.py", line 3862, in test_progress_plan047_deadline_steps
    self.assertEqual(owned_descriptors,{},dict(case=case,reason='all acquired FDs/streams retired'))
    ~~~~~~~~~~~~~~~~^^^^^^^^^^^^^^^^^^^^^^^^^^^^^^^^^^^^^^^^^^^^^^^^^^^^^^^^^^^^^^^^^^^^^^^^^^^^^^^^
AssertionError: {159: {'operation': 'acquire', 'fd': 159, [193 chars]en'}} != {}
+ {}
- {159: {'fd': 159,
-        'observed': 20001.541700248,
-        'operation': 'acquire',
-        'path': '/proc/1379/stat',
-        'source': 'Path.open'},
-  174: {'fd': 174,
-        'observed': 20001.541700248,
-        'operation': 'acquire',
-        'path': '/proc/41/stat',
-        'source': 'Path.open'}} : {'case': {'operation': 'head_install', 'when': 'after'}, 'reason': 'all acquired FDs/streams retired'}

======================================================================
FAIL: test_progress_plan047_deadline_steps (test_vipe_benchmark_supervisor.HelperSessionTests.test_progress_plan047_deadline_steps) (operation='head_dir_fsync', when='before')
----------------------------------------------------------------------
Traceback (most recent call last):
  File "/home/auss/git_repos/samaust/Experiments_4DGS/tests/test_vipe_benchmark_supervisor.py", line 3862, in test_progress_plan047_deadline_steps
    self.assertEqual(owned_descriptors,{},dict(case=case,reason='all acquired FDs/streams retired'))
    ~~~~~~~~~~~~~~~~^^^^^^^^^^^^^^^^^^^^^^^^^^^^^^^^^^^^^^^^^^^^^^^^^^^^^^^^^^^^^^^^^^^^^^^^^^^^^^^^
AssertionError: {159: {'operation': 'acquire', 'fd': 159, [73 chars]en'}} != {}
+ {}
- {159: {'fd': 159,
-        'observed': 23571.549764656,
-        'operation': 'acquire',
-        'path': '/proc/173/stat',
-        'source': 'Path.open'}} : {'case': {'operation': 'head_dir_fsync', 'when': 'before'}, 'reason': 'all acquired FDs/streams retired'}

======================================================================
FAIL: test_progress_plan047_deadline_steps (test_vipe_benchmark_supervisor.HelperSessionTests.test_progress_plan047_deadline_steps) (operation='head_dir_fsync', when='equal')
----------------------------------------------------------------------
Traceback (most recent call last):
  File "/home/auss/git_repos/samaust/Experiments_4DGS/tests/test_vipe_benchmark_supervisor.py", line 3862, in test_progress_plan047_deadline_steps
    self.assertEqual(owned_descriptors,{},dict(case=case,reason='all acquired FDs/streams retired'))
    ~~~~~~~~~~~~~~~~^^^^^^^^^^^^^^^^^^^^^^^^^^^^^^^^^^^^^^^^^^^^^^^^^^^^^^^^^^^^^^^^^^^^^^^^^^^^^^^^
AssertionError: {174: {'operation': 'acquire', 'fd': 174, [164 chars]ck'}} != {}
+ {}
- {174: {'fd': 174,
-        'observed': 23571.700870818,
-        'operation': 'acquire',
-        'path': '/home/auss/git_repos/samaust/Experiments_4DGS/docs/resolve-blocker/plan031-progress-20260922/.job-ledger-diagnostic-049-015.lock'}} : {'case': {'operation': 'head_dir_fsync', 'when': 'equal'}, 'reason': 'all acquired FDs/streams retired'}

======================================================================
FAIL: test_progress_plan047_deadline_steps (test_vipe_benchmark_supervisor.HelperSessionTests.test_progress_plan047_deadline_steps) (operation='head_dir_fsync', when='after')
----------------------------------------------------------------------
Traceback (most recent call last):
  File "/home/auss/git_repos/samaust/Experiments_4DGS/tests/test_vipe_benchmark_supervisor.py", line 3862, in test_progress_plan047_deadline_steps
    self.assertEqual(owned_descriptors,{},dict(case=case,reason='all acquired FDs/streams retired'))
    ~~~~~~~~~~~~~~~~^^^^^^^^^^^^^^^^^^^^^^^^^^^^^^^^^^^^^^^^^^^^^^^^^^^^^^^^^^^^^^^^^^^^^^^^^^^^^^^^
AssertionError: {161: {'operation': 'acquire', 'fd': 161, [73 chars]en'}} != {}
+ {}
- {161: {'fd': 161,
-        'observed': 20001.970360616,
-        'operation': 'acquire',
-        'path': '/proc/946/stat',
-        'source': 'Path.open'}} : {'case': {'operation': 'head_dir_fsync', 'when': 'after'}, 'reason': 'all acquired FDs/streams retired'}

======================================================================
FAIL: test_progress_plan047_deadline_steps (test_vipe_benchmark_supervisor.HelperSessionTests.test_progress_plan047_deadline_steps) (operation='final_head_read', when='before')
----------------------------------------------------------------------
Traceback (most recent call last):
  File "/home/auss/git_repos/samaust/Experiments_4DGS/tests/test_vipe_benchmark_supervisor.py", line 3862, in test_progress_plan047_deadline_steps
    self.assertEqual(owned_descriptors,{},dict(case=case,reason='all acquired FDs/streams retired'))
    ~~~~~~~~~~~~~~~~^^^^^^^^^^^^^^^^^^^^^^^^^^^^^^^^^^^^^^^^^^^^^^^^^^^^^^^^^^^^^^^^^^^^^^^^^^^^^^^^
AssertionError: {159: {'operation': 'acquire', 'fd': 159, [74 chars]en'}} != {}
+ {}
- {159: {'fd': 159,
-        'observed': 23571.979204576,
-        'operation': 'acquire',
-        'path': '/proc/3442/stat',
-        'source': 'Path.open'}} : {'case': {'operation': 'final_head_read', 'when': 'before'}, 'reason': 'all acquired FDs/streams retired'}

======================================================================
FAIL: test_progress_plan047_deadline_steps (test_vipe_benchmark_supervisor.HelperSessionTests.test_progress_plan047_deadline_steps) (operation='final_head_read', when='equal')
----------------------------------------------------------------------
Traceback (most recent call last):
  File "/home/auss/git_repos/samaust/Experiments_4DGS/tests/test_vipe_benchmark_supervisor.py", line 3862, in test_progress_plan047_deadline_steps
    self.assertEqual(owned_descriptors,{},dict(case=case,reason='all acquired FDs/streams retired'))
    ~~~~~~~~~~~~~~~~^^^^^^^^^^^^^^^^^^^^^^^^^^^^^^^^^^^^^^^^^^^^^^^^^^^^^^^^^^^^^^^^^^^^^^^^^^^^^^^^
AssertionError: {174: {'operation': 'acquire', 'fd': 174, [72 chars]en'}} != {}
+ {}
- {174: {'fd': 174,
-        'observed': 20002.292083811,
-        'operation': 'acquire',
-        'path': '/proc/46/stat',
-        'source': 'Path.open'}} : {'case': {'operation': 'final_head_read', 'when': 'equal'}, 'reason': 'all acquired FDs/streams retired'}

======================================================================
FAIL: test_progress_plan047_deadline_steps (test_vipe_benchmark_supervisor.HelperSessionTests.test_progress_plan047_deadline_steps) (operation='final_generation_read', when='before')
----------------------------------------------------------------------
Traceback (most recent call last):
  File "/home/auss/git_repos/samaust/Experiments_4DGS/tests/test_vipe_benchmark_supervisor.py", line 3862, in test_progress_plan047_deadline_steps
    self.assertEqual(owned_descriptors,{},dict(case=case,reason='all acquired FDs/streams retired'))
    ~~~~~~~~~~~~~~~~^^^^^^^^^^^^^^^^^^^^^^^^^^^^^^^^^^^^^^^^^^^^^^^^^^^^^^^^^^^^^^^^^^^^^^^^^^^^^^^^
AssertionError: {159: {'operation': 'acquire', 'fd': 159, [73 chars]en'}} != {}
+ {}
- {159: {'fd': 159,
-        'observed': 23572.458452392,
-        'operation': 'acquire',
-        'path': '/proc/117/stat',
-        'source': 'Path.open'}} : {'case': {'operation': 'final_generation_read', 'when': 'before'}, 'reason': 'all acquired FDs/streams retired'}

======================================================================
FAIL: test_progress_plan047_deadline_steps (test_vipe_benchmark_supervisor.HelperSessionTests.test_progress_plan047_deadline_steps) (operation='final_generation_read', when='equal')
----------------------------------------------------------------------
Traceback (most recent call last):
  File "/home/auss/git_repos/samaust/Experiments_4DGS/tests/test_vipe_benchmark_supervisor.py", line 3862, in test_progress_plan047_deadline_steps
    self.assertEqual(owned_descriptors,{},dict(case=case,reason='all acquired FDs/streams retired'))
    ~~~~~~~~~~~~~~~~^^^^^^^^^^^^^^^^^^^^^^^^^^^^^^^^^^^^^^^^^^^^^^^^^^^^^^^^^^^^^^^^^^^^^^^^^^^^^^^^
AssertionError: {161: {'operation': 'acquire', 'fd': 161, [71 chars]en'}} != {}
+ {}
- {161: {'fd': 161,
-        'observed': 20002.7500184,
-        'operation': 'acquire',
-        'path': '/proc/183/stat',
-        'source': 'Path.open'}} : {'case': {'operation': 'final_generation_read', 'when': 'equal'}, 'reason': 'all acquired FDs/streams retired'}

======================================================================
FAIL: test_progress_plan047_deadline_steps (test_vipe_benchmark_supervisor.HelperSessionTests.test_progress_plan047_deadline_steps) (operation='final_generation_read', when='after')
----------------------------------------------------------------------
Traceback (most recent call last):
  File "/home/auss/git_repos/samaust/Experiments_4DGS/tests/test_vipe_benchmark_supervisor.py", line 3862, in test_progress_plan047_deadline_steps
    self.assertEqual(owned_descriptors,{},dict(case=case,reason='all acquired FDs/streams retired'))
    ~~~~~~~~~~~~~~~~^^^^^^^^^^^^^^^^^^^^^^^^^^^^^^^^^^^^^^^^^^^^^^^^^^^^^^^^^^^^^^^^^^^^^^^^^^^^^^^^
AssertionError: {159: {'operation': 'acquire', 'fd': 159, [192 chars]en'}} != {}
+ {}
- {159: {'fd': 159,
-        'observed': 20002.903654918,
-        'operation': 'acquire',
-        'path': '/proc/473/stat',
-        'source': 'Path.open'},
-  173: {'fd': 173,
-        'observed': 20002.903654918,
-        'operation': 'acquire',
-        'path': '/proc/43/stat',
-        'source': 'Path.open'}} : {'case': {'operation': 'final_generation_read', 'when': 'after'}, 'reason': 'all acquired FDs/streams retired'}

======================================================================
FAIL: test_progress_plan047_deadline_steps (test_vipe_benchmark_supervisor.HelperSessionTests.test_progress_plan047_deadline_steps) (operation='notice_send', when='before')
----------------------------------------------------------------------
Traceback (most recent call last):
  File "/home/auss/git_repos/samaust/Experiments_4DGS/tests/test_vipe_benchmark_supervisor.py", line 3862, in test_progress_plan047_deadline_steps
    self.assertEqual(owned_descriptors,{},dict(case=case,reason='all acquired FDs/streams retired'))
    ~~~~~~~~~~~~~~~~^^^^^^^^^^^^^^^^^^^^^^^^^^^^^^^^^^^^^^^^^^^^^^^^^^^^^^^^^^^^^^^^^^^^^^^^^^^^^^^^
AssertionError: {161: {'operation': 'acquire', 'fd': 161, [210 chars]en'}} != {}
+ {}
- {159: {'fd': 159,
-        'observed': 23572.913793046,
-        'operation': 'acquire',
-        'path': '/proc/sys/kernel/random/boot_id',
-        'source': 'Path.open'},
-  161: {'fd': 161,
-        'observed': 23572.913793046,
-        'operation': 'acquire',
-        'path': '/proc/385/stat',
-        'source': 'Path.open'}} : {'case': {'operation': 'notice_send', 'when': 'before'}, 'reason': 'all acquired FDs/streams retired'}

======================================================================
FAIL: test_progress_plan047_deadline_steps (test_vipe_benchmark_supervisor.HelperSessionTests.test_progress_plan047_deadline_steps) (operation='notice_send', when='equal')
----------------------------------------------------------------------
Traceback (most recent call last):
  File "/home/auss/git_repos/samaust/Experiments_4DGS/tests/test_vipe_benchmark_supervisor.py", line 3862, in test_progress_plan047_deadline_steps
    self.assertEqual(owned_descriptors,{},dict(case=case,reason='all acquired FDs/streams retired'))
    ~~~~~~~~~~~~~~~~^^^^^^^^^^^^^^^^^^^^^^^^^^^^^^^^^^^^^^^^^^^^^^^^^^^^^^^^^^^^^^^^^^^^^^^^^^^^^^^^
AssertionError: {161: {'operation': 'acquire', 'fd': 161, [72 chars]en'}} != {}
+ {}
- {161: {'fd': 161,
-        'observed': 23572.819099248,
-        'operation': 'acquire',
-        'path': '/proc/61/stat',
-        'source': 'Path.open'}} : {'case': {'operation': 'notice_send', 'when': 'equal'}, 'reason': 'all acquired FDs/streams retired'}

======================================================================
FAIL: test_progress_plan047_deadline_steps (test_vipe_benchmark_supervisor.HelperSessionTests.test_progress_plan047_deadline_steps) (operation='notice_send', when='after')
----------------------------------------------------------------------
Traceback (most recent call last):
  File "/home/auss/git_repos/samaust/Experiments_4DGS/tests/test_vipe_benchmark_supervisor.py", line 3862, in test_progress_plan047_deadline_steps
    self.assertEqual(owned_descriptors,{},dict(case=case,reason='all acquired FDs/streams retired'))
    ~~~~~~~~~~~~~~~~^^^^^^^^^^^^^^^^^^^^^^^^^^^^^^^^^^^^^^^^^^^^^^^^^^^^^^^^^^^^^^^^^^^^^^^^^^^^^^^^
AssertionError: {159: {'operation': 'acquire', 'fd': 159, [191 chars]en'}} != {}
+ {}
- {159: {'fd': 159,
-        'observed': 23572.96694493,
-        'operation': 'acquire',
-        'path': '/proc/2632/stat',
-        'source': 'Path.open'},
-  161: {'fd': 161,
-        'observed': 23572.96694493,
-        'operation': 'acquire',
-        'path': '/proc/61/stat',
-        'source': 'Path.open'}} : {'case': {'operation': 'notice_send', 'when': 'after'}, 'reason': 'all acquired FDs/streams retired'}

======================================================================
FAIL: test_progress_plan047_deadline_steps (test_vipe_benchmark_supervisor.HelperSessionTests.test_progress_plan047_deadline_steps) (operation='owner_retention', when='before')
----------------------------------------------------------------------
Traceback (most recent call last):
  File "/home/auss/git_repos/samaust/Experiments_4DGS/tests/test_vipe_benchmark_supervisor.py", line 3862, in test_progress_plan047_deadline_steps
    self.assertEqual(owned_descriptors,{},dict(case=case,reason='all acquired FDs/streams retired'))
    ~~~~~~~~~~~~~~~~^^^^^^^^^^^^^^^^^^^^^^^^^^^^^^^^^^^^^^^^^^^^^^^^^^^^^^^^^^^^^^^^^^^^^^^^^^^^^^^^
AssertionError: {161: {'operation': 'acquire', 'fd': 161, [195 chars]en'}} != {}
+ {}
- {159: {'fd': 159,
-        'observed': 23573.357303747,
-        'operation': 'acquire',
-        'path': '/proc/137/stat',
-        'source': 'Path.open'},
-  161: {'fd': 161,
-        'observed': 23573.108303747,
-        'operation': 'acquire',
-        'path': '/proc/31673/stat',
-        'source': 'Path.open'}} : {'case': {'operation': 'owner_retention', 'when': 'before'}, 'reason': 'all acquired FDs/streams retired'}

======================================================================
FAIL: test_progress_plan047_deadline_steps (test_vipe_benchmark_supervisor.HelperSessionTests.test_progress_plan047_deadline_steps) (operation='owner_retention', when='equal')
----------------------------------------------------------------------
Traceback (most recent call last):
  File "/home/auss/git_repos/samaust/Experiments_4DGS/tests/test_vipe_benchmark_supervisor.py", line 3862, in test_progress_plan047_deadline_steps
    self.assertEqual(owned_descriptors,{},dict(case=case,reason='all acquired FDs/streams retired'))
    ~~~~~~~~~~~~~~~~^^^^^^^^^^^^^^^^^^^^^^^^^^^^^^^^^^^^^^^^^^^^^^^^^^^^^^^^^^^^^^^^^^^^^^^^^^^^^^^^
AssertionError: {161: {'operation': 'acquire', 'fd': 161, [73 chars]en'}} != {}
+ {}
- {161: {'fd': 161,
-        'observed': 23573.257441062,
-        'operation': 'acquire',
-        'path': '/proc/390/stat',
-        'source': 'Path.open'}} : {'case': {'operation': 'owner_retention', 'when': 'equal'}, 'reason': 'all acquired FDs/streams retired'}

======================================================================
FAIL: test_progress_plan047_deadline_steps (test_vipe_benchmark_supervisor.HelperSessionTests.test_progress_plan047_deadline_steps) (operation='owner_retention', when='after')
----------------------------------------------------------------------
Traceback (most recent call last):
  File "/home/auss/git_repos/samaust/Experiments_4DGS/tests/test_vipe_benchmark_supervisor.py", line 3862, in test_progress_plan047_deadline_steps
    self.assertEqual(owned_descriptors,{},dict(case=case,reason='all acquired FDs/streams retired'))
    ~~~~~~~~~~~~~~~~^^^^^^^^^^^^^^^^^^^^^^^^^^^^^^^^^^^^^^^^^^^^^^^^^^^^^^^^^^^^^^^^^^^^^^^^^^^^^^^^
AssertionError: {161: {'operation': 'acquire', 'fd': 161, [195 chars]en'}} != {}
+ {}
- {159: {'fd': 159,
-        'observed': 23573.421208774,
-        'operation': 'acquire',
-        'path': '/proc/194/stat',
-        'source': 'Path.open'},
-  161: {'fd': 161,
-        'observed': 23573.421208774,
-        'operation': 'acquire',
-        'path': '/proc/34416/stat',
-        'source': 'Path.open'}} : {'case': {'operation': 'owner_retention', 'when': 'after'}, 'reason': 'all acquired FDs/streams retired'}

======================================================================
FAIL: test_progress_plan047_deadline_steps (test_vipe_benchmark_supervisor.HelperSessionTests.test_progress_plan047_deadline_steps) (operation='ack_send', when='before')
----------------------------------------------------------------------
Traceback (most recent call last):
  File "/home/auss/git_repos/samaust/Experiments_4DGS/tests/test_vipe_benchmark_supervisor.py", line 3862, in test_progress_plan047_deadline_steps
    self.assertEqual(owned_descriptors,{},dict(case=case,reason='all acquired FDs/streams retired'))
    ~~~~~~~~~~~~~~~~^^^^^^^^^^^^^^^^^^^^^^^^^^^^^^^^^^^^^^^^^^^^^^^^^^^^^^^^^^^^^^^^^^^^^^^^^^^^^^^^
AssertionError: {159: {'operation': 'acquire', 'fd': 159, [195 chars]en'}} != {}
+ {}
- {159: {'fd': 159,
-        'observed': 23573.570805883,
-        'operation': 'acquire',
-        'path': '/proc/345/stat',
-        'source': 'Path.open'},
-  173: {'fd': 173,
-        'observed': 23573.819805883,
-        'operation': 'acquire',
-        'path': '/proc/36536/stat',
-        'source': 'Path.open'}} : {'case': {'operation': 'ack_send', 'when': 'before'}, 'reason': 'all acquired FDs/streams retired'}

======================================================================
FAIL: test_progress_plan047_deadline_steps (test_vipe_benchmark_supervisor.HelperSessionTests.test_progress_plan047_deadline_steps) (operation='ack_send', when='after')
----------------------------------------------------------------------
Traceback (most recent call last):
  File "/home/auss/git_repos/samaust/Experiments_4DGS/tests/test_vipe_benchmark_supervisor.py", line 3862, in test_progress_plan047_deadline_steps
    self.assertEqual(owned_descriptors,{},dict(case=case,reason='all acquired FDs/streams retired'))
    ~~~~~~~~~~~~~~~~^^^^^^^^^^^^^^^^^^^^^^^^^^^^^^^^^^^^^^^^^^^^^^^^^^^^^^^^^^^^^^^^^^^^^^^^^^^^^^^^
AssertionError: {161: {'operation': 'acquire', 'fd': 161, [72 chars]en'}} != {}
+ {}
- {161: {'fd': 161,
-        'observed': 23573.876288623,
-        'operation': 'acquire',
-        'path': '/proc/76/stat',
-        'source': 'Path.open'}} : {'case': {'operation': 'ack_send', 'when': 'after'}, 'reason': 'all acquired FDs/streams retired'}

======================================================================
FAIL: test_progress_plan047_deadline_steps (test_vipe_benchmark_supervisor.HelperSessionTests.test_progress_plan047_deadline_steps) (operation='ack_receipt', when='equal')
----------------------------------------------------------------------
Traceback (most recent call last):
  File "/home/auss/git_repos/samaust/Experiments_4DGS/tests/test_vipe_benchmark_supervisor.py", line 3862, in test_progress_plan047_deadline_steps
    self.assertEqual(owned_descriptors,{},dict(case=case,reason='all acquired FDs/streams retired'))
    ~~~~~~~~~~~~~~~~^^^^^^^^^^^^^^^^^^^^^^^^^^^^^^^^^^^^^^^^^^^^^^^^^^^^^^^^^^^^^^^^^^^^^^^^^^^^^^^^
AssertionError: {174: {'operation': 'acquire', 'fd': 174, [193 chars]en'}} != {}
+ {}
- {159: {'fd': 159,
-        'observed': 23574.185743393,
-        'operation': 'acquire',
-        'path': '/proc/3648/stat',
-        'source': 'Path.open'},
-  174: {'fd': 174,
-        'observed': 23574.185743393,
-        'operation': 'acquire',
-        'path': '/proc/83/stat',
-        'source': 'Path.open'}} : {'case': {'operation': 'ack_receipt', 'when': 'equal'}, 'reason': 'all acquired FDs/streams retired'}

======================================================================
FAIL: test_progress_plan047_deadline_steps (test_vipe_benchmark_supervisor.HelperSessionTests.test_progress_plan047_deadline_steps) (operation='ack_receipt', when='after')
----------------------------------------------------------------------
Traceback (most recent call last):
  File "/home/auss/git_repos/samaust/Experiments_4DGS/tests/test_vipe_benchmark_supervisor.py", line 3862, in test_progress_plan047_deadline_steps
    self.assertEqual(owned_descriptors,{},dict(case=case,reason='all acquired FDs/streams retired'))
    ~~~~~~~~~~~~~~~~^^^^^^^^^^^^^^^^^^^^^^^^^^^^^^^^^^^^^^^^^^^^^^^^^^^^^^^^^^^^^^^^^^^^^^^^^^^^^^^^
AssertionError: {173: {'operation': 'acquire', 'fd': 173, [72 chars]en'}} != {}
+ {}
- {173: {'fd': 173,
-        'observed': 23574.334750582,
-        'operation': 'acquire',
-        'path': '/proc/68/stat',
-        'source': 'Path.open'}} : {'case': {'operation': 'ack_receipt', 'when': 'after'}, 'reason': 'all acquired FDs/streams retired'}

======================================================================
FAIL: test_progress_plan047_deadline_steps (test_vipe_benchmark_supervisor.HelperSessionTests.test_progress_plan047_deadline_steps) (operation='array_npy', when='before')
----------------------------------------------------------------------
Traceback (most recent call last):
  File "/home/auss/git_repos/samaust/Experiments_4DGS/tests/test_vipe_benchmark_supervisor.py", line 3862, in test_progress_plan047_deadline_steps
    self.assertEqual(owned_descriptors,{},dict(case=case,reason='all acquired FDs/streams retired'))
    ~~~~~~~~~~~~~~~~^^^^^^^^^^^^^^^^^^^^^^^^^^^^^^^^^^^^^^^^^^^^^^^^^^^^^^^^^^^^^^^^^^^^^^^^^^^^^^^^
AssertionError: {159: {'operation': 'acquire', 'fd': 159, [73 chars]en'}} != {}
+ {}
- {159: {'fd': 159,
-        'observed': 23574.733482033,
-        'operation': 'acquire',
-        'path': '/proc/133/stat',
-        'source': 'Path.open'}} : {'case': {'operation': 'array_npy', 'when': 'before'}, 'reason': 'all acquired FDs/streams retired'}

======================================================================
FAIL: test_progress_plan047_deadline_steps (test_vipe_benchmark_supervisor.HelperSessionTests.test_progress_plan047_deadline_steps) (operation='array_npy', when='after')
----------------------------------------------------------------------
Traceback (most recent call last):
  File "/home/auss/git_repos/samaust/Experiments_4DGS/tests/test_vipe_benchmark_supervisor.py", line 3862, in test_progress_plan047_deadline_steps
    self.assertEqual(owned_descriptors,{},dict(case=case,reason='all acquired FDs/streams retired'))
    ~~~~~~~~~~~~~~~~^^^^^^^^^^^^^^^^^^^^^^^^^^^^^^^^^^^^^^^^^^^^^^^^^^^^^^^^^^^^^^^^^^^^^^^^^^^^^^^^
AssertionError: {159: {'operation': 'acquire', 'fd': 159, [73 chars]en'}} != {}
+ {}
- {159: {'fd': 159,
-        'observed': 20005.148215301,
-        'operation': 'acquire',
-        'path': '/proc/118/stat',
-        'source': 'Path.open'}} : {'case': {'operation': 'array_npy', 'when': 'after'}, 'reason': 'all acquired FDs/streams retired'}

======================================================================
FAIL: test_progress_plan047_deadline_steps (test_vipe_benchmark_supervisor.HelperSessionTests.test_progress_plan047_deadline_steps) (operation='array_png', when='equal')
----------------------------------------------------------------------
Traceback (most recent call last):
  File "/home/auss/git_repos/samaust/Experiments_4DGS/tests/test_vipe_benchmark_supervisor.py", line 3862, in test_progress_plan047_deadline_steps
    self.assertEqual(owned_descriptors,{},dict(case=case,reason='all acquired FDs/streams retired'))
    ~~~~~~~~~~~~~~~~^^^^^^^^^^^^^^^^^^^^^^^^^^^^^^^^^^^^^^^^^^^^^^^^^^^^^^^^^^^^^^^^^^^^^^^^^^^^^^^^
AssertionError: {159: {'operation': 'acquire', 'fd': 159, [73 chars]en'}} != {}
+ {}
- {159: {'fd': 159,
-        'observed': 20005.426735437,
-        'operation': 'acquire',
-        'path': '/proc/407/stat',
-        'source': 'Path.open'}} : {'case': {'operation': 'array_png', 'when': 'equal'}, 'reason': 'all acquired FDs/streams retired'}

======================================================================
FAIL: test_progress_plan047_deadline_steps (test_vipe_benchmark_supervisor.HelperSessionTests.test_progress_plan047_deadline_steps) (operation='npz_member', when='before')
----------------------------------------------------------------------
Traceback (most recent call last):
  File "/home/auss/git_repos/samaust/Experiments_4DGS/tests/test_vipe_benchmark_supervisor.py", line 3862, in test_progress_plan047_deadline_steps
    self.assertEqual(owned_descriptors,{},dict(case=case,reason='all acquired FDs/streams retired'))
    ~~~~~~~~~~~~~~~~^^^^^^^^^^^^^^^^^^^^^^^^^^^^^^^^^^^^^^^^^^^^^^^^^^^^^^^^^^^^^^^^^^^^^^^^^^^^^^^^
AssertionError: {173: {'operation': 'acquire', 'fd': 173, [72 chars]en'}} != {}
+ {}
- {173: {'fd': 173,
-        'observed': 23575.564384787,
-        'operation': 'acquire',
-        'path': '/proc/31/stat',
-        'source': 'Path.open'}} : {'case': {'operation': 'npz_member', 'when': 'before'}, 'reason': 'all acquired FDs/streams retired'}

======================================================================
FAIL: test_progress_plan047_deadline_steps (test_vipe_benchmark_supervisor.HelperSessionTests.test_progress_plan047_deadline_steps) (operation='npz_member', when='after')
----------------------------------------------------------------------
Traceback (most recent call last):
  File "/home/auss/git_repos/samaust/Experiments_4DGS/tests/test_vipe_benchmark_supervisor.py", line 3862, in test_progress_plan047_deadline_steps
    self.assertEqual(owned_descriptors,{},dict(case=case,reason='all acquired FDs/streams retired'))
    ~~~~~~~~~~~~~~~~^^^^^^^^^^^^^^^^^^^^^^^^^^^^^^^^^^^^^^^^^^^^^^^^^^^^^^^^^^^^^^^^^^^^^^^^^^^^^^^^
AssertionError: {159: {'operation': 'acquire', 'fd': 159, [195 chars]en'}} != {}
+ {}
- {159: {'fd': 159,
-        'observed': 20005.990318191,
-        'operation': 'acquire',
-        'path': '/proc/167/stat',
-        'source': 'Path.open'},
-  161: {'fd': 161,
-        'observed': 20005.990318191,
-        'operation': 'acquire',
-        'path': '/proc/25636/stat',
-        'source': 'Path.open'}} : {'case': {'operation': 'npz_member', 'when': 'after'}, 'reason': 'all acquired FDs/streams retired'}

======================================================================
FAIL: test_progress_plan047_deadline_steps (test_vipe_benchmark_supervisor.HelperSessionTests.test_progress_plan047_deadline_steps) (operation='npz_finalize', when='before')
----------------------------------------------------------------------
Traceback (most recent call last):
  File "/home/auss/git_repos/samaust/Experiments_4DGS/tests/test_vipe_benchmark_supervisor.py", line 3862, in test_progress_plan047_deadline_steps
    self.assertEqual(owned_descriptors,{},dict(case=case,reason='all acquired FDs/streams retired'))
    ~~~~~~~~~~~~~~~~^^^^^^^^^^^^^^^^^^^^^^^^^^^^^^^^^^^^^^^^^^^^^^^^^^^^^^^^^^^^^^^^^^^^^^^^^^^^^^^^
AssertionError: {161: {'operation': 'acquire', 'fd': 161, [195 chars]en'}} != {}
+ {}
- {161: {'fd': 161,
-        'observed': 23575.996128595,
-        'operation': 'acquire',
-        'path': '/proc/126/stat',
-        'source': 'Path.open'},
-  173: {'fd': 173,
-        'observed': 23575.996128595,
-        'operation': 'acquire',
-        'path': '/proc/36161/stat',
-        'source': 'Path.open'}} : {'case': {'operation': 'npz_finalize', 'when': 'before'}, 'reason': 'all acquired FDs/streams retired'}

======================================================================
FAIL: test_progress_plan047_deadline_steps (test_vipe_benchmark_supervisor.HelperSessionTests.test_progress_plan047_deadline_steps) (operation='npz_finalize', when='after')
----------------------------------------------------------------------
Traceback (most recent call last):
  File "/home/auss/git_repos/samaust/Experiments_4DGS/tests/test_vipe_benchmark_supervisor.py", line 3862, in test_progress_plan047_deadline_steps
    self.assertEqual(owned_descriptors,{},dict(case=case,reason='all acquired FDs/streams retired'))
    ~~~~~~~~~~~~~~~~^^^^^^^^^^^^^^^^^^^^^^^^^^^^^^^^^^^^^^^^^^^^^^^^^^^^^^^^^^^^^^^^^^^^^^^^^^^^^^^^
AssertionError: {159: {'operation': 'acquire', 'fd': 159, [73 chars]en'}} != {}
+ {}
- {159: {'fd': 159,
-        'observed': 20006.43546269,
-        'operation': 'acquire',
-        'path': '/proc/2127/stat',
-        'source': 'Path.open'}} : {'case': {'operation': 'npz_finalize', 'when': 'after'}, 'reason': 'all acquired FDs/streams retired'}

======================================================================
FAIL: test_progress_plan047_deadline_steps (test_vipe_benchmark_supervisor.HelperSessionTests.test_progress_plan047_deadline_steps) (operation='array_hash', when='before')
----------------------------------------------------------------------
Traceback (most recent call last):
  File "/home/auss/git_repos/samaust/Experiments_4DGS/tests/test_vipe_benchmark_supervisor.py", line 3862, in test_progress_plan047_deadline_steps
    self.assertEqual(owned_descriptors,{},dict(case=case,reason='all acquired FDs/streams retired'))
    ~~~~~~~~~~~~~~~~^^^^^^^^^^^^^^^^^^^^^^^^^^^^^^^^^^^^^^^^^^^^^^^^^^^^^^^^^^^^^^^^^^^^^^^^^^^^^^^^
AssertionError: {161: {'operation': 'acquire', 'fd': 161, [75 chars]en'}} != {}
+ {}
- {161: {'fd': 161,
-        'observed': 20006.570981898,
-        'operation': 'acquire',
-        'path': '/proc/36875/stat',
-        'source': 'Path.open'}} : {'case': {'operation': 'array_hash', 'when': 'before'}, 'reason': 'all acquired FDs/streams retired'}

======================================================================
FAIL: test_progress_plan047_deadline_steps (test_vipe_benchmark_supervisor.HelperSessionTests.test_progress_plan047_deadline_steps) (operation='array_hash', when='equal')
----------------------------------------------------------------------
Traceback (most recent call last):
  File "/home/auss/git_repos/samaust/Experiments_4DGS/tests/test_vipe_benchmark_supervisor.py", line 3862, in test_progress_plan047_deadline_steps
    self.assertEqual(owned_descriptors,{},dict(case=case,reason='all acquired FDs/streams retired'))
    ~~~~~~~~~~~~~~~~^^^^^^^^^^^^^^^^^^^^^^^^^^^^^^^^^^^^^^^^^^^^^^^^^^^^^^^^^^^^^^^^^^^^^^^^^^^^^^^^
AssertionError: {161: {'operation': 'acquire', 'fd': 161, [73 chars]en'}} != {}
+ {}
- {161: {'fd': 161,
-        'observed': 20006.718871522,
-        'operation': 'acquire',
-        'path': '/proc/187/stat',
-        'source': 'Path.open'}} : {'case': {'operation': 'array_hash', 'when': 'equal'}, 'reason': 'all acquired FDs/streams retired'}

======================================================================
FAIL: test_progress_plan047_deadline_steps (test_vipe_benchmark_supervisor.HelperSessionTests.test_progress_plan047_deadline_steps) (operation='array_hash', when='after')
----------------------------------------------------------------------
Traceback (most recent call last):
  File "/home/auss/git_repos/samaust/Experiments_4DGS/tests/test_vipe_benchmark_supervisor.py", line 3862, in test_progress_plan047_deadline_steps
    self.assertEqual(owned_descriptors,{},dict(case=case,reason='all acquired FDs/streams retired'))
    ~~~~~~~~~~~~~~~~^^^^^^^^^^^^^^^^^^^^^^^^^^^^^^^^^^^^^^^^^^^^^^^^^^^^^^^^^^^^^^^^^^^^^^^^^^^^^^^^
AssertionError: {159: {'operation': 'acquire', 'fd': 159, [75 chars]en'}} != {}
+ {}
- {159: {'fd': 159,
-        'observed': 20006.854700408,
-        'operation': 'acquire',
-        'path': '/proc/31658/stat',
-        'source': 'Path.open'}} : {'case': {'operation': 'array_hash', 'when': 'after'}, 'reason': 'all acquired FDs/streams retired'}

======================================================================
FAIL: test_progress_plan047_deadline_steps (test_vipe_benchmark_supervisor.HelperSessionTests.test_progress_plan047_deadline_steps) (operation='produced_json', when='before')
----------------------------------------------------------------------
Traceback (most recent call last):
  File "/home/auss/git_repos/samaust/Experiments_4DGS/tests/test_vipe_benchmark_supervisor.py", line 3862, in test_progress_plan047_deadline_steps
    self.assertEqual(owned_descriptors,{},dict(case=case,reason='all acquired FDs/streams retired'))
    ~~~~~~~~~~~~~~~~^^^^^^^^^^^^^^^^^^^^^^^^^^^^^^^^^^^^^^^^^^^^^^^^^^^^^^^^^^^^^^^^^^^^^^^^^^^^^^^^
AssertionError: {161: {'operation': 'acquire', 'fd': 161, [74 chars]en'}} != {}
+ {}
- {161: {'fd': 161,
-        'observed': 23576.858670897,
-        'operation': 'acquire',
-        'path': '/proc/1346/stat',
-        'source': 'Path.open'}} : {'case': {'operation': 'produced_json', 'when': 'before'}, 'reason': 'all acquired FDs/streams retired'}

======================================================================
FAIL: test_progress_plan047_deadline_steps (test_vipe_benchmark_supervisor.HelperSessionTests.test_progress_plan047_deadline_steps) (operation='produced_json', when='equal')
----------------------------------------------------------------------
Traceback (most recent call last):
  File "/home/auss/git_repos/samaust/Experiments_4DGS/tests/test_vipe_benchmark_supervisor.py", line 3862, in test_progress_plan047_deadline_steps
    self.assertEqual(owned_descriptors,{},dict(case=case,reason='all acquired FDs/streams retired'))
    ~~~~~~~~~~~~~~~~^^^^^^^^^^^^^^^^^^^^^^^^^^^^^^^^^^^^^^^^^^^^^^^^^^^^^^^^^^^^^^^^^^^^^^^^^^^^^^^^
AssertionError: {161: {'operation': 'acquire', 'fd': 161, [73 chars]en'}} != {}
+ {}
- {161: {'fd': 161,
-        'observed': 20007.276199597,
-        'operation': 'acquire',
-        'path': '/proc/136/stat',
-        'source': 'Path.open'}} : {'case': {'operation': 'produced_json', 'when': 'equal'}, 'reason': 'all acquired FDs/streams retired'}

======================================================================
FAIL: test_progress_plan047_deadline_steps (test_vipe_benchmark_supervisor.HelperSessionTests.test_progress_plan047_deadline_steps) (operation='produced_read', when='equal')
----------------------------------------------------------------------
Traceback (most recent call last):
  File "/home/auss/git_repos/samaust/Experiments_4DGS/tests/test_vipe_benchmark_supervisor.py", line 3862, in test_progress_plan047_deadline_steps
    self.assertEqual(owned_descriptors,{},dict(case=case,reason='all acquired FDs/streams retired'))
    ~~~~~~~~~~~~~~~~^^^^^^^^^^^^^^^^^^^^^^^^^^^^^^^^^^^^^^^^^^^^^^^^^^^^^^^^^^^^^^^^^^^^^^^^^^^^^^^^
AssertionError: {159: {'operation': 'acquire', 'fd': 159, [72 chars]en'}} != {}
+ {}
- {159: {'fd': 159,
-        'observed': 23577.726723508,
-        'operation': 'acquire',
-        'path': '/proc/29/stat',
-        'source': 'Path.open'}} : {'case': {'operation': 'produced_read', 'when': 'equal'}, 'reason': 'all acquired FDs/streams retired'}

======================================================================
FAIL: test_progress_plan047_deadline_steps (test_vipe_benchmark_supervisor.HelperSessionTests.test_progress_plan047_deadline_steps) (operation='produced_read', when='after')
----------------------------------------------------------------------
Traceback (most recent call last):
  File "/home/auss/git_repos/samaust/Experiments_4DGS/tests/test_vipe_benchmark_supervisor.py", line 3862, in test_progress_plan047_deadline_steps
    self.assertEqual(owned_descriptors,{},dict(case=case,reason='all acquired FDs/streams retired'))
    ~~~~~~~~~~~~~~~~^^^^^^^^^^^^^^^^^^^^^^^^^^^^^^^^^^^^^^^^^^^^^^^^^^^^^^^^^^^^^^^^^^^^^^^^^^^^^^^^
AssertionError: {159: {'operation': 'acquire', 'fd': 159, [192 chars]en'}} != {}
+ {}
- {159: {'fd': 159,
-        'observed': 23577.872841549,
-        'operation': 'acquire',
-        'path': '/proc/57/stat',
-        'source': 'Path.open'},
-  174: {'fd': 174,
-        'observed': 23577.872841549,
-        'operation': 'acquire',
-        'path': '/proc/194/stat',
-        'source': 'Path.open'}} : {'case': {'operation': 'produced_read', 'when': 'after'}, 'reason': 'all acquired FDs/streams retired'}

======================================================================
FAIL: test_progress_plan047_deadline_steps (test_vipe_benchmark_supervisor.HelperSessionTests.test_progress_plan047_deadline_steps) (operation='produced_guard', when='equal')
----------------------------------------------------------------------
Traceback (most recent call last):
  File "/home/auss/git_repos/samaust/Experiments_4DGS/tests/test_vipe_benchmark_supervisor.py", line 3862, in test_progress_plan047_deadline_steps
    self.assertEqual(owned_descriptors,{},dict(case=case,reason='all acquired FDs/streams retired'))
    ~~~~~~~~~~~~~~~~^^^^^^^^^^^^^^^^^^^^^^^^^^^^^^^^^^^^^^^^^^^^^^^^^^^^^^^^^^^^^^^^^^^^^^^^^^^^^^^^
AssertionError: {161: {'operation': 'acquire', 'fd': 161, [73 chars]en'}} != {}
+ {}
- {161: {'fd': 161,
-        'observed': 23578.317696673,
-        'operation': 'acquire',
-        'path': '/proc/179/stat',
-        'source': 'Path.open'}} : {'case': {'operation': 'produced_guard', 'when': 'equal'}, 'reason': 'all acquired FDs/streams retired'}

======================================================================
FAIL: test_progress_plan047_deadline_steps (test_vipe_benchmark_supervisor.HelperSessionTests.test_progress_plan047_deadline_steps) (operation='qualified_guard', when='after')
----------------------------------------------------------------------
Traceback (most recent call last):
  File "/home/auss/git_repos/samaust/Experiments_4DGS/tests/test_vipe_benchmark_supervisor.py", line 3862, in test_progress_plan047_deadline_steps
    self.assertEqual(owned_descriptors,{},dict(case=case,reason='all acquired FDs/streams retired'))
    ~~~~~~~~~~~~~~~~^^^^^^^^^^^^^^^^^^^^^^^^^^^^^^^^^^^^^^^^^^^^^^^^^^^^^^^^^^^^^^^^^^^^^^^^^^^^^^^^
AssertionError: {172: {'operation': 'acquire', 'fd': 172, [192 chars]en'}} != {}
+ {}
- {159: {'fd': 159,
-        'observed': 23579.114775443,
-        'operation': 'acquire',
-        'path': '/proc/45/stat',
-        'source': 'Path.open'},
-  172: {'fd': 172,
-        'observed': 23579.114775443,
-        'operation': 'acquire',
-        'path': '/proc/576/stat',
-        'source': 'Path.open'}} : {'case': {'operation': 'qualified_guard', 'when': 'after'}, 'reason': 'all acquired FDs/streams retired'}

======================================================================
FAIL: test_progress_plan047_deadline_steps (test_vipe_benchmark_supervisor.HelperSessionTests.test_progress_plan047_deadline_steps) (operation='runtime_guard', when='before')
----------------------------------------------------------------------
Traceback (most recent call last):
  File "/home/auss/git_repos/samaust/Experiments_4DGS/tests/test_vipe_benchmark_supervisor.py", line 3386, in test_progress_plan047_deadline_steps
    seen.append(dict(stage='real_backend_cpu_constructor_seams',evidence=backend_gate_controls(self,fixture,state.root),retirement=backend_retirement_controls(self,state.root),interior=backend_interior_controls(self,state.root)))
                                                                                                                                                                                         ~~~~~~~~~~~~~~~~~~~~~~~~~^^^^^^^^^^^^^^^^^
  File "/home/auss/git_repos/samaust/Experiments_4DGS/tests/test_vipe_benchmark_s1_helper_fixtures.py", line 1672, in backend_interior_controls
    test.assertIs(caught.exception,failure);test.assertEqual(len(opened),1)
                                            ~~~~~~~~~~~~~~~~^^^^^^^^^^^^^^^
AssertionError: 3 != 1

======================================================================
FAIL: test_progress_plan047_deadline_steps (test_vipe_benchmark_supervisor.HelperSessionTests.test_progress_plan047_deadline_steps) (operation='runtime_guard', when='equal')
----------------------------------------------------------------------
Traceback (most recent call last):
  File "/home/auss/git_repos/samaust/Experiments_4DGS/tests/test_vipe_benchmark_supervisor.py", line 3842, in test_progress_plan047_deadline_steps
    self.assertIn(name,before_controls)
    ~~~~~~~~~~~~~^^^^^^^^^^^^^^^^^^^^^^
AssertionError: 'runtime_guard' not found in {'checkpoint_write': {'spec': {'target': {'operation': 'write', 'stage': 'write', 'phase': 'checkpoint'}, 'successor': {'operation': 'flush', 'stage': 'flush', 'phase': 'checkpoint'}}, 'target': [{'role': 'target', 'operation': 'write', 'stage': 'write', 'entered': 23565.370449613998, 'completed': True, 'exited': 23565.370449613998}], 'successor': [{'role': 'successor', 'operation': 'flush', 'stage': 'flush', 'entered': 23565.370449613998, 'completed': True, 'exited': 23565.370449613998}], 'predecessor': {'operation': 'checkpoint/fdopen', 'entered_before': 19995.505827486, 'returned_at': 23565.370449613998}}, 'checkpoint_flush': {'spec': {'target': {'operation': 'flush', 'stage': 'flush', 'phase': 'checkpoint'}, 'successor': {'operation': 'fsync', 'stage': 'file_fsync', 'phase': 'checkpoint'}}, 'target': [{'role': 'target', 'operation': 'flush', 'stage': 'flush', 'entered': 23565.79945539, 'completed': True, 'exited': 23565.79945539}], 'successor': [{'role': 'successor', 'operation': 'fsync', 'stage': 'file_fsync', 'entered': 23565.79945539, 'completed': True, 'exited': 23565.79945539}], 'predecessor': {'operation': 'write/write', 'entered_before': 19995.934113031, 'returned_at': 23565.79945539}}, 'checkpoint_fsync': {'spec': {'target': {'operation': 'fsync', 'stage': 'file_fsync', 'phase': 'checkpoint'}, 'successor': {'operation': 'close', 'stage': 'close', 'phase': 'checkpoint'}}, 'target': [{'role': 'target', 'operation': 'fsync', 'stage': 'file_fsync', 'entered': 23566.228208105, 'completed': True, 'exited': 23566.228208105}], 'successor': [{'role': 'successor', 'operation': 'close', 'stage': 'close', 'entered': 23566.228208105, 'completed': True, 'exited': 23566.228208105}], 'predecessor': {'operation': 'flush/flush', 'entered_before': 19996.361232143, 'returned_at': 23566.228208105}}, 'checkpoint_close': {'spec': {'target': {'operation': 'close', 'stage': 'close', 'phase': 'checkpoint'}, 'successor': {'operation': 'read_bytes', 'stage': 'close_readback', 'phase': 'checkpoint'}}, 'target': [{'role': 'target', 'operation': 'close', 'stage': 'close', 'entered': 23566.650729556, 'completed': True, 'exited': 23566.650729556}], 'successor': [{'role': 'successor', 'operation': 'read_bytes', 'stage': 'close_readback', 'entered': 23566.650729556, 'completed': True, 'exited': 23566.650729556}], 'predecessor': {'operation': 'file_fsync/fsync', 'entered_before': 19996.784014928, 'returned_at': 23566.650729556}}, 'checkpoint_readback': {'spec': {'target': {'operation': 'read_bytes', 'stage': 'close_readback', 'phase': 'checkpoint'}, 'successor': {'operation': 'record', 'stage': 'close_readback', 'phase': 'checkpoint'}}, 'target': [{'role': 'target', 'operation': 'read_bytes', 'stage': 'close_readback', 'entered': 23567.097134382, 'completed': True, 'exited': 23567.097134382}], 'successor': [{'role': 'successor', 'operation': 'record', 'stage': 'close_readback', 'entered': 23567.097134382, 'completed': True, 'exited': 23567.097134382}], 'predecessor': {'operation': 'close/close', 'entered_before': 19997.233429569, 'returned_at': 23567.097134382}}, 'head_write': {'spec': {'target': {'operation': 'write', 'stage': 'write', 'phase': 'head'}, 'successor': {'operation': 'flush', 'stage': 'flush', 'phase': 'head'}}, 'target': [{'role': 'target', 'operation': 'write', 'stage': 'write', 'entered': 23567.533950975, 'completed': True, 'exited': 23567.533950975}], 'successor': [{'role': 'successor', 'operation': 'flush', 'stage': 'flush', 'entered': 23567.533950975, 'completed': True, 'exited': 23567.533950975}], 'predecessor': {'operation': 'head/fdopen', 'entered_before': 19997.670551049, 'returned_at': 23567.533950975}}, 'head_flush': {'spec': {'target': {'operation': 'flush', 'stage': 'flush', 'phase': 'head'}, 'successor': {'operation': 'fsync', 'stage': 'file_fsync', 'phase': 'head'}}, 'target': [{'role': 'target', 'operation': 'flush', 'stage': 'flush', 'entered': 23567.976826724, 'completed': True, 'exited': 23567.976826724}], 'successor': [{'role': 'successor', 'operation': 'fsync', 'stage': 'file_fsync', 'entered': 23567.976826724, 'completed': True, 'exited': 23567.976826724}], 'predecessor': {'operation': 'write/write', 'entered_before': 19998.11241806, 'returned_at': 23567.976826724}}, 'head_fsync': {'spec': {'target': {'operation': 'fsync', 'stage': 'file_fsync', 'phase': 'head'}, 'successor': {'operation': 'close', 'stage': 'close', 'phase': 'head'}}, 'target': [{'role': 'target', 'operation': 'fsync', 'stage': 'file_fsync', 'entered': 23568.435236871, 'completed': True, 'exited': 23568.435236871}], 'successor': [{'role': 'successor', 'operation': 'close', 'stage': 'close', 'entered': 23568.435236871, 'completed': True, 'exited': 23568.435236871}], 'predecessor': {'operation': 'flush/flush', 'entered_before': 19998.569427093, 'returned_at': 23568.435236871}}, 'head_close': {'spec': {'target': {'operation': 'close', 'stage': 'close', 'phase': 'head'}, 'successor': {'operation': 'read_bytes', 'stage': 'close_readback', 'phase': 'head'}}, 'target': [{'role': 'target', 'operation': 'close', 'stage': 'close', 'entered': 23568.876068956, 'completed': True, 'exited': 23568.876068956}], 'successor': [{'role': 'successor', 'operation': 'read_bytes', 'stage': 'close_readback', 'entered': 23568.876068956, 'completed': True, 'exited': 23568.876068956}], 'predecessor': {'operation': 'file_fsync/fsync', 'entered_before': 19999.011428073, 'returned_at': 23568.876068956}}, 'head_readback': {'spec': {'target': {'operation': 'read_bytes', 'stage': 'close_readback', 'phase': 'head'}, 'successor': {'operation': 'record', 'stage': 'close_readback', 'phase': 'head'}}, 'target': [{'role': 'target', 'operation': 'read_bytes', 'stage': 'close_readback', 'entered': 23569.337467793, 'completed': True, 'exited': 23569.337467793}], 'successor': [{'role': 'successor', 'operation': 'record', 'stage': 'close_readback', 'entered': 23569.337467793, 'completed': True, 'exited': 23569.337467793}], 'predecessor': {'operation': 'close/close', 'entered_before': 19999.475369212, 'returned_at': 23569.337467793}}, 'generation_install': {'spec': {'target': {'module': 'os', 'operation': 'link'}, 'successor': {'module': 'os', 'operation': 'unlink'}}, 'target': [{'role': 'target', 'operation': 'link', 'entered': 23569.782900075, 'stage': 'generation_install', 'completed': True, 'exited': 23569.782900075}], 'successor': [{'role': 'successor', 'operation': 'unlink', 'entered': 23569.782900075, 'stage': 'generation_install', 'completed': True, 'exited': 23569.782900075}], 'predecessor': {'operation': '/tmp/tmpj31pby_j/30/jobs/S1-progress-68dbfd42d3e14b4db484b76a6c936dc1/worker/checkpoint.tmp/durable_write_return', 'entered_before': 19999.935765776, 'returned_at': 23569.782900075}}, 'generation_dir_fsync': {'spec': {'target': {'module': 'vipe_benchmark.s1_progress', 'operation': 'fsync_dir'}, 'successor': {'module': 'vipe_benchmark.s1_progress', 'operation': 'record'}}, 'target': [{'role': 'target', 'operation': 'fsync_dir', 'entered': 23570.237394412, 'stage': 'generation_directory_fsync', 'completed': True, 'exited': 23570.237394412}], 'successor': [{'role': 'successor', 'operation': 'record', 'entered': 23570.237394412, 'stage': 'generation_directory_fsync', 'completed': True, 'exited': 23570.237394412}], 'predecessor': {'operation': 'generation_install/unlink', 'entered_before': 20000.373869054, 'returned_at': 23570.237394412}}, 'generation_reopen_hash': {'spec': {'target': {'module': 'vipe_benchmark.s1_progress', 'operation': 'read_record'}, 'successor': {'module': 'vipe_benchmark.s1_progress', 'operation': 'encode'}}, 'target': [{'role': 'target', 'operation': 'read_record', 'entered': 23570.658372267, 'stage': 'generation_reopen_hash', 'completed': True, 'exited': 23570.658372267}], 'successor': [{'role': 'successor', 'operation': 'encode', 'entered': 23570.658372267, 'stage': 'generation_reopen_hash', 'completed': True, 'exited': 23570.658372267}], 'predecessor': {'operation': 'generation_directory_fsync/record', 'entered_before': 20000.793334011, 'returned_at': 23570.658372267}}, 'head_install': {'spec': {'target': {'module': 'os', 'operation': 'replace'}, 'successor': {'module': 'vipe_benchmark.s1_progress', 'operation': 'fsync_dir'}}, 'target': [{'role': 'target', 'operation': 'replace', 'entered': 23571.093594069, 'stage': 'head_install', 'completed': True, 'exited': 23571.093594069}], 'successor': [{'role': 'successor', 'operation': 'fsync_dir', 'entered': 23571.093594069, 'stage': 'head_directory_fsync', 'completed': True, 'exited': 23571.093594069}], 'predecessor': {'operation': '/tmp/tmpj31pby_j/39/jobs/S1-progress-df4b132fe1a14d439faa2662ae286e8f/worker/head.tmp/durable_write_return', 'entered_before': 20001.235368096, 'returned_at': 23571.093594069}}, 'head_dir_fsync': {'spec': {'target': {'module': 'vipe_benchmark.s1_progress', 'operation': 'fsync_dir'}, 'successor': {'module': 'vipe_benchmark.s1_progress', 'operation': 'record'}}, 'target': [{'role': 'target', 'operation': 'fsync_dir', 'entered': 23571.549764656, 'stage': 'head_directory_fsync', 'completed': True, 'exited': 23571.549764656}], 'successor': [{'role': 'successor', 'operation': 'record', 'entered': 23571.549764656, 'stage': 'head_directory_fsync', 'completed': True, 'exited': 23571.549764656}], 'predecessor': {'operation': 'head_install/replace', 'entered_before': 20001.685008766, 'returned_at': 23571.549764656}}, 'final_head_read': {'spec': {'target': {'module': 'vipe_benchmark.s1_progress', 'operation': 'read_record'}, 'successor': {'module': 'vipe_benchmark.s1_progress', 'operation': 'read_record'}}, 'target': [{'role': 'target', 'operation': 'read_record', 'entered': 23571.979204576, 'stage': 'final_head_read', 'completed': True, 'exited': 23571.979204576}], 'successor': [{'role': 'successor', 'operation': 'read_record', 'entered': 23571.979204576, 'stage': 'final_generation_read', 'completed': True, 'exited': 23571.979204576}], 'predecessor': {'operation': 'head_directory_fsync/record', 'entered_before': 20002.124023612, 'returned_at': 23571.979204576}}, 'final_generation_read': {'spec': {'target': {'module': 'vipe_benchmark.s1_progress', 'operation': 'read_record'}, 'successor': {'module': 'vipe_benchmark.s1_progress', 'operation': 'encode'}}, 'target': [{'role': 'target', 'operation': 'read_record', 'entered': 23572.458452392, 'stage': 'final_generation_read', 'completed': True, 'exited': 23572.458452392}], 'successor': [{'role': 'successor', 'operation': 'encode', 'entered': 23572.458452392, 'stage': 'final_generation_read', 'completed': True, 'exited': 23572.458452392}], 'predecessor': {'operation': 'final_head_read/read_record', 'entered_before': 20002.596326945, 'returned_at': 23572.458452392}}, 'notice_send': {'spec': {'target': {'operation': 'publisher.sendto'}, 'successor': {'module': 'vipe_benchmark.s1_progress', 'operation': 'receive'}}, 'target': [{'role': 'target', 'operation': 'sendto', 'entered': 23572.913793046, 'stage': 'notice_send', 'completed': True, 'exited': 23572.913793046}], 'successor': [{'role': 'successor', 'operation': 'receive', 'entered': 23572.913793046, 'stage': 'notice_receive', 'completed': True, 'exited': 23572.913793046}, {'role': 'successor', 'operation': 'receive', 'entered': 23572.913793046, 'stage': 'ack_receipt', 'completed': True, 'exited': 23572.913793046}], 'predecessor': {'operation': 's1-progress-notice/v1/encode', 'entered_before': 23572.664793046, 'returned_at': 23572.913793046}}, 'owner_retention': {'spec': {'target': {'module': 'RetainedProgress', 'operation': 'acknowledge'}, 'successor': {'module': 'RetainedProgress', 'operation': 'retain'}}, 'target': [{'role': 'target', 'operation': 'acknowledge', 'entered': 23573.357303747, 'stage': 'retention:after', 'completed': True, 'exited': 23573.357303747}], 'successor': [{'role': 'successor', 'operation': 'retain', 'entered': 23573.357303747, 'stage': 'retention:after', 'completed': True, 'exited': 23573.357303747}], 'predecessor': {'operation': 's1-progress-ack/v1/encode', 'entered_before': 23573.108303747, 'returned_at': 23573.357303747}}, 'ack_send': {'spec': {'target': {'operation': 'owner.sendto'}, 'successor': {'module': 'vipe_benchmark.s1_progress', 'operation': 'receive'}}, 'target': [{'role': 'target', 'operation': 'sendto', 'entered': 23573.819805883, 'stage': 'ack_send', 'completed': True, 'exited': 23573.819805883}], 'successor': [{'role': 'successor', 'operation': 'receive', 'entered': 23573.819805883, 'stage': 'ack_receipt', 'completed': True, 'exited': 23573.819805883}], 'predecessor': {'operation': 'RetainedProgress.retain', 'entered_before': 23573.570805883, 'returned_at': 23573.819805883}}, 'ack_receipt': {'spec': {'target': {'operation': 'ack_correlation', 'stage': 'ack_receipt:after'}, 'successor': {'operation': 'Publisher._publish diagnostics encode', 'stage': 'ack_receipt:after', 'after_target': True}, 'unrelated': {'operation': 'encode', 'classification': 'separately_recorded_not_successor'}}, 'target': [{'role': 'target', 'operation': 'ack_correlation', 'entered': 23574.27395851, 'stage': 'ack_receipt:after', 'completed': True, 'exited': 23574.27395851}], 'successor': [{'role': 'successor', 'operation': 'encode', 'stage': 'ack_receipt:after', 'publisher_diagnostics': True, 'after_target': True, 'entered': 23574.27395851, 'completed': True, 'exited': 23574.27395851}], 'predecessor': {'operation': 'matching_ack_receive', 'entered_before': 23574.02495851, 'returned_at': 23574.27395851}}, 'array_npy': {'spec': {'target': {'module': 'numpy', 'operation': 'save'}, 'successor': {'module': 'DeadlineSink', 'operation': 'write'}}, 'target': [{'role': 'target', 'operation': 'save', 'entered': 23574.733482033, 'stage': '', 'completed': True, 'exited': 23574.733482033}], 'successor': [{'role': 'successor', 'operation': 'write', 'entered': 23574.733482033, 'stage': '', 'completed': True, 'exited': 23574.733482033}, {'role': 'successor', 'operation': 'write', 'entered': 23574.733482033, 'stage': '', 'completed': True, 'exited': 23574.733482033}], 'predecessor': {'operation': 'array_unbuffered_open_return', 'entered_before': 20004.871563725, 'returned_at': 23574.733482033}}, 'array_png': {'spec': {'target': {'module': 'cv2', 'operation': 'imencode'}, 'successor': {'module': 'vipe_benchmark.s1_progress', 'operation': 'write_exclusive'}}, 'target': [{'role': 'target', 'operation': 'imencode', 'entered': 23575.151730575, 'stage': '', 'completed': True, 'exited': 23575.151730575}], 'successor': [{'role': 'successor', 'operation': 'write_exclusive', 'entered': 23575.151730575, 'stage': '', 'completed': True, 'exited': 23575.151730575}], 'predecessor': {'operation': 'png_destination_stat_return', 'entered_before': 20005.286038178, 'returned_at': 23575.151730575}}, 'npz_member': {'spec': {'target': {'module': 'ZipFile', 'operation': 'open'}, 'successor': {'module': 'numpy.lib.format', 'operation': 'write_array'}}, 'target': [{'role': 'target', 'operation': 'open', 'entered': 23575.564384787, 'stage': '', 'completed': True, 'exited': 23575.564384787}], 'successor': [{'role': 'successor', 'operation': 'write_array', 'entered': 23575.564384787, 'stage': '', 'completed': True, 'exited': 23575.564384787}], 'predecessor': {'operation': 'second_npz_array_conversion_return_before_member_open', 'entered_before': 20005.713348483, 'returned_at': 23575.564384787}}, 'npz_finalize': {'spec': {'target': {'module': 'ZipFile', 'operation': 'close'}, 'successor': {'module': 'DeadlineSink', 'operation': 'write'}}, 'target': [{'role': 'target', 'operation': 'close', 'entered': 23575.996128595, 'stage': '', 'completed': True, 'exited': 23575.996128595}], 'successor': [{'role': 'successor', 'operation': 'write', 'entered': 23575.996128595, 'stage': '', 'completed': True, 'exited': 23575.996128595}, {'role': 'successor', 'operation': 'write', 'entered': 23575.996128595, 'stage': '', 'completed': True, 'exited': 23575.996128595}, {'role': 'successor', 'operation': 'write', 'entered': 23575.996128595, 'stage': '', 'completed': True, 'exited': 23575.996128595}, {'role': 'successor', 'operation': 'write', 'entered': 23575.996128595, 'stage': '', 'completed': True, 'exited': 23575.996128595}, {'role': 'successor', 'operation': 'write', 'entered': 23575.996128595, 'stage': '', 'completed': True, 'exited': 23575.996128595}, {'role': 'successor', 'operation': 'write', 'entered': 23575.996128595, 'stage': '', 'completed': True, 'exited': 23575.996128595}, {'role': 'successor', 'operation': 'write', 'entered': 23575.996128595, 'stage': '', 'completed': True, 'exited': 23575.996128595}, {'role': 'successor', 'operation': 'write', 'entered': 23575.996128595, 'stage': '', 'completed': True, 'exited': 23575.996128595}, {'role': 'successor', 'operation': 'write', 'entered': 23575.996128595, 'stage': '', 'completed': True, 'exited': 23575.996128595}, {'role': 'successor', 'operation': 'write', 'entered': 23575.996128595, 'stage': '', 'completed': True, 'exited': 23575.996128595}], 'predecessor': {'operation': 'npz_member_2_close_return', 'entered_before': 20006.135167649, 'returned_at': 23575.996128595}}, 'array_hash': {'spec': {'target': {'module': 'vipe_benchmark.s1_progress', 'operation': 'checked_file_record'}, 'successor': {'module': 'vipe_benchmark.s1_progress', 'operation': 'read_bytes'}}, 'target': [{'role': 'target', 'operation': 'checked_file_record', 'entered': 23576.440099045998, 'stage': '', 'completed': True, 'exited': 23576.440099045998}], 'successor': [{'role': 'successor', 'operation': 'read_bytes', 'entered': 23576.440099045998, 'stage': '', 'completed': True, 'exited': 23576.440099045998}], 'predecessor': {'operation': 'array_normal_close_return_before_hash', 'entered_before': 20006.570981898, 'returned_at': 23576.440099045998}}, 'produced_json': {'spec': {'target': {'module': 'vipe_benchmark.s1_progress', 'operation': 'encode'}, 'successor': {'module': 'vipe_benchmark.s1_progress', 'operation': 'write_exclusive'}}, 'target': [{'role': 'target', 'operation': 'encode', 'entered': 23576.858670897, 'stage': '', 'completed': True, 'exited': 23576.858670897}, {'role': 'target', 'operation': 'encode', 'entered': 23576.858670897, 'stage': '', 'completed': True, 'exited': 23576.858670897}, {'role': 'target', 'operation': 'encode', 'entered': 23576.858670897, 'stage': '', 'completed': True, 'exited': 23576.858670897}, {'role': 'target', 'operation': 'encode', 'entered': 23576.858670897, 'stage': '', 'completed': True, 'exited': 23576.858670897}], 'successor': [{'role': 'successor', 'operation': 'write_exclusive', 'entered': 23576.858670897, 'stage': '', 'completed': True, 'exited': 23576.858670897}], 'predecessor': {'operation': 'input_manifest_read_and_parse_return', 'entered_before': 20006.989457916, 'returned_at': 23576.858670897}}, 'produced_read': {'spec': {'target': {'module': 'vipe_benchmark.s1_progress', 'operation': 'read_record'}, 'successor': {'module': 'vipe_benchmark.s1_evidence', 'operation': 'produced_row'}}, 'target': [{'role': 'target', 'operation': 'read_record', 'entered': 23577.431859807, 'stage': '', 'completed': True, 'exited': 23577.431859807}], 'successor': [{'role': 'successor', 'operation': 'produced_row', 'entered': 23577.431859807, 'stage': '', 'completed': True, 'exited': 23577.431859807}], 'predecessor': {'operation': 'produced_row_durable_write_return', 'entered_before': 20007.568346383, 'returned_at': 23577.431859807}}, 'produced_guard': {'spec': {'target': {'module': 'vipe_benchmark.s1_evidence', 'operation': 'produced_row'}, 'successor': {'module': 'Publisher', 'operation': 'seal'}}, 'target': [{'role': 'target', 'operation': 'produced_row', 'entered': 23578.019785487, 'stage': '', 'completed': True, 'exited': 23578.019785487}], 'successor': [{'role': 'successor', 'operation': 'seal', 'entered': 23578.019785487, 'stage': '', 'completed': True, 'exited': 23578.019785487}, {'role': 'successor', 'operation': 'seal', 'entered': 23578.019785487, 'stage': '', 'completed': True, 'exited': 23578.019785487}], 'predecessor': {'operation': 'produced_row_read_hash_parse_return', 'entered_before': 20008.158428408, 'returned_at': 23578.019785487}}, 'qualified_guard': {'spec': {'target': {'module': 'vipe_benchmark.s1_evidence', 'operation': 'qualify_row'}, 'successor': {'module': 'vipe_benchmark.s1_progress', 'operation': 'write_exclusive'}}, 'target': [{'role': 'target', 'operation': 'qualify_row', 'entered': 23578.624759462, 'stage': '', 'completed': True, 'exited': 23578.624759462}], 'successor': [{'role': 'successor', 'operation': 'write_exclusive', 'entered': 23578.624759462, 'stage': '', 'completed': True, 'exited': 23578.624759462}], 'predecessor': {'operation': 'produced_guard_seal_ack_return', 'entered_before': 20008.762417315, 'returned_at': 23578.624759462}}, 'first_guard': {'spec': {'target': {'module': 'vipe_benchmark.s1_evidence', 'operation': 'verify_first'}, 'successor': {'module': 'vipe_benchmark.s1_evidence', 'operation': 'qualify_runtime'}}, 'target': [{'role': 'target', 'operation': 'verify_first', 'entered': 23579.340555452, 'stage': '', 'completed': True, 'exited': 23579.340555452}], 'successor': [{'role': 'successor', 'operation': 'qualify_runtime', 'entered': 23579.340555452, 'stage': '', 'completed': True, 'exited': 23579.340555452}], 'predecessor': {'operation': 'first_metadata_read_parse_return', 'entered_before': 20009.485662686, 'returned_at': 23579.340555452}}}

======================================================================
FAIL: test_progress_plan047_deadline_steps (test_vipe_benchmark_supervisor.HelperSessionTests.test_progress_plan047_deadline_steps) (operation='runtime_guard', when='after')
----------------------------------------------------------------------
Traceback (most recent call last):
  File "/home/auss/git_repos/samaust/Experiments_4DGS/tests/test_vipe_benchmark_supervisor.py", line 3842, in test_progress_plan047_deadline_steps
    self.assertIn(name,before_controls)
    ~~~~~~~~~~~~~^^^^^^^^^^^^^^^^^^^^^^
AssertionError: 'runtime_guard' not found in {'checkpoint_write': {'spec': {'target': {'operation': 'write', 'stage': 'write', 'phase': 'checkpoint'}, 'successor': {'operation': 'flush', 'stage': 'flush', 'phase': 'checkpoint'}}, 'target': [{'role': 'target', 'operation': 'write', 'stage': 'write', 'entered': 23565.370449613998, 'completed': True, 'exited': 23565.370449613998}], 'successor': [{'role': 'successor', 'operation': 'flush', 'stage': 'flush', 'entered': 23565.370449613998, 'completed': True, 'exited': 23565.370449613998}], 'predecessor': {'operation': 'checkpoint/fdopen', 'entered_before': 19995.505827486, 'returned_at': 23565.370449613998}}, 'checkpoint_flush': {'spec': {'target': {'operation': 'flush', 'stage': 'flush', 'phase': 'checkpoint'}, 'successor': {'operation': 'fsync', 'stage': 'file_fsync', 'phase': 'checkpoint'}}, 'target': [{'role': 'target', 'operation': 'flush', 'stage': 'flush', 'entered': 23565.79945539, 'completed': True, 'exited': 23565.79945539}], 'successor': [{'role': 'successor', 'operation': 'fsync', 'stage': 'file_fsync', 'entered': 23565.79945539, 'completed': True, 'exited': 23565.79945539}], 'predecessor': {'operation': 'write/write', 'entered_before': 19995.934113031, 'returned_at': 23565.79945539}}, 'checkpoint_fsync': {'spec': {'target': {'operation': 'fsync', 'stage': 'file_fsync', 'phase': 'checkpoint'}, 'successor': {'operation': 'close', 'stage': 'close', 'phase': 'checkpoint'}}, 'target': [{'role': 'target', 'operation': 'fsync', 'stage': 'file_fsync', 'entered': 23566.228208105, 'completed': True, 'exited': 23566.228208105}], 'successor': [{'role': 'successor', 'operation': 'close', 'stage': 'close', 'entered': 23566.228208105, 'completed': True, 'exited': 23566.228208105}], 'predecessor': {'operation': 'flush/flush', 'entered_before': 19996.361232143, 'returned_at': 23566.228208105}}, 'checkpoint_close': {'spec': {'target': {'operation': 'close', 'stage': 'close', 'phase': 'checkpoint'}, 'successor': {'operation': 'read_bytes', 'stage': 'close_readback', 'phase': 'checkpoint'}}, 'target': [{'role': 'target', 'operation': 'close', 'stage': 'close', 'entered': 23566.650729556, 'completed': True, 'exited': 23566.650729556}], 'successor': [{'role': 'successor', 'operation': 'read_bytes', 'stage': 'close_readback', 'entered': 23566.650729556, 'completed': True, 'exited': 23566.650729556}], 'predecessor': {'operation': 'file_fsync/fsync', 'entered_before': 19996.784014928, 'returned_at': 23566.650729556}}, 'checkpoint_readback': {'spec': {'target': {'operation': 'read_bytes', 'stage': 'close_readback', 'phase': 'checkpoint'}, 'successor': {'operation': 'record', 'stage': 'close_readback', 'phase': 'checkpoint'}}, 'target': [{'role': 'target', 'operation': 'read_bytes', 'stage': 'close_readback', 'entered': 23567.097134382, 'completed': True, 'exited': 23567.097134382}], 'successor': [{'role': 'successor', 'operation': 'record', 'stage': 'close_readback', 'entered': 23567.097134382, 'completed': True, 'exited': 23567.097134382}], 'predecessor': {'operation': 'close/close', 'entered_before': 19997.233429569, 'returned_at': 23567.097134382}}, 'head_write': {'spec': {'target': {'operation': 'write', 'stage': 'write', 'phase': 'head'}, 'successor': {'operation': 'flush', 'stage': 'flush', 'phase': 'head'}}, 'target': [{'role': 'target', 'operation': 'write', 'stage': 'write', 'entered': 23567.533950975, 'completed': True, 'exited': 23567.533950975}], 'successor': [{'role': 'successor', 'operation': 'flush', 'stage': 'flush', 'entered': 23567.533950975, 'completed': True, 'exited': 23567.533950975}], 'predecessor': {'operation': 'head/fdopen', 'entered_before': 19997.670551049, 'returned_at': 23567.533950975}}, 'head_flush': {'spec': {'target': {'operation': 'flush', 'stage': 'flush', 'phase': 'head'}, 'successor': {'operation': 'fsync', 'stage': 'file_fsync', 'phase': 'head'}}, 'target': [{'role': 'target', 'operation': 'flush', 'stage': 'flush', 'entered': 23567.976826724, 'completed': True, 'exited': 23567.976826724}], 'successor': [{'role': 'successor', 'operation': 'fsync', 'stage': 'file_fsync', 'entered': 23567.976826724, 'completed': True, 'exited': 23567.976826724}], 'predecessor': {'operation': 'write/write', 'entered_before': 19998.11241806, 'returned_at': 23567.976826724}}, 'head_fsync': {'spec': {'target': {'operation': 'fsync', 'stage': 'file_fsync', 'phase': 'head'}, 'successor': {'operation': 'close', 'stage': 'close', 'phase': 'head'}}, 'target': [{'role': 'target', 'operation': 'fsync', 'stage': 'file_fsync', 'entered': 23568.435236871, 'completed': True, 'exited': 23568.435236871}], 'successor': [{'role': 'successor', 'operation': 'close', 'stage': 'close', 'entered': 23568.435236871, 'completed': True, 'exited': 23568.435236871}], 'predecessor': {'operation': 'flush/flush', 'entered_before': 19998.569427093, 'returned_at': 23568.435236871}}, 'head_close': {'spec': {'target': {'operation': 'close', 'stage': 'close', 'phase': 'head'}, 'successor': {'operation': 'read_bytes', 'stage': 'close_readback', 'phase': 'head'}}, 'target': [{'role': 'target', 'operation': 'close', 'stage': 'close', 'entered': 23568.876068956, 'completed': True, 'exited': 23568.876068956}], 'successor': [{'role': 'successor', 'operation': 'read_bytes', 'stage': 'close_readback', 'entered': 23568.876068956, 'completed': True, 'exited': 23568.876068956}], 'predecessor': {'operation': 'file_fsync/fsync', 'entered_before': 19999.011428073, 'returned_at': 23568.876068956}}, 'head_readback': {'spec': {'target': {'operation': 'read_bytes', 'stage': 'close_readback', 'phase': 'head'}, 'successor': {'operation': 'record', 'stage': 'close_readback', 'phase': 'head'}}, 'target': [{'role': 'target', 'operation': 'read_bytes', 'stage': 'close_readback', 'entered': 23569.337467793, 'completed': True, 'exited': 23569.337467793}], 'successor': [{'role': 'successor', 'operation': 'record', 'stage': 'close_readback', 'entered': 23569.337467793, 'completed': True, 'exited': 23569.337467793}], 'predecessor': {'operation': 'close/close', 'entered_before': 19999.475369212, 'returned_at': 23569.337467793}}, 'generation_install': {'spec': {'target': {'module': 'os', 'operation': 'link'}, 'successor': {'module': 'os', 'operation': 'unlink'}}, 'target': [{'role': 'target', 'operation': 'link', 'entered': 23569.782900075, 'stage': 'generation_install', 'completed': True, 'exited': 23569.782900075}], 'successor': [{'role': 'successor', 'operation': 'unlink', 'entered': 23569.782900075, 'stage': 'generation_install', 'completed': True, 'exited': 23569.782900075}], 'predecessor': {'operation': '/tmp/tmpj31pby_j/30/jobs/S1-progress-68dbfd42d3e14b4db484b76a6c936dc1/worker/checkpoint.tmp/durable_write_return', 'entered_before': 19999.935765776, 'returned_at': 23569.782900075}}, 'generation_dir_fsync': {'spec': {'target': {'module': 'vipe_benchmark.s1_progress', 'operation': 'fsync_dir'}, 'successor': {'module': 'vipe_benchmark.s1_progress', 'operation': 'record'}}, 'target': [{'role': 'target', 'operation': 'fsync_dir', 'entered': 23570.237394412, 'stage': 'generation_directory_fsync', 'completed': True, 'exited': 23570.237394412}], 'successor': [{'role': 'successor', 'operation': 'record', 'entered': 23570.237394412, 'stage': 'generation_directory_fsync', 'completed': True, 'exited': 23570.237394412}], 'predecessor': {'operation': 'generation_install/unlink', 'entered_before': 20000.373869054, 'returned_at': 23570.237394412}}, 'generation_reopen_hash': {'spec': {'target': {'module': 'vipe_benchmark.s1_progress', 'operation': 'read_record'}, 'successor': {'module': 'vipe_benchmark.s1_progress', 'operation': 'encode'}}, 'target': [{'role': 'target', 'operation': 'read_record', 'entered': 23570.658372267, 'stage': 'generation_reopen_hash', 'completed': True, 'exited': 23570.658372267}], 'successor': [{'role': 'successor', 'operation': 'encode', 'entered': 23570.658372267, 'stage': 'generation_reopen_hash', 'completed': True, 'exited': 23570.658372267}], 'predecessor': {'operation': 'generation_directory_fsync/record', 'entered_before': 20000.793334011, 'returned_at': 23570.658372267}}, 'head_install': {'spec': {'target': {'module': 'os', 'operation': 'replace'}, 'successor': {'module': 'vipe_benchmark.s1_progress', 'operation': 'fsync_dir'}}, 'target': [{'role': 'target', 'operation': 'replace', 'entered': 23571.093594069, 'stage': 'head_install', 'completed': True, 'exited': 23571.093594069}], 'successor': [{'role': 'successor', 'operation': 'fsync_dir', 'entered': 23571.093594069, 'stage': 'head_directory_fsync', 'completed': True, 'exited': 23571.093594069}], 'predecessor': {'operation': '/tmp/tmpj31pby_j/39/jobs/S1-progress-df4b132fe1a14d439faa2662ae286e8f/worker/head.tmp/durable_write_return', 'entered_before': 20001.235368096, 'returned_at': 23571.093594069}}, 'head_dir_fsync': {'spec': {'target': {'module': 'vipe_benchmark.s1_progress', 'operation': 'fsync_dir'}, 'successor': {'module': 'vipe_benchmark.s1_progress', 'operation': 'record'}}, 'target': [{'role': 'target', 'operation': 'fsync_dir', 'entered': 23571.549764656, 'stage': 'head_directory_fsync', 'completed': True, 'exited': 23571.549764656}], 'successor': [{'role': 'successor', 'operation': 'record', 'entered': 23571.549764656, 'stage': 'head_directory_fsync', 'completed': True, 'exited': 23571.549764656}], 'predecessor': {'operation': 'head_install/replace', 'entered_before': 20001.685008766, 'returned_at': 23571.549764656}}, 'final_head_read': {'spec': {'target': {'module': 'vipe_benchmark.s1_progress', 'operation': 'read_record'}, 'successor': {'module': 'vipe_benchmark.s1_progress', 'operation': 'read_record'}}, 'target': [{'role': 'target', 'operation': 'read_record', 'entered': 23571.979204576, 'stage': 'final_head_read', 'completed': True, 'exited': 23571.979204576}], 'successor': [{'role': 'successor', 'operation': 'read_record', 'entered': 23571.979204576, 'stage': 'final_generation_read', 'completed': True, 'exited': 23571.979204576}], 'predecessor': {'operation': 'head_directory_fsync/record', 'entered_before': 20002.124023612, 'returned_at': 23571.979204576}}, 'final_generation_read': {'spec': {'target': {'module': 'vipe_benchmark.s1_progress', 'operation': 'read_record'}, 'successor': {'module': 'vipe_benchmark.s1_progress', 'operation': 'encode'}}, 'target': [{'role': 'target', 'operation': 'read_record', 'entered': 23572.458452392, 'stage': 'final_generation_read', 'completed': True, 'exited': 23572.458452392}], 'successor': [{'role': 'successor', 'operation': 'encode', 'entered': 23572.458452392, 'stage': 'final_generation_read', 'completed': True, 'exited': 23572.458452392}], 'predecessor': {'operation': 'final_head_read/read_record', 'entered_before': 20002.596326945, 'returned_at': 23572.458452392}}, 'notice_send': {'spec': {'target': {'operation': 'publisher.sendto'}, 'successor': {'module': 'vipe_benchmark.s1_progress', 'operation': 'receive'}}, 'target': [{'role': 'target', 'operation': 'sendto', 'entered': 23572.913793046, 'stage': 'notice_send', 'completed': True, 'exited': 23572.913793046}], 'successor': [{'role': 'successor', 'operation': 'receive', 'entered': 23572.913793046, 'stage': 'notice_receive', 'completed': True, 'exited': 23572.913793046}, {'role': 'successor', 'operation': 'receive', 'entered': 23572.913793046, 'stage': 'ack_receipt', 'completed': True, 'exited': 23572.913793046}], 'predecessor': {'operation': 's1-progress-notice/v1/encode', 'entered_before': 23572.664793046, 'returned_at': 23572.913793046}}, 'owner_retention': {'spec': {'target': {'module': 'RetainedProgress', 'operation': 'acknowledge'}, 'successor': {'module': 'RetainedProgress', 'operation': 'retain'}}, 'target': [{'role': 'target', 'operation': 'acknowledge', 'entered': 23573.357303747, 'stage': 'retention:after', 'completed': True, 'exited': 23573.357303747}], 'successor': [{'role': 'successor', 'operation': 'retain', 'entered': 23573.357303747, 'stage': 'retention:after', 'completed': True, 'exited': 23573.357303747}], 'predecessor': {'operation': 's1-progress-ack/v1/encode', 'entered_before': 23573.108303747, 'returned_at': 23573.357303747}}, 'ack_send': {'spec': {'target': {'operation': 'owner.sendto'}, 'successor': {'module': 'vipe_benchmark.s1_progress', 'operation': 'receive'}}, 'target': [{'role': 'target', 'operation': 'sendto', 'entered': 23573.819805883, 'stage': 'ack_send', 'completed': True, 'exited': 23573.819805883}], 'successor': [{'role': 'successor', 'operation': 'receive', 'entered': 23573.819805883, 'stage': 'ack_receipt', 'completed': True, 'exited': 23573.819805883}], 'predecessor': {'operation': 'RetainedProgress.retain', 'entered_before': 23573.570805883, 'returned_at': 23573.819805883}}, 'ack_receipt': {'spec': {'target': {'operation': 'ack_correlation', 'stage': 'ack_receipt:after'}, 'successor': {'operation': 'Publisher._publish diagnostics encode', 'stage': 'ack_receipt:after', 'after_target': True}, 'unrelated': {'operation': 'encode', 'classification': 'separately_recorded_not_successor'}}, 'target': [{'role': 'target', 'operation': 'ack_correlation', 'entered': 23574.27395851, 'stage': 'ack_receipt:after', 'completed': True, 'exited': 23574.27395851}], 'successor': [{'role': 'successor', 'operation': 'encode', 'stage': 'ack_receipt:after', 'publisher_diagnostics': True, 'after_target': True, 'entered': 23574.27395851, 'completed': True, 'exited': 23574.27395851}], 'predecessor': {'operation': 'matching_ack_receive', 'entered_before': 23574.02495851, 'returned_at': 23574.27395851}}, 'array_npy': {'spec': {'target': {'module': 'numpy', 'operation': 'save'}, 'successor': {'module': 'DeadlineSink', 'operation': 'write'}}, 'target': [{'role': 'target', 'operation': 'save', 'entered': 23574.733482033, 'stage': '', 'completed': True, 'exited': 23574.733482033}], 'successor': [{'role': 'successor', 'operation': 'write', 'entered': 23574.733482033, 'stage': '', 'completed': True, 'exited': 23574.733482033}, {'role': 'successor', 'operation': 'write', 'entered': 23574.733482033, 'stage': '', 'completed': True, 'exited': 23574.733482033}], 'predecessor': {'operation': 'array_unbuffered_open_return', 'entered_before': 20004.871563725, 'returned_at': 23574.733482033}}, 'array_png': {'spec': {'target': {'module': 'cv2', 'operation': 'imencode'}, 'successor': {'module': 'vipe_benchmark.s1_progress', 'operation': 'write_exclusive'}}, 'target': [{'role': 'target', 'operation': 'imencode', 'entered': 23575.151730575, 'stage': '', 'completed': True, 'exited': 23575.151730575}], 'successor': [{'role': 'successor', 'operation': 'write_exclusive', 'entered': 23575.151730575, 'stage': '', 'completed': True, 'exited': 23575.151730575}], 'predecessor': {'operation': 'png_destination_stat_return', 'entered_before': 20005.286038178, 'returned_at': 23575.151730575}}, 'npz_member': {'spec': {'target': {'module': 'ZipFile', 'operation': 'open'}, 'successor': {'module': 'numpy.lib.format', 'operation': 'write_array'}}, 'target': [{'role': 'target', 'operation': 'open', 'entered': 23575.564384787, 'stage': '', 'completed': True, 'exited': 23575.564384787}], 'successor': [{'role': 'successor', 'operation': 'write_array', 'entered': 23575.564384787, 'stage': '', 'completed': True, 'exited': 23575.564384787}], 'predecessor': {'operation': 'second_npz_array_conversion_return_before_member_open', 'entered_before': 20005.713348483, 'returned_at': 23575.564384787}}, 'npz_finalize': {'spec': {'target': {'module': 'ZipFile', 'operation': 'close'}, 'successor': {'module': 'DeadlineSink', 'operation': 'write'}}, 'target': [{'role': 'target', 'operation': 'close', 'entered': 23575.996128595, 'stage': '', 'completed': True, 'exited': 23575.996128595}], 'successor': [{'role': 'successor', 'operation': 'write', 'entered': 23575.996128595, 'stage': '', 'completed': True, 'exited': 23575.996128595}, {'role': 'successor', 'operation': 'write', 'entered': 23575.996128595, 'stage': '', 'completed': True, 'exited': 23575.996128595}, {'role': 'successor', 'operation': 'write', 'entered': 23575.996128595, 'stage': '', 'completed': True, 'exited': 23575.996128595}, {'role': 'successor', 'operation': 'write', 'entered': 23575.996128595, 'stage': '', 'completed': True, 'exited': 23575.996128595}, {'role': 'successor', 'operation': 'write', 'entered': 23575.996128595, 'stage': '', 'completed': True, 'exited': 23575.996128595}, {'role': 'successor', 'operation': 'write', 'entered': 23575.996128595, 'stage': '', 'completed': True, 'exited': 23575.996128595}, {'role': 'successor', 'operation': 'write', 'entered': 23575.996128595, 'stage': '', 'completed': True, 'exited': 23575.996128595}, {'role': 'successor', 'operation': 'write', 'entered': 23575.996128595, 'stage': '', 'completed': True, 'exited': 23575.996128595}, {'role': 'successor', 'operation': 'write', 'entered': 23575.996128595, 'stage': '', 'completed': True, 'exited': 23575.996128595}, {'role': 'successor', 'operation': 'write', 'entered': 23575.996128595, 'stage': '', 'completed': True, 'exited': 23575.996128595}], 'predecessor': {'operation': 'npz_member_2_close_return', 'entered_before': 20006.135167649, 'returned_at': 23575.996128595}}, 'array_hash': {'spec': {'target': {'module': 'vipe_benchmark.s1_progress', 'operation': 'checked_file_record'}, 'successor': {'module': 'vipe_benchmark.s1_progress', 'operation': 'read_bytes'}}, 'target': [{'role': 'target', 'operation': 'checked_file_record', 'entered': 23576.440099045998, 'stage': '', 'completed': True, 'exited': 23576.440099045998}], 'successor': [{'role': 'successor', 'operation': 'read_bytes', 'entered': 23576.440099045998, 'stage': '', 'completed': True, 'exited': 23576.440099045998}], 'predecessor': {'operation': 'array_normal_close_return_before_hash', 'entered_before': 20006.570981898, 'returned_at': 23576.440099045998}}, 'produced_json': {'spec': {'target': {'module': 'vipe_benchmark.s1_progress', 'operation': 'encode'}, 'successor': {'module': 'vipe_benchmark.s1_progress', 'operation': 'write_exclusive'}}, 'target': [{'role': 'target', 'operation': 'encode', 'entered': 23576.858670897, 'stage': '', 'completed': True, 'exited': 23576.858670897}, {'role': 'target', 'operation': 'encode', 'entered': 23576.858670897, 'stage': '', 'completed': True, 'exited': 23576.858670897}, {'role': 'target', 'operation': 'encode', 'entered': 23576.858670897, 'stage': '', 'completed': True, 'exited': 23576.858670897}, {'role': 'target', 'operation': 'encode', 'entered': 23576.858670897, 'stage': '', 'completed': True, 'exited': 23576.858670897}], 'successor': [{'role': 'successor', 'operation': 'write_exclusive', 'entered': 23576.858670897, 'stage': '', 'completed': True, 'exited': 23576.858670897}], 'predecessor': {'operation': 'input_manifest_read_and_parse_return', 'entered_before': 20006.989457916, 'returned_at': 23576.858670897}}, 'produced_read': {'spec': {'target': {'module': 'vipe_benchmark.s1_progress', 'operation': 'read_record'}, 'successor': {'module': 'vipe_benchmark.s1_evidence', 'operation': 'produced_row'}}, 'target': [{'role': 'target', 'operation': 'read_record', 'entered': 23577.431859807, 'stage': '', 'completed': True, 'exited': 23577.431859807}], 'successor': [{'role': 'successor', 'operation': 'produced_row', 'entered': 23577.431859807, 'stage': '', 'completed': True, 'exited': 23577.431859807}], 'predecessor': {'operation': 'produced_row_durable_write_return', 'entered_before': 20007.568346383, 'returned_at': 23577.431859807}}, 'produced_guard': {'spec': {'target': {'module': 'vipe_benchmark.s1_evidence', 'operation': 'produced_row'}, 'successor': {'module': 'Publisher', 'operation': 'seal'}}, 'target': [{'role': 'target', 'operation': 'produced_row', 'entered': 23578.019785487, 'stage': '', 'completed': True, 'exited': 23578.019785487}], 'successor': [{'role': 'successor', 'operation': 'seal', 'entered': 23578.019785487, 'stage': '', 'completed': True, 'exited': 23578.019785487}, {'role': 'successor', 'operation': 'seal', 'entered': 23578.019785487, 'stage': '', 'completed': True, 'exited': 23578.019785487}], 'predecessor': {'operation': 'produced_row_read_hash_parse_return', 'entered_before': 20008.158428408, 'returned_at': 23578.019785487}}, 'qualified_guard': {'spec': {'target': {'module': 'vipe_benchmark.s1_evidence', 'operation': 'qualify_row'}, 'successor': {'module': 'vipe_benchmark.s1_progress', 'operation': 'write_exclusive'}}, 'target': [{'role': 'target', 'operation': 'qualify_row', 'entered': 23578.624759462, 'stage': '', 'completed': True, 'exited': 23578.624759462}], 'successor': [{'role': 'successor', 'operation': 'write_exclusive', 'entered': 23578.624759462, 'stage': '', 'completed': True, 'exited': 23578.624759462}], 'predecessor': {'operation': 'produced_guard_seal_ack_return', 'entered_before': 20008.762417315, 'returned_at': 23578.624759462}}, 'first_guard': {'spec': {'target': {'module': 'vipe_benchmark.s1_evidence', 'operation': 'verify_first'}, 'successor': {'module': 'vipe_benchmark.s1_evidence', 'operation': 'qualify_runtime'}}, 'target': [{'role': 'target', 'operation': 'verify_first', 'entered': 23579.340555452, 'stage': '', 'completed': True, 'exited': 23579.340555452}], 'successor': [{'role': 'successor', 'operation': 'qualify_runtime', 'entered': 23579.340555452, 'stage': '', 'completed': True, 'exited': 23579.340555452}], 'predecessor': {'operation': 'first_metadata_read_parse_return', 'entered_before': 20009.485662686, 'returned_at': 23579.340555452}}}

======================================================================
FAIL: test_progress_plan047_deadline_steps (test_vipe_benchmark_supervisor.HelperSessionTests.test_progress_plan047_deadline_steps) (operation='reuse_after_read', when='equal')
----------------------------------------------------------------------
Traceback (most recent call last):
  File "/home/auss/git_repos/samaust/Experiments_4DGS/tests/test_vipe_benchmark_supervisor.py", line 3862, in test_progress_plan047_deadline_steps
    self.assertEqual(owned_descriptors,{},dict(case=case,reason='all acquired FDs/streams retired'))
    ~~~~~~~~~~~~~~~~^^^^^^^^^^^^^^^^^^^^^^^^^^^^^^^^^^^^^^^^^^^^^^^^^^^^^^^^^^^^^^^^^^^^^^^^^^^^^^^^
AssertionError: {159: {'operation': 'acquire', 'fd': 159, [73 chars]en'}} != {}
+ {}
- {159: {'fd': 159,
-        'observed': 23581.828385224,
-        'operation': 'acquire',
-        'path': '/proc/118/stat',
-        'source': 'Path.open'}} : {'case': {'operation': 'reuse_after_read', 'when': 'equal'}, 'reason': 'all acquired FDs/streams retired'}

======================================================================
FAIL: test_progress_plan047_deadline_steps (test_vipe_benchmark_supervisor.HelperSessionTests.test_progress_plan047_deadline_steps) (operation='reuse_after_read', when='after')
----------------------------------------------------------------------
Traceback (most recent call last):
  File "/home/auss/git_repos/samaust/Experiments_4DGS/tests/test_vipe_benchmark_supervisor.py", line 3862, in test_progress_plan047_deadline_steps
    self.assertEqual(owned_descriptors,{},dict(case=case,reason='all acquired FDs/streams retired'))
    ~~~~~~~~~~~~~~~~^^^^^^^^^^^^^^^^^^^^^^^^^^^^^^^^^^^^^^^^^^^^^^^^^^^^^^^^^^^^^^^^^^^^^^^^^^^^^^^^
AssertionError: {161: {'operation': 'acquire', 'fd': 161, [73 chars]en'}} != {}
+ {}
- {161: {'fd': 161,
-        'observed': 23582.237516166,
-        'operation': 'acquire',
-        'path': '/proc/115/stat',
-        'source': 'Path.open'}} : {'case': {'operation': 'reuse_after_read', 'when': 'after'}, 'reason': 'all acquired FDs/streams retired'}

======================================================================
FAIL: test_progress_plan047_deadline_steps (test_vipe_benchmark_supervisor.HelperSessionTests.test_progress_plan047_deadline_steps) (operation='accept_after_read', when='after')
----------------------------------------------------------------------
Traceback (most recent call last):
  File "/home/auss/git_repos/samaust/Experiments_4DGS/tests/test_vipe_benchmark_supervisor.py", line 3862, in test_progress_plan047_deadline_steps
    self.assertEqual(owned_descriptors,{},dict(case=case,reason='all acquired FDs/streams retired'))
    ~~~~~~~~~~~~~~~~^^^^^^^^^^^^^^^^^^^^^^^^^^^^^^^^^^^^^^^^^^^^^^^^^^^^^^^^^^^^^^^^^^^^^^^^^^^^^^^^
AssertionError: {161: {'operation': 'acquire', 'fd': 161, [192 chars]en'}} != {}
+ {}
- {159: {'fd': 159,
-        'observed': 23584.296306269,
-        'operation': 'acquire',
-        'path': '/proc/753/stat',
-        'source': 'Path.open'},
-  161: {'fd': 161,
-        'observed': 23584.296306269,
-        'operation': 'acquire',
-        'path': '/proc/46/stat',
-        'source': 'Path.open'}} : {'case': {'operation': 'accept_after_read', 'when': 'after'}, 'reason': 'all acquired FDs/streams retired'}

======================================================================
FAIL: test_progress_plan047_deadline_steps (test_vipe_benchmark_supervisor.HelperSessionTests.test_progress_plan047_deadline_steps) (operation='complete_after_read', when='equal')
----------------------------------------------------------------------
Traceback (most recent call last):
  File "/home/auss/git_repos/samaust/Experiments_4DGS/tests/test_vipe_benchmark_supervisor.py", line 3862, in test_progress_plan047_deadline_steps
    self.assertEqual(owned_descriptors,{},dict(case=case,reason='all acquired FDs/streams retired'))
    ~~~~~~~~~~~~~~~~^^^^^^^^^^^^^^^^^^^^^^^^^^^^^^^^^^^^^^^^^^^^^^^^^^^^^^^^^^^^^^^^^^^^^^^^^^^^^^^^
AssertionError: {161: {'operation': 'acquire', 'fd': 161, [73 chars]en'}} != {}
+ {}
- {161: {'fd': 161,
-        'observed': 20067.072119068,
-        'operation': 'acquire',
-        'path': '/proc/996/stat',
-        'source': 'Path.open'}} : {'case': {'operation': 'complete_after_read', 'when': 'equal'}, 'reason': 'all acquired FDs/streams retired'}

======================================================================
FAIL: test_progress_plan047_deadline_steps (test_vipe_benchmark_supervisor.HelperSessionTests.test_progress_plan047_deadline_steps) (operation='complete_after_read', when='after')
----------------------------------------------------------------------
Traceback (most recent call last):
  File "/home/auss/git_repos/samaust/Experiments_4DGS/tests/test_vipe_benchmark_supervisor.py", line 3862, in test_progress_plan047_deadline_steps
    self.assertEqual(owned_descriptors,{},dict(case=case,reason='all acquired FDs/streams retired'))
    ~~~~~~~~~~~~~~~~^^^^^^^^^^^^^^^^^^^^^^^^^^^^^^^^^^^^^^^^^^^^^^^^^^^^^^^^^^^^^^^^^^^^^^^^^^^^^^^^
AssertionError: {173: {'operation': 'acquire', 'fd': 173, [192 chars]en'}} != {}
+ {}
- {159: {'fd': 159,
-        'observed': 20088.870066503,
-        'operation': 'acquire',
-        'path': '/proc/143/stat',
-        'source': 'Path.open'},
-  173: {'fd': 173,
-        'observed': 20088.870066503,
-        'operation': 'acquire',
-        'path': '/proc/13/stat',
-        'source': 'Path.open'}} : {'case': {'operation': 'complete_after_read', 'when': 'after'}, 'reason': 'all acquired FDs/streams retired'}

======================================================================
FAIL: test_progress_plan047_deadline_steps (test_vipe_benchmark_supervisor.HelperSessionTests.test_progress_plan047_deadline_steps) (operation='next_input', when='equal')
----------------------------------------------------------------------
Traceback (most recent call last):
  File "/home/auss/git_repos/samaust/Experiments_4DGS/tests/test_vipe_benchmark_supervisor.py", line 3862, in test_progress_plan047_deadline_steps
    self.assertEqual(owned_descriptors,{},dict(case=case,reason='all acquired FDs/streams retired'))
    ~~~~~~~~~~~~~~~~^^^^^^^^^^^^^^^^^^^^^^^^^^^^^^^^^^^^^^^^^^^^^^^^^^^^^^^^^^^^^^^^^^^^^^^^^^^^^^^^
AssertionError: {161: {'operation': 'acquire', 'fd': 161, [75 chars]en'}} != {}
+ {}
- {161: {'fd': 161,
-        'observed': 20181.725350976,
-        'operation': 'acquire',
-        'path': '/proc/34987/stat',
-        'source': 'Path.open'}} : {'case': {'operation': 'next_input', 'when': 'equal'}, 'reason': 'all acquired FDs/streams retired'}

======================================================================
FAIL: test_progress_plan047_deadline_steps (test_vipe_benchmark_supervisor.HelperSessionTests.test_progress_plan047_deadline_steps) (operation='worker_popen', when='before')
----------------------------------------------------------------------
Traceback (most recent call last):
  File "/home/auss/git_repos/samaust/Experiments_4DGS/tests/test_vipe_benchmark_supervisor.py", line 3789, in test_progress_plan047_deadline_steps
    self.assertEqual(len(started),0 if expected_late else 1);observed=outcome['error']
    ~~~~~~~~~~~~~~~~^^^^^^^^^^^^^^^^^^^^^^^^^^^^^^^^^^^^^^^^
AssertionError: 0 != 1

======================================================================
FAIL: test_progress_plan047_deadline_steps (test_vipe_benchmark_supervisor.HelperSessionTests.test_progress_plan047_deadline_steps) (operation='worker_popen', when='equal')
----------------------------------------------------------------------
Traceback (most recent call last):
  File "/home/auss/git_repos/samaust/Experiments_4DGS/tests/test_vipe_benchmark_supervisor.py", line 3842, in test_progress_plan047_deadline_steps
    self.assertIn(name,before_controls)
    ~~~~~~~~~~~~~^^^^^^^^^^^^^^^^^^^^^^
AssertionError: 'worker_popen' not found in {'checkpoint_write': {'spec': {'target': {'operation': 'write', 'stage': 'write', 'phase': 'checkpoint'}, 'successor': {'operation': 'flush', 'stage': 'flush', 'phase': 'checkpoint'}}, 'target': [{'role': 'target', 'operation': 'write', 'stage': 'write', 'entered': 23565.370449613998, 'completed': True, 'exited': 23565.370449613998}], 'successor': [{'role': 'successor', 'operation': 'flush', 'stage': 'flush', 'entered': 23565.370449613998, 'completed': True, 'exited': 23565.370449613998}], 'predecessor': {'operation': 'checkpoint/fdopen', 'entered_before': 19995.505827486, 'returned_at': 23565.370449613998}}, 'checkpoint_flush': {'spec': {'target': {'operation': 'flush', 'stage': 'flush', 'phase': 'checkpoint'}, 'successor': {'operation': 'fsync', 'stage': 'file_fsync', 'phase': 'checkpoint'}}, 'target': [{'role': 'target', 'operation': 'flush', 'stage': 'flush', 'entered': 23565.79945539, 'completed': True, 'exited': 23565.79945539}], 'successor': [{'role': 'successor', 'operation': 'fsync', 'stage': 'file_fsync', 'entered': 23565.79945539, 'completed': True, 'exited': 23565.79945539}], 'predecessor': {'operation': 'write/write', 'entered_before': 19995.934113031, 'returned_at': 23565.79945539}}, 'checkpoint_fsync': {'spec': {'target': {'operation': 'fsync', 'stage': 'file_fsync', 'phase': 'checkpoint'}, 'successor': {'operation': 'close', 'stage': 'close', 'phase': 'checkpoint'}}, 'target': [{'role': 'target', 'operation': 'fsync', 'stage': 'file_fsync', 'entered': 23566.228208105, 'completed': True, 'exited': 23566.228208105}], 'successor': [{'role': 'successor', 'operation': 'close', 'stage': 'close', 'entered': 23566.228208105, 'completed': True, 'exited': 23566.228208105}], 'predecessor': {'operation': 'flush/flush', 'entered_before': 19996.361232143, 'returned_at': 23566.228208105}}, 'checkpoint_close': {'spec': {'target': {'operation': 'close', 'stage': 'close', 'phase': 'checkpoint'}, 'successor': {'operation': 'read_bytes', 'stage': 'close_readback', 'phase': 'checkpoint'}}, 'target': [{'role': 'target', 'operation': 'close', 'stage': 'close', 'entered': 23566.650729556, 'completed': True, 'exited': 23566.650729556}], 'successor': [{'role': 'successor', 'operation': 'read_bytes', 'stage': 'close_readback', 'entered': 23566.650729556, 'completed': True, 'exited': 23566.650729556}], 'predecessor': {'operation': 'file_fsync/fsync', 'entered_before': 19996.784014928, 'returned_at': 23566.650729556}}, 'checkpoint_readback': {'spec': {'target': {'operation': 'read_bytes', 'stage': 'close_readback', 'phase': 'checkpoint'}, 'successor': {'operation': 'record', 'stage': 'close_readback', 'phase': 'checkpoint'}}, 'target': [{'role': 'target', 'operation': 'read_bytes', 'stage': 'close_readback', 'entered': 23567.097134382, 'completed': True, 'exited': 23567.097134382}], 'successor': [{'role': 'successor', 'operation': 'record', 'stage': 'close_readback', 'entered': 23567.097134382, 'completed': True, 'exited': 23567.097134382}], 'predecessor': {'operation': 'close/close', 'entered_before': 19997.233429569, 'returned_at': 23567.097134382}}, 'head_write': {'spec': {'target': {'operation': 'write', 'stage': 'write', 'phase': 'head'}, 'successor': {'operation': 'flush', 'stage': 'flush', 'phase': 'head'}}, 'target': [{'role': 'target', 'operation': 'write', 'stage': 'write', 'entered': 23567.533950975, 'completed': True, 'exited': 23567.533950975}], 'successor': [{'role': 'successor', 'operation': 'flush', 'stage': 'flush', 'entered': 23567.533950975, 'completed': True, 'exited': 23567.533950975}], 'predecessor': {'operation': 'head/fdopen', 'entered_before': 19997.670551049, 'returned_at': 23567.533950975}}, 'head_flush': {'spec': {'target': {'operation': 'flush', 'stage': 'flush', 'phase': 'head'}, 'successor': {'operation': 'fsync', 'stage': 'file_fsync', 'phase': 'head'}}, 'target': [{'role': 'target', 'operation': 'flush', 'stage': 'flush', 'entered': 23567.976826724, 'completed': True, 'exited': 23567.976826724}], 'successor': [{'role': 'successor', 'operation': 'fsync', 'stage': 'file_fsync', 'entered': 23567.976826724, 'completed': True, 'exited': 23567.976826724}], 'predecessor': {'operation': 'write/write', 'entered_before': 19998.11241806, 'returned_at': 23567.976826724}}, 'head_fsync': {'spec': {'target': {'operation': 'fsync', 'stage': 'file_fsync', 'phase': 'head'}, 'successor': {'operation': 'close', 'stage': 'close', 'phase': 'head'}}, 'target': [{'role': 'target', 'operation': 'fsync', 'stage': 'file_fsync', 'entered': 23568.435236871, 'completed': True, 'exited': 23568.435236871}], 'successor': [{'role': 'successor', 'operation': 'close', 'stage': 'close', 'entered': 23568.435236871, 'completed': True, 'exited': 23568.435236871}], 'predecessor': {'operation': 'flush/flush', 'entered_before': 19998.569427093, 'returned_at': 23568.435236871}}, 'head_close': {'spec': {'target': {'operation': 'close', 'stage': 'close', 'phase': 'head'}, 'successor': {'operation': 'read_bytes', 'stage': 'close_readback', 'phase': 'head'}}, 'target': [{'role': 'target', 'operation': 'close', 'stage': 'close', 'entered': 23568.876068956, 'completed': True, 'exited': 23568.876068956}], 'successor': [{'role': 'successor', 'operation': 'read_bytes', 'stage': 'close_readback', 'entered': 23568.876068956, 'completed': True, 'exited': 23568.876068956}], 'predecessor': {'operation': 'file_fsync/fsync', 'entered_before': 19999.011428073, 'returned_at': 23568.876068956}}, 'head_readback': {'spec': {'target': {'operation': 'read_bytes', 'stage': 'close_readback', 'phase': 'head'}, 'successor': {'operation': 'record', 'stage': 'close_readback', 'phase': 'head'}}, 'target': [{'role': 'target', 'operation': 'read_bytes', 'stage': 'close_readback', 'entered': 23569.337467793, 'completed': True, 'exited': 23569.337467793}], 'successor': [{'role': 'successor', 'operation': 'record', 'stage': 'close_readback', 'entered': 23569.337467793, 'completed': True, 'exited': 23569.337467793}], 'predecessor': {'operation': 'close/close', 'entered_before': 19999.475369212, 'returned_at': 23569.337467793}}, 'generation_install': {'spec': {'target': {'module': 'os', 'operation': 'link'}, 'successor': {'module': 'os', 'operation': 'unlink'}}, 'target': [{'role': 'target', 'operation': 'link', 'entered': 23569.782900075, 'stage': 'generation_install', 'completed': True, 'exited': 23569.782900075}], 'successor': [{'role': 'successor', 'operation': 'unlink', 'entered': 23569.782900075, 'stage': 'generation_install', 'completed': True, 'exited': 23569.782900075}], 'predecessor': {'operation': '/tmp/tmpj31pby_j/30/jobs/S1-progress-68dbfd42d3e14b4db484b76a6c936dc1/worker/checkpoint.tmp/durable_write_return', 'entered_before': 19999.935765776, 'returned_at': 23569.782900075}}, 'generation_dir_fsync': {'spec': {'target': {'module': 'vipe_benchmark.s1_progress', 'operation': 'fsync_dir'}, 'successor': {'module': 'vipe_benchmark.s1_progress', 'operation': 'record'}}, 'target': [{'role': 'target', 'operation': 'fsync_dir', 'entered': 23570.237394412, 'stage': 'generation_directory_fsync', 'completed': True, 'exited': 23570.237394412}], 'successor': [{'role': 'successor', 'operation': 'record', 'entered': 23570.237394412, 'stage': 'generation_directory_fsync', 'completed': True, 'exited': 23570.237394412}], 'predecessor': {'operation': 'generation_install/unlink', 'entered_before': 20000.373869054, 'returned_at': 23570.237394412}}, 'generation_reopen_hash': {'spec': {'target': {'module': 'vipe_benchmark.s1_progress', 'operation': 'read_record'}, 'successor': {'module': 'vipe_benchmark.s1_progress', 'operation': 'encode'}}, 'target': [{'role': 'target', 'operation': 'read_record', 'entered': 23570.658372267, 'stage': 'generation_reopen_hash', 'completed': True, 'exited': 23570.658372267}], 'successor': [{'role': 'successor', 'operation': 'encode', 'entered': 23570.658372267, 'stage': 'generation_reopen_hash', 'completed': True, 'exited': 23570.658372267}], 'predecessor': {'operation': 'generation_directory_fsync/record', 'entered_before': 20000.793334011, 'returned_at': 23570.658372267}}, 'head_install': {'spec': {'target': {'module': 'os', 'operation': 'replace'}, 'successor': {'module': 'vipe_benchmark.s1_progress', 'operation': 'fsync_dir'}}, 'target': [{'role': 'target', 'operation': 'replace', 'entered': 23571.093594069, 'stage': 'head_install', 'completed': True, 'exited': 23571.093594069}], 'successor': [{'role': 'successor', 'operation': 'fsync_dir', 'entered': 23571.093594069, 'stage': 'head_directory_fsync', 'completed': True, 'exited': 23571.093594069}], 'predecessor': {'operation': '/tmp/tmpj31pby_j/39/jobs/S1-progress-df4b132fe1a14d439faa2662ae286e8f/worker/head.tmp/durable_write_return', 'entered_before': 20001.235368096, 'returned_at': 23571.093594069}}, 'head_dir_fsync': {'spec': {'target': {'module': 'vipe_benchmark.s1_progress', 'operation': 'fsync_dir'}, 'successor': {'module': 'vipe_benchmark.s1_progress', 'operation': 'record'}}, 'target': [{'role': 'target', 'operation': 'fsync_dir', 'entered': 23571.549764656, 'stage': 'head_directory_fsync', 'completed': True, 'exited': 23571.549764656}], 'successor': [{'role': 'successor', 'operation': 'record', 'entered': 23571.549764656, 'stage': 'head_directory_fsync', 'completed': True, 'exited': 23571.549764656}], 'predecessor': {'operation': 'head_install/replace', 'entered_before': 20001.685008766, 'returned_at': 23571.549764656}}, 'final_head_read': {'spec': {'target': {'module': 'vipe_benchmark.s1_progress', 'operation': 'read_record'}, 'successor': {'module': 'vipe_benchmark.s1_progress', 'operation': 'read_record'}}, 'target': [{'role': 'target', 'operation': 'read_record', 'entered': 23571.979204576, 'stage': 'final_head_read', 'completed': True, 'exited': 23571.979204576}], 'successor': [{'role': 'successor', 'operation': 'read_record', 'entered': 23571.979204576, 'stage': 'final_generation_read', 'completed': True, 'exited': 23571.979204576}], 'predecessor': {'operation': 'head_directory_fsync/record', 'entered_before': 20002.124023612, 'returned_at': 23571.979204576}}, 'final_generation_read': {'spec': {'target': {'module': 'vipe_benchmark.s1_progress', 'operation': 'read_record'}, 'successor': {'module': 'vipe_benchmark.s1_progress', 'operation': 'encode'}}, 'target': [{'role': 'target', 'operation': 'read_record', 'entered': 23572.458452392, 'stage': 'final_generation_read', 'completed': True, 'exited': 23572.458452392}], 'successor': [{'role': 'successor', 'operation': 'encode', 'entered': 23572.458452392, 'stage': 'final_generation_read', 'completed': True, 'exited': 23572.458452392}], 'predecessor': {'operation': 'final_head_read/read_record', 'entered_before': 20002.596326945, 'returned_at': 23572.458452392}}, 'notice_send': {'spec': {'target': {'operation': 'publisher.sendto'}, 'successor': {'module': 'vipe_benchmark.s1_progress', 'operation': 'receive'}}, 'target': [{'role': 'target', 'operation': 'sendto', 'entered': 23572.913793046, 'stage': 'notice_send', 'completed': True, 'exited': 23572.913793046}], 'successor': [{'role': 'successor', 'operation': 'receive', 'entered': 23572.913793046, 'stage': 'notice_receive', 'completed': True, 'exited': 23572.913793046}, {'role': 'successor', 'operation': 'receive', 'entered': 23572.913793046, 'stage': 'ack_receipt', 'completed': True, 'exited': 23572.913793046}], 'predecessor': {'operation': 's1-progress-notice/v1/encode', 'entered_before': 23572.664793046, 'returned_at': 23572.913793046}}, 'owner_retention': {'spec': {'target': {'module': 'RetainedProgress', 'operation': 'acknowledge'}, 'successor': {'module': 'RetainedProgress', 'operation': 'retain'}}, 'target': [{'role': 'target', 'operation': 'acknowledge', 'entered': 23573.357303747, 'stage': 'retention:after', 'completed': True, 'exited': 23573.357303747}], 'successor': [{'role': 'successor', 'operation': 'retain', 'entered': 23573.357303747, 'stage': 'retention:after', 'completed': True, 'exited': 23573.357303747}], 'predecessor': {'operation': 's1-progress-ack/v1/encode', 'entered_before': 23573.108303747, 'returned_at': 23573.357303747}}, 'ack_send': {'spec': {'target': {'operation': 'owner.sendto'}, 'successor': {'module': 'vipe_benchmark.s1_progress', 'operation': 'receive'}}, 'target': [{'role': 'target', 'operation': 'sendto', 'entered': 23573.819805883, 'stage': 'ack_send', 'completed': True, 'exited': 23573.819805883}], 'successor': [{'role': 'successor', 'operation': 'receive', 'entered': 23573.819805883, 'stage': 'ack_receipt', 'completed': True, 'exited': 23573.819805883}], 'predecessor': {'operation': 'RetainedProgress.retain', 'entered_before': 23573.570805883, 'returned_at': 23573.819805883}}, 'ack_receipt': {'spec': {'target': {'operation': 'ack_correlation', 'stage': 'ack_receipt:after'}, 'successor': {'operation': 'Publisher._publish diagnostics encode', 'stage': 'ack_receipt:after', 'after_target': True}, 'unrelated': {'operation': 'encode', 'classification': 'separately_recorded_not_successor'}}, 'target': [{'role': 'target', 'operation': 'ack_correlation', 'entered': 23574.27395851, 'stage': 'ack_receipt:after', 'completed': True, 'exited': 23574.27395851}], 'successor': [{'role': 'successor', 'operation': 'encode', 'stage': 'ack_receipt:after', 'publisher_diagnostics': True, 'after_target': True, 'entered': 23574.27395851, 'completed': True, 'exited': 23574.27395851}], 'predecessor': {'operation': 'matching_ack_receive', 'entered_before': 23574.02495851, 'returned_at': 23574.27395851}}, 'array_npy': {'spec': {'target': {'module': 'numpy', 'operation': 'save'}, 'successor': {'module': 'DeadlineSink', 'operation': 'write'}}, 'target': [{'role': 'target', 'operation': 'save', 'entered': 23574.733482033, 'stage': '', 'completed': True, 'exited': 23574.733482033}], 'successor': [{'role': 'successor', 'operation': 'write', 'entered': 23574.733482033, 'stage': '', 'completed': True, 'exited': 23574.733482033}, {'role': 'successor', 'operation': 'write', 'entered': 23574.733482033, 'stage': '', 'completed': True, 'exited': 23574.733482033}], 'predecessor': {'operation': 'array_unbuffered_open_return', 'entered_before': 20004.871563725, 'returned_at': 23574.733482033}}, 'array_png': {'spec': {'target': {'module': 'cv2', 'operation': 'imencode'}, 'successor': {'module': 'vipe_benchmark.s1_progress', 'operation': 'write_exclusive'}}, 'target': [{'role': 'target', 'operation': 'imencode', 'entered': 23575.151730575, 'stage': '', 'completed': True, 'exited': 23575.151730575}], 'successor': [{'role': 'successor', 'operation': 'write_exclusive', 'entered': 23575.151730575, 'stage': '', 'completed': True, 'exited': 23575.151730575}], 'predecessor': {'operation': 'png_destination_stat_return', 'entered_before': 20005.286038178, 'returned_at': 23575.151730575}}, 'npz_member': {'spec': {'target': {'module': 'ZipFile', 'operation': 'open'}, 'successor': {'module': 'numpy.lib.format', 'operation': 'write_array'}}, 'target': [{'role': 'target', 'operation': 'open', 'entered': 23575.564384787, 'stage': '', 'completed': True, 'exited': 23575.564384787}], 'successor': [{'role': 'successor', 'operation': 'write_array', 'entered': 23575.564384787, 'stage': '', 'completed': True, 'exited': 23575.564384787}], 'predecessor': {'operation': 'second_npz_array_conversion_return_before_member_open', 'entered_before': 20005.713348483, 'returned_at': 23575.564384787}}, 'npz_finalize': {'spec': {'target': {'module': 'ZipFile', 'operation': 'close'}, 'successor': {'module': 'DeadlineSink', 'operation': 'write'}}, 'target': [{'role': 'target', 'operation': 'close', 'entered': 23575.996128595, 'stage': '', 'completed': True, 'exited': 23575.996128595}], 'successor': [{'role': 'successor', 'operation': 'write', 'entered': 23575.996128595, 'stage': '', 'completed': True, 'exited': 23575.996128595}, {'role': 'successor', 'operation': 'write', 'entered': 23575.996128595, 'stage': '', 'completed': True, 'exited': 23575.996128595}, {'role': 'successor', 'operation': 'write', 'entered': 23575.996128595, 'stage': '', 'completed': True, 'exited': 23575.996128595}, {'role': 'successor', 'operation': 'write', 'entered': 23575.996128595, 'stage': '', 'completed': True, 'exited': 23575.996128595}, {'role': 'successor', 'operation': 'write', 'entered': 23575.996128595, 'stage': '', 'completed': True, 'exited': 23575.996128595}, {'role': 'successor', 'operation': 'write', 'entered': 23575.996128595, 'stage': '', 'completed': True, 'exited': 23575.996128595}, {'role': 'successor', 'operation': 'write', 'entered': 23575.996128595, 'stage': '', 'completed': True, 'exited': 23575.996128595}, {'role': 'successor', 'operation': 'write', 'entered': 23575.996128595, 'stage': '', 'completed': True, 'exited': 23575.996128595}, {'role': 'successor', 'operation': 'write', 'entered': 23575.996128595, 'stage': '', 'completed': True, 'exited': 23575.996128595}, {'role': 'successor', 'operation': 'write', 'entered': 23575.996128595, 'stage': '', 'completed': True, 'exited': 23575.996128595}], 'predecessor': {'operation': 'npz_member_2_close_return', 'entered_before': 20006.135167649, 'returned_at': 23575.996128595}}, 'array_hash': {'spec': {'target': {'module': 'vipe_benchmark.s1_progress', 'operation': 'checked_file_record'}, 'successor': {'module': 'vipe_benchmark.s1_progress', 'operation': 'read_bytes'}}, 'target': [{'role': 'target', 'operation': 'checked_file_record', 'entered': 23576.440099045998, 'stage': '', 'completed': True, 'exited': 23576.440099045998}], 'successor': [{'role': 'successor', 'operation': 'read_bytes', 'entered': 23576.440099045998, 'stage': '', 'completed': True, 'exited': 23576.440099045998}], 'predecessor': {'operation': 'array_normal_close_return_before_hash', 'entered_before': 20006.570981898, 'returned_at': 23576.440099045998}}, 'produced_json': {'spec': {'target': {'module': 'vipe_benchmark.s1_progress', 'operation': 'encode'}, 'successor': {'module': 'vipe_benchmark.s1_progress', 'operation': 'write_exclusive'}}, 'target': [{'role': 'target', 'operation': 'encode', 'entered': 23576.858670897, 'stage': '', 'completed': True, 'exited': 23576.858670897}, {'role': 'target', 'operation': 'encode', 'entered': 23576.858670897, 'stage': '', 'completed': True, 'exited': 23576.858670897}, {'role': 'target', 'operation': 'encode', 'entered': 23576.858670897, 'stage': '', 'completed': True, 'exited': 23576.858670897}, {'role': 'target', 'operation': 'encode', 'entered': 23576.858670897, 'stage': '', 'completed': True, 'exited': 23576.858670897}], 'successor': [{'role': 'successor', 'operation': 'write_exclusive', 'entered': 23576.858670897, 'stage': '', 'completed': True, 'exited': 23576.858670897}], 'predecessor': {'operation': 'input_manifest_read_and_parse_return', 'entered_before': 20006.989457916, 'returned_at': 23576.858670897}}, 'produced_read': {'spec': {'target': {'module': 'vipe_benchmark.s1_progress', 'operation': 'read_record'}, 'successor': {'module': 'vipe_benchmark.s1_evidence', 'operation': 'produced_row'}}, 'target': [{'role': 'target', 'operation': 'read_record', 'entered': 23577.431859807, 'stage': '', 'completed': True, 'exited': 23577.431859807}], 'successor': [{'role': 'successor', 'operation': 'produced_row', 'entered': 23577.431859807, 'stage': '', 'completed': True, 'exited': 23577.431859807}], 'predecessor': {'operation': 'produced_row_durable_write_return', 'entered_before': 20007.568346383, 'returned_at': 23577.431859807}}, 'produced_guard': {'spec': {'target': {'module': 'vipe_benchmark.s1_evidence', 'operation': 'produced_row'}, 'successor': {'module': 'Publisher', 'operation': 'seal'}}, 'target': [{'role': 'target', 'operation': 'produced_row', 'entered': 23578.019785487, 'stage': '', 'completed': True, 'exited': 23578.019785487}], 'successor': [{'role': 'successor', 'operation': 'seal', 'entered': 23578.019785487, 'stage': '', 'completed': True, 'exited': 23578.019785487}, {'role': 'successor', 'operation': 'seal', 'entered': 23578.019785487, 'stage': '', 'completed': True, 'exited': 23578.019785487}], 'predecessor': {'operation': 'produced_row_read_hash_parse_return', 'entered_before': 20008.158428408, 'returned_at': 23578.019785487}}, 'qualified_guard': {'spec': {'target': {'module': 'vipe_benchmark.s1_evidence', 'operation': 'qualify_row'}, 'successor': {'module': 'vipe_benchmark.s1_progress', 'operation': 'write_exclusive'}}, 'target': [{'role': 'target', 'operation': 'qualify_row', 'entered': 23578.624759462, 'stage': '', 'completed': True, 'exited': 23578.624759462}], 'successor': [{'role': 'successor', 'operation': 'write_exclusive', 'entered': 23578.624759462, 'stage': '', 'completed': True, 'exited': 23578.624759462}], 'predecessor': {'operation': 'produced_guard_seal_ack_return', 'entered_before': 20008.762417315, 'returned_at': 23578.624759462}}, 'first_guard': {'spec': {'target': {'module': 'vipe_benchmark.s1_evidence', 'operation': 'verify_first'}, 'successor': {'module': 'vipe_benchmark.s1_evidence', 'operation': 'qualify_runtime'}}, 'target': [{'role': 'target', 'operation': 'verify_first', 'entered': 23579.340555452, 'stage': '', 'completed': True, 'exited': 23579.340555452}], 'successor': [{'role': 'successor', 'operation': 'qualify_runtime', 'entered': 23579.340555452, 'stage': '', 'completed': True, 'exited': 23579.340555452}], 'predecessor': {'operation': 'first_metadata_read_parse_return', 'entered_before': 20009.485662686, 'returned_at': 23579.340555452}}, 'reuse_after_read': {'spec': {'target': {'module': 'vipe_benchmark.s1_evidence', 'operation': 'verify_first'}, 'successor': {'module': 'vipe_benchmark.s1_evidence', 'operation': 'qualify_runtime'}}, 'target': [{'role': 'target', 'operation': 'verify_first', 'entered': 23581.180688574, 'stage': '', 'completed': True, 'exited': 23581.180688574}, {'role': 'target', 'operation': 'verify_first', 'entered': 23581.180688574, 'stage': '', 'completed': True, 'exited': 23581.180688574}], 'successor': [{'role': 'successor', 'operation': 'qualify_runtime', 'entered': 23581.180688574, 'stage': '', 'completed': True, 'exited': 23581.180688574}, {'role': 'successor', 'operation': 'qualify_runtime', 'entered': 23581.180688574, 'stage': '', 'completed': True, 'exited': 23581.180688574}], 'predecessor': {'operation': 'first_metadata_read_parse_return', 'entered_before': 20011.322021354, 'returned_at': 23581.180688574}}, 'cleanup_next_array': {'spec': {'target': {'module': 'numpy', 'operation': 'asanyarray'}, 'successor': {'module': 'ZipFile', 'operation': 'open'}}, 'target': [{'role': 'target', 'operation': 'asanyarray', 'entered': 23582.654202234, 'stage': '', 'completed': True, 'exited': 23582.654202234}], 'successor': [{'role': 'successor', 'operation': 'open', 'entered': 23582.654202234, 'stage': '', 'completed': True, 'exited': 23582.654202234}], 'predecessor': {'operation': 'npz_member_1_close_return', 'entered_before': 20012.791833989, 'returned_at': 23582.654202234}}, 'accept_after_read': {'spec': {'target': {'module': 'vipe_benchmark.s1_evidence', 'operation': 'validate_result'}, 'successor': {'module': 'vipe_benchmark.s1_evidence', 'operation': 'verify_first'}}, 'target': [{'role': 'target', 'operation': 'validate_result', 'entered': 23584.294306269, 'stage': '', 'completed': True, 'exited': 23584.294306269}], 'successor': [{'role': 'successor', 'operation': 'verify_first', 'entered': 23584.294306269, 'stage': '', 'completed': True, 'exited': 23584.294306269}], 'predecessor': {'operation': 'accepted_request_read_parse_return', 'entered_before': 20013.235423472, 'returned_at': 23584.294306269}}, 'complete_after_read': {'spec': {'target': {'module': 'vipe_benchmark.s1_evidence', 'operation': 'evidence_counts'}, 'successor': {'module': 'vipe_benchmark.s1_evidence', 'operation': 'qualify_runtime'}}, 'target': [{'role': 'target', 'operation': 'evidence_counts', 'entered': 23584.294306269, 'stage': '', 'completed': True, 'exited': 23584.294306269}], 'successor': [{'role': 'successor', 'operation': 'qualify_runtime', 'entered': 23584.294306269, 'stage': '', 'completed': True, 'exited': 23584.294306269}, {'role': 'successor', 'operation': 'qualify_runtime', 'entered': 23584.294306269, 'stage': '', 'completed': True, 'exited': 23584.294306269}], 'predecessor': {'operation': 'acceptance_metadata_read_parse_return', 'entered_before': 20045.245704372, 'returned_at': 23584.294306269}}, 'next_input': {'spec': {'target': {'operation': 'load_rgb(frame62)'}, 'successor': {'operation': 'frame62 valid/native/raw'}}, 'target': [{'operation': 'load_rgb(frame62)', 'entered': 20179.350871603, 'completed': True, 'exited': 20179.350871603}], 'successor': [{'operation': 'frame62_valid_array', 'entered': 20179.350871603, 'record': {'path': '/tmp/tmpba8nu12f/valid.npy', 'sha256': 'a67cf6012a57f3530aeb9524b85e40171bfb0fcdaa6dbc66e95356a30dcfc6a3', 'bytes': 518528}, 'context': 'second_input_validation'}], 'predecessor': {'operation': 'segment_frame50_print_return_before_frame62', 'entered_before': 20112.851871603, 'returned_at': 20179.350871603}}}

======================================================================
FAIL: test_progress_plan047_deadline_steps (test_vipe_benchmark_supervisor.HelperSessionTests.test_progress_plan047_deadline_steps) (operation='worker_popen', when='after')
----------------------------------------------------------------------
Traceback (most recent call last):
  File "/home/auss/git_repos/samaust/Experiments_4DGS/tests/test_vipe_benchmark_supervisor.py", line 3842, in test_progress_plan047_deadline_steps
    self.assertIn(name,before_controls)
    ~~~~~~~~~~~~~^^^^^^^^^^^^^^^^^^^^^^
AssertionError: 'worker_popen' not found in {'checkpoint_write': {'spec': {'target': {'operation': 'write', 'stage': 'write', 'phase': 'checkpoint'}, 'successor': {'operation': 'flush', 'stage': 'flush', 'phase': 'checkpoint'}}, 'target': [{'role': 'target', 'operation': 'write', 'stage': 'write', 'entered': 23565.370449613998, 'completed': True, 'exited': 23565.370449613998}], 'successor': [{'role': 'successor', 'operation': 'flush', 'stage': 'flush', 'entered': 23565.370449613998, 'completed': True, 'exited': 23565.370449613998}], 'predecessor': {'operation': 'checkpoint/fdopen', 'entered_before': 19995.505827486, 'returned_at': 23565.370449613998}}, 'checkpoint_flush': {'spec': {'target': {'operation': 'flush', 'stage': 'flush', 'phase': 'checkpoint'}, 'successor': {'operation': 'fsync', 'stage': 'file_fsync', 'phase': 'checkpoint'}}, 'target': [{'role': 'target', 'operation': 'flush', 'stage': 'flush', 'entered': 23565.79945539, 'completed': True, 'exited': 23565.79945539}], 'successor': [{'role': 'successor', 'operation': 'fsync', 'stage': 'file_fsync', 'entered': 23565.79945539, 'completed': True, 'exited': 23565.79945539}], 'predecessor': {'operation': 'write/write', 'entered_before': 19995.934113031, 'returned_at': 23565.79945539}}, 'checkpoint_fsync': {'spec': {'target': {'operation': 'fsync', 'stage': 'file_fsync', 'phase': 'checkpoint'}, 'successor': {'operation': 'close', 'stage': 'close', 'phase': 'checkpoint'}}, 'target': [{'role': 'target', 'operation': 'fsync', 'stage': 'file_fsync', 'entered': 23566.228208105, 'completed': True, 'exited': 23566.228208105}], 'successor': [{'role': 'successor', 'operation': 'close', 'stage': 'close', 'entered': 23566.228208105, 'completed': True, 'exited': 23566.228208105}], 'predecessor': {'operation': 'flush/flush', 'entered_before': 19996.361232143, 'returned_at': 23566.228208105}}, 'checkpoint_close': {'spec': {'target': {'operation': 'close', 'stage': 'close', 'phase': 'checkpoint'}, 'successor': {'operation': 'read_bytes', 'stage': 'close_readback', 'phase': 'checkpoint'}}, 'target': [{'role': 'target', 'operation': 'close', 'stage': 'close', 'entered': 23566.650729556, 'completed': True, 'exited': 23566.650729556}], 'successor': [{'role': 'successor', 'operation': 'read_bytes', 'stage': 'close_readback', 'entered': 23566.650729556, 'completed': True, 'exited': 23566.650729556}], 'predecessor': {'operation': 'file_fsync/fsync', 'entered_before': 19996.784014928, 'returned_at': 23566.650729556}}, 'checkpoint_readback': {'spec': {'target': {'operation': 'read_bytes', 'stage': 'close_readback', 'phase': 'checkpoint'}, 'successor': {'operation': 'record', 'stage': 'close_readback', 'phase': 'checkpoint'}}, 'target': [{'role': 'target', 'operation': 'read_bytes', 'stage': 'close_readback', 'entered': 23567.097134382, 'completed': True, 'exited': 23567.097134382}], 'successor': [{'role': 'successor', 'operation': 'record', 'stage': 'close_readback', 'entered': 23567.097134382, 'completed': True, 'exited': 23567.097134382}], 'predecessor': {'operation': 'close/close', 'entered_before': 19997.233429569, 'returned_at': 23567.097134382}}, 'head_write': {'spec': {'target': {'operation': 'write', 'stage': 'write', 'phase': 'head'}, 'successor': {'operation': 'flush', 'stage': 'flush', 'phase': 'head'}}, 'target': [{'role': 'target', 'operation': 'write', 'stage': 'write', 'entered': 23567.533950975, 'completed': True, 'exited': 23567.533950975}], 'successor': [{'role': 'successor', 'operation': 'flush', 'stage': 'flush', 'entered': 23567.533950975, 'completed': True, 'exited': 23567.533950975}], 'predecessor': {'operation': 'head/fdopen', 'entered_before': 19997.670551049, 'returned_at': 23567.533950975}}, 'head_flush': {'spec': {'target': {'operation': 'flush', 'stage': 'flush', 'phase': 'head'}, 'successor': {'operation': 'fsync', 'stage': 'file_fsync', 'phase': 'head'}}, 'target': [{'role': 'target', 'operation': 'flush', 'stage': 'flush', 'entered': 23567.976826724, 'completed': True, 'exited': 23567.976826724}], 'successor': [{'role': 'successor', 'operation': 'fsync', 'stage': 'file_fsync', 'entered': 23567.976826724, 'completed': True, 'exited': 23567.976826724}], 'predecessor': {'operation': 'write/write', 'entered_before': 19998.11241806, 'returned_at': 23567.976826724}}, 'head_fsync': {'spec': {'target': {'operation': 'fsync', 'stage': 'file_fsync', 'phase': 'head'}, 'successor': {'operation': 'close', 'stage': 'close', 'phase': 'head'}}, 'target': [{'role': 'target', 'operation': 'fsync', 'stage': 'file_fsync', 'entered': 23568.435236871, 'completed': True, 'exited': 23568.435236871}], 'successor': [{'role': 'successor', 'operation': 'close', 'stage': 'close', 'entered': 23568.435236871, 'completed': True, 'exited': 23568.435236871}], 'predecessor': {'operation': 'flush/flush', 'entered_before': 19998.569427093, 'returned_at': 23568.435236871}}, 'head_close': {'spec': {'target': {'operation': 'close', 'stage': 'close', 'phase': 'head'}, 'successor': {'operation': 'read_bytes', 'stage': 'close_readback', 'phase': 'head'}}, 'target': [{'role': 'target', 'operation': 'close', 'stage': 'close', 'entered': 23568.876068956, 'completed': True, 'exited': 23568.876068956}], 'successor': [{'role': 'successor', 'operation': 'read_bytes', 'stage': 'close_readback', 'entered': 23568.876068956, 'completed': True, 'exited': 23568.876068956}], 'predecessor': {'operation': 'file_fsync/fsync', 'entered_before': 19999.011428073, 'returned_at': 23568.876068956}}, 'head_readback': {'spec': {'target': {'operation': 'read_bytes', 'stage': 'close_readback', 'phase': 'head'}, 'successor': {'operation': 'record', 'stage': 'close_readback', 'phase': 'head'}}, 'target': [{'role': 'target', 'operation': 'read_bytes', 'stage': 'close_readback', 'entered': 23569.337467793, 'completed': True, 'exited': 23569.337467793}], 'successor': [{'role': 'successor', 'operation': 'record', 'stage': 'close_readback', 'entered': 23569.337467793, 'completed': True, 'exited': 23569.337467793}], 'predecessor': {'operation': 'close/close', 'entered_before': 19999.475369212, 'returned_at': 23569.337467793}}, 'generation_install': {'spec': {'target': {'module': 'os', 'operation': 'link'}, 'successor': {'module': 'os', 'operation': 'unlink'}}, 'target': [{'role': 'target', 'operation': 'link', 'entered': 23569.782900075, 'stage': 'generation_install', 'completed': True, 'exited': 23569.782900075}], 'successor': [{'role': 'successor', 'operation': 'unlink', 'entered': 23569.782900075, 'stage': 'generation_install', 'completed': True, 'exited': 23569.782900075}], 'predecessor': {'operation': '/tmp/tmpj31pby_j/30/jobs/S1-progress-68dbfd42d3e14b4db484b76a6c936dc1/worker/checkpoint.tmp/durable_write_return', 'entered_before': 19999.935765776, 'returned_at': 23569.782900075}}, 'generation_dir_fsync': {'spec': {'target': {'module': 'vipe_benchmark.s1_progress', 'operation': 'fsync_dir'}, 'successor': {'module': 'vipe_benchmark.s1_progress', 'operation': 'record'}}, 'target': [{'role': 'target', 'operation': 'fsync_dir', 'entered': 23570.237394412, 'stage': 'generation_directory_fsync', 'completed': True, 'exited': 23570.237394412}], 'successor': [{'role': 'successor', 'operation': 'record', 'entered': 23570.237394412, 'stage': 'generation_directory_fsync', 'completed': True, 'exited': 23570.237394412}], 'predecessor': {'operation': 'generation_install/unlink', 'entered_before': 20000.373869054, 'returned_at': 23570.237394412}}, 'generation_reopen_hash': {'spec': {'target': {'module': 'vipe_benchmark.s1_progress', 'operation': 'read_record'}, 'successor': {'module': 'vipe_benchmark.s1_progress', 'operation': 'encode'}}, 'target': [{'role': 'target', 'operation': 'read_record', 'entered': 23570.658372267, 'stage': 'generation_reopen_hash', 'completed': True, 'exited': 23570.658372267}], 'successor': [{'role': 'successor', 'operation': 'encode', 'entered': 23570.658372267, 'stage': 'generation_reopen_hash', 'completed': True, 'exited': 23570.658372267}], 'predecessor': {'operation': 'generation_directory_fsync/record', 'entered_before': 20000.793334011, 'returned_at': 23570.658372267}}, 'head_install': {'spec': {'target': {'module': 'os', 'operation': 'replace'}, 'successor': {'module': 'vipe_benchmark.s1_progress', 'operation': 'fsync_dir'}}, 'target': [{'role': 'target', 'operation': 'replace', 'entered': 23571.093594069, 'stage': 'head_install', 'completed': True, 'exited': 23571.093594069}], 'successor': [{'role': 'successor', 'operation': 'fsync_dir', 'entered': 23571.093594069, 'stage': 'head_directory_fsync', 'completed': True, 'exited': 23571.093594069}], 'predecessor': {'operation': '/tmp/tmpj31pby_j/39/jobs/S1-progress-df4b132fe1a14d439faa2662ae286e8f/worker/head.tmp/durable_write_return', 'entered_before': 20001.235368096, 'returned_at': 23571.093594069}}, 'head_dir_fsync': {'spec': {'target': {'module': 'vipe_benchmark.s1_progress', 'operation': 'fsync_dir'}, 'successor': {'module': 'vipe_benchmark.s1_progress', 'operation': 'record'}}, 'target': [{'role': 'target', 'operation': 'fsync_dir', 'entered': 23571.549764656, 'stage': 'head_directory_fsync', 'completed': True, 'exited': 23571.549764656}], 'successor': [{'role': 'successor', 'operation': 'record', 'entered': 23571.549764656, 'stage': 'head_directory_fsync', 'completed': True, 'exited': 23571.549764656}], 'predecessor': {'operation': 'head_install/replace', 'entered_before': 20001.685008766, 'returned_at': 23571.549764656}}, 'final_head_read': {'spec': {'target': {'module': 'vipe_benchmark.s1_progress', 'operation': 'read_record'}, 'successor': {'module': 'vipe_benchmark.s1_progress', 'operation': 'read_record'}}, 'target': [{'role': 'target', 'operation': 'read_record', 'entered': 23571.979204576, 'stage': 'final_head_read', 'completed': True, 'exited': 23571.979204576}], 'successor': [{'role': 'successor', 'operation': 'read_record', 'entered': 23571.979204576, 'stage': 'final_generation_read', 'completed': True, 'exited': 23571.979204576}], 'predecessor': {'operation': 'head_directory_fsync/record', 'entered_before': 20002.124023612, 'returned_at': 23571.979204576}}, 'final_generation_read': {'spec': {'target': {'module': 'vipe_benchmark.s1_progress', 'operation': 'read_record'}, 'successor': {'module': 'vipe_benchmark.s1_progress', 'operation': 'encode'}}, 'target': [{'role': 'target', 'operation': 'read_record', 'entered': 23572.458452392, 'stage': 'final_generation_read', 'completed': True, 'exited': 23572.458452392}], 'successor': [{'role': 'successor', 'operation': 'encode', 'entered': 23572.458452392, 'stage': 'final_generation_read', 'completed': True, 'exited': 23572.458452392}], 'predecessor': {'operation': 'final_head_read/read_record', 'entered_before': 20002.596326945, 'returned_at': 23572.458452392}}, 'notice_send': {'spec': {'target': {'operation': 'publisher.sendto'}, 'successor': {'module': 'vipe_benchmark.s1_progress', 'operation': 'receive'}}, 'target': [{'role': 'target', 'operation': 'sendto', 'entered': 23572.913793046, 'stage': 'notice_send', 'completed': True, 'exited': 23572.913793046}], 'successor': [{'role': 'successor', 'operation': 'receive', 'entered': 23572.913793046, 'stage': 'notice_receive', 'completed': True, 'exited': 23572.913793046}, {'role': 'successor', 'operation': 'receive', 'entered': 23572.913793046, 'stage': 'ack_receipt', 'completed': True, 'exited': 23572.913793046}], 'predecessor': {'operation': 's1-progress-notice/v1/encode', 'entered_before': 23572.664793046, 'returned_at': 23572.913793046}}, 'owner_retention': {'spec': {'target': {'module': 'RetainedProgress', 'operation': 'acknowledge'}, 'successor': {'module': 'RetainedProgress', 'operation': 'retain'}}, 'target': [{'role': 'target', 'operation': 'acknowledge', 'entered': 23573.357303747, 'stage': 'retention:after', 'completed': True, 'exited': 23573.357303747}], 'successor': [{'role': 'successor', 'operation': 'retain', 'entered': 23573.357303747, 'stage': 'retention:after', 'completed': True, 'exited': 23573.357303747}], 'predecessor': {'operation': 's1-progress-ack/v1/encode', 'entered_before': 23573.108303747, 'returned_at': 23573.357303747}}, 'ack_send': {'spec': {'target': {'operation': 'owner.sendto'}, 'successor': {'module': 'vipe_benchmark.s1_progress', 'operation': 'receive'}}, 'target': [{'role': 'target', 'operation': 'sendto', 'entered': 23573.819805883, 'stage': 'ack_send', 'completed': True, 'exited': 23573.819805883}], 'successor': [{'role': 'successor', 'operation': 'receive', 'entered': 23573.819805883, 'stage': 'ack_receipt', 'completed': True, 'exited': 23573.819805883}], 'predecessor': {'operation': 'RetainedProgress.retain', 'entered_before': 23573.570805883, 'returned_at': 23573.819805883}}, 'ack_receipt': {'spec': {'target': {'operation': 'ack_correlation', 'stage': 'ack_receipt:after'}, 'successor': {'operation': 'Publisher._publish diagnostics encode', 'stage': 'ack_receipt:after', 'after_target': True}, 'unrelated': {'operation': 'encode', 'classification': 'separately_recorded_not_successor'}}, 'target': [{'role': 'target', 'operation': 'ack_correlation', 'entered': 23574.27395851, 'stage': 'ack_receipt:after', 'completed': True, 'exited': 23574.27395851}], 'successor': [{'role': 'successor', 'operation': 'encode', 'stage': 'ack_receipt:after', 'publisher_diagnostics': True, 'after_target': True, 'entered': 23574.27395851, 'completed': True, 'exited': 23574.27395851}], 'predecessor': {'operation': 'matching_ack_receive', 'entered_before': 23574.02495851, 'returned_at': 23574.27395851}}, 'array_npy': {'spec': {'target': {'module': 'numpy', 'operation': 'save'}, 'successor': {'module': 'DeadlineSink', 'operation': 'write'}}, 'target': [{'role': 'target', 'operation': 'save', 'entered': 23574.733482033, 'stage': '', 'completed': True, 'exited': 23574.733482033}], 'successor': [{'role': 'successor', 'operation': 'write', 'entered': 23574.733482033, 'stage': '', 'completed': True, 'exited': 23574.733482033}, {'role': 'successor', 'operation': 'write', 'entered': 23574.733482033, 'stage': '', 'completed': True, 'exited': 23574.733482033}], 'predecessor': {'operation': 'array_unbuffered_open_return', 'entered_before': 20004.871563725, 'returned_at': 23574.733482033}}, 'array_png': {'spec': {'target': {'module': 'cv2', 'operation': 'imencode'}, 'successor': {'module': 'vipe_benchmark.s1_progress', 'operation': 'write_exclusive'}}, 'target': [{'role': 'target', 'operation': 'imencode', 'entered': 23575.151730575, 'stage': '', 'completed': True, 'exited': 23575.151730575}], 'successor': [{'role': 'successor', 'operation': 'write_exclusive', 'entered': 23575.151730575, 'stage': '', 'completed': True, 'exited': 23575.151730575}], 'predecessor': {'operation': 'png_destination_stat_return', 'entered_before': 20005.286038178, 'returned_at': 23575.151730575}}, 'npz_member': {'spec': {'target': {'module': 'ZipFile', 'operation': 'open'}, 'successor': {'module': 'numpy.lib.format', 'operation': 'write_array'}}, 'target': [{'role': 'target', 'operation': 'open', 'entered': 23575.564384787, 'stage': '', 'completed': True, 'exited': 23575.564384787}], 'successor': [{'role': 'successor', 'operation': 'write_array', 'entered': 23575.564384787, 'stage': '', 'completed': True, 'exited': 23575.564384787}], 'predecessor': {'operation': 'second_npz_array_conversion_return_before_member_open', 'entered_before': 20005.713348483, 'returned_at': 23575.564384787}}, 'npz_finalize': {'spec': {'target': {'module': 'ZipFile', 'operation': 'close'}, 'successor': {'module': 'DeadlineSink', 'operation': 'write'}}, 'target': [{'role': 'target', 'operation': 'close', 'entered': 23575.996128595, 'stage': '', 'completed': True, 'exited': 23575.996128595}], 'successor': [{'role': 'successor', 'operation': 'write', 'entered': 23575.996128595, 'stage': '', 'completed': True, 'exited': 23575.996128595}, {'role': 'successor', 'operation': 'write', 'entered': 23575.996128595, 'stage': '', 'completed': True, 'exited': 23575.996128595}, {'role': 'successor', 'operation': 'write', 'entered': 23575.996128595, 'stage': '', 'completed': True, 'exited': 23575.996128595}, {'role': 'successor', 'operation': 'write', 'entered': 23575.996128595, 'stage': '', 'completed': True, 'exited': 23575.996128595}, {'role': 'successor', 'operation': 'write', 'entered': 23575.996128595, 'stage': '', 'completed': True, 'exited': 23575.996128595}, {'role': 'successor', 'operation': 'write', 'entered': 23575.996128595, 'stage': '', 'completed': True, 'exited': 23575.996128595}, {'role': 'successor', 'operation': 'write', 'entered': 23575.996128595, 'stage': '', 'completed': True, 'exited': 23575.996128595}, {'role': 'successor', 'operation': 'write', 'entered': 23575.996128595, 'stage': '', 'completed': True, 'exited': 23575.996128595}, {'role': 'successor', 'operation': 'write', 'entered': 23575.996128595, 'stage': '', 'completed': True, 'exited': 23575.996128595}, {'role': 'successor', 'operation': 'write', 'entered': 23575.996128595, 'stage': '', 'completed': True, 'exited': 23575.996128595}], 'predecessor': {'operation': 'npz_member_2_close_return', 'entered_before': 20006.135167649, 'returned_at': 23575.996128595}}, 'array_hash': {'spec': {'target': {'module': 'vipe_benchmark.s1_progress', 'operation': 'checked_file_record'}, 'successor': {'module': 'vipe_benchmark.s1_progress', 'operation': 'read_bytes'}}, 'target': [{'role': 'target', 'operation': 'checked_file_record', 'entered': 23576.440099045998, 'stage': '', 'completed': True, 'exited': 23576.440099045998}], 'successor': [{'role': 'successor', 'operation': 'read_bytes', 'entered': 23576.440099045998, 'stage': '', 'completed': True, 'exited': 23576.440099045998}], 'predecessor': {'operation': 'array_normal_close_return_before_hash', 'entered_before': 20006.570981898, 'returned_at': 23576.440099045998}}, 'produced_json': {'spec': {'target': {'module': 'vipe_benchmark.s1_progress', 'operation': 'encode'}, 'successor': {'module': 'vipe_benchmark.s1_progress', 'operation': 'write_exclusive'}}, 'target': [{'role': 'target', 'operation': 'encode', 'entered': 23576.858670897, 'stage': '', 'completed': True, 'exited': 23576.858670897}, {'role': 'target', 'operation': 'encode', 'entered': 23576.858670897, 'stage': '', 'completed': True, 'exited': 23576.858670897}, {'role': 'target', 'operation': 'encode', 'entered': 23576.858670897, 'stage': '', 'completed': True, 'exited': 23576.858670897}, {'role': 'target', 'operation': 'encode', 'entered': 23576.858670897, 'stage': '', 'completed': True, 'exited': 23576.858670897}], 'successor': [{'role': 'successor', 'operation': 'write_exclusive', 'entered': 23576.858670897, 'stage': '', 'completed': True, 'exited': 23576.858670897}], 'predecessor': {'operation': 'input_manifest_read_and_parse_return', 'entered_before': 20006.989457916, 'returned_at': 23576.858670897}}, 'produced_read': {'spec': {'target': {'module': 'vipe_benchmark.s1_progress', 'operation': 'read_record'}, 'successor': {'module': 'vipe_benchmark.s1_evidence', 'operation': 'produced_row'}}, 'target': [{'role': 'target', 'operation': 'read_record', 'entered': 23577.431859807, 'stage': '', 'completed': True, 'exited': 23577.431859807}], 'successor': [{'role': 'successor', 'operation': 'produced_row', 'entered': 23577.431859807, 'stage': '', 'completed': True, 'exited': 23577.431859807}], 'predecessor': {'operation': 'produced_row_durable_write_return', 'entered_before': 20007.568346383, 'returned_at': 23577.431859807}}, 'produced_guard': {'spec': {'target': {'module': 'vipe_benchmark.s1_evidence', 'operation': 'produced_row'}, 'successor': {'module': 'Publisher', 'operation': 'seal'}}, 'target': [{'role': 'target', 'operation': 'produced_row', 'entered': 23578.019785487, 'stage': '', 'completed': True, 'exited': 23578.019785487}], 'successor': [{'role': 'successor', 'operation': 'seal', 'entered': 23578.019785487, 'stage': '', 'completed': True, 'exited': 23578.019785487}, {'role': 'successor', 'operation': 'seal', 'entered': 23578.019785487, 'stage': '', 'completed': True, 'exited': 23578.019785487}], 'predecessor': {'operation': 'produced_row_read_hash_parse_return', 'entered_before': 20008.158428408, 'returned_at': 23578.019785487}}, 'qualified_guard': {'spec': {'target': {'module': 'vipe_benchmark.s1_evidence', 'operation': 'qualify_row'}, 'successor': {'module': 'vipe_benchmark.s1_progress', 'operation': 'write_exclusive'}}, 'target': [{'role': 'target', 'operation': 'qualify_row', 'entered': 23578.624759462, 'stage': '', 'completed': True, 'exited': 23578.624759462}], 'successor': [{'role': 'successor', 'operation': 'write_exclusive', 'entered': 23578.624759462, 'stage': '', 'completed': True, 'exited': 23578.624759462}], 'predecessor': {'operation': 'produced_guard_seal_ack_return', 'entered_before': 20008.762417315, 'returned_at': 23578.624759462}}, 'first_guard': {'spec': {'target': {'module': 'vipe_benchmark.s1_evidence', 'operation': 'verify_first'}, 'successor': {'module': 'vipe_benchmark.s1_evidence', 'operation': 'qualify_runtime'}}, 'target': [{'role': 'target', 'operation': 'verify_first', 'entered': 23579.340555452, 'stage': '', 'completed': True, 'exited': 23579.340555452}], 'successor': [{'role': 'successor', 'operation': 'qualify_runtime', 'entered': 23579.340555452, 'stage': '', 'completed': True, 'exited': 23579.340555452}], 'predecessor': {'operation': 'first_metadata_read_parse_return', 'entered_before': 20009.485662686, 'returned_at': 23579.340555452}}, 'reuse_after_read': {'spec': {'target': {'module': 'vipe_benchmark.s1_evidence', 'operation': 'verify_first'}, 'successor': {'module': 'vipe_benchmark.s1_evidence', 'operation': 'qualify_runtime'}}, 'target': [{'role': 'target', 'operation': 'verify_first', 'entered': 23581.180688574, 'stage': '', 'completed': True, 'exited': 23581.180688574}, {'role': 'target', 'operation': 'verify_first', 'entered': 23581.180688574, 'stage': '', 'completed': True, 'exited': 23581.180688574}], 'successor': [{'role': 'successor', 'operation': 'qualify_runtime', 'entered': 23581.180688574, 'stage': '', 'completed': True, 'exited': 23581.180688574}, {'role': 'successor', 'operation': 'qualify_runtime', 'entered': 23581.180688574, 'stage': '', 'completed': True, 'exited': 23581.180688574}], 'predecessor': {'operation': 'first_metadata_read_parse_return', 'entered_before': 20011.322021354, 'returned_at': 23581.180688574}}, 'cleanup_next_array': {'spec': {'target': {'module': 'numpy', 'operation': 'asanyarray'}, 'successor': {'module': 'ZipFile', 'operation': 'open'}}, 'target': [{'role': 'target', 'operation': 'asanyarray', 'entered': 23582.654202234, 'stage': '', 'completed': True, 'exited': 23582.654202234}], 'successor': [{'role': 'successor', 'operation': 'open', 'entered': 23582.654202234, 'stage': '', 'completed': True, 'exited': 23582.654202234}], 'predecessor': {'operation': 'npz_member_1_close_return', 'entered_before': 20012.791833989, 'returned_at': 23582.654202234}}, 'accept_after_read': {'spec': {'target': {'module': 'vipe_benchmark.s1_evidence', 'operation': 'validate_result'}, 'successor': {'module': 'vipe_benchmark.s1_evidence', 'operation': 'verify_first'}}, 'target': [{'role': 'target', 'operation': 'validate_result', 'entered': 23584.294306269, 'stage': '', 'completed': True, 'exited': 23584.294306269}], 'successor': [{'role': 'successor', 'operation': 'verify_first', 'entered': 23584.294306269, 'stage': '', 'completed': True, 'exited': 23584.294306269}], 'predecessor': {'operation': 'accepted_request_read_parse_return', 'entered_before': 20013.235423472, 'returned_at': 23584.294306269}}, 'complete_after_read': {'spec': {'target': {'module': 'vipe_benchmark.s1_evidence', 'operation': 'evidence_counts'}, 'successor': {'module': 'vipe_benchmark.s1_evidence', 'operation': 'qualify_runtime'}}, 'target': [{'role': 'target', 'operation': 'evidence_counts', 'entered': 23584.294306269, 'stage': '', 'completed': True, 'exited': 23584.294306269}], 'successor': [{'role': 'successor', 'operation': 'qualify_runtime', 'entered': 23584.294306269, 'stage': '', 'completed': True, 'exited': 23584.294306269}, {'role': 'successor', 'operation': 'qualify_runtime', 'entered': 23584.294306269, 'stage': '', 'completed': True, 'exited': 23584.294306269}], 'predecessor': {'operation': 'acceptance_metadata_read_parse_return', 'entered_before': 20045.245704372, 'returned_at': 23584.294306269}}, 'next_input': {'spec': {'target': {'operation': 'load_rgb(frame62)'}, 'successor': {'operation': 'frame62 valid/native/raw'}}, 'target': [{'operation': 'load_rgb(frame62)', 'entered': 20179.350871603, 'completed': True, 'exited': 20179.350871603}], 'successor': [{'operation': 'frame62_valid_array', 'entered': 20179.350871603, 'record': {'path': '/tmp/tmpba8nu12f/valid.npy', 'sha256': 'a67cf6012a57f3530aeb9524b85e40171bfb0fcdaa6dbc66e95356a30dcfc6a3', 'bytes': 518528}, 'context': 'second_input_validation'}], 'predecessor': {'operation': 'segment_frame50_print_return_before_frame62', 'entered_before': 20112.851871603, 'returned_at': 20179.350871603}}}

----------------------------------------------------------------------
Ran 73 tests in 211.624s

FAILED (failures=81, errors=47)
