test_assignment_survives_sam_and_pair_propagation (test_vipe_benchmark_s1_semantics.S1SemanticsTests.test_assignment_survives_sam_and_pair_propagation) ... ok
test_contract_rejects_missing_or_tampered_assignment (test_vipe_benchmark_s1_semantics.S1SemanticsTests.test_contract_rejects_missing_or_tampered_assignment) ... ok
test_empty_combined_disagreement_tie_and_subword_sum (test_vipe_benchmark_s1_semantics.S1SemanticsTests.test_empty_combined_disagreement_tie_and_subword_sum) ... ok
test_invalid_evidence_and_unamended_contract (test_vipe_benchmark_s1_semantics.S1SemanticsTests.test_invalid_evidence_and_unamended_contract) ... ok
test_native_query_alignment_and_full_evidence (test_vipe_benchmark_s1_semantics.S1SemanticsTests.test_native_query_alignment_and_full_evidence) ... ok

----------------------------------------------------------------------
Ran 5 tests in 0.014s

OK
test_collection_rereads_same_size_same_mtime (test_vipe_benchmark_s1_recovery.DeclarationCacheTests.test_collection_rereads_same_size_same_mtime) ... ok
test_collection_warm_cache_does_not_hide_deletion (test_vipe_benchmark_s1_recovery.DeclarationCacheTests.test_collection_warm_cache_does_not_hide_deletion) ... ok
test_exact_text_and_module_keys (test_vipe_benchmark_s1_recovery.DeclarationCacheTests.test_exact_text_and_module_keys) ... ok
test_invalid_inputs_are_not_cached (test_vipe_benchmark_s1_recovery.DeclarationCacheTests.test_invalid_inputs_are_not_cached) ... ok
test_lru_bound_and_eviction (test_vipe_benchmark_s1_recovery.DeclarationCacheTests.test_lru_bound_and_eviction) ... ok
test_repeated_exact_key_reuses_parse (test_vipe_benchmark_s1_recovery.DeclarationCacheTests.test_repeated_exact_key_reuses_parse) ... ok
test_returned_mutation_isolation (test_vipe_benchmark_s1_recovery.DeclarationCacheTests.test_returned_mutation_isolation) ... ok
test_alignment_layout_pre_forward_and_no_stale_capture (test_vipe_benchmark_s1_recovery.FailureEvidenceTests.test_alignment_layout_pre_forward_and_no_stale_capture) ... ok
test_first_result_failure_stops_before_second_input (test_vipe_benchmark_s1_recovery.FailureEvidenceTests.test_first_result_failure_stops_before_second_input) ... ok
test_direct_script_declaration_lookup (test_vipe_benchmark_s1_recovery.NumericalEnvelopeTests.test_direct_script_declaration_lookup) ... ok
test_produced_and_qualified_numerical_rows (test_vipe_benchmark_s1_recovery.NumericalEnvelopeTests.test_produced_and_qualified_numerical_rows) ... ok
test_sum_and_allocator_boundaries (test_vipe_benchmark_s1_recovery.NumericalEnvelopeTests.test_sum_and_allocator_boundaries) ... ok
test_terminal_and_resolver_numerical_mutations (test_vipe_benchmark_s1_recovery.NumericalEnvelopeTests.test_terminal_and_resolver_numerical_mutations) ... ok
test_typed_numerical_fields (test_vipe_benchmark_s1_recovery.NumericalEnvelopeTests.test_typed_numerical_fields) ... ok
test_accounting_mutations (test_vipe_benchmark_s1_recovery.ReceiptContractTests.test_accounting_mutations) ... ok
test_artifact_record_matrix (test_vipe_benchmark_s1_recovery.ReceiptContractTests.test_artifact_record_matrix) ... ok
test_binding_mutations (test_vipe_benchmark_s1_recovery.ReceiptContractTests.test_binding_mutations) ... ok
test_callback_mutations (test_vipe_benchmark_s1_recovery.ReceiptContractTests.test_callback_mutations) ... ok
test_cleanup_uses_callers_phase_deadline_with_fixture_cap (test_vipe_benchmark_s1_recovery.ReceiptContractTests.test_cleanup_uses_callers_phase_deadline_with_fixture_cap) ... ok
test_declaration_parser_mutations (test_vipe_benchmark_s1_recovery.ReceiptContractTests.test_declaration_parser_mutations) ... ok
test_execution_mutations (test_vipe_benchmark_s1_recovery.ReceiptContractTests.test_execution_mutations) ... ok
test_job_line_cache_preserves_fresh_chain_and_mutation_checks (test_vipe_benchmark_s1_recovery.ReceiptContractTests.test_job_line_cache_preserves_fresh_chain_and_mutation_checks) ... ok
test_legacy_receipts_rejected (test_vipe_benchmark_s1_recovery.ReceiptContractTests.test_legacy_receipts_rejected) ... ok
test_nested_job_creator_requires_live_registered_incarnation (test_vipe_benchmark_s1_recovery.ReceiptContractTests.test_nested_job_creator_requires_live_registered_incarnation) ... ok
test_positive_complete_fixture (test_vipe_benchmark_s1_recovery.ReceiptContractTests.test_positive_complete_fixture) ... ok
test_stdio_sentinels_bind_creation_semantics (test_vipe_benchmark_s1_recovery.ReceiptContractTests.test_stdio_sentinels_bind_creation_semantics) ... ok
test_typed_primitive_callbacks (test_vipe_benchmark_s1_recovery.ReceiptContractTests.test_typed_primitive_callbacks) ... ok
test_acceptance_and_historical_authority (test_vipe_benchmark_s1_recovery.ReservationClockTests.test_acceptance_and_historical_authority) ... ok
test_context_matrix (test_vipe_benchmark_s1_recovery.ReservationClockTests.test_context_matrix) ... ok
test_failure_reconciliation (test_vipe_benchmark_s1_recovery.ReservationClockTests.test_failure_reconciliation) ... ok
test_identical_reuse_and_conflicts (test_vipe_benchmark_s1_recovery.ReservationClockTests.test_identical_reuse_and_conflicts) ... ok
test_phase_boundaries (test_vipe_benchmark_s1_recovery.ReservationClockTests.test_phase_boundaries) ... ok
test_real_segment_publication_barriers (test_vipe_benchmark_s1_recovery.ReservationClockTests.test_real_segment_publication_barriers) ... ok
test_worker_bootstrap (test_vipe_benchmark_s1_recovery.ReservationClockTests.test_worker_bootstrap) ... ok
test_binding_historical_versus_canonical_and_no_mutation (test_vipe_benchmark_s1_recovery.S1RecoveryTests.test_binding_historical_versus_canonical_and_no_mutation) ... ok
test_changed_prerequisite_records_rejected (test_vipe_benchmark_s1_recovery.S1RecoveryTests.test_changed_prerequisite_records_rejected) ... ok
test_exhausted_state (test_vipe_benchmark_s1_recovery.S1RecoveryTests.test_exhausted_state) ... ok
test_live_cleanup_active_and_exhausted_state (test_vipe_benchmark_s1_recovery.S1RecoveryTests.test_live_cleanup_active_and_exhausted_state) ... ok
test_reduced_cumulative_deadline (test_vipe_benchmark_s1_recovery.S1RecoveryTests.test_reduced_cumulative_deadline) ... ok
test_reduced_remaining_time_and_mutation_at_reservation_lock (test_vipe_benchmark_s1_recovery.S1RecoveryTests.test_reduced_remaining_time_and_mutation_at_reservation_lock) ... ok
test_registered_authorization_and_validation_mutation_block (test_vipe_benchmark_s1_recovery.S1RecoveryTests.test_registered_authorization_and_validation_mutation_block) ... ok
test_registration_needs_admission_duplicate_and_reservation_consumes_once (test_vipe_benchmark_s1_recovery.S1RecoveryTests.test_registration_needs_admission_duplicate_and_reservation_consumes_once) ... ok
test_result_requires_supervised_cleanup_and_exact_membership (test_vipe_benchmark_s1_recovery.S1RecoveryTests.test_result_requires_supervised_cleanup_and_exact_membership) ... ok
test_source_requalification_preserves_allocation_and_binds_reservation (test_vipe_benchmark_s1_recovery.S1RecoveryTests.test_source_requalification_preserves_allocation_and_binds_reservation) ... ok
test_source_requalification_rejects_scope_and_snapshot_changes_without_append (test_vipe_benchmark_s1_recovery.S1RecoveryTests.test_source_requalification_rejects_scope_and_snapshot_changes_without_append) ... ok
test_typed_scope_schema_branch_and_second_identity (test_vipe_benchmark_s1_recovery.S1RecoveryTests.test_typed_scope_schema_branch_and_second_identity) ... ok
test_validation_missing_extra_duplicate_aliased_stale_and_failed_receipts (test_vipe_benchmark_s1_recovery.S1RecoveryTests.test_validation_missing_extra_duplicate_aliased_stale_and_failed_receipts) ... ok

----------------------------------------------------------------------
Ran 47 tests in 152.430s

OK
test_grounding_uses_native_caption_thresholds_and_float_boxes (test_vipe_benchmark_backends.AssetAndDetectorTests.test_grounding_uses_native_caption_thresholds_and_float_boxes) ... ok
test_missing_assets_fail_before_torch_import (test_vipe_benchmark_backends.AssetAndDetectorTests.test_missing_assets_fail_before_torch_import) ... ok
test_phrase_ambiguity_and_capacity_fail_before_casting (test_vipe_benchmark_backends.AssetAndDetectorTests.test_phrase_ambiguity_and_capacity_fail_before_casting) ... ok
test_rtdetr_threshold_equality_label_names_and_processor (test_vipe_benchmark_backends.AssetAndDetectorTests.test_rtdetr_threshold_equality_label_names_and_processor) ... ok
test_source_pin_and_snapshot_contents_are_not_inferred_from_directory_name (test_vipe_benchmark_backends.AssetAndDetectorTests.test_source_pin_and_snapshot_contents_are_not_inferred_from_directory_name) ... ok
test_d0_preserves_native_centered_K_and_float_invocation (test_vipe_benchmark_backends.DepthTests.test_d0_preserves_native_centered_K_and_float_invocation) ... ok
test_da3_invalid_support_is_not_interpolated_and_double_scaling_fails (test_vipe_benchmark_backends.DepthTests.test_da3_invalid_support_is_not_interpolated_and_double_scaling_fails) ... ok
test_da3_uses_processor_K_once_no_pose_alignment_and_missing_confidence (test_vipe_benchmark_backends.DepthTests.test_da3_uses_processor_K_once_no_pose_alignment_and_missing_confidence) ... ok
test_depth_pro_focal_device_tensor_native_inversion_and_no_extra_factor (test_vipe_benchmark_backends.DepthTests.test_depth_pro_focal_device_tensor_native_inversion_and_no_extra_factor) ... ok
test_metric3d_resized_focal_unpad_and_native_clamp (test_vipe_benchmark_backends.DepthTests.test_metric3d_resized_focal_unpad_and_native_clamp) ... ok
test_unidepth_byte_nchw_K_and_actual_dimensions (test_vipe_benchmark_backends.DepthTests.test_unidepth_byte_nchw_K_and_actual_dimensions) ... ok
test_d1_native_constructor_only_uses_explicit_snapshot_and_bilinear (test_vipe_benchmark_backends.FactoryTests.test_d1_native_constructor_only_uses_explicit_snapshot_and_bilinear) ... ok
test_metric3d_hub_is_local_and_never_fetches_pretrained_URL (test_vipe_benchmark_backends.FactoryTests.test_metric3d_hub_is_local_and_never_fetches_pretrained_URL) ... ok
test_sam2_requires_native_extension_and_disables_build_compilation (test_vipe_benchmark_backends.FactoryTests.test_sam2_requires_native_extension_and_disables_build_compilation) ... ok
test_sam3_missing_required_weight_stops_before_processor_and_restores_loader (test_vipe_benchmark_backends.FactoryTests.test_sam3_missing_required_weight_stops_before_processor_and_restores_loader) ... ok
test_sam3_preserves_native_key_selection_records_extras_and_moves_cuda_index (test_vipe_benchmark_backends.FactoryTests.test_sam3_preserves_native_key_selection_records_extras_and_moves_cuda_index) ... ok
test_sam3_serial_and_perflib_overrides_are_checked_without_fallback (test_vipe_benchmark_backends.FactoryTests.test_sam3_serial_and_perflib_overrides_are_checked_without_fallback) ... ok
test_sam3_unobserved_or_repeated_checkpoint_load_cannot_qualify (test_vipe_benchmark_backends.FactoryTests.test_sam3_unobserved_or_repeated_checkpoint_load_cannot_qualify) ... ok
test_fresh_trackers_reuse_stable_checkpoint_cache_keys (test_vipe_benchmark_backends.HistoricalCacheBindingTests.test_fresh_trackers_reuse_stable_checkpoint_cache_keys) ... ok
test_s0_observes_native_scores_without_changing_invocation (test_vipe_benchmark_backends.LegacyAndSAM3Tests.test_s0_observes_native_scores_without_changing_invocation) ... ok
test_s1_native_box_refinement_tiny_masks_merge_and_tracking (test_vipe_benchmark_backends.LegacyAndSAM3Tests.test_s1_native_box_refinement_tiny_masks_merge_and_tracking) ... ok
test_sam3_separate_concepts_native_births_and_score_ties (test_vipe_benchmark_backends.LegacyAndSAM3Tests.test_sam3_separate_concepts_native_births_and_score_ties) ... ok
test_constructor_failure_restores_cwd_and_native_builder (test_vipe_benchmark_backends.S1NativeBridgeTests.test_constructor_failure_restores_cwd_and_native_builder) ... ok
test_constructor_rejects_changed_arguments_and_unsupervised_temporary_root (test_vipe_benchmark_backends.S1NativeBridgeTests.test_constructor_rejects_changed_arguments_and_unsupervised_temporary_root) ... ok
test_constructor_removes_only_inert_argument_and_contains_native_config_writes (test_vipe_benchmark_backends.S1NativeBridgeTests.test_constructor_removes_only_inert_argument_and_contains_native_config_writes) ... ok
test_memory_update_uses_exact_native_nearest_grid_and_keeps_original_export (test_vipe_benchmark_backends.S1NativeBridgeTests.test_memory_update_uses_exact_native_nearest_grid_and_keeps_original_export) ... ok
test_native_palette_import_preserves_seed_state_on_success_and_failure (test_vipe_benchmark_backends.S1NativeBridgeTests.test_native_palette_import_preserves_seed_state_on_success_and_failure) ... ok
test_native_wrapper_argument_drift_is_rejected_before_engine_construction (test_vipe_benchmark_backends.S1NativeBridgeTests.test_native_wrapper_argument_drift_is_rejected_before_engine_construction) ... ok
test_pair_bridge_rejects_extra_frames_reference_and_propagation (test_vipe_benchmark_backends.S1NativeBridgeTests.test_pair_bridge_rejects_extra_frames_reference_and_propagation) ... ok
test_pair_bridge_rejects_missing_resets_and_singleton_tracking (test_vipe_benchmark_backends.S1NativeBridgeTests.test_pair_bridge_rejects_missing_resets_and_singleton_tracking) ... ok
test_empty_keyframe_never_runs_successor_detector (test_vipe_benchmark_backends.SAM2Tests.test_empty_keyframe_never_runs_successor_detector) ... ok
test_incomplete_propagation_fails_and_resets (test_vipe_benchmark_backends.SAM2Tests.test_incomplete_propagation_fails_and_resets) ... ok
test_native_postprocessing_skip_fails_pair_and_resets_before_export (test_vipe_benchmark_backends.SAM2Tests.test_native_postprocessing_skip_fails_pair_and_resets_before_export) ... ok
test_pair_reset_highest_iou_original_grid_overlap_and_static (test_vipe_benchmark_backends.SAM2Tests.test_pair_reset_highest_iou_original_grid_overlap_and_static) ... ok
test_source_frames_not_internal_indices_or_cross_role_context (test_vipe_benchmark_backends.SAM2Tests.test_source_frames_not_internal_indices_or_cross_role_context) ... ok

----------------------------------------------------------------------
Ran 35 tests in 0.053s

OK
test_duplicate_missing_and_wrong_grid (test_vipe_benchmark_contracts.AccessTests.test_duplicate_missing_and_wrong_grid) ... ok
test_exact_protocol_counts_and_order (test_vipe_benchmark_contracts.AccessTests.test_exact_protocol_counts_and_order) ... ok
test_hash_change_and_exclusive_output (test_vipe_benchmark_contracts.AccessTests.test_hash_change_and_exclusive_output) ... ok
test_heldout_final_window_wrong_branch_and_pair_rejected (test_vipe_benchmark_contracts.AccessTests.test_heldout_final_window_wrong_branch_and_pair_rejected) ... ok
test_motion_context_roles_and_ends (test_vipe_benchmark_contracts.AccessTests.test_motion_context_roles_and_ends) ... ok
test_pair_contexts_are_distinct_without_weakening_historical_guard (test_vipe_benchmark_contracts.AccessTests.test_pair_contexts_are_distinct_without_weakening_historical_guard) ... ok
test_prohibited_spelling_and_symlink_rejected_without_reading (test_vipe_benchmark_contracts.AccessTests.test_prohibited_spelling_and_symlink_rejected_without_reading) ... ok
test_camera_z_range_and_exactly_one_metric_conversion (test_vipe_benchmark_contracts.ArrayTests.test_camera_z_range_and_exactly_one_metric_conversion) ... ok
test_invalid_depth_nan_contract (test_vipe_benchmark_contracts.ArrayTests.test_invalid_depth_nan_contract) ... ok
test_nonuniform_crop_pad_and_half_pixel_analytic (test_vipe_benchmark_contracts.ArrayTests.test_nonuniform_crop_pad_and_half_pixel_analytic) ... ok
test_overlap_greatest_logit_then_score_then_index (test_vipe_benchmark_contracts.ArrayTests.test_overlap_greatest_logit_then_score_then_index) ... ok
test_radial_remap_against_independent_formula (test_vipe_benchmark_contracts.ArrayTests.test_radial_remap_against_independent_formula) ... ok
test_scaled_camera_projection_and_normalization (test_vipe_benchmark_contracts.ArrayTests.test_scaled_camera_projection_and_normalization) ... ok
test_sparse_cv_quantized_support_including_borders (test_vipe_benchmark_contracts.ArrayTests.test_sparse_cv_quantized_support_including_borders) ... ok
test_static_polarity_semantics_invalid_and_capacity (test_vipe_benchmark_contracts.ArrayTests.test_static_polarity_semantics_invalid_and_capacity) ... ok

----------------------------------------------------------------------
Ran 15 tests in 0.011s

OK
test_recipe_is_derived_from_original_and_missing_prerequisites_block (test_vipe_benchmark_component_recovery.ComponentRecoveryTests.test_recipe_is_derived_from_original_and_missing_prerequisites_block) ... ok
test_scope_validation_and_cumulative_cap_are_not_relaxed (test_vipe_benchmark_component_recovery.ComponentRecoveryTests.test_scope_validation_and_cumulative_cap_are_not_relaxed) ... ok
test_successful_recovery_preserves_failure_and_requires_registered_valid_result (test_vipe_benchmark_component_recovery.ComponentRecoveryTests.test_successful_recovery_preserves_failure_and_requires_registered_valid_result) ... ok

----------------------------------------------------------------------
Ran 3 tests in 0.023s

OK
test_invalid_json_never_publishes_partial_evidence (test_vipe_benchmark_execution.AtomicEvidenceTests.test_invalid_json_never_publishes_partial_evidence) ... ok
test_model_attempts_cannot_use_aggregation_resume (test_vipe_benchmark_execution.CheckpointTests.test_model_attempts_cannot_use_aggregation_resume) ... ok
test_three_stages_consume_one_aggregate_attempt_and_charge_only_active_wall (test_vipe_benchmark_execution.CheckpointTests.test_three_stages_consume_one_aggregate_attempt_and_charge_only_active_wall) ... ok
test_annotation_result_and_aggregate_checkpoint_bind_successful_parent (test_vipe_benchmark_execution.FrozenHandoffTests.test_annotation_result_and_aggregate_checkpoint_bind_successful_parent) ... ok
test_completed_report_is_returned_without_readmission_or_another_pass (test_vipe_benchmark_execution.FrozenHandoffTests.test_completed_report_is_returned_without_readmission_or_another_pass) ... ok
test_failed_readonly_qualification_still_charges_elapsed_cpu (test_vipe_benchmark_execution.FrozenHandoffTests.test_failed_readonly_qualification_still_charges_elapsed_cpu) ... ok
test_orphaned_passing_scale_cannot_admit_check_and_completed_scale_cannot_change (test_vipe_benchmark_execution.FrozenHandoffTests.test_orphaned_passing_scale_cannot_admit_check_and_completed_scale_cannot_change) ... ok
test_worker_error_cannot_override_supervisor_exclusivity_stop (test_vipe_benchmark_execution.FrozenHandoffTests.test_worker_error_cannot_override_supervisor_exclusivity_stop) ... ok
test_worker_retains_grid_identity_and_validates_first_output_before_continuing (test_vipe_benchmark_execution.SegmentationWorkerTests.test_worker_retains_grid_identity_and_validates_first_output_before_continuing) ... ok
test_revision_and_path_traversal_are_checked_before_extracting (test_vipe_benchmark_execution.SourceArchiveTests.test_revision_and_path_traversal_are_checked_before_extracting) ... ok

----------------------------------------------------------------------
Ran 10 tests in 0.068s

OK
test_artifact_allowance_limits_next_read (test_vipe_benchmark_budgets.BudgetTests.test_artifact_allowance_limits_next_read) ... ok
test_artifact_hardlinks_count_once_with_allocated_blocks (test_vipe_benchmark_budgets.BudgetTests.test_artifact_hardlinks_count_once_with_allocated_blocks) ... ok
test_cancelled_waiting_lock_does_not_enter_download_scope (test_vipe_benchmark_budgets.BudgetTests.test_cancelled_waiting_lock_does_not_enter_download_scope) ... ok
test_concurrent_rename_is_rescanned_instead_of_losing_storage (test_vipe_benchmark_budgets.BudgetTests.test_concurrent_rename_is_rescanned_instead_of_losing_storage) ... ok
test_counted_output_cannot_escape_the_run (test_vipe_benchmark_budgets.BudgetTests.test_counted_output_cannot_escape_the_run) ... ok
test_direct_actual_counter_cannot_decrease_or_change_output (test_vipe_benchmark_budgets.BudgetTests.test_direct_actual_counter_cannot_decrease_or_change_output) ... ok
test_direct_file_inside_cache_is_not_also_a_package_proxy (test_vipe_benchmark_budgets.BudgetTests.test_direct_file_inside_cache_is_not_also_a_package_proxy) ... ok
test_direct_progress_baseline_does_not_double_charge_own_flushed_chunk (test_vipe_benchmark_budgets.BudgetTests.test_direct_progress_baseline_does_not_double_charge_own_flushed_chunk) ... ok
test_direct_reservation_survives_failure_receipt_with_fewer_known_bytes (test_vipe_benchmark_budgets.BudgetTests.test_direct_reservation_survives_failure_receipt_with_fewer_known_bytes) ... ok
test_duplicate_identity_and_negative_counts_fail_closed (test_vipe_benchmark_budgets.BudgetTests.test_duplicate_identity_and_negative_counts_fail_closed) ... ok
test_exact_sixty_gib_cap_requires_no_large_fixture (test_vipe_benchmark_budgets.BudgetTests.test_exact_sixty_gib_cap_requires_no_large_fixture) ... ok
test_failed_and_successful_receipts_retain_all_received_bytes (test_vipe_benchmark_budgets.BudgetTests.test_failed_and_successful_receipts_retain_all_received_bytes) ... ok
test_historical_reservation_does_not_mask_new_attempt_local_bytes (test_vipe_benchmark_budgets.BudgetTests.test_historical_reservation_does_not_mask_new_attempt_local_bytes) ... ok
test_incomplete_receipts_fail_closed (test_vipe_benchmark_budgets.BudgetTests.test_incomplete_receipts_fail_closed) ... ok
test_intent_bridges_partial_rename_and_receipt_publication_once (test_vipe_benchmark_budgets.BudgetTests.test_intent_bridges_partial_rename_and_receipt_publication_once) ... ok
test_legacy_teacher_partial_covered_but_later_growth_charged (test_vipe_benchmark_budgets.BudgetTests.test_legacy_teacher_partial_covered_but_later_growth_charged) ... ok
test_lock_caches_scan_but_charges_every_intervening_read (test_vipe_benchmark_budgets.BudgetTests.test_lock_caches_scan_but_charges_every_intervening_read) ... ok
test_negative_count_is_not_silently_ignored (test_vipe_benchmark_budgets.BudgetTests.test_negative_count_is_not_silently_ignored) ... ok
test_nested_scope_indexes_are_fresh_and_preserve_publication_charges (test_vipe_benchmark_budgets.BudgetTests.test_nested_scope_indexes_are_fresh_and_preserve_publication_charges) ... ok
test_new_attempt_on_same_path_adds_bytes_to_historical_failure (test_vipe_benchmark_budgets.BudgetTests.test_new_attempt_on_same_path_adds_bytes_to_historical_failure) ... ok
test_orphan_partial_is_charged (test_vipe_benchmark_budgets.BudgetTests.test_orphan_partial_is_charged) ... ok
test_package_orphan_partial_uses_retained_cache_scope_once (test_vipe_benchmark_budgets.BudgetTests.test_package_orphan_partial_uses_retained_cache_scope_once) ... ok
test_progress_without_final_receipt_or_payload_keeps_crash_charge (test_vipe_benchmark_budgets.BudgetTests.test_progress_without_final_receipt_or_payload_keeps_crash_charge) ... ok
test_received_but_unwritten_bytes_reduce_next_read (test_vipe_benchmark_budgets.BudgetTests.test_received_but_unwritten_bytes_reduce_next_read) ... ok
test_retained_failed_partial_is_not_counted_twice (test_vipe_benchmark_budgets.BudgetTests.test_retained_failed_partial_is_not_counted_twice) ... ok
test_slow_snapshot_still_reuses_inventory_and_charges_pending_bytes (test_vipe_benchmark_budgets.BudgetTests.test_slow_snapshot_still_reuses_inventory_and_charges_pending_bytes) ... ok
test_successful_direct_flush_replaces_reservation_with_actual_bytes_once (test_vipe_benchmark_budgets.BudgetTests.test_successful_direct_flush_replaces_reservation_with_actual_bytes_once) ... ok
test_symlinks_and_prompts_directories_are_not_traversed (test_vipe_benchmark_budgets.BudgetTests.test_symlinks_and_prompts_directories_are_not_traversed) ... ok
test_two_transfer_threads_cannot_spend_the_same_remaining_bytes (test_vipe_benchmark_budgets.BudgetTests.test_two_transfer_threads_cannot_spend_the_same_remaining_bytes) ... ok
test_unreceipted_teacher_output_is_counted_during_publication_gap (test_vipe_benchmark_budgets.BudgetTests.test_unreceipted_teacher_output_is_counted_during_publication_gap) ... ok
test_uv_local_growth_obeys_max_without_double_charging_cache (test_vipe_benchmark_budgets.BudgetTests.test_uv_local_growth_obeys_max_without_double_charging_cache) ... ok
test_uv_uses_larger_wire_or_retained_package_scope (test_vipe_benchmark_budgets.BudgetTests.test_uv_uses_larger_wire_or_retained_package_scope) ... ok

----------------------------------------------------------------------
Ran 32 tests in 0.130s

OK
test_bootstrap_failure_and_eof_preserve_child (test_vipe_benchmark_supervisor.HelperIntegrationTests.test_bootstrap_failure_and_eof_preserve_child) ... ok
test_cleanup_failures (test_vipe_benchmark_supervisor.HelperIntegrationTests.test_cleanup_failures) ... ok
test_cleanup_matrix (test_vipe_benchmark_supervisor.HelperIntegrationTests.test_cleanup_matrix) ... ok
test_foreign_only_pid (test_vipe_benchmark_supervisor.HelperIntegrationTests.test_foreign_only_pid) ... ok
test_importable_guarded_file_control (test_vipe_benchmark_supervisor.HelperIntegrationTests.test_importable_guarded_file_control) ... ok
test_mixed_owned_foreign_pid (test_vipe_benchmark_supervisor.HelperIntegrationTests.test_mixed_owned_foreign_pid) ... ok
test_owned_live_pid (test_vipe_benchmark_supervisor.HelperIntegrationTests.test_owned_live_pid) ... ok
test_owned_unreaped_exited_pid (test_vipe_benchmark_supervisor.HelperIntegrationTests.test_owned_unreaped_exited_pid) ... ok
test_prelaunch_empty_ownership (test_vipe_benchmark_supervisor.HelperIntegrationTests.test_prelaunch_empty_ownership) ... ok
test_primary_survives_secondary_cleanup_error (test_vipe_benchmark_supervisor.HelperIntegrationTests.test_primary_survives_secondary_cleanup_error) ... ok
test_real_close_repeated_and_descendant_cleanup (test_vipe_benchmark_supervisor.HelperIntegrationTests.test_real_close_repeated_and_descendant_cleanup) ... ERROR
test_real_close_repeated_and_descendant_cleanup (test_vipe_benchmark_supervisor.HelperIntegrationTests.test_real_close_repeated_and_descendant_cleanup) ... ERROR
test_spawn_constant_reaped_under_actual_runner (test_vipe_benchmark_supervisor.HelperIntegrationTests.test_spawn_constant_reaped_under_actual_runner) ... ok
test_supervisor_worker_context_and_consumed_cleanup_stop (test_vipe_benchmark_supervisor.HelperIntegrationTests.test_supervisor_worker_context_and_consumed_cleanup_stop) ... FAIL
test_bounded_traces_counters_and_authority (test_vipe_benchmark_supervisor.HelperSessionTests.test_bounded_traces_counters_and_authority) ... ok
test_census_immutable_identity_mutations (test_vipe_benchmark_supervisor.HelperSessionTests.test_census_immutable_identity_mutations) ... ok
test_combined_duplex_and_same_turn_bounds (test_vipe_benchmark_supervisor.HelperSessionTests.test_combined_duplex_and_same_turn_bounds) ... ok
test_control_primitive_and_frame_mutations (test_vipe_benchmark_supervisor.HelperSessionTests.test_control_primitive_and_frame_mutations) ... ok
test_envelope_correlation_mutations (test_vipe_benchmark_supervisor.HelperSessionTests.test_envelope_correlation_mutations) ... ok
test_exact_frame_bounds_and_trailing_data (test_vipe_benchmark_supervisor.HelperSessionTests.test_exact_frame_bounds_and_trailing_data) ... ok
test_l01_ready_reuse (test_vipe_benchmark_supervisor.HelperSessionTests.test_l01_ready_reuse) ... ok
test_l02_ready_and_sample_before_reserve (test_vipe_benchmark_supervisor.HelperSessionTests.test_l02_ready_and_sample_before_reserve) ... ok
test_l03_owner_bootstrap_block (test_vipe_benchmark_supervisor.HelperSessionTests.test_l03_owner_bootstrap_block) ... ok
test_l04_child_before_ready_block (test_vipe_benchmark_supervisor.HelperSessionTests.test_l04_child_before_ready_block) ... ok
test_l05_error_after_spawn (test_vipe_benchmark_supervisor.HelperSessionTests.test_l05_error_after_spawn) ... ok
test_l06_late_ready (test_vipe_benchmark_supervisor.HelperSessionTests.test_l06_late_ready) ... ok
test_l07_cancel_during_spawn (test_vipe_benchmark_supervisor.HelperSessionTests.test_l07_cancel_during_spawn) ... ok
test_l08_late_owner_retained (test_vipe_benchmark_supervisor.HelperSessionTests.test_l08_late_owner_retained) ... FAIL
test_l09_partial_header (test_vipe_benchmark_supervisor.HelperSessionTests.test_l09_partial_header) ... ok
test_l10_stalled_body (test_vipe_benchmark_supervisor.HelperSessionTests.test_l10_stalled_body) ... ok
test_l11_eof_midframe (test_vipe_benchmark_supervisor.HelperSessionTests.test_l11_eof_midframe) ... ok
test_l12_stalled_request_reader (test_vipe_benchmark_supervisor.HelperSessionTests.test_l12_stalled_request_reader) ... ok
test_l13_oversized_frame (test_vipe_benchmark_supervisor.HelperSessionTests.test_l13_oversized_frame) ... ok
test_l14_wrong_correlation (test_vipe_benchmark_supervisor.HelperSessionTests.test_l14_wrong_correlation) ... ok
test_l15_sample_deadline (test_vipe_benchmark_supervisor.HelperSessionTests.test_l15_sample_deadline) ... ok
test_l16_phase_deadline (test_vipe_benchmark_supervisor.HelperSessionTests.test_l16_phase_deadline) ... ok
test_l17_post_task_acquisition (test_vipe_benchmark_supervisor.HelperSessionTests.test_l17_post_task_acquisition) ... ok
test_l18_descendant_and_foreign_sentinel (test_vipe_benchmark_supervisor.HelperSessionTests.test_l18_descendant_and_foreign_sentinel) ... ERROR
test_l19_term_resistance (test_vipe_benchmark_supervisor.HelperSessionTests.test_l19_term_resistance) ... ERROR
test_l20_exit_during_transport (test_vipe_benchmark_supervisor.HelperSessionTests.test_l20_exit_during_transport) ... ERROR
test_l21_enumeration_failure (test_vipe_benchmark_supervisor.HelperSessionTests.test_l21_enumeration_failure) ... ERROR
test_l22_signal_failure (test_vipe_benchmark_supervisor.HelperSessionTests.test_l22_signal_failure) ... ERROR
test_l23_reap_failure (test_vipe_benchmark_supervisor.HelperSessionTests.test_l23_reap_failure) ... ERROR
test_l24_summary_reference_adapter (test_vipe_benchmark_supervisor.HelperSessionTests.test_l24_summary_reference_adapter) ... ERROR
test_l25_delayed_actual_reserve (test_vipe_benchmark_supervisor.HelperSessionTests.test_l25_delayed_actual_reserve) ... FAIL
test_l26_equal_actual_reserve (test_vipe_benchmark_supervisor.HelperSessionTests.test_l26_equal_actual_reserve) ... FAIL
test_l27_encoder_early_response (test_vipe_benchmark_supervisor.HelperSessionTests.test_l27_encoder_early_response) ... ERROR
test_l28_partial_early_response (test_vipe_benchmark_supervisor.HelperSessionTests.test_l28_partial_early_response) ... ERROR
test_l29_readable_sample_equality (test_vipe_benchmark_supervisor.HelperSessionTests.test_l29_readable_sample_equality) ... ERROR
test_l30_readable_phase_equality (test_vipe_benchmark_supervisor.HelperSessionTests.test_l30_readable_phase_equality) ... ERROR
test_l31_live_worker_bracket_and_foreign (test_vipe_benchmark_supervisor.HelperSessionTests.test_l31_live_worker_bracket_and_foreign) ... ERROR
test_l32_unreaped_worker_pin (test_vipe_benchmark_supervisor.HelperSessionTests.test_l32_unreaped_worker_pin) ... ERROR
test_l33_blocked_census_refuses_stale (test_vipe_benchmark_supervisor.HelperSessionTests.test_l33_blocked_census_refuses_stale) ... ERROR
test_l34_enumeration_error_empty_sample (test_vipe_benchmark_supervisor.HelperSessionTests.test_l34_enumeration_error_empty_sample) ... ERROR
test_l35_exited_leader_live_descendant (test_vipe_benchmark_supervisor.HelperSessionTests.test_l35_exited_leader_live_descendant) ... ERROR
test_l36_ambiguous_native_start_retained (test_vipe_benchmark_supervisor.HelperSessionTests.test_l36_ambiguous_native_start_retained) ... FAIL
test_partial_constructor_boundaries (test_vipe_benchmark_supervisor.HelperSessionTests.test_partial_constructor_boundaries) ... FAIL
test_progress_closed_inventory_and_faults (test_vipe_benchmark_supervisor.HelperSessionTests.test_progress_closed_inventory_and_faults) ... ok
test_progress_metadata_mutations (test_vipe_benchmark_supervisor.HelperSessionTests.test_progress_metadata_mutations) ... ok
test_progress_p01_worker_deadline (test_vipe_benchmark_supervisor.HelperSessionTests.test_progress_p01_worker_deadline) ... ERROR
test_progress_p02_reconcile_interruption (test_vipe_benchmark_supervisor.HelperSessionTests.test_progress_p02_reconcile_interruption) ... ERROR
test_progress_p03_helper_death (test_vipe_benchmark_supervisor.HelperSessionTests.test_progress_p03_helper_death) ... ERROR
test_progress_p04_failed_final_sample (test_vipe_benchmark_supervisor.HelperSessionTests.test_progress_p04_failed_final_sample) ... ERROR
test_progress_p05_interrupted_publisher (test_vipe_benchmark_supervisor.HelperSessionTests.test_progress_p05_interrupted_publisher) ... ERROR
test_progress_p06_blocked_owner (test_vipe_benchmark_supervisor.HelperSessionTests.test_progress_p06_blocked_owner) ... ERROR
test_progress_plan046_inventory (test_vipe_benchmark_supervisor.HelperSessionTests.test_progress_plan046_inventory) ... ok
test_progress_plan046_launch_deadline (test_vipe_benchmark_supervisor.HelperSessionTests.test_progress_plan046_launch_deadline) ... 
  test_progress_plan046_launch_deadline (test_vipe_benchmark_supervisor.HelperSessionTests.test_progress_plan046_launch_deadline) (kind='before', offset=-0.001) ... FAIL
test_progress_plan046_ownership (test_vipe_benchmark_supervisor.HelperSessionTests.test_progress_plan046_ownership) ... ok
test_progress_plan046_protocol (test_vipe_benchmark_supervisor.HelperSessionTests.test_progress_plan046_protocol) ... ok
test_progress_plan046_publication_faults (test_vipe_benchmark_supervisor.HelperSessionTests.test_progress_plan046_publication_faults) ... ok
test_progress_plan046_summary (test_vipe_benchmark_supervisor.HelperSessionTests.test_progress_plan046_summary) ... ok
test_progress_plan046_worker_authority (test_vipe_benchmark_supervisor.HelperSessionTests.test_progress_plan046_worker_authority) ... ok
test_progress_plan047_alias_inventory (test_vipe_benchmark_supervisor.HelperSessionTests.test_progress_plan047_alias_inventory) ... ok
test_progress_plan047_cancellation (test_vipe_benchmark_supervisor.HelperSessionTests.test_progress_plan047_cancellation) ... ok
test_progress_plan047_complete_final_sample (test_vipe_benchmark_supervisor.HelperSessionTests.test_progress_plan047_complete_final_sample) ... 
  test_progress_plan047_complete_final_sample (test_vipe_benchmark_supervisor.HelperSessionTests.test_progress_plan047_complete_final_sample) (kind='success') ... ERROR
  test_progress_plan047_complete_final_sample (test_vipe_benchmark_supervisor.HelperSessionTests.test_progress_plan047_complete_final_sample) (kind='final_sample_failure') ... ERROR
test_progress_plan047_deadline_steps (test_vipe_benchmark_supervisor.HelperSessionTests.test_progress_plan047_deadline_steps) ... 
  test_progress_plan047_deadline_steps (test_vipe_benchmark_supervisor.HelperSessionTests.test_progress_plan047_deadline_steps) (operation='worker_popen', when='before') ... FAIL
  test_progress_plan047_deadline_steps (test_vipe_benchmark_supervisor.HelperSessionTests.test_progress_plan047_deadline_steps) (operation='worker_popen', when='equal') ... FAIL
  test_progress_plan047_deadline_steps (test_vipe_benchmark_supervisor.HelperSessionTests.test_progress_plan047_deadline_steps) (operation='worker_popen', when='after') ... FAIL
test_progress_plan047_limits (test_vipe_benchmark_supervisor.HelperSessionTests.test_progress_plan047_limits) ... ok
test_progress_plan047_nested (test_vipe_benchmark_supervisor.HelperSessionTests.test_progress_plan047_nested) ... ok
test_progress_plan047_ownership (test_vipe_benchmark_supervisor.HelperSessionTests.test_progress_plan047_ownership) ... 
  test_progress_plan047_ownership (test_vipe_benchmark_supervisor.HelperSessionTests.test_progress_plan047_ownership) (kind='registry_owner_dispatch') ... ERROR
  test_progress_plan047_ownership (test_vipe_benchmark_supervisor.HelperSessionTests.test_progress_plan047_ownership) (kind='registry_worker_dispatch') ... ERROR
  test_progress_plan047_ownership (test_vipe_benchmark_supervisor.HelperSessionTests.test_progress_plan047_ownership) (kind='registry_direct_dispatch') ... ERROR
  test_progress_plan047_ownership (test_vipe_benchmark_supervisor.HelperSessionTests.test_progress_plan047_ownership) (kind='registry_sentinel_dispatch') ... ERROR
test_progress_plan047_publication_faults (test_vipe_benchmark_supervisor.HelperSessionTests.test_progress_plan047_publication_faults) ... ok
test_progress_plan047_recovery (test_vipe_benchmark_supervisor.HelperSessionTests.test_progress_plan047_recovery) ... ok
test_progress_plan047_result_summary (test_vipe_benchmark_supervisor.HelperSessionTests.test_progress_plan047_result_summary) ... ok
test_progress_plan047_state_authority (test_vipe_benchmark_supervisor.HelperSessionTests.test_progress_plan047_state_authority) ... ok
test_progress_plan048_pure_memo (test_vipe_benchmark_supervisor.HelperSessionTests.test_progress_plan048_pure_memo) ... ok
test_progress_strict_primitives (test_vipe_benchmark_supervisor.HelperSessionTests.test_progress_strict_primitives) ... ok
test_resource_field_mutations (test_vipe_benchmark_supervisor.HelperSessionTests.test_resource_field_mutations) ... ok
test_sample_typed_timing_mutations (test_vipe_benchmark_supervisor.HelperSessionTests.test_sample_typed_timing_mutations) ... ok
test_append_chain_detects_changed_history (test_vipe_benchmark_supervisor.SupervisorTests.test_append_chain_detects_changed_history) ... ok
test_child_survival_invalidates_parent_success_and_is_cleaned_up (test_vipe_benchmark_supervisor.SupervisorTests.test_child_survival_invalidates_parent_success_and_is_cleaned_up) ... FAIL
test_completed_worker_is_not_dispatched_again (test_vipe_benchmark_supervisor.SupervisorTests.test_completed_worker_is_not_dispatched_again) ... ERROR
test_concurrent_reservation_has_one_winner (test_vipe_benchmark_supervisor.SupervisorTests.test_concurrent_reservation_has_one_winner) ... ERROR
test_explicit_resume_reopens_unstarted_slots_only (test_vipe_benchmark_supervisor.SupervisorTests.test_explicit_resume_reopens_unstarted_slots_only) ... ok
test_foreign_gpu_pid_still_fails_and_preserves_ownership_evidence (test_vipe_benchmark_supervisor.SupervisorTests.test_foreign_gpu_pid_still_fails_and_preserves_ownership_evidence) ... FAIL
test_gpu_sample_of_exited_unreaped_worker_keeps_true_group_ownership (test_vipe_benchmark_supervisor.SupervisorTests.test_gpu_sample_of_exited_unreaped_worker_keeps_true_group_ownership) ... ERROR
test_interruption_cleans_owned_process_group (test_vipe_benchmark_supervisor.SupervisorTests.test_interruption_cleans_owned_process_group) ... FAIL
test_missing_result_and_nonzero_exit_consume_attempts (test_vipe_benchmark_supervisor.SupervisorTests.test_missing_result_and_nonzero_exit_consume_attempts) ... FAIL
test_native_kernel_caches_stay_in_monitored_attempt_and_override_external_paths (test_vipe_benchmark_supervisor.SupervisorTests.test_native_kernel_caches_stay_in_monitored_attempt_and_override_external_paths) ... ERROR
test_preexisting_resource_cap_never_spends_an_attempt (test_vipe_benchmark_supervisor.SupervisorTests.test_preexisting_resource_cap_never_spends_an_attempt) ... ok
test_restart_does_not_relaunch_unfinished_attempt (test_vipe_benchmark_supervisor.SupervisorTests.test_restart_does_not_relaunch_unfinished_attempt) ... ok
test_simulated_memory_and_foreign_gpu_process (test_vipe_benchmark_supervisor.SupervisorTests.test_simulated_memory_and_foreign_gpu_process) ... FAIL
test_simulated_storage_cap_stops_worker (test_vipe_benchmark_supervisor.SupervisorTests.test_simulated_storage_cap_stops_worker) ... FAIL
test_timeout_kills_sigterm_ignoring_group_within_allocation (test_vipe_benchmark_supervisor.SupervisorTests.test_timeout_kills_sigterm_ignoring_group_within_allocation) ... FAIL

======================================================================
ERROR: test_real_close_repeated_and_descendant_cleanup (test_vipe_benchmark_supervisor.HelperIntegrationTests.test_real_close_repeated_and_descendant_cleanup)
----------------------------------------------------------------------
Traceback (most recent call last):
  File "/home/auss/git_repos/samaust/Experiments_4DGS/tests/test_vipe_benchmark_supervisor.py", line 1062, in test_real_close_repeated_and_descendant_cleanup
    self.assertEqual(self.sup.stop_group(process,limit),[])
                     ~~~~~~~~~~~~~~~~~~~^^^^^^^^^^^^^^^
  File "/home/auss/git_repos/samaust/Experiments_4DGS/scripts/vipe_benchmark/supervisor.py", line 148, in stop_group
    retire_job_descendant_pidfd(selected,descriptor,deadline)
    ~~~~~~~~~~~~~~~~~~~~~~~~~~~^^^^^^^^^^^^^^^^^^^^^^^^^^^^^^
  File "/home/auss/git_repos/samaust/Experiments_4DGS/scripts/vipe_benchmark/s1_helper_session.py", line 1203, in retire_job_descendant_pidfd
    append_job_event('root-retired',dict(token=selected['root'],terminal=root['terminal'],method='matching wait and pidfd terminal'))
    ~~~~~~~~~~~~~~~~^^^^^^^^^^^^^^^^^^^^^^^^^^^^^^^^^^^^^^^^^^^^^^^^^^^^^^^^^^^^^^^^^^^^^^^^^^^^^^^^^^^^^^^^^^^^^^^^^^^^^^^^^^^^^^^^^
  File "/home/auss/git_repos/samaust/Experiments_4DGS/scripts/vipe_benchmark/s1_helper_session.py", line 755, in append_job_event
    _job_state(rows+[proposed])
    ~~~~~~~~~~^^^^^^^^^^^^^^^^^
  File "/home/auss/git_repos/samaust/Experiments_4DGS/scripts/vipe_benchmark/s1_helper_session.py", line 600, in _job_state
    raise ValueError('root retirement with unresolved operation')
ValueError: root retirement with unresolved operation

======================================================================
ERROR: test_real_close_repeated_and_descendant_cleanup (test_vipe_benchmark_supervisor.HelperIntegrationTests.test_real_close_repeated_and_descendant_cleanup)
----------------------------------------------------------------------
Traceback (most recent call last):
  File "/home/auss/git_repos/samaust/Experiments_4DGS/tests/test_vipe_benchmark_supervisor.py", line 899, in <lambda>
    self.addCleanup(lambda:retire_fixture_processes([process],sys.exception(),stop=lambda value:self.sup.stop_group(value,self.time.monotonic()+1)))
                           ~~~~~~~~~~~~~~~~~~~~~~~~^^^^^^^^^^^^^^^^^^^^^^^^^^^^^^^^^^^^^^^^^^^^^^^^^^^^^^^^^^^^^^^^^^^^^^^^^^^^^^^^^^^^^^^^^^^^^^^^
  File "/home/auss/git_repos/samaust/Experiments_4DGS/tests/test_vipe_benchmark_s1_helper_fixtures.py", line 881, in retire_fixture_processes
    if primary is None:raise failure
                       ^^^^^^^^^^^^^
  File "/home/auss/git_repos/samaust/Experiments_4DGS/tests/test_vipe_benchmark_s1_helper_fixtures.py", line 865, in retire_fixture_processes
    elif stop(process):raise RuntimeError('fixture process cleanup unconfirmed')
         ~~~~^^^^^^^^^
  File "/home/auss/git_repos/samaust/Experiments_4DGS/tests/test_vipe_benchmark_supervisor.py", line 899, in <lambda>
    self.addCleanup(lambda:retire_fixture_processes([process],sys.exception(),stop=lambda value:self.sup.stop_group(value,self.time.monotonic()+1)))
                                                                                                ~~~~~~~~~~~~~~~~~~~^^^^^^^^^^^^^^^^^^^^^^^^^^^^^^^
  File "/home/auss/git_repos/samaust/Experiments_4DGS/scripts/vipe_benchmark/supervisor.py", line 97, in stop_group
    os.fstat(descriptor)
    ~~~~~~~~^^^^^^^^^^^^
OSError: [Errno 9] Bad file descriptor
owned fixture retirement: OSError(9, 'Bad file descriptor')

======================================================================
ERROR: test_l18_descendant_and_foreign_sentinel (test_vipe_benchmark_supervisor.HelperSessionTests.test_l18_descendant_and_foreign_sentinel)
----------------------------------------------------------------------
Traceback (most recent call last):
  File "/home/auss/git_repos/samaust/Experiments_4DGS/tests/test_vipe_benchmark_supervisor.py", line 1423, in test_l18_descendant_and_foreign_sentinel
    if os.environ.get('S1_OWNED_ROOT_NOTE'):predispatch_owned('L18 sentinel')
                                            ~~~~~~~~~~~~~~~~~^^^^^^^^^^^^^^^^
  File "/home/auss/git_repos/samaust/Experiments_4DGS/scripts/vipe_benchmark/s1_helper_session.py", line 1590, in predispatch_owned
    if observed['total_workers']+1>8:raise ValueError('owned '+event+' dispatch CPU capacity')
                                     ^^^^^^^^^^^^^^^^^^^^^^^^^^^^^^^^^^^^^^^^^^^^^^^^^^^^^^^^^
ValueError: owned L18 sentinel dispatch CPU capacity
timing_or_cleanup_check_0: AssertionError: False is not true : {'scenario': 'L18', 'mode': 'descendant', 'constructor_entry': 203542.994159148, 'action_cutoff': 203544.994159148, 'safety_cutoff': 203545.994159148, 'constructor_end': 203543.041024028, 't0': 203542.994185297, 'ready_deadline': 203543.994185297, 'setup_deadline': 203544.994185297, 'setup_cleanup_deadline': 203545.994185297, 'action_end': 203543.458781938, 'end': 203545.998820836, 'execution_seconds': 0.464622790022986, 'cleanup_seconds': 2.5400388979760464, 'cleanup_confirmed': False, 'records': {'work': {'role': 'work', 'state': 'pid_owned', 'pid': 511752, 'pgid': 511752, 'start_ticks': 26107292}, 'sample': {'role': 'sample', 'state': 'reaped', 'pid': 511753, 'pgid': 511753, 'start_ticks': 26107305, 'wait_status': 15}}, 'errors': [], 'signals': [{'pid': 511752, 'signal': 15, 'monotonic': 203543.460857846}, {'pid': 511753, 'signal': 15, 'monotonic': 203543.460857846}, {'pid': 511752, 'signal': 15, 'monotonic': 203543.61421692}, {'pid': 511752, 'signal': 9, 'monotonic': 203543.831581618}, {'pid': 511752, 'signal': 9, 'monotonic': 203543.898050812}, {'pid': 511752, 'signal': 9, 'monotonic': 203543.928544921}, {'pid': 511752, 'signal': 9, 'monotonic': 203543.959399198}, {'pid': 511752, 'signal': 9, 'monotonic': 203543.989562098}, {'pid': 511752, 'signal': 9, 'monotonic': 203544.01979553}, {'pid': 511752, 'signal': 9, 'monotonic': 203544.050586701}, {'pid': 511752, 'signal': 9, 'monotonic': 203544.080824869}, {'pid': 511752, 'signal': 9, 'monotonic': 203544.110865964}, {'pid': 511752, 'signal': 9, 'monotonic': 203544.141279505}, {'pid': 511752, 'signal': 9, 'monotonic': 203544.171395437}, {'pid': 511752, 'signal': 9, 'monotonic': 203544.202296412}, {'pid': 511752, 'signal': 9, 'monotonic': 203544.233080025}, {'pid': 511752, 'signal': 9, 'monotonic': 203544.26374892}, {'pid': 511752, 'signal': 9, 'monotonic': 203544.294430831}, {'pid': 511752, 'signal': 9, 'monotonic': 203544.325022215}, {'pid': 511752, 'signal': 9, 'monotonic': 203544.355380172}, {'pid': 511752, 'signal': 9, 'monotonic': 203544.
timing_or_cleanup_check_2: AssertionError: 2.5400388979760464 not less than or equal to 1
timing_or_cleanup_check_3: AssertionError: 3.0046616879990324 not less than or equal to 3

======================================================================
ERROR: test_l19_term_resistance (test_vipe_benchmark_supervisor.HelperSessionTests.test_l19_term_resistance)
----------------------------------------------------------------------
Traceback (most recent call last):
  File "/home/auss/git_repos/samaust/Experiments_4DGS/tests/test_vipe_benchmark_supervisor.py", line 1447, in test_l19_term_resistance
    session.await_ready()
    ~~~~~~~~~~~~~~~~~~~^^
  File "/home/auss/git_repos/samaust/Experiments_4DGS/tests/test_vipe_benchmark_supervisor.py", line 1178, in observed
    result=operation(*args,**kwargs);return result
  File "/home/auss/git_repos/samaust/Experiments_4DGS/scripts/vipe_benchmark/s1_helper_session.py", line 2422, in await_ready
    self.tick(end); time.sleep(min(.005,max(0.,end-time.monotonic())))
    ~~~~~~~~~^^^^^
  File "/home/auss/git_repos/samaust/Experiments_4DGS/tests/test_vipe_benchmark_supervisor.py", line 1178, in observed
    result=operation(*args,**kwargs);return result
  File "/home/auss/git_repos/samaust/Experiments_4DGS/scripts/vipe_benchmark/s1_helper_session.py", line 2337, in tick
    if self.owner.cancelled or self.poisoned: raise RuntimeError('S1 helper session poisoned: '+str(list(self.owner.errors)))
                                              ^^^^^^^^^^^^^^^^^^^^^^^^^^^^^^^^^^^^^^^^^^^^^^^^^^^^^^^^^^^^^^^^^^^^^^^^^^^^^^^
RuntimeError: S1 helper session poisoned: [{'error_class': 'ValueError', 'message': 'owned Owner.run work dispatch CPU capacity', 'phase': 'startup'}]
timing_or_cleanup_check_0: AssertionError: False is not true : {'scenario': 'L19', 'mode': 'ignore_term', 'constructor_entry': 203546.006848298, 'action_cutoff': 203548.006848298, 'safety_cutoff': 203549.006848298, 'constructor_end': 203546.064447335, 't0': 203546.006871833, 'ready_deadline': 203547.006871833, 'setup_deadline': 203548.006871833, 'setup_cleanup_deadline': 203549.006871833, 'action_end': 203546.202785083, 'end': 203546.317803544, 'execution_seconds': 0.19593678499222733, 'cleanup_seconds': 0.11501846098690294, 'cleanup_confirmed': False, 'records': {'work': {'role': 'work', 'state': 'spawning', 'pid': None}, 'sample': {'role': 'sample', 'state': 'pending', 'pid': None}}, 'errors': [{'error_class': 'ValueError', 'message': 'owned Owner.run work dispatch CPU capacity', 'phase': 'startup'}], 'signals': [], 'ticks': [203546.006871833, 203546.064456217, 203546.069557029, 203546.074681485, 203546.079779807, 203546.084868408, 203546.095377512, 203546.104699697, 203546.113262547, 203546.119133809, 203546.124230074, 203546.129297602, 203546.134368855, 203546.139500038, 203546.151246876, 203546.160768833, 203546.165846, 203546.170921258, 203546.17967279, 203546.192612675, 203546.197689288, 203546.20276385], 'events': [{'event': 'fixture_spawn_entry', 'role': 'work', 'observed': 203546.036198063, 'ready_deadline': 203547.006871833}], 'trace_facts': {'capacity': 256, 'total': 1, 'dropped': 0, 'saturated': False, 'first': 203546.036200478, 'last': 203546.036200478}, 'tick_facts': {'capacity': 128, 'total': 22, 'dropped': 0, 'saturated': False, 'first': 203546.00687662, 'last': 203546.202764385}, 'owner_error_facts': {'capacity': 32, 'total': 1, 'dropped': 0, 'saturated': False, 'first': 203546.198881022, 'last': 203546.198881022}, 'owner_signal_facts': {'capacity': 128, 'total': 0, 'dropped': 0, 'saturated': False, 'first': None, 'last': None}, 'request_counts': {'work': {'dispatch': 0, 'response': 0}, 'sample': {'dispatch': 0, 'response': 0}}, 'census_request_count': 0, 'max_gap': 0.057584383990615606, 'max_turn': 4.446200910024345e-05, 'call_observati

======================================================================
ERROR: test_l20_exit_during_transport (test_vipe_benchmark_supervisor.HelperSessionTests.test_l20_exit_during_transport)
----------------------------------------------------------------------
Traceback (most recent call last):
  File "/home/auss/git_repos/samaust/Experiments_4DGS/tests/test_vipe_benchmark_supervisor.py", line 1454, in test_l20_exit_during_transport
    session.await_ready()
    ~~~~~~~~~~~~~~~~~~~^^
  File "/home/auss/git_repos/samaust/Experiments_4DGS/tests/test_vipe_benchmark_supervisor.py", line 1178, in observed
    result=operation(*args,**kwargs);return result
  File "/home/auss/git_repos/samaust/Experiments_4DGS/scripts/vipe_benchmark/s1_helper_session.py", line 2422, in await_ready
    self.tick(end); time.sleep(min(.005,max(0.,end-time.monotonic())))
    ~~~~~~~~~^^^^^
  File "/home/auss/git_repos/samaust/Experiments_4DGS/tests/test_vipe_benchmark_supervisor.py", line 1178, in observed
    result=operation(*args,**kwargs);return result
  File "/home/auss/git_repos/samaust/Experiments_4DGS/scripts/vipe_benchmark/s1_helper_session.py", line 2337, in tick
    if self.owner.cancelled or self.poisoned: raise RuntimeError('S1 helper session poisoned: '+str(list(self.owner.errors)))
                                              ^^^^^^^^^^^^^^^^^^^^^^^^^^^^^^^^^^^^^^^^^^^^^^^^^^^^^^^^^^^^^^^^^^^^^^^^^^^^^^^
RuntimeError: S1 helper session poisoned: [{'error_class': 'ValueError', 'message': 'owned Owner.run work dispatch CPU capacity', 'phase': 'startup'}]
timing_or_cleanup_check_0: AssertionError: False is not true : {'scenario': 'L20', 'mode': 'exit_transport', 'constructor_entry': 203546.323439992, 'action_cutoff': 203548.323439992, 'safety_cutoff': 203549.323439992, 'constructor_end': 203546.384479064, 't0': 203546.323470287, 'ready_deadline': 203547.323470287, 'setup_deadline': 203548.323470287, 'setup_cleanup_deadline': 203549.323470287, 'action_end': 203546.520571125, 'end': 203546.646101979, 'execution_seconds': 0.19713113299803808, 'cleanup_seconds': 0.12553085398394614, 'cleanup_confirmed': False, 'records': {'work': {'role': 'work', 'state': 'spawning', 'pid': None}, 'sample': {'role': 'sample', 'state': 'pending', 'pid': None}}, 'errors': [{'error_class': 'ValueError', 'message': 'owned Owner.run work dispatch CPU capacity', 'phase': 'startup'}], 'signals': [], 'ticks': [203546.323470287, 203546.384487024, 203546.389623123, 203546.394750627, 203546.399837323, 203546.410315459, 203546.419746084, 203546.429156869, 203546.434940522, 203546.440354957, 203546.445420849, 203546.450498116, 203546.455573792, 203546.466103465, 203546.475362305, 203546.480446113, 203546.48552236, 203546.490629672, 203546.496315335, 203546.50194994, 203546.510382901, 203546.515467091, 203546.52055237], 'events': [{'event': 'fixture_spawn_entry', 'role': 'work', 'observed': 203546.356378021, 'ready_deadline': 203547.323470287}], 'trace_facts': {'capacity': 256, 'total': 1, 'dropped': 0, 'saturated': False, 'first': 203546.356379837, 'last': 203546.356379837}, 'tick_facts': {'capacity': 128, 'total': 23, 'dropped': 0, 'saturated': False, 'first': 203546.323474768, 'last': 203546.520552627}, 'owner_error_facts': {'capacity': 32, 'total': 1, 'dropped': 0, 'saturated': False, 'first': 203546.515995082, 'last': 203546.515995082}, 'owner_signal_facts': {'capacity': 128, 'total': 0, 'dropped': 0, 'saturated': False, 'first': None, 'last': None}, 'request_counts': {'work': {'dispatch': 0, 'response': 0}, 'sample': {'dispatch': 0, 'response': 0}}, 'census_request_count': 0, 'max_gap': 0.06101673701778054, 'max_turn': 4.7776004066690

======================================================================
ERROR: test_l21_enumeration_failure (test_vipe_benchmark_supervisor.HelperSessionTests.test_l21_enumeration_failure)
----------------------------------------------------------------------
Traceback (most recent call last):
  File "/home/auss/git_repos/samaust/Experiments_4DGS/tests/test_vipe_benchmark_supervisor.py", line 1469, in test_l21_enumeration_failure
    def test_l21_enumeration_failure(self): self.failed_cleanup('L21','enumeration_failure')
                                            ~~~~~~~~~~~~~~~~~~~^^^^^^^^^^^^^^^^^^^^^^^^^^^^^
  File "/home/auss/git_repos/samaust/Experiments_4DGS/tests/test_vipe_benchmark_supervisor.py", line 1460, in failed_cleanup
    session.await_ready()
    ~~~~~~~~~~~~~~~~~~~^^
  File "/home/auss/git_repos/samaust/Experiments_4DGS/tests/test_vipe_benchmark_supervisor.py", line 1178, in observed
    result=operation(*args,**kwargs);return result
  File "/home/auss/git_repos/samaust/Experiments_4DGS/scripts/vipe_benchmark/s1_helper_session.py", line 2422, in await_ready
    self.tick(end); time.sleep(min(.005,max(0.,end-time.monotonic())))
    ~~~~~~~~~^^^^^
  File "/home/auss/git_repos/samaust/Experiments_4DGS/tests/test_vipe_benchmark_supervisor.py", line 1178, in observed
    result=operation(*args,**kwargs);return result
  File "/home/auss/git_repos/samaust/Experiments_4DGS/scripts/vipe_benchmark/s1_helper_session.py", line 2337, in tick
    if self.owner.cancelled or self.poisoned: raise RuntimeError('S1 helper session poisoned: '+str(list(self.owner.errors)))
                                              ^^^^^^^^^^^^^^^^^^^^^^^^^^^^^^^^^^^^^^^^^^^^^^^^^^^^^^^^^^^^^^^^^^^^^^^^^^^^^^^
RuntimeError: S1 helper session poisoned: [{'error_class': 'ValueError', 'message': 'owned Owner.run work dispatch CPU capacity', 'phase': 'startup'}, {'error_class': 'OSError', 'message': 'fixture enumeration failure', 'phase': 'helper_cleanup'}]
timing_or_cleanup_check_0: AssertionError: False is not true : {'scenario': 'L21', 'mode': 'enumeration_failure', 'constructor_entry': 203546.647287411, 'action_cutoff': 203548.647287411, 'safety_cutoff': 203549.647287411, 'constructor_end': 203546.705121282, 't0': 203546.647311905, 'ready_deadline': 203547.647311905, 'setup_deadline': 203548.647311905, 'setup_cleanup_deadline': 203549.647311905, 'action_end': 203546.87396511, 'end': 203546.977104914, 'execution_seconds': 0.22667769898544066, 'cleanup_seconds': 0.10313980400678702, 'cleanup_confirmed': False, 'records': {'work': {'role': 'work', 'state': 'spawning', 'pid': None}, 'sample': {'role': 'sample', 'state': 'pending', 'pid': None}}, 'errors': [{'error_class': 'ValueError', 'message': 'owned Owner.run work dispatch CPU capacity', 'phase': 'startup'}, {'error_class': 'OSError', 'message': 'fixture enumeration failure', 'phase': 'helper_cleanup'}], 'signals': [], 'ticks': [203546.647311905, 203546.705130004, 203546.714367884, 203546.719459351, 203546.724588973, 203546.729728992, 203546.73483703, 203546.74390072, 203546.752867014, 203546.758034135, 203546.76586688, 203546.77607904, 203546.781162859, 203546.786276619, 203546.791384096, 203546.798644441, 203546.80373795, 203546.813211982, 203546.818290412, 203546.823468082, 203546.828591056, 203546.83368853, 203546.842156532, 203546.847295746, 203546.858289065, 203546.863388049, 203546.873944063], 'events': [{'event': 'fixture_spawn_entry', 'role': 'work', 'observed': 203546.667041351, 'ready_deadline': 203547.647311905}], 'trace_facts': {'capacity': 256, 'total': 1, 'dropped': 0, 'saturated': False, 'first': 203546.667043375, 'last': 203546.667043375}, 'tick_facts': {'capacity': 128, 'total': 27, 'dropped': 0, 'saturated': False, 'first': 203546.647316381, 'last': 203546.873944797}, 'owner_error_facts': {'capacity': 32, 'total': 2, 'dropped': 0, 'saturated': False, 'first': 203546.864512062, 'last': 203546.864526307}, 'owner_signal_facts': {'capacity': 128, 'total': 0, 'dropped': 0, 'saturated': False, 'first': None, 'last': None}, 'request_counts': 

======================================================================
ERROR: test_l22_signal_failure (test_vipe_benchmark_supervisor.HelperSessionTests.test_l22_signal_failure)
----------------------------------------------------------------------
Traceback (most recent call last):
  File "/home/auss/git_repos/samaust/Experiments_4DGS/tests/test_vipe_benchmark_supervisor.py", line 1470, in test_l22_signal_failure
    def test_l22_signal_failure(self): self.failed_cleanup('L22','signal_failure')
                                       ~~~~~~~~~~~~~~~~~~~^^^^^^^^^^^^^^^^^^^^^^^^
  File "/home/auss/git_repos/samaust/Experiments_4DGS/tests/test_vipe_benchmark_supervisor.py", line 1460, in failed_cleanup
    session.await_ready()
    ~~~~~~~~~~~~~~~~~~~^^
  File "/home/auss/git_repos/samaust/Experiments_4DGS/tests/test_vipe_benchmark_supervisor.py", line 1178, in observed
    result=operation(*args,**kwargs);return result
  File "/home/auss/git_repos/samaust/Experiments_4DGS/scripts/vipe_benchmark/s1_helper_session.py", line 2422, in await_ready
    self.tick(end); time.sleep(min(.005,max(0.,end-time.monotonic())))
    ~~~~~~~~~^^^^^
  File "/home/auss/git_repos/samaust/Experiments_4DGS/tests/test_vipe_benchmark_supervisor.py", line 1178, in observed
    result=operation(*args,**kwargs);return result
  File "/home/auss/git_repos/samaust/Experiments_4DGS/scripts/vipe_benchmark/s1_helper_session.py", line 2337, in tick
    if self.owner.cancelled or self.poisoned: raise RuntimeError('S1 helper session poisoned: '+str(list(self.owner.errors)))
                                              ^^^^^^^^^^^^^^^^^^^^^^^^^^^^^^^^^^^^^^^^^^^^^^^^^^^^^^^^^^^^^^^^^^^^^^^^^^^^^^^
RuntimeError: S1 helper session poisoned: [{'error_class': 'ValueError', 'message': 'owned Owner.run work dispatch CPU capacity', 'phase': 'startup'}]
timing_or_cleanup_check_0: AssertionError: False is not true : {'scenario': 'L22', 'mode': 'signal_failure', 'constructor_entry': 203546.97824093, 'action_cutoff': 203548.97824093, 'safety_cutoff': 203549.97824093, 'constructor_end': 203547.027119493, 't0': 203546.978264022, 'ready_deadline': 203547.978264022, 'setup_deadline': 203548.978264022, 'setup_cleanup_deadline': 203549.978264022, 'action_end': 203547.169148154, 'end': 203547.283068876, 'execution_seconds': 0.19090722399414517, 'cleanup_seconds': 0.1139207219821401, 'cleanup_confirmed': False, 'records': {'work': {'role': 'work', 'state': 'spawning', 'pid': None}, 'sample': {'role': 'sample', 'state': 'pending', 'pid': None}}, 'errors': [{'error_class': 'ValueError', 'message': 'owned Owner.run work dispatch CPU capacity', 'phase': 'startup'}], 'signals': [], 'ticks': [203546.978264022, 203547.02712888, 203547.03226237, 203547.037341348, 203547.046656981, 203547.055903777, 203547.067598321, 203547.077864207, 203547.082948777, 203547.088030693, 203547.0931148, 203547.101585176, 203547.110709233, 203547.115778681, 203547.120845133, 203547.125917591, 203547.130985298, 203547.136493397, 203547.141618054, 203547.15019808, 203547.155269355, 203547.169119643], 'events': [{'event': 'fixture_spawn_entry', 'role': 'work', 'observed': 203546.998334414, 'ready_deadline': 203547.978264022}], 'trace_facts': {'capacity': 256, 'total': 1, 'dropped': 0, 'saturated': False, 'first': 203546.998337691, 'last': 203546.998337691}, 'tick_facts': {'capacity': 128, 'total': 22, 'dropped': 0, 'saturated': False, 'first': 203546.97826838, 'last': 203547.169121129}, 'owner_error_facts': {'capacity': 32, 'total': 1, 'dropped': 0, 'saturated': False, 'first': 203547.156088327, 'last': 203547.156088327}, 'owner_signal_facts': {'capacity': 128, 'total': 0, 'dropped': 0, 'saturated': False, 'first': None, 'last': None}, 'request_counts': {'work': {'dispatch': 0, 'response': 0}, 'sample': {'dispatch': 0, 'response': 0}}, 'census_request_count': 0, 'max_gap': 0.04886485799215734, 'max_turn': 6.067901267670095e-05, 'call_observation

======================================================================
ERROR: test_l23_reap_failure (test_vipe_benchmark_supervisor.HelperSessionTests.test_l23_reap_failure)
----------------------------------------------------------------------
Traceback (most recent call last):
  File "/home/auss/git_repos/samaust/Experiments_4DGS/tests/test_vipe_benchmark_supervisor.py", line 1471, in test_l23_reap_failure
    def test_l23_reap_failure(self): self.failed_cleanup('L23','reap_failure')
                                     ~~~~~~~~~~~~~~~~~~~^^^^^^^^^^^^^^^^^^^^^^
  File "/home/auss/git_repos/samaust/Experiments_4DGS/tests/test_vipe_benchmark_supervisor.py", line 1460, in failed_cleanup
    session.await_ready()
    ~~~~~~~~~~~~~~~~~~~^^
  File "/home/auss/git_repos/samaust/Experiments_4DGS/tests/test_vipe_benchmark_supervisor.py", line 1178, in observed
    result=operation(*args,**kwargs);return result
  File "/home/auss/git_repos/samaust/Experiments_4DGS/scripts/vipe_benchmark/s1_helper_session.py", line 2422, in await_ready
    self.tick(end); time.sleep(min(.005,max(0.,end-time.monotonic())))
    ~~~~~~~~~^^^^^
  File "/home/auss/git_repos/samaust/Experiments_4DGS/tests/test_vipe_benchmark_supervisor.py", line 1178, in observed
    result=operation(*args,**kwargs);return result
  File "/home/auss/git_repos/samaust/Experiments_4DGS/scripts/vipe_benchmark/s1_helper_session.py", line 2337, in tick
    if self.owner.cancelled or self.poisoned: raise RuntimeError('S1 helper session poisoned: '+str(list(self.owner.errors)))
                                              ^^^^^^^^^^^^^^^^^^^^^^^^^^^^^^^^^^^^^^^^^^^^^^^^^^^^^^^^^^^^^^^^^^^^^^^^^^^^^^^
RuntimeError: S1 helper session poisoned: [{'error_class': 'ValueError', 'message': 'owned Owner.run work dispatch CPU capacity', 'phase': 'startup'}]
timing_or_cleanup_check_0: AssertionError: False is not true : {'scenario': 'L23', 'mode': 'reap_failure', 'constructor_entry': 203547.284255025, 'action_cutoff': 203549.284255025, 'safety_cutoff': 203550.284255025, 'constructor_end': 203547.344880706, 't0': 203547.284282062, 'ready_deadline': 203548.284282062, 'setup_deadline': 203549.284282062, 'setup_cleanup_deadline': 203550.284282062, 'action_end': 203547.504189951, 'end': 203547.647286969, 'execution_seconds': 0.21993492598994635, 'cleanup_seconds': 0.14309701800812036, 'cleanup_confirmed': False, 'records': {'work': {'role': 'work', 'state': 'spawning', 'pid': None}, 'sample': {'role': 'sample', 'state': 'pending', 'pid': None}}, 'errors': [{'error_class': 'ValueError', 'message': 'owned Owner.run work dispatch CPU capacity', 'phase': 'startup'}], 'signals': [], 'ticks': [203547.284282062, 203547.34489781, 203547.350095298, 203547.383115926, 203547.389071056, 203547.394171081, 203547.399288239, 203547.408793895, 203547.416198641, 203547.421315644, 203547.426401456, 203547.431496175, 203547.438402657, 203547.452785146, 203547.457911689, 203547.463063424, 203547.468527241, 203547.473677731, 203547.478804592, 203547.484752436, 203547.492565544, 203547.497666221, 203547.504153139], 'events': [{'event': 'fixture_spawn_entry', 'role': 'work', 'observed': 203547.309994328, 'ready_deadline': 203548.284282062}], 'trace_facts': {'capacity': 256, 'total': 1, 'dropped': 0, 'saturated': False, 'first': 203547.309996677, 'last': 203547.309996677}, 'tick_facts': {'capacity': 128, 'total': 23, 'dropped': 0, 'saturated': False, 'first': 203547.284287178, 'last': 203547.504154711}, 'owner_error_facts': {'capacity': 32, 'total': 1, 'dropped': 0, 'saturated': False, 'first': 203547.498621504, 'last': 203547.498621504}, 'owner_signal_facts': {'capacity': 128, 'total': 0, 'dropped': 0, 'saturated': False, 'first': None, 'last': None}, 'request_counts': {'work': {'dispatch': 0, 'response': 0}, 'sample': {'dispatch': 0, 'response': 0}}, 'census_request_count': 0, 'max_gap': 0.06061574799241498, 'max_turn': 0.0004711750079

======================================================================
ERROR: test_l24_summary_reference_adapter (test_vipe_benchmark_supervisor.HelperSessionTests.test_l24_summary_reference_adapter)
----------------------------------------------------------------------
Traceback (most recent call last):
  File "/home/auss/git_repos/samaust/Experiments_4DGS/tests/test_vipe_benchmark_supervisor.py", line 1482, in test_l24_summary_reference_adapter
    session.await_ready()
    ~~~~~~~~~~~~~~~~~~~^^
  File "/home/auss/git_repos/samaust/Experiments_4DGS/tests/test_vipe_benchmark_supervisor.py", line 1178, in observed
    result=operation(*args,**kwargs);return result
  File "/home/auss/git_repos/samaust/Experiments_4DGS/scripts/vipe_benchmark/s1_helper_session.py", line 2422, in await_ready
    self.tick(end); time.sleep(min(.005,max(0.,end-time.monotonic())))
    ~~~~~~~~~^^^^^
  File "/home/auss/git_repos/samaust/Experiments_4DGS/tests/test_vipe_benchmark_supervisor.py", line 1178, in observed
    result=operation(*args,**kwargs);return result
  File "/home/auss/git_repos/samaust/Experiments_4DGS/scripts/vipe_benchmark/s1_helper_session.py", line 2337, in tick
    if self.owner.cancelled or self.poisoned: raise RuntimeError('S1 helper session poisoned: '+str(list(self.owner.errors)))
                                              ^^^^^^^^^^^^^^^^^^^^^^^^^^^^^^^^^^^^^^^^^^^^^^^^^^^^^^^^^^^^^^^^^^^^^^^^^^^^^^^
RuntimeError: S1 helper session poisoned: [{'error_class': 'ValueError', 'message': 'owned Owner.run work dispatch CPU capacity', 'phase': 'startup'}]
timing_or_cleanup_check_0: AssertionError: False is not true : {'scenario': 'L24', 'mode': 'artifact', 'constructor_entry': 203548.543786596, 'action_cutoff': 203550.543786596, 'safety_cutoff': 203551.543786596, 'constructor_end': 203548.608847929, 't0': 203548.543813667, 'ready_deadline': 203549.543813667, 'setup_deadline': 203550.543813667, 'setup_cleanup_deadline': 203551.543813667, 'action_end': 203548.742840561, 'end': 203548.858437795, 'execution_seconds': 0.1990539649850689, 'cleanup_seconds': 0.11559723399113864, 'cleanup_confirmed': False, 'records': {'work': {'role': 'work', 'state': 'spawning', 'pid': None}, 'sample': {'role': 'sample', 'state': 'pending', 'pid': None}}, 'errors': [{'error_class': 'ValueError', 'message': 'owned Owner.run work dispatch CPU capacity', 'phase': 'startup'}], 'signals': [], 'ticks': [203548.543813667, 203548.608858839, 203548.613977635, 203548.62847821, 203548.638537884, 203548.649855548, 203548.660496841, 203548.665591493, 203548.670668834, 203548.675735091, 203548.683195795, 203548.68827767, 203548.697879336, 203548.702947728, 203548.708007798, 203548.717822083, 203548.724330005, 203548.732654516, 203548.737754118, 203548.742823245], 'events': [{'event': 'fixture_spawn_entry', 'role': 'work', 'observed': 203548.56473266, 'ready_deadline': 203549.543813667}], 'trace_facts': {'capacity': 256, 'total': 1, 'dropped': 0, 'saturated': False, 'first': 203548.564734767, 'last': 203548.564734767}, 'tick_facts': {'capacity': 128, 'total': 20, 'dropped': 0, 'saturated': False, 'first': 203548.543819781, 'last': 203548.742824279}, 'owner_error_facts': {'capacity': 32, 'total': 1, 'dropped': 0, 'saturated': False, 'first': 203548.738444312, 'last': 203548.738444312}, 'owner_signal_facts': {'capacity': 128, 'total': 0, 'dropped': 0, 'saturated': False, 'first': None, 'last': None}, 'request_counts': {'work': {'dispatch': 0, 'response': 0}, 'sample': {'dispatch': 0, 'response': 0}}, 'census_request_count': 0, 'max_gap': 0.06504517199937254, 'max_turn': 5.4274016292765737e-05, 'call_observations': [{'operation': 'tick', 'entered

======================================================================
ERROR: test_l27_encoder_early_response (test_vipe_benchmark_supervisor.HelperSessionTests.test_l27_encoder_early_response)
----------------------------------------------------------------------
Traceback (most recent call last):
  File "/home/auss/git_repos/samaust/Experiments_4DGS/tests/test_vipe_benchmark_supervisor.py", line 1555, in test_l27_encoder_early_response
    def test_l27_encoder_early_response(self): self.early_response('L27','early_encoder')
                                               ~~~~~~~~~~~~~~~~~~~^^^^^^^^^^^^^^^^^^^^^^^
  File "/home/auss/git_repos/samaust/Experiments_4DGS/tests/test_vipe_benchmark_supervisor.py", line 1534, in early_response
    session.await_ready(); wire=session.wires['work']
    ~~~~~~~~~~~~~~~~~~~^^
  File "/home/auss/git_repos/samaust/Experiments_4DGS/tests/test_vipe_benchmark_supervisor.py", line 1178, in observed
    result=operation(*args,**kwargs);return result
  File "/home/auss/git_repos/samaust/Experiments_4DGS/scripts/vipe_benchmark/s1_helper_session.py", line 2422, in await_ready
    self.tick(end); time.sleep(min(.005,max(0.,end-time.monotonic())))
    ~~~~~~~~~^^^^^
  File "/home/auss/git_repos/samaust/Experiments_4DGS/tests/test_vipe_benchmark_supervisor.py", line 1178, in observed
    result=operation(*args,**kwargs);return result
  File "/home/auss/git_repos/samaust/Experiments_4DGS/scripts/vipe_benchmark/s1_helper_session.py", line 2337, in tick
    if self.owner.cancelled or self.poisoned: raise RuntimeError('S1 helper session poisoned: '+str(list(self.owner.errors)))
                                              ^^^^^^^^^^^^^^^^^^^^^^^^^^^^^^^^^^^^^^^^^^^^^^^^^^^^^^^^^^^^^^^^^^^^^^^^^^^^^^^
RuntimeError: S1 helper session poisoned: [{'error_class': 'ValueError', 'message': 'owned Owner.run work dispatch CPU capacity', 'phase': 'startup'}]
timing_or_cleanup_check_0: AssertionError: False is not true : {'scenario': 'L27', 'mode': 'early_encoder', 'constructor_entry': 203550.026016979, 'action_cutoff': 203552.026016979, 'safety_cutoff': 203553.026016979, 'constructor_end': 203550.097034655, 't0': 203550.026041541, 'ready_deadline': 203551.026041541, 'setup_deadline': 203552.026041541, 'setup_cleanup_deadline': 203553.026041541, 'action_end': 203550.290788146, 'end': 203550.392963424, 'execution_seconds': 0.264771166985156, 'cleanup_seconds': 0.10217527800705284, 'cleanup_confirmed': False, 'records': {'work': {'role': 'work', 'state': 'spawning', 'pid': None}, 'sample': {'role': 'sample', 'state': 'pending', 'pid': None}}, 'errors': [{'error_class': 'ValueError', 'message': 'owned Owner.run work dispatch CPU capacity', 'phase': 'startup'}], 'signals': [], 'ticks': [203550.026041541, 203550.097045156, 203550.102177881, 203550.107272168, 203550.11237866, 203550.117478991, 203550.12726453, 203550.137273799, 203550.148722503, 203550.154759961, 203550.159838741, 203550.164961487, 203550.17009062, 203550.175197872, 203550.183278896, 203550.193943417, 203550.199866893, 203550.204945308, 203550.210006593, 203550.215079076, 203550.22017574, 203550.225592699, 203550.232960148, 203550.23815566, 203550.247252937, 203550.256733314, 203550.261974748, 203550.277594186, 203550.285684395, 203550.290767113], 'events': [{'event': 'fixture_spawn_entry', 'role': 'work', 'observed': 203550.056239751, 'ready_deadline': 203551.026041541}], 'trace_facts': {'capacity': 256, 'total': 1, 'dropped': 0, 'saturated': False, 'first': 203550.056242804, 'last': 203550.056242804}, 'tick_facts': {'capacity': 128, 'total': 30, 'dropped': 0, 'saturated': False, 'first': 203550.026045999, 'last': 203550.290767552}, 'owner_error_facts': {'capacity': 32, 'total': 1, 'dropped': 0, 'saturated': False, 'first': 203550.286765427, 'last': 203550.286765427}, 'owner_signal_facts': {'capacity': 128, 'total': 0, 'dropped': 0, 'saturated': False, 'first': None, 'last': None}, 'request_counts': {'work': {'dispatch': 0, 'response': 0}, 'sample'

======================================================================
ERROR: test_l28_partial_early_response (test_vipe_benchmark_supervisor.HelperSessionTests.test_l28_partial_early_response)
----------------------------------------------------------------------
Traceback (most recent call last):
  File "/home/auss/git_repos/samaust/Experiments_4DGS/tests/test_vipe_benchmark_supervisor.py", line 1556, in test_l28_partial_early_response
    def test_l28_partial_early_response(self): self.early_response('L28','early_partial')
                                               ~~~~~~~~~~~~~~~~~~~^^^^^^^^^^^^^^^^^^^^^^^
  File "/home/auss/git_repos/samaust/Experiments_4DGS/tests/test_vipe_benchmark_supervisor.py", line 1534, in early_response
    session.await_ready(); wire=session.wires['work']
    ~~~~~~~~~~~~~~~~~~~^^
  File "/home/auss/git_repos/samaust/Experiments_4DGS/tests/test_vipe_benchmark_supervisor.py", line 1178, in observed
    result=operation(*args,**kwargs);return result
  File "/home/auss/git_repos/samaust/Experiments_4DGS/scripts/vipe_benchmark/s1_helper_session.py", line 2422, in await_ready
    self.tick(end); time.sleep(min(.005,max(0.,end-time.monotonic())))
    ~~~~~~~~~^^^^^
  File "/home/auss/git_repos/samaust/Experiments_4DGS/tests/test_vipe_benchmark_supervisor.py", line 1178, in observed
    result=operation(*args,**kwargs);return result
  File "/home/auss/git_repos/samaust/Experiments_4DGS/scripts/vipe_benchmark/s1_helper_session.py", line 2337, in tick
    if self.owner.cancelled or self.poisoned: raise RuntimeError('S1 helper session poisoned: '+str(list(self.owner.errors)))
                                              ^^^^^^^^^^^^^^^^^^^^^^^^^^^^^^^^^^^^^^^^^^^^^^^^^^^^^^^^^^^^^^^^^^^^^^^^^^^^^^^
RuntimeError: S1 helper session poisoned: [{'error_class': 'ValueError', 'message': 'owned Owner.run work dispatch CPU capacity', 'phase': 'startup'}]
timing_or_cleanup_check_0: AssertionError: False is not true : {'scenario': 'L28', 'mode': 'early_partial', 'constructor_entry': 203550.394893499, 'action_cutoff': 203552.394893499, 'safety_cutoff': 203553.394893499, 'constructor_end': 203550.44692579, 't0': 203550.394919543, 'ready_deadline': 203551.394919543, 'setup_deadline': 203552.394919543, 'setup_cleanup_deadline': 203553.394919543, 'action_end': 203550.615130847, 'end': 203550.747399184, 'execution_seconds': 0.22023734799586236, 'cleanup_seconds': 0.13226833700900897, 'cleanup_confirmed': False, 'records': {'work': {'role': 'work', 'state': 'spawning', 'pid': None}, 'sample': {'role': 'sample', 'state': 'pending', 'pid': None}}, 'errors': [{'error_class': 'ValueError', 'message': 'owned Owner.run work dispatch CPU capacity', 'phase': 'startup'}], 'signals': [], 'ticks': [203550.394919543, 203550.446935198, 203550.456340576, 203550.467060202, 203550.472155244, 203550.477245204, 203550.482334795, 203550.488092492, 203550.500932958, 203550.507315754, 203550.512403603, 203550.521787728, 203550.531735004, 203550.538744852, 203550.543998249, 203550.549098386, 203550.554173243, 203550.559379121, 203550.564705001, 203550.571724374, 203550.576835944, 203550.588376112, 203550.599861034, 203550.610004597, 203550.615107321], 'events': [{'event': 'fixture_spawn_entry', 'role': 'work', 'observed': 203550.416071482, 'ready_deadline': 203551.394919543}], 'trace_facts': {'capacity': 256, 'total': 1, 'dropped': 0, 'saturated': False, 'first': 203550.416073443, 'last': 203550.416073443}, 'tick_facts': {'capacity': 128, 'total': 25, 'dropped': 0, 'saturated': False, 'first': 203550.394924756, 'last': 203550.615107762}, 'owner_error_facts': {'capacity': 32, 'total': 1, 'dropped': 0, 'saturated': False, 'first': 203550.612482324, 'last': 203550.612482324}, 'owner_signal_facts': {'capacity': 128, 'total': 0, 'dropped': 0, 'saturated': False, 'first': None, 'last': None}, 'request_counts': {'work': {'dispatch': 0, 'response': 0}, 'sample': {'dispatch': 0, 'response': 0}}, 'census_request_count': 0, 'max_gap': 0.052015655

======================================================================
ERROR: test_l29_readable_sample_equality (test_vipe_benchmark_supervisor.HelperSessionTests.test_l29_readable_sample_equality)
----------------------------------------------------------------------
Traceback (most recent call last):
  File "/home/auss/git_repos/samaust/Experiments_4DGS/tests/test_vipe_benchmark_supervisor.py", line 1585, in test_l29_readable_sample_equality
    def test_l29_readable_sample_equality(self): self.readable_equal('L29',1.2)
                                                 ~~~~~~~~~~~~~~~~~~~^^^^^^^^^^^
  File "/home/auss/git_repos/samaust/Experiments_4DGS/tests/test_vipe_benchmark_supervisor.py", line 1560, in readable_equal
    session.await_ready()
    ~~~~~~~~~~~~~~~~~~~^^
  File "/home/auss/git_repos/samaust/Experiments_4DGS/tests/test_vipe_benchmark_supervisor.py", line 1178, in observed
    result=operation(*args,**kwargs);return result
  File "/home/auss/git_repos/samaust/Experiments_4DGS/scripts/vipe_benchmark/s1_helper_session.py", line 2422, in await_ready
    self.tick(end); time.sleep(min(.005,max(0.,end-time.monotonic())))
    ~~~~~~~~~^^^^^
  File "/home/auss/git_repos/samaust/Experiments_4DGS/tests/test_vipe_benchmark_supervisor.py", line 1178, in observed
    result=operation(*args,**kwargs);return result
  File "/home/auss/git_repos/samaust/Experiments_4DGS/scripts/vipe_benchmark/s1_helper_session.py", line 2337, in tick
    if self.owner.cancelled or self.poisoned: raise RuntimeError('S1 helper session poisoned: '+str(list(self.owner.errors)))
                                              ^^^^^^^^^^^^^^^^^^^^^^^^^^^^^^^^^^^^^^^^^^^^^^^^^^^^^^^^^^^^^^^^^^^^^^^^^^^^^^^
RuntimeError: S1 helper session poisoned: [{'error_class': 'ValueError', 'message': 'owned Owner.run work dispatch CPU capacity', 'phase': 'startup'}]
timing_or_cleanup_check_0: AssertionError: False is not true : {'scenario': 'L29', 'mode': 'normal', 'constructor_entry': 203550.748812714, 'action_cutoff': 203552.748812714, 'safety_cutoff': 203553.748812714, 'constructor_end': 203550.801738812, 't0': 203550.748835583, 'ready_deadline': 203551.748835583, 'setup_deadline': 203552.748835583, 'setup_cleanup_deadline': 203553.748835583, 'action_end': 203550.954595236, 'end': 203551.079865668, 'execution_seconds': 0.20578252198174596, 'cleanup_seconds': 0.12527043200680055, 'cleanup_confirmed': False, 'records': {'work': {'role': 'work', 'state': 'spawning', 'pid': None}, 'sample': {'role': 'sample', 'state': 'pending', 'pid': None}}, 'errors': [{'error_class': 'ValueError', 'message': 'owned Owner.run work dispatch CPU capacity', 'phase': 'startup'}], 'signals': [], 'ticks': [203550.748835583, 203550.801749321, 203550.806871035, 203550.811992284, 203550.820758803, 203550.828066255, 203550.833548094, 203550.838660564, 203550.84374035, 203550.852459641, 203550.859187506, 203550.864263895, 203550.86934868, 203550.874426282, 203550.879546456, 203550.889639451, 203550.894870146, 203550.899976265, 203550.906330775, 203550.911409359, 203550.916485216, 203550.921642483, 203550.927805592, 203550.932971543, 203550.944403361, 203550.949505933, 203550.954574686], 'events': [{'event': 'fixture_spawn_entry', 'role': 'work', 'observed': 203550.77138789, 'ready_deadline': 203551.748835583}], 'trace_facts': {'capacity': 256, 'total': 1, 'dropped': 0, 'saturated': False, 'first': 203550.771390036, 'last': 203550.771390036}, 'tick_facts': {'capacity': 128, 'total': 27, 'dropped': 0, 'saturated': False, 'first': 203550.748840565, 'last': 203550.95457499}, 'owner_error_facts': {'capacity': 32, 'total': 1, 'dropped': 0, 'saturated': False, 'first': 203550.952322055, 'last': 203550.952322055}, 'owner_signal_facts': {'capacity': 128, 'total': 0, 'dropped': 0, 'saturated': False, 'first': None, 'last': None}, 'request_counts': {'work': {'dispatch': 0, 'response': 0}, 'sample': {'dispatch': 0, 'response': 0}}, 'census_request_count':

======================================================================
ERROR: test_l30_readable_phase_equality (test_vipe_benchmark_supervisor.HelperSessionTests.test_l30_readable_phase_equality)
----------------------------------------------------------------------
Traceback (most recent call last):
  File "/home/auss/git_repos/samaust/Experiments_4DGS/tests/test_vipe_benchmark_supervisor.py", line 1586, in test_l30_readable_phase_equality
    def test_l30_readable_phase_equality(self): self.readable_equal('L30',.2)
                                                ~~~~~~~~~~~~~~~~~~~^^^^^^^^^^
  File "/home/auss/git_repos/samaust/Experiments_4DGS/tests/test_vipe_benchmark_supervisor.py", line 1560, in readable_equal
    session.await_ready()
    ~~~~~~~~~~~~~~~~~~~^^
  File "/home/auss/git_repos/samaust/Experiments_4DGS/tests/test_vipe_benchmark_supervisor.py", line 1178, in observed
    result=operation(*args,**kwargs);return result
  File "/home/auss/git_repos/samaust/Experiments_4DGS/scripts/vipe_benchmark/s1_helper_session.py", line 2422, in await_ready
    self.tick(end); time.sleep(min(.005,max(0.,end-time.monotonic())))
    ~~~~~~~~~^^^^^
  File "/home/auss/git_repos/samaust/Experiments_4DGS/tests/test_vipe_benchmark_supervisor.py", line 1178, in observed
    result=operation(*args,**kwargs);return result
  File "/home/auss/git_repos/samaust/Experiments_4DGS/scripts/vipe_benchmark/s1_helper_session.py", line 2337, in tick
    if self.owner.cancelled or self.poisoned: raise RuntimeError('S1 helper session poisoned: '+str(list(self.owner.errors)))
                                              ^^^^^^^^^^^^^^^^^^^^^^^^^^^^^^^^^^^^^^^^^^^^^^^^^^^^^^^^^^^^^^^^^^^^^^^^^^^^^^^
RuntimeError: S1 helper session poisoned: [{'error_class': 'ValueError', 'message': 'owned Owner.run work dispatch CPU capacity', 'phase': 'startup'}]
timing_or_cleanup_check_0: AssertionError: False is not true : {'scenario': 'L30', 'mode': 'normal', 'constructor_entry': 203551.081088471, 'action_cutoff': 203553.081088471, 'safety_cutoff': 203554.081088471, 'constructor_end': 203551.134316033, 't0': 203551.081110067, 'ready_deadline': 203552.081110067, 'setup_deadline': 203553.081110067, 'setup_cleanup_deadline': 203554.081110067, 'action_end': 203551.298706014, 'end': 203551.429244278, 'execution_seconds': 0.2176175430067815, 'cleanup_seconds': 0.13053826399846002, 'cleanup_confirmed': False, 'records': {'work': {'role': 'work', 'state': 'spawning', 'pid': None}, 'sample': {'role': 'sample', 'state': 'pending', 'pid': None}}, 'errors': [{'error_class': 'ValueError', 'message': 'owned Owner.run work dispatch CPU capacity', 'phase': 'startup'}], 'signals': [], 'ticks': [203551.081110067, 203551.13432733, 203551.13944844, 203551.144582649, 203551.157154425, 203551.168556095, 203551.173666051, 203551.185622955, 203551.204569843, 203551.209726934, 203551.214802859, 203551.219949661, 203551.225079872, 203551.234813753, 203551.239889462, 203551.249825375, 203551.254901111, 203551.259971831, 203551.265072632, 203551.274018612, 203551.279256731, 203551.288534581, 203551.293608016, 203551.298683621], 'events': [{'event': 'fixture_spawn_entry', 'role': 'work', 'observed': 203551.102524881, 'ready_deadline': 203552.081110067}], 'trace_facts': {'capacity': 256, 'total': 1, 'dropped': 0, 'saturated': False, 'first': 203551.102527676, 'last': 203551.102527676}, 'tick_facts': {'capacity': 128, 'total': 24, 'dropped': 0, 'saturated': False, 'first': 203551.081115019, 'last': 203551.298684161}, 'owner_error_facts': {'capacity': 32, 'total': 1, 'dropped': 0, 'saturated': False, 'first': 203551.294616157, 'last': 203551.294616157}, 'owner_signal_facts': {'capacity': 128, 'total': 0, 'dropped': 0, 'saturated': False, 'first': None, 'last': None}, 'request_counts': {'work': {'dispatch': 0, 'response': 0}, 'sample': {'dispatch': 0, 'response': 0}}, 'census_request_count': 0, 'max_gap': 0.05321726299007423, 'max_turn': 6.405

======================================================================
ERROR: test_l31_live_worker_bracket_and_foreign (test_vipe_benchmark_supervisor.HelperSessionTests.test_l31_live_worker_bracket_and_foreign)
----------------------------------------------------------------------
Traceback (most recent call last):
  File "/home/auss/git_repos/samaust/Experiments_4DGS/tests/test_vipe_benchmark_supervisor.py", line 1620, in test_l31_live_worker_bracket_and_foreign
    session.await_ready()
    ~~~~~~~~~~~~~~~~~~~^^
  File "/home/auss/git_repos/samaust/Experiments_4DGS/tests/test_vipe_benchmark_supervisor.py", line 1178, in observed
    result=operation(*args,**kwargs);return result
  File "/home/auss/git_repos/samaust/Experiments_4DGS/scripts/vipe_benchmark/s1_helper_session.py", line 2422, in await_ready
    self.tick(end); time.sleep(min(.005,max(0.,end-time.monotonic())))
    ~~~~~~~~~^^^^^
  File "/home/auss/git_repos/samaust/Experiments_4DGS/tests/test_vipe_benchmark_supervisor.py", line 1178, in observed
    result=operation(*args,**kwargs);return result
  File "/home/auss/git_repos/samaust/Experiments_4DGS/scripts/vipe_benchmark/s1_helper_session.py", line 2337, in tick
    if self.owner.cancelled or self.poisoned: raise RuntimeError('S1 helper session poisoned: '+str(list(self.owner.errors)))
                                              ^^^^^^^^^^^^^^^^^^^^^^^^^^^^^^^^^^^^^^^^^^^^^^^^^^^^^^^^^^^^^^^^^^^^^^^^^^^^^^^
RuntimeError: S1 helper session poisoned: [{'error_class': 'ValueError', 'message': 'owned Owner.run work dispatch CPU capacity', 'phase': 'startup'}]
timing_or_cleanup_check_0: AssertionError: False is not true : {'scenario': 'L31', 'mode': 'normal', 'constructor_entry': 203551.430510723, 'action_cutoff': 203553.430510723, 'safety_cutoff': 203554.430510723, 'constructor_end': 203551.484953037, 't0': 203551.430535471, 'ready_deadline': 203552.430535471, 'setup_deadline': 203553.430535471, 'setup_cleanup_deadline': 203554.430535471, 'action_end': 203551.65293444, 'end': 203551.768470834, 'execution_seconds': 0.2224237170012202, 'cleanup_seconds': 0.11553639400517568, 'cleanup_confirmed': False, 'records': {'work': {'role': 'work', 'state': 'spawning', 'pid': None}, 'sample': {'role': 'sample', 'state': 'pending', 'pid': None}}, 'errors': [{'error_class': 'ValueError', 'message': 'owned Owner.run work dispatch CPU capacity', 'phase': 'startup'}], 'signals': [], 'ticks': [203551.430535471, 203551.484960812, 203551.495338605, 203551.505234032, 203551.510345231, 203551.515462987, 203551.520557361, 203551.525797639, 203551.539619979, 203551.544963076, 203551.550085333, 203551.559172117, 203551.569630145, 203551.574759731, 203551.579927628, 203551.585009334, 203551.593805204, 203551.607951249, 203551.613050831, 203551.618139077, 203551.623230344, 203551.628970897, 203551.634637799, 203551.642713825, 203551.64782446, 203551.65290606], 'events': [{'event': 'fixture_spawn_entry', 'role': 'work', 'observed': 203551.452269085, 'ready_deadline': 203552.430535471}], 'trace_facts': {'capacity': 256, 'total': 1, 'dropped': 0, 'saturated': False, 'first': 203551.452271019, 'last': 203551.452271019}, 'tick_facts': {'capacity': 128, 'total': 26, 'dropped': 0, 'saturated': False, 'first': 203551.430539892, 'last': 203551.652906549}, 'owner_error_facts': {'capacity': 32, 'total': 1, 'dropped': 0, 'saturated': False, 'first': 203551.648479002, 'last': 203551.648479002}, 'owner_signal_facts': {'capacity': 128, 'total': 0, 'dropped': 0, 'saturated': False, 'first': None, 'last': None}, 'request_counts': {'work': {'dispatch': 0, 'response': 0}, 'sample': {'dispatch': 0, 'response': 0}}, 'census_request_count': 0, 'max_gap': 0.0

======================================================================
ERROR: test_l32_unreaped_worker_pin (test_vipe_benchmark_supervisor.HelperSessionTests.test_l32_unreaped_worker_pin)
----------------------------------------------------------------------
Traceback (most recent call last):
  File "/home/auss/git_repos/samaust/Experiments_4DGS/tests/test_vipe_benchmark_supervisor.py", line 1635, in test_l32_unreaped_worker_pin
    session.await_ready()
    ~~~~~~~~~~~~~~~~~~~^^
  File "/home/auss/git_repos/samaust/Experiments_4DGS/tests/test_vipe_benchmark_supervisor.py", line 1178, in observed
    result=operation(*args,**kwargs);return result
  File "/home/auss/git_repos/samaust/Experiments_4DGS/scripts/vipe_benchmark/s1_helper_session.py", line 2422, in await_ready
    self.tick(end); time.sleep(min(.005,max(0.,end-time.monotonic())))
    ~~~~~~~~~^^^^^
  File "/home/auss/git_repos/samaust/Experiments_4DGS/tests/test_vipe_benchmark_supervisor.py", line 1178, in observed
    result=operation(*args,**kwargs);return result
  File "/home/auss/git_repos/samaust/Experiments_4DGS/scripts/vipe_benchmark/s1_helper_session.py", line 2337, in tick
    if self.owner.cancelled or self.poisoned: raise RuntimeError('S1 helper session poisoned: '+str(list(self.owner.errors)))
                                              ^^^^^^^^^^^^^^^^^^^^^^^^^^^^^^^^^^^^^^^^^^^^^^^^^^^^^^^^^^^^^^^^^^^^^^^^^^^^^^^
RuntimeError: S1 helper session poisoned: [{'error_class': 'ValueError', 'message': 'owned Owner.run work dispatch CPU capacity', 'phase': 'startup'}]
timing_or_cleanup_check_0: AssertionError: False is not true : {'scenario': 'L32', 'mode': 'normal', 'constructor_entry': 203551.769605923, 'action_cutoff': 203553.769605923, 'safety_cutoff': 203554.769605923, 'constructor_end': 203551.820486605, 't0': 203551.769628001, 'ready_deadline': 203552.769628001, 'setup_deadline': 203553.769628001, 'setup_cleanup_deadline': 203554.769628001, 'action_end': 203551.974606139, 'end': 203552.10046297, 'execution_seconds': 0.20500021599582396, 'cleanup_seconds': 0.12585683100041933, 'cleanup_confirmed': False, 'records': {'work': {'role': 'work', 'state': 'spawning', 'pid': None}, 'sample': {'role': 'sample', 'state': 'pending', 'pid': None}}, 'errors': [{'error_class': 'ValueError', 'message': 'owned Owner.run work dispatch CPU capacity', 'phase': 'startup'}], 'signals': [], 'ticks': [203551.769628001, 203551.820496445, 203551.82561027, 203551.830776313, 203551.838277927, 203551.846553777, 203551.856506033, 203551.867096942, 203551.873784668, 203551.879857123, 203551.884938882, 203551.89002118, 203551.895088696, 203551.903910024, 203551.90899345, 203551.918976219, 203551.924071688, 203551.929155754, 203551.934460103, 203551.941580545, 203551.94673512, 203551.959947978, 203551.965120104, 203551.974572333], 'events': [{'event': 'fixture_spawn_entry', 'role': 'work', 'observed': 203551.790147253, 'ready_deadline': 203552.769628001}], 'trace_facts': {'capacity': 256, 'total': 1, 'dropped': 0, 'saturated': False, 'first': 203551.790148495, 'last': 203551.790148495}, 'tick_facts': {'capacity': 128, 'total': 24, 'dropped': 0, 'saturated': False, 'first': 203551.769632228, 'last': 203551.974574265}, 'owner_error_facts': {'capacity': 32, 'total': 1, 'dropped': 0, 'saturated': False, 'first': 203551.966458866, 'last': 203551.966458866}, 'owner_signal_facts': {'capacity': 128, 'total': 0, 'dropped': 0, 'saturated': False, 'first': None, 'last': None}, 'request_counts': {'work': {'dispatch': 0, 'response': 0}, 'sample': {'dispatch': 0, 'response': 0}}, 'census_request_count': 0, 'max_gap': 0.05086844399920665, 'max_turn': 0.00081

======================================================================
ERROR: test_l33_blocked_census_refuses_stale (test_vipe_benchmark_supervisor.HelperSessionTests.test_l33_blocked_census_refuses_stale)
----------------------------------------------------------------------
Traceback (most recent call last):
  File "/home/auss/git_repos/samaust/Experiments_4DGS/tests/test_vipe_benchmark_supervisor.py", line 1648, in test_l33_blocked_census_refuses_stale
    session.await_ready()
    ~~~~~~~~~~~~~~~~~~~^^
  File "/home/auss/git_repos/samaust/Experiments_4DGS/tests/test_vipe_benchmark_supervisor.py", line 1178, in observed
    result=operation(*args,**kwargs);return result
  File "/home/auss/git_repos/samaust/Experiments_4DGS/scripts/vipe_benchmark/s1_helper_session.py", line 2422, in await_ready
    self.tick(end); time.sleep(min(.005,max(0.,end-time.monotonic())))
    ~~~~~~~~~^^^^^
  File "/home/auss/git_repos/samaust/Experiments_4DGS/tests/test_vipe_benchmark_supervisor.py", line 1178, in observed
    result=operation(*args,**kwargs);return result
  File "/home/auss/git_repos/samaust/Experiments_4DGS/scripts/vipe_benchmark/s1_helper_session.py", line 2337, in tick
    if self.owner.cancelled or self.poisoned: raise RuntimeError('S1 helper session poisoned: '+str(list(self.owner.errors)))
                                              ^^^^^^^^^^^^^^^^^^^^^^^^^^^^^^^^^^^^^^^^^^^^^^^^^^^^^^^^^^^^^^^^^^^^^^^^^^^^^^^
RuntimeError: S1 helper session poisoned: [{'error_class': 'ValueError', 'message': 'owned Owner.run work dispatch CPU capacity', 'phase': 'startup'}]
timing_or_cleanup_check_0: AssertionError: False is not true : {'scenario': 'L33', 'mode': 'census_block', 'constructor_entry': 203552.101504051, 'action_cutoff': 203554.101504051, 'safety_cutoff': 203555.101504051, 'constructor_end': 203552.16659661, 't0': 203552.101526106, 'ready_deadline': 203553.101526106, 'setup_deadline': 203554.101526106, 'setup_cleanup_deadline': 203555.101526106, 'action_end': 203552.299413306, 'end': 203552.428988014, 'execution_seconds': 0.1979092549881898, 'cleanup_seconds': 0.12957470800029114, 'cleanup_confirmed': False, 'records': {'work': {'role': 'work', 'state': 'spawning', 'pid': None}, 'sample': {'role': 'sample', 'state': 'pending', 'pid': None}}, 'errors': [{'error_class': 'ValueError', 'message': 'owned Owner.run work dispatch CPU capacity', 'phase': 'startup'}], 'signals': [], 'ticks': [203552.101526106, 203552.166605589, 203552.174391442, 203552.189141159, 203552.194217642, 203552.204069945, 203552.215183211, 203552.220293893, 203552.225362241, 203552.230452568, 203552.237186823, 203552.242305518, 203552.252300104, 203552.257374403, 203552.262439457, 203552.267527098, 203552.274012847, 203552.279150851, 203552.289097473, 203552.294243626, 203552.299384565], 'events': [{'event': 'fixture_spawn_entry', 'role': 'work', 'observed': 203552.122284657, 'ready_deadline': 203553.101526106}], 'trace_facts': {'capacity': 256, 'total': 1, 'dropped': 0, 'saturated': False, 'first': 203552.122285984, 'last': 203552.122285984}, 'tick_facts': {'capacity': 128, 'total': 21, 'dropped': 0, 'saturated': False, 'first': 203552.101530489, 'last': 203552.299385087}, 'owner_error_facts': {'capacity': 32, 'total': 1, 'dropped': 0, 'saturated': False, 'first': 203552.295345184, 'last': 203552.295345184}, 'owner_signal_facts': {'capacity': 128, 'total': 0, 'dropped': 0, 'saturated': False, 'first': None, 'last': None}, 'request_counts': {'work': {'dispatch': 0, 'response': 0}, 'sample': {'dispatch': 0, 'response': 0}}, 'census_request_count': 0, 'max_gap': 0.0650794829998631, 'max_turn': 7.689700578339398e-05, 'call_observations': [{'operat

======================================================================
ERROR: test_l34_enumeration_error_empty_sample (test_vipe_benchmark_supervisor.HelperSessionTests.test_l34_enumeration_error_empty_sample)
----------------------------------------------------------------------
Traceback (most recent call last):
  File "/home/auss/git_repos/samaust/Experiments_4DGS/tests/test_vipe_benchmark_supervisor.py", line 1669, in test_l34_enumeration_error_empty_sample
    session.await_ready();session.owner.armed=True
    ~~~~~~~~~~~~~~~~~~~^^
  File "/home/auss/git_repos/samaust/Experiments_4DGS/tests/test_vipe_benchmark_supervisor.py", line 1178, in observed
    result=operation(*args,**kwargs);return result
  File "/home/auss/git_repos/samaust/Experiments_4DGS/scripts/vipe_benchmark/s1_helper_session.py", line 2422, in await_ready
    self.tick(end); time.sleep(min(.005,max(0.,end-time.monotonic())))
    ~~~~~~~~~^^^^^
  File "/home/auss/git_repos/samaust/Experiments_4DGS/tests/test_vipe_benchmark_supervisor.py", line 1178, in observed
    result=operation(*args,**kwargs);return result
  File "/home/auss/git_repos/samaust/Experiments_4DGS/scripts/vipe_benchmark/s1_helper_session.py", line 2337, in tick
    if self.owner.cancelled or self.poisoned: raise RuntimeError('S1 helper session poisoned: '+str(list(self.owner.errors)))
                                              ^^^^^^^^^^^^^^^^^^^^^^^^^^^^^^^^^^^^^^^^^^^^^^^^^^^^^^^^^^^^^^^^^^^^^^^^^^^^^^^
RuntimeError: S1 helper session poisoned: [{'error_class': 'ValueError', 'message': 'owned Owner.run work dispatch CPU capacity', 'phase': 'startup'}]
timing_or_cleanup_check_0: AssertionError: False is not true : {'scenario': 'L34', 'mode': 'census_error', 'constructor_entry': 203552.430036681, 'action_cutoff': 203554.430036681, 'safety_cutoff': 203555.430036681, 'constructor_end': 203552.503824056, 't0': 203552.430059604, 'ready_deadline': 203553.430059604, 'setup_deadline': 203554.430059604, 'setup_cleanup_deadline': 203555.430059604, 'action_end': 203552.651621804, 'end': 203552.787238322, 'execution_seconds': 0.22158512298483402, 'cleanup_seconds': 0.1356165180040989, 'cleanup_confirmed': False, 'records': {'work': {'role': 'work', 'state': 'spawning', 'pid': None}, 'sample': {'role': 'sample', 'state': 'pending', 'pid': None}}, 'errors': [{'error_class': 'ValueError', 'message': 'owned Owner.run work dispatch CPU capacity', 'phase': 'startup'}], 'signals': [], 'ticks': [203552.430059604, 203552.503832904, 203552.508963283, 203552.514101488, 203552.519194493, 203552.524261307, 203552.533809023, 203552.539934313, 203552.545207628, 203552.55594933, 203552.566257067, 203552.571409333, 203552.576662065, 203552.581748297, 203552.586828119, 203552.591950504, 203552.600279699, 203552.605770415, 203552.611737332, 203552.617564973, 203552.627656713, 203552.633109356, 203552.641396928, 203552.646509571, 203552.651601828], 'events': [{'event': 'fixture_spawn_entry', 'role': 'work', 'observed': 203552.461393333, 'ready_deadline': 203553.430059604}], 'trace_facts': {'capacity': 256, 'total': 1, 'dropped': 0, 'saturated': False, 'first': 203552.461395267, 'last': 203552.461395267}, 'tick_facts': {'capacity': 128, 'total': 25, 'dropped': 0, 'saturated': False, 'first': 203552.430064133, 'last': 203552.651602068}, 'owner_error_facts': {'capacity': 32, 'total': 1, 'dropped': 0, 'saturated': False, 'first': 203552.648154026, 'last': 203552.648154026}, 'owner_signal_facts': {'capacity': 128, 'total': 0, 'dropped': 0, 'saturated': False, 'first': None, 'last': None}, 'request_counts': {'work': {'dispatch': 0, 'response': 0}, 'sample': {'dispatch': 0, 'response': 0}}, 'census_request_count': 0, 'max_gap': 0.07377330001

======================================================================
ERROR: test_l35_exited_leader_live_descendant (test_vipe_benchmark_supervisor.HelperSessionTests.test_l35_exited_leader_live_descendant)
----------------------------------------------------------------------
Traceback (most recent call last):
  File "/home/auss/git_repos/samaust/Experiments_4DGS/tests/test_vipe_benchmark_supervisor.py", line 1683, in test_l35_exited_leader_live_descendant
    session.await_ready()
    ~~~~~~~~~~~~~~~~~~~^^
  File "/home/auss/git_repos/samaust/Experiments_4DGS/tests/test_vipe_benchmark_supervisor.py", line 1178, in observed
    result=operation(*args,**kwargs);return result
  File "/home/auss/git_repos/samaust/Experiments_4DGS/scripts/vipe_benchmark/s1_helper_session.py", line 2422, in await_ready
    self.tick(end); time.sleep(min(.005,max(0.,end-time.monotonic())))
    ~~~~~~~~~^^^^^
  File "/home/auss/git_repos/samaust/Experiments_4DGS/tests/test_vipe_benchmark_supervisor.py", line 1178, in observed
    result=operation(*args,**kwargs);return result
  File "/home/auss/git_repos/samaust/Experiments_4DGS/scripts/vipe_benchmark/s1_helper_session.py", line 2337, in tick
    if self.owner.cancelled or self.poisoned: raise RuntimeError('S1 helper session poisoned: '+str(list(self.owner.errors)))
                                              ^^^^^^^^^^^^^^^^^^^^^^^^^^^^^^^^^^^^^^^^^^^^^^^^^^^^^^^^^^^^^^^^^^^^^^^^^^^^^^^
RuntimeError: S1 helper session poisoned: [{'error_class': 'ValueError', 'message': 'owned Owner.run work dispatch CPU capacity', 'phase': 'startup'}]
timing_or_cleanup_check_0: AssertionError: False is not true : {'scenario': 'L35', 'mode': 'normal', 'constructor_entry': 203552.78837831, 'action_cutoff': 203554.78837831, 'safety_cutoff': 203555.78837831, 'constructor_end': 203552.843614537, 't0': 203552.78840106, 'ready_deadline': 203553.78840106, 'setup_deadline': 203554.78840106, 'setup_cleanup_deadline': 203555.78840106, 'action_end': 203552.980284725, 'end': 203553.116087954, 'execution_seconds': 0.19190641498425975, 'cleanup_seconds': 0.13580322900088504, 'cleanup_confirmed': False, 'records': {'work': {'role': 'work', 'state': 'spawning', 'pid': None}, 'sample': {'role': 'sample', 'state': 'pending', 'pid': None}}, 'errors': [{'error_class': 'ValueError', 'message': 'owned Owner.run work dispatch CPU capacity', 'phase': 'startup'}], 'signals': [], 'ticks': [203552.78840106, 203552.843727617, 203552.848826182, 203552.855004197, 203552.869799778, 203552.874885677, 203552.883086335, 203552.895661195, 203552.900748638, 203552.905812517, 203552.910892694, 203552.918907434, 203552.923979396, 203552.933957127, 203552.939005035, 203552.944088817, 203552.949242232, 203552.954480185, 203552.961858575, 203552.969793403, 203552.97491342, 203552.980009318], 'events': [{'event': 'fixture_spawn_entry', 'role': 'work', 'observed': 203552.809988333, 'ready_deadline': 203553.78840106}], 'trace_facts': {'capacity': 256, 'total': 1, 'dropped': 0, 'saturated': False, 'first': 203552.809990839, 'last': 203552.809990839}, 'tick_facts': {'capacity': 128, 'total': 22, 'dropped': 0, 'saturated': False, 'first': 203552.788405187, 'last': 203552.980010386}, 'owner_error_facts': {'capacity': 32, 'total': 1, 'dropped': 0, 'saturated': False, 'first': 203552.975958031, 'last': 203552.975958031}, 'owner_signal_facts': {'capacity': 128, 'total': 0, 'dropped': 0, 'saturated': False, 'first': None, 'last': None}, 'request_counts': {'work': {'dispatch': 0, 'response': 0}, 'sample': {'dispatch': 0, 'response': 0}}, 'census_request_count': 0, 'max_gap': 0.05532655699062161, 'max_turn': 7.48300226405263e-05, 'call_observations': [{'op

======================================================================
ERROR: test_progress_p01_worker_deadline (test_vipe_benchmark_supervisor.HelperSessionTests.test_progress_p01_worker_deadline)
----------------------------------------------------------------------
Traceback (most recent call last):
  File "/home/auss/git_repos/samaust/Experiments_4DGS/tests/test_vipe_benchmark_supervisor.py", line 2040, in test_progress_p01_worker_deadline
    def test_progress_p01_worker_deadline(self):self.progress_scenario('P01','progress_worker',supervised=True)
                                                ~~~~~~~~~~~~~~~~~~~~~~^^^^^^^^^^^^^^^^^^^^^^^^^^^^^^^^^^^^^^^^^
  File "/home/auss/git_repos/samaust/Experiments_4DGS/tests/test_vipe_benchmark_supervisor.py", line 1792, in progress_scenario
    with self.scenario(label,mode) as session, tempfile.TemporaryDirectory() as temp:
         ~~~~~~~~~~~~~^^^^^^^^^^^^
  File "/usr/lib/python3.14/contextlib.py", line 141, in __enter__
    return next(self.gen)
  File "/home/auss/git_repos/samaust/Experiments_4DGS/tests/test_vipe_benchmark_supervisor.py", line 1166, in owned
    session(mode,instance=current,**bounds)
    ~~~~~~~^^^^^^^^^^^^^^^^^^^^^^^^^^^^^^^^
  File "/home/auss/git_repos/samaust/Experiments_4DGS/tests/test_vipe_benchmark_s1_helper_fixtures.py", line 69, in session
    instance.__init__(owner_factory=Selected, **kwargs)
    ~~~~~~~~~~~~~~~~~^^^^^^^^^^^^^^^^^^^^^^^^^^^^^^^^^^
  File "/home/auss/git_repos/samaust/Experiments_4DGS/scripts/vipe_benchmark/s1_helper_session.py", line 2180, in __init__
    self.job_thread=reserve_job_root('H','Session owner thread',allow_descendant=False) if os.environ.get('S1_JOB_LEDGER') else None
                    ~~~~~~~~~~~~~~~~^^^^^^^^^^^^^^^^^^^^^^^^^^^^^^^^^^^^^^^^^^^^^^^^^^^
  File "/home/auss/git_repos/samaust/Experiments_4DGS/scripts/vipe_benchmark/s1_helper_session.py", line 1071, in reserve_job_root
    append_job_event('root-reserved',dict(token=token,role=role,label=label,creator=creator),guard=guard)
    ~~~~~~~~~~~~~~~~^^^^^^^^^^^^^^^^^^^^^^^^^^^^^^^^^^^^^^^^^^^^^^^^^^^^^^^^^^^^^^^^^^^^^^^^^^^^^^^^^^^^^
  File "/home/auss/git_repos/samaust/Experiments_4DGS/scripts/vipe_benchmark/s1_helper_session.py", line 745, in append_job_event
    replacement=guard(state)
  File "/home/auss/git_repos/samaust/Experiments_4DGS/scripts/vipe_benchmark/s1_helper_session.py", line 1067, in guard
    raise ValueError('job root capacity')
ValueError: job root capacity
timing_or_cleanup_check_0: AssertionError: False is not true : {'scenario': 'P01', 'mode': 'progress_worker', 'constructor_entry': 203555.59085239, 'action_cutoff': 203557.59085239, 'safety_cutoff': 203558.59085239, 'progress_final_outcome': {'event': 'progress_final_outcome', 'label': 'P01', 'phase': 'startup_or_fixture_preparation', 'primary': {'error_class': 'ValueError', 'message': 'job root capacity'}, 'secondary': [], 'reference': None, 'cleanup_confirmed': False, 'observed': 203555.600163401, 'causal_status': 'actual startup failure; no inferred EPERM cause'}, 'action_end': 203555.600157008, 'end': 203555.600163401, 'execution_seconds': 0.009304617997258902, 'cleanup_seconds': 6.392976501956582e-06, 'cleanup_confirmed': False, 'records': {'work': {'role': 'work', 'state': 'pending', 'pid': None}, 'sample': {'role': 'sample', 'state': 'pending', 'pid': None}}, 'errors': [], 'signals': [], 'ticks': [203555.59087785], 'events': [{'event': 'progress_final_outcome', 'label': 'P01', 'phase': 'startup_or_fixture_preparation', 'primary': {'error_class': 'ValueError', 'message': 'job root capacity'}, 'secondary': [], 'reference': None, 'cleanup_confirmed': False, 'observed': 203555.600163401, 'causal_status': 'actual startup failure; no inferred EPERM cause'}], 'trace_facts': {'capacity': 256, 'total': 1, 'dropped': 0, 'saturated': False, 'first': 203555.600173425, 'last': 203555.600173425}, 'tick_facts': {'capacity': 128, 'total': 1, 'dropped': 0, 'saturated': False, 'first': 203555.590883436, 'last': 203555.590883436}, 'owner_error_facts': {'capacity': 32, 'total': 0, 'dropped': 0, 'saturated': False, 'first': None, 'last': None}, 'owner_signal_facts': {'capacity': 128, 'total': 0, 'dropped': 0, 'saturated': False, 'first': None, 'last': None}, 'request_counts': {'work': {'dispatch': 0, 'response': 0}, 'sample': {'dispatch': 0, 'response': 0}}, 'census_request_count': 0, 'max_gap': 0.0, 'max_turn': 0.0, 'call_observations': [], 'call_observation_facts': {'capacity': 128, 'total': 0, 'dropped': 0, 'saturated': False, 'first': None, 'last': None}, 'timing_f

======================================================================
ERROR: test_progress_p02_reconcile_interruption (test_vipe_benchmark_supervisor.HelperSessionTests.test_progress_p02_reconcile_interruption)
----------------------------------------------------------------------
Traceback (most recent call last):
  File "/home/auss/git_repos/samaust/Experiments_4DGS/tests/test_vipe_benchmark_supervisor.py", line 2041, in test_progress_p02_reconcile_interruption
    def test_progress_p02_reconcile_interruption(self):self.progress_scenario('P02','progress_block')
                                                       ~~~~~~~~~~~~~~~~~~~~~~^^^^^^^^^^^^^^^^^^^^^^^^
  File "/home/auss/git_repos/samaust/Experiments_4DGS/tests/test_vipe_benchmark_supervisor.py", line 1792, in progress_scenario
    with self.scenario(label,mode) as session, tempfile.TemporaryDirectory() as temp:
         ~~~~~~~~~~~~~^^^^^^^^^^^^
  File "/usr/lib/python3.14/contextlib.py", line 141, in __enter__
    return next(self.gen)
  File "/home/auss/git_repos/samaust/Experiments_4DGS/tests/test_vipe_benchmark_supervisor.py", line 1166, in owned
    session(mode,instance=current,**bounds)
    ~~~~~~~^^^^^^^^^^^^^^^^^^^^^^^^^^^^^^^^
  File "/home/auss/git_repos/samaust/Experiments_4DGS/tests/test_vipe_benchmark_s1_helper_fixtures.py", line 69, in session
    instance.__init__(owner_factory=Selected, **kwargs)
    ~~~~~~~~~~~~~~~~~^^^^^^^^^^^^^^^^^^^^^^^^^^^^^^^^^^
  File "/home/auss/git_repos/samaust/Experiments_4DGS/scripts/vipe_benchmark/s1_helper_session.py", line 2180, in __init__
    self.job_thread=reserve_job_root('H','Session owner thread',allow_descendant=False) if os.environ.get('S1_JOB_LEDGER') else None
                    ~~~~~~~~~~~~~~~~^^^^^^^^^^^^^^^^^^^^^^^^^^^^^^^^^^^^^^^^^^^^^^^^^^^
  File "/home/auss/git_repos/samaust/Experiments_4DGS/scripts/vipe_benchmark/s1_helper_session.py", line 1071, in reserve_job_root
    append_job_event('root-reserved',dict(token=token,role=role,label=label,creator=creator),guard=guard)
    ~~~~~~~~~~~~~~~~^^^^^^^^^^^^^^^^^^^^^^^^^^^^^^^^^^^^^^^^^^^^^^^^^^^^^^^^^^^^^^^^^^^^^^^^^^^^^^^^^^^^^
  File "/home/auss/git_repos/samaust/Experiments_4DGS/scripts/vipe_benchmark/s1_helper_session.py", line 745, in append_job_event
    replacement=guard(state)
  File "/home/auss/git_repos/samaust/Experiments_4DGS/scripts/vipe_benchmark/s1_helper_session.py", line 1067, in guard
    raise ValueError('job root capacity')
ValueError: job root capacity
timing_or_cleanup_check_0: AssertionError: False is not true : {'scenario': 'P02', 'mode': 'progress_block', 'constructor_entry': 203555.601280143, 'action_cutoff': 203557.601280143, 'safety_cutoff': 203558.601280143, 'progress_final_outcome': {'event': 'progress_final_outcome', 'label': 'P02', 'phase': 'startup_or_fixture_preparation', 'primary': {'error_class': 'ValueError', 'message': 'job root capacity'}, 'secondary': [], 'reference': None, 'cleanup_confirmed': False, 'observed': 203555.610457913, 'causal_status': 'actual startup failure; no inferred EPERM cause'}, 'action_end': 203555.610451591, 'end': 203555.610457913, 'execution_seconds': 0.009171448007691652, 'cleanup_seconds': 6.3219922594726086e-06, 'cleanup_confirmed': False, 'records': {'work': {'role': 'work', 'state': 'pending', 'pid': None}, 'sample': {'role': 'sample', 'state': 'pending', 'pid': None}}, 'errors': [], 'signals': [], 'ticks': [203555.601301952], 'events': [{'event': 'progress_final_outcome', 'label': 'P02', 'phase': 'startup_or_fixture_preparation', 'primary': {'error_class': 'ValueError', 'message': 'job root capacity'}, 'secondary': [], 'reference': None, 'cleanup_confirmed': False, 'observed': 203555.610457913, 'causal_status': 'actual startup failure; no inferred EPERM cause'}], 'trace_facts': {'capacity': 256, 'total': 1, 'dropped': 0, 'saturated': False, 'first': 203555.610465495, 'last': 203555.610465495}, 'tick_facts': {'capacity': 128, 'total': 1, 'dropped': 0, 'saturated': False, 'first': 203555.601307042, 'last': 203555.601307042}, 'owner_error_facts': {'capacity': 32, 'total': 0, 'dropped': 0, 'saturated': False, 'first': None, 'last': None}, 'owner_signal_facts': {'capacity': 128, 'total': 0, 'dropped': 0, 'saturated': False, 'first': None, 'last': None}, 'request_counts': {'work': {'dispatch': 0, 'response': 0}, 'sample': {'dispatch': 0, 'response': 0}}, 'census_request_count': 0, 'max_gap': 0.0, 'max_turn': 0.0, 'call_observations': [], 'call_observation_facts': {'capacity': 128, 'total': 0, 'dropped': 0, 'saturated': False, 'first': None, 'last': None}, 'timi

======================================================================
ERROR: test_progress_p03_helper_death (test_vipe_benchmark_supervisor.HelperSessionTests.test_progress_p03_helper_death)
----------------------------------------------------------------------
Traceback (most recent call last):
  File "/home/auss/git_repos/samaust/Experiments_4DGS/tests/test_vipe_benchmark_supervisor.py", line 2042, in test_progress_p03_helper_death
    def test_progress_p03_helper_death(self):self.progress_scenario('P03','progress_death')
                                             ~~~~~~~~~~~~~~~~~~~~~~^^^^^^^^^^^^^^^^^^^^^^^^
  File "/home/auss/git_repos/samaust/Experiments_4DGS/tests/test_vipe_benchmark_supervisor.py", line 1792, in progress_scenario
    with self.scenario(label,mode) as session, tempfile.TemporaryDirectory() as temp:
         ~~~~~~~~~~~~~^^^^^^^^^^^^
  File "/usr/lib/python3.14/contextlib.py", line 141, in __enter__
    return next(self.gen)
  File "/home/auss/git_repos/samaust/Experiments_4DGS/tests/test_vipe_benchmark_supervisor.py", line 1166, in owned
    session(mode,instance=current,**bounds)
    ~~~~~~~^^^^^^^^^^^^^^^^^^^^^^^^^^^^^^^^
  File "/home/auss/git_repos/samaust/Experiments_4DGS/tests/test_vipe_benchmark_s1_helper_fixtures.py", line 69, in session
    instance.__init__(owner_factory=Selected, **kwargs)
    ~~~~~~~~~~~~~~~~~^^^^^^^^^^^^^^^^^^^^^^^^^^^^^^^^^^
  File "/home/auss/git_repos/samaust/Experiments_4DGS/scripts/vipe_benchmark/s1_helper_session.py", line 2180, in __init__
    self.job_thread=reserve_job_root('H','Session owner thread',allow_descendant=False) if os.environ.get('S1_JOB_LEDGER') else None
                    ~~~~~~~~~~~~~~~~^^^^^^^^^^^^^^^^^^^^^^^^^^^^^^^^^^^^^^^^^^^^^^^^^^^
  File "/home/auss/git_repos/samaust/Experiments_4DGS/scripts/vipe_benchmark/s1_helper_session.py", line 1071, in reserve_job_root
    append_job_event('root-reserved',dict(token=token,role=role,label=label,creator=creator),guard=guard)
    ~~~~~~~~~~~~~~~~^^^^^^^^^^^^^^^^^^^^^^^^^^^^^^^^^^^^^^^^^^^^^^^^^^^^^^^^^^^^^^^^^^^^^^^^^^^^^^^^^^^^^
  File "/home/auss/git_repos/samaust/Experiments_4DGS/scripts/vipe_benchmark/s1_helper_session.py", line 745, in append_job_event
    replacement=guard(state)
  File "/home/auss/git_repos/samaust/Experiments_4DGS/scripts/vipe_benchmark/s1_helper_session.py", line 1067, in guard
    raise ValueError('job root capacity')
ValueError: job root capacity
timing_or_cleanup_check_0: AssertionError: False is not true : {'scenario': 'P03', 'mode': 'progress_death', 'constructor_entry': 203555.612953587, 'action_cutoff': 203557.612953587, 'safety_cutoff': 203558.612953587, 'progress_final_outcome': {'event': 'progress_final_outcome', 'label': 'P03', 'phase': 'startup_or_fixture_preparation', 'primary': {'error_class': 'ValueError', 'message': 'job root capacity'}, 'secondary': [], 'reference': None, 'cleanup_confirmed': False, 'observed': 203555.622040866, 'causal_status': 'actual startup failure; no inferred EPERM cause'}, 'action_end': 203555.622032088, 'end': 203555.622040866, 'execution_seconds': 0.00907850099611096, 'cleanup_seconds': 8.778006304055452e-06, 'cleanup_confirmed': False, 'records': {'work': {'role': 'work', 'state': 'pending', 'pid': None}, 'sample': {'role': 'sample', 'state': 'pending', 'pid': None}}, 'errors': [], 'signals': [], 'ticks': [203555.612975262], 'events': [{'event': 'progress_final_outcome', 'label': 'P03', 'phase': 'startup_or_fixture_preparation', 'primary': {'error_class': 'ValueError', 'message': 'job root capacity'}, 'secondary': [], 'reference': None, 'cleanup_confirmed': False, 'observed': 203555.622040866, 'causal_status': 'actual startup failure; no inferred EPERM cause'}], 'trace_facts': {'capacity': 256, 'total': 1, 'dropped': 0, 'saturated': False, 'first': 203555.622049079, 'last': 203555.622049079}, 'tick_facts': {'capacity': 128, 'total': 1, 'dropped': 0, 'saturated': False, 'first': 203555.612979236, 'last': 203555.612979236}, 'owner_error_facts': {'capacity': 32, 'total': 0, 'dropped': 0, 'saturated': False, 'first': None, 'last': None}, 'owner_signal_facts': {'capacity': 128, 'total': 0, 'dropped': 0, 'saturated': False, 'first': None, 'last': None}, 'request_counts': {'work': {'dispatch': 0, 'response': 0}, 'sample': {'dispatch': 0, 'response': 0}}, 'census_request_count': 0, 'max_gap': 0.0, 'max_turn': 0.0, 'call_observations': [], 'call_observation_facts': {'capacity': 128, 'total': 0, 'dropped': 0, 'saturated': False, 'first': None, 'last': None}, 'timing

======================================================================
ERROR: test_progress_p04_failed_final_sample (test_vipe_benchmark_supervisor.HelperSessionTests.test_progress_p04_failed_final_sample)
----------------------------------------------------------------------
Traceback (most recent call last):
  File "/home/auss/git_repos/samaust/Experiments_4DGS/tests/test_vipe_benchmark_supervisor.py", line 2043, in test_progress_p04_failed_final_sample
    def test_progress_p04_failed_final_sample(self):self.progress_scenario('P04','progress_final',supervised=True)
                                                    ~~~~~~~~~~~~~~~~~~~~~~^^^^^^^^^^^^^^^^^^^^^^^^^^^^^^^^^^^^^^^^
  File "/home/auss/git_repos/samaust/Experiments_4DGS/tests/test_vipe_benchmark_supervisor.py", line 1792, in progress_scenario
    with self.scenario(label,mode) as session, tempfile.TemporaryDirectory() as temp:
         ~~~~~~~~~~~~~^^^^^^^^^^^^
  File "/usr/lib/python3.14/contextlib.py", line 141, in __enter__
    return next(self.gen)
  File "/home/auss/git_repos/samaust/Experiments_4DGS/tests/test_vipe_benchmark_supervisor.py", line 1166, in owned
    session(mode,instance=current,**bounds)
    ~~~~~~~^^^^^^^^^^^^^^^^^^^^^^^^^^^^^^^^
  File "/home/auss/git_repos/samaust/Experiments_4DGS/tests/test_vipe_benchmark_s1_helper_fixtures.py", line 69, in session
    instance.__init__(owner_factory=Selected, **kwargs)
    ~~~~~~~~~~~~~~~~~^^^^^^^^^^^^^^^^^^^^^^^^^^^^^^^^^^
  File "/home/auss/git_repos/samaust/Experiments_4DGS/scripts/vipe_benchmark/s1_helper_session.py", line 2180, in __init__
    self.job_thread=reserve_job_root('H','Session owner thread',allow_descendant=False) if os.environ.get('S1_JOB_LEDGER') else None
                    ~~~~~~~~~~~~~~~~^^^^^^^^^^^^^^^^^^^^^^^^^^^^^^^^^^^^^^^^^^^^^^^^^^^
  File "/home/auss/git_repos/samaust/Experiments_4DGS/scripts/vipe_benchmark/s1_helper_session.py", line 1071, in reserve_job_root
    append_job_event('root-reserved',dict(token=token,role=role,label=label,creator=creator),guard=guard)
    ~~~~~~~~~~~~~~~~^^^^^^^^^^^^^^^^^^^^^^^^^^^^^^^^^^^^^^^^^^^^^^^^^^^^^^^^^^^^^^^^^^^^^^^^^^^^^^^^^^^^^
  File "/home/auss/git_repos/samaust/Experiments_4DGS/scripts/vipe_benchmark/s1_helper_session.py", line 745, in append_job_event
    replacement=guard(state)
  File "/home/auss/git_repos/samaust/Experiments_4DGS/scripts/vipe_benchmark/s1_helper_session.py", line 1067, in guard
    raise ValueError('job root capacity')
ValueError: job root capacity
timing_or_cleanup_check_0: AssertionError: False is not true : {'scenario': 'P04', 'mode': 'progress_final', 'constructor_entry': 203555.623104315, 'action_cutoff': 203557.623104315, 'safety_cutoff': 203558.623104315, 'progress_final_outcome': {'event': 'progress_final_outcome', 'label': 'P04', 'phase': 'startup_or_fixture_preparation', 'primary': {'error_class': 'ValueError', 'message': 'job root capacity'}, 'secondary': [], 'reference': None, 'cleanup_confirmed': False, 'observed': 203555.632517874, 'causal_status': 'actual startup failure; no inferred EPERM cause'}, 'action_end': 203555.632509403, 'end': 203555.632517874, 'execution_seconds': 0.009405087999766693, 'cleanup_seconds': 8.471019100397825e-06, 'cleanup_confirmed': False, 'records': {'work': {'role': 'work', 'state': 'pending', 'pid': None}, 'sample': {'role': 'sample', 'state': 'pending', 'pid': None}}, 'errors': [], 'signals': [], 'ticks': [203555.623132077], 'events': [{'event': 'progress_final_outcome', 'label': 'P04', 'phase': 'startup_or_fixture_preparation', 'primary': {'error_class': 'ValueError', 'message': 'job root capacity'}, 'secondary': [], 'reference': None, 'cleanup_confirmed': False, 'observed': 203555.632517874, 'causal_status': 'actual startup failure; no inferred EPERM cause'}], 'trace_facts': {'capacity': 256, 'total': 1, 'dropped': 0, 'saturated': False, 'first': 203555.632524703, 'last': 203555.632524703}, 'tick_facts': {'capacity': 128, 'total': 1, 'dropped': 0, 'saturated': False, 'first': 203555.623139198, 'last': 203555.623139198}, 'owner_error_facts': {'capacity': 32, 'total': 0, 'dropped': 0, 'saturated': False, 'first': None, 'last': None}, 'owner_signal_facts': {'capacity': 128, 'total': 0, 'dropped': 0, 'saturated': False, 'first': None, 'last': None}, 'request_counts': {'work': {'dispatch': 0, 'response': 0}, 'sample': {'dispatch': 0, 'response': 0}}, 'census_request_count': 0, 'max_gap': 0.0, 'max_turn': 0.0, 'call_observations': [], 'call_observation_facts': {'capacity': 128, 'total': 0, 'dropped': 0, 'saturated': False, 'first': None, 'last': None}, 'timin

======================================================================
ERROR: test_progress_p05_interrupted_publisher (test_vipe_benchmark_supervisor.HelperSessionTests.test_progress_p05_interrupted_publisher)
----------------------------------------------------------------------
Traceback (most recent call last):
  File "/home/auss/git_repos/samaust/Experiments_4DGS/tests/test_vipe_benchmark_supervisor.py", line 2044, in test_progress_p05_interrupted_publisher
    def test_progress_p05_interrupted_publisher(self):self.progress_scenario('P05','progress_torn')
                                                      ~~~~~~~~~~~~~~~~~~~~~~^^^^^^^^^^^^^^^^^^^^^^^
  File "/home/auss/git_repos/samaust/Experiments_4DGS/tests/test_vipe_benchmark_supervisor.py", line 1792, in progress_scenario
    with self.scenario(label,mode) as session, tempfile.TemporaryDirectory() as temp:
         ~~~~~~~~~~~~~^^^^^^^^^^^^
  File "/usr/lib/python3.14/contextlib.py", line 141, in __enter__
    return next(self.gen)
  File "/home/auss/git_repos/samaust/Experiments_4DGS/tests/test_vipe_benchmark_supervisor.py", line 1166, in owned
    session(mode,instance=current,**bounds)
    ~~~~~~~^^^^^^^^^^^^^^^^^^^^^^^^^^^^^^^^
  File "/home/auss/git_repos/samaust/Experiments_4DGS/tests/test_vipe_benchmark_s1_helper_fixtures.py", line 69, in session
    instance.__init__(owner_factory=Selected, **kwargs)
    ~~~~~~~~~~~~~~~~~^^^^^^^^^^^^^^^^^^^^^^^^^^^^^^^^^^
  File "/home/auss/git_repos/samaust/Experiments_4DGS/scripts/vipe_benchmark/s1_helper_session.py", line 2180, in __init__
    self.job_thread=reserve_job_root('H','Session owner thread',allow_descendant=False) if os.environ.get('S1_JOB_LEDGER') else None
                    ~~~~~~~~~~~~~~~~^^^^^^^^^^^^^^^^^^^^^^^^^^^^^^^^^^^^^^^^^^^^^^^^^^^
  File "/home/auss/git_repos/samaust/Experiments_4DGS/scripts/vipe_benchmark/s1_helper_session.py", line 1071, in reserve_job_root
    append_job_event('root-reserved',dict(token=token,role=role,label=label,creator=creator),guard=guard)
    ~~~~~~~~~~~~~~~~^^^^^^^^^^^^^^^^^^^^^^^^^^^^^^^^^^^^^^^^^^^^^^^^^^^^^^^^^^^^^^^^^^^^^^^^^^^^^^^^^^^^^
  File "/home/auss/git_repos/samaust/Experiments_4DGS/scripts/vipe_benchmark/s1_helper_session.py", line 745, in append_job_event
    replacement=guard(state)
  File "/home/auss/git_repos/samaust/Experiments_4DGS/scripts/vipe_benchmark/s1_helper_session.py", line 1067, in guard
    raise ValueError('job root capacity')
ValueError: job root capacity
timing_or_cleanup_check_0: AssertionError: False is not true : {'scenario': 'P05', 'mode': 'progress_torn', 'constructor_entry': 203555.63353987, 'action_cutoff': 203557.63353987, 'safety_cutoff': 203558.63353987, 'progress_final_outcome': {'event': 'progress_final_outcome', 'label': 'P05', 'phase': 'startup_or_fixture_preparation', 'primary': {'error_class': 'ValueError', 'message': 'job root capacity'}, 'secondary': [], 'reference': None, 'cleanup_confirmed': False, 'observed': 203555.642771643, 'causal_status': 'actual startup failure; no inferred EPERM cause'}, 'action_end': 203555.642761623, 'end': 203555.642771643, 'execution_seconds': 0.00922175298910588, 'cleanup_seconds': 1.0020012268796563e-05, 'cleanup_confirmed': False, 'records': {'work': {'role': 'work', 'state': 'pending', 'pid': None}, 'sample': {'role': 'sample', 'state': 'pending', 'pid': None}}, 'errors': [], 'signals': [], 'ticks': [203555.633561075], 'events': [{'event': 'progress_final_outcome', 'label': 'P05', 'phase': 'startup_or_fixture_preparation', 'primary': {'error_class': 'ValueError', 'message': 'job root capacity'}, 'secondary': [], 'reference': None, 'cleanup_confirmed': False, 'observed': 203555.642771643, 'causal_status': 'actual startup failure; no inferred EPERM cause'}], 'trace_facts': {'capacity': 256, 'total': 1, 'dropped': 0, 'saturated': False, 'first': 203555.642779992, 'last': 203555.642779992}, 'tick_facts': {'capacity': 128, 'total': 1, 'dropped': 0, 'saturated': False, 'first': 203555.633565137, 'last': 203555.633565137}, 'owner_error_facts': {'capacity': 32, 'total': 0, 'dropped': 0, 'saturated': False, 'first': None, 'last': None}, 'owner_signal_facts': {'capacity': 128, 'total': 0, 'dropped': 0, 'saturated': False, 'first': None, 'last': None}, 'request_counts': {'work': {'dispatch': 0, 'response': 0}, 'sample': {'dispatch': 0, 'response': 0}}, 'census_request_count': 0, 'max_gap': 0.0, 'max_turn': 0.0, 'call_observations': [], 'call_observation_facts': {'capacity': 128, 'total': 0, 'dropped': 0, 'saturated': False, 'first': None, 'last': None}, 'timing_fa

======================================================================
ERROR: test_progress_p06_blocked_owner (test_vipe_benchmark_supervisor.HelperSessionTests.test_progress_p06_blocked_owner)
----------------------------------------------------------------------
Traceback (most recent call last):
  File "/home/auss/git_repos/samaust/Experiments_4DGS/tests/test_vipe_benchmark_supervisor.py", line 2045, in test_progress_p06_blocked_owner
    def test_progress_p06_blocked_owner(self):self.progress_scenario('P06','progress_normal')
                                              ~~~~~~~~~~~~~~~~~~~~~~^^^^^^^^^^^^^^^^^^^^^^^^^
  File "/home/auss/git_repos/samaust/Experiments_4DGS/tests/test_vipe_benchmark_supervisor.py", line 1792, in progress_scenario
    with self.scenario(label,mode) as session, tempfile.TemporaryDirectory() as temp:
         ~~~~~~~~~~~~~^^^^^^^^^^^^
  File "/usr/lib/python3.14/contextlib.py", line 141, in __enter__
    return next(self.gen)
  File "/home/auss/git_repos/samaust/Experiments_4DGS/tests/test_vipe_benchmark_supervisor.py", line 1166, in owned
    session(mode,instance=current,**bounds)
    ~~~~~~~^^^^^^^^^^^^^^^^^^^^^^^^^^^^^^^^
  File "/home/auss/git_repos/samaust/Experiments_4DGS/tests/test_vipe_benchmark_s1_helper_fixtures.py", line 69, in session
    instance.__init__(owner_factory=Selected, **kwargs)
    ~~~~~~~~~~~~~~~~~^^^^^^^^^^^^^^^^^^^^^^^^^^^^^^^^^^
  File "/home/auss/git_repos/samaust/Experiments_4DGS/scripts/vipe_benchmark/s1_helper_session.py", line 2180, in __init__
    self.job_thread=reserve_job_root('H','Session owner thread',allow_descendant=False) if os.environ.get('S1_JOB_LEDGER') else None
                    ~~~~~~~~~~~~~~~~^^^^^^^^^^^^^^^^^^^^^^^^^^^^^^^^^^^^^^^^^^^^^^^^^^^
  File "/home/auss/git_repos/samaust/Experiments_4DGS/scripts/vipe_benchmark/s1_helper_session.py", line 1071, in reserve_job_root
    append_job_event('root-reserved',dict(token=token,role=role,label=label,creator=creator),guard=guard)
    ~~~~~~~~~~~~~~~~^^^^^^^^^^^^^^^^^^^^^^^^^^^^^^^^^^^^^^^^^^^^^^^^^^^^^^^^^^^^^^^^^^^^^^^^^^^^^^^^^^^^^
  File "/home/auss/git_repos/samaust/Experiments_4DGS/scripts/vipe_benchmark/s1_helper_session.py", line 745, in append_job_event
    replacement=guard(state)
  File "/home/auss/git_repos/samaust/Experiments_4DGS/scripts/vipe_benchmark/s1_helper_session.py", line 1067, in guard
    raise ValueError('job root capacity')
ValueError: job root capacity
timing_or_cleanup_check_0: AssertionError: False is not true : {'scenario': 'P06', 'mode': 'progress_normal', 'constructor_entry': 203555.643838645, 'action_cutoff': 203557.643838645, 'safety_cutoff': 203558.643838645, 'progress_final_outcome': {'event': 'progress_final_outcome', 'label': 'P06', 'phase': 'startup_or_fixture_preparation', 'primary': {'error_class': 'ValueError', 'message': 'job root capacity'}, 'secondary': [], 'reference': None, 'cleanup_confirmed': False, 'observed': 203555.652872681, 'causal_status': 'actual startup failure; no inferred EPERM cause'}, 'action_end': 203555.652864746, 'end': 203555.652872681, 'execution_seconds': 0.009026101004565135, 'cleanup_seconds': 7.93501385487616e-06, 'cleanup_confirmed': False, 'records': {'work': {'role': 'work', 'state': 'pending', 'pid': None}, 'sample': {'role': 'sample', 'state': 'pending', 'pid': None}}, 'errors': [], 'signals': [], 'ticks': [203555.643861896], 'events': [{'event': 'progress_final_outcome', 'label': 'P06', 'phase': 'startup_or_fixture_preparation', 'primary': {'error_class': 'ValueError', 'message': 'job root capacity'}, 'secondary': [], 'reference': None, 'cleanup_confirmed': False, 'observed': 203555.652872681, 'causal_status': 'actual startup failure; no inferred EPERM cause'}], 'trace_facts': {'capacity': 256, 'total': 1, 'dropped': 0, 'saturated': False, 'first': 203555.652878873, 'last': 203555.652878873}, 'tick_facts': {'capacity': 128, 'total': 1, 'dropped': 0, 'saturated': False, 'first': 203555.643867166, 'last': 203555.643867166}, 'owner_error_facts': {'capacity': 32, 'total': 0, 'dropped': 0, 'saturated': False, 'first': None, 'last': None}, 'owner_signal_facts': {'capacity': 128, 'total': 0, 'dropped': 0, 'saturated': False, 'first': None, 'last': None}, 'request_counts': {'work': {'dispatch': 0, 'response': 0}, 'sample': {'dispatch': 0, 'response': 0}}, 'census_request_count': 0, 'max_gap': 0.0, 'max_turn': 0.0, 'call_observations': [], 'call_observation_facts': {'capacity': 128, 'total': 0, 'dropped': 0, 'saturated': False, 'first': None, 'last': None}, 'timin

======================================================================
ERROR: test_progress_plan047_complete_final_sample (test_vipe_benchmark_supervisor.HelperSessionTests.test_progress_plan047_complete_final_sample) (kind='success')
----------------------------------------------------------------------
Traceback (most recent call last):
  File "/home/auss/git_repos/samaust/Experiments_4DGS/scripts/vipe_benchmark/supervisor.py", line 442, in supervise
    owned=predispatch_owned('supervisor worker')
  File "/home/auss/git_repos/samaust/Experiments_4DGS/scripts/vipe_benchmark/s1_helper_session.py", line 1590, in predispatch_owned
    if observed['total_workers']+1>8:raise ValueError('owned '+event+' dispatch CPU capacity')
                                     ^^^^^^^^^^^^^^^^^^^^^^^^^^^^^^^^^^^^^^^^^^^^^^^^^^^^^^^^^
ValueError: owned supervisor worker dispatch CPU capacity

The above exception was the direct cause of the following exception:

Traceback (most recent call last):
  File "/home/auss/git_repos/samaust/Experiments_4DGS/tests/test_vipe_benchmark_supervisor.py", line 3158, in test_progress_plan047_complete_final_sample
    sup.supervise(Ledger(),full.reservation['job_id'],full.command,full.output,evidence=full.binding,sample_resources=self.sampler,validate_result=lambda output:None,terminal_publisher=True,terminal_docs=docs)
    ~~~~~~~~~~~~~^^^^^^^^^^^^^^^^^^^^^^^^^^^^^^^^^^^^^^^^^^^^^^^^^^^^^^^^^^^^^^^^^^^^^^^^^^^^^^^^^^^^^^^^^^^^^^^^^^^^^^^^^^^^^^^^^^^^^^^^^^^^^^^^^^^^^^^^^^^^^^^^^^^^^^^^^^^^^^^^^^^^^^^^^^^^^^^^^^^^^^^^^^^^^^^^
  File "/home/auss/git_repos/samaust/Experiments_4DGS/scripts/vipe_benchmark/supervisor.py", line 607, in supervise
    raise failure from primary_exception
vipe_benchmark.supervisor.SupervisionFailure: ValueError: owned supervisor worker dispatch CPU capacity

======================================================================
ERROR: test_progress_plan047_complete_final_sample (test_vipe_benchmark_supervisor.HelperSessionTests.test_progress_plan047_complete_final_sample) (kind='final_sample_failure')
----------------------------------------------------------------------
Traceback (most recent call last):
  File "/home/auss/git_repos/samaust/Experiments_4DGS/tests/test_vipe_benchmark_supervisor.py", line 3155, in test_progress_plan047_complete_final_sample
    with self.assertRaises(sup.SupervisionFailure) as caught:sup.supervise(Ledger(),full.reservation['job_id'],full.command,full.output,evidence=full.binding,sample_resources=self.sampler,validate_result=lambda output:None,terminal_publisher=True,terminal_docs=docs)
                                                             ~~~~~~~~~~~~~^^^^^^^^^^^^^^^^^^^^^^^^^^^^^^^^^^^^^^^^^^^^^^^^^^^^^^^^^^^^^^^^^^^^^^^^^^^^^^^^^^^^^^^^^^^^^^^^^^^^^^^^^^^^^^^^^^^^^^^^^^^^^^^^^^^^^^^^^^^^^^^^^^^^^^^^^^^^^^^^^^^^^^^^^^^^^^^^^^^^^^^^^^^^^^^^
  File "/home/auss/git_repos/samaust/Experiments_4DGS/scripts/vipe_benchmark/supervisor.py", line 358, in supervise
    raise ValueError('refusing to overwrite incomplete or previous output')
ValueError: refusing to overwrite incomplete or previous output

======================================================================
ERROR: test_progress_plan047_ownership (test_vipe_benchmark_supervisor.HelperSessionTests.test_progress_plan047_ownership) (kind='registry_owner_dispatch')
----------------------------------------------------------------------
Traceback (most recent call last):
  File "/home/auss/git_repos/samaust/Experiments_4DGS/tests/test_vipe_benchmark_supervisor.py", line 2864, in test_progress_plan047_ownership
    observed=h.predispatch_owned(kind);self.assertEqual(observed['registry_identity'],id(h.INVOCATION));self.assertEqual(observed['root'],baseline['root']);result='same invocation registry'
  File "/home/auss/git_repos/samaust/Experiments_4DGS/scripts/vipe_benchmark/s1_helper_session.py", line 1590, in predispatch_owned
    if observed['total_workers']+1>8:raise ValueError('owned '+event+' dispatch CPU capacity')
                                     ^^^^^^^^^^^^^^^^^^^^^^^^^^^^^^^^^^^^^^^^^^^^^^^^^^^^^^^^^
ValueError: owned registry_owner_dispatch dispatch CPU capacity

======================================================================
ERROR: test_progress_plan047_ownership (test_vipe_benchmark_supervisor.HelperSessionTests.test_progress_plan047_ownership) (kind='registry_worker_dispatch')
----------------------------------------------------------------------
Traceback (most recent call last):
  File "/home/auss/git_repos/samaust/Experiments_4DGS/tests/test_vipe_benchmark_supervisor.py", line 2864, in test_progress_plan047_ownership
    observed=h.predispatch_owned(kind);self.assertEqual(observed['registry_identity'],id(h.INVOCATION));self.assertEqual(observed['root'],baseline['root']);result='same invocation registry'
  File "/home/auss/git_repos/samaust/Experiments_4DGS/scripts/vipe_benchmark/s1_helper_session.py", line 1590, in predispatch_owned
    if observed['total_workers']+1>8:raise ValueError('owned '+event+' dispatch CPU capacity')
                                     ^^^^^^^^^^^^^^^^^^^^^^^^^^^^^^^^^^^^^^^^^^^^^^^^^^^^^^^^^
ValueError: owned registry_worker_dispatch dispatch CPU capacity

======================================================================
ERROR: test_progress_plan047_ownership (test_vipe_benchmark_supervisor.HelperSessionTests.test_progress_plan047_ownership) (kind='registry_direct_dispatch')
----------------------------------------------------------------------
Traceback (most recent call last):
  File "/home/auss/git_repos/samaust/Experiments_4DGS/tests/test_vipe_benchmark_supervisor.py", line 2864, in test_progress_plan047_ownership
    observed=h.predispatch_owned(kind);self.assertEqual(observed['registry_identity'],id(h.INVOCATION));self.assertEqual(observed['root'],baseline['root']);result='same invocation registry'
  File "/home/auss/git_repos/samaust/Experiments_4DGS/scripts/vipe_benchmark/s1_helper_session.py", line 1590, in predispatch_owned
    if observed['total_workers']+1>8:raise ValueError('owned '+event+' dispatch CPU capacity')
                                     ^^^^^^^^^^^^^^^^^^^^^^^^^^^^^^^^^^^^^^^^^^^^^^^^^^^^^^^^^
ValueError: owned registry_direct_dispatch dispatch CPU capacity

======================================================================
ERROR: test_progress_plan047_ownership (test_vipe_benchmark_supervisor.HelperSessionTests.test_progress_plan047_ownership) (kind='registry_sentinel_dispatch')
----------------------------------------------------------------------
Traceback (most recent call last):
  File "/home/auss/git_repos/samaust/Experiments_4DGS/tests/test_vipe_benchmark_supervisor.py", line 2864, in test_progress_plan047_ownership
    observed=h.predispatch_owned(kind);self.assertEqual(observed['registry_identity'],id(h.INVOCATION));self.assertEqual(observed['root'],baseline['root']);result='same invocation registry'
  File "/home/auss/git_repos/samaust/Experiments_4DGS/scripts/vipe_benchmark/s1_helper_session.py", line 1590, in predispatch_owned
    if observed['total_workers']+1>8:raise ValueError('owned '+event+' dispatch CPU capacity')
                                     ^^^^^^^^^^^^^^^^^^^^^^^^^^^^^^^^^^^^^^^^^^^^^^^^^^^^^^^^^
ValueError: owned registry_sentinel_dispatch dispatch CPU capacity

======================================================================
ERROR: test_completed_worker_is_not_dispatched_again (test_vipe_benchmark_supervisor.SupervisorTests.test_completed_worker_is_not_dispatched_again)
----------------------------------------------------------------------
Traceback (most recent call last):
  File "/home/auss/git_repos/samaust/Experiments_4DGS/scripts/vipe_benchmark/supervisor.py", line 446, in supervise
    process = create_owned_process('supervisor worker',subprocess.Popen,command, deadline=run_deadline if is_s1 else None, stdout=log, stderr=subprocess.STDOUT,
                               start_new_session=True, env=env)
  File "/home/auss/git_repos/samaust/Experiments_4DGS/scripts/vipe_benchmark/s1_helper_session.py", line 1600, in create_owned_process
    observed=predispatch_owned(event)
  File "/home/auss/git_repos/samaust/Experiments_4DGS/scripts/vipe_benchmark/s1_helper_session.py", line 1590, in predispatch_owned
    if observed['total_workers']+1>8:raise ValueError('owned '+event+' dispatch CPU capacity')
                                     ^^^^^^^^^^^^^^^^^^^^^^^^^^^^^^^^^^^^^^^^^^^^^^^^^^^^^^^^^
ValueError: owned supervisor worker dispatch CPU capacity

The above exception was the direct cause of the following exception:

Traceback (most recent call last):
  File "/home/auss/git_repos/samaust/Experiments_4DGS/tests/test_vipe_benchmark_supervisor.py", line 43, in test_completed_worker_is_not_dispatched_again
    self.assertEqual(self.run_worker(code)['status'], 'complete')
                     ~~~~~~~~~~~~~~~^^^^^^
  File "/home/auss/git_repos/samaust/Experiments_4DGS/tests/test_vipe_benchmark_supervisor.py", line 37, in run_worker
    return supervise(self.ledger, 'prepare', self.command(code), self.root / 'output',
                     evidence={'kind': 'disposable CPU fixture; not a model evaluation'},
                     validate_result=self.validate, poll_seconds=.02, **kwargs)
  File "/home/auss/git_repos/samaust/Experiments_4DGS/scripts/vipe_benchmark/supervisor.py", line 607, in supervise
    raise failure from primary_exception
vipe_benchmark.supervisor.SupervisionFailure: ValueError: owned supervisor worker dispatch CPU capacity

======================================================================
ERROR: test_concurrent_reservation_has_one_winner (test_vipe_benchmark_supervisor.SupervisorTests.test_concurrent_reservation_has_one_winner)
----------------------------------------------------------------------
Traceback (most recent call last):
  File "/home/auss/git_repos/samaust/Experiments_4DGS/tests/test_vipe_benchmark_supervisor.py", line 211, in test_concurrent_reservation_has_one_winner
    process=fixture_process_launch('existing reservation race',command,stdout=subprocess.DEVNULL,stderr=subprocess.DEVNULL)
  File "/home/auss/git_repos/samaust/Experiments_4DGS/tests/test_vipe_benchmark_s1_helper_fixtures.py", line 889, in fixture_process_launch
    process=create_owned_process(event,subprocess.Popen,command,**kwargs)
  File "/home/auss/git_repos/samaust/Experiments_4DGS/scripts/vipe_benchmark/s1_helper_session.py", line 1600, in create_owned_process
    observed=predispatch_owned(event)
  File "/home/auss/git_repos/samaust/Experiments_4DGS/scripts/vipe_benchmark/s1_helper_session.py", line 1590, in predispatch_owned
    if observed['total_workers']+1>8:raise ValueError('owned '+event+' dispatch CPU capacity')
                                     ^^^^^^^^^^^^^^^^^^^^^^^^^^^^^^^^^^^^^^^^^^^^^^^^^^^^^^^^^
ValueError: owned existing reservation race dispatch CPU capacity

======================================================================
ERROR: test_gpu_sample_of_exited_unreaped_worker_keeps_true_group_ownership (test_vipe_benchmark_supervisor.SupervisorTests.test_gpu_sample_of_exited_unreaped_worker_keeps_true_group_ownership)
----------------------------------------------------------------------
Traceback (most recent call last):
  File "/home/auss/git_repos/samaust/Experiments_4DGS/scripts/vipe_benchmark/supervisor.py", line 446, in supervise
    process = create_owned_process('supervisor worker',subprocess.Popen,command, deadline=run_deadline if is_s1 else None, stdout=log, stderr=subprocess.STDOUT,
                               start_new_session=True, env=env)
  File "/home/auss/git_repos/samaust/Experiments_4DGS/scripts/vipe_benchmark/s1_helper_session.py", line 1600, in create_owned_process
    observed=predispatch_owned(event)
  File "/home/auss/git_repos/samaust/Experiments_4DGS/scripts/vipe_benchmark/s1_helper_session.py", line 1590, in predispatch_owned
    if observed['total_workers']+1>8:raise ValueError('owned '+event+' dispatch CPU capacity')
                                     ^^^^^^^^^^^^^^^^^^^^^^^^^^^^^^^^^^^^^^^^^^^^^^^^^^^^^^^^^
ValueError: owned supervisor worker dispatch CPU capacity

The above exception was the direct cause of the following exception:

Traceback (most recent call last):
  File "/home/auss/git_repos/samaust/Experiments_4DGS/tests/test_vipe_benchmark_supervisor.py", line 161, in test_gpu_sample_of_exited_unreaped_worker_keeps_true_group_ownership
    self.assertEqual(self.run_worker(code, sample_resources=sample)['status'], 'complete')
                     ~~~~~~~~~~~~~~~^^^^^^^^^^^^^^^^^^^^^^^^^^^^^^^
  File "/home/auss/git_repos/samaust/Experiments_4DGS/tests/test_vipe_benchmark_supervisor.py", line 37, in run_worker
    return supervise(self.ledger, 'prepare', self.command(code), self.root / 'output',
                     evidence={'kind': 'disposable CPU fixture; not a model evaluation'},
                     validate_result=self.validate, poll_seconds=.02, **kwargs)
  File "/home/auss/git_repos/samaust/Experiments_4DGS/scripts/vipe_benchmark/supervisor.py", line 607, in supervise
    raise failure from primary_exception
vipe_benchmark.supervisor.SupervisionFailure: ValueError: owned supervisor worker dispatch CPU capacity

======================================================================
ERROR: test_native_kernel_caches_stay_in_monitored_attempt_and_override_external_paths (test_vipe_benchmark_supervisor.SupervisorTests.test_native_kernel_caches_stay_in_monitored_attempt_and_override_external_paths)
----------------------------------------------------------------------
Traceback (most recent call last):
  File "/home/auss/git_repos/samaust/Experiments_4DGS/scripts/vipe_benchmark/supervisor.py", line 446, in supervise
    process = create_owned_process('supervisor worker',subprocess.Popen,command, deadline=run_deadline if is_s1 else None, stdout=log, stderr=subprocess.STDOUT,
                               start_new_session=True, env=env)
  File "/home/auss/git_repos/samaust/Experiments_4DGS/scripts/vipe_benchmark/s1_helper_session.py", line 1600, in create_owned_process
    observed=predispatch_owned(event)
  File "/home/auss/git_repos/samaust/Experiments_4DGS/scripts/vipe_benchmark/s1_helper_session.py", line 1590, in predispatch_owned
    if observed['total_workers']+1>8:raise ValueError('owned '+event+' dispatch CPU capacity')
                                     ^^^^^^^^^^^^^^^^^^^^^^^^^^^^^^^^^^^^^^^^^^^^^^^^^^^^^^^^^
ValueError: owned supervisor worker dispatch CPU capacity

The above exception was the direct cause of the following exception:

Traceback (most recent call last):
  File "/home/auss/git_repos/samaust/Experiments_4DGS/tests/test_vipe_benchmark_supervisor.py", line 63, in test_native_kernel_caches_stay_in_monitored_attempt_and_override_external_paths
    self.run_worker(code, sample_resources=lambda: dict(artifact_bytes=directory_bytes(self.root)))
    ~~~~~~~~~~~~~~~^^^^^^^^^^^^^^^^^^^^^^^^^^^^^^^^^^^^^^^^^^^^^^^^^^^^^^^^^^^^^^^^^^^^^^^^^^^^^^^^
  File "/home/auss/git_repos/samaust/Experiments_4DGS/tests/test_vipe_benchmark_supervisor.py", line 37, in run_worker
    return supervise(self.ledger, 'prepare', self.command(code), self.root / 'output',
                     evidence={'kind': 'disposable CPU fixture; not a model evaluation'},
                     validate_result=self.validate, poll_seconds=.02, **kwargs)
  File "/home/auss/git_repos/samaust/Experiments_4DGS/scripts/vipe_benchmark/supervisor.py", line 607, in supervise
    raise failure from primary_exception
vipe_benchmark.supervisor.SupervisionFailure: ValueError: owned supervisor worker dispatch CPU capacity

======================================================================
FAIL: test_supervisor_worker_context_and_consumed_cleanup_stop (test_vipe_benchmark_supervisor.HelperIntegrationTests.test_supervisor_worker_context_and_consumed_cleanup_stop)
----------------------------------------------------------------------
Traceback (most recent call last):
  File "/home/auss/git_repos/samaust/Experiments_4DGS/tests/test_vipe_benchmark_supervisor.py", line 1130, in test_supervisor_worker_context_and_consumed_cleanup_stop
    self.assertEqual(len(transported),1)
    ~~~~~~~~~~~~~~~~^^^^^^^^^^^^^^^^^^^^
AssertionError: 0 != 1

======================================================================
FAIL: test_l08_late_owner_retained (test_vipe_benchmark_supervisor.HelperSessionTests.test_l08_late_owner_retained)
----------------------------------------------------------------------
Traceback (most recent call last):
  File "/home/auss/git_repos/samaust/Experiments_4DGS/tests/test_vipe_benchmark_supervisor.py", line 1360, in test_l08_late_owner_retained
    self.assertFalse(session.close(session.cleanup_deadline))
    ~~~~~~~~~~~~~~~~^^^^^^^^^^^^^^^^^^^^^^^^^^^^^^^^^^^^^^^^^
AssertionError: True is not false

======================================================================
FAIL: test_l25_delayed_actual_reserve (test_vipe_benchmark_supervisor.HelperSessionTests.test_l25_delayed_actual_reserve)
----------------------------------------------------------------------
TimeoutError: S1 phase deadline reached
HelperCleanupUncertain: helper cleanup not confirmed
pre-reservation helper cleanup not confirmed

During handling of the above exception, another exception occurred:

Traceback (most recent call last):
  File "/home/auss/git_repos/samaust/Experiments_4DGS/tests/test_vipe_benchmark_supervisor.py", line 1526, in test_l25_delayed_actual_reserve
    def test_l25_delayed_actual_reserve(self): self.admission_rejected('L25',False)
                                               ~~~~~~~~~~~~~~~~~~~~~~~^^^^^^^^^^^^^
  File "/home/auss/git_repos/samaust/Experiments_4DGS/tests/test_vipe_benchmark_supervisor.py", line 1516, in admission_rejected
    with self.assertRaisesRegex(TimeoutError,'setup admission deadline'):
         ~~~~~~~~~~~~~~~~~~~~~~^^^^^^^^^^^^^^^^^^^^^^^^^^^^^^^^^^^^^^^^^
AssertionError: "setup admission deadline" does not match "S1 phase deadline reached"
timing_or_cleanup_check_0: AssertionError: False is not true : {'scenario': 'L25', 'mode': 'normal', 'constructor_entry': 203548.861417279, 'action_cutoff': 203550.861417279, 'safety_cutoff': 203551.861417279, 'constructor_end': 203548.91130793, 't0': 203548.861443366, 'ready_deadline': 203549.011443366, 'setup_deadline': 203549.161443366, 'setup_cleanup_deadline': 203549.361443366, 'action_end': 203549.437623423, 'end': 203549.466428072, 'execution_seconds': 0.5762061440036632, 'cleanup_seconds': 0.028804648987716064, 'cleanup_confirmed': False, 'records': {'work': {'role': 'work', 'state': 'spawning', 'pid': None}, 'sample': {'role': 'sample', 'state': 'pending', 'pid': None}}, 'errors': [{'error_class': 'ValueError', 'message': 'owned Owner.run work dispatch CPU capacity', 'phase': 'startup'}], 'signals': [], 'ticks': [203548.861443366, 203548.913239911, 203548.926516227, 203548.936270987, 203548.941371841, 203548.955151434, 203548.96757091, 203548.972821827, 203548.977991439, 203548.983181475, 203548.989399236, 203548.995101094, 203549.005742816, 203549.010899161, 203549.011508649], 'events': [{'event': 'fixture_spawn_entry', 'role': 'work', 'observed': 203548.881621597, 'ready_deadline': 203549.011443366}], 'trace_facts': {'capacity': 256, 'total': 1, 'dropped': 0, 'saturated': False, 'first': 203548.881623483, 'last': 203548.881623483}, 'tick_facts': {'capacity': 128, 'total': 15, 'dropped': 0, 'saturated': False, 'first': 203548.86144787, 'last': 203549.011509358}, 'owner_error_facts': {'capacity': 32, 'total': 1, 'dropped': 0, 'saturated': False, 'first': 203549.056942139, 'last': 203549.056942139}, 'owner_signal_facts': {'capacity': 128, 'total': 0, 'dropped': 0, 'saturated': False, 'first': None, 'last': None}, 'request_counts': {'work': {'dispatch': 0, 'response': 0}, 'sample': {'dispatch': 0, 'response': 0}}, 'census_request_count': 0, 'max_gap': 0.05179654498351738, 'max_turn': 0.00015916599659249187, 'call_observations': [{'operation': 'tick', 'entered': 203548.913239429, 'deadline': 203549.011443366, 'returned': 203548.913274582, 'confirmed

======================================================================
FAIL: test_l26_equal_actual_reserve (test_vipe_benchmark_supervisor.HelperSessionTests.test_l26_equal_actual_reserve)
----------------------------------------------------------------------
TimeoutError: S1 phase deadline reached
HelperCleanupUncertain: helper cleanup not confirmed
pre-reservation helper cleanup not confirmed

During handling of the above exception, another exception occurred:

Traceback (most recent call last):
  File "/home/auss/git_repos/samaust/Experiments_4DGS/tests/test_vipe_benchmark_supervisor.py", line 1527, in test_l26_equal_actual_reserve
    def test_l26_equal_actual_reserve(self): self.admission_rejected('L26',True)
                                             ~~~~~~~~~~~~~~~~~~~~~~~^^^^^^^^^^^^
  File "/home/auss/git_repos/samaust/Experiments_4DGS/tests/test_vipe_benchmark_supervisor.py", line 1516, in admission_rejected
    with self.assertRaisesRegex(TimeoutError,'setup admission deadline'):
         ~~~~~~~~~~~~~~~~~~~~~~^^^^^^^^^^^^^^^^^^^^^^^^^^^^^^^^^^^^^^^^^
AssertionError: "setup admission deadline" does not match "S1 phase deadline reached"
timing_or_cleanup_check_0: AssertionError: False is not true : {'scenario': 'L26', 'mode': 'normal', 'constructor_entry': 203549.467420956, 'action_cutoff': 203551.467420956, 'safety_cutoff': 203552.467420956, 'constructor_end': 203549.518428264, 't0': 203549.467445201, 'ready_deadline': 203549.617445201, 'setup_deadline': 203549.767445201, 'setup_cleanup_deadline': 203549.967445201, 'action_end': 203549.997189454, 'end': 203550.024775522, 'execution_seconds': 0.52976849800325, 'cleanup_seconds': 0.027586067997617647, 'cleanup_confirmed': False, 'records': {'work': {'role': 'work', 'state': 'spawning', 'pid': None}, 'sample': {'role': 'sample', 'state': 'pending', 'pid': None}}, 'errors': [{'error_class': 'ValueError', 'message': 'owned Owner.run work dispatch CPU capacity', 'phase': 'startup'}], 'signals': [], 'ticks': [203549.467445201, 203549.520314295, 203549.525437349, 203549.530507115, 203549.542453036, 203549.547876804, 203549.553467105, 203549.565298182, 203549.575882029, 203549.580983825, 203549.586081935, 203549.59115498, 203549.596221757, 203549.601363651, 203549.611656991, 203549.621683282], 'events': [{'event': 'fixture_spawn_entry', 'role': 'work', 'observed': 203549.488591155, 'ready_deadline': 203549.617445201}], 'trace_facts': {'capacity': 256, 'total': 1, 'dropped': 0, 'saturated': False, 'first': 203549.488594176, 'last': 203549.488594176}, 'tick_facts': {'capacity': 128, 'total': 16, 'dropped': 0, 'saturated': False, 'first': 203549.467449088, 'last': 203549.621685238}, 'owner_error_facts': {'capacity': 32, 'total': 1, 'dropped': 0, 'saturated': False, 'first': 203549.6954951, 'last': 203549.6954951}, 'owner_signal_facts': {'capacity': 128, 'total': 0, 'dropped': 0, 'saturated': False, 'first': None, 'last': None}, 'request_counts': {'work': {'dispatch': 0, 'response': 0}, 'sample': {'dispatch': 0, 'response': 0}}, 'census_request_count': 0, 'max_gap': 0.05286909398273565, 'max_turn': 5.428999429568648e-05, 'call_observations': [{'operation': 'tick', 'entered': 203549.520313288, 'deadline': 203549.617445201, 'returned': 203549.52035244

======================================================================
FAIL: test_l36_ambiguous_native_start_retained (test_vipe_benchmark_supervisor.HelperSessionTests.test_l36_ambiguous_native_start_retained)
----------------------------------------------------------------------
Traceback (most recent call last):
  File "/home/auss/git_repos/samaust/Experiments_4DGS/tests/test_vipe_benchmark_supervisor.py", line 1737, in test_l36_ambiguous_native_start_retained
    self.assertTrue(acquired)
    ~~~~~~~~~~~~~~~^^^^^^^^^^
AssertionError: [] is not true
L36 secondary: {'operation': 'retire_acquired', 'error_class': 'ValueError', 'message': 'different job handle'}
L36 secondary: {'operation': 'original_cleanup_assertions', 'error_class': 'AssertionError', 'message': 'False is not true'}

======================================================================
FAIL: test_partial_constructor_boundaries (test_vipe_benchmark_supervisor.HelperSessionTests.test_partial_constructor_boundaries)
----------------------------------------------------------------------
Traceback (most recent call last):
  File "/home/auss/git_repos/samaust/Experiments_4DGS/tests/test_vipe_benchmark_supervisor.py", line 4211, in test_partial_constructor_boundaries
    self.assertTrue(life.reap(start+.1));self.assertTrue(current.close(start+.1))
    ~~~~~~~~~~~~~~~^^^^^^^^^^^^^^^^^^^^^
AssertionError: False is not true

======================================================================
FAIL: test_progress_plan046_launch_deadline (test_vipe_benchmark_supervisor.HelperSessionTests.test_progress_plan046_launch_deadline) (kind='before', offset=-0.001)
----------------------------------------------------------------------
Traceback (most recent call last):
  File "/home/auss/git_repos/samaust/Experiments_4DGS/tests/test_vipe_benchmark_supervisor.py", line 2261, in test_progress_plan046_launch_deadline
    self.assertEqual(len(started),1 if case['kind']=='before' else 0)
    ~~~~~~~~~~~~~~~~^^^^^^^^^^^^^^^^^^^^^^^^^^^^^^^^^^^^^^^^^^^^^^^^^
AssertionError: 0 != 1

======================================================================
FAIL: test_progress_plan047_deadline_steps (test_vipe_benchmark_supervisor.HelperSessionTests.test_progress_plan047_deadline_steps) (operation='worker_popen', when='before')
----------------------------------------------------------------------
Traceback (most recent call last):
  File "/home/auss/git_repos/samaust/Experiments_4DGS/tests/test_vipe_benchmark_supervisor.py", line 3851, in test_progress_plan047_deadline_steps
    self.assertEqual(len(started),0 if expected_late else 1);observed=outcome['error']
    ~~~~~~~~~~~~~~~~^^^^^^^^^^^^^^^^^^^^^^^^^^^^^^^^^^^^^^^^
AssertionError: 0 != 1

======================================================================
FAIL: test_progress_plan047_deadline_steps (test_vipe_benchmark_supervisor.HelperSessionTests.test_progress_plan047_deadline_steps) (operation='worker_popen', when='equal')
----------------------------------------------------------------------
Traceback (most recent call last):
  File "/home/auss/git_repos/samaust/Experiments_4DGS/tests/test_vipe_benchmark_supervisor.py", line 3904, in test_progress_plan047_deadline_steps
    self.assertIn(name,before_controls)
    ~~~~~~~~~~~~~^^^^^^^^^^^^^^^^^^^^^^
AssertionError: 'worker_popen' not found in {'checkpoint_write': {'spec': {'target': {'operation': 'write', 'stage': 'write', 'phase': 'checkpoint'}, 'successor': {'operation': 'flush', 'stage': 'flush', 'phase': 'checkpoint'}}, 'target': [{'role': 'target', 'operation': 'write', 'stage': 'write', 'entered': 207132.235471605, 'completed': True, 'exited': 207132.235471605}], 'successor': [{'role': 'successor', 'operation': 'flush', 'stage': 'flush', 'entered': 207132.235471605, 'completed': True, 'exited': 207132.235471605}], 'predecessor': {'operation': 'checkpoint/fdopen', 'entered_before': 203562.329880332, 'returned_at': 207132.235471605}}, 'checkpoint_flush': {'spec': {'target': {'operation': 'flush', 'stage': 'flush', 'phase': 'checkpoint'}, 'successor': {'operation': 'fsync', 'stage': 'file_fsync', 'phase': 'checkpoint'}}, 'target': [{'role': 'target', 'operation': 'flush', 'stage': 'flush', 'entered': 207132.540684214, 'completed': True, 'exited': 207132.540684214}], 'successor': [{'role': 'successor', 'operation': 'fsync', 'stage': 'file_fsync', 'entered': 207132.540684214, 'completed': True, 'exited': 207132.540684214}], 'predecessor': {'operation': 'write/write', 'entered_before': 203562.638573437, 'returned_at': 207132.540684214}}, 'checkpoint_fsync': {'spec': {'target': {'operation': 'fsync', 'stage': 'file_fsync', 'phase': 'checkpoint'}, 'successor': {'operation': 'close', 'stage': 'close', 'phase': 'checkpoint'}}, 'target': [{'role': 'target', 'operation': 'fsync', 'stage': 'file_fsync', 'entered': 207132.844430683, 'completed': True, 'exited': 207132.844430683}], 'successor': [{'role': 'successor', 'operation': 'close', 'stage': 'close', 'entered': 207132.844430683, 'completed': True, 'exited': 207132.844430683}], 'predecessor': {'operation': 'flush/flush', 'entered_before': 203562.943991015, 'returned_at': 207132.844430683}}, 'checkpoint_close': {'spec': {'target': {'operation': 'close', 'stage': 'close', 'phase': 'checkpoint'}, 'successor': {'operation': 'read_bytes', 'stage': 'close_readback', 'phase': 'checkpoint'}}, 'target': [{'role': 'target', 'operation': 'close', 'stage': 'close', 'entered': 207133.15417908502, 'completed': True, 'exited': 207133.15417908502}], 'successor': [{'role': 'successor', 'operation': 'read_bytes', 'stage': 'close_readback', 'entered': 207133.15417908502, 'completed': True, 'exited': 207133.15417908502}], 'predecessor': {'operation': 'file_fsync/fsync', 'entered_before': 203563.250124264, 'returned_at': 207133.15417908502}}, 'checkpoint_readback': {'spec': {'target': {'operation': 'read_bytes', 'stage': 'close_readback', 'phase': 'checkpoint'}, 'successor': {'operation': 'record', 'stage': 'close_readback', 'phase': 'checkpoint'}}, 'target': [{'role': 'target', 'operation': 'read_bytes', 'stage': 'close_readback', 'entered': 207133.45635026201, 'completed': True, 'exited': 207133.45635026201}], 'successor': [{'role': 'successor', 'operation': 'record', 'stage': 'close_readback', 'entered': 207133.45635026201, 'completed': True, 'exited': 207133.45635026201}], 'predecessor': {'operation': 'close/close', 'entered_before': 203563.549486129, 'returned_at': 207133.45635026201}}, 'head_write': {'spec': {'target': {'operation': 'write', 'stage': 'write', 'phase': 'head'}, 'successor': {'operation': 'flush', 'stage': 'flush', 'phase': 'head'}}, 'target': [{'role': 'target', 'operation': 'write', 'stage': 'write', 'entered': 207133.762671645, 'completed': True, 'exited': 207133.762671645}], 'successor': [{'role': 'successor', 'operation': 'flush', 'stage': 'flush', 'entered': 207133.762671645, 'completed': True, 'exited': 207133.762671645}], 'predecessor': {'operation': 'head/fdopen', 'entered_before': 203563.860530454, 'returned_at': 207133.762671645}}, 'head_flush': {'spec': {'target': {'operation': 'flush', 'stage': 'flush', 'phase': 'head'}, 'successor': {'operation': 'fsync', 'stage': 'file_fsync', 'phase': 'head'}}, 'target': [{'role': 'target', 'operation': 'flush', 'stage': 'flush', 'entered': 207134.098226789, 'completed': True, 'exited': 207134.098226789}], 'successor': [{'role': 'successor', 'operation': 'fsync', 'stage': 'file_fsync', 'entered': 207134.098226789, 'completed': True, 'exited': 207134.098226789}], 'predecessor': {'operation': 'write/write', 'entered_before': 203564.195253392, 'returned_at': 207134.098226789}}, 'head_fsync': {'spec': {'target': {'operation': 'fsync', 'stage': 'file_fsync', 'phase': 'head'}, 'successor': {'operation': 'close', 'stage': 'close', 'phase': 'head'}}, 'target': [{'role': 'target', 'operation': 'fsync', 'stage': 'file_fsync', 'entered': 207134.41441002802, 'completed': True, 'exited': 207134.41441002802}], 'successor': [{'role': 'successor', 'operation': 'close', 'stage': 'close', 'entered': 207134.41441002802, 'completed': True, 'exited': 207134.41441002802}], 'predecessor': {'operation': 'flush/flush', 'entered_before': 203564.519812052, 'returned_at': 207134.41441002802}}, 'head_close': {'spec': {'target': {'operation': 'close', 'stage': 'close', 'phase': 'head'}, 'successor': {'operation': 'read_bytes', 'stage': 'close_readback', 'phase': 'head'}}, 'target': [{'role': 'target', 'operation': 'close', 'stage': 'close', 'entered': 207134.75196661, 'completed': True, 'exited': 207134.75196661}], 'successor': [{'role': 'successor', 'operation': 'read_bytes', 'stage': 'close_readback', 'entered': 207134.75196661, 'completed': True, 'exited': 207134.75196661}], 'predecessor': {'operation': 'file_fsync/fsync', 'entered_before': 203564.851227624, 'returned_at': 207134.75196661}}, 'head_readback': {'spec': {'target': {'operation': 'read_bytes', 'stage': 'close_readback', 'phase': 'head'}, 'successor': {'operation': 'record', 'stage': 'close_readback', 'phase': 'head'}}, 'target': [{'role': 'target', 'operation': 'read_bytes', 'stage': 'close_readback', 'entered': 207135.071353297, 'completed': True, 'exited': 207135.071353297}], 'successor': [{'role': 'successor', 'operation': 'record', 'stage': 'close_readback', 'entered': 207135.071353297, 'completed': True, 'exited': 207135.071353297}], 'predecessor': {'operation': 'close/close', 'entered_before': 203565.166536192, 'returned_at': 207135.071353297}}, 'generation_install': {'spec': {'target': {'module': 'os', 'operation': 'link'}, 'successor': {'module': 'os', 'operation': 'unlink'}}, 'target': [{'role': 'target', 'operation': 'link', 'entered': 207135.385443475, 'stage': 'generation_install', 'completed': True, 'exited': 207135.385443475}], 'successor': [{'role': 'successor', 'operation': 'unlink', 'entered': 207135.385443475, 'stage': 'generation_install', 'completed': True, 'exited': 207135.385443475}], 'predecessor': {'operation': '/tmp/tmpgjtc3uxs/30/jobs/S1-progress-a9892cc15b3e4528b4c9fc1a155137e6/worker/checkpoint.tmp/durable_write_return', 'entered_before': 203565.483074687, 'returned_at': 207135.385443475}}, 'generation_dir_fsync': {'spec': {'target': {'module': 'vipe_benchmark.s1_progress', 'operation': 'fsync_dir'}, 'successor': {'module': 'vipe_benchmark.s1_progress', 'operation': 'record'}}, 'target': [{'role': 'target', 'operation': 'fsync_dir', 'entered': 207135.696429711, 'stage': 'generation_directory_fsync', 'completed': True, 'exited': 207135.696429711}], 'successor': [{'role': 'successor', 'operation': 'record', 'entered': 207135.696429711, 'stage': 'generation_directory_fsync', 'completed': True, 'exited': 207135.696429711}], 'predecessor': {'operation': 'generation_install/unlink', 'entered_before': 203565.792020386, 'returned_at': 207135.696429711}}, 'generation_reopen_hash': {'spec': {'target': {'module': 'vipe_benchmark.s1_progress', 'operation': 'read_record'}, 'successor': {'module': 'vipe_benchmark.s1_progress', 'operation': 'encode'}}, 'target': [{'role': 'target', 'operation': 'read_record', 'entered': 207136.005424491, 'stage': 'generation_reopen_hash', 'completed': True, 'exited': 207136.005424491}], 'successor': [{'role': 'successor', 'operation': 'encode', 'entered': 207136.005424491, 'stage': 'generation_reopen_hash', 'completed': True, 'exited': 207136.005424491}], 'predecessor': {'operation': 'generation_directory_fsync/record', 'entered_before': 203566.106945558, 'returned_at': 207136.005424491}}, 'head_install': {'spec': {'target': {'module': 'os', 'operation': 'replace'}, 'successor': {'module': 'vipe_benchmark.s1_progress', 'operation': 'fsync_dir'}}, 'target': [{'role': 'target', 'operation': 'replace', 'entered': 207136.32107252302, 'stage': 'head_install', 'completed': True, 'exited': 207136.32107252302}], 'successor': [{'role': 'successor', 'operation': 'fsync_dir', 'entered': 207136.32107252302, 'stage': 'head_directory_fsync', 'completed': True, 'exited': 207136.32107252302}], 'predecessor': {'operation': '/tmp/tmpgjtc3uxs/39/jobs/S1-progress-ea5eba27ab114a31ba6958447e65aa77/worker/head.tmp/durable_write_return', 'entered_before': 203566.420533271, 'returned_at': 207136.32107252302}}, 'head_dir_fsync': {'spec': {'target': {'module': 'vipe_benchmark.s1_progress', 'operation': 'fsync_dir'}, 'successor': {'module': 'vipe_benchmark.s1_progress', 'operation': 'record'}}, 'target': [{'role': 'target', 'operation': 'fsync_dir', 'entered': 207136.644750484, 'stage': 'head_directory_fsync', 'completed': True, 'exited': 207136.644750484}], 'successor': [{'role': 'successor', 'operation': 'record', 'entered': 207136.644750484, 'stage': 'head_directory_fsync', 'completed': True, 'exited': 207136.644750484}], 'predecessor': {'operation': 'head_install/replace', 'entered_before': 203566.737570444, 'returned_at': 207136.644750484}}, 'final_head_read': {'spec': {'target': {'module': 'vipe_benchmark.s1_progress', 'operation': 'read_record'}, 'successor': {'module': 'vipe_benchmark.s1_progress', 'operation': 'read_record'}}, 'target': [{'role': 'target', 'operation': 'read_record', 'entered': 207136.964448165, 'stage': 'final_head_read', 'completed': True, 'exited': 207136.964448165}], 'successor': [{'role': 'successor', 'operation': 'read_record', 'entered': 207136.964448165, 'stage': 'final_generation_read', 'completed': True, 'exited': 207136.964448165}], 'predecessor': {'operation': 'head_directory_fsync/record', 'entered_before': 203567.064479405, 'returned_at': 207136.964448165}}, 'final_generation_read': {'spec': {'target': {'module': 'vipe_benchmark.s1_progress', 'operation': 'read_record'}, 'successor': {'module': 'vipe_benchmark.s1_progress', 'operation': 'encode'}}, 'target': [{'role': 'target', 'operation': 'read_record', 'entered': 207137.313198159, 'stage': 'final_generation_read', 'completed': True, 'exited': 207137.313198159}], 'successor': [{'role': 'successor', 'operation': 'encode', 'entered': 207137.313198159, 'stage': 'final_generation_read', 'completed': True, 'exited': 207137.313198159}], 'predecessor': {'operation': 'final_head_read/read_record', 'entered_before': 203567.41580841, 'returned_at': 207137.313198159}}, 'notice_send': {'spec': {'target': {'operation': 'publisher.sendto'}, 'successor': {'module': 'vipe_benchmark.s1_progress', 'operation': 'receive'}}, 'target': [{'role': 'target', 'operation': 'sendto', 'entered': 207137.63848737502, 'stage': 'notice_send', 'completed': True, 'exited': 207137.63848737502}], 'successor': [{'role': 'successor', 'operation': 'receive', 'entered': 207137.63848737502, 'stage': 'notice_receive', 'completed': True, 'exited': 207137.63848737502}, {'role': 'successor', 'operation': 'receive', 'entered': 207137.63848737502, 'stage': 'ack_receipt', 'completed': True, 'exited': 207137.63848737502}], 'predecessor': {'operation': 's1-progress-notice/v1/encode', 'entered_before': 207137.389487375, 'returned_at': 207137.63848737502}}, 'owner_retention': {'spec': {'target': {'module': 'RetainedProgress', 'operation': 'acknowledge'}, 'successor': {'module': 'RetainedProgress', 'operation': 'retain'}}, 'target': [{'role': 'target', 'operation': 'acknowledge', 'entered': 207137.959450981, 'stage': 'retention:after', 'completed': True, 'exited': 207137.959450981}], 'successor': [{'role': 'successor', 'operation': 'retain', 'entered': 207137.959450981, 'stage': 'retention:after', 'completed': True, 'exited': 207137.959450981}], 'predecessor': {'operation': 's1-progress-ack/v1/encode', 'entered_before': 207137.710450981, 'returned_at': 207137.959450981}}, 'ack_send': {'spec': {'target': {'operation': 'owner.sendto'}, 'successor': {'module': 'vipe_benchmark.s1_progress', 'operation': 'receive'}}, 'target': [{'role': 'target', 'operation': 'sendto', 'entered': 207138.286704733, 'stage': 'ack_send', 'completed': True, 'exited': 207138.286704733}], 'successor': [{'role': 'successor', 'operation': 'receive', 'entered': 207138.286704733, 'stage': 'ack_receipt', 'completed': True, 'exited': 207138.286704733}], 'predecessor': {'operation': 'RetainedProgress.retain', 'entered_before': 207138.037704733, 'returned_at': 207138.286704733}}, 'ack_receipt': {'spec': {'target': {'operation': 'ack_correlation', 'stage': 'ack_receipt:after'}, 'successor': {'operation': 'Publisher._publish diagnostics encode', 'stage': 'ack_receipt:after', 'after_target': True}, 'unrelated': {'operation': 'encode', 'classification': 'separately_recorded_not_successor'}}, 'target': [{'role': 'target', 'operation': 'ack_correlation', 'entered': 207138.613801246, 'stage': 'ack_receipt:after', 'completed': True, 'exited': 207138.613801246}], 'successor': [{'role': 'successor', 'operation': 'encode', 'stage': 'ack_receipt:after', 'publisher_diagnostics': True, 'after_target': True, 'entered': 207138.613801246, 'completed': True, 'exited': 207138.613801246}], 'predecessor': {'operation': 'matching_ack_receive', 'entered_before': 207138.364801246, 'returned_at': 207138.613801246}}, 'array_npy': {'spec': {'target': {'module': 'numpy', 'operation': 'save'}, 'successor': {'module': 'DeadlineSink', 'operation': 'write'}}, 'target': [{'role': 'target', 'operation': 'save', 'entered': 207138.94670547702, 'stage': '', 'completed': True, 'exited': 207138.94670547702}], 'successor': [{'role': 'successor', 'operation': 'write', 'entered': 207138.94670547702, 'stage': '', 'completed': True, 'exited': 207138.94670547702}, {'role': 'successor', 'operation': 'write', 'entered': 207138.94670547702, 'stage': '', 'completed': True, 'exited': 207138.94670547702}], 'predecessor': {'operation': 'array_unbuffered_open_return', 'entered_before': 203569.049410793, 'returned_at': 207138.94670547702}}, 'array_png': {'spec': {'target': {'module': 'cv2', 'operation': 'imencode'}, 'successor': {'module': 'vipe_benchmark.s1_progress', 'operation': 'write_exclusive'}}, 'target': [{'role': 'target', 'operation': 'imencode', 'entered': 207139.262218343, 'stage': '', 'completed': True, 'exited': 207139.262218343}], 'successor': [{'role': 'successor', 'operation': 'write_exclusive', 'entered': 207139.262218343, 'stage': '', 'completed': True, 'exited': 207139.262218343}], 'predecessor': {'operation': 'png_destination_stat_return', 'entered_before': 203569.365964183, 'returned_at': 207139.262218343}}, 'npz_member': {'spec': {'target': {'module': 'ZipFile', 'operation': 'open'}, 'successor': {'module': 'numpy.lib.format', 'operation': 'write_array'}}, 'target': [{'role': 'target', 'operation': 'open', 'entered': 207139.578986675, 'stage': '', 'completed': True, 'exited': 207139.578986675}], 'successor': [{'role': 'successor', 'operation': 'write_array', 'entered': 207139.578986675, 'stage': '', 'completed': True, 'exited': 207139.578986675}], 'predecessor': {'operation': 'second_npz_array_conversion_return_before_member_open', 'entered_before': 203569.681533967, 'returned_at': 207139.578986675}}, 'npz_finalize': {'spec': {'target': {'module': 'ZipFile', 'operation': 'close'}, 'successor': {'module': 'DeadlineSink', 'operation': 'write'}}, 'target': [{'role': 'target', 'operation': 'close', 'entered': 207139.885937431, 'stage': '', 'completed': True, 'exited': 207139.885937431}], 'successor': [{'role': 'successor', 'operation': 'write', 'entered': 207139.885937431, 'stage': '', 'completed': True, 'exited': 207139.885937431}, {'role': 'successor', 'operation': 'write', 'entered': 207139.885937431, 'stage': '', 'completed': True, 'exited': 207139.885937431}, {'role': 'successor', 'operation': 'write', 'entered': 207139.885937431, 'stage': '', 'completed': True, 'exited': 207139.885937431}, {'role': 'successor', 'operation': 'write', 'entered': 207139.885937431, 'stage': '', 'completed': True, 'exited': 207139.885937431}, {'role': 'successor', 'operation': 'write', 'entered': 207139.885937431, 'stage': '', 'completed': True, 'exited': 207139.885937431}, {'role': 'successor', 'operation': 'write', 'entered': 207139.885937431, 'stage': '', 'completed': True, 'exited': 207139.885937431}, {'role': 'successor', 'operation': 'write', 'entered': 207139.885937431, 'stage': '', 'completed': True, 'exited': 207139.885937431}, {'role': 'successor', 'operation': 'write', 'entered': 207139.885937431, 'stage': '', 'completed': True, 'exited': 207139.885937431}, {'role': 'successor', 'operation': 'write', 'entered': 207139.885937431, 'stage': '', 'completed': True, 'exited': 207139.885937431}, {'role': 'successor', 'operation': 'write', 'entered': 207139.885937431, 'stage': '', 'completed': True, 'exited': 207139.885937431}], 'predecessor': {'operation': 'npz_member_2_close_return', 'entered_before': 203570.013350491, 'returned_at': 207139.885937431}}, 'array_hash': {'spec': {'target': {'module': 'vipe_benchmark.s1_progress', 'operation': 'checked_file_record'}, 'successor': {'module': 'vipe_benchmark.s1_progress', 'operation': 'read_bytes'}}, 'target': [{'role': 'target', 'operation': 'checked_file_record', 'entered': 207140.21153057402, 'stage': '', 'completed': True, 'exited': 207140.21153057402}], 'successor': [{'role': 'successor', 'operation': 'read_bytes', 'entered': 207140.21153057402, 'stage': '', 'completed': True, 'exited': 207140.21153057402}], 'predecessor': {'operation': 'array_normal_close_return_before_hash', 'entered_before': 203570.304667955, 'returned_at': 207140.21153057402}}, 'produced_json': {'spec': {'target': {'module': 'vipe_benchmark.s1_progress', 'operation': 'encode'}, 'successor': {'module': 'vipe_benchmark.s1_progress', 'operation': 'write_exclusive'}}, 'target': [{'role': 'target', 'operation': 'encode', 'entered': 207140.50291717102, 'stage': '', 'completed': True, 'exited': 207140.50291717102}, {'role': 'target', 'operation': 'encode', 'entered': 207140.50291717102, 'stage': '', 'completed': True, 'exited': 207140.50291717102}, {'role': 'target', 'operation': 'encode', 'entered': 207140.50291717102, 'stage': '', 'completed': True, 'exited': 207140.50291717102}, {'role': 'target', 'operation': 'encode', 'entered': 207140.50291717102, 'stage': '', 'completed': True, 'exited': 207140.50291717102}], 'successor': [{'role': 'successor', 'operation': 'write_exclusive', 'entered': 207140.50291717102, 'stage': '', 'completed': True, 'exited': 207140.50291717102}], 'predecessor': {'operation': 'input_manifest_read_and_parse_return', 'entered_before': 203570.598539509, 'returned_at': 207140.50291717102}}, 'produced_read': {'spec': {'target': {'module': 'vipe_benchmark.s1_progress', 'operation': 'read_record'}, 'successor': {'module': 'vipe_benchmark.s1_evidence', 'operation': 'produced_row'}}, 'target': [{'role': 'target', 'operation': 'read_record', 'entered': 207140.92340050102, 'stage': '', 'completed': True, 'exited': 207140.92340050102}], 'successor': [{'role': 'successor', 'operation': 'produced_row', 'entered': 207140.92340050102, 'stage': '', 'completed': True, 'exited': 207140.92340050102}], 'predecessor': {'operation': 'produced_row_durable_write_return', 'entered_before': 203571.024293425, 'returned_at': 207140.92340050102}}, 'produced_guard': {'spec': {'target': {'module': 'vipe_benchmark.s1_evidence', 'operation': 'produced_row'}, 'successor': {'module': 'Publisher', 'operation': 'seal'}}, 'target': [{'role': 'target', 'operation': 'produced_row', 'entered': 207141.344032764, 'stage': '', 'completed': True, 'exited': 207141.344032764}], 'successor': [{'role': 'successor', 'operation': 'seal', 'entered': 207141.344032764, 'stage': '', 'completed': True, 'exited': 207141.344032764}, {'role': 'successor', 'operation': 'seal', 'entered': 207141.344032764, 'stage': '', 'completed': True, 'exited': 207141.344032764}], 'predecessor': {'operation': 'produced_row_read_hash_parse_return', 'entered_before': 203571.44163551, 'returned_at': 207141.344032764}}, 'qualified_guard': {'spec': {'target': {'module': 'vipe_benchmark.s1_evidence', 'operation': 'qualify_row'}, 'successor': {'module': 'vipe_benchmark.s1_progress', 'operation': 'write_exclusive'}}, 'target': [{'role': 'target', 'operation': 'qualify_row', 'entered': 207141.755290823, 'stage': '', 'completed': True, 'exited': 207141.755290823}], 'successor': [{'role': 'successor', 'operation': 'write_exclusive', 'entered': 207141.755290823, 'stage': '', 'completed': True, 'exited': 207141.755290823}], 'predecessor': {'operation': 'produced_guard_seal_ack_return', 'entered_before': 203571.850473646, 'returned_at': 207141.755290823}}, 'first_guard': {'spec': {'target': {'module': 'vipe_benchmark.s1_evidence', 'operation': 'verify_first'}, 'successor': {'module': 'vipe_benchmark.s1_evidence', 'operation': 'qualify_runtime'}}, 'target': [{'role': 'target', 'operation': 'verify_first', 'entered': 207142.23068681502, 'stage': '', 'completed': True, 'exited': 207142.23068681502}], 'successor': [{'role': 'successor', 'operation': 'qualify_runtime', 'entered': 207142.23068681502, 'stage': '', 'completed': True, 'exited': 207142.23068681502}], 'predecessor': {'operation': 'first_metadata_read_parse_return', 'entered_before': 203572.324711725, 'returned_at': 207142.23068681502}}, 'runtime_guard': {'spec': {'target': {'module': 'vipe_benchmark.s1_evidence', 'operation': 'qualify_runtime'}, 'successor': {'module': 'vipe_benchmark.s1_recovery', 'operation': 'strict_record'}}, 'target': [{'role': 'target', 'operation': 'qualify_runtime', 'entered': 207143.33695863, 'stage': '', 'completed': True, 'exited': 207143.33695863}], 'successor': [{'role': 'successor', 'operation': 'strict_record', 'entered': 207143.33695863, 'stage': '', 'completed': True, 'exited': 207143.33695863}, {'role': 'successor', 'operation': 'strict_record', 'entered': 207143.33695863, 'stage': '', 'completed': True, 'exited': 207143.33695863}, {'role': 'successor', 'operation': 'strict_record', 'entered': 207143.33695863, 'stage': '', 'completed': True, 'exited': 207143.33695863}, {'role': 'successor', 'operation': 'strict_record', 'entered': 207143.33695863, 'stage': '', 'completed': True, 'exited': 207143.33695863}, {'role': 'successor', 'operation': 'strict_record', 'entered': 207143.33695863, 'stage': '', 'completed': True, 'exited': 207143.33695863}, {'role': 'successor', 'operation': 'strict_record', 'entered': 207143.33695863, 'stage': '', 'completed': True, 'exited': 207143.33695863}, {'role': 'successor', 'operation': 'strict_record', 'entered': 207143.33695863, 'stage': '', 'completed': True, 'exited': 207143.33695863}, {'role': 'successor', 'operation': 'strict_record', 'entered': 207143.33695863, 'stage': '', 'completed': True, 'exited': 207143.33695863}, {'role': 'successor', 'operation': 'strict_record', 'entered': 207143.33695863, 'stage': '', 'completed': True, 'exited': 207143.33695863}, {'role': 'successor', 'operation': 'strict_record', 'entered': 207143.33695863, 'stage': '', 'completed': True, 'exited': 207143.33695863}, {'role': 'successor', 'operation': 'strict_record', 'entered': 207143.33695863, 'stage': '', 'completed': True, 'exited': 207143.33695863}, {'role': 'successor', 'operation': 'strict_record', 'entered': 207143.33695863, 'stage': '', 'completed': True, 'exited': 207143.33695863}, {'role': 'successor', 'operation': 'strict_record', 'entered': 207143.33695863, 'stage': '', 'completed': True, 'exited': 207143.33695863}, {'role': 'successor', 'operation': 'strict_record', 'entered': 207143.33695863, 'stage': '', 'completed': True, 'exited': 207143.33695863}, {'role': 'successor', 'operation': 'strict_record', 'entered': 207143.33695863, 'stage': '', 'completed': True, 'exited': 207143.33695863}, {'role': 'successor', 'operation': 'strict_record', 'entered': 207143.33695863, 'stage': '', 'completed': True, 'exited': 207143.33695863}, {'role': 'successor', 'operation': 'strict_record', 'entered': 207143.33695863, 'stage': '', 'completed': True, 'exited': 207143.33695863}, {'role': 'successor', 'operation': 'strict_record', 'entered': 207143.33695863, 'stage': '', 'completed': True, 'exited': 207143.33695863}, {'role': 'successor', 'operation': 'strict_record', 'entered': 207143.33695863, 'stage': '', 'completed': True, 'exited': 207143.33695863}, {'role': 'successor', 'operation': 'strict_record', 'entered': 207143.33695863, 'stage': '', 'completed': True, 'exited': 207143.33695863}, {'role': 'successor', 'operation': 'strict_record', 'entered': 207143.33695863, 'stage': '', 'completed': True, 'exited': 207143.33695863}, {'role': 'successor', 'operation': 'strict_record', 'entered': 207143.33695863, 'stage': '', 'completed': True, 'exited': 207143.33695863}, {'role': 'successor', 'operation': 'strict_record', 'entered': 207143.33695863, 'stage': '', 'completed': True, 'exited': 207143.33695863}, {'role': 'successor', 'operation': 'strict_record', 'entered': 207143.33695863, 'stage': '', 'completed': True, 'exited': 207143.33695863}, {'role': 'successor', 'operation': 'strict_record', 'entered': 207143.33695863, 'stage': '', 'completed': True, 'exited': 207143.33695863}], 'predecessor': {'operation': 'runtime_metadata_read_parse_return', 'entered_before': 203573.43784571, 'returned_at': 207143.33695863}}, 'reuse_after_read': {'spec': {'target': {'module': 'vipe_benchmark.s1_evidence', 'operation': 'verify_first'}, 'successor': {'module': 'vipe_benchmark.s1_evidence', 'operation': 'qualify_runtime'}}, 'target': [{'role': 'target', 'operation': 'verify_first', 'entered': 207143.820022355, 'stage': '', 'completed': True, 'exited': 207143.820022355}, {'role': 'target', 'operation': 'verify_first', 'entered': 207143.820022355, 'stage': '', 'completed': True, 'exited': 207143.820022355}], 'successor': [{'role': 'successor', 'operation': 'qualify_runtime', 'entered': 207143.820022355, 'stage': '', 'completed': True, 'exited': 207143.820022355}, {'role': 'successor', 'operation': 'qualify_runtime', 'entered': 207143.820022355, 'stage': '', 'completed': True, 'exited': 207143.820022355}], 'predecessor': {'operation': 'first_metadata_read_parse_return', 'entered_before': 203573.913492383, 'returned_at': 207143.820022355}}, 'cleanup_next_array': {'spec': {'target': {'module': 'numpy', 'operation': 'asanyarray'}, 'successor': {'module': 'ZipFile', 'operation': 'open'}}, 'target': [{'role': 'target', 'operation': 'asanyarray', 'entered': 207144.905138712, 'stage': '', 'completed': True, 'exited': 207144.905138712}], 'successor': [{'role': 'successor', 'operation': 'open', 'entered': 207144.905138712, 'stage': '', 'completed': True, 'exited': 207144.905138712}], 'predecessor': {'operation': 'npz_member_1_close_return', 'entered_before': 203575.002119108, 'returned_at': 207144.905138712}}, 'accept_after_read': {'spec': {'target': {'module': 'vipe_benchmark.s1_evidence', 'operation': 'validate_result'}, 'successor': {'module': 'vipe_benchmark.s1_evidence', 'operation': 'verify_first'}}, 'target': [{'role': 'target', 'operation': 'validate_result', 'entered': 207145.67238134102, 'stage': '', 'completed': True, 'exited': 207145.67238134102}], 'successor': [{'role': 'successor', 'operation': 'verify_first', 'entered': 207145.67238134102, 'stage': '', 'completed': True, 'exited': 207145.67238134102}], 'predecessor': {'operation': 'accepted_request_read_parse_return', 'entered_before': 203575.309930288, 'returned_at': 207145.67238134102}}, 'complete_after_read': {'spec': {'target': {'module': 'vipe_benchmark.s1_evidence', 'operation': 'evidence_counts'}, 'successor': {'module': 'vipe_benchmark.s1_evidence', 'operation': 'qualify_runtime'}}, 'target': [{'role': 'target', 'operation': 'evidence_counts', 'entered': 207145.67238134102, 'stage': '', 'completed': True, 'exited': 207145.67238134102}], 'successor': [{'role': 'successor', 'operation': 'qualify_runtime', 'entered': 207145.67238134102, 'stage': '', 'completed': True, 'exited': 207145.67238134102}, {'role': 'successor', 'operation': 'qualify_runtime', 'entered': 207145.67238134102, 'stage': '', 'completed': True, 'exited': 207145.67238134102}], 'predecessor': {'operation': 'acceptance_metadata_read_parse_return', 'entered_before': 203598.551471541, 'returned_at': 207145.67238134102}}, 'next_input': {'spec': {'target': {'operation': 'load_rgb(frame62)'}, 'successor': {'operation': 'frame62 valid/native/raw'}}, 'target': [{'operation': 'load_rgb(frame62)', 'entered': 203716.21005700302, 'completed': True, 'exited': 203716.21005700302}], 'successor': [{'operation': 'frame62_valid_array', 'entered': 203716.21005700302, 'record': {'path': '/tmp/tmp84umkony/valid.npy', 'sha256': 'a67cf6012a57f3530aeb9524b85e40171bfb0fcdaa6dbc66e95356a30dcfc6a3', 'bytes': 518528}, 'context': 'second_input_validation'}], 'predecessor': {'operation': 'segment_frame50_print_return_before_frame62', 'entered_before': 203649.711057003, 'returned_at': 203716.21005700302}}}

======================================================================
FAIL: test_progress_plan047_deadline_steps (test_vipe_benchmark_supervisor.HelperSessionTests.test_progress_plan047_deadline_steps) (operation='worker_popen', when='after')
----------------------------------------------------------------------
Traceback (most recent call last):
  File "/home/auss/git_repos/samaust/Experiments_4DGS/tests/test_vipe_benchmark_supervisor.py", line 3904, in test_progress_plan047_deadline_steps
    self.assertIn(name,before_controls)
    ~~~~~~~~~~~~~^^^^^^^^^^^^^^^^^^^^^^
AssertionError: 'worker_popen' not found in {'checkpoint_write': {'spec': {'target': {'operation': 'write', 'stage': 'write', 'phase': 'checkpoint'}, 'successor': {'operation': 'flush', 'stage': 'flush', 'phase': 'checkpoint'}}, 'target': [{'role': 'target', 'operation': 'write', 'stage': 'write', 'entered': 207132.235471605, 'completed': True, 'exited': 207132.235471605}], 'successor': [{'role': 'successor', 'operation': 'flush', 'stage': 'flush', 'entered': 207132.235471605, 'completed': True, 'exited': 207132.235471605}], 'predecessor': {'operation': 'checkpoint/fdopen', 'entered_before': 203562.329880332, 'returned_at': 207132.235471605}}, 'checkpoint_flush': {'spec': {'target': {'operation': 'flush', 'stage': 'flush', 'phase': 'checkpoint'}, 'successor': {'operation': 'fsync', 'stage': 'file_fsync', 'phase': 'checkpoint'}}, 'target': [{'role': 'target', 'operation': 'flush', 'stage': 'flush', 'entered': 207132.540684214, 'completed': True, 'exited': 207132.540684214}], 'successor': [{'role': 'successor', 'operation': 'fsync', 'stage': 'file_fsync', 'entered': 207132.540684214, 'completed': True, 'exited': 207132.540684214}], 'predecessor': {'operation': 'write/write', 'entered_before': 203562.638573437, 'returned_at': 207132.540684214}}, 'checkpoint_fsync': {'spec': {'target': {'operation': 'fsync', 'stage': 'file_fsync', 'phase': 'checkpoint'}, 'successor': {'operation': 'close', 'stage': 'close', 'phase': 'checkpoint'}}, 'target': [{'role': 'target', 'operation': 'fsync', 'stage': 'file_fsync', 'entered': 207132.844430683, 'completed': True, 'exited': 207132.844430683}], 'successor': [{'role': 'successor', 'operation': 'close', 'stage': 'close', 'entered': 207132.844430683, 'completed': True, 'exited': 207132.844430683}], 'predecessor': {'operation': 'flush/flush', 'entered_before': 203562.943991015, 'returned_at': 207132.844430683}}, 'checkpoint_close': {'spec': {'target': {'operation': 'close', 'stage': 'close', 'phase': 'checkpoint'}, 'successor': {'operation': 'read_bytes', 'stage': 'close_readback', 'phase': 'checkpoint'}}, 'target': [{'role': 'target', 'operation': 'close', 'stage': 'close', 'entered': 207133.15417908502, 'completed': True, 'exited': 207133.15417908502}], 'successor': [{'role': 'successor', 'operation': 'read_bytes', 'stage': 'close_readback', 'entered': 207133.15417908502, 'completed': True, 'exited': 207133.15417908502}], 'predecessor': {'operation': 'file_fsync/fsync', 'entered_before': 203563.250124264, 'returned_at': 207133.15417908502}}, 'checkpoint_readback': {'spec': {'target': {'operation': 'read_bytes', 'stage': 'close_readback', 'phase': 'checkpoint'}, 'successor': {'operation': 'record', 'stage': 'close_readback', 'phase': 'checkpoint'}}, 'target': [{'role': 'target', 'operation': 'read_bytes', 'stage': 'close_readback', 'entered': 207133.45635026201, 'completed': True, 'exited': 207133.45635026201}], 'successor': [{'role': 'successor', 'operation': 'record', 'stage': 'close_readback', 'entered': 207133.45635026201, 'completed': True, 'exited': 207133.45635026201}], 'predecessor': {'operation': 'close/close', 'entered_before': 203563.549486129, 'returned_at': 207133.45635026201}}, 'head_write': {'spec': {'target': {'operation': 'write', 'stage': 'write', 'phase': 'head'}, 'successor': {'operation': 'flush', 'stage': 'flush', 'phase': 'head'}}, 'target': [{'role': 'target', 'operation': 'write', 'stage': 'write', 'entered': 207133.762671645, 'completed': True, 'exited': 207133.762671645}], 'successor': [{'role': 'successor', 'operation': 'flush', 'stage': 'flush', 'entered': 207133.762671645, 'completed': True, 'exited': 207133.762671645}], 'predecessor': {'operation': 'head/fdopen', 'entered_before': 203563.860530454, 'returned_at': 207133.762671645}}, 'head_flush': {'spec': {'target': {'operation': 'flush', 'stage': 'flush', 'phase': 'head'}, 'successor': {'operation': 'fsync', 'stage': 'file_fsync', 'phase': 'head'}}, 'target': [{'role': 'target', 'operation': 'flush', 'stage': 'flush', 'entered': 207134.098226789, 'completed': True, 'exited': 207134.098226789}], 'successor': [{'role': 'successor', 'operation': 'fsync', 'stage': 'file_fsync', 'entered': 207134.098226789, 'completed': True, 'exited': 207134.098226789}], 'predecessor': {'operation': 'write/write', 'entered_before': 203564.195253392, 'returned_at': 207134.098226789}}, 'head_fsync': {'spec': {'target': {'operation': 'fsync', 'stage': 'file_fsync', 'phase': 'head'}, 'successor': {'operation': 'close', 'stage': 'close', 'phase': 'head'}}, 'target': [{'role': 'target', 'operation': 'fsync', 'stage': 'file_fsync', 'entered': 207134.41441002802, 'completed': True, 'exited': 207134.41441002802}], 'successor': [{'role': 'successor', 'operation': 'close', 'stage': 'close', 'entered': 207134.41441002802, 'completed': True, 'exited': 207134.41441002802}], 'predecessor': {'operation': 'flush/flush', 'entered_before': 203564.519812052, 'returned_at': 207134.41441002802}}, 'head_close': {'spec': {'target': {'operation': 'close', 'stage': 'close', 'phase': 'head'}, 'successor': {'operation': 'read_bytes', 'stage': 'close_readback', 'phase': 'head'}}, 'target': [{'role': 'target', 'operation': 'close', 'stage': 'close', 'entered': 207134.75196661, 'completed': True, 'exited': 207134.75196661}], 'successor': [{'role': 'successor', 'operation': 'read_bytes', 'stage': 'close_readback', 'entered': 207134.75196661, 'completed': True, 'exited': 207134.75196661}], 'predecessor': {'operation': 'file_fsync/fsync', 'entered_before': 203564.851227624, 'returned_at': 207134.75196661}}, 'head_readback': {'spec': {'target': {'operation': 'read_bytes', 'stage': 'close_readback', 'phase': 'head'}, 'successor': {'operation': 'record', 'stage': 'close_readback', 'phase': 'head'}}, 'target': [{'role': 'target', 'operation': 'read_bytes', 'stage': 'close_readback', 'entered': 207135.071353297, 'completed': True, 'exited': 207135.071353297}], 'successor': [{'role': 'successor', 'operation': 'record', 'stage': 'close_readback', 'entered': 207135.071353297, 'completed': True, 'exited': 207135.071353297}], 'predecessor': {'operation': 'close/close', 'entered_before': 203565.166536192, 'returned_at': 207135.071353297}}, 'generation_install': {'spec': {'target': {'module': 'os', 'operation': 'link'}, 'successor': {'module': 'os', 'operation': 'unlink'}}, 'target': [{'role': 'target', 'operation': 'link', 'entered': 207135.385443475, 'stage': 'generation_install', 'completed': True, 'exited': 207135.385443475}], 'successor': [{'role': 'successor', 'operation': 'unlink', 'entered': 207135.385443475, 'stage': 'generation_install', 'completed': True, 'exited': 207135.385443475}], 'predecessor': {'operation': '/tmp/tmpgjtc3uxs/30/jobs/S1-progress-a9892cc15b3e4528b4c9fc1a155137e6/worker/checkpoint.tmp/durable_write_return', 'entered_before': 203565.483074687, 'returned_at': 207135.385443475}}, 'generation_dir_fsync': {'spec': {'target': {'module': 'vipe_benchmark.s1_progress', 'operation': 'fsync_dir'}, 'successor': {'module': 'vipe_benchmark.s1_progress', 'operation': 'record'}}, 'target': [{'role': 'target', 'operation': 'fsync_dir', 'entered': 207135.696429711, 'stage': 'generation_directory_fsync', 'completed': True, 'exited': 207135.696429711}], 'successor': [{'role': 'successor', 'operation': 'record', 'entered': 207135.696429711, 'stage': 'generation_directory_fsync', 'completed': True, 'exited': 207135.696429711}], 'predecessor': {'operation': 'generation_install/unlink', 'entered_before': 203565.792020386, 'returned_at': 207135.696429711}}, 'generation_reopen_hash': {'spec': {'target': {'module': 'vipe_benchmark.s1_progress', 'operation': 'read_record'}, 'successor': {'module': 'vipe_benchmark.s1_progress', 'operation': 'encode'}}, 'target': [{'role': 'target', 'operation': 'read_record', 'entered': 207136.005424491, 'stage': 'generation_reopen_hash', 'completed': True, 'exited': 207136.005424491}], 'successor': [{'role': 'successor', 'operation': 'encode', 'entered': 207136.005424491, 'stage': 'generation_reopen_hash', 'completed': True, 'exited': 207136.005424491}], 'predecessor': {'operation': 'generation_directory_fsync/record', 'entered_before': 203566.106945558, 'returned_at': 207136.005424491}}, 'head_install': {'spec': {'target': {'module': 'os', 'operation': 'replace'}, 'successor': {'module': 'vipe_benchmark.s1_progress', 'operation': 'fsync_dir'}}, 'target': [{'role': 'target', 'operation': 'replace', 'entered': 207136.32107252302, 'stage': 'head_install', 'completed': True, 'exited': 207136.32107252302}], 'successor': [{'role': 'successor', 'operation': 'fsync_dir', 'entered': 207136.32107252302, 'stage': 'head_directory_fsync', 'completed': True, 'exited': 207136.32107252302}], 'predecessor': {'operation': '/tmp/tmpgjtc3uxs/39/jobs/S1-progress-ea5eba27ab114a31ba6958447e65aa77/worker/head.tmp/durable_write_return', 'entered_before': 203566.420533271, 'returned_at': 207136.32107252302}}, 'head_dir_fsync': {'spec': {'target': {'module': 'vipe_benchmark.s1_progress', 'operation': 'fsync_dir'}, 'successor': {'module': 'vipe_benchmark.s1_progress', 'operation': 'record'}}, 'target': [{'role': 'target', 'operation': 'fsync_dir', 'entered': 207136.644750484, 'stage': 'head_directory_fsync', 'completed': True, 'exited': 207136.644750484}], 'successor': [{'role': 'successor', 'operation': 'record', 'entered': 207136.644750484, 'stage': 'head_directory_fsync', 'completed': True, 'exited': 207136.644750484}], 'predecessor': {'operation': 'head_install/replace', 'entered_before': 203566.737570444, 'returned_at': 207136.644750484}}, 'final_head_read': {'spec': {'target': {'module': 'vipe_benchmark.s1_progress', 'operation': 'read_record'}, 'successor': {'module': 'vipe_benchmark.s1_progress', 'operation': 'read_record'}}, 'target': [{'role': 'target', 'operation': 'read_record', 'entered': 207136.964448165, 'stage': 'final_head_read', 'completed': True, 'exited': 207136.964448165}], 'successor': [{'role': 'successor', 'operation': 'read_record', 'entered': 207136.964448165, 'stage': 'final_generation_read', 'completed': True, 'exited': 207136.964448165}], 'predecessor': {'operation': 'head_directory_fsync/record', 'entered_before': 203567.064479405, 'returned_at': 207136.964448165}}, 'final_generation_read': {'spec': {'target': {'module': 'vipe_benchmark.s1_progress', 'operation': 'read_record'}, 'successor': {'module': 'vipe_benchmark.s1_progress', 'operation': 'encode'}}, 'target': [{'role': 'target', 'operation': 'read_record', 'entered': 207137.313198159, 'stage': 'final_generation_read', 'completed': True, 'exited': 207137.313198159}], 'successor': [{'role': 'successor', 'operation': 'encode', 'entered': 207137.313198159, 'stage': 'final_generation_read', 'completed': True, 'exited': 207137.313198159}], 'predecessor': {'operation': 'final_head_read/read_record', 'entered_before': 203567.41580841, 'returned_at': 207137.313198159}}, 'notice_send': {'spec': {'target': {'operation': 'publisher.sendto'}, 'successor': {'module': 'vipe_benchmark.s1_progress', 'operation': 'receive'}}, 'target': [{'role': 'target', 'operation': 'sendto', 'entered': 207137.63848737502, 'stage': 'notice_send', 'completed': True, 'exited': 207137.63848737502}], 'successor': [{'role': 'successor', 'operation': 'receive', 'entered': 207137.63848737502, 'stage': 'notice_receive', 'completed': True, 'exited': 207137.63848737502}, {'role': 'successor', 'operation': 'receive', 'entered': 207137.63848737502, 'stage': 'ack_receipt', 'completed': True, 'exited': 207137.63848737502}], 'predecessor': {'operation': 's1-progress-notice/v1/encode', 'entered_before': 207137.389487375, 'returned_at': 207137.63848737502}}, 'owner_retention': {'spec': {'target': {'module': 'RetainedProgress', 'operation': 'acknowledge'}, 'successor': {'module': 'RetainedProgress', 'operation': 'retain'}}, 'target': [{'role': 'target', 'operation': 'acknowledge', 'entered': 207137.959450981, 'stage': 'retention:after', 'completed': True, 'exited': 207137.959450981}], 'successor': [{'role': 'successor', 'operation': 'retain', 'entered': 207137.959450981, 'stage': 'retention:after', 'completed': True, 'exited': 207137.959450981}], 'predecessor': {'operation': 's1-progress-ack/v1/encode', 'entered_before': 207137.710450981, 'returned_at': 207137.959450981}}, 'ack_send': {'spec': {'target': {'operation': 'owner.sendto'}, 'successor': {'module': 'vipe_benchmark.s1_progress', 'operation': 'receive'}}, 'target': [{'role': 'target', 'operation': 'sendto', 'entered': 207138.286704733, 'stage': 'ack_send', 'completed': True, 'exited': 207138.286704733}], 'successor': [{'role': 'successor', 'operation': 'receive', 'entered': 207138.286704733, 'stage': 'ack_receipt', 'completed': True, 'exited': 207138.286704733}], 'predecessor': {'operation': 'RetainedProgress.retain', 'entered_before': 207138.037704733, 'returned_at': 207138.286704733}}, 'ack_receipt': {'spec': {'target': {'operation': 'ack_correlation', 'stage': 'ack_receipt:after'}, 'successor': {'operation': 'Publisher._publish diagnostics encode', 'stage': 'ack_receipt:after', 'after_target': True}, 'unrelated': {'operation': 'encode', 'classification': 'separately_recorded_not_successor'}}, 'target': [{'role': 'target', 'operation': 'ack_correlation', 'entered': 207138.613801246, 'stage': 'ack_receipt:after', 'completed': True, 'exited': 207138.613801246}], 'successor': [{'role': 'successor', 'operation': 'encode', 'stage': 'ack_receipt:after', 'publisher_diagnostics': True, 'after_target': True, 'entered': 207138.613801246, 'completed': True, 'exited': 207138.613801246}], 'predecessor': {'operation': 'matching_ack_receive', 'entered_before': 207138.364801246, 'returned_at': 207138.613801246}}, 'array_npy': {'spec': {'target': {'module': 'numpy', 'operation': 'save'}, 'successor': {'module': 'DeadlineSink', 'operation': 'write'}}, 'target': [{'role': 'target', 'operation': 'save', 'entered': 207138.94670547702, 'stage': '', 'completed': True, 'exited': 207138.94670547702}], 'successor': [{'role': 'successor', 'operation': 'write', 'entered': 207138.94670547702, 'stage': '', 'completed': True, 'exited': 207138.94670547702}, {'role': 'successor', 'operation': 'write', 'entered': 207138.94670547702, 'stage': '', 'completed': True, 'exited': 207138.94670547702}], 'predecessor': {'operation': 'array_unbuffered_open_return', 'entered_before': 203569.049410793, 'returned_at': 207138.94670547702}}, 'array_png': {'spec': {'target': {'module': 'cv2', 'operation': 'imencode'}, 'successor': {'module': 'vipe_benchmark.s1_progress', 'operation': 'write_exclusive'}}, 'target': [{'role': 'target', 'operation': 'imencode', 'entered': 207139.262218343, 'stage': '', 'completed': True, 'exited': 207139.262218343}], 'successor': [{'role': 'successor', 'operation': 'write_exclusive', 'entered': 207139.262218343, 'stage': '', 'completed': True, 'exited': 207139.262218343}], 'predecessor': {'operation': 'png_destination_stat_return', 'entered_before': 203569.365964183, 'returned_at': 207139.262218343}}, 'npz_member': {'spec': {'target': {'module': 'ZipFile', 'operation': 'open'}, 'successor': {'module': 'numpy.lib.format', 'operation': 'write_array'}}, 'target': [{'role': 'target', 'operation': 'open', 'entered': 207139.578986675, 'stage': '', 'completed': True, 'exited': 207139.578986675}], 'successor': [{'role': 'successor', 'operation': 'write_array', 'entered': 207139.578986675, 'stage': '', 'completed': True, 'exited': 207139.578986675}], 'predecessor': {'operation': 'second_npz_array_conversion_return_before_member_open', 'entered_before': 203569.681533967, 'returned_at': 207139.578986675}}, 'npz_finalize': {'spec': {'target': {'module': 'ZipFile', 'operation': 'close'}, 'successor': {'module': 'DeadlineSink', 'operation': 'write'}}, 'target': [{'role': 'target', 'operation': 'close', 'entered': 207139.885937431, 'stage': '', 'completed': True, 'exited': 207139.885937431}], 'successor': [{'role': 'successor', 'operation': 'write', 'entered': 207139.885937431, 'stage': '', 'completed': True, 'exited': 207139.885937431}, {'role': 'successor', 'operation': 'write', 'entered': 207139.885937431, 'stage': '', 'completed': True, 'exited': 207139.885937431}, {'role': 'successor', 'operation': 'write', 'entered': 207139.885937431, 'stage': '', 'completed': True, 'exited': 207139.885937431}, {'role': 'successor', 'operation': 'write', 'entered': 207139.885937431, 'stage': '', 'completed': True, 'exited': 207139.885937431}, {'role': 'successor', 'operation': 'write', 'entered': 207139.885937431, 'stage': '', 'completed': True, 'exited': 207139.885937431}, {'role': 'successor', 'operation': 'write', 'entered': 207139.885937431, 'stage': '', 'completed': True, 'exited': 207139.885937431}, {'role': 'successor', 'operation': 'write', 'entered': 207139.885937431, 'stage': '', 'completed': True, 'exited': 207139.885937431}, {'role': 'successor', 'operation': 'write', 'entered': 207139.885937431, 'stage': '', 'completed': True, 'exited': 207139.885937431}, {'role': 'successor', 'operation': 'write', 'entered': 207139.885937431, 'stage': '', 'completed': True, 'exited': 207139.885937431}, {'role': 'successor', 'operation': 'write', 'entered': 207139.885937431, 'stage': '', 'completed': True, 'exited': 207139.885937431}], 'predecessor': {'operation': 'npz_member_2_close_return', 'entered_before': 203570.013350491, 'returned_at': 207139.885937431}}, 'array_hash': {'spec': {'target': {'module': 'vipe_benchmark.s1_progress', 'operation': 'checked_file_record'}, 'successor': {'module': 'vipe_benchmark.s1_progress', 'operation': 'read_bytes'}}, 'target': [{'role': 'target', 'operation': 'checked_file_record', 'entered': 207140.21153057402, 'stage': '', 'completed': True, 'exited': 207140.21153057402}], 'successor': [{'role': 'successor', 'operation': 'read_bytes', 'entered': 207140.21153057402, 'stage': '', 'completed': True, 'exited': 207140.21153057402}], 'predecessor': {'operation': 'array_normal_close_return_before_hash', 'entered_before': 203570.304667955, 'returned_at': 207140.21153057402}}, 'produced_json': {'spec': {'target': {'module': 'vipe_benchmark.s1_progress', 'operation': 'encode'}, 'successor': {'module': 'vipe_benchmark.s1_progress', 'operation': 'write_exclusive'}}, 'target': [{'role': 'target', 'operation': 'encode', 'entered': 207140.50291717102, 'stage': '', 'completed': True, 'exited': 207140.50291717102}, {'role': 'target', 'operation': 'encode', 'entered': 207140.50291717102, 'stage': '', 'completed': True, 'exited': 207140.50291717102}, {'role': 'target', 'operation': 'encode', 'entered': 207140.50291717102, 'stage': '', 'completed': True, 'exited': 207140.50291717102}, {'role': 'target', 'operation': 'encode', 'entered': 207140.50291717102, 'stage': '', 'completed': True, 'exited': 207140.50291717102}], 'successor': [{'role': 'successor', 'operation': 'write_exclusive', 'entered': 207140.50291717102, 'stage': '', 'completed': True, 'exited': 207140.50291717102}], 'predecessor': {'operation': 'input_manifest_read_and_parse_return', 'entered_before': 203570.598539509, 'returned_at': 207140.50291717102}}, 'produced_read': {'spec': {'target': {'module': 'vipe_benchmark.s1_progress', 'operation': 'read_record'}, 'successor': {'module': 'vipe_benchmark.s1_evidence', 'operation': 'produced_row'}}, 'target': [{'role': 'target', 'operation': 'read_record', 'entered': 207140.92340050102, 'stage': '', 'completed': True, 'exited': 207140.92340050102}], 'successor': [{'role': 'successor', 'operation': 'produced_row', 'entered': 207140.92340050102, 'stage': '', 'completed': True, 'exited': 207140.92340050102}], 'predecessor': {'operation': 'produced_row_durable_write_return', 'entered_before': 203571.024293425, 'returned_at': 207140.92340050102}}, 'produced_guard': {'spec': {'target': {'module': 'vipe_benchmark.s1_evidence', 'operation': 'produced_row'}, 'successor': {'module': 'Publisher', 'operation': 'seal'}}, 'target': [{'role': 'target', 'operation': 'produced_row', 'entered': 207141.344032764, 'stage': '', 'completed': True, 'exited': 207141.344032764}], 'successor': [{'role': 'successor', 'operation': 'seal', 'entered': 207141.344032764, 'stage': '', 'completed': True, 'exited': 207141.344032764}, {'role': 'successor', 'operation': 'seal', 'entered': 207141.344032764, 'stage': '', 'completed': True, 'exited': 207141.344032764}], 'predecessor': {'operation': 'produced_row_read_hash_parse_return', 'entered_before': 203571.44163551, 'returned_at': 207141.344032764}}, 'qualified_guard': {'spec': {'target': {'module': 'vipe_benchmark.s1_evidence', 'operation': 'qualify_row'}, 'successor': {'module': 'vipe_benchmark.s1_progress', 'operation': 'write_exclusive'}}, 'target': [{'role': 'target', 'operation': 'qualify_row', 'entered': 207141.755290823, 'stage': '', 'completed': True, 'exited': 207141.755290823}], 'successor': [{'role': 'successor', 'operation': 'write_exclusive', 'entered': 207141.755290823, 'stage': '', 'completed': True, 'exited': 207141.755290823}], 'predecessor': {'operation': 'produced_guard_seal_ack_return', 'entered_before': 203571.850473646, 'returned_at': 207141.755290823}}, 'first_guard': {'spec': {'target': {'module': 'vipe_benchmark.s1_evidence', 'operation': 'verify_first'}, 'successor': {'module': 'vipe_benchmark.s1_evidence', 'operation': 'qualify_runtime'}}, 'target': [{'role': 'target', 'operation': 'verify_first', 'entered': 207142.23068681502, 'stage': '', 'completed': True, 'exited': 207142.23068681502}], 'successor': [{'role': 'successor', 'operation': 'qualify_runtime', 'entered': 207142.23068681502, 'stage': '', 'completed': True, 'exited': 207142.23068681502}], 'predecessor': {'operation': 'first_metadata_read_parse_return', 'entered_before': 203572.324711725, 'returned_at': 207142.23068681502}}, 'runtime_guard': {'spec': {'target': {'module': 'vipe_benchmark.s1_evidence', 'operation': 'qualify_runtime'}, 'successor': {'module': 'vipe_benchmark.s1_recovery', 'operation': 'strict_record'}}, 'target': [{'role': 'target', 'operation': 'qualify_runtime', 'entered': 207143.33695863, 'stage': '', 'completed': True, 'exited': 207143.33695863}], 'successor': [{'role': 'successor', 'operation': 'strict_record', 'entered': 207143.33695863, 'stage': '', 'completed': True, 'exited': 207143.33695863}, {'role': 'successor', 'operation': 'strict_record', 'entered': 207143.33695863, 'stage': '', 'completed': True, 'exited': 207143.33695863}, {'role': 'successor', 'operation': 'strict_record', 'entered': 207143.33695863, 'stage': '', 'completed': True, 'exited': 207143.33695863}, {'role': 'successor', 'operation': 'strict_record', 'entered': 207143.33695863, 'stage': '', 'completed': True, 'exited': 207143.33695863}, {'role': 'successor', 'operation': 'strict_record', 'entered': 207143.33695863, 'stage': '', 'completed': True, 'exited': 207143.33695863}, {'role': 'successor', 'operation': 'strict_record', 'entered': 207143.33695863, 'stage': '', 'completed': True, 'exited': 207143.33695863}, {'role': 'successor', 'operation': 'strict_record', 'entered': 207143.33695863, 'stage': '', 'completed': True, 'exited': 207143.33695863}, {'role': 'successor', 'operation': 'strict_record', 'entered': 207143.33695863, 'stage': '', 'completed': True, 'exited': 207143.33695863}, {'role': 'successor', 'operation': 'strict_record', 'entered': 207143.33695863, 'stage': '', 'completed': True, 'exited': 207143.33695863}, {'role': 'successor', 'operation': 'strict_record', 'entered': 207143.33695863, 'stage': '', 'completed': True, 'exited': 207143.33695863}, {'role': 'successor', 'operation': 'strict_record', 'entered': 207143.33695863, 'stage': '', 'completed': True, 'exited': 207143.33695863}, {'role': 'successor', 'operation': 'strict_record', 'entered': 207143.33695863, 'stage': '', 'completed': True, 'exited': 207143.33695863}, {'role': 'successor', 'operation': 'strict_record', 'entered': 207143.33695863, 'stage': '', 'completed': True, 'exited': 207143.33695863}, {'role': 'successor', 'operation': 'strict_record', 'entered': 207143.33695863, 'stage': '', 'completed': True, 'exited': 207143.33695863}, {'role': 'successor', 'operation': 'strict_record', 'entered': 207143.33695863, 'stage': '', 'completed': True, 'exited': 207143.33695863}, {'role': 'successor', 'operation': 'strict_record', 'entered': 207143.33695863, 'stage': '', 'completed': True, 'exited': 207143.33695863}, {'role': 'successor', 'operation': 'strict_record', 'entered': 207143.33695863, 'stage': '', 'completed': True, 'exited': 207143.33695863}, {'role': 'successor', 'operation': 'strict_record', 'entered': 207143.33695863, 'stage': '', 'completed': True, 'exited': 207143.33695863}, {'role': 'successor', 'operation': 'strict_record', 'entered': 207143.33695863, 'stage': '', 'completed': True, 'exited': 207143.33695863}, {'role': 'successor', 'operation': 'strict_record', 'entered': 207143.33695863, 'stage': '', 'completed': True, 'exited': 207143.33695863}, {'role': 'successor', 'operation': 'strict_record', 'entered': 207143.33695863, 'stage': '', 'completed': True, 'exited': 207143.33695863}, {'role': 'successor', 'operation': 'strict_record', 'entered': 207143.33695863, 'stage': '', 'completed': True, 'exited': 207143.33695863}, {'role': 'successor', 'operation': 'strict_record', 'entered': 207143.33695863, 'stage': '', 'completed': True, 'exited': 207143.33695863}, {'role': 'successor', 'operation': 'strict_record', 'entered': 207143.33695863, 'stage': '', 'completed': True, 'exited': 207143.33695863}, {'role': 'successor', 'operation': 'strict_record', 'entered': 207143.33695863, 'stage': '', 'completed': True, 'exited': 207143.33695863}], 'predecessor': {'operation': 'runtime_metadata_read_parse_return', 'entered_before': 203573.43784571, 'returned_at': 207143.33695863}}, 'reuse_after_read': {'spec': {'target': {'module': 'vipe_benchmark.s1_evidence', 'operation': 'verify_first'}, 'successor': {'module': 'vipe_benchmark.s1_evidence', 'operation': 'qualify_runtime'}}, 'target': [{'role': 'target', 'operation': 'verify_first', 'entered': 207143.820022355, 'stage': '', 'completed': True, 'exited': 207143.820022355}, {'role': 'target', 'operation': 'verify_first', 'entered': 207143.820022355, 'stage': '', 'completed': True, 'exited': 207143.820022355}], 'successor': [{'role': 'successor', 'operation': 'qualify_runtime', 'entered': 207143.820022355, 'stage': '', 'completed': True, 'exited': 207143.820022355}, {'role': 'successor', 'operation': 'qualify_runtime', 'entered': 207143.820022355, 'stage': '', 'completed': True, 'exited': 207143.820022355}], 'predecessor': {'operation': 'first_metadata_read_parse_return', 'entered_before': 203573.913492383, 'returned_at': 207143.820022355}}, 'cleanup_next_array': {'spec': {'target': {'module': 'numpy', 'operation': 'asanyarray'}, 'successor': {'module': 'ZipFile', 'operation': 'open'}}, 'target': [{'role': 'target', 'operation': 'asanyarray', 'entered': 207144.905138712, 'stage': '', 'completed': True, 'exited': 207144.905138712}], 'successor': [{'role': 'successor', 'operation': 'open', 'entered': 207144.905138712, 'stage': '', 'completed': True, 'exited': 207144.905138712}], 'predecessor': {'operation': 'npz_member_1_close_return', 'entered_before': 203575.002119108, 'returned_at': 207144.905138712}}, 'accept_after_read': {'spec': {'target': {'module': 'vipe_benchmark.s1_evidence', 'operation': 'validate_result'}, 'successor': {'module': 'vipe_benchmark.s1_evidence', 'operation': 'verify_first'}}, 'target': [{'role': 'target', 'operation': 'validate_result', 'entered': 207145.67238134102, 'stage': '', 'completed': True, 'exited': 207145.67238134102}], 'successor': [{'role': 'successor', 'operation': 'verify_first', 'entered': 207145.67238134102, 'stage': '', 'completed': True, 'exited': 207145.67238134102}], 'predecessor': {'operation': 'accepted_request_read_parse_return', 'entered_before': 203575.309930288, 'returned_at': 207145.67238134102}}, 'complete_after_read': {'spec': {'target': {'module': 'vipe_benchmark.s1_evidence', 'operation': 'evidence_counts'}, 'successor': {'module': 'vipe_benchmark.s1_evidence', 'operation': 'qualify_runtime'}}, 'target': [{'role': 'target', 'operation': 'evidence_counts', 'entered': 207145.67238134102, 'stage': '', 'completed': True, 'exited': 207145.67238134102}], 'successor': [{'role': 'successor', 'operation': 'qualify_runtime', 'entered': 207145.67238134102, 'stage': '', 'completed': True, 'exited': 207145.67238134102}, {'role': 'successor', 'operation': 'qualify_runtime', 'entered': 207145.67238134102, 'stage': '', 'completed': True, 'exited': 207145.67238134102}], 'predecessor': {'operation': 'acceptance_metadata_read_parse_return', 'entered_before': 203598.551471541, 'returned_at': 207145.67238134102}}, 'next_input': {'spec': {'target': {'operation': 'load_rgb(frame62)'}, 'successor': {'operation': 'frame62 valid/native/raw'}}, 'target': [{'operation': 'load_rgb(frame62)', 'entered': 203716.21005700302, 'completed': True, 'exited': 203716.21005700302}], 'successor': [{'operation': 'frame62_valid_array', 'entered': 203716.21005700302, 'record': {'path': '/tmp/tmp84umkony/valid.npy', 'sha256': 'a67cf6012a57f3530aeb9524b85e40171bfb0fcdaa6dbc66e95356a30dcfc6a3', 'bytes': 518528}, 'context': 'second_input_validation'}], 'predecessor': {'operation': 'segment_frame50_print_return_before_frame62', 'entered_before': 203649.711057003, 'returned_at': 203716.21005700302}}}

======================================================================
FAIL: test_child_survival_invalidates_parent_success_and_is_cleaned_up (test_vipe_benchmark_supervisor.SupervisorTests.test_child_survival_invalidates_parent_success_and_is_cleaned_up)
----------------------------------------------------------------------
Traceback (most recent call last):
  File "/home/auss/git_repos/samaust/Experiments_4DGS/scripts/vipe_benchmark/supervisor.py", line 446, in supervise
    process = create_owned_process('supervisor worker',subprocess.Popen,command, deadline=run_deadline if is_s1 else None, stdout=log, stderr=subprocess.STDOUT,
                               start_new_session=True, env=env)
  File "/home/auss/git_repos/samaust/Experiments_4DGS/scripts/vipe_benchmark/s1_helper_session.py", line 1600, in create_owned_process
    observed=predispatch_owned(event)
  File "/home/auss/git_repos/samaust/Experiments_4DGS/scripts/vipe_benchmark/s1_helper_session.py", line 1590, in predispatch_owned
    if observed['total_workers']+1>8:raise ValueError('owned '+event+' dispatch CPU capacity')
                                     ^^^^^^^^^^^^^^^^^^^^^^^^^^^^^^^^^^^^^^^^^^^^^^^^^^^^^^^^^
ValueError: owned supervisor worker dispatch CPU capacity

The above exception was the direct cause of the following exception:

vipe_benchmark.supervisor.SupervisionFailure: ValueError: owned supervisor worker dispatch CPU capacity

During handling of the above exception, another exception occurred:

Traceback (most recent call last):
  File "/home/auss/git_repos/samaust/Experiments_4DGS/tests/test_vipe_benchmark_supervisor.py", line 88, in test_child_survival_invalidates_parent_success_and_is_cleaned_up
    with self.assertRaisesRegex(RuntimeError, 'live child'):
         ~~~~~~~~~~~~~~~~~~~~~~^^^^^^^^^^^^^^^^^^^^^^^^^^^^
AssertionError: "live child" does not match "ValueError: owned supervisor worker dispatch CPU capacity"

======================================================================
FAIL: test_foreign_gpu_pid_still_fails_and_preserves_ownership_evidence (test_vipe_benchmark_supervisor.SupervisorTests.test_foreign_gpu_pid_still_fails_and_preserves_ownership_evidence)
----------------------------------------------------------------------
Traceback (most recent call last):
  File "/home/auss/git_repos/samaust/Experiments_4DGS/scripts/vipe_benchmark/supervisor.py", line 446, in supervise
    process = create_owned_process('supervisor worker',subprocess.Popen,command, deadline=run_deadline if is_s1 else None, stdout=log, stderr=subprocess.STDOUT,
                               start_new_session=True, env=env)
  File "/home/auss/git_repos/samaust/Experiments_4DGS/scripts/vipe_benchmark/s1_helper_session.py", line 1600, in create_owned_process
    observed=predispatch_owned(event)
  File "/home/auss/git_repos/samaust/Experiments_4DGS/scripts/vipe_benchmark/s1_helper_session.py", line 1590, in predispatch_owned
    if observed['total_workers']+1>8:raise ValueError('owned '+event+' dispatch CPU capacity')
                                     ^^^^^^^^^^^^^^^^^^^^^^^^^^^^^^^^^^^^^^^^^^^^^^^^^^^^^^^^^
ValueError: owned supervisor worker dispatch CPU capacity

The above exception was the direct cause of the following exception:

vipe_benchmark.supervisor.SupervisionFailure: ValueError: owned supervisor worker dispatch CPU capacity

During handling of the above exception, another exception occurred:

Traceback (most recent call last):
  File "/home/auss/git_repos/samaust/Experiments_4DGS/tests/test_vipe_benchmark_supervisor.py", line 166, in test_foreign_gpu_pid_still_fails_and_preserves_ownership_evidence
    with self.assertRaisesRegex(SupervisionFailure, 'exclusive GPU access lost'):
         ~~~~~~~~~~~~~~~~~~~~~~^^^^^^^^^^^^^^^^^^^^^^^^^^^^^^^^^^^^^^^^^^^^^^^^^
AssertionError: "exclusive GPU access lost" does not match "ValueError: owned supervisor worker dispatch CPU capacity"

======================================================================
FAIL: test_interruption_cleans_owned_process_group (test_vipe_benchmark_supervisor.SupervisorTests.test_interruption_cleans_owned_process_group)
----------------------------------------------------------------------
Traceback (most recent call last):
  File "/home/auss/git_repos/samaust/Experiments_4DGS/scripts/vipe_benchmark/supervisor.py", line 446, in supervise
    process = create_owned_process('supervisor worker',subprocess.Popen,command, deadline=run_deadline if is_s1 else None, stdout=log, stderr=subprocess.STDOUT,
                               start_new_session=True, env=env)
  File "/home/auss/git_repos/samaust/Experiments_4DGS/scripts/vipe_benchmark/s1_helper_session.py", line 1600, in create_owned_process
    observed=predispatch_owned(event)
  File "/home/auss/git_repos/samaust/Experiments_4DGS/scripts/vipe_benchmark/s1_helper_session.py", line 1590, in predispatch_owned
    if observed['total_workers']+1>8:raise ValueError('owned '+event+' dispatch CPU capacity')
                                     ^^^^^^^^^^^^^^^^^^^^^^^^^^^^^^^^^^^^^^^^^^^^^^^^^^^^^^^^^
ValueError: owned supervisor worker dispatch CPU capacity

The above exception was the direct cause of the following exception:

vipe_benchmark.supervisor.SupervisionFailure: ValueError: owned supervisor worker dispatch CPU capacity

During handling of the above exception, another exception occurred:

Traceback (most recent call last):
  File "/home/auss/git_repos/samaust/Experiments_4DGS/tests/test_vipe_benchmark_supervisor.py", line 114, in test_interruption_cleans_owned_process_group
    with self.assertRaisesRegex(RuntimeError, 'InterruptedError'):
         ~~~~~~~~~~~~~~~~~~~~~~^^^^^^^^^^^^^^^^^^^^^^^^^^^^^^^^^^
AssertionError: "InterruptedError" does not match "ValueError: owned supervisor worker dispatch CPU capacity"

======================================================================
FAIL: test_missing_result_and_nonzero_exit_consume_attempts (test_vipe_benchmark_supervisor.SupervisorTests.test_missing_result_and_nonzero_exit_consume_attempts)
----------------------------------------------------------------------
Traceback (most recent call last):
  File "/home/auss/git_repos/samaust/Experiments_4DGS/scripts/vipe_benchmark/supervisor.py", line 446, in supervise
    process = create_owned_process('supervisor worker',subprocess.Popen,command, deadline=run_deadline if is_s1 else None, stdout=log, stderr=subprocess.STDOUT,
                               start_new_session=True, env=env)
  File "/home/auss/git_repos/samaust/Experiments_4DGS/scripts/vipe_benchmark/s1_helper_session.py", line 1600, in create_owned_process
    observed=predispatch_owned(event)
  File "/home/auss/git_repos/samaust/Experiments_4DGS/scripts/vipe_benchmark/s1_helper_session.py", line 1590, in predispatch_owned
    if observed['total_workers']+1>8:raise ValueError('owned '+event+' dispatch CPU capacity')
                                     ^^^^^^^^^^^^^^^^^^^^^^^^^^^^^^^^^^^^^^^^^^^^^^^^^^^^^^^^^
ValueError: owned supervisor worker dispatch CPU capacity

The above exception was the direct cause of the following exception:

vipe_benchmark.supervisor.SupervisionFailure: ValueError: owned supervisor worker dispatch CPU capacity

During handling of the above exception, another exception occurred:

Traceback (most recent call last):
  File "/home/auss/git_repos/samaust/Experiments_4DGS/tests/test_vipe_benchmark_supervisor.py", line 106, in test_missing_result_and_nonzero_exit_consume_attempts
    with self.assertRaisesRegex(RuntimeError, 'FileNotFoundError'):
         ~~~~~~~~~~~~~~~~~~~~~~^^^^^^^^^^^^^^^^^^^^^^^^^^^^^^^^^^^
AssertionError: "FileNotFoundError" does not match "ValueError: owned supervisor worker dispatch CPU capacity"

======================================================================
FAIL: test_simulated_memory_and_foreign_gpu_process (test_vipe_benchmark_supervisor.SupervisorTests.test_simulated_memory_and_foreign_gpu_process)
----------------------------------------------------------------------
Traceback (most recent call last):
  File "/home/auss/git_repos/samaust/Experiments_4DGS/scripts/vipe_benchmark/supervisor.py", line 446, in supervise
    process = create_owned_process('supervisor worker',subprocess.Popen,command, deadline=run_deadline if is_s1 else None, stdout=log, stderr=subprocess.STDOUT,
                               start_new_session=True, env=env)
  File "/home/auss/git_repos/samaust/Experiments_4DGS/scripts/vipe_benchmark/s1_helper_session.py", line 1600, in create_owned_process
    observed=predispatch_owned(event)
  File "/home/auss/git_repos/samaust/Experiments_4DGS/scripts/vipe_benchmark/s1_helper_session.py", line 1590, in predispatch_owned
    if observed['total_workers']+1>8:raise ValueError('owned '+event+' dispatch CPU capacity')
                                     ^^^^^^^^^^^^^^^^^^^^^^^^^^^^^^^^^^^^^^^^^^^^^^^^^^^^^^^^^
ValueError: owned supervisor worker dispatch CPU capacity

The above exception was the direct cause of the following exception:

vipe_benchmark.supervisor.SupervisionFailure: ValueError: owned supervisor worker dispatch CPU capacity

During handling of the above exception, another exception occurred:

Traceback (most recent call last):
  File "/home/auss/git_repos/samaust/Experiments_4DGS/tests/test_vipe_benchmark_supervisor.py", line 138, in test_simulated_memory_and_foreign_gpu_process
    with self.assertRaisesRegex(SupervisionFailure, 'memory ceiling') as failure:
         ~~~~~~~~~~~~~~~~~~~~~~^^^^^^^^^^^^^^^^^^^^^^^^^^^^^^^^^^^^^^
AssertionError: "memory ceiling" does not match "ValueError: owned supervisor worker dispatch CPU capacity"

======================================================================
FAIL: test_simulated_storage_cap_stops_worker (test_vipe_benchmark_supervisor.SupervisorTests.test_simulated_storage_cap_stops_worker)
----------------------------------------------------------------------
Traceback (most recent call last):
  File "/home/auss/git_repos/samaust/Experiments_4DGS/scripts/vipe_benchmark/supervisor.py", line 446, in supervise
    process = create_owned_process('supervisor worker',subprocess.Popen,command, deadline=run_deadline if is_s1 else None, stdout=log, stderr=subprocess.STDOUT,
                               start_new_session=True, env=env)
  File "/home/auss/git_repos/samaust/Experiments_4DGS/scripts/vipe_benchmark/s1_helper_session.py", line 1600, in create_owned_process
    observed=predispatch_owned(event)
  File "/home/auss/git_repos/samaust/Experiments_4DGS/scripts/vipe_benchmark/s1_helper_session.py", line 1590, in predispatch_owned
    if observed['total_workers']+1>8:raise ValueError('owned '+event+' dispatch CPU capacity')
                                     ^^^^^^^^^^^^^^^^^^^^^^^^^^^^^^^^^^^^^^^^^^^^^^^^^^^^^^^^^
ValueError: owned supervisor worker dispatch CPU capacity

The above exception was the direct cause of the following exception:

vipe_benchmark.supervisor.SupervisionFailure: ValueError: owned supervisor worker dispatch CPU capacity

During handling of the above exception, another exception occurred:

Traceback (most recent call last):
  File "/home/auss/git_repos/samaust/Experiments_4DGS/tests/test_vipe_benchmark_supervisor.py", line 123, in test_simulated_storage_cap_stops_worker
    with self.assertRaisesRegex(RuntimeError, 'storage ceiling'):
         ~~~~~~~~~~~~~~~~~~~~~~^^^^^^^^^^^^^^^^^^^^^^^^^^^^^^^^^
AssertionError: "storage ceiling" does not match "ValueError: owned supervisor worker dispatch CPU capacity"

======================================================================
FAIL: test_timeout_kills_sigterm_ignoring_group_within_allocation (test_vipe_benchmark_supervisor.SupervisorTests.test_timeout_kills_sigterm_ignoring_group_within_allocation)
----------------------------------------------------------------------
Traceback (most recent call last):
  File "/home/auss/git_repos/samaust/Experiments_4DGS/scripts/vipe_benchmark/supervisor.py", line 446, in supervise
    process = create_owned_process('supervisor worker',subprocess.Popen,command, deadline=run_deadline if is_s1 else None, stdout=log, stderr=subprocess.STDOUT,
                               start_new_session=True, env=env)
  File "/home/auss/git_repos/samaust/Experiments_4DGS/scripts/vipe_benchmark/s1_helper_session.py", line 1600, in create_owned_process
    observed=predispatch_owned(event)
  File "/home/auss/git_repos/samaust/Experiments_4DGS/scripts/vipe_benchmark/s1_helper_session.py", line 1590, in predispatch_owned
    if observed['total_workers']+1>8:raise ValueError('owned '+event+' dispatch CPU capacity')
                                     ^^^^^^^^^^^^^^^^^^^^^^^^^^^^^^^^^^^^^^^^^^^^^^^^^^^^^^^^^
ValueError: owned supervisor worker dispatch CPU capacity

The above exception was the direct cause of the following exception:

vipe_benchmark.supervisor.SupervisionFailure: ValueError: owned supervisor worker dispatch CPU capacity

During handling of the above exception, another exception occurred:

Traceback (most recent call last):
  File "/home/auss/git_repos/samaust/Experiments_4DGS/tests/test_vipe_benchmark_supervisor.py", line 76, in test_timeout_kills_sigterm_ignoring_group_within_allocation
    with self.assertRaisesRegex(RuntimeError, 'deadline'):
         ~~~~~~~~~~~~~~~~~~~~~~^^^^^^^^^^^^^^^^^^^^^^^^^^
AssertionError: "deadline" does not match "ValueError: owned supervisor worker dispatch CPU capacity"

----------------------------------------------------------------------
Ran 101 tests in 174.251s

FAILED (failures=17, errors=34)
test_correct_hash_cannot_authorize_an_unlisted_input (test_vipe_benchmark_review_annotations.IntegrityTests.test_correct_hash_cannot_authorize_an_unlisted_input) ... ok
test_corrupt_file_and_validly_rehashed_footprint_corruption_are_rejected (test_vipe_benchmark_review_annotations.IntegrityTests.test_corrupt_file_and_validly_rehashed_footprint_corruption_are_rejected) ... ok
test_grid_and_empty_changing_layer_cannot_silently_change (test_vipe_benchmark_review_annotations.IntegrityTests.test_grid_and_empty_changing_layer_cannot_silently_change) ... ok
test_semantic_and_feature_uncertainty_cannot_be_promoted (test_vipe_benchmark_review_annotations.IntegrityTests.test_semantic_and_feature_uncertainty_cannot_be_promoted) ... ok
test_valid_proxy_preserves_unknowns_and_does_not_claim_visual_review (test_vipe_benchmark_review_annotations.IntegrityTests.test_valid_proxy_preserves_unknowns_and_does_not_claim_visual_review) ... ok
test_duplicate_pair_and_uncovered_visible_identity_are_rejected (test_vipe_benchmark_review_annotations.PairTests.test_duplicate_pair_and_uncovered_visible_identity_are_rejected) ... ok
test_atomic_exclusive_publication_never_replaces_existing_evidence (test_vipe_benchmark_review_annotations.PublicationTests.test_atomic_exclusive_publication_never_replaces_existing_evidence) ... ok
test_visual_claim_requires_actual_attestation_and_bound_inspected_file (test_vipe_benchmark_review_annotations.PublicationTests.test_visual_claim_requires_actual_attestation_and_bound_inspected_file) ... ok

----------------------------------------------------------------------
Ran 8 tests in 0.142s

OK
