test_assignment_survives_sam_and_pair_propagation (test_vipe_benchmark_s1_semantics.S1SemanticsTests.test_assignment_survives_sam_and_pair_propagation) ... ok
test_contract_rejects_missing_or_tampered_assignment (test_vipe_benchmark_s1_semantics.S1SemanticsTests.test_contract_rejects_missing_or_tampered_assignment) ... ok
test_empty_combined_disagreement_tie_and_subword_sum (test_vipe_benchmark_s1_semantics.S1SemanticsTests.test_empty_combined_disagreement_tie_and_subword_sum) ... ok
test_invalid_evidence_and_unamended_contract (test_vipe_benchmark_s1_semantics.S1SemanticsTests.test_invalid_evidence_and_unamended_contract) ... ok
test_native_query_alignment_and_full_evidence (test_vipe_benchmark_s1_semantics.S1SemanticsTests.test_native_query_alignment_and_full_evidence) ... ok

----------------------------------------------------------------------
Ran 5 tests in 0.014s

OK
test_collection_rereads_same_size_same_mtime (test_vipe_benchmark_s1_recovery.DeclarationCacheTests.test_collection_rereads_same_size_same_mtime) ... ok
test_collection_warm_cache_does_not_hide_deletion (test_vipe_benchmark_s1_recovery.DeclarationCacheTests.test_collection_warm_cache_does_not_hide_deletion) ... ok
test_exact_text_and_module_keys (test_vipe_benchmark_s1_recovery.DeclarationCacheTests.test_exact_text_and_module_keys) ... ok
test_invalid_inputs_are_not_cached (test_vipe_benchmark_s1_recovery.DeclarationCacheTests.test_invalid_inputs_are_not_cached) ... ok
test_lru_bound_and_eviction (test_vipe_benchmark_s1_recovery.DeclarationCacheTests.test_lru_bound_and_eviction) ... ok
test_repeated_exact_key_reuses_parse (test_vipe_benchmark_s1_recovery.DeclarationCacheTests.test_repeated_exact_key_reuses_parse) ... ok
test_returned_mutation_isolation (test_vipe_benchmark_s1_recovery.DeclarationCacheTests.test_returned_mutation_isolation) ... ok
test_alignment_layout_pre_forward_and_no_stale_capture (test_vipe_benchmark_s1_recovery.FailureEvidenceTests.test_alignment_layout_pre_forward_and_no_stale_capture) ... ok
test_first_result_failure_stops_before_second_input (test_vipe_benchmark_s1_recovery.FailureEvidenceTests.test_first_result_failure_stops_before_second_input) ... ok
test_direct_script_declaration_lookup (test_vipe_benchmark_s1_recovery.NumericalEnvelopeTests.test_direct_script_declaration_lookup) ... 
  test_direct_script_declaration_lookup (test_vipe_benchmark_s1_recovery.NumericalEnvelopeTests.test_direct_script_declaration_lookup) (suite='s1_semantics', selector='S1SemanticsTests.test_contract_rejects_missing_or_tampered_assignment') ... ERROR
  test_direct_script_declaration_lookup (test_vipe_benchmark_s1_recovery.NumericalEnvelopeTests.test_direct_script_declaration_lookup) (suite='s1_recovery', selector='ReceiptContractTests.test_typed_primitive_callbacks') ... ERROR
  test_direct_script_declaration_lookup (test_vipe_benchmark_s1_recovery.NumericalEnvelopeTests.test_direct_script_declaration_lookup) (suite='backends', selector='AssetAndDetectorTests.test_phrase_ambiguity_and_capacity_fail_before_casting') ... ERROR
  test_direct_script_declaration_lookup (test_vipe_benchmark_s1_recovery.NumericalEnvelopeTests.test_direct_script_declaration_lookup) (suite='contracts', selector='AccessTests.test_heldout_final_window_wrong_branch_and_pair_rejected') ... ERROR
  test_direct_script_declaration_lookup (test_vipe_benchmark_s1_recovery.NumericalEnvelopeTests.test_direct_script_declaration_lookup) (suite='component_recovery', selector='ComponentRecoveryTests.test_scope_validation_and_cumulative_cap_are_not_relaxed') ... ERROR
  test_direct_script_declaration_lookup (test_vipe_benchmark_s1_recovery.NumericalEnvelopeTests.test_direct_script_declaration_lookup) (suite='supervisor', selector='HelperIntegrationTests.test_cleanup_failures') ... ERROR
test_produced_and_qualified_numerical_rows (test_vipe_benchmark_s1_recovery.NumericalEnvelopeTests.test_produced_and_qualified_numerical_rows) ... ok
test_sum_and_allocator_boundaries (test_vipe_benchmark_s1_recovery.NumericalEnvelopeTests.test_sum_and_allocator_boundaries) ... ok
test_terminal_and_resolver_numerical_mutations (test_vipe_benchmark_s1_recovery.NumericalEnvelopeTests.test_terminal_and_resolver_numerical_mutations) ... ERROR
test_typed_numerical_fields (test_vipe_benchmark_s1_recovery.NumericalEnvelopeTests.test_typed_numerical_fields) ... ok
test_accounting_mutations (test_vipe_benchmark_s1_recovery.ReceiptContractTests.test_accounting_mutations) ... ok
test_artifact_record_matrix (test_vipe_benchmark_s1_recovery.ReceiptContractTests.test_artifact_record_matrix) ... ok
test_binding_mutations (test_vipe_benchmark_s1_recovery.ReceiptContractTests.test_binding_mutations) ... ok
test_callback_mutations (test_vipe_benchmark_s1_recovery.ReceiptContractTests.test_callback_mutations) ... ok
test_declaration_parser_mutations (test_vipe_benchmark_s1_recovery.ReceiptContractTests.test_declaration_parser_mutations) ... ok
test_execution_mutations (test_vipe_benchmark_s1_recovery.ReceiptContractTests.test_execution_mutations) ... ERROR
test_legacy_receipts_rejected (test_vipe_benchmark_s1_recovery.ReceiptContractTests.test_legacy_receipts_rejected) ... ok
test_positive_complete_fixture (test_vipe_benchmark_s1_recovery.ReceiptContractTests.test_positive_complete_fixture) ... ok
test_typed_primitive_callbacks (test_vipe_benchmark_s1_recovery.ReceiptContractTests.test_typed_primitive_callbacks) ... ok
test_acceptance_and_historical_authority (test_vipe_benchmark_s1_recovery.ReservationClockTests.test_acceptance_and_historical_authority) ... ERROR
test_context_matrix (test_vipe_benchmark_s1_recovery.ReservationClockTests.test_context_matrix) ... ok
test_failure_reconciliation (test_vipe_benchmark_s1_recovery.ReservationClockTests.test_failure_reconciliation) ... ok
test_identical_reuse_and_conflicts (test_vipe_benchmark_s1_recovery.ReservationClockTests.test_identical_reuse_and_conflicts) ... ok
test_phase_boundaries (test_vipe_benchmark_s1_recovery.ReservationClockTests.test_phase_boundaries) ... ok
test_real_segment_publication_barriers (test_vipe_benchmark_s1_recovery.ReservationClockTests.test_real_segment_publication_barriers) ... ok
test_worker_bootstrap (test_vipe_benchmark_s1_recovery.ReservationClockTests.test_worker_bootstrap) ... ok
test_binding_historical_versus_canonical_and_no_mutation (test_vipe_benchmark_s1_recovery.S1RecoveryTests.test_binding_historical_versus_canonical_and_no_mutation) ... ok
test_changed_prerequisite_records_rejected (test_vipe_benchmark_s1_recovery.S1RecoveryTests.test_changed_prerequisite_records_rejected) ... ok
test_exhausted_state (test_vipe_benchmark_s1_recovery.S1RecoveryTests.test_exhausted_state) ... ok
test_live_cleanup_active_and_exhausted_state (test_vipe_benchmark_s1_recovery.S1RecoveryTests.test_live_cleanup_active_and_exhausted_state) ... ok
test_reduced_cumulative_deadline (test_vipe_benchmark_s1_recovery.S1RecoveryTests.test_reduced_cumulative_deadline) ... ok
test_reduced_remaining_time_and_mutation_at_reservation_lock (test_vipe_benchmark_s1_recovery.S1RecoveryTests.test_reduced_remaining_time_and_mutation_at_reservation_lock) ... ok
test_registered_authorization_and_validation_mutation_block (test_vipe_benchmark_s1_recovery.S1RecoveryTests.test_registered_authorization_and_validation_mutation_block) ... ok
test_registration_needs_admission_duplicate_and_reservation_consumes_once (test_vipe_benchmark_s1_recovery.S1RecoveryTests.test_registration_needs_admission_duplicate_and_reservation_consumes_once) ... ok
test_result_requires_supervised_cleanup_and_exact_membership (test_vipe_benchmark_s1_recovery.S1RecoveryTests.test_result_requires_supervised_cleanup_and_exact_membership) ... ERROR
test_typed_scope_schema_branch_and_second_identity (test_vipe_benchmark_s1_recovery.S1RecoveryTests.test_typed_scope_schema_branch_and_second_identity) ... ok
test_validation_missing_extra_duplicate_aliased_stale_and_failed_receipts (test_vipe_benchmark_s1_recovery.S1RecoveryTests.test_validation_missing_extra_duplicate_aliased_stale_and_failed_receipts) ... ok

======================================================================
ERROR: test_direct_script_declaration_lookup (test_vipe_benchmark_s1_recovery.NumericalEnvelopeTests.test_direct_script_declaration_lookup) (suite='s1_semantics', selector='S1SemanticsTests.test_contract_rejects_missing_or_tampered_assignment')
----------------------------------------------------------------------
Traceback (most recent call last):
  File "/home/auss/git_repos/samaust/Experiments_4DGS/tests/test_vipe_benchmark_s1_recovery.py", line 2480, in test_direct_script_declaration_lookup
    self.assertLessEqual(owned_workload(os.environ['S1_OWNED_ROOT_NOTE'])['total_workers']+1,8)
                         ~~~~~~~~~~~~~~^^^^^^^^^^^^^^^^^^^^^^^^^^^^^^^^^^
  File "/home/auss/git_repos/samaust/Experiments_4DGS/scripts/vipe_benchmark/s1_helper_session.py", line 1840, in owned_workload
    if note.get('schema')!='plan049-prospective-launch/v1':raise ValueError('owned root schema')
                                                           ^^^^^^^^^^^^^^^^^^^^^^^^^^^^^^^^^^^^^
ValueError: owned root schema

======================================================================
ERROR: test_direct_script_declaration_lookup (test_vipe_benchmark_s1_recovery.NumericalEnvelopeTests.test_direct_script_declaration_lookup) (suite='s1_recovery', selector='ReceiptContractTests.test_typed_primitive_callbacks')
----------------------------------------------------------------------
Traceback (most recent call last):
  File "/home/auss/git_repos/samaust/Experiments_4DGS/tests/test_vipe_benchmark_s1_recovery.py", line 2480, in test_direct_script_declaration_lookup
    self.assertLessEqual(owned_workload(os.environ['S1_OWNED_ROOT_NOTE'])['total_workers']+1,8)
                         ~~~~~~~~~~~~~~^^^^^^^^^^^^^^^^^^^^^^^^^^^^^^^^^^
  File "/home/auss/git_repos/samaust/Experiments_4DGS/scripts/vipe_benchmark/s1_helper_session.py", line 1840, in owned_workload
    if note.get('schema')!='plan049-prospective-launch/v1':raise ValueError('owned root schema')
                                                           ^^^^^^^^^^^^^^^^^^^^^^^^^^^^^^^^^^^^^
ValueError: owned root schema

======================================================================
ERROR: test_direct_script_declaration_lookup (test_vipe_benchmark_s1_recovery.NumericalEnvelopeTests.test_direct_script_declaration_lookup) (suite='backends', selector='AssetAndDetectorTests.test_phrase_ambiguity_and_capacity_fail_before_casting')
----------------------------------------------------------------------
Traceback (most recent call last):
  File "/home/auss/git_repos/samaust/Experiments_4DGS/tests/test_vipe_benchmark_s1_recovery.py", line 2480, in test_direct_script_declaration_lookup
    self.assertLessEqual(owned_workload(os.environ['S1_OWNED_ROOT_NOTE'])['total_workers']+1,8)
                         ~~~~~~~~~~~~~~^^^^^^^^^^^^^^^^^^^^^^^^^^^^^^^^^^
  File "/home/auss/git_repos/samaust/Experiments_4DGS/scripts/vipe_benchmark/s1_helper_session.py", line 1840, in owned_workload
    if note.get('schema')!='plan049-prospective-launch/v1':raise ValueError('owned root schema')
                                                           ^^^^^^^^^^^^^^^^^^^^^^^^^^^^^^^^^^^^^
ValueError: owned root schema

======================================================================
ERROR: test_direct_script_declaration_lookup (test_vipe_benchmark_s1_recovery.NumericalEnvelopeTests.test_direct_script_declaration_lookup) (suite='contracts', selector='AccessTests.test_heldout_final_window_wrong_branch_and_pair_rejected')
----------------------------------------------------------------------
Traceback (most recent call last):
  File "/home/auss/git_repos/samaust/Experiments_4DGS/tests/test_vipe_benchmark_s1_recovery.py", line 2480, in test_direct_script_declaration_lookup
    self.assertLessEqual(owned_workload(os.environ['S1_OWNED_ROOT_NOTE'])['total_workers']+1,8)
                         ~~~~~~~~~~~~~~^^^^^^^^^^^^^^^^^^^^^^^^^^^^^^^^^^
  File "/home/auss/git_repos/samaust/Experiments_4DGS/scripts/vipe_benchmark/s1_helper_session.py", line 1840, in owned_workload
    if note.get('schema')!='plan049-prospective-launch/v1':raise ValueError('owned root schema')
                                                           ^^^^^^^^^^^^^^^^^^^^^^^^^^^^^^^^^^^^^
ValueError: owned root schema

======================================================================
ERROR: test_direct_script_declaration_lookup (test_vipe_benchmark_s1_recovery.NumericalEnvelopeTests.test_direct_script_declaration_lookup) (suite='component_recovery', selector='ComponentRecoveryTests.test_scope_validation_and_cumulative_cap_are_not_relaxed')
----------------------------------------------------------------------
Traceback (most recent call last):
  File "/home/auss/git_repos/samaust/Experiments_4DGS/tests/test_vipe_benchmark_s1_recovery.py", line 2480, in test_direct_script_declaration_lookup
    self.assertLessEqual(owned_workload(os.environ['S1_OWNED_ROOT_NOTE'])['total_workers']+1,8)
                         ~~~~~~~~~~~~~~^^^^^^^^^^^^^^^^^^^^^^^^^^^^^^^^^^
  File "/home/auss/git_repos/samaust/Experiments_4DGS/scripts/vipe_benchmark/s1_helper_session.py", line 1840, in owned_workload
    if note.get('schema')!='plan049-prospective-launch/v1':raise ValueError('owned root schema')
                                                           ^^^^^^^^^^^^^^^^^^^^^^^^^^^^^^^^^^^^^
ValueError: owned root schema

======================================================================
ERROR: test_direct_script_declaration_lookup (test_vipe_benchmark_s1_recovery.NumericalEnvelopeTests.test_direct_script_declaration_lookup) (suite='supervisor', selector='HelperIntegrationTests.test_cleanup_failures')
----------------------------------------------------------------------
Traceback (most recent call last):
  File "/home/auss/git_repos/samaust/Experiments_4DGS/tests/test_vipe_benchmark_s1_recovery.py", line 2480, in test_direct_script_declaration_lookup
    self.assertLessEqual(owned_workload(os.environ['S1_OWNED_ROOT_NOTE'])['total_workers']+1,8)
                         ~~~~~~~~~~~~~~^^^^^^^^^^^^^^^^^^^^^^^^^^^^^^^^^^
  File "/home/auss/git_repos/samaust/Experiments_4DGS/scripts/vipe_benchmark/s1_helper_session.py", line 1840, in owned_workload
    if note.get('schema')!='plan049-prospective-launch/v1':raise ValueError('owned root schema')
                                                           ^^^^^^^^^^^^^^^^^^^^^^^^^^^^^^^^^^^^^
ValueError: owned root schema

======================================================================
ERROR: test_terminal_and_resolver_numerical_mutations (test_vipe_benchmark_s1_recovery.NumericalEnvelopeTests.test_terminal_and_resolver_numerical_mutations)
----------------------------------------------------------------------
Traceback (most recent call last):
  File "/home/auss/git_repos/samaust/Experiments_4DGS/scripts/vipe_benchmark/supervisor.py", line 283, in monitored_call
    session.await_ready()
    ~~~~~~~~~~~~~~~~~~~^^
  File "/home/auss/git_repos/samaust/Experiments_4DGS/scripts/vipe_benchmark/s1_helper_session.py", line 2397, in await_ready
    self.tick(end); time.sleep(min(.005,max(0.,end-time.monotonic())))
    ~~~~~~~~~^^^^^
  File "/home/auss/git_repos/samaust/Experiments_4DGS/scripts/vipe_benchmark/s1_helper_session.py", line 2312, in tick
    if self.owner.cancelled or self.poisoned: raise RuntimeError('S1 helper session poisoned: '+str(list(self.owner.errors)))
                                              ^^^^^^^^^^^^^^^^^^^^^^^^^^^^^^^^^^^^^^^^^^^^^^^^^^^^^^^^^^^^^^^^^^^^^^^^^^^^^^^
RuntimeError: S1 helper session poisoned: [{'error_class': 'ValueError', 'message': 'owned root schema', 'phase': 'startup'}]

The above exception was the direct cause of the following exception:

Traceback (most recent call last):
  File "/home/auss/git_repos/samaust/Experiments_4DGS/tests/test_vipe_benchmark_s1_recovery.py", line 2429, in test_terminal_and_resolver_numerical_mutations
    _, request, record = fixture.run_controller()
                         ~~~~~~~~~~~~~~~~~~~~~~^^
  File "/home/auss/git_repos/samaust/Experiments_4DGS/tests/test_vipe_benchmark_s1_recovery.py", line 459, in run_controller
    execute_s1_recovery(self.root,docs,self.config,auth)
    ~~~~~~~~~~~~~~~~~~~^^^^^^^^^^^^^^^^^^^^^^^^^^^^^^^^^
  File "/home/auss/git_repos/samaust/Experiments_4DGS/scripts/vipe_benchmark/execution.py", line 665, in execute_s1_recovery
    return dispatch(local, docs, config, component_recovery_request(local, config, JOB))
  File "/home/auss/git_repos/samaust/Experiments_4DGS/scripts/vipe_benchmark/execution.py", line 541, in dispatch
    result = supervise(ledger, job, command, local / 'jobs' / suffix,
        evidence=evidence,
        sample_resources=s1_sampling_operation(local) if job == 'S1-calibration-recovery-001' else lambda: resources(local, gpu=device_monitored),
        validate_result=validate, poll_seconds=.1 if job == 'S1-calibration-recovery-001' else 2., checkpoint=checkpoint, resume_checkpoint=resume_checkpoint,
        terminal_publisher=publish if job == 'S1-calibration-recovery-001' else None, terminal_docs=docs)
  File "/home/auss/git_repos/samaust/Experiments_4DGS/scripts/vipe_benchmark/supervisor.py", line 368, in supervise
    initial = (monitored_call(sampler, time.monotonic()+2., sampler, ledger.config, peak,
               ~~~~~~~~~~~~~~^^^^^^^^^^^^^^^^^^^^^^^^^^^^^^^^^^^^^^^^^^^^^^^^^^^^^^^^^^^^
                              lifecycle=lifecycle, phase='initial_sample') if is_s1 else sampler())
                              ^^^^^^^^^^^^^^^^^^^^^^^^^^^^^^^^^^^^^^^^^^^^
  File "/usr/lib/python3.14/unittest/mock.py", line 1176, in __call__
    return self._mock_call(*args, **kwargs)
           ~~~~~~~~~~~~~~~^^^^^^^^^^^^^^^^^
  File "/usr/lib/python3.14/unittest/mock.py", line 1180, in _mock_call
    return self._execute_mock_call(*args, **kwargs)
           ~~~~~~~~~~~~~~~~~~~~~~~^^^^^^^^^^^^^^^^^
  File "/usr/lib/python3.14/unittest/mock.py", line 1247, in _execute_mock_call
    result = effect(*args, **kwargs)
  File "/home/auss/git_repos/samaust/Experiments_4DGS/tests/test_vipe_benchmark_s1_recovery.py", line 428, in monitor
    result=original_monitor(*args,**kwargs)
  File "/home/auss/git_repos/samaust/Experiments_4DGS/scripts/vipe_benchmark/supervisor.py", line 330, in monitored_call
    raise primary from exc
vipe_benchmark.supervisor.HelperFailure: RuntimeError: S1 helper session poisoned: [{'error_class': 'ValueError', 'message': 'owned root schema', 'phase': 'startup'}]
HelperCleanupUncertain: helper cleanup not confirmed
pre-reservation helper cleanup not confirmed

======================================================================
ERROR: test_execution_mutations (test_vipe_benchmark_s1_recovery.ReceiptContractTests.test_execution_mutations)
----------------------------------------------------------------------
Traceback (most recent call last):
  File "/home/auss/git_repos/samaust/Experiments_4DGS/tests/test_vipe_benchmark_s1_recovery.py", line 851, in test_execution_mutations
    cap_child=fresh_process_refuses(path,prefix,terminal,'cap')
  File "/home/auss/git_repos/samaust/Experiments_4DGS/tests/test_vipe_benchmark_s1_recovery.py", line 818, in fresh_process_refuses
    child=helper.create_owned_process('focused poison marker '+label,subprocess.Popen,list(command),
        stdout=out,stderr=err,env=env,cwd=str(ROOT))
  File "/home/auss/git_repos/samaust/Experiments_4DGS/scripts/vipe_benchmark/s1_helper_session.py", line 1575, in create_owned_process
    observed=predispatch_owned(event)
  File "/home/auss/git_repos/samaust/Experiments_4DGS/scripts/vipe_benchmark/s1_helper_session.py", line 1564, in predispatch_owned
    observed=owned_workload(os.environ['S1_OWNED_ROOT_NOTE'])
  File "/home/auss/git_repos/samaust/Experiments_4DGS/scripts/vipe_benchmark/s1_helper_session.py", line 1840, in owned_workload
    if note.get('schema')!='plan049-prospective-launch/v1':raise ValueError('owned root schema')
                                                           ^^^^^^^^^^^^^^^^^^^^^^^^^^^^^^^^^^^^^
ValueError: owned root schema

======================================================================
ERROR: test_acceptance_and_historical_authority (test_vipe_benchmark_s1_recovery.ReservationClockTests.test_acceptance_and_historical_authority)
----------------------------------------------------------------------
Traceback (most recent call last):
  File "/home/auss/git_repos/samaust/Experiments_4DGS/scripts/vipe_benchmark/supervisor.py", line 283, in monitored_call
    session.await_ready()
    ~~~~~~~~~~~~~~~~~~~^^
  File "/home/auss/git_repos/samaust/Experiments_4DGS/scripts/vipe_benchmark/s1_helper_session.py", line 2397, in await_ready
    self.tick(end); time.sleep(min(.005,max(0.,end-time.monotonic())))
    ~~~~~~~~~^^^^^
  File "/home/auss/git_repos/samaust/Experiments_4DGS/scripts/vipe_benchmark/s1_helper_session.py", line 2312, in tick
    if self.owner.cancelled or self.poisoned: raise RuntimeError('S1 helper session poisoned: '+str(list(self.owner.errors)))
                                              ^^^^^^^^^^^^^^^^^^^^^^^^^^^^^^^^^^^^^^^^^^^^^^^^^^^^^^^^^^^^^^^^^^^^^^^^^^^^^^^
RuntimeError: S1 helper session poisoned: [{'error_class': 'ValueError', 'message': 'owned root schema', 'phase': 'startup'}]

The above exception was the direct cause of the following exception:

Traceback (most recent call last):
  File "/home/auss/git_repos/samaust/Experiments_4DGS/tests/test_vipe_benchmark_s1_recovery.py", line 2296, in test_acceptance_and_historical_authority
    _,request,record=fixture.run_controller(); clock=fixture.clock
                     ~~~~~~~~~~~~~~~~~~~~~~^^
  File "/home/auss/git_repos/samaust/Experiments_4DGS/tests/test_vipe_benchmark_s1_recovery.py", line 459, in run_controller
    execute_s1_recovery(self.root,docs,self.config,auth)
    ~~~~~~~~~~~~~~~~~~~^^^^^^^^^^^^^^^^^^^^^^^^^^^^^^^^^
  File "/home/auss/git_repos/samaust/Experiments_4DGS/scripts/vipe_benchmark/execution.py", line 665, in execute_s1_recovery
    return dispatch(local, docs, config, component_recovery_request(local, config, JOB))
  File "/home/auss/git_repos/samaust/Experiments_4DGS/scripts/vipe_benchmark/execution.py", line 541, in dispatch
    result = supervise(ledger, job, command, local / 'jobs' / suffix,
        evidence=evidence,
        sample_resources=s1_sampling_operation(local) if job == 'S1-calibration-recovery-001' else lambda: resources(local, gpu=device_monitored),
        validate_result=validate, poll_seconds=.1 if job == 'S1-calibration-recovery-001' else 2., checkpoint=checkpoint, resume_checkpoint=resume_checkpoint,
        terminal_publisher=publish if job == 'S1-calibration-recovery-001' else None, terminal_docs=docs)
  File "/home/auss/git_repos/samaust/Experiments_4DGS/scripts/vipe_benchmark/supervisor.py", line 368, in supervise
    initial = (monitored_call(sampler, time.monotonic()+2., sampler, ledger.config, peak,
               ~~~~~~~~~~~~~~^^^^^^^^^^^^^^^^^^^^^^^^^^^^^^^^^^^^^^^^^^^^^^^^^^^^^^^^^^^^
                              lifecycle=lifecycle, phase='initial_sample') if is_s1 else sampler())
                              ^^^^^^^^^^^^^^^^^^^^^^^^^^^^^^^^^^^^^^^^^^^^
  File "/usr/lib/python3.14/unittest/mock.py", line 1176, in __call__
    return self._mock_call(*args, **kwargs)
           ~~~~~~~~~~~~~~~^^^^^^^^^^^^^^^^^
  File "/usr/lib/python3.14/unittest/mock.py", line 1180, in _mock_call
    return self._execute_mock_call(*args, **kwargs)
           ~~~~~~~~~~~~~~~~~~~~~~~^^^^^^^^^^^^^^^^^
  File "/usr/lib/python3.14/unittest/mock.py", line 1247, in _execute_mock_call
    result = effect(*args, **kwargs)
  File "/home/auss/git_repos/samaust/Experiments_4DGS/tests/test_vipe_benchmark_s1_recovery.py", line 428, in monitor
    result=original_monitor(*args,**kwargs)
  File "/home/auss/git_repos/samaust/Experiments_4DGS/scripts/vipe_benchmark/supervisor.py", line 330, in monitored_call
    raise primary from exc
vipe_benchmark.supervisor.HelperFailure: RuntimeError: S1 helper session poisoned: [{'error_class': 'ValueError', 'message': 'owned root schema', 'phase': 'startup'}]
HelperCleanupUncertain: helper cleanup not confirmed
pre-reservation helper cleanup not confirmed

======================================================================
ERROR: test_result_requires_supervised_cleanup_and_exact_membership (test_vipe_benchmark_s1_recovery.S1RecoveryTests.test_result_requires_supervised_cleanup_and_exact_membership)
----------------------------------------------------------------------
Traceback (most recent call last):
  File "/home/auss/git_repos/samaust/Experiments_4DGS/scripts/vipe_benchmark/supervisor.py", line 283, in monitored_call
    session.await_ready()
    ~~~~~~~~~~~~~~~~~~~^^
  File "/home/auss/git_repos/samaust/Experiments_4DGS/scripts/vipe_benchmark/s1_helper_session.py", line 2397, in await_ready
    self.tick(end); time.sleep(min(.005,max(0.,end-time.monotonic())))
    ~~~~~~~~~^^^^^
  File "/home/auss/git_repos/samaust/Experiments_4DGS/scripts/vipe_benchmark/s1_helper_session.py", line 2312, in tick
    if self.owner.cancelled or self.poisoned: raise RuntimeError('S1 helper session poisoned: '+str(list(self.owner.errors)))
                                              ^^^^^^^^^^^^^^^^^^^^^^^^^^^^^^^^^^^^^^^^^^^^^^^^^^^^^^^^^^^^^^^^^^^^^^^^^^^^^^^
RuntimeError: S1 helper session poisoned: [{'error_class': 'ValueError', 'message': 'owned root schema', 'phase': 'startup'}]

The above exception was the direct cause of the following exception:

Traceback (most recent call last):
  File "/home/auss/git_repos/samaust/Experiments_4DGS/tests/test_vipe_benchmark_s1_recovery.py", line 479, in test_result_requires_supervised_cleanup_and_exact_membership
    auth,request,result=self.run_controller()
                        ~~~~~~~~~~~~~~~~~~~^^
  File "/home/auss/git_repos/samaust/Experiments_4DGS/tests/test_vipe_benchmark_s1_recovery.py", line 459, in run_controller
    execute_s1_recovery(self.root,docs,self.config,auth)
    ~~~~~~~~~~~~~~~~~~~^^^^^^^^^^^^^^^^^^^^^^^^^^^^^^^^^
  File "/home/auss/git_repos/samaust/Experiments_4DGS/scripts/vipe_benchmark/execution.py", line 665, in execute_s1_recovery
    return dispatch(local, docs, config, component_recovery_request(local, config, JOB))
  File "/home/auss/git_repos/samaust/Experiments_4DGS/scripts/vipe_benchmark/execution.py", line 541, in dispatch
    result = supervise(ledger, job, command, local / 'jobs' / suffix,
        evidence=evidence,
        sample_resources=s1_sampling_operation(local) if job == 'S1-calibration-recovery-001' else lambda: resources(local, gpu=device_monitored),
        validate_result=validate, poll_seconds=.1 if job == 'S1-calibration-recovery-001' else 2., checkpoint=checkpoint, resume_checkpoint=resume_checkpoint,
        terminal_publisher=publish if job == 'S1-calibration-recovery-001' else None, terminal_docs=docs)
  File "/home/auss/git_repos/samaust/Experiments_4DGS/scripts/vipe_benchmark/supervisor.py", line 368, in supervise
    initial = (monitored_call(sampler, time.monotonic()+2., sampler, ledger.config, peak,
               ~~~~~~~~~~~~~~^^^^^^^^^^^^^^^^^^^^^^^^^^^^^^^^^^^^^^^^^^^^^^^^^^^^^^^^^^^^
                              lifecycle=lifecycle, phase='initial_sample') if is_s1 else sampler())
                              ^^^^^^^^^^^^^^^^^^^^^^^^^^^^^^^^^^^^^^^^^^^^
  File "/usr/lib/python3.14/unittest/mock.py", line 1176, in __call__
    return self._mock_call(*args, **kwargs)
           ~~~~~~~~~~~~~~~^^^^^^^^^^^^^^^^^
  File "/usr/lib/python3.14/unittest/mock.py", line 1180, in _mock_call
    return self._execute_mock_call(*args, **kwargs)
           ~~~~~~~~~~~~~~~~~~~~~~~^^^^^^^^^^^^^^^^^
  File "/usr/lib/python3.14/unittest/mock.py", line 1247, in _execute_mock_call
    result = effect(*args, **kwargs)
  File "/home/auss/git_repos/samaust/Experiments_4DGS/tests/test_vipe_benchmark_s1_recovery.py", line 428, in monitor
    result=original_monitor(*args,**kwargs)
  File "/home/auss/git_repos/samaust/Experiments_4DGS/scripts/vipe_benchmark/supervisor.py", line 330, in monitored_call
    raise primary from exc
vipe_benchmark.supervisor.HelperFailure: RuntimeError: S1 helper session poisoned: [{'error_class': 'ValueError', 'message': 'owned root schema', 'phase': 'startup'}]
HelperCleanupUncertain: helper cleanup not confirmed
pre-reservation helper cleanup not confirmed

----------------------------------------------------------------------
Ran 41 tests in 41.073s

FAILED (errors=10)
test_grounding_uses_native_caption_thresholds_and_float_boxes (test_vipe_benchmark_backends.AssetAndDetectorTests.test_grounding_uses_native_caption_thresholds_and_float_boxes) ... ok
test_missing_assets_fail_before_torch_import (test_vipe_benchmark_backends.AssetAndDetectorTests.test_missing_assets_fail_before_torch_import) ... ok
test_phrase_ambiguity_and_capacity_fail_before_casting (test_vipe_benchmark_backends.AssetAndDetectorTests.test_phrase_ambiguity_and_capacity_fail_before_casting) ... ok
test_rtdetr_threshold_equality_label_names_and_processor (test_vipe_benchmark_backends.AssetAndDetectorTests.test_rtdetr_threshold_equality_label_names_and_processor) ... ok
test_source_pin_and_snapshot_contents_are_not_inferred_from_directory_name (test_vipe_benchmark_backends.AssetAndDetectorTests.test_source_pin_and_snapshot_contents_are_not_inferred_from_directory_name) ... ok
test_d0_preserves_native_centered_K_and_float_invocation (test_vipe_benchmark_backends.DepthTests.test_d0_preserves_native_centered_K_and_float_invocation) ... ok
test_da3_invalid_support_is_not_interpolated_and_double_scaling_fails (test_vipe_benchmark_backends.DepthTests.test_da3_invalid_support_is_not_interpolated_and_double_scaling_fails) ... ok
test_da3_uses_processor_K_once_no_pose_alignment_and_missing_confidence (test_vipe_benchmark_backends.DepthTests.test_da3_uses_processor_K_once_no_pose_alignment_and_missing_confidence) ... ok
test_depth_pro_focal_device_tensor_native_inversion_and_no_extra_factor (test_vipe_benchmark_backends.DepthTests.test_depth_pro_focal_device_tensor_native_inversion_and_no_extra_factor) ... ok
test_metric3d_resized_focal_unpad_and_native_clamp (test_vipe_benchmark_backends.DepthTests.test_metric3d_resized_focal_unpad_and_native_clamp) ... ok
test_unidepth_byte_nchw_K_and_actual_dimensions (test_vipe_benchmark_backends.DepthTests.test_unidepth_byte_nchw_K_and_actual_dimensions) ... ok
test_d1_native_constructor_only_uses_explicit_snapshot_and_bilinear (test_vipe_benchmark_backends.FactoryTests.test_d1_native_constructor_only_uses_explicit_snapshot_and_bilinear) ... ok
test_metric3d_hub_is_local_and_never_fetches_pretrained_URL (test_vipe_benchmark_backends.FactoryTests.test_metric3d_hub_is_local_and_never_fetches_pretrained_URL) ... ok
test_sam2_requires_native_extension_and_disables_build_compilation (test_vipe_benchmark_backends.FactoryTests.test_sam2_requires_native_extension_and_disables_build_compilation) ... ok
test_sam3_missing_required_weight_stops_before_processor_and_restores_loader (test_vipe_benchmark_backends.FactoryTests.test_sam3_missing_required_weight_stops_before_processor_and_restores_loader) ... ok
test_sam3_preserves_native_key_selection_records_extras_and_moves_cuda_index (test_vipe_benchmark_backends.FactoryTests.test_sam3_preserves_native_key_selection_records_extras_and_moves_cuda_index) ... ok
test_sam3_serial_and_perflib_overrides_are_checked_without_fallback (test_vipe_benchmark_backends.FactoryTests.test_sam3_serial_and_perflib_overrides_are_checked_without_fallback) ... ok
test_sam3_unobserved_or_repeated_checkpoint_load_cannot_qualify (test_vipe_benchmark_backends.FactoryTests.test_sam3_unobserved_or_repeated_checkpoint_load_cannot_qualify) ... ok
test_fresh_trackers_reuse_stable_checkpoint_cache_keys (test_vipe_benchmark_backends.HistoricalCacheBindingTests.test_fresh_trackers_reuse_stable_checkpoint_cache_keys) ... ok
test_s0_observes_native_scores_without_changing_invocation (test_vipe_benchmark_backends.LegacyAndSAM3Tests.test_s0_observes_native_scores_without_changing_invocation) ... ok
test_s1_native_box_refinement_tiny_masks_merge_and_tracking (test_vipe_benchmark_backends.LegacyAndSAM3Tests.test_s1_native_box_refinement_tiny_masks_merge_and_tracking) ... ok
test_sam3_separate_concepts_native_births_and_score_ties (test_vipe_benchmark_backends.LegacyAndSAM3Tests.test_sam3_separate_concepts_native_births_and_score_ties) ... ok
test_constructor_failure_restores_cwd_and_native_builder (test_vipe_benchmark_backends.S1NativeBridgeTests.test_constructor_failure_restores_cwd_and_native_builder) ... ok
test_constructor_rejects_changed_arguments_and_unsupervised_temporary_root (test_vipe_benchmark_backends.S1NativeBridgeTests.test_constructor_rejects_changed_arguments_and_unsupervised_temporary_root) ... ok
test_constructor_removes_only_inert_argument_and_contains_native_config_writes (test_vipe_benchmark_backends.S1NativeBridgeTests.test_constructor_removes_only_inert_argument_and_contains_native_config_writes) ... ok
test_memory_update_uses_exact_native_nearest_grid_and_keeps_original_export (test_vipe_benchmark_backends.S1NativeBridgeTests.test_memory_update_uses_exact_native_nearest_grid_and_keeps_original_export) ... ok
test_native_palette_import_preserves_seed_state_on_success_and_failure (test_vipe_benchmark_backends.S1NativeBridgeTests.test_native_palette_import_preserves_seed_state_on_success_and_failure) ... ok
test_native_wrapper_argument_drift_is_rejected_before_engine_construction (test_vipe_benchmark_backends.S1NativeBridgeTests.test_native_wrapper_argument_drift_is_rejected_before_engine_construction) ... ok
test_pair_bridge_rejects_extra_frames_reference_and_propagation (test_vipe_benchmark_backends.S1NativeBridgeTests.test_pair_bridge_rejects_extra_frames_reference_and_propagation) ... ok
test_pair_bridge_rejects_missing_resets_and_singleton_tracking (test_vipe_benchmark_backends.S1NativeBridgeTests.test_pair_bridge_rejects_missing_resets_and_singleton_tracking) ... ok
test_empty_keyframe_never_runs_successor_detector (test_vipe_benchmark_backends.SAM2Tests.test_empty_keyframe_never_runs_successor_detector) ... ok
test_incomplete_propagation_fails_and_resets (test_vipe_benchmark_backends.SAM2Tests.test_incomplete_propagation_fails_and_resets) ... ok
test_native_postprocessing_skip_fails_pair_and_resets_before_export (test_vipe_benchmark_backends.SAM2Tests.test_native_postprocessing_skip_fails_pair_and_resets_before_export) ... ok
test_pair_reset_highest_iou_original_grid_overlap_and_static (test_vipe_benchmark_backends.SAM2Tests.test_pair_reset_highest_iou_original_grid_overlap_and_static) ... ok
test_source_frames_not_internal_indices_or_cross_role_context (test_vipe_benchmark_backends.SAM2Tests.test_source_frames_not_internal_indices_or_cross_role_context) ... ok

----------------------------------------------------------------------
Ran 35 tests in 0.046s

OK
test_duplicate_missing_and_wrong_grid (test_vipe_benchmark_contracts.AccessTests.test_duplicate_missing_and_wrong_grid) ... ok
test_exact_protocol_counts_and_order (test_vipe_benchmark_contracts.AccessTests.test_exact_protocol_counts_and_order) ... ok
test_hash_change_and_exclusive_output (test_vipe_benchmark_contracts.AccessTests.test_hash_change_and_exclusive_output) ... ok
test_heldout_final_window_wrong_branch_and_pair_rejected (test_vipe_benchmark_contracts.AccessTests.test_heldout_final_window_wrong_branch_and_pair_rejected) ... ok
test_motion_context_roles_and_ends (test_vipe_benchmark_contracts.AccessTests.test_motion_context_roles_and_ends) ... ok
test_pair_contexts_are_distinct_without_weakening_historical_guard (test_vipe_benchmark_contracts.AccessTests.test_pair_contexts_are_distinct_without_weakening_historical_guard) ... ok
test_prohibited_spelling_and_symlink_rejected_without_reading (test_vipe_benchmark_contracts.AccessTests.test_prohibited_spelling_and_symlink_rejected_without_reading) ... ok
test_camera_z_range_and_exactly_one_metric_conversion (test_vipe_benchmark_contracts.ArrayTests.test_camera_z_range_and_exactly_one_metric_conversion) ... ok
test_invalid_depth_nan_contract (test_vipe_benchmark_contracts.ArrayTests.test_invalid_depth_nan_contract) ... ok
test_nonuniform_crop_pad_and_half_pixel_analytic (test_vipe_benchmark_contracts.ArrayTests.test_nonuniform_crop_pad_and_half_pixel_analytic) ... ok
test_overlap_greatest_logit_then_score_then_index (test_vipe_benchmark_contracts.ArrayTests.test_overlap_greatest_logit_then_score_then_index) ... ok
test_radial_remap_against_independent_formula (test_vipe_benchmark_contracts.ArrayTests.test_radial_remap_against_independent_formula) ... ok
test_scaled_camera_projection_and_normalization (test_vipe_benchmark_contracts.ArrayTests.test_scaled_camera_projection_and_normalization) ... ok
test_sparse_cv_quantized_support_including_borders (test_vipe_benchmark_contracts.ArrayTests.test_sparse_cv_quantized_support_including_borders) ... ok
test_static_polarity_semantics_invalid_and_capacity (test_vipe_benchmark_contracts.ArrayTests.test_static_polarity_semantics_invalid_and_capacity) ... ok

----------------------------------------------------------------------
Ran 15 tests in 0.007s

OK
test_recipe_is_derived_from_original_and_missing_prerequisites_block (test_vipe_benchmark_component_recovery.ComponentRecoveryTests.test_recipe_is_derived_from_original_and_missing_prerequisites_block) ... ok
test_scope_validation_and_cumulative_cap_are_not_relaxed (test_vipe_benchmark_component_recovery.ComponentRecoveryTests.test_scope_validation_and_cumulative_cap_are_not_relaxed) ... ok
test_successful_recovery_preserves_failure_and_requires_registered_valid_result (test_vipe_benchmark_component_recovery.ComponentRecoveryTests.test_successful_recovery_preserves_failure_and_requires_registered_valid_result) ... ok

----------------------------------------------------------------------
Ran 3 tests in 0.012s

OK
test_invalid_json_never_publishes_partial_evidence (test_vipe_benchmark_execution.AtomicEvidenceTests.test_invalid_json_never_publishes_partial_evidence) ... ok
test_model_attempts_cannot_use_aggregation_resume (test_vipe_benchmark_execution.CheckpointTests.test_model_attempts_cannot_use_aggregation_resume) ... ok
test_three_stages_consume_one_aggregate_attempt_and_charge_only_active_wall (test_vipe_benchmark_execution.CheckpointTests.test_three_stages_consume_one_aggregate_attempt_and_charge_only_active_wall) ... ok
test_annotation_result_and_aggregate_checkpoint_bind_successful_parent (test_vipe_benchmark_execution.FrozenHandoffTests.test_annotation_result_and_aggregate_checkpoint_bind_successful_parent) ... ok
test_completed_report_is_returned_without_readmission_or_another_pass (test_vipe_benchmark_execution.FrozenHandoffTests.test_completed_report_is_returned_without_readmission_or_another_pass) ... ok
test_failed_readonly_qualification_still_charges_elapsed_cpu (test_vipe_benchmark_execution.FrozenHandoffTests.test_failed_readonly_qualification_still_charges_elapsed_cpu) ... ok
test_orphaned_passing_scale_cannot_admit_check_and_completed_scale_cannot_change (test_vipe_benchmark_execution.FrozenHandoffTests.test_orphaned_passing_scale_cannot_admit_check_and_completed_scale_cannot_change) ... ok
test_worker_error_cannot_override_supervisor_exclusivity_stop (test_vipe_benchmark_execution.FrozenHandoffTests.test_worker_error_cannot_override_supervisor_exclusivity_stop) ... ok
test_worker_retains_grid_identity_and_validates_first_output_before_continuing (test_vipe_benchmark_execution.SegmentationWorkerTests.test_worker_retains_grid_identity_and_validates_first_output_before_continuing) ... ok
test_revision_and_path_traversal_are_checked_before_extracting (test_vipe_benchmark_execution.SourceArchiveTests.test_revision_and_path_traversal_are_checked_before_extracting) ... ok

----------------------------------------------------------------------
Ran 10 tests in 0.044s

OK
test_artifact_allowance_limits_next_read (test_vipe_benchmark_budgets.BudgetTests.test_artifact_allowance_limits_next_read) ... ok
test_artifact_hardlinks_count_once_with_allocated_blocks (test_vipe_benchmark_budgets.BudgetTests.test_artifact_hardlinks_count_once_with_allocated_blocks) ... ok
test_cancelled_waiting_lock_does_not_enter_download_scope (test_vipe_benchmark_budgets.BudgetTests.test_cancelled_waiting_lock_does_not_enter_download_scope) ... ok
test_concurrent_rename_is_rescanned_instead_of_losing_storage (test_vipe_benchmark_budgets.BudgetTests.test_concurrent_rename_is_rescanned_instead_of_losing_storage) ... ok
test_counted_output_cannot_escape_the_run (test_vipe_benchmark_budgets.BudgetTests.test_counted_output_cannot_escape_the_run) ... ok
test_direct_actual_counter_cannot_decrease_or_change_output (test_vipe_benchmark_budgets.BudgetTests.test_direct_actual_counter_cannot_decrease_or_change_output) ... ok
test_direct_file_inside_cache_is_not_also_a_package_proxy (test_vipe_benchmark_budgets.BudgetTests.test_direct_file_inside_cache_is_not_also_a_package_proxy) ... ok
test_direct_progress_baseline_does_not_double_charge_own_flushed_chunk (test_vipe_benchmark_budgets.BudgetTests.test_direct_progress_baseline_does_not_double_charge_own_flushed_chunk) ... ok
test_direct_reservation_survives_failure_receipt_with_fewer_known_bytes (test_vipe_benchmark_budgets.BudgetTests.test_direct_reservation_survives_failure_receipt_with_fewer_known_bytes) ... ok
test_duplicate_identity_and_negative_counts_fail_closed (test_vipe_benchmark_budgets.BudgetTests.test_duplicate_identity_and_negative_counts_fail_closed) ... ok
test_exact_sixty_gib_cap_requires_no_large_fixture (test_vipe_benchmark_budgets.BudgetTests.test_exact_sixty_gib_cap_requires_no_large_fixture) ... ok
test_failed_and_successful_receipts_retain_all_received_bytes (test_vipe_benchmark_budgets.BudgetTests.test_failed_and_successful_receipts_retain_all_received_bytes) ... ok
test_historical_reservation_does_not_mask_new_attempt_local_bytes (test_vipe_benchmark_budgets.BudgetTests.test_historical_reservation_does_not_mask_new_attempt_local_bytes) ... ok
test_incomplete_receipts_fail_closed (test_vipe_benchmark_budgets.BudgetTests.test_incomplete_receipts_fail_closed) ... ok
test_intent_bridges_partial_rename_and_receipt_publication_once (test_vipe_benchmark_budgets.BudgetTests.test_intent_bridges_partial_rename_and_receipt_publication_once) ... ok
test_legacy_teacher_partial_covered_but_later_growth_charged (test_vipe_benchmark_budgets.BudgetTests.test_legacy_teacher_partial_covered_but_later_growth_charged) ... ok
test_lock_caches_scan_but_charges_every_intervening_read (test_vipe_benchmark_budgets.BudgetTests.test_lock_caches_scan_but_charges_every_intervening_read) ... ok
test_negative_count_is_not_silently_ignored (test_vipe_benchmark_budgets.BudgetTests.test_negative_count_is_not_silently_ignored) ... ok
test_new_attempt_on_same_path_adds_bytes_to_historical_failure (test_vipe_benchmark_budgets.BudgetTests.test_new_attempt_on_same_path_adds_bytes_to_historical_failure) ... ok
test_orphan_partial_is_charged (test_vipe_benchmark_budgets.BudgetTests.test_orphan_partial_is_charged) ... ok
test_package_orphan_partial_uses_retained_cache_scope_once (test_vipe_benchmark_budgets.BudgetTests.test_package_orphan_partial_uses_retained_cache_scope_once) ... ok
test_progress_without_final_receipt_or_payload_keeps_crash_charge (test_vipe_benchmark_budgets.BudgetTests.test_progress_without_final_receipt_or_payload_keeps_crash_charge) ... ok
test_received_but_unwritten_bytes_reduce_next_read (test_vipe_benchmark_budgets.BudgetTests.test_received_but_unwritten_bytes_reduce_next_read) ... ok
test_retained_failed_partial_is_not_counted_twice (test_vipe_benchmark_budgets.BudgetTests.test_retained_failed_partial_is_not_counted_twice) ... ok
test_slow_snapshot_still_reuses_inventory_and_charges_pending_bytes (test_vipe_benchmark_budgets.BudgetTests.test_slow_snapshot_still_reuses_inventory_and_charges_pending_bytes) ... ok
test_successful_direct_flush_replaces_reservation_with_actual_bytes_once (test_vipe_benchmark_budgets.BudgetTests.test_successful_direct_flush_replaces_reservation_with_actual_bytes_once) ... ok
test_symlinks_and_prompts_directories_are_not_traversed (test_vipe_benchmark_budgets.BudgetTests.test_symlinks_and_prompts_directories_are_not_traversed) ... ok
test_two_transfer_threads_cannot_spend_the_same_remaining_bytes (test_vipe_benchmark_budgets.BudgetTests.test_two_transfer_threads_cannot_spend_the_same_remaining_bytes) ... ok
test_unreceipted_teacher_output_is_counted_during_publication_gap (test_vipe_benchmark_budgets.BudgetTests.test_unreceipted_teacher_output_is_counted_during_publication_gap) ... ok
test_uv_local_growth_obeys_max_without_double_charging_cache (test_vipe_benchmark_budgets.BudgetTests.test_uv_local_growth_obeys_max_without_double_charging_cache) ... ok
test_uv_uses_larger_wire_or_retained_package_scope (test_vipe_benchmark_budgets.BudgetTests.test_uv_uses_larger_wire_or_retained_package_scope) ... ok

----------------------------------------------------------------------
Ran 31 tests in 0.018s

OK
test_bootstrap_failure_and_eof_preserve_child (test_vipe_benchmark_supervisor.HelperIntegrationTests.test_bootstrap_failure_and_eof_preserve_child) ... ERROR
test_cleanup_failures (test_vipe_benchmark_supervisor.HelperIntegrationTests.test_cleanup_failures) ... ok
test_cleanup_matrix (test_vipe_benchmark_supervisor.HelperIntegrationTests.test_cleanup_matrix) ... ok
test_foreign_only_pid (test_vipe_benchmark_supervisor.HelperIntegrationTests.test_foreign_only_pid) ... FAIL
test_importable_guarded_file_control (test_vipe_benchmark_supervisor.HelperIntegrationTests.test_importable_guarded_file_control) ... ERROR
test_mixed_owned_foreign_pid (test_vipe_benchmark_supervisor.HelperIntegrationTests.test_mixed_owned_foreign_pid) ... ERROR
test_owned_live_pid (test_vipe_benchmark_supervisor.HelperIntegrationTests.test_owned_live_pid) ... ERROR
test_owned_unreaped_exited_pid (test_vipe_benchmark_supervisor.HelperIntegrationTests.test_owned_unreaped_exited_pid) ... ERROR
test_prelaunch_empty_ownership (test_vipe_benchmark_supervisor.HelperIntegrationTests.test_prelaunch_empty_ownership) ... ERROR
test_primary_survives_secondary_cleanup_error (test_vipe_benchmark_supervisor.HelperIntegrationTests.test_primary_survives_secondary_cleanup_error) ... ok
test_real_close_repeated_and_descendant_cleanup (test_vipe_benchmark_supervisor.HelperIntegrationTests.test_real_close_repeated_and_descendant_cleanup) ... ERROR
test_spawn_constant_reaped_under_actual_runner (test_vipe_benchmark_supervisor.HelperIntegrationTests.test_spawn_constant_reaped_under_actual_runner) ... ERROR
test_supervisor_worker_context_and_consumed_cleanup_stop (test_vipe_benchmark_supervisor.HelperIntegrationTests.test_supervisor_worker_context_and_consumed_cleanup_stop) ... FAIL
test_bounded_traces_counters_and_authority (test_vipe_benchmark_supervisor.HelperSessionTests.test_bounded_traces_counters_and_authority) ... ok
test_census_immutable_identity_mutations (test_vipe_benchmark_supervisor.HelperSessionTests.test_census_immutable_identity_mutations) ... ok
test_combined_duplex_and_same_turn_bounds (test_vipe_benchmark_supervisor.HelperSessionTests.test_combined_duplex_and_same_turn_bounds) ... ok
test_control_primitive_and_frame_mutations (test_vipe_benchmark_supervisor.HelperSessionTests.test_control_primitive_and_frame_mutations) ... ok
test_envelope_correlation_mutations (test_vipe_benchmark_supervisor.HelperSessionTests.test_envelope_correlation_mutations) ... ok
test_exact_frame_bounds_and_trailing_data (test_vipe_benchmark_supervisor.HelperSessionTests.test_exact_frame_bounds_and_trailing_data) ... ok
test_l01_ready_reuse (test_vipe_benchmark_supervisor.HelperSessionTests.test_l01_ready_reuse) ... ERROR
test_l02_ready_and_sample_before_reserve (test_vipe_benchmark_supervisor.HelperSessionTests.test_l02_ready_and_sample_before_reserve) ... ERROR
test_l03_owner_bootstrap_block (test_vipe_benchmark_supervisor.HelperSessionTests.test_l03_owner_bootstrap_block) ... ok
test_l04_child_before_ready_block (test_vipe_benchmark_supervisor.HelperSessionTests.test_l04_child_before_ready_block) ... FAIL
test_l05_error_after_spawn (test_vipe_benchmark_supervisor.HelperSessionTests.test_l05_error_after_spawn) ... FAIL
test_l06_late_ready (test_vipe_benchmark_supervisor.HelperSessionTests.test_l06_late_ready) ... FAIL
test_l07_cancel_during_spawn (test_vipe_benchmark_supervisor.HelperSessionTests.test_l07_cancel_during_spawn) ... FAIL
test_l08_late_owner_retained (test_vipe_benchmark_supervisor.HelperSessionTests.test_l08_late_owner_retained) ... ERROR
test_l09_partial_header (test_vipe_benchmark_supervisor.HelperSessionTests.test_l09_partial_header) ... FAIL
test_l10_stalled_body (test_vipe_benchmark_supervisor.HelperSessionTests.test_l10_stalled_body) ... FAIL
test_l11_eof_midframe (test_vipe_benchmark_supervisor.HelperSessionTests.test_l11_eof_midframe) ... FAIL
test_l12_stalled_request_reader (test_vipe_benchmark_supervisor.HelperSessionTests.test_l12_stalled_request_reader) ... ERROR
test_l13_oversized_frame (test_vipe_benchmark_supervisor.HelperSessionTests.test_l13_oversized_frame) ... FAIL
test_l14_wrong_correlation (test_vipe_benchmark_supervisor.HelperSessionTests.test_l14_wrong_correlation) ... FAIL
test_l15_sample_deadline (test_vipe_benchmark_supervisor.HelperSessionTests.test_l15_sample_deadline) ... ERROR
test_l16_phase_deadline (test_vipe_benchmark_supervisor.HelperSessionTests.test_l16_phase_deadline) ... ERROR
test_l17_post_task_acquisition (test_vipe_benchmark_supervisor.HelperSessionTests.test_l17_post_task_acquisition) ... ERROR
test_l18_descendant_and_foreign_sentinel (test_vipe_benchmark_supervisor.HelperSessionTests.test_l18_descendant_and_foreign_sentinel) ... ERROR
test_l19_term_resistance (test_vipe_benchmark_supervisor.HelperSessionTests.test_l19_term_resistance) ... ERROR
test_l20_exit_during_transport (test_vipe_benchmark_supervisor.HelperSessionTests.test_l20_exit_during_transport) ... ERROR
test_l21_enumeration_failure (test_vipe_benchmark_supervisor.HelperSessionTests.test_l21_enumeration_failure) ... ERROR
test_l22_signal_failure (test_vipe_benchmark_supervisor.HelperSessionTests.test_l22_signal_failure) ... ERROR
test_l23_reap_failure (test_vipe_benchmark_supervisor.HelperSessionTests.test_l23_reap_failure) ... ERROR
test_l24_summary_reference_adapter (test_vipe_benchmark_supervisor.HelperSessionTests.test_l24_summary_reference_adapter) ... ERROR
test_l25_delayed_actual_reserve (test_vipe_benchmark_supervisor.HelperSessionTests.test_l25_delayed_actual_reserve) ... ERROR
test_l26_equal_actual_reserve (test_vipe_benchmark_supervisor.HelperSessionTests.test_l26_equal_actual_reserve) ... ERROR
test_l27_encoder_early_response (test_vipe_benchmark_supervisor.HelperSessionTests.test_l27_encoder_early_response) ... ERROR
test_l28_partial_early_response (test_vipe_benchmark_supervisor.HelperSessionTests.test_l28_partial_early_response) ... ERROR
test_l29_readable_sample_equality (test_vipe_benchmark_supervisor.HelperSessionTests.test_l29_readable_sample_equality) ... ERROR
test_l30_readable_phase_equality (test_vipe_benchmark_supervisor.HelperSessionTests.test_l30_readable_phase_equality) ... ERROR
test_l31_live_worker_bracket_and_foreign (test_vipe_benchmark_supervisor.HelperSessionTests.test_l31_live_worker_bracket_and_foreign) ... ERROR
test_l32_unreaped_worker_pin (test_vipe_benchmark_supervisor.HelperSessionTests.test_l32_unreaped_worker_pin) ... ERROR
test_l33_blocked_census_refuses_stale (test_vipe_benchmark_supervisor.HelperSessionTests.test_l33_blocked_census_refuses_stale) ... ERROR
test_l34_enumeration_error_empty_sample (test_vipe_benchmark_supervisor.HelperSessionTests.test_l34_enumeration_error_empty_sample) ... ERROR
test_l35_exited_leader_live_descendant (test_vipe_benchmark_supervisor.HelperSessionTests.test_l35_exited_leader_live_descendant) ... ERROR
test_l36_ambiguous_native_start_retained (test_vipe_benchmark_supervisor.HelperSessionTests.test_l36_ambiguous_native_start_retained) ... FAIL
test_partial_constructor_boundaries (test_vipe_benchmark_supervisor.HelperSessionTests.test_partial_constructor_boundaries) ... ok
test_progress_closed_inventory_and_faults (test_vipe_benchmark_supervisor.HelperSessionTests.test_progress_closed_inventory_and_faults) ... ok
test_progress_metadata_mutations (test_vipe_benchmark_supervisor.HelperSessionTests.test_progress_metadata_mutations) ... ok
test_progress_p01_worker_deadline (test_vipe_benchmark_supervisor.HelperSessionTests.test_progress_p01_worker_deadline) ... ERROR
test_progress_p02_reconcile_interruption (test_vipe_benchmark_supervisor.HelperSessionTests.test_progress_p02_reconcile_interruption) ... ERROR
test_progress_p03_helper_death (test_vipe_benchmark_supervisor.HelperSessionTests.test_progress_p03_helper_death) ... ERROR
test_progress_p04_failed_final_sample (test_vipe_benchmark_supervisor.HelperSessionTests.test_progress_p04_failed_final_sample) ... ERROR
test_progress_p05_interrupted_publisher (test_vipe_benchmark_supervisor.HelperSessionTests.test_progress_p05_interrupted_publisher) ... ERROR
test_progress_p06_blocked_owner (test_vipe_benchmark_supervisor.HelperSessionTests.test_progress_p06_blocked_owner) ... ERROR
test_progress_plan046_inventory (test_vipe_benchmark_supervisor.HelperSessionTests.test_progress_plan046_inventory) ... ok
test_progress_plan046_launch_deadline (test_vipe_benchmark_supervisor.HelperSessionTests.test_progress_plan046_launch_deadline) ... 
  test_progress_plan046_launch_deadline (test_vipe_benchmark_supervisor.HelperSessionTests.test_progress_plan046_launch_deadline) (kind='before', offset=-0.001) ... FAIL
test_progress_plan046_ownership (test_vipe_benchmark_supervisor.HelperSessionTests.test_progress_plan046_ownership) ... ERROR
test_progress_plan046_protocol (test_vipe_benchmark_supervisor.HelperSessionTests.test_progress_plan046_protocol) ... ok
test_progress_plan046_publication_faults (test_vipe_benchmark_supervisor.HelperSessionTests.test_progress_plan046_publication_faults) ... ok
test_progress_plan046_summary (test_vipe_benchmark_supervisor.HelperSessionTests.test_progress_plan046_summary) ... ok
test_progress_plan046_worker_authority (test_vipe_benchmark_supervisor.HelperSessionTests.test_progress_plan046_worker_authority) ... ok
test_progress_plan047_alias_inventory (test_vipe_benchmark_supervisor.HelperSessionTests.test_progress_plan047_alias_inventory) ... ok
test_progress_plan047_cancellation (test_vipe_benchmark_supervisor.HelperSessionTests.test_progress_plan047_cancellation) ... ok
test_progress_plan047_complete_final_sample (test_vipe_benchmark_supervisor.HelperSessionTests.test_progress_plan047_complete_final_sample) ... 
  test_progress_plan047_complete_final_sample (test_vipe_benchmark_supervisor.HelperSessionTests.test_progress_plan047_complete_final_sample) (kind='success') ... ERROR
  test_progress_plan047_complete_final_sample (test_vipe_benchmark_supervisor.HelperSessionTests.test_progress_plan047_complete_final_sample) (kind='final_sample_failure') ... ERROR
test_progress_plan047_deadline_steps (test_vipe_benchmark_supervisor.HelperSessionTests.test_progress_plan047_deadline_steps) ... 
  test_progress_plan047_deadline_steps (test_vipe_benchmark_supervisor.HelperSessionTests.test_progress_plan047_deadline_steps) (operation='worker_popen', when='before') ... FAIL
  test_progress_plan047_deadline_steps (test_vipe_benchmark_supervisor.HelperSessionTests.test_progress_plan047_deadline_steps) (operation='worker_popen', when='equal') ... FAIL
  test_progress_plan047_deadline_steps (test_vipe_benchmark_supervisor.HelperSessionTests.test_progress_plan047_deadline_steps) (operation='worker_popen', when='after') ... FAIL
test_progress_plan047_limits (test_vipe_benchmark_supervisor.HelperSessionTests.test_progress_plan047_limits) ... ok
test_progress_plan047_nested (test_vipe_benchmark_supervisor.HelperSessionTests.test_progress_plan047_nested) ... ok
test_progress_plan047_ownership (test_vipe_benchmark_supervisor.HelperSessionTests.test_progress_plan047_ownership) ... ERROR
test_progress_plan047_publication_faults (test_vipe_benchmark_supervisor.HelperSessionTests.test_progress_plan047_publication_faults) ... ok
test_progress_plan047_recovery (test_vipe_benchmark_supervisor.HelperSessionTests.test_progress_plan047_recovery) ... ok
test_progress_plan047_result_summary (test_vipe_benchmark_supervisor.HelperSessionTests.test_progress_plan047_result_summary) ... ok
test_progress_plan047_state_authority (test_vipe_benchmark_supervisor.HelperSessionTests.test_progress_plan047_state_authority) ... ok
test_progress_plan048_pure_memo (test_vipe_benchmark_supervisor.HelperSessionTests.test_progress_plan048_pure_memo) ... ok
test_progress_strict_primitives (test_vipe_benchmark_supervisor.HelperSessionTests.test_progress_strict_primitives) ... ok
test_resource_field_mutations (test_vipe_benchmark_supervisor.HelperSessionTests.test_resource_field_mutations) ... ok
test_sample_typed_timing_mutations (test_vipe_benchmark_supervisor.HelperSessionTests.test_sample_typed_timing_mutations) ... ok
test_append_chain_detects_changed_history (test_vipe_benchmark_supervisor.SupervisorTests.test_append_chain_detects_changed_history) ... ok
test_child_survival_invalidates_parent_success_and_is_cleaned_up (test_vipe_benchmark_supervisor.SupervisorTests.test_child_survival_invalidates_parent_success_and_is_cleaned_up) ... FAIL
test_completed_worker_is_not_dispatched_again (test_vipe_benchmark_supervisor.SupervisorTests.test_completed_worker_is_not_dispatched_again) ... ERROR
test_concurrent_reservation_has_one_winner (test_vipe_benchmark_supervisor.SupervisorTests.test_concurrent_reservation_has_one_winner) ... ERROR
test_explicit_resume_reopens_unstarted_slots_only (test_vipe_benchmark_supervisor.SupervisorTests.test_explicit_resume_reopens_unstarted_slots_only) ... ok
test_foreign_gpu_pid_still_fails_and_preserves_ownership_evidence (test_vipe_benchmark_supervisor.SupervisorTests.test_foreign_gpu_pid_still_fails_and_preserves_ownership_evidence) ... FAIL
test_gpu_sample_of_exited_unreaped_worker_keeps_true_group_ownership (test_vipe_benchmark_supervisor.SupervisorTests.test_gpu_sample_of_exited_unreaped_worker_keeps_true_group_ownership) ... ERROR
test_interruption_cleans_owned_process_group (test_vipe_benchmark_supervisor.SupervisorTests.test_interruption_cleans_owned_process_group) ... FAIL
test_missing_result_and_nonzero_exit_consume_attempts (test_vipe_benchmark_supervisor.SupervisorTests.test_missing_result_and_nonzero_exit_consume_attempts) ... FAIL
test_native_kernel_caches_stay_in_monitored_attempt_and_override_external_paths (test_vipe_benchmark_supervisor.SupervisorTests.test_native_kernel_caches_stay_in_monitored_attempt_and_override_external_paths) ... ERROR
test_preexisting_resource_cap_never_spends_an_attempt (test_vipe_benchmark_supervisor.SupervisorTests.test_preexisting_resource_cap_never_spends_an_attempt) ... ok
test_restart_does_not_relaunch_unfinished_attempt (test_vipe_benchmark_supervisor.SupervisorTests.test_restart_does_not_relaunch_unfinished_attempt) ... ok
test_simulated_memory_and_foreign_gpu_process (test_vipe_benchmark_supervisor.SupervisorTests.test_simulated_memory_and_foreign_gpu_process) ... FAIL
test_simulated_storage_cap_stops_worker (test_vipe_benchmark_supervisor.SupervisorTests.test_simulated_storage_cap_stops_worker) ... FAIL
test_timeout_kills_sigterm_ignoring_group_within_allocation (test_vipe_benchmark_supervisor.SupervisorTests.test_timeout_kills_sigterm_ignoring_group_within_allocation) ... FAIL

======================================================================
ERROR: test_bootstrap_failure_and_eof_preserve_child (test_vipe_benchmark_supervisor.HelperIntegrationTests.test_bootstrap_failure_and_eof_preserve_child)
----------------------------------------------------------------------
Traceback (most recent call last):
  File "/home/auss/git_repos/samaust/Experiments_4DGS/tests/test_vipe_benchmark_supervisor.py", line 882, in test_bootstrap_failure_and_eof_preserve_child
    helper.await_ready()
    ~~~~~~~~~~~~~~~~~~^^
  File "/home/auss/git_repos/samaust/Experiments_4DGS/scripts/vipe_benchmark/s1_helper_session.py", line 2397, in await_ready
    self.tick(end); time.sleep(min(.005,max(0.,end-time.monotonic())))
    ~~~~~~~~~^^^^^
  File "/home/auss/git_repos/samaust/Experiments_4DGS/scripts/vipe_benchmark/s1_helper_session.py", line 2312, in tick
    if self.owner.cancelled or self.poisoned: raise RuntimeError('S1 helper session poisoned: '+str(list(self.owner.errors)))
                                              ^^^^^^^^^^^^^^^^^^^^^^^^^^^^^^^^^^^^^^^^^^^^^^^^^^^^^^^^^^^^^^^^^^^^^^^^^^^^^^^
RuntimeError: S1 helper session poisoned: [{'error_class': 'ValueError', 'message': 'owned root schema', 'phase': 'startup'}]

======================================================================
ERROR: test_importable_guarded_file_control (test_vipe_benchmark_supervisor.HelperIntegrationTests.test_importable_guarded_file_control)
----------------------------------------------------------------------
Traceback (most recent call last):
  File "/home/auss/git_repos/samaust/Experiments_4DGS/tests/test_vipe_benchmark_supervisor.py", line 863, in test_importable_guarded_file_control
    process=fixture_process_launch('existing helper runner',command,stdout=subprocess.PIPE,stderr=subprocess.PIPE,text=True,env=env)
  File "/home/auss/git_repos/samaust/Experiments_4DGS/tests/test_vipe_benchmark_s1_helper_fixtures.py", line 887, in fixture_process_launch
    process=create_owned_process(event,subprocess.Popen,command,**kwargs)
  File "/home/auss/git_repos/samaust/Experiments_4DGS/scripts/vipe_benchmark/s1_helper_session.py", line 1575, in create_owned_process
    observed=predispatch_owned(event)
  File "/home/auss/git_repos/samaust/Experiments_4DGS/scripts/vipe_benchmark/s1_helper_session.py", line 1564, in predispatch_owned
    observed=owned_workload(os.environ['S1_OWNED_ROOT_NOTE'])
  File "/home/auss/git_repos/samaust/Experiments_4DGS/scripts/vipe_benchmark/s1_helper_session.py", line 1840, in owned_workload
    if note.get('schema')!='plan049-prospective-launch/v1':raise ValueError('owned root schema')
                                                           ^^^^^^^^^^^^^^^^^^^^^^^^^^^^^^^^^^^^^
ValueError: owned root schema

======================================================================
ERROR: test_mixed_owned_foreign_pid (test_vipe_benchmark_supervisor.HelperIntegrationTests.test_mixed_owned_foreign_pid)
----------------------------------------------------------------------
Traceback (most recent call last):
  File "/home/auss/git_repos/samaust/Experiments_4DGS/tests/test_vipe_benchmark_supervisor.py", line 942, in test_mixed_owned_foreign_pid
    worker = self.worker('import time; time.sleep(10)')
  File "/home/auss/git_repos/samaust/Experiments_4DGS/tests/test_vipe_benchmark_supervisor.py", line 898, in worker
    process=fixture_process_launch('existing helper-test worker',[sys.executable,'-c',code],start_new_session=True)
  File "/home/auss/git_repos/samaust/Experiments_4DGS/tests/test_vipe_benchmark_s1_helper_fixtures.py", line 887, in fixture_process_launch
    process=create_owned_process(event,subprocess.Popen,command,**kwargs)
  File "/home/auss/git_repos/samaust/Experiments_4DGS/scripts/vipe_benchmark/s1_helper_session.py", line 1575, in create_owned_process
    observed=predispatch_owned(event)
  File "/home/auss/git_repos/samaust/Experiments_4DGS/scripts/vipe_benchmark/s1_helper_session.py", line 1564, in predispatch_owned
    observed=owned_workload(os.environ['S1_OWNED_ROOT_NOTE'])
  File "/home/auss/git_repos/samaust/Experiments_4DGS/scripts/vipe_benchmark/s1_helper_session.py", line 1840, in owned_workload
    if note.get('schema')!='plan049-prospective-launch/v1':raise ValueError('owned root schema')
                                                           ^^^^^^^^^^^^^^^^^^^^^^^^^^^^^^^^^^^^^
ValueError: owned root schema

======================================================================
ERROR: test_owned_live_pid (test_vipe_benchmark_supervisor.HelperIntegrationTests.test_owned_live_pid)
----------------------------------------------------------------------
Traceback (most recent call last):
  File "/home/auss/git_repos/samaust/Experiments_4DGS/tests/test_vipe_benchmark_supervisor.py", line 917, in test_owned_live_pid
    self.owned()
    ~~~~~~~~~~^^
  File "/home/auss/git_repos/samaust/Experiments_4DGS/tests/test_vipe_benchmark_supervisor.py", line 903, in owned
    worker = self.worker('pass' if exited else 'import time; time.sleep(10)')
  File "/home/auss/git_repos/samaust/Experiments_4DGS/tests/test_vipe_benchmark_supervisor.py", line 898, in worker
    process=fixture_process_launch('existing helper-test worker',[sys.executable,'-c',code],start_new_session=True)
  File "/home/auss/git_repos/samaust/Experiments_4DGS/tests/test_vipe_benchmark_s1_helper_fixtures.py", line 887, in fixture_process_launch
    process=create_owned_process(event,subprocess.Popen,command,**kwargs)
  File "/home/auss/git_repos/samaust/Experiments_4DGS/scripts/vipe_benchmark/s1_helper_session.py", line 1575, in create_owned_process
    observed=predispatch_owned(event)
  File "/home/auss/git_repos/samaust/Experiments_4DGS/scripts/vipe_benchmark/s1_helper_session.py", line 1564, in predispatch_owned
    observed=owned_workload(os.environ['S1_OWNED_ROOT_NOTE'])
  File "/home/auss/git_repos/samaust/Experiments_4DGS/scripts/vipe_benchmark/s1_helper_session.py", line 1840, in owned_workload
    if note.get('schema')!='plan049-prospective-launch/v1':raise ValueError('owned root schema')
                                                           ^^^^^^^^^^^^^^^^^^^^^^^^^^^^^^^^^^^^^
ValueError: owned root schema

======================================================================
ERROR: test_owned_unreaped_exited_pid (test_vipe_benchmark_supervisor.HelperIntegrationTests.test_owned_unreaped_exited_pid)
----------------------------------------------------------------------
Traceback (most recent call last):
  File "/home/auss/git_repos/samaust/Experiments_4DGS/tests/test_vipe_benchmark_supervisor.py", line 920, in test_owned_unreaped_exited_pid
    self.owned(exited=True)
    ~~~~~~~~~~^^^^^^^^^^^^^
  File "/home/auss/git_repos/samaust/Experiments_4DGS/tests/test_vipe_benchmark_supervisor.py", line 903, in owned
    worker = self.worker('pass' if exited else 'import time; time.sleep(10)')
  File "/home/auss/git_repos/samaust/Experiments_4DGS/tests/test_vipe_benchmark_supervisor.py", line 898, in worker
    process=fixture_process_launch('existing helper-test worker',[sys.executable,'-c',code],start_new_session=True)
  File "/home/auss/git_repos/samaust/Experiments_4DGS/tests/test_vipe_benchmark_s1_helper_fixtures.py", line 887, in fixture_process_launch
    process=create_owned_process(event,subprocess.Popen,command,**kwargs)
  File "/home/auss/git_repos/samaust/Experiments_4DGS/scripts/vipe_benchmark/s1_helper_session.py", line 1575, in create_owned_process
    observed=predispatch_owned(event)
  File "/home/auss/git_repos/samaust/Experiments_4DGS/scripts/vipe_benchmark/s1_helper_session.py", line 1564, in predispatch_owned
    observed=owned_workload(os.environ['S1_OWNED_ROOT_NOTE'])
  File "/home/auss/git_repos/samaust/Experiments_4DGS/scripts/vipe_benchmark/s1_helper_session.py", line 1840, in owned_workload
    if note.get('schema')!='plan049-prospective-launch/v1':raise ValueError('owned root schema')
                                                           ^^^^^^^^^^^^^^^^^^^^^^^^^^^^^^^^^^^^^
ValueError: owned root schema

======================================================================
ERROR: test_prelaunch_empty_ownership (test_vipe_benchmark_supervisor.HelperIntegrationTests.test_prelaunch_empty_ownership)
----------------------------------------------------------------------
Traceback (most recent call last):
  File "/home/auss/git_repos/samaust/Experiments_4DGS/scripts/vipe_benchmark/supervisor.py", line 283, in monitored_call
    session.await_ready()
    ~~~~~~~~~~~~~~~~~~~^^
  File "/home/auss/git_repos/samaust/Experiments_4DGS/scripts/vipe_benchmark/s1_helper_session.py", line 2397, in await_ready
    self.tick(end); time.sleep(min(.005,max(0.,end-time.monotonic())))
    ~~~~~~~~~^^^^^
  File "/home/auss/git_repos/samaust/Experiments_4DGS/scripts/vipe_benchmark/s1_helper_session.py", line 2312, in tick
    if self.owner.cancelled or self.poisoned: raise RuntimeError('S1 helper session poisoned: '+str(list(self.owner.errors)))
                                              ^^^^^^^^^^^^^^^^^^^^^^^^^^^^^^^^^^^^^^^^^^^^^^^^^^^^^^^^^^^^^^^^^^^^^^^^^^^^^^^
RuntimeError: S1 helper session poisoned: [{'error_class': 'ValueError', 'message': 'owned root schema', 'phase': 'startup'}]

The above exception was the direct cause of the following exception:

Traceback (most recent call last):
  File "/home/auss/git_repos/samaust/Experiments_4DGS/tests/test_vipe_benchmark_supervisor.py", line 946, in test_prelaunch_empty_ownership
    self.assertEqual(self.call(phase='prelaunch'),37)
                     ~~~~~~~~~^^^^^^^^^^^^^^^^^^^
  File "/home/auss/git_repos/samaust/Experiments_4DGS/tests/test_vipe_benchmark_supervisor.py", line 848, in call
    return self.sup.monitored_call(self.operation, self.time.monotonic()+kwargs.pop('seconds', 2),
           ~~~~~~~~~~~~~~~~~~~~~~~^^^^^^^^^^^^^^^^^^^^^^^^^^^^^^^^^^^^^^^^^^^^^^^^^^^^^^^^^^^^^^^^
        self.sampler, self.config, kwargs.pop('peak', {}), lifecycle=self.life, **kwargs)
        ^^^^^^^^^^^^^^^^^^^^^^^^^^^^^^^^^^^^^^^^^^^^^^^^^^^^^^^^^^^^^^^^^^^^^^^^^^^^^^^^^
  File "/home/auss/git_repos/samaust/Experiments_4DGS/scripts/vipe_benchmark/supervisor.py", line 330, in monitored_call
    raise primary from exc
vipe_benchmark.supervisor.HelperFailure: RuntimeError: S1 helper session poisoned: [{'error_class': 'ValueError', 'message': 'owned root schema', 'phase': 'startup'}]
HelperCleanupUncertain: helper cleanup not confirmed

======================================================================
ERROR: test_real_close_repeated_and_descendant_cleanup (test_vipe_benchmark_supervisor.HelperIntegrationTests.test_real_close_repeated_and_descendant_cleanup)
----------------------------------------------------------------------
Traceback (most recent call last):
  File "/home/auss/git_repos/samaust/Experiments_4DGS/tests/test_vipe_benchmark_supervisor.py", line 1043, in test_real_close_repeated_and_descendant_cleanup
    process = self.worker(nested_worker_code(10,parent_wait=True))
  File "/home/auss/git_repos/samaust/Experiments_4DGS/tests/test_vipe_benchmark_supervisor.py", line 898, in worker
    process=fixture_process_launch('existing helper-test worker',[sys.executable,'-c',code],start_new_session=True)
  File "/home/auss/git_repos/samaust/Experiments_4DGS/tests/test_vipe_benchmark_s1_helper_fixtures.py", line 887, in fixture_process_launch
    process=create_owned_process(event,subprocess.Popen,command,**kwargs)
  File "/home/auss/git_repos/samaust/Experiments_4DGS/scripts/vipe_benchmark/s1_helper_session.py", line 1575, in create_owned_process
    observed=predispatch_owned(event)
  File "/home/auss/git_repos/samaust/Experiments_4DGS/scripts/vipe_benchmark/s1_helper_session.py", line 1564, in predispatch_owned
    observed=owned_workload(os.environ['S1_OWNED_ROOT_NOTE'])
  File "/home/auss/git_repos/samaust/Experiments_4DGS/scripts/vipe_benchmark/s1_helper_session.py", line 1840, in owned_workload
    if note.get('schema')!='plan049-prospective-launch/v1':raise ValueError('owned root schema')
                                                           ^^^^^^^^^^^^^^^^^^^^^^^^^^^^^^^^^^^^^
ValueError: owned root schema

======================================================================
ERROR: test_spawn_constant_reaped_under_actual_runner (test_vipe_benchmark_supervisor.HelperIntegrationTests.test_spawn_constant_reaped_under_actual_runner)
----------------------------------------------------------------------
Traceback (most recent call last):
  File "/home/auss/git_repos/samaust/Experiments_4DGS/scripts/vipe_benchmark/supervisor.py", line 283, in monitored_call
    session.await_ready()
    ~~~~~~~~~~~~~~~~~~~^^
  File "/home/auss/git_repos/samaust/Experiments_4DGS/scripts/vipe_benchmark/s1_helper_session.py", line 2397, in await_ready
    self.tick(end); time.sleep(min(.005,max(0.,end-time.monotonic())))
    ~~~~~~~~~^^^^^
  File "/home/auss/git_repos/samaust/Experiments_4DGS/scripts/vipe_benchmark/s1_helper_session.py", line 2312, in tick
    if self.owner.cancelled or self.poisoned: raise RuntimeError('S1 helper session poisoned: '+str(list(self.owner.errors)))
                                              ^^^^^^^^^^^^^^^^^^^^^^^^^^^^^^^^^^^^^^^^^^^^^^^^^^^^^^^^^^^^^^^^^^^^^^^^^^^^^^^
RuntimeError: S1 helper session poisoned: [{'error_class': 'ValueError', 'message': 'owned root schema', 'phase': 'startup'}]

The above exception was the direct cause of the following exception:

Traceback (most recent call last):
  File "/home/auss/git_repos/samaust/Experiments_4DGS/tests/test_vipe_benchmark_supervisor.py", line 852, in test_spawn_constant_reaped_under_actual_runner
    self.assertEqual(self.call(), 37)
                     ~~~~~~~~~^^
  File "/home/auss/git_repos/samaust/Experiments_4DGS/tests/test_vipe_benchmark_supervisor.py", line 848, in call
    return self.sup.monitored_call(self.operation, self.time.monotonic()+kwargs.pop('seconds', 2),
           ~~~~~~~~~~~~~~~~~~~~~~~^^^^^^^^^^^^^^^^^^^^^^^^^^^^^^^^^^^^^^^^^^^^^^^^^^^^^^^^^^^^^^^^
        self.sampler, self.config, kwargs.pop('peak', {}), lifecycle=self.life, **kwargs)
        ^^^^^^^^^^^^^^^^^^^^^^^^^^^^^^^^^^^^^^^^^^^^^^^^^^^^^^^^^^^^^^^^^^^^^^^^^^^^^^^^^
  File "/home/auss/git_repos/samaust/Experiments_4DGS/scripts/vipe_benchmark/supervisor.py", line 330, in monitored_call
    raise primary from exc
vipe_benchmark.supervisor.HelperFailure: RuntimeError: S1 helper session poisoned: [{'error_class': 'ValueError', 'message': 'owned root schema', 'phase': 'startup'}]
HelperCleanupUncertain: helper cleanup not confirmed

======================================================================
ERROR: test_l01_ready_reuse (test_vipe_benchmark_supervisor.HelperSessionTests.test_l01_ready_reuse)
----------------------------------------------------------------------
Traceback (most recent call last):
  File "/home/auss/git_repos/samaust/Experiments_4DGS/tests/test_vipe_benchmark_supervisor.py", line 1288, in test_l01_ready_reuse
    session.await_ready()
    ~~~~~~~~~~~~~~~~~~~^^
  File "/home/auss/git_repos/samaust/Experiments_4DGS/tests/test_vipe_benchmark_supervisor.py", line 1165, in observed
    result=operation(*args,**kwargs);return result
  File "/home/auss/git_repos/samaust/Experiments_4DGS/scripts/vipe_benchmark/s1_helper_session.py", line 2397, in await_ready
    self.tick(end); time.sleep(min(.005,max(0.,end-time.monotonic())))
    ~~~~~~~~~^^^^^
  File "/home/auss/git_repos/samaust/Experiments_4DGS/tests/test_vipe_benchmark_supervisor.py", line 1165, in observed
    result=operation(*args,**kwargs);return result
  File "/home/auss/git_repos/samaust/Experiments_4DGS/scripts/vipe_benchmark/s1_helper_session.py", line 2312, in tick
    if self.owner.cancelled or self.poisoned: raise RuntimeError('S1 helper session poisoned: '+str(list(self.owner.errors)))
                                              ^^^^^^^^^^^^^^^^^^^^^^^^^^^^^^^^^^^^^^^^^^^^^^^^^^^^^^^^^^^^^^^^^^^^^^^^^^^^^^^
RuntimeError: S1 helper session poisoned: [{'error_class': 'ValueError', 'message': 'owned root schema', 'phase': 'startup'}]
timing_or_cleanup_check_0: AssertionError: False is not true : {'scenario': 'L01', 'mode': 'normal', 'constructor_entry': 93801.071489847, 'action_cutoff': 93803.071489847, 'safety_cutoff': 93804.071489847, 'constructor_end': 93801.071577141, 't0': 93801.071506975, 'ready_deadline': 93802.071506975, 'setup_deadline': 93803.071506975, 'setup_cleanup_deadline': 93804.071506975, 'action_end': 93801.084512105, 'end': 93801.084536657, 'execution_seconds': 0.013022257990087382, 'cleanup_seconds': 2.455200592521578e-05, 'cleanup_confirmed': False, 'records': {'work': {'role': 'work', 'state': 'spawning', 'pid': None}, 'sample': {'role': 'sample', 'state': 'pending', 'pid': None}}, 'errors': [{'error_class': 'ValueError', 'message': 'owned root schema', 'phase': 'startup'}], 'signals': [], 'ticks': [93801.071506975, 93801.071582787, 93801.079353316, 93801.084487586], 'events': [{'event': 'fixture_spawn_entry', 'role': 'work', 'observed': 93801.071888122, 'ready_deadline': 93802.071506975}], 'trace_facts': {'capacity': 256, 'total': 1, 'dropped': 0, 'saturated': False, 'first': 93801.071889936, 'last': 93801.071889936}, 'tick_facts': {'capacity': 128, 'total': 4, 'dropped': 0, 'saturated': False, 'first': 93801.0715108, 'last': 93801.084488325}, 'owner_error_facts': {'capacity': 32, 'total': 1, 'dropped': 0, 'saturated': False, 'first': 93801.080363507, 'last': 93801.080363507}, 'owner_signal_facts': {'capacity': 128, 'total': 0, 'dropped': 0, 'saturated': False, 'first': None, 'last': None}, 'request_counts': {'work': {'dispatch': 0, 'response': 0}, 'sample': {'dispatch': 0, 'response': 0}}, 'census_request_count': 0, 'max_gap': 0.007770529002300464, 'max_turn': 2.3593995138071477e-05, 'call_observations': [{'operation': 'tick', 'entered': 93801.071582096, 'deadline': 93802.071506975, 'returned': 93801.071615391, 'confirmed': None, 'error': None, 'ready_before': [], 'ready_after': []}, {'operation': 'tick', 'entered': 93801.0793512, 'deadline': 93802.071506975, 'returned': 93801.079378843, 'confirmed': None, 'error': None, 'ready_before': [], 'ready_after': []}, 

======================================================================
ERROR: test_l02_ready_and_sample_before_reserve (test_vipe_benchmark_supervisor.HelperSessionTests.test_l02_ready_and_sample_before_reserve)
----------------------------------------------------------------------
Traceback (most recent call last):
  File "/home/auss/git_repos/samaust/Experiments_4DGS/scripts/vipe_benchmark/supervisor.py", line 283, in monitored_call
    session.await_ready()
    ~~~~~~~~~~~~~~~~~~~^^
  File "/home/auss/git_repos/samaust/Experiments_4DGS/tests/test_vipe_benchmark_supervisor.py", line 1165, in observed
    result=operation(*args,**kwargs);return result
  File "/home/auss/git_repos/samaust/Experiments_4DGS/scripts/vipe_benchmark/s1_helper_session.py", line 2397, in await_ready
    self.tick(end); time.sleep(min(.005,max(0.,end-time.monotonic())))
    ~~~~~~~~~^^^^^
  File "/home/auss/git_repos/samaust/Experiments_4DGS/tests/test_vipe_benchmark_supervisor.py", line 1165, in observed
    result=operation(*args,**kwargs);return result
  File "/home/auss/git_repos/samaust/Experiments_4DGS/scripts/vipe_benchmark/s1_helper_session.py", line 2312, in tick
    if self.owner.cancelled or self.poisoned: raise RuntimeError('S1 helper session poisoned: '+str(list(self.owner.errors)))
                                              ^^^^^^^^^^^^^^^^^^^^^^^^^^^^^^^^^^^^^^^^^^^^^^^^^^^^^^^^^^^^^^^^^^^^^^^^^^^^^^^
RuntimeError: S1 helper session poisoned: [{'error_class': 'ValueError', 'message': 'owned root schema', 'phase': 'startup'}]

The above exception was the direct cause of the following exception:

Traceback (most recent call last):
  File "/home/auss/git_repos/samaust/Experiments_4DGS/tests/test_vipe_benchmark_supervisor.py", line 1308, in test_l02_ready_and_sample_before_reserve
    value=sup.monitored_call(self.sampler,session.setup_deadline,self.sampler,load(),{},lifecycle=life,phase='initial_sample')
  File "/home/auss/git_repos/samaust/Experiments_4DGS/scripts/vipe_benchmark/supervisor.py", line 330, in monitored_call
    raise primary from exc
vipe_benchmark.supervisor.HelperFailure: RuntimeError: S1 helper session poisoned: [{'error_class': 'ValueError', 'message': 'owned root schema', 'phase': 'startup'}]
HelperCleanupUncertain: helper cleanup not confirmed
timing_or_cleanup_check_0: AssertionError: False is not true : {'scenario': 'L02', 'mode': 'normal', 'constructor_entry': 93801.08530104, 'action_cutoff': 93803.08530104, 'safety_cutoff': 93804.08530104, 'constructor_end': 93801.085387345, 't0': 93801.085319113, 'ready_deadline': 93802.085319113, 'setup_deadline': 93803.085319113, 'setup_cleanup_deadline': 93804.085319113, 'action_end': 93804.085409965, 'end': 93804.085419481, 'execution_seconds': 3.0001089249999495, 'cleanup_seconds': 9.515992132946849e-06, 'cleanup_confirmed': False, 'records': {'work': {'role': 'work', 'state': 'spawning', 'pid': None}, 'sample': {'role': 'sample', 'state': 'pending', 'pid': None}}, 'errors': [{'error_class': 'ValueError', 'message': 'owned root schema', 'phase': 'startup'}], 'signals': [], 'ticks': [93801.085319113, 93801.086477473, 93801.095490081, 93801.10056664], 'events': [{'event': 'fixture_spawn_entry', 'role': 'work', 'observed': 93801.085758103, 'ready_deadline': 93802.085319113}], 'trace_facts': {'capacity': 256, 'total': 1, 'dropped': 0, 'saturated': False, 'first': 93801.085760506, 'last': 93801.085760506}, 'tick_facts': {'capacity': 128, 'total': 4, 'dropped': 0, 'saturated': False, 'first': 93801.085322989, 'last': 93801.100567153}, 'owner_error_facts': {'capacity': 32, 'total': 1, 'dropped': 0, 'saturated': False, 'first': 93801.09651, 'last': 93801.09651}, 'owner_signal_facts': {'capacity': 128, 'total': 0, 'dropped': 0, 'saturated': False, 'first': None, 'last': None}, 'request_counts': {'work': {'dispatch': 0, 'response': 0}, 'sample': {'dispatch': 0, 'response': 0}}, 'census_request_count': 0, 'max_gap': 0.009012608003104106, 'max_turn': 1.6705991583876312e-05, 'call_observations': [{'operation': 'close', 'entered': 93803.442982075, 'deadline': 93804.08530104, 'returned': 93803.442990834, 'confirmed': False, 'error': None, 'ready_before': [], 'ready_after': []}, {'operation': 'close', 'entered': 93803.448292174, 'deadline': 93804.08530104, 'returned': 93803.448300897, 'confirmed': False, 'error': None, 'ready_before': [], 'ready_after': []}, {'operat
timing_or_cleanup_check_1: AssertionError: 3.0001089249999495 not less than or equal to 2
timing_or_cleanup_check_3: AssertionError: 3.0001184409920825 not less than or equal to 3

======================================================================
ERROR: test_l08_late_owner_retained (test_vipe_benchmark_supervisor.HelperSessionTests.test_l08_late_owner_retained)
----------------------------------------------------------------------
Traceback (most recent call last):
  File "/home/auss/git_repos/samaust/Experiments_4DGS/tests/test_vipe_benchmark_supervisor.py", line 1343, in test_l08_late_owner_retained
    with self.assertRaises(TimeoutError): session.await_ready()
                                          ~~~~~~~~~~~~~~~~~~~^^
  File "/home/auss/git_repos/samaust/Experiments_4DGS/tests/test_vipe_benchmark_supervisor.py", line 1165, in observed
    result=operation(*args,**kwargs);return result
  File "/home/auss/git_repos/samaust/Experiments_4DGS/scripts/vipe_benchmark/s1_helper_session.py", line 2397, in await_ready
    self.tick(end); time.sleep(min(.005,max(0.,end-time.monotonic())))
    ~~~~~~~~~^^^^^
  File "/home/auss/git_repos/samaust/Experiments_4DGS/tests/test_vipe_benchmark_supervisor.py", line 1165, in observed
    result=operation(*args,**kwargs);return result
  File "/home/auss/git_repos/samaust/Experiments_4DGS/scripts/vipe_benchmark/s1_helper_session.py", line 2312, in tick
    if self.owner.cancelled or self.poisoned: raise RuntimeError('S1 helper session poisoned: '+str(list(self.owner.errors)))
                                              ^^^^^^^^^^^^^^^^^^^^^^^^^^^^^^^^^^^^^^^^^^^^^^^^^^^^^^^^^^^^^^^^^^^^^^^^^^^^^^^
RuntimeError: S1 helper session poisoned: [{'error_class': 'ValueError', 'message': 'owned root schema', 'phase': 'startup'}]
timing_or_cleanup_check_0: AssertionError: False is not true : {'scenario': 'L08', 'mode': 'late_spawn', 'constructor_entry': 93804.305712064, 'action_cutoff': 93806.305712064, 'safety_cutoff': 93807.305712064, 'constructor_end': 93804.305807129, 't0': 93804.305729939, 'ready_deadline': 93804.365729939, 'setup_deadline': 93804.425729939, 'setup_cleanup_deadline': 93804.505729939, 'action_end': 93804.318189081, 'end': 93804.318205522, 'execution_seconds': 0.012477016993216239, 'cleanup_seconds': 1.644100120756775e-05, 'cleanup_confirmed': False, 'records': {'work': {'role': 'work', 'state': 'spawning', 'pid': None}, 'sample': {'role': 'sample', 'state': 'pending', 'pid': None}}, 'errors': [{'error_class': 'ValueError', 'message': 'owned root schema', 'phase': 'startup'}], 'signals': [], 'ticks': [93804.305729939, 93804.30581325, 93804.313096952, 93804.318173234], 'events': [{'event': 'fixture_spawn_entry', 'role': 'work', 'observed': 93804.306088049, 'ready_deadline': 93804.365729939}], 'trace_facts': {'capacity': 256, 'total': 1, 'dropped': 0, 'saturated': False, 'first': 93804.306088961, 'last': 93804.306088961}, 'tick_facts': {'capacity': 128, 'total': 4, 'dropped': 0, 'saturated': False, 'first': 93804.305733854, 'last': 93804.318173474}, 'owner_error_facts': {'capacity': 32, 'total': 1, 'dropped': 0, 'saturated': False, 'first': 93804.314100123, 'last': 93804.314100123}, 'owner_signal_facts': {'capacity': 128, 'total': 0, 'dropped': 0, 'saturated': False, 'first': None, 'last': None}, 'request_counts': {'work': {'dispatch': 0, 'response': 0}, 'sample': {'dispatch': 0, 'response': 0}}, 'census_request_count': 0, 'max_gap': 0.0072837019979488105, 'max_turn': 1.8431994249112904e-05, 'call_observations': [{'operation': 'tick', 'entered': 93804.30581287, 'deadline': 93804.365729939, 'returned': 93804.305826297, 'confirmed': None, 'error': None, 'ready_before': [], 'ready_after': []}, {'operation': 'tick', 'entered': 93804.313095256, 'deadline': 93804.365729939, 'returned': 93804.313116073, 'confirmed': None, 'error': None, 'ready_before': [], 'ready_after'

======================================================================
ERROR: test_l12_stalled_request_reader (test_vipe_benchmark_supervisor.HelperSessionTests.test_l12_stalled_request_reader)
----------------------------------------------------------------------
Traceback (most recent call last):
  File "/home/auss/git_repos/samaust/Experiments_4DGS/tests/test_vipe_benchmark_supervisor.py", line 1361, in test_l12_stalled_request_reader
    session.await_ready()
    ~~~~~~~~~~~~~~~~~~~^^
  File "/home/auss/git_repos/samaust/Experiments_4DGS/tests/test_vipe_benchmark_supervisor.py", line 1165, in observed
    result=operation(*args,**kwargs);return result
  File "/home/auss/git_repos/samaust/Experiments_4DGS/scripts/vipe_benchmark/s1_helper_session.py", line 2397, in await_ready
    self.tick(end); time.sleep(min(.005,max(0.,end-time.monotonic())))
    ~~~~~~~~~^^^^^
  File "/home/auss/git_repos/samaust/Experiments_4DGS/tests/test_vipe_benchmark_supervisor.py", line 1165, in observed
    result=operation(*args,**kwargs);return result
  File "/home/auss/git_repos/samaust/Experiments_4DGS/scripts/vipe_benchmark/s1_helper_session.py", line 2312, in tick
    if self.owner.cancelled or self.poisoned: raise RuntimeError('S1 helper session poisoned: '+str(list(self.owner.errors)))
                                              ^^^^^^^^^^^^^^^^^^^^^^^^^^^^^^^^^^^^^^^^^^^^^^^^^^^^^^^^^^^^^^^^^^^^^^^^^^^^^^^
RuntimeError: S1 helper session poisoned: [{'error_class': 'ValueError', 'message': 'owned root schema', 'phase': 'startup'}]
timing_or_cleanup_check_0: AssertionError: False is not true : {'scenario': 'L12', 'mode': 'stalled_reader', 'constructor_entry': 93804.363857563, 'action_cutoff': 93806.363857563, 'safety_cutoff': 93807.363857563, 'constructor_end': 93804.363950824, 't0': 93804.36387651, 'ready_deadline': 93805.36387651, 'setup_deadline': 93806.36387651, 'setup_cleanup_deadline': 93807.36387651, 'action_end': 93804.380573987, 'end': 93804.38059318, 'execution_seconds': 0.01671642399742268, 'cleanup_seconds': 1.9193001207895577e-05, 'cleanup_confirmed': False, 'records': {'work': {'role': 'work', 'state': 'spawning', 'pid': None}, 'sample': {'role': 'sample', 'state': 'pending', 'pid': None}}, 'errors': [{'error_class': 'ValueError', 'message': 'owned root schema', 'phase': 'startup'}], 'signals': [], 'ticks': [93804.36387651, 93804.363954446, 93804.375487593, 93804.380561239], 'events': [{'event': 'fixture_spawn_entry', 'role': 'work', 'observed': 93804.364235507, 'ready_deadline': 93805.36387651}], 'trace_facts': {'capacity': 256, 'total': 1, 'dropped': 0, 'saturated': False, 'first': 93804.36423673, 'last': 93804.36423673}, 'tick_facts': {'capacity': 128, 'total': 4, 'dropped': 0, 'saturated': False, 'first': 93804.363880838, 'last': 93804.380561501}, 'owner_error_facts': {'capacity': 32, 'total': 1, 'dropped': 0, 'saturated': False, 'first': 93804.377690531, 'last': 93804.377690531}, 'owner_signal_facts': {'capacity': 128, 'total': 0, 'dropped': 0, 'saturated': False, 'first': None, 'last': None}, 'request_counts': {'work': {'dispatch': 0, 'response': 0}, 'sample': {'dispatch': 0, 'response': 0}}, 'census_request_count': 0, 'max_gap': 0.01153314700059127, 'max_turn': 3.821200516540557e-05, 'call_observations': [{'operation': 'tick', 'entered': 93804.363954073, 'deadline': 93805.36387651, 'returned': 93804.363993296, 'confirmed': None, 'error': None, 'ready_before': [], 'ready_after': []}, {'operation': 'tick', 'entered': 93804.375486586, 'deadline': 93805.36387651, 'returned': 93804.375503532, 'confirmed': None, 'error': None, 'ready_before': [], 'ready_after': []}, {

======================================================================
ERROR: test_l15_sample_deadline (test_vipe_benchmark_supervisor.HelperSessionTests.test_l15_sample_deadline)
----------------------------------------------------------------------
Traceback (most recent call last):
  File "/home/auss/git_repos/samaust/Experiments_4DGS/tests/test_vipe_benchmark_supervisor.py", line 1377, in test_l15_sample_deadline
    session.await_ready()
    ~~~~~~~~~~~~~~~~~~~^^
  File "/home/auss/git_repos/samaust/Experiments_4DGS/tests/test_vipe_benchmark_supervisor.py", line 1165, in observed
    result=operation(*args,**kwargs);return result
  File "/home/auss/git_repos/samaust/Experiments_4DGS/scripts/vipe_benchmark/s1_helper_session.py", line 2397, in await_ready
    self.tick(end); time.sleep(min(.005,max(0.,end-time.monotonic())))
    ~~~~~~~~~^^^^^
  File "/home/auss/git_repos/samaust/Experiments_4DGS/tests/test_vipe_benchmark_supervisor.py", line 1165, in observed
    result=operation(*args,**kwargs);return result
  File "/home/auss/git_repos/samaust/Experiments_4DGS/scripts/vipe_benchmark/s1_helper_session.py", line 2312, in tick
    if self.owner.cancelled or self.poisoned: raise RuntimeError('S1 helper session poisoned: '+str(list(self.owner.errors)))
                                              ^^^^^^^^^^^^^^^^^^^^^^^^^^^^^^^^^^^^^^^^^^^^^^^^^^^^^^^^^^^^^^^^^^^^^^^^^^^^^^^
RuntimeError: S1 helper session poisoned: [{'error_class': 'ValueError', 'message': 'owned root schema', 'phase': 'startup'}]
timing_or_cleanup_check_0: AssertionError: False is not true : {'scenario': 'L15', 'mode': 'sample_late', 'constructor_entry': 93804.409183593, 'action_cutoff': 93806.409183593, 'safety_cutoff': 93807.409183593, 'constructor_end': 93804.409274932, 't0': 93804.409201549, 'ready_deadline': 93805.409201549, 'setup_deadline': 93806.409201549, 'setup_cleanup_deadline': 93807.409201549, 'action_end': 93804.422077925, 'end': 93804.422099471, 'execution_seconds': 0.012894332001451403, 'cleanup_seconds': 2.1546002244576812e-05, 'cleanup_confirmed': False, 'records': {'work': {'role': 'work', 'state': 'spawning', 'pid': None}, 'sample': {'role': 'sample', 'state': 'pending', 'pid': None}}, 'errors': [{'error_class': 'ValueError', 'message': 'owned root schema', 'phase': 'startup'}], 'signals': [], 'ticks': [93804.409201549, 93804.409279277, 93804.41696616, 93804.422061704], 'events': [{'event': 'fixture_spawn_entry', 'role': 'work', 'observed': 93804.409541888, 'ready_deadline': 93805.409201549}], 'trace_facts': {'capacity': 256, 'total': 1, 'dropped': 0, 'saturated': False, 'first': 93804.409543095, 'last': 93804.409543095}, 'tick_facts': {'capacity': 128, 'total': 4, 'dropped': 0, 'saturated': False, 'first': 93804.409205084, 'last': 93804.422062207}, 'owner_error_facts': {'capacity': 32, 'total': 1, 'dropped': 0, 'saturated': False, 'first': 93804.417882172, 'last': 93804.417882172}, 'owner_signal_facts': {'capacity': 128, 'total': 0, 'dropped': 0, 'saturated': False, 'first': None, 'last': None}, 'request_counts': {'work': {'dispatch': 0, 'response': 0}, 'sample': {'dispatch': 0, 'response': 0}}, 'census_request_count': 0, 'max_gap': 0.007686883007409051, 'max_turn': 3.53740033460781e-05, 'call_observations': [{'operation': 'tick', 'entered': 93804.409278908, 'deadline': 93805.409201549, 'returned': 93804.409315355, 'confirmed': None, 'error': None, 'ready_before': [], 'ready_after': []}, {'operation': 'tick', 'entered': 93804.416964082, 'deadline': 93805.409201549, 'returned': 93804.416987902, 'confirmed': None, 'error': None, 'ready_before': [], 'ready_after'

======================================================================
ERROR: test_l16_phase_deadline (test_vipe_benchmark_supervisor.HelperSessionTests.test_l16_phase_deadline)
----------------------------------------------------------------------
Traceback (most recent call last):
  File "/home/auss/git_repos/samaust/Experiments_4DGS/tests/test_vipe_benchmark_supervisor.py", line 1383, in test_l16_phase_deadline
    session.await_ready()
    ~~~~~~~~~~~~~~~~~~~^^
  File "/home/auss/git_repos/samaust/Experiments_4DGS/tests/test_vipe_benchmark_supervisor.py", line 1165, in observed
    result=operation(*args,**kwargs);return result
  File "/home/auss/git_repos/samaust/Experiments_4DGS/scripts/vipe_benchmark/s1_helper_session.py", line 2397, in await_ready
    self.tick(end); time.sleep(min(.005,max(0.,end-time.monotonic())))
    ~~~~~~~~~^^^^^
  File "/home/auss/git_repos/samaust/Experiments_4DGS/tests/test_vipe_benchmark_supervisor.py", line 1165, in observed
    result=operation(*args,**kwargs);return result
  File "/home/auss/git_repos/samaust/Experiments_4DGS/scripts/vipe_benchmark/s1_helper_session.py", line 2312, in tick
    if self.owner.cancelled or self.poisoned: raise RuntimeError('S1 helper session poisoned: '+str(list(self.owner.errors)))
                                              ^^^^^^^^^^^^^^^^^^^^^^^^^^^^^^^^^^^^^^^^^^^^^^^^^^^^^^^^^^^^^^^^^^^^^^^^^^^^^^^
RuntimeError: S1 helper session poisoned: [{'error_class': 'ValueError', 'message': 'owned root schema', 'phase': 'startup'}]
timing_or_cleanup_check_0: AssertionError: False is not true : {'scenario': 'L16', 'mode': 'phase_late', 'constructor_entry': 93804.422786069, 'action_cutoff': 93806.422786069, 'safety_cutoff': 93807.422786069, 'constructor_end': 93804.422868576, 't0': 93804.422803408, 'ready_deadline': 93805.422803408, 'setup_deadline': 93806.422803408, 'setup_cleanup_deadline': 93807.422803408, 'action_end': 93804.435292284, 'end': 93804.435310186, 'execution_seconds': 0.01250621500366833, 'cleanup_seconds': 1.7901998944580555e-05, 'cleanup_confirmed': False, 'records': {'work': {'role': 'work', 'state': 'spawning', 'pid': None}, 'sample': {'role': 'sample', 'state': 'pending', 'pid': None}}, 'errors': [{'error_class': 'ValueError', 'message': 'owned root schema', 'phase': 'startup'}], 'signals': [], 'ticks': [93804.422803408, 93804.422872451, 93804.430191783, 93804.43527615], 'events': [{'event': 'fixture_spawn_entry', 'role': 'work', 'observed': 93804.423122478, 'ready_deadline': 93805.422803408}], 'trace_facts': {'capacity': 256, 'total': 1, 'dropped': 0, 'saturated': False, 'first': 93804.423123245, 'last': 93804.423123245}, 'tick_facts': {'capacity': 128, 'total': 4, 'dropped': 0, 'saturated': False, 'first': 93804.422807694, 'last': 93804.435276635}, 'owner_error_facts': {'capacity': 32, 'total': 1, 'dropped': 0, 'saturated': False, 'first': 93804.431188119, 'last': 93804.431188119}, 'owner_signal_facts': {'capacity': 128, 'total': 0, 'dropped': 0, 'saturated': False, 'first': None, 'last': None}, 'request_counts': {'work': {'dispatch': 0, 'response': 0}, 'sample': {'dispatch': 0, 'response': 0}}, 'census_request_count': 0, 'max_gap': 0.007319331998587586, 'max_turn': 1.9561994122341275e-05, 'call_observations': [{'operation': 'tick', 'entered': 93804.422872094, 'deadline': 93805.422803408, 'returned': 93804.422886114, 'confirmed': None, 'error': None, 'ready_before': [], 'ready_after': []}, {'operation': 'tick', 'entered': 93804.430190125, 'deadline': 93805.422803408, 'returned': 93804.430212211, 'confirmed': None, 'error': None, 'ready_before': [], 'ready_after'

======================================================================
ERROR: test_l17_post_task_acquisition (test_vipe_benchmark_supervisor.HelperSessionTests.test_l17_post_task_acquisition)
----------------------------------------------------------------------
Traceback (most recent call last):
  File "/home/auss/git_repos/samaust/Experiments_4DGS/tests/test_vipe_benchmark_supervisor.py", line 1388, in test_l17_post_task_acquisition
    session.await_ready()
    ~~~~~~~~~~~~~~~~~~~^^
  File "/home/auss/git_repos/samaust/Experiments_4DGS/tests/test_vipe_benchmark_supervisor.py", line 1165, in observed
    result=operation(*args,**kwargs);return result
  File "/home/auss/git_repos/samaust/Experiments_4DGS/scripts/vipe_benchmark/s1_helper_session.py", line 2397, in await_ready
    self.tick(end); time.sleep(min(.005,max(0.,end-time.monotonic())))
    ~~~~~~~~~^^^^^
  File "/home/auss/git_repos/samaust/Experiments_4DGS/tests/test_vipe_benchmark_supervisor.py", line 1165, in observed
    result=operation(*args,**kwargs);return result
  File "/home/auss/git_repos/samaust/Experiments_4DGS/scripts/vipe_benchmark/s1_helper_session.py", line 2312, in tick
    if self.owner.cancelled or self.poisoned: raise RuntimeError('S1 helper session poisoned: '+str(list(self.owner.errors)))
                                              ^^^^^^^^^^^^^^^^^^^^^^^^^^^^^^^^^^^^^^^^^^^^^^^^^^^^^^^^^^^^^^^^^^^^^^^^^^^^^^^
RuntimeError: S1 helper session poisoned: [{'error_class': 'ValueError', 'message': 'owned root schema', 'phase': 'startup'}]
timing_or_cleanup_check_0: AssertionError: False is not true : {'scenario': 'L17', 'mode': 'post_task', 'constructor_entry': 93804.436098844, 'action_cutoff': 93806.436098844, 'safety_cutoff': 93807.436098844, 'constructor_end': 93804.436184554, 't0': 93804.436116565, 'ready_deadline': 93805.436116565, 'setup_deadline': 93806.436116565, 'setup_cleanup_deadline': 93807.436116565, 'action_end': 93804.452969101, 'end': 93804.452985901, 'execution_seconds': 0.016870256993570365, 'cleanup_seconds': 1.680001150816679e-05, 'cleanup_confirmed': False, 'records': {'work': {'role': 'work', 'state': 'spawning', 'pid': None}, 'sample': {'role': 'sample', 'state': 'pending', 'pid': None}}, 'errors': [{'error_class': 'ValueError', 'message': 'owned root schema', 'phase': 'startup'}], 'signals': [], 'ticks': [93804.436116565, 93804.43618907, 93804.447888206, 93804.45295717], 'events': [{'event': 'fixture_spawn_entry', 'role': 'work', 'observed': 93804.43647401, 'ready_deadline': 93805.436116565}], 'trace_facts': {'capacity': 256, 'total': 1, 'dropped': 0, 'saturated': False, 'first': 93804.436475271, 'last': 93804.436475271}, 'tick_facts': {'capacity': 128, 'total': 4, 'dropped': 0, 'saturated': False, 'first': 93804.436120241, 'last': 93804.452957341}, 'owner_error_facts': {'capacity': 32, 'total': 1, 'dropped': 0, 'saturated': False, 'first': 93804.448924481, 'last': 93804.448924481}, 'owner_signal_facts': {'capacity': 128, 'total': 0, 'dropped': 0, 'saturated': False, 'first': None, 'last': None}, 'request_counts': {'work': {'dispatch': 0, 'response': 0}, 'sample': {'dispatch': 0, 'response': 0}}, 'census_request_count': 0, 'max_gap': 0.011699136011884548, 'max_turn': 1.3173004845157266e-05, 'call_observations': [{'operation': 'tick', 'entered': 93804.436188697, 'deadline': 93805.436116565, 'returned': 93804.436202926, 'confirmed': None, 'error': None, 'ready_before': [], 'ready_after': []}, {'operation': 'tick', 'entered': 93804.447886786, 'deadline': 93805.436116565, 'returned': 93804.447901657, 'confirmed': None, 'error': None, 'ready_before': [], 'ready_after': [

======================================================================
ERROR: test_l18_descendant_and_foreign_sentinel (test_vipe_benchmark_supervisor.HelperSessionTests.test_l18_descendant_and_foreign_sentinel)
----------------------------------------------------------------------
Traceback (most recent call last):
  File "/home/auss/git_repos/samaust/Experiments_4DGS/tests/test_vipe_benchmark_supervisor.py", line 1403, in test_l18_descendant_and_foreign_sentinel
    session.await_ready()
    ~~~~~~~~~~~~~~~~~~~^^
  File "/home/auss/git_repos/samaust/Experiments_4DGS/tests/test_vipe_benchmark_supervisor.py", line 1165, in observed
    result=operation(*args,**kwargs);return result
  File "/home/auss/git_repos/samaust/Experiments_4DGS/scripts/vipe_benchmark/s1_helper_session.py", line 2397, in await_ready
    self.tick(end); time.sleep(min(.005,max(0.,end-time.monotonic())))
    ~~~~~~~~~^^^^^
  File "/home/auss/git_repos/samaust/Experiments_4DGS/tests/test_vipe_benchmark_supervisor.py", line 1165, in observed
    result=operation(*args,**kwargs);return result
  File "/home/auss/git_repos/samaust/Experiments_4DGS/scripts/vipe_benchmark/s1_helper_session.py", line 2312, in tick
    if self.owner.cancelled or self.poisoned: raise RuntimeError('S1 helper session poisoned: '+str(list(self.owner.errors)))
                                              ^^^^^^^^^^^^^^^^^^^^^^^^^^^^^^^^^^^^^^^^^^^^^^^^^^^^^^^^^^^^^^^^^^^^^^^^^^^^^^^
RuntimeError: S1 helper session poisoned: [{'error_class': 'ValueError', 'message': 'owned root schema', 'phase': 'startup'}]
timing_or_cleanup_check_0: AssertionError: False is not true : {'scenario': 'L18', 'mode': 'descendant', 'constructor_entry': 93804.453696957, 'action_cutoff': 93806.453696957, 'safety_cutoff': 93807.453696957, 'constructor_end': 93804.453786486, 't0': 93804.453714789, 'ready_deadline': 93805.453714789, 'setup_deadline': 93806.453714789, 'setup_cleanup_deadline': 93807.453714789, 'action_end': 93804.465918074, 'end': 93804.465931354, 'execution_seconds': 0.012221116994624026, 'cleanup_seconds': 1.3280005077831447e-05, 'cleanup_confirmed': False, 'records': {'work': {'role': 'work', 'state': 'spawning', 'pid': None}, 'sample': {'role': 'sample', 'state': 'pending', 'pid': None}}, 'errors': [{'error_class': 'ValueError', 'message': 'owned root schema', 'phase': 'startup'}], 'signals': [], 'ticks': [93804.453714789, 93804.453790434, 93804.46084428, 93804.465907695], 'events': [{'event': 'fixture_spawn_entry', 'role': 'work', 'observed': 93804.454075535, 'ready_deadline': 93805.453714789}], 'trace_facts': {'capacity': 256, 'total': 1, 'dropped': 0, 'saturated': False, 'first': 93804.454076395, 'last': 93804.454076395}, 'tick_facts': {'capacity': 128, 'total': 4, 'dropped': 0, 'saturated': False, 'first': 93804.453718842, 'last': 93804.465907868}, 'owner_error_facts': {'capacity': 32, 'total': 1, 'dropped': 0, 'saturated': False, 'first': 93804.461792144, 'last': 93804.461792144}, 'owner_signal_facts': {'capacity': 128, 'total': 0, 'dropped': 0, 'saturated': False, 'first': None, 'last': None}, 'request_counts': {'work': {'dispatch': 0, 'response': 0}, 'sample': {'dispatch': 0, 'response': 0}}, 'census_request_count': 0, 'max_gap': 0.007053845998598263, 'max_turn': 1.2186006642878056e-05, 'call_observations': [{'operation': 'tick', 'entered': 93804.453790042, 'deadline': 93805.453714789, 'returned': 93804.453805361, 'confirmed': None, 'error': None, 'ready_before': [], 'ready_after': []}, {'operation': 'tick', 'entered': 93804.460843816, 'deadline': 93805.453714789, 'returned': 93804.460852972, 'confirmed': None, 'error': None, 'ready_before': [], 'ready_after

======================================================================
ERROR: test_l19_term_resistance (test_vipe_benchmark_supervisor.HelperSessionTests.test_l19_term_resistance)
----------------------------------------------------------------------
Traceback (most recent call last):
  File "/home/auss/git_repos/samaust/Experiments_4DGS/tests/test_vipe_benchmark_supervisor.py", line 1428, in test_l19_term_resistance
    session.await_ready()
    ~~~~~~~~~~~~~~~~~~~^^
  File "/home/auss/git_repos/samaust/Experiments_4DGS/tests/test_vipe_benchmark_supervisor.py", line 1165, in observed
    result=operation(*args,**kwargs);return result
  File "/home/auss/git_repos/samaust/Experiments_4DGS/scripts/vipe_benchmark/s1_helper_session.py", line 2397, in await_ready
    self.tick(end); time.sleep(min(.005,max(0.,end-time.monotonic())))
    ~~~~~~~~~^^^^^
  File "/home/auss/git_repos/samaust/Experiments_4DGS/tests/test_vipe_benchmark_supervisor.py", line 1165, in observed
    result=operation(*args,**kwargs);return result
  File "/home/auss/git_repos/samaust/Experiments_4DGS/scripts/vipe_benchmark/s1_helper_session.py", line 2312, in tick
    if self.owner.cancelled or self.poisoned: raise RuntimeError('S1 helper session poisoned: '+str(list(self.owner.errors)))
                                              ^^^^^^^^^^^^^^^^^^^^^^^^^^^^^^^^^^^^^^^^^^^^^^^^^^^^^^^^^^^^^^^^^^^^^^^^^^^^^^^
RuntimeError: S1 helper session poisoned: [{'error_class': 'ValueError', 'message': 'owned root schema', 'phase': 'startup'}]
timing_or_cleanup_check_0: AssertionError: False is not true : {'scenario': 'L19', 'mode': 'ignore_term', 'constructor_entry': 93804.466580325, 'action_cutoff': 93806.466580325, 'safety_cutoff': 93807.466580325, 'constructor_end': 93804.466657456, 't0': 93804.466596105, 'ready_deadline': 93805.466596105, 'setup_deadline': 93806.466596105, 'setup_cleanup_deadline': 93807.466596105, 'action_end': 93804.480154863, 'end': 93804.480168635, 'execution_seconds': 0.013574538010288961, 'cleanup_seconds': 1.3771990779787302e-05, 'cleanup_confirmed': False, 'records': {'work': {'role': 'work', 'state': 'spawning', 'pid': None}, 'sample': {'role': 'sample', 'state': 'pending', 'pid': None}}, 'errors': [{'error_class': 'ValueError', 'message': 'owned root schema', 'phase': 'startup'}], 'signals': [], 'ticks': [93804.466596105, 93804.466661148, 93804.47507293, 93804.480142399], 'events': [{'event': 'fixture_spawn_entry', 'role': 'work', 'observed': 93804.466925518, 'ready_deadline': 93805.466596105}], 'trace_facts': {'capacity': 256, 'total': 1, 'dropped': 0, 'saturated': False, 'first': 93804.466926728, 'last': 93804.466926728}, 'tick_facts': {'capacity': 128, 'total': 4, 'dropped': 0, 'saturated': False, 'first': 93804.466599462, 'last': 93804.480142735}, 'owner_error_facts': {'capacity': 32, 'total': 1, 'dropped': 0, 'saturated': False, 'first': 93804.476037159, 'last': 93804.476037159}, 'owner_signal_facts': {'capacity': 128, 'total': 0, 'dropped': 0, 'saturated': False, 'first': None, 'last': None}, 'request_counts': {'work': {'dispatch': 0, 'response': 0}, 'sample': {'dispatch': 0, 'response': 0}}, 'census_request_count': 0, 'max_gap': 0.008411781993345357, 'max_turn': 1.399299071636051e-05, 'call_observations': [{'operation': 'tick', 'entered': 93804.466660795, 'deadline': 93805.466596105, 'returned': 93804.466675802, 'confirmed': None, 'error': None, 'ready_before': [], 'ready_after': []}, {'operation': 'tick', 'entered': 93804.475072227, 'deadline': 93805.466596105, 'returned': 93804.47508484, 'confirmed': None, 'error': None, 'ready_before': [], 'ready_after'

======================================================================
ERROR: test_l20_exit_during_transport (test_vipe_benchmark_supervisor.HelperSessionTests.test_l20_exit_during_transport)
----------------------------------------------------------------------
Traceback (most recent call last):
  File "/home/auss/git_repos/samaust/Experiments_4DGS/tests/test_vipe_benchmark_supervisor.py", line 1435, in test_l20_exit_during_transport
    session.await_ready()
    ~~~~~~~~~~~~~~~~~~~^^
  File "/home/auss/git_repos/samaust/Experiments_4DGS/tests/test_vipe_benchmark_supervisor.py", line 1165, in observed
    result=operation(*args,**kwargs);return result
  File "/home/auss/git_repos/samaust/Experiments_4DGS/scripts/vipe_benchmark/s1_helper_session.py", line 2397, in await_ready
    self.tick(end); time.sleep(min(.005,max(0.,end-time.monotonic())))
    ~~~~~~~~~^^^^^
  File "/home/auss/git_repos/samaust/Experiments_4DGS/tests/test_vipe_benchmark_supervisor.py", line 1165, in observed
    result=operation(*args,**kwargs);return result
  File "/home/auss/git_repos/samaust/Experiments_4DGS/scripts/vipe_benchmark/s1_helper_session.py", line 2312, in tick
    if self.owner.cancelled or self.poisoned: raise RuntimeError('S1 helper session poisoned: '+str(list(self.owner.errors)))
                                              ^^^^^^^^^^^^^^^^^^^^^^^^^^^^^^^^^^^^^^^^^^^^^^^^^^^^^^^^^^^^^^^^^^^^^^^^^^^^^^^
RuntimeError: S1 helper session poisoned: [{'error_class': 'ValueError', 'message': 'owned root schema', 'phase': 'startup'}]
timing_or_cleanup_check_0: AssertionError: False is not true : {'scenario': 'L20', 'mode': 'exit_transport', 'constructor_entry': 93804.480805532, 'action_cutoff': 93806.480805532, 'safety_cutoff': 93807.480805532, 'constructor_end': 93804.480880988, 't0': 93804.480821968, 'ready_deadline': 93805.480821968, 'setup_deadline': 93806.480821968, 'setup_cleanup_deadline': 93807.480821968, 'action_end': 93804.493772366, 'end': 93804.493786629, 'execution_seconds': 0.01296683399414178, 'cleanup_seconds': 1.4263001503422856e-05, 'cleanup_confirmed': False, 'records': {'work': {'role': 'work', 'state': 'spawning', 'pid': None}, 'sample': {'role': 'sample', 'state': 'pending', 'pid': None}}, 'errors': [{'error_class': 'ValueError', 'message': 'owned root schema', 'phase': 'startup'}], 'signals': [], 'ticks': [93804.480821968, 93804.48088476, 93804.48867017, 93804.493736773], 'events': [{'event': 'fixture_spawn_entry', 'role': 'work', 'observed': 93804.481157472, 'ready_deadline': 93805.480821968}], 'trace_facts': {'capacity': 256, 'total': 1, 'dropped': 0, 'saturated': False, 'first': 93804.481158658, 'last': 93804.481158658}, 'tick_facts': {'capacity': 128, 'total': 4, 'dropped': 0, 'saturated': False, 'first': 93804.480825459, 'last': 93804.493736993}, 'owner_error_facts': {'capacity': 32, 'total': 1, 'dropped': 0, 'saturated': False, 'first': 93804.489591587, 'last': 93804.489591587}, 'owner_signal_facts': {'capacity': 128, 'total': 0, 'dropped': 0, 'saturated': False, 'first': None, 'last': None}, 'request_counts': {'work': {'dispatch': 0, 'response': 0}, 'sample': {'dispatch': 0, 'response': 0}}, 'census_request_count': 0, 'max_gap': 0.007785409994539805, 'max_turn': 3.4882992622442544e-05, 'call_observations': [{'operation': 'tick', 'entered': 93804.480884421, 'deadline': 93805.480821968, 'returned': 93804.480920304, 'confirmed': None, 'error': None, 'ready_before': [], 'ready_after': []}, {'operation': 'tick', 'entered': 93804.488669571, 'deadline': 93805.480821968, 'returned': 93804.488681569, 'confirmed': None, 'error': None, 'ready_before': [], 'ready_aft

======================================================================
ERROR: test_l21_enumeration_failure (test_vipe_benchmark_supervisor.HelperSessionTests.test_l21_enumeration_failure)
----------------------------------------------------------------------
Traceback (most recent call last):
  File "/home/auss/git_repos/samaust/Experiments_4DGS/tests/test_vipe_benchmark_supervisor.py", line 1450, in test_l21_enumeration_failure
    def test_l21_enumeration_failure(self): self.failed_cleanup('L21','enumeration_failure')
                                            ~~~~~~~~~~~~~~~~~~~^^^^^^^^^^^^^^^^^^^^^^^^^^^^^
  File "/home/auss/git_repos/samaust/Experiments_4DGS/tests/test_vipe_benchmark_supervisor.py", line 1441, in failed_cleanup
    session.await_ready()
    ~~~~~~~~~~~~~~~~~~~^^
  File "/home/auss/git_repos/samaust/Experiments_4DGS/tests/test_vipe_benchmark_supervisor.py", line 1165, in observed
    result=operation(*args,**kwargs);return result
  File "/home/auss/git_repos/samaust/Experiments_4DGS/scripts/vipe_benchmark/s1_helper_session.py", line 2397, in await_ready
    self.tick(end); time.sleep(min(.005,max(0.,end-time.monotonic())))
    ~~~~~~~~~^^^^^
  File "/home/auss/git_repos/samaust/Experiments_4DGS/tests/test_vipe_benchmark_supervisor.py", line 1165, in observed
    result=operation(*args,**kwargs);return result
  File "/home/auss/git_repos/samaust/Experiments_4DGS/scripts/vipe_benchmark/s1_helper_session.py", line 2312, in tick
    if self.owner.cancelled or self.poisoned: raise RuntimeError('S1 helper session poisoned: '+str(list(self.owner.errors)))
                                              ^^^^^^^^^^^^^^^^^^^^^^^^^^^^^^^^^^^^^^^^^^^^^^^^^^^^^^^^^^^^^^^^^^^^^^^^^^^^^^^
RuntimeError: S1 helper session poisoned: [{'error_class': 'ValueError', 'message': 'owned root schema', 'phase': 'startup'}, {'error_class': 'OSError', 'message': 'fixture enumeration failure', 'phase': 'helper_cleanup'}]
timing_or_cleanup_check_0: AssertionError: False is not true : {'scenario': 'L21', 'mode': 'enumeration_failure', 'constructor_entry': 93804.49443232, 'action_cutoff': 93806.49443232, 'safety_cutoff': 93807.49443232, 'constructor_end': 93804.49451389, 't0': 93804.49445024, 'ready_deadline': 93805.49445024, 'setup_deadline': 93806.49445024, 'setup_cleanup_deadline': 93807.49445024, 'action_end': 93804.508547744, 'end': 93804.50856577, 'execution_seconds': 0.01411542399728205, 'cleanup_seconds': 1.802599581424147e-05, 'cleanup_confirmed': False, 'records': {'work': {'role': 'work', 'state': 'spawning', 'pid': None}, 'sample': {'role': 'sample', 'state': 'pending', 'pid': None}}, 'errors': [{'error_class': 'ValueError', 'message': 'owned root schema', 'phase': 'startup'}, {'error_class': 'OSError', 'message': 'fixture enumeration failure', 'phase': 'helper_cleanup'}], 'signals': [], 'ticks': [93804.49445024, 93804.494517875, 93804.503448499, 93804.508531048], 'events': [{'event': 'fixture_spawn_entry', 'role': 'work', 'observed': 93804.494780032, 'ready_deadline': 93805.49445024}], 'trace_facts': {'capacity': 256, 'total': 1, 'dropped': 0, 'saturated': False, 'first': 93804.494781259, 'last': 93804.494781259}, 'tick_facts': {'capacity': 128, 'total': 4, 'dropped': 0, 'saturated': False, 'first': 93804.494453952, 'last': 93804.508531589}, 'owner_error_facts': {'capacity': 32, 'total': 2, 'dropped': 0, 'saturated': False, 'first': 93804.504349161, 'last': 93804.504356056}, 'owner_signal_facts': {'capacity': 128, 'total': 0, 'dropped': 0, 'saturated': False, 'first': None, 'last': None}, 'request_counts': {'work': {'dispatch': 0, 'response': 0}, 'sample': {'dispatch': 0, 'response': 0}}, 'census_request_count': 0, 'max_gap': 0.00893062399700284, 'max_turn': 2.042599953711033e-05, 'call_observations': [{'operation': 'tick', 'entered': 93804.494517548, 'deadline': 93805.49445024, 'returned': 93804.494531187, 'confirmed': None, 'error': None, 'ready_before': [], 'ready_after': []}, {'operation': 'tick', 'entered': 93804.503446565, 'deadline': 93805.49445024, 'retu

======================================================================
ERROR: test_l22_signal_failure (test_vipe_benchmark_supervisor.HelperSessionTests.test_l22_signal_failure)
----------------------------------------------------------------------
Traceback (most recent call last):
  File "/home/auss/git_repos/samaust/Experiments_4DGS/tests/test_vipe_benchmark_supervisor.py", line 1451, in test_l22_signal_failure
    def test_l22_signal_failure(self): self.failed_cleanup('L22','signal_failure')
                                       ~~~~~~~~~~~~~~~~~~~^^^^^^^^^^^^^^^^^^^^^^^^
  File "/home/auss/git_repos/samaust/Experiments_4DGS/tests/test_vipe_benchmark_supervisor.py", line 1441, in failed_cleanup
    session.await_ready()
    ~~~~~~~~~~~~~~~~~~~^^
  File "/home/auss/git_repos/samaust/Experiments_4DGS/tests/test_vipe_benchmark_supervisor.py", line 1165, in observed
    result=operation(*args,**kwargs);return result
  File "/home/auss/git_repos/samaust/Experiments_4DGS/scripts/vipe_benchmark/s1_helper_session.py", line 2397, in await_ready
    self.tick(end); time.sleep(min(.005,max(0.,end-time.monotonic())))
    ~~~~~~~~~^^^^^
  File "/home/auss/git_repos/samaust/Experiments_4DGS/tests/test_vipe_benchmark_supervisor.py", line 1165, in observed
    result=operation(*args,**kwargs);return result
  File "/home/auss/git_repos/samaust/Experiments_4DGS/scripts/vipe_benchmark/s1_helper_session.py", line 2312, in tick
    if self.owner.cancelled or self.poisoned: raise RuntimeError('S1 helper session poisoned: '+str(list(self.owner.errors)))
                                              ^^^^^^^^^^^^^^^^^^^^^^^^^^^^^^^^^^^^^^^^^^^^^^^^^^^^^^^^^^^^^^^^^^^^^^^^^^^^^^^
RuntimeError: S1 helper session poisoned: [{'error_class': 'ValueError', 'message': 'owned root schema', 'phase': 'startup'}]
timing_or_cleanup_check_0: AssertionError: False is not true : {'scenario': 'L22', 'mode': 'signal_failure', 'constructor_entry': 93804.509278036, 'action_cutoff': 93806.509278036, 'safety_cutoff': 93807.509278036, 'constructor_end': 93804.509356658, 't0': 93804.509294566, 'ready_deadline': 93805.509294566, 'setup_deadline': 93806.509294566, 'setup_cleanup_deadline': 93807.509294566, 'action_end': 93804.525062593, 'end': 93804.525083351, 'execution_seconds': 0.015784557006554678, 'cleanup_seconds': 2.075800148304552e-05, 'cleanup_confirmed': False, 'records': {'work': {'role': 'work', 'state': 'spawning', 'pid': None}, 'sample': {'role': 'sample', 'state': 'pending', 'pid': None}}, 'errors': [{'error_class': 'ValueError', 'message': 'owned root schema', 'phase': 'startup'}], 'signals': [], 'ticks': [93804.509294566, 93804.509360743, 93804.51995875, 93804.52504519], 'events': [{'event': 'fixture_spawn_entry', 'role': 'work', 'observed': 93804.509627, 'ready_deadline': 93805.509294566}], 'trace_facts': {'capacity': 256, 'total': 1, 'dropped': 0, 'saturated': False, 'first': 93804.509628202, 'last': 93804.509628202}, 'tick_facts': {'capacity': 128, 'total': 4, 'dropped': 0, 'saturated': False, 'first': 93804.509298318, 'last': 93804.525045739}, 'owner_error_facts': {'capacity': 32, 'total': 1, 'dropped': 0, 'saturated': False, 'first': 93804.521017963, 'last': 93804.521017963}, 'owner_signal_facts': {'capacity': 128, 'total': 0, 'dropped': 0, 'saturated': False, 'first': None, 'last': None}, 'request_counts': {'work': {'dispatch': 0, 'response': 0}, 'sample': {'dispatch': 0, 'response': 0}}, 'census_request_count': 0, 'max_gap': 0.010598006992950104, 'max_turn': 2.4382010451518e-05, 'call_observations': [{'operation': 'tick', 'entered': 93804.509360352, 'deadline': 93805.509294566, 'returned': 93804.509389621, 'confirmed': None, 'error': None, 'ready_before': [], 'ready_after': []}, {'operation': 'tick', 'entered': 93804.519955519, 'deadline': 93805.509294566, 'returned': 93804.519983943, 'confirmed': None, 'error': None, 'ready_before': [], 'ready_after': [

======================================================================
ERROR: test_l23_reap_failure (test_vipe_benchmark_supervisor.HelperSessionTests.test_l23_reap_failure)
----------------------------------------------------------------------
Traceback (most recent call last):
  File "/home/auss/git_repos/samaust/Experiments_4DGS/tests/test_vipe_benchmark_supervisor.py", line 1452, in test_l23_reap_failure
    def test_l23_reap_failure(self): self.failed_cleanup('L23','reap_failure')
                                     ~~~~~~~~~~~~~~~~~~~^^^^^^^^^^^^^^^^^^^^^^
  File "/home/auss/git_repos/samaust/Experiments_4DGS/tests/test_vipe_benchmark_supervisor.py", line 1441, in failed_cleanup
    session.await_ready()
    ~~~~~~~~~~~~~~~~~~~^^
  File "/home/auss/git_repos/samaust/Experiments_4DGS/tests/test_vipe_benchmark_supervisor.py", line 1165, in observed
    result=operation(*args,**kwargs);return result
  File "/home/auss/git_repos/samaust/Experiments_4DGS/scripts/vipe_benchmark/s1_helper_session.py", line 2397, in await_ready
    self.tick(end); time.sleep(min(.005,max(0.,end-time.monotonic())))
    ~~~~~~~~~^^^^^
  File "/home/auss/git_repos/samaust/Experiments_4DGS/tests/test_vipe_benchmark_supervisor.py", line 1165, in observed
    result=operation(*args,**kwargs);return result
  File "/home/auss/git_repos/samaust/Experiments_4DGS/scripts/vipe_benchmark/s1_helper_session.py", line 2312, in tick
    if self.owner.cancelled or self.poisoned: raise RuntimeError('S1 helper session poisoned: '+str(list(self.owner.errors)))
                                              ^^^^^^^^^^^^^^^^^^^^^^^^^^^^^^^^^^^^^^^^^^^^^^^^^^^^^^^^^^^^^^^^^^^^^^^^^^^^^^^
RuntimeError: S1 helper session poisoned: [{'error_class': 'ValueError', 'message': 'owned root schema', 'phase': 'startup'}]
timing_or_cleanup_check_0: AssertionError: False is not true : {'scenario': 'L23', 'mode': 'reap_failure', 'constructor_entry': 93804.525870528, 'action_cutoff': 93806.525870528, 'safety_cutoff': 93807.525870528, 'constructor_end': 93804.525965145, 't0': 93804.525888746, 'ready_deadline': 93805.525888746, 'setup_deadline': 93806.525888746, 'setup_cleanup_deadline': 93807.525888746, 'action_end': 93804.539930925, 'end': 93804.539946373, 'execution_seconds': 0.014060397006687708, 'cleanup_seconds': 1.5447993064299226e-05, 'cleanup_confirmed': False, 'records': {'work': {'role': 'work', 'state': 'spawning', 'pid': None}, 'sample': {'role': 'sample', 'state': 'pending', 'pid': None}}, 'errors': [{'error_class': 'ValueError', 'message': 'owned root schema', 'phase': 'startup'}], 'signals': [], 'ticks': [93804.525888746, 93804.525969157, 93804.534851483, 93804.539919649], 'events': [{'event': 'fixture_spawn_entry', 'role': 'work', 'observed': 93804.526266296, 'ready_deadline': 93805.525888746}], 'trace_facts': {'capacity': 256, 'total': 1, 'dropped': 0, 'saturated': False, 'first': 93804.526267525, 'last': 93804.526267525}, 'tick_facts': {'capacity': 128, 'total': 4, 'dropped': 0, 'saturated': False, 'first': 93804.525892969, 'last': 93804.539919813}, 'owner_error_facts': {'capacity': 32, 'total': 1, 'dropped': 0, 'saturated': False, 'first': 93804.535777248, 'last': 93804.535777248}, 'owner_signal_facts': {'capacity': 128, 'total': 0, 'dropped': 0, 'saturated': False, 'first': None, 'last': None}, 'request_counts': {'work': {'dispatch': 0, 'response': 0}, 'sample': {'dispatch': 0, 'response': 0}}, 'census_request_count': 0, 'max_gap': 0.008882326001184992, 'max_turn': 1.2365999282337725e-05, 'call_observations': [{'operation': 'tick', 'entered': 93804.52596881, 'deadline': 93805.525888746, 'returned': 93804.525982184, 'confirmed': None, 'error': None, 'ready_before': [], 'ready_after': []}, {'operation': 'tick', 'entered': 93804.534850678, 'deadline': 93805.525888746, 'returned': 93804.534864013, 'confirmed': None, 'error': None, 'ready_before': [], 'ready_aft

======================================================================
ERROR: test_l24_summary_reference_adapter (test_vipe_benchmark_supervisor.HelperSessionTests.test_l24_summary_reference_adapter)
----------------------------------------------------------------------
Traceback (most recent call last):
  File "/home/auss/git_repos/samaust/Experiments_4DGS/tests/test_vipe_benchmark_supervisor.py", line 1463, in test_l24_summary_reference_adapter
    session.await_ready()
    ~~~~~~~~~~~~~~~~~~~^^
  File "/home/auss/git_repos/samaust/Experiments_4DGS/tests/test_vipe_benchmark_supervisor.py", line 1165, in observed
    result=operation(*args,**kwargs);return result
  File "/home/auss/git_repos/samaust/Experiments_4DGS/scripts/vipe_benchmark/s1_helper_session.py", line 2397, in await_ready
    self.tick(end); time.sleep(min(.005,max(0.,end-time.monotonic())))
    ~~~~~~~~~^^^^^
  File "/home/auss/git_repos/samaust/Experiments_4DGS/tests/test_vipe_benchmark_supervisor.py", line 1165, in observed
    result=operation(*args,**kwargs);return result
  File "/home/auss/git_repos/samaust/Experiments_4DGS/scripts/vipe_benchmark/s1_helper_session.py", line 2312, in tick
    if self.owner.cancelled or self.poisoned: raise RuntimeError('S1 helper session poisoned: '+str(list(self.owner.errors)))
                                              ^^^^^^^^^^^^^^^^^^^^^^^^^^^^^^^^^^^^^^^^^^^^^^^^^^^^^^^^^^^^^^^^^^^^^^^^^^^^^^^
RuntimeError: S1 helper session poisoned: [{'error_class': 'ValueError', 'message': 'owned root schema', 'phase': 'startup'}]
timing_or_cleanup_check_0: AssertionError: False is not true : {'scenario': 'L24', 'mode': 'artifact', 'constructor_entry': 93804.875367483, 'action_cutoff': 93806.875367483, 'safety_cutoff': 93807.875367483, 'constructor_end': 93804.875481909, 't0': 93804.875387969, 'ready_deadline': 93805.875387969, 'setup_deadline': 93806.875387969, 'setup_cleanup_deadline': 93807.875387969, 'action_end': 93804.888751651, 'end': 93804.888773793, 'execution_seconds': 0.013384168007178232, 'cleanup_seconds': 2.2142005036585033e-05, 'cleanup_confirmed': False, 'records': {'work': {'role': 'work', 'state': 'spawning', 'pid': None}, 'sample': {'role': 'sample', 'state': 'pending', 'pid': None}}, 'errors': [{'error_class': 'ValueError', 'message': 'owned root schema', 'phase': 'startup'}], 'signals': [], 'ticks': [93804.875387969, 93804.875486792, 93804.883611884, 93804.888735353], 'events': [{'event': 'fixture_spawn_entry', 'role': 'work', 'observed': 93804.875794899, 'ready_deadline': 93805.875387969}], 'trace_facts': {'capacity': 256, 'total': 1, 'dropped': 0, 'saturated': False, 'first': 93804.875796314, 'last': 93804.875796314}, 'tick_facts': {'capacity': 128, 'total': 4, 'dropped': 0, 'saturated': False, 'first': 93804.875393364, 'last': 93804.888735793}, 'owner_error_facts': {'capacity': 32, 'total': 1, 'dropped': 0, 'saturated': False, 'first': 93804.884582641, 'last': 93804.884582641}, 'owner_signal_facts': {'capacity': 128, 'total': 0, 'dropped': 0, 'saturated': False, 'first': None, 'last': None}, 'request_counts': {'work': {'dispatch': 0, 'response': 0}, 'sample': {'dispatch': 0, 'response': 0}}, 'census_request_count': 0, 'max_gap': 0.008125091990223154, 'max_turn': 4.0521990740671754e-05, 'call_observations': [{'operation': 'tick', 'entered': 93804.875486412, 'deadline': 93805.875387969, 'returned': 93804.875528033, 'confirmed': None, 'error': None, 'ready_before': [], 'ready_after': []}, {'operation': 'tick', 'entered': 93804.883609766, 'deadline': 93805.875387969, 'returned': 93804.883633662, 'confirmed': None, 'error': None, 'ready_before': [], 'ready_after'

======================================================================
ERROR: test_l25_delayed_actual_reserve (test_vipe_benchmark_supervisor.HelperSessionTests.test_l25_delayed_actual_reserve)
----------------------------------------------------------------------
Traceback (most recent call last):
  File "/home/auss/git_repos/samaust/Experiments_4DGS/scripts/vipe_benchmark/supervisor.py", line 283, in monitored_call
    session.await_ready()
    ~~~~~~~~~~~~~~~~~~~^^
  File "/home/auss/git_repos/samaust/Experiments_4DGS/tests/test_vipe_benchmark_supervisor.py", line 1165, in observed
    result=operation(*args,**kwargs);return result
  File "/home/auss/git_repos/samaust/Experiments_4DGS/scripts/vipe_benchmark/s1_helper_session.py", line 2397, in await_ready
    self.tick(end); time.sleep(min(.005,max(0.,end-time.monotonic())))
    ~~~~~~~~~^^^^^
  File "/home/auss/git_repos/samaust/Experiments_4DGS/tests/test_vipe_benchmark_supervisor.py", line 1165, in observed
    result=operation(*args,**kwargs);return result
  File "/home/auss/git_repos/samaust/Experiments_4DGS/scripts/vipe_benchmark/s1_helper_session.py", line 2312, in tick
    if self.owner.cancelled or self.poisoned: raise RuntimeError('S1 helper session poisoned: '+str(list(self.owner.errors)))
                                              ^^^^^^^^^^^^^^^^^^^^^^^^^^^^^^^^^^^^^^^^^^^^^^^^^^^^^^^^^^^^^^^^^^^^^^^^^^^^^^^
RuntimeError: S1 helper session poisoned: [{'error_class': 'ValueError', 'message': 'owned root schema', 'phase': 'startup'}]

The above exception was the direct cause of the following exception:

Traceback (most recent call last):
  File "/home/auss/git_repos/samaust/Experiments_4DGS/tests/test_vipe_benchmark_supervisor.py", line 1507, in test_l25_delayed_actual_reserve
    def test_l25_delayed_actual_reserve(self): self.admission_rejected('L25',False)
                                               ~~~~~~~~~~~~~~~~~~~~~~~^^^^^^^^^^^^^
  File "/home/auss/git_repos/samaust/Experiments_4DGS/tests/test_vipe_benchmark_supervisor.py", line 1498, in admission_rejected
    sup.supervise(Disposable(),'S1-calibration-recovery-001',['unused'],Path(temp)/'out',evidence={},sample_resources=self.sampler)
    ~~~~~~~~~~~~~^^^^^^^^^^^^^^^^^^^^^^^^^^^^^^^^^^^^^^^^^^^^^^^^^^^^^^^^^^^^^^^^^^^^^^^^^^^^^^^^^^^^^^^^^^^^^^^^^^^^^^^^^^^^^^^^^^
  File "/home/auss/git_repos/samaust/Experiments_4DGS/scripts/vipe_benchmark/supervisor.py", line 368, in supervise
    initial = (monitored_call(sampler, time.monotonic()+2., sampler, ledger.config, peak,
               ~~~~~~~~~~~~~~^^^^^^^^^^^^^^^^^^^^^^^^^^^^^^^^^^^^^^^^^^^^^^^^^^^^^^^^^^^^
                              lifecycle=lifecycle, phase='initial_sample') if is_s1 else sampler())
                              ^^^^^^^^^^^^^^^^^^^^^^^^^^^^^^^^^^^^^^^^^^^^
  File "/home/auss/git_repos/samaust/Experiments_4DGS/scripts/vipe_benchmark/supervisor.py", line 330, in monitored_call
    raise primary from exc
vipe_benchmark.supervisor.HelperFailure: RuntimeError: S1 helper session poisoned: [{'error_class': 'ValueError', 'message': 'owned root schema', 'phase': 'startup'}]
HelperCleanupUncertain: helper cleanup not confirmed
pre-reservation helper cleanup not confirmed
timing_or_cleanup_check_0: AssertionError: False is not true : {'scenario': 'L25', 'mode': 'normal', 'constructor_entry': 93804.890089718, 'action_cutoff': 93806.890089718, 'safety_cutoff': 93807.890089718, 'constructor_end': 93804.890182313, 't0': 93804.890108384, 'ready_deadline': 93805.040108384, 'setup_deadline': 93805.190108384, 'setup_cleanup_deadline': 93805.390108384, 'action_end': 93805.39025841, 'end': 93805.390264818, 'execution_seconds': 0.5001686920004431, 'cleanup_seconds': 6.407994078472257e-06, 'cleanup_confirmed': False, 'records': {'work': {'role': 'work', 'state': 'spawning', 'pid': None}, 'sample': {'role': 'sample', 'state': 'pending', 'pid': None}}, 'errors': [{'error_class': 'ValueError', 'message': 'owned root schema', 'phase': 'startup'}], 'signals': [], 'ticks': [93804.890108384, 93804.891470732, 93804.900400913, 93804.905467943], 'events': [{'event': 'fixture_spawn_entry', 'role': 'work', 'observed': 93804.890594428, 'ready_deadline': 93805.040108384}], 'trace_facts': {'capacity': 256, 'total': 1, 'dropped': 0, 'saturated': False, 'first': 93804.890595672, 'last': 93804.890595672}, 'tick_facts': {'capacity': 128, 'total': 4, 'dropped': 0, 'saturated': False, 'first': 93804.890111873, 'last': 93804.90546812}, 'owner_error_facts': {'capacity': 32, 'total': 1, 'dropped': 0, 'saturated': False, 'first': 93804.90136528, 'last': 93804.90136528}, 'owner_signal_facts': {'capacity': 128, 'total': 0, 'dropped': 0, 'saturated': False, 'first': None, 'last': None}, 'request_counts': {'work': {'dispatch': 0, 'response': 0}, 'sample': {'dispatch': 0, 'response': 0}}, 'census_request_count': 0, 'max_gap': 0.008930181007599458, 'max_turn': 1.4508012100122869e-05, 'call_observations': [{'operation': 'tick', 'entered': 93804.891470365, 'deadline': 93805.040108384, 'returned': 93804.891485956, 'confirmed': None, 'error': None, 'ready_before': [], 'ready_after': []}, {'operation': 'tick', 'entered': 93804.900400311, 'deadline': 93805.040108384, 'returned': 93804.90041267, 'confirmed': None, 'error': None, 'ready_before': [], 'ready_after': []}, {'o

======================================================================
ERROR: test_l26_equal_actual_reserve (test_vipe_benchmark_supervisor.HelperSessionTests.test_l26_equal_actual_reserve)
----------------------------------------------------------------------
Traceback (most recent call last):
  File "/home/auss/git_repos/samaust/Experiments_4DGS/scripts/vipe_benchmark/supervisor.py", line 283, in monitored_call
    session.await_ready()
    ~~~~~~~~~~~~~~~~~~~^^
  File "/home/auss/git_repos/samaust/Experiments_4DGS/tests/test_vipe_benchmark_supervisor.py", line 1165, in observed
    result=operation(*args,**kwargs);return result
  File "/home/auss/git_repos/samaust/Experiments_4DGS/scripts/vipe_benchmark/s1_helper_session.py", line 2397, in await_ready
    self.tick(end); time.sleep(min(.005,max(0.,end-time.monotonic())))
    ~~~~~~~~~^^^^^
  File "/home/auss/git_repos/samaust/Experiments_4DGS/tests/test_vipe_benchmark_supervisor.py", line 1165, in observed
    result=operation(*args,**kwargs);return result
  File "/home/auss/git_repos/samaust/Experiments_4DGS/scripts/vipe_benchmark/s1_helper_session.py", line 2312, in tick
    if self.owner.cancelled or self.poisoned: raise RuntimeError('S1 helper session poisoned: '+str(list(self.owner.errors)))
                                              ^^^^^^^^^^^^^^^^^^^^^^^^^^^^^^^^^^^^^^^^^^^^^^^^^^^^^^^^^^^^^^^^^^^^^^^^^^^^^^^
RuntimeError: S1 helper session poisoned: [{'error_class': 'ValueError', 'message': 'owned root schema', 'phase': 'startup'}]

The above exception was the direct cause of the following exception:

Traceback (most recent call last):
  File "/home/auss/git_repos/samaust/Experiments_4DGS/tests/test_vipe_benchmark_supervisor.py", line 1508, in test_l26_equal_actual_reserve
    def test_l26_equal_actual_reserve(self): self.admission_rejected('L26',True)
                                             ~~~~~~~~~~~~~~~~~~~~~~~^^^^^^^^^^^^
  File "/home/auss/git_repos/samaust/Experiments_4DGS/tests/test_vipe_benchmark_supervisor.py", line 1498, in admission_rejected
    sup.supervise(Disposable(),'S1-calibration-recovery-001',['unused'],Path(temp)/'out',evidence={},sample_resources=self.sampler)
    ~~~~~~~~~~~~~^^^^^^^^^^^^^^^^^^^^^^^^^^^^^^^^^^^^^^^^^^^^^^^^^^^^^^^^^^^^^^^^^^^^^^^^^^^^^^^^^^^^^^^^^^^^^^^^^^^^^^^^^^^^^^^^^^
  File "/home/auss/git_repos/samaust/Experiments_4DGS/scripts/vipe_benchmark/supervisor.py", line 368, in supervise
    initial = (monitored_call(sampler, time.monotonic()+2., sampler, ledger.config, peak,
               ~~~~~~~~~~~~~~^^^^^^^^^^^^^^^^^^^^^^^^^^^^^^^^^^^^^^^^^^^^^^^^^^^^^^^^^^^^
                              lifecycle=lifecycle, phase='initial_sample') if is_s1 else sampler())
                              ^^^^^^^^^^^^^^^^^^^^^^^^^^^^^^^^^^^^^^^^^^^^
  File "/home/auss/git_repos/samaust/Experiments_4DGS/scripts/vipe_benchmark/supervisor.py", line 330, in monitored_call
    raise primary from exc
vipe_benchmark.supervisor.HelperFailure: RuntimeError: S1 helper session poisoned: [{'error_class': 'ValueError', 'message': 'owned root schema', 'phase': 'startup'}]
HelperCleanupUncertain: helper cleanup not confirmed
pre-reservation helper cleanup not confirmed
timing_or_cleanup_check_0: AssertionError: False is not true : {'scenario': 'L26', 'mode': 'normal', 'constructor_entry': 93805.391969059, 'action_cutoff': 93807.391969059, 'safety_cutoff': 93808.391969059, 'constructor_end': 93805.392158488, 't0': 93805.391989919, 'ready_deadline': 93805.54198991899, 'setup_deadline': 93805.691989919, 'setup_cleanup_deadline': 93805.891989919, 'action_end': 93805.892179407, 'end': 93805.892187451, 'execution_seconds': 0.5002103480073856, 'cleanup_seconds': 8.0439931480214e-06, 'cleanup_confirmed': False, 'records': {'work': {'role': 'work', 'state': 'spawning', 'pid': None}, 'sample': {'role': 'sample', 'state': 'pending', 'pid': None}}, 'errors': [{'error_class': 'ValueError', 'message': 'owned root schema', 'phase': 'startup'}], 'signals': [], 'ticks': [93805.391989919, 93805.393894024, 93805.402564681, 93805.407654431], 'events': [{'event': 'fixture_spawn_entry', 'role': 'work', 'observed': 93805.392634443, 'ready_deadline': 93805.54198991899}], 'trace_facts': {'capacity': 256, 'total': 1, 'dropped': 0, 'saturated': False, 'first': 93805.392635747, 'last': 93805.392635747}, 'tick_facts': {'capacity': 128, 'total': 4, 'dropped': 0, 'saturated': False, 'first': 93805.391994335, 'last': 93805.407654929}, 'owner_error_facts': {'capacity': 32, 'total': 1, 'dropped': 0, 'saturated': False, 'first': 93805.403648971, 'last': 93805.403648971}, 'owner_signal_facts': {'capacity': 128, 'total': 0, 'dropped': 0, 'saturated': False, 'first': None, 'last': None}, 'request_counts': {'work': {'dispatch': 0, 'response': 0}, 'sample': {'dispatch': 0, 'response': 0}}, 'census_request_count': 0, 'max_gap': 0.008670657000038773, 'max_turn': 2.5607994757592678e-05, 'call_observations': [{'operation': 'tick', 'entered': 93805.393893611, 'deadline': 93805.54198991899, 'returned': 93805.393911511, 'confirmed': None, 'error': None, 'ready_before': [], 'ready_after': []}, {'operation': 'tick', 'entered': 93805.402561852, 'deadline': 93805.54198991899, 'returned': 93805.402591295, 'confirmed': None, 'error': None, 'ready_before': [], 'ready_after

======================================================================
ERROR: test_l27_encoder_early_response (test_vipe_benchmark_supervisor.HelperSessionTests.test_l27_encoder_early_response)
----------------------------------------------------------------------
Traceback (most recent call last):
  File "/home/auss/git_repos/samaust/Experiments_4DGS/tests/test_vipe_benchmark_supervisor.py", line 1536, in test_l27_encoder_early_response
    def test_l27_encoder_early_response(self): self.early_response('L27','early_encoder')
                                               ~~~~~~~~~~~~~~~~~~~^^^^^^^^^^^^^^^^^^^^^^^
  File "/home/auss/git_repos/samaust/Experiments_4DGS/tests/test_vipe_benchmark_supervisor.py", line 1515, in early_response
    session.await_ready(); wire=session.wires['work']
    ~~~~~~~~~~~~~~~~~~~^^
  File "/home/auss/git_repos/samaust/Experiments_4DGS/tests/test_vipe_benchmark_supervisor.py", line 1165, in observed
    result=operation(*args,**kwargs);return result
  File "/home/auss/git_repos/samaust/Experiments_4DGS/scripts/vipe_benchmark/s1_helper_session.py", line 2397, in await_ready
    self.tick(end); time.sleep(min(.005,max(0.,end-time.monotonic())))
    ~~~~~~~~~^^^^^
  File "/home/auss/git_repos/samaust/Experiments_4DGS/tests/test_vipe_benchmark_supervisor.py", line 1165, in observed
    result=operation(*args,**kwargs);return result
  File "/home/auss/git_repos/samaust/Experiments_4DGS/scripts/vipe_benchmark/s1_helper_session.py", line 2312, in tick
    if self.owner.cancelled or self.poisoned: raise RuntimeError('S1 helper session poisoned: '+str(list(self.owner.errors)))
                                              ^^^^^^^^^^^^^^^^^^^^^^^^^^^^^^^^^^^^^^^^^^^^^^^^^^^^^^^^^^^^^^^^^^^^^^^^^^^^^^^
RuntimeError: S1 helper session poisoned: [{'error_class': 'ValueError', 'message': 'owned root schema', 'phase': 'startup'}]
timing_or_cleanup_check_0: AssertionError: False is not true : {'scenario': 'L27', 'mode': 'early_encoder', 'constructor_entry': 93805.894124968, 'action_cutoff': 93807.894124968, 'safety_cutoff': 93808.894124968, 'constructor_end': 93805.894250462, 't0': 93805.894146134, 'ready_deadline': 93806.894146134, 'setup_deadline': 93807.894146134, 'setup_cleanup_deadline': 93808.894146134, 'action_end': 93805.908934566, 'end': 93805.908957071, 'execution_seconds': 0.014809597996645607, 'cleanup_seconds': 2.2505002561956644e-05, 'cleanup_confirmed': False, 'records': {'work': {'role': 'work', 'state': 'spawning', 'pid': None}, 'sample': {'role': 'sample', 'state': 'pending', 'pid': None}}, 'errors': [{'error_class': 'ValueError', 'message': 'owned root schema', 'phase': 'startup'}], 'signals': [], 'ticks': [93805.894146134, 93805.894255176, 93805.903784021, 93805.908917419], 'events': [{'event': 'fixture_spawn_entry', 'role': 'work', 'observed': 93805.894582892, 'ready_deadline': 93806.894146134}], 'trace_facts': {'capacity': 256, 'total': 1, 'dropped': 0, 'saturated': False, 'first': 93805.894584265, 'last': 93805.894584265}, 'tick_facts': {'capacity': 128, 'total': 4, 'dropped': 0, 'saturated': False, 'first': 93805.894151143, 'last': 93805.90891791}, 'owner_error_facts': {'capacity': 32, 'total': 1, 'dropped': 0, 'saturated': False, 'first': 93805.90471569, 'last': 93805.90471569}, 'owner_signal_facts': {'capacity': 128, 'total': 0, 'dropped': 0, 'saturated': False, 'first': None, 'last': None}, 'request_counts': {'work': {'dispatch': 0, 'response': 0}, 'sample': {'dispatch': 0, 'response': 0}}, 'census_request_count': 0, 'max_gap': 0.009528844995656982, 'max_turn': 4.064899985678494e-05, 'call_observations': [{'operation': 'tick', 'entered': 93805.894254678, 'deadline': 93806.894146134, 'returned': 93805.894296604, 'confirmed': None, 'error': None, 'ready_before': [], 'ready_after': []}, {'operation': 'tick', 'entered': 93805.903781737, 'deadline': 93806.894146134, 'returned': 93805.903810234, 'confirmed': None, 'error': None, 'ready_before': [], 'ready_after

======================================================================
ERROR: test_l28_partial_early_response (test_vipe_benchmark_supervisor.HelperSessionTests.test_l28_partial_early_response)
----------------------------------------------------------------------
Traceback (most recent call last):
  File "/home/auss/git_repos/samaust/Experiments_4DGS/tests/test_vipe_benchmark_supervisor.py", line 1537, in test_l28_partial_early_response
    def test_l28_partial_early_response(self): self.early_response('L28','early_partial')
                                               ~~~~~~~~~~~~~~~~~~~^^^^^^^^^^^^^^^^^^^^^^^
  File "/home/auss/git_repos/samaust/Experiments_4DGS/tests/test_vipe_benchmark_supervisor.py", line 1515, in early_response
    session.await_ready(); wire=session.wires['work']
    ~~~~~~~~~~~~~~~~~~~^^
  File "/home/auss/git_repos/samaust/Experiments_4DGS/tests/test_vipe_benchmark_supervisor.py", line 1165, in observed
    result=operation(*args,**kwargs);return result
  File "/home/auss/git_repos/samaust/Experiments_4DGS/scripts/vipe_benchmark/s1_helper_session.py", line 2397, in await_ready
    self.tick(end); time.sleep(min(.005,max(0.,end-time.monotonic())))
    ~~~~~~~~~^^^^^
  File "/home/auss/git_repos/samaust/Experiments_4DGS/tests/test_vipe_benchmark_supervisor.py", line 1165, in observed
    result=operation(*args,**kwargs);return result
  File "/home/auss/git_repos/samaust/Experiments_4DGS/scripts/vipe_benchmark/s1_helper_session.py", line 2312, in tick
    if self.owner.cancelled or self.poisoned: raise RuntimeError('S1 helper session poisoned: '+str(list(self.owner.errors)))
                                              ^^^^^^^^^^^^^^^^^^^^^^^^^^^^^^^^^^^^^^^^^^^^^^^^^^^^^^^^^^^^^^^^^^^^^^^^^^^^^^^
RuntimeError: S1 helper session poisoned: [{'error_class': 'ValueError', 'message': 'owned root schema', 'phase': 'startup'}]
timing_or_cleanup_check_0: AssertionError: False is not true : {'scenario': 'L28', 'mode': 'early_partial', 'constructor_entry': 93805.909986794, 'action_cutoff': 93807.909986794, 'safety_cutoff': 93808.909986794, 'constructor_end': 93805.910086727, 't0': 93805.910009489, 'ready_deadline': 93806.910009489, 'setup_deadline': 93807.910009489, 'setup_cleanup_deadline': 93808.910009489, 'action_end': 93805.923611097, 'end': 93805.923625304, 'execution_seconds': 0.013624302999232896, 'cleanup_seconds': 1.42070057336241e-05, 'cleanup_confirmed': False, 'records': {'work': {'role': 'work', 'state': 'spawning', 'pid': None}, 'sample': {'role': 'sample', 'state': 'pending', 'pid': None}}, 'errors': [{'error_class': 'ValueError', 'message': 'owned root schema', 'phase': 'startup'}], 'signals': [], 'ticks': [93805.910009489, 93805.910091063, 93805.918531228, 93805.923600626], 'events': [{'event': 'fixture_spawn_entry', 'role': 'work', 'observed': 93805.910358439, 'ready_deadline': 93806.910009489}], 'trace_facts': {'capacity': 256, 'total': 1, 'dropped': 0, 'saturated': False, 'first': 93805.910359697, 'last': 93805.910359697}, 'tick_facts': {'capacity': 128, 'total': 4, 'dropped': 0, 'saturated': False, 'first': 93805.910013238, 'last': 93805.923600828}, 'owner_error_facts': {'capacity': 32, 'total': 1, 'dropped': 0, 'saturated': False, 'first': 93805.919510588, 'last': 93805.919510588}, 'owner_signal_facts': {'capacity': 128, 'total': 0, 'dropped': 0, 'saturated': False, 'first': None, 'last': None}, 'request_counts': {'work': {'dispatch': 0, 'response': 0}, 'sample': {'dispatch': 0, 'response': 0}}, 'census_request_count': 0, 'max_gap': 0.00844016500923317, 'max_turn': 1.280300784856081e-05, 'call_observations': [{'operation': 'tick', 'entered': 93805.910090688, 'deadline': 93806.910009489, 'returned': 93805.910104555, 'confirmed': None, 'error': None, 'ready_before': [], 'ready_after': []}, {'operation': 'tick', 'entered': 93805.918530418, 'deadline': 93806.910009489, 'returned': 93805.918543667, 'confirmed': None, 'error': None, 'ready_before': [], 'ready_after

======================================================================
ERROR: test_l29_readable_sample_equality (test_vipe_benchmark_supervisor.HelperSessionTests.test_l29_readable_sample_equality)
----------------------------------------------------------------------
Traceback (most recent call last):
  File "/home/auss/git_repos/samaust/Experiments_4DGS/tests/test_vipe_benchmark_supervisor.py", line 1566, in test_l29_readable_sample_equality
    def test_l29_readable_sample_equality(self): self.readable_equal('L29',1.2)
                                                 ~~~~~~~~~~~~~~~~~~~^^^^^^^^^^^
  File "/home/auss/git_repos/samaust/Experiments_4DGS/tests/test_vipe_benchmark_supervisor.py", line 1541, in readable_equal
    session.await_ready()
    ~~~~~~~~~~~~~~~~~~~^^
  File "/home/auss/git_repos/samaust/Experiments_4DGS/tests/test_vipe_benchmark_supervisor.py", line 1165, in observed
    result=operation(*args,**kwargs);return result
  File "/home/auss/git_repos/samaust/Experiments_4DGS/scripts/vipe_benchmark/s1_helper_session.py", line 2397, in await_ready
    self.tick(end); time.sleep(min(.005,max(0.,end-time.monotonic())))
    ~~~~~~~~~^^^^^
  File "/home/auss/git_repos/samaust/Experiments_4DGS/tests/test_vipe_benchmark_supervisor.py", line 1165, in observed
    result=operation(*args,**kwargs);return result
  File "/home/auss/git_repos/samaust/Experiments_4DGS/scripts/vipe_benchmark/s1_helper_session.py", line 2312, in tick
    if self.owner.cancelled or self.poisoned: raise RuntimeError('S1 helper session poisoned: '+str(list(self.owner.errors)))
                                              ^^^^^^^^^^^^^^^^^^^^^^^^^^^^^^^^^^^^^^^^^^^^^^^^^^^^^^^^^^^^^^^^^^^^^^^^^^^^^^^
RuntimeError: S1 helper session poisoned: [{'error_class': 'ValueError', 'message': 'owned root schema', 'phase': 'startup'}]
timing_or_cleanup_check_0: AssertionError: False is not true : {'scenario': 'L29', 'mode': 'normal', 'constructor_entry': 93805.924516845, 'action_cutoff': 93807.924516845, 'safety_cutoff': 93808.924516845, 'constructor_end': 93805.924600624, 't0': 93805.924534247, 'ready_deadline': 93806.924534247, 'setup_deadline': 93807.924534247, 'setup_cleanup_deadline': 93808.924534247, 'action_end': 93805.938257126, 'end': 93805.938271987, 'execution_seconds': 0.013740281006903388, 'cleanup_seconds': 1.4860997907817364e-05, 'cleanup_confirmed': False, 'records': {'work': {'role': 'work', 'state': 'spawning', 'pid': None}, 'sample': {'role': 'sample', 'state': 'pending', 'pid': None}}, 'errors': [{'error_class': 'ValueError', 'message': 'owned root schema', 'phase': 'startup'}], 'signals': [], 'ticks': [93805.924534247, 93805.924604537, 93805.933177856, 93805.938246733], 'events': [{'event': 'fixture_spawn_entry', 'role': 'work', 'observed': 93805.924863723, 'ready_deadline': 93806.924534247}], 'trace_facts': {'capacity': 256, 'total': 1, 'dropped': 0, 'saturated': False, 'first': 93805.924864888, 'last': 93805.924864888}, 'tick_facts': {'capacity': 128, 'total': 4, 'dropped': 0, 'saturated': False, 'first': 93805.924537701, 'last': 93805.938246916}, 'owner_error_facts': {'capacity': 32, 'total': 1, 'dropped': 0, 'saturated': False, 'first': 93805.934176125, 'last': 93805.934176125}, 'owner_signal_facts': {'capacity': 128, 'total': 0, 'dropped': 0, 'saturated': False, 'first': None, 'last': None}, 'request_counts': {'work': {'dispatch': 0, 'response': 0}, 'sample': {'dispatch': 0, 'response': 0}}, 'census_request_count': 0, 'max_gap': 0.008573319006245583, 'max_turn': 3.758400271181017e-05, 'call_observations': [{'operation': 'tick', 'entered': 93805.92460423, 'deadline': 93806.924534247, 'returned': 93805.924642811, 'confirmed': None, 'error': None, 'ready_before': [], 'ready_after': []}, {'operation': 'tick', 'entered': 93805.933176983, 'deadline': 93806.924534247, 'returned': 93805.93319003, 'confirmed': None, 'error': None, 'ready_before': [], 'ready_after': []}

======================================================================
ERROR: test_l30_readable_phase_equality (test_vipe_benchmark_supervisor.HelperSessionTests.test_l30_readable_phase_equality)
----------------------------------------------------------------------
Traceback (most recent call last):
  File "/home/auss/git_repos/samaust/Experiments_4DGS/tests/test_vipe_benchmark_supervisor.py", line 1567, in test_l30_readable_phase_equality
    def test_l30_readable_phase_equality(self): self.readable_equal('L30',.2)
                                                ~~~~~~~~~~~~~~~~~~~^^^^^^^^^^
  File "/home/auss/git_repos/samaust/Experiments_4DGS/tests/test_vipe_benchmark_supervisor.py", line 1541, in readable_equal
    session.await_ready()
    ~~~~~~~~~~~~~~~~~~~^^
  File "/home/auss/git_repos/samaust/Experiments_4DGS/tests/test_vipe_benchmark_supervisor.py", line 1165, in observed
    result=operation(*args,**kwargs);return result
  File "/home/auss/git_repos/samaust/Experiments_4DGS/scripts/vipe_benchmark/s1_helper_session.py", line 2397, in await_ready
    self.tick(end); time.sleep(min(.005,max(0.,end-time.monotonic())))
    ~~~~~~~~~^^^^^
  File "/home/auss/git_repos/samaust/Experiments_4DGS/tests/test_vipe_benchmark_supervisor.py", line 1165, in observed
    result=operation(*args,**kwargs);return result
  File "/home/auss/git_repos/samaust/Experiments_4DGS/scripts/vipe_benchmark/s1_helper_session.py", line 2312, in tick
    if self.owner.cancelled or self.poisoned: raise RuntimeError('S1 helper session poisoned: '+str(list(self.owner.errors)))
                                              ^^^^^^^^^^^^^^^^^^^^^^^^^^^^^^^^^^^^^^^^^^^^^^^^^^^^^^^^^^^^^^^^^^^^^^^^^^^^^^^
RuntimeError: S1 helper session poisoned: [{'error_class': 'ValueError', 'message': 'owned root schema', 'phase': 'startup'}]
timing_or_cleanup_check_0: AssertionError: False is not true : {'scenario': 'L30', 'mode': 'normal', 'constructor_entry': 93805.938934375, 'action_cutoff': 93807.938934375, 'safety_cutoff': 93808.938934375, 'constructor_end': 93805.939093568, 't0': 93805.938951221, 'ready_deadline': 93806.938951221, 'setup_deadline': 93807.938951221, 'setup_cleanup_deadline': 93808.938951221, 'action_end': 93805.955435335, 'end': 93805.955456171, 'execution_seconds': 0.016500960002304055, 'cleanup_seconds': 2.0835999748669565e-05, 'cleanup_confirmed': False, 'records': {'work': {'role': 'work', 'state': 'spawning', 'pid': None}, 'sample': {'role': 'sample', 'state': 'pending', 'pid': None}}, 'errors': [{'error_class': 'ValueError', 'message': 'owned root schema', 'phase': 'startup'}], 'signals': [], 'ticks': [93805.938951221, 93805.939101939, 93805.950327074, 93805.955417599], 'events': [{'event': 'fixture_spawn_entry', 'role': 'work', 'observed': 93805.939350656, 'ready_deadline': 93806.938951221}], 'trace_facts': {'capacity': 256, 'total': 1, 'dropped': 0, 'saturated': False, 'first': 93805.939351865, 'last': 93805.939351865}, 'tick_facts': {'capacity': 128, 'total': 4, 'dropped': 0, 'saturated': False, 'first': 93805.938954566, 'last': 93805.955418149}, 'owner_error_facts': {'capacity': 32, 'total': 1, 'dropped': 0, 'saturated': False, 'first': 93805.951488111, 'last': 93805.951488111}, 'owner_signal_facts': {'capacity': 128, 'total': 0, 'dropped': 0, 'saturated': False, 'first': None, 'last': None}, 'request_counts': {'work': {'dispatch': 0, 'response': 0}, 'sample': {'dispatch': 0, 'response': 0}}, 'census_request_count': 0, 'max_gap': 0.011225134992855601, 'max_turn': 3.337999805808067e-05, 'call_observations': [{'operation': 'tick', 'entered': 93805.939101456, 'deadline': 93806.938951221, 'returned': 93805.939136043, 'confirmed': None, 'error': None, 'ready_before': [], 'ready_after': []}, {'operation': 'tick', 'entered': 93805.950324, 'deadline': 93806.938951221, 'returned': 93805.950354256, 'confirmed': None, 'error': None, 'ready_before': [], 'ready_after': []},

======================================================================
ERROR: test_l31_live_worker_bracket_and_foreign (test_vipe_benchmark_supervisor.HelperSessionTests.test_l31_live_worker_bracket_and_foreign)
----------------------------------------------------------------------
Traceback (most recent call last):
  File "/home/auss/git_repos/samaust/Experiments_4DGS/tests/test_vipe_benchmark_supervisor.py", line 1598, in test_l31_live_worker_bracket_and_foreign
    session.await_ready()
    ~~~~~~~~~~~~~~~~~~~^^
  File "/home/auss/git_repos/samaust/Experiments_4DGS/tests/test_vipe_benchmark_supervisor.py", line 1165, in observed
    result=operation(*args,**kwargs);return result
  File "/home/auss/git_repos/samaust/Experiments_4DGS/scripts/vipe_benchmark/s1_helper_session.py", line 2397, in await_ready
    self.tick(end); time.sleep(min(.005,max(0.,end-time.monotonic())))
    ~~~~~~~~~^^^^^
  File "/home/auss/git_repos/samaust/Experiments_4DGS/tests/test_vipe_benchmark_supervisor.py", line 1165, in observed
    result=operation(*args,**kwargs);return result
  File "/home/auss/git_repos/samaust/Experiments_4DGS/scripts/vipe_benchmark/s1_helper_session.py", line 2312, in tick
    if self.owner.cancelled or self.poisoned: raise RuntimeError('S1 helper session poisoned: '+str(list(self.owner.errors)))
                                              ^^^^^^^^^^^^^^^^^^^^^^^^^^^^^^^^^^^^^^^^^^^^^^^^^^^^^^^^^^^^^^^^^^^^^^^^^^^^^^^
RuntimeError: S1 helper session poisoned: [{'error_class': 'ValueError', 'message': 'owned root schema', 'phase': 'startup'}]
timing_or_cleanup_check_0: AssertionError: False is not true : {'scenario': 'L31', 'mode': 'normal', 'constructor_entry': 93805.95624963, 'action_cutoff': 93807.95624963, 'safety_cutoff': 93808.95624963, 'constructor_end': 93805.956339209, 't0': 93805.956267605, 'ready_deadline': 93806.956267605, 'setup_deadline': 93807.956267605, 'setup_cleanup_deadline': 93808.956267605, 'action_end': 93805.970960314, 'end': 93805.970980148, 'execution_seconds': 0.014710684001329355, 'cleanup_seconds': 1.983399852178991e-05, 'cleanup_confirmed': False, 'records': {'work': {'role': 'work', 'state': 'spawning', 'pid': None}, 'sample': {'role': 'sample', 'state': 'pending', 'pid': None}}, 'errors': [{'error_class': 'ValueError', 'message': 'owned root schema', 'phase': 'startup'}], 'signals': [], 'ticks': [93805.956267605, 93805.956343414, 93805.965865489, 93805.970946421], 'events': [{'event': 'fixture_spawn_entry', 'role': 'work', 'observed': 93805.956623931, 'ready_deadline': 93806.956267605}], 'trace_facts': {'capacity': 256, 'total': 1, 'dropped': 0, 'saturated': False, 'first': 93805.956625206, 'last': 93805.956625206}, 'tick_facts': {'capacity': 128, 'total': 4, 'dropped': 0, 'saturated': False, 'first': 93805.956271329, 'last': 93805.970946681}, 'owner_error_facts': {'capacity': 32, 'total': 1, 'dropped': 0, 'saturated': False, 'first': 93805.966841967, 'last': 93805.966841967}, 'owner_signal_facts': {'capacity': 128, 'total': 0, 'dropped': 0, 'saturated': False, 'first': None, 'last': None}, 'request_counts': {'work': {'dispatch': 0, 'response': 0}, 'sample': {'dispatch': 0, 'response': 0}}, 'census_request_count': 0, 'max_gap': 0.009522074993583374, 'max_turn': 2.1182000637054443e-05, 'call_observations': [{'operation': 'tick', 'entered': 93805.956342981, 'deadline': 93806.956267605, 'returned': 93805.956357501, 'confirmed': None, 'error': None, 'ready_before': [], 'ready_after': []}, {'operation': 'tick', 'entered': 93805.965863343, 'deadline': 93806.956267605, 'returned': 93805.965887388, 'confirmed': None, 'error': None, 'ready_before': [], 'ready_after': []},

======================================================================
ERROR: test_l32_unreaped_worker_pin (test_vipe_benchmark_supervisor.HelperSessionTests.test_l32_unreaped_worker_pin)
----------------------------------------------------------------------
Traceback (most recent call last):
  File "/home/auss/git_repos/samaust/Experiments_4DGS/tests/test_vipe_benchmark_supervisor.py", line 1613, in test_l32_unreaped_worker_pin
    session.await_ready()
    ~~~~~~~~~~~~~~~~~~~^^
  File "/home/auss/git_repos/samaust/Experiments_4DGS/tests/test_vipe_benchmark_supervisor.py", line 1165, in observed
    result=operation(*args,**kwargs);return result
  File "/home/auss/git_repos/samaust/Experiments_4DGS/scripts/vipe_benchmark/s1_helper_session.py", line 2397, in await_ready
    self.tick(end); time.sleep(min(.005,max(0.,end-time.monotonic())))
    ~~~~~~~~~^^^^^
  File "/home/auss/git_repos/samaust/Experiments_4DGS/tests/test_vipe_benchmark_supervisor.py", line 1165, in observed
    result=operation(*args,**kwargs);return result
  File "/home/auss/git_repos/samaust/Experiments_4DGS/scripts/vipe_benchmark/s1_helper_session.py", line 2312, in tick
    if self.owner.cancelled or self.poisoned: raise RuntimeError('S1 helper session poisoned: '+str(list(self.owner.errors)))
                                              ^^^^^^^^^^^^^^^^^^^^^^^^^^^^^^^^^^^^^^^^^^^^^^^^^^^^^^^^^^^^^^^^^^^^^^^^^^^^^^^
RuntimeError: S1 helper session poisoned: [{'error_class': 'ValueError', 'message': 'owned root schema', 'phase': 'startup'}]
timing_or_cleanup_check_0: AssertionError: False is not true : {'scenario': 'L32', 'mode': 'normal', 'constructor_entry': 93805.97167931, 'action_cutoff': 93807.97167931, 'safety_cutoff': 93808.97167931, 'constructor_end': 93805.971775789, 't0': 93805.971696864, 'ready_deadline': 93806.971696864, 'setup_deadline': 93807.971696864, 'setup_cleanup_deadline': 93808.971696864, 'action_end': 93805.985027197, 'end': 93805.9850485, 'execution_seconds': 0.0133478870120598, 'cleanup_seconds': 2.1302999812178314e-05, 'cleanup_confirmed': False, 'records': {'work': {'role': 'work', 'state': 'spawning', 'pid': None}, 'sample': {'role': 'sample', 'state': 'pending', 'pid': None}}, 'errors': [{'error_class': 'ValueError', 'message': 'owned root schema', 'phase': 'startup'}], 'signals': [], 'ticks': [93805.971696864, 93805.971779743, 93805.97988546, 93805.985011861], 'events': [{'event': 'fixture_spawn_entry', 'role': 'work', 'observed': 93805.972056338, 'ready_deadline': 93806.971696864}], 'trace_facts': {'capacity': 256, 'total': 1, 'dropped': 0, 'saturated': False, 'first': 93805.972057593, 'last': 93805.972057593}, 'tick_facts': {'capacity': 128, 'total': 4, 'dropped': 0, 'saturated': False, 'first': 93805.971700503, 'last': 93805.985012307}, 'owner_error_facts': {'capacity': 32, 'total': 1, 'dropped': 0, 'saturated': False, 'first': 93805.980803492, 'last': 93805.980803492}, 'owner_signal_facts': {'capacity': 128, 'total': 0, 'dropped': 0, 'saturated': False, 'first': None, 'last': None}, 'request_counts': {'work': {'dispatch': 0, 'response': 0}, 'sample': {'dispatch': 0, 'response': 0}}, 'census_request_count': 0, 'max_gap': 0.008105716988211498, 'max_turn': 3.7856996641494334e-05, 'call_observations': [{'operation': 'tick', 'entered': 93805.971779456, 'deadline': 93806.971696864, 'returned': 93805.97181828, 'confirmed': None, 'error': None, 'ready_before': [], 'ready_after': []}, {'operation': 'tick', 'entered': 93805.979883519, 'deadline': 93806.971696864, 'returned': 93805.979906718, 'confirmed': None, 'error': None, 'ready_before': [], 'ready_after': []}, {'op

======================================================================
ERROR: test_l33_blocked_census_refuses_stale (test_vipe_benchmark_supervisor.HelperSessionTests.test_l33_blocked_census_refuses_stale)
----------------------------------------------------------------------
Traceback (most recent call last):
  File "/home/auss/git_repos/samaust/Experiments_4DGS/tests/test_vipe_benchmark_supervisor.py", line 1626, in test_l33_blocked_census_refuses_stale
    session.await_ready()
    ~~~~~~~~~~~~~~~~~~~^^
  File "/home/auss/git_repos/samaust/Experiments_4DGS/tests/test_vipe_benchmark_supervisor.py", line 1165, in observed
    result=operation(*args,**kwargs);return result
  File "/home/auss/git_repos/samaust/Experiments_4DGS/scripts/vipe_benchmark/s1_helper_session.py", line 2397, in await_ready
    self.tick(end); time.sleep(min(.005,max(0.,end-time.monotonic())))
    ~~~~~~~~~^^^^^
  File "/home/auss/git_repos/samaust/Experiments_4DGS/tests/test_vipe_benchmark_supervisor.py", line 1165, in observed
    result=operation(*args,**kwargs);return result
  File "/home/auss/git_repos/samaust/Experiments_4DGS/scripts/vipe_benchmark/s1_helper_session.py", line 2312, in tick
    if self.owner.cancelled or self.poisoned: raise RuntimeError('S1 helper session poisoned: '+str(list(self.owner.errors)))
                                              ^^^^^^^^^^^^^^^^^^^^^^^^^^^^^^^^^^^^^^^^^^^^^^^^^^^^^^^^^^^^^^^^^^^^^^^^^^^^^^^
RuntimeError: S1 helper session poisoned: [{'error_class': 'ValueError', 'message': 'owned root schema', 'phase': 'startup'}]
timing_or_cleanup_check_0: AssertionError: False is not true : {'scenario': 'L33', 'mode': 'census_block', 'constructor_entry': 93805.985807352, 'action_cutoff': 93807.985807352, 'safety_cutoff': 93808.985807352, 'constructor_end': 93805.985897562, 't0': 93805.985825985, 'ready_deadline': 93806.985825985, 'setup_deadline': 93807.985825985, 'setup_cleanup_deadline': 93808.985825985, 'action_end': 93805.999347187, 'end': 93805.999364848, 'execution_seconds': 0.013539834995754063, 'cleanup_seconds': 1.766100467648357e-05, 'cleanup_confirmed': False, 'records': {'work': {'role': 'work', 'state': 'spawning', 'pid': None}, 'sample': {'role': 'sample', 'state': 'pending', 'pid': None}}, 'errors': [{'error_class': 'ValueError', 'message': 'owned root schema', 'phase': 'startup'}], 'signals': [], 'ticks': [93805.985825985, 93805.9859015, 93805.994255939, 93805.99933448], 'events': [{'event': 'fixture_spawn_entry', 'role': 'work', 'observed': 93805.986184966, 'ready_deadline': 93806.985825985}], 'trace_facts': {'capacity': 256, 'total': 1, 'dropped': 0, 'saturated': False, 'first': 93805.986186195, 'last': 93805.986186195}, 'tick_facts': {'capacity': 128, 'total': 4, 'dropped': 0, 'saturated': False, 'first': 93805.985829711, 'last': 93805.999334704}, 'owner_error_facts': {'capacity': 32, 'total': 1, 'dropped': 0, 'saturated': False, 'first': 93805.995266351, 'last': 93805.995266351}, 'owner_signal_facts': {'capacity': 128, 'total': 0, 'dropped': 0, 'saturated': False, 'first': None, 'last': None}, 'request_counts': {'work': {'dispatch': 0, 'response': 0}, 'sample': {'dispatch': 0, 'response': 0}}, 'census_request_count': 0, 'max_gap': 0.00835443900723476, 'max_turn': 1.985099515877664e-05, 'call_observations': [{'operation': 'tick', 'entered': 93805.985901065, 'deadline': 93806.985825985, 'returned': 93805.985914763, 'confirmed': None, 'error': None, 'ready_before': [], 'ready_after': []}, {'operation': 'tick', 'entered': 93805.994253865, 'deadline': 93806.985825985, 'returned': 93805.994276556, 'confirmed': None, 'error': None, 'ready_before': [], 'ready_after': 

======================================================================
ERROR: test_l34_enumeration_error_empty_sample (test_vipe_benchmark_supervisor.HelperSessionTests.test_l34_enumeration_error_empty_sample)
----------------------------------------------------------------------
Traceback (most recent call last):
  File "/home/auss/git_repos/samaust/Experiments_4DGS/tests/test_vipe_benchmark_supervisor.py", line 1647, in test_l34_enumeration_error_empty_sample
    session.await_ready();session.owner.armed=True
    ~~~~~~~~~~~~~~~~~~~^^
  File "/home/auss/git_repos/samaust/Experiments_4DGS/tests/test_vipe_benchmark_supervisor.py", line 1165, in observed
    result=operation(*args,**kwargs);return result
  File "/home/auss/git_repos/samaust/Experiments_4DGS/scripts/vipe_benchmark/s1_helper_session.py", line 2397, in await_ready
    self.tick(end); time.sleep(min(.005,max(0.,end-time.monotonic())))
    ~~~~~~~~~^^^^^
  File "/home/auss/git_repos/samaust/Experiments_4DGS/tests/test_vipe_benchmark_supervisor.py", line 1165, in observed
    result=operation(*args,**kwargs);return result
  File "/home/auss/git_repos/samaust/Experiments_4DGS/scripts/vipe_benchmark/s1_helper_session.py", line 2312, in tick
    if self.owner.cancelled or self.poisoned: raise RuntimeError('S1 helper session poisoned: '+str(list(self.owner.errors)))
                                              ^^^^^^^^^^^^^^^^^^^^^^^^^^^^^^^^^^^^^^^^^^^^^^^^^^^^^^^^^^^^^^^^^^^^^^^^^^^^^^^
RuntimeError: S1 helper session poisoned: [{'error_class': 'ValueError', 'message': 'owned root schema', 'phase': 'startup'}]
timing_or_cleanup_check_0: AssertionError: False is not true : {'scenario': 'L34', 'mode': 'census_error', 'constructor_entry': 93806.00006765, 'action_cutoff': 93808.00006765, 'safety_cutoff': 93809.00006765, 'constructor_end': 93806.000150407, 't0': 93806.00008402, 'ready_deadline': 93807.00008402, 'setup_deadline': 93808.00008402, 'setup_cleanup_deadline': 93809.00008402, 'action_end': 93806.016528073, 'end': 93806.016543895, 'execution_seconds': 0.016460422993986867, 'cleanup_seconds': 1.582200638949871e-05, 'cleanup_confirmed': False, 'records': {'work': {'role': 'work', 'state': 'spawning', 'pid': None}, 'sample': {'role': 'sample', 'state': 'pending', 'pid': None}}, 'errors': [{'error_class': 'ValueError', 'message': 'owned root schema', 'phase': 'startup'}], 'signals': [], 'ticks': [93806.00008402, 93806.000154842, 93806.011435682, 93806.016514494], 'events': [{'event': 'fixture_spawn_entry', 'role': 'work', 'observed': 93806.00042443, 'ready_deadline': 93807.00008402}], 'trace_facts': {'capacity': 256, 'total': 1, 'dropped': 0, 'saturated': False, 'first': 93806.000425682, 'last': 93806.000425682}, 'tick_facts': {'capacity': 128, 'total': 4, 'dropped': 0, 'saturated': False, 'first': 93806.000087603, 'last': 93806.016514744}, 'owner_error_facts': {'capacity': 32, 'total': 1, 'dropped': 0, 'saturated': False, 'first': 93806.01250115, 'last': 93806.01250115}, 'owner_signal_facts': {'capacity': 128, 'total': 0, 'dropped': 0, 'saturated': False, 'first': None, 'last': None}, 'request_counts': {'work': {'dispatch': 0, 'response': 0}, 'sample': {'dispatch': 0, 'response': 0}}, 'census_request_count': 0, 'max_gap': 0.011280840000836179, 'max_turn': 3.454000398050994e-05, 'call_observations': [{'operation': 'tick', 'entered': 93806.000154506, 'deadline': 93807.00008402, 'returned': 93806.00019004, 'confirmed': None, 'error': None, 'ready_before': [], 'ready_after': []}, {'operation': 'tick', 'entered': 93806.011433934, 'deadline': 93807.00008402, 'returned': 93806.011456479, 'confirmed': None, 'error': None, 'ready_before': [], 'ready_after': []}, {'oper

======================================================================
ERROR: test_l35_exited_leader_live_descendant (test_vipe_benchmark_supervisor.HelperSessionTests.test_l35_exited_leader_live_descendant)
----------------------------------------------------------------------
Traceback (most recent call last):
  File "/home/auss/git_repos/samaust/Experiments_4DGS/tests/test_vipe_benchmark_supervisor.py", line 1658, in test_l35_exited_leader_live_descendant
    session.await_ready()
    ~~~~~~~~~~~~~~~~~~~^^
  File "/home/auss/git_repos/samaust/Experiments_4DGS/tests/test_vipe_benchmark_supervisor.py", line 1165, in observed
    result=operation(*args,**kwargs);return result
  File "/home/auss/git_repos/samaust/Experiments_4DGS/scripts/vipe_benchmark/s1_helper_session.py", line 2397, in await_ready
    self.tick(end); time.sleep(min(.005,max(0.,end-time.monotonic())))
    ~~~~~~~~~^^^^^
  File "/home/auss/git_repos/samaust/Experiments_4DGS/tests/test_vipe_benchmark_supervisor.py", line 1165, in observed
    result=operation(*args,**kwargs);return result
  File "/home/auss/git_repos/samaust/Experiments_4DGS/scripts/vipe_benchmark/s1_helper_session.py", line 2312, in tick
    if self.owner.cancelled or self.poisoned: raise RuntimeError('S1 helper session poisoned: '+str(list(self.owner.errors)))
                                              ^^^^^^^^^^^^^^^^^^^^^^^^^^^^^^^^^^^^^^^^^^^^^^^^^^^^^^^^^^^^^^^^^^^^^^^^^^^^^^^
RuntimeError: S1 helper session poisoned: [{'error_class': 'ValueError', 'message': 'owned root schema', 'phase': 'startup'}]
timing_or_cleanup_check_0: AssertionError: False is not true : {'scenario': 'L35', 'mode': 'normal', 'constructor_entry': 93806.017254053, 'action_cutoff': 93808.017254053, 'safety_cutoff': 93809.017254053, 'constructor_end': 93806.017341703, 't0': 93806.017272449, 'ready_deadline': 93807.017272449, 'setup_deadline': 93808.017272449, 'setup_cleanup_deadline': 93809.017272449, 'action_end': 93806.03016695, 'end': 93806.030181392, 'execution_seconds': 0.012912897000205703, 'cleanup_seconds': 1.4441990060731769e-05, 'cleanup_confirmed': False, 'records': {'work': {'role': 'work', 'state': 'spawning', 'pid': None}, 'sample': {'role': 'sample', 'state': 'pending', 'pid': None}}, 'errors': [{'error_class': 'ValueError', 'message': 'owned root schema', 'phase': 'startup'}], 'signals': [], 'ticks': [93806.017272449, 93806.017378117, 93806.025062517, 93806.030127021], 'events': [{'event': 'fixture_spawn_entry', 'role': 'work', 'observed': 93806.017612683, 'ready_deadline': 93807.017272449}], 'trace_facts': {'capacity': 256, 'total': 1, 'dropped': 0, 'saturated': False, 'first': 93806.017613844, 'last': 93806.017613844}, 'tick_facts': {'capacity': 128, 'total': 4, 'dropped': 0, 'saturated': False, 'first': 93806.017276426, 'last': 93806.030127258}, 'owner_error_facts': {'capacity': 32, 'total': 1, 'dropped': 0, 'saturated': False, 'first': 93806.026056362, 'last': 93806.026056362}, 'owner_signal_facts': {'capacity': 128, 'total': 0, 'dropped': 0, 'saturated': False, 'first': None, 'last': None}, 'request_counts': {'work': {'dispatch': 0, 'response': 0}, 'sample': {'dispatch': 0, 'response': 0}}, 'census_request_count': 0, 'max_gap': 0.00768439999956172, 'max_turn': 1.2949996744282544e-05, 'call_observations': [{'operation': 'tick', 'entered': 93806.017377758, 'deadline': 93807.017272449, 'returned': 93806.017391747, 'confirmed': None, 'error': None, 'ready_before': [], 'ready_after': []}, {'operation': 'tick', 'entered': 93806.025062033, 'deadline': 93807.017272449, 'returned': 93806.02507169, 'confirmed': None, 'error': None, 'ready_before': [], 'ready_after': []}

======================================================================
ERROR: test_progress_p01_worker_deadline (test_vipe_benchmark_supervisor.HelperSessionTests.test_progress_p01_worker_deadline)
----------------------------------------------------------------------
Traceback (most recent call last):
  File "/home/auss/git_repos/samaust/Experiments_4DGS/tests/test_vipe_benchmark_supervisor.py", line 2012, in test_progress_p01_worker_deadline
    def test_progress_p01_worker_deadline(self):self.progress_scenario('P01','progress_worker',supervised=True)
                                                ~~~~~~~~~~~~~~~~~~~~~~^^^^^^^^^^^^^^^^^^^^^^^^^^^^^^^^^^^^^^^^^
  File "/home/auss/git_repos/samaust/Experiments_4DGS/tests/test_vipe_benchmark_supervisor.py", line 1765, in progress_scenario
    session.await_ready()
    ~~~~~~~~~~~~~~~~~~~^^
  File "/home/auss/git_repos/samaust/Experiments_4DGS/tests/test_vipe_benchmark_supervisor.py", line 1165, in observed
    result=operation(*args,**kwargs);return result
  File "/home/auss/git_repos/samaust/Experiments_4DGS/scripts/vipe_benchmark/s1_helper_session.py", line 2397, in await_ready
    self.tick(end); time.sleep(min(.005,max(0.,end-time.monotonic())))
    ~~~~~~~~~^^^^^
  File "/home/auss/git_repos/samaust/Experiments_4DGS/tests/test_vipe_benchmark_supervisor.py", line 1165, in observed
    result=operation(*args,**kwargs);return result
  File "/home/auss/git_repos/samaust/Experiments_4DGS/scripts/vipe_benchmark/s1_helper_session.py", line 2312, in tick
    if self.owner.cancelled or self.poisoned: raise RuntimeError('S1 helper session poisoned: '+str(list(self.owner.errors)))
                                              ^^^^^^^^^^^^^^^^^^^^^^^^^^^^^^^^^^^^^^^^^^^^^^^^^^^^^^^^^^^^^^^^^^^^^^^^^^^^^^^
RuntimeError: S1 helper session poisoned: [{'error_class': 'ValueError', 'message': 'owned root schema', 'phase': 'startup'}]
timing_or_cleanup_check_0: AssertionError: False is not true : {'scenario': 'P01', 'mode': 'progress_worker', 'constructor_entry': 93806.426749473, 'action_cutoff': 93808.426749473, 'safety_cutoff': 93809.426749473, 'constructor_end': 93806.426868028, 't0': 93806.426771292, 'ready_deadline': 93807.426771292, 'setup_deadline': 93808.426771292, 'setup_cleanup_deadline': 93809.426771292, 'progress_final_outcome': {'event': 'progress_final_outcome', 'label': 'P01', 'phase': 'startup_or_fixture_preparation', 'primary': {'error_class': 'RuntimeError', 'message': "S1 helper session poisoned: [{'error_class': 'ValueError', 'message': 'owned root schema', 'phase': 'startup'}]"}, 'secondary': [], 'reference': None, 'cleanup_confirmed': False, 'observed': 93806.439772602, 'causal_status': 'actual startup failure; no inferred EPERM cause'}, 'action_end': 93806.439754428, 'end': 93806.439772602, 'execution_seconds': 0.013004954991629347, 'cleanup_seconds': 1.8174003344029188e-05, 'cleanup_confirmed': False, 'records': {'work': {'role': 'work', 'state': 'spawning', 'pid': None}, 'sample': {'role': 'sample', 'state': 'pending', 'pid': None}}, 'errors': [{'error_class': 'ValueError', 'message': 'owned root schema', 'phase': 'startup'}], 'signals': [], 'ticks': [93806.426771292, 93806.426925487, 93806.434615149, 93806.439703537], 'events': [{'event': 'fixture_spawn_entry', 'role': 'work', 'observed': 93806.427218707, 'ready_deadline': 93807.426771292}, {'event': 'progress_final_outcome', 'label': 'P01', 'phase': 'startup_or_fixture_preparation', 'primary': {'error_class': 'RuntimeError', 'message': "S1 helper session poisoned: [{'error_class': 'ValueError', 'message': 'owned root schema', 'phase': 'startup'}]"}, 'secondary': [], 'reference': None, 'cleanup_confirmed': False, 'observed': 93806.439772602, 'causal_status': 'actual startup failure; no inferred EPERM cause'}], 'trace_facts': {'capacity': 256, 'total': 2, 'dropped': 0, 'saturated': False, 'first': 93806.427219532, 'last': 93806.439779765}, 'tick_facts': {'capacity': 128, 'total': 4, 'dropped': 0, 'saturated': F

======================================================================
ERROR: test_progress_p02_reconcile_interruption (test_vipe_benchmark_supervisor.HelperSessionTests.test_progress_p02_reconcile_interruption)
----------------------------------------------------------------------
Traceback (most recent call last):
  File "/home/auss/git_repos/samaust/Experiments_4DGS/tests/test_vipe_benchmark_supervisor.py", line 2013, in test_progress_p02_reconcile_interruption
    def test_progress_p02_reconcile_interruption(self):self.progress_scenario('P02','progress_block')
                                                       ~~~~~~~~~~~~~~~~~~~~~~^^^^^^^^^^^^^^^^^^^^^^^^
  File "/home/auss/git_repos/samaust/Experiments_4DGS/tests/test_vipe_benchmark_supervisor.py", line 1765, in progress_scenario
    session.await_ready()
    ~~~~~~~~~~~~~~~~~~~^^
  File "/home/auss/git_repos/samaust/Experiments_4DGS/tests/test_vipe_benchmark_supervisor.py", line 1165, in observed
    result=operation(*args,**kwargs);return result
  File "/home/auss/git_repos/samaust/Experiments_4DGS/scripts/vipe_benchmark/s1_helper_session.py", line 2397, in await_ready
    self.tick(end); time.sleep(min(.005,max(0.,end-time.monotonic())))
    ~~~~~~~~~^^^^^
  File "/home/auss/git_repos/samaust/Experiments_4DGS/tests/test_vipe_benchmark_supervisor.py", line 1165, in observed
    result=operation(*args,**kwargs);return result
  File "/home/auss/git_repos/samaust/Experiments_4DGS/scripts/vipe_benchmark/s1_helper_session.py", line 2312, in tick
    if self.owner.cancelled or self.poisoned: raise RuntimeError('S1 helper session poisoned: '+str(list(self.owner.errors)))
                                              ^^^^^^^^^^^^^^^^^^^^^^^^^^^^^^^^^^^^^^^^^^^^^^^^^^^^^^^^^^^^^^^^^^^^^^^^^^^^^^^
RuntimeError: S1 helper session poisoned: [{'error_class': 'ValueError', 'message': 'owned root schema', 'phase': 'startup'}]
timing_or_cleanup_check_0: AssertionError: False is not true : {'scenario': 'P02', 'mode': 'progress_block', 'constructor_entry': 93806.440580551, 'action_cutoff': 93808.440580551, 'safety_cutoff': 93809.440580551, 'constructor_end': 93806.440676366, 't0': 93806.440597913, 'ready_deadline': 93807.440597913, 'setup_deadline': 93808.440597913, 'setup_cleanup_deadline': 93809.440597913, 'progress_final_outcome': {'event': 'progress_final_outcome', 'label': 'P02', 'phase': 'startup_or_fixture_preparation', 'primary': {'error_class': 'RuntimeError', 'message': "S1 helper session poisoned: [{'error_class': 'ValueError', 'message': 'owned root schema', 'phase': 'startup'}]"}, 'secondary': [], 'reference': None, 'cleanup_confirmed': False, 'observed': 93806.457025649, 'causal_status': 'actual startup failure; no inferred EPERM cause'}, 'action_end': 93806.457006433, 'end': 93806.457025649, 'execution_seconds': 0.016425882000476122, 'cleanup_seconds': 1.9215993233956397e-05, 'cleanup_confirmed': False, 'records': {'work': {'role': 'work', 'state': 'spawning', 'pid': None}, 'sample': {'role': 'sample', 'state': 'pending', 'pid': None}}, 'errors': [{'error_class': 'ValueError', 'message': 'owned root schema', 'phase': 'startup'}], 'signals': [], 'ticks': [93806.440597913, 93806.440729602, 93806.451867727, 93806.456953482], 'events': [{'event': 'fixture_spawn_entry', 'role': 'work', 'observed': 93806.440967118, 'ready_deadline': 93807.440597913}, {'event': 'progress_final_outcome', 'label': 'P02', 'phase': 'startup_or_fixture_preparation', 'primary': {'error_class': 'RuntimeError', 'message': "S1 helper session poisoned: [{'error_class': 'ValueError', 'message': 'owned root schema', 'phase': 'startup'}]"}, 'secondary': [], 'reference': None, 'cleanup_confirmed': False, 'observed': 93806.457025649, 'causal_status': 'actual startup failure; no inferred EPERM cause'}], 'trace_facts': {'capacity': 256, 'total': 2, 'dropped': 0, 'saturated': False, 'first': 93806.440968696, 'last': 93806.457033901}, 'tick_facts': {'capacity': 128, 'total': 4, 'dropped': 0, 'saturated': Fa

======================================================================
ERROR: test_progress_p03_helper_death (test_vipe_benchmark_supervisor.HelperSessionTests.test_progress_p03_helper_death)
----------------------------------------------------------------------
Traceback (most recent call last):
  File "/home/auss/git_repos/samaust/Experiments_4DGS/tests/test_vipe_benchmark_supervisor.py", line 2014, in test_progress_p03_helper_death
    def test_progress_p03_helper_death(self):self.progress_scenario('P03','progress_death')
                                             ~~~~~~~~~~~~~~~~~~~~~~^^^^^^^^^^^^^^^^^^^^^^^^
  File "/home/auss/git_repos/samaust/Experiments_4DGS/tests/test_vipe_benchmark_supervisor.py", line 1765, in progress_scenario
    session.await_ready()
    ~~~~~~~~~~~~~~~~~~~^^
  File "/home/auss/git_repos/samaust/Experiments_4DGS/tests/test_vipe_benchmark_supervisor.py", line 1165, in observed
    result=operation(*args,**kwargs);return result
  File "/home/auss/git_repos/samaust/Experiments_4DGS/scripts/vipe_benchmark/s1_helper_session.py", line 2397, in await_ready
    self.tick(end); time.sleep(min(.005,max(0.,end-time.monotonic())))
    ~~~~~~~~~^^^^^
  File "/home/auss/git_repos/samaust/Experiments_4DGS/tests/test_vipe_benchmark_supervisor.py", line 1165, in observed
    result=operation(*args,**kwargs);return result
  File "/home/auss/git_repos/samaust/Experiments_4DGS/scripts/vipe_benchmark/s1_helper_session.py", line 2312, in tick
    if self.owner.cancelled or self.poisoned: raise RuntimeError('S1 helper session poisoned: '+str(list(self.owner.errors)))
                                              ^^^^^^^^^^^^^^^^^^^^^^^^^^^^^^^^^^^^^^^^^^^^^^^^^^^^^^^^^^^^^^^^^^^^^^^^^^^^^^^
RuntimeError: S1 helper session poisoned: [{'error_class': 'ValueError', 'message': 'owned root schema', 'phase': 'startup'}]
timing_or_cleanup_check_0: AssertionError: False is not true : {'scenario': 'P03', 'mode': 'progress_death', 'constructor_entry': 93806.457829615, 'action_cutoff': 93808.457829615, 'safety_cutoff': 93809.457829615, 'constructor_end': 93806.457925511, 't0': 93806.457847141, 'ready_deadline': 93807.457847141, 'setup_deadline': 93808.457847141, 'setup_cleanup_deadline': 93809.457847141, 'progress_final_outcome': {'event': 'progress_final_outcome', 'label': 'P03', 'phase': 'startup_or_fixture_preparation', 'primary': {'error_class': 'RuntimeError', 'message': "S1 helper session poisoned: [{'error_class': 'ValueError', 'message': 'owned root schema', 'phase': 'startup'}]"}, 'secondary': [], 'reference': None, 'cleanup_confirmed': False, 'observed': 93806.472995989, 'causal_status': 'actual startup failure; no inferred EPERM cause'}, 'action_end': 93806.47297991, 'end': 93806.472995989, 'execution_seconds': 0.01515029500296805, 'cleanup_seconds': 1.607899321243167e-05, 'cleanup_confirmed': False, 'records': {'work': {'role': 'work', 'state': 'spawning', 'pid': None}, 'sample': {'role': 'sample', 'state': 'pending', 'pid': None}}, 'errors': [{'error_class': 'ValueError', 'message': 'owned root schema', 'phase': 'startup'}], 'signals': [], 'ticks': [93806.457847141, 93806.457981957, 93806.467862827, 93806.47294039], 'events': [{'event': 'fixture_spawn_entry', 'role': 'work', 'observed': 93806.458237909, 'ready_deadline': 93807.457847141}, {'event': 'progress_final_outcome', 'label': 'P03', 'phase': 'startup_or_fixture_preparation', 'primary': {'error_class': 'RuntimeError', 'message': "S1 helper session poisoned: [{'error_class': 'ValueError', 'message': 'owned root schema', 'phase': 'startup'}]"}, 'secondary': [], 'reference': None, 'cleanup_confirmed': False, 'observed': 93806.472995989, 'causal_status': 'actual startup failure; no inferred EPERM cause'}], 'trace_facts': {'capacity': 256, 'total': 2, 'dropped': 0, 'saturated': False, 'first': 93806.458239345, 'last': 93806.473002882}, 'tick_facts': {'capacity': 128, 'total': 4, 'dropped': 0, 'saturated': False,

======================================================================
ERROR: test_progress_p04_failed_final_sample (test_vipe_benchmark_supervisor.HelperSessionTests.test_progress_p04_failed_final_sample)
----------------------------------------------------------------------
Traceback (most recent call last):
  File "/home/auss/git_repos/samaust/Experiments_4DGS/tests/test_vipe_benchmark_supervisor.py", line 2015, in test_progress_p04_failed_final_sample
    def test_progress_p04_failed_final_sample(self):self.progress_scenario('P04','progress_final',supervised=True)
                                                    ~~~~~~~~~~~~~~~~~~~~~~^^^^^^^^^^^^^^^^^^^^^^^^^^^^^^^^^^^^^^^^
  File "/home/auss/git_repos/samaust/Experiments_4DGS/tests/test_vipe_benchmark_supervisor.py", line 1765, in progress_scenario
    session.await_ready()
    ~~~~~~~~~~~~~~~~~~~^^
  File "/home/auss/git_repos/samaust/Experiments_4DGS/tests/test_vipe_benchmark_supervisor.py", line 1165, in observed
    result=operation(*args,**kwargs);return result
  File "/home/auss/git_repos/samaust/Experiments_4DGS/scripts/vipe_benchmark/s1_helper_session.py", line 2397, in await_ready
    self.tick(end); time.sleep(min(.005,max(0.,end-time.monotonic())))
    ~~~~~~~~~^^^^^
  File "/home/auss/git_repos/samaust/Experiments_4DGS/tests/test_vipe_benchmark_supervisor.py", line 1165, in observed
    result=operation(*args,**kwargs);return result
  File "/home/auss/git_repos/samaust/Experiments_4DGS/scripts/vipe_benchmark/s1_helper_session.py", line 2312, in tick
    if self.owner.cancelled or self.poisoned: raise RuntimeError('S1 helper session poisoned: '+str(list(self.owner.errors)))
                                              ^^^^^^^^^^^^^^^^^^^^^^^^^^^^^^^^^^^^^^^^^^^^^^^^^^^^^^^^^^^^^^^^^^^^^^^^^^^^^^^
RuntimeError: S1 helper session poisoned: [{'error_class': 'ValueError', 'message': 'owned root schema', 'phase': 'startup'}]
timing_or_cleanup_check_0: AssertionError: False is not true : {'scenario': 'P04', 'mode': 'progress_final', 'constructor_entry': 93806.473738614, 'action_cutoff': 93808.473738614, 'safety_cutoff': 93809.473738614, 'constructor_end': 93806.473818775, 't0': 93806.473755423, 'ready_deadline': 93807.473755423, 'setup_deadline': 93808.473755423, 'setup_cleanup_deadline': 93809.473755423, 'progress_final_outcome': {'event': 'progress_final_outcome', 'label': 'P04', 'phase': 'startup_or_fixture_preparation', 'primary': {'error_class': 'RuntimeError', 'message': "S1 helper session poisoned: [{'error_class': 'ValueError', 'message': 'owned root schema', 'phase': 'startup'}]"}, 'secondary': [], 'reference': None, 'cleanup_confirmed': False, 'observed': 93806.486061062, 'causal_status': 'actual startup failure; no inferred EPERM cause'}, 'action_end': 93806.486045092, 'end': 93806.486061062, 'execution_seconds': 0.012306477990932763, 'cleanup_seconds': 1.59699993673712e-05, 'cleanup_confirmed': False, 'records': {'work': {'role': 'work', 'state': 'spawning', 'pid': None}, 'sample': {'role': 'sample', 'state': 'pending', 'pid': None}}, 'errors': [{'error_class': 'ValueError', 'message': 'owned root schema', 'phase': 'startup'}], 'signals': [], 'ticks': [93806.473755423, 93806.47387253, 93806.480914229, 93806.485987181], 'events': [{'event': 'fixture_spawn_entry', 'role': 'work', 'observed': 93806.474162244, 'ready_deadline': 93807.473755423}, {'event': 'progress_final_outcome', 'label': 'P04', 'phase': 'startup_or_fixture_preparation', 'primary': {'error_class': 'RuntimeError', 'message': "S1 helper session poisoned: [{'error_class': 'ValueError', 'message': 'owned root schema', 'phase': 'startup'}]"}, 'secondary': [], 'reference': None, 'cleanup_confirmed': False, 'observed': 93806.486061062, 'causal_status': 'actual startup failure; no inferred EPERM cause'}], 'trace_facts': {'capacity': 256, 'total': 2, 'dropped': 0, 'saturated': False, 'first': 93806.474163096, 'last': 93806.486065503}, 'tick_facts': {'capacity': 128, 'total': 4, 'dropped': 0, 'saturated': False

======================================================================
ERROR: test_progress_p05_interrupted_publisher (test_vipe_benchmark_supervisor.HelperSessionTests.test_progress_p05_interrupted_publisher)
----------------------------------------------------------------------
Traceback (most recent call last):
  File "/home/auss/git_repos/samaust/Experiments_4DGS/tests/test_vipe_benchmark_supervisor.py", line 2016, in test_progress_p05_interrupted_publisher
    def test_progress_p05_interrupted_publisher(self):self.progress_scenario('P05','progress_torn')
                                                      ~~~~~~~~~~~~~~~~~~~~~~^^^^^^^^^^^^^^^^^^^^^^^
  File "/home/auss/git_repos/samaust/Experiments_4DGS/tests/test_vipe_benchmark_supervisor.py", line 1765, in progress_scenario
    session.await_ready()
    ~~~~~~~~~~~~~~~~~~~^^
  File "/home/auss/git_repos/samaust/Experiments_4DGS/tests/test_vipe_benchmark_supervisor.py", line 1165, in observed
    result=operation(*args,**kwargs);return result
  File "/home/auss/git_repos/samaust/Experiments_4DGS/scripts/vipe_benchmark/s1_helper_session.py", line 2397, in await_ready
    self.tick(end); time.sleep(min(.005,max(0.,end-time.monotonic())))
    ~~~~~~~~~^^^^^
  File "/home/auss/git_repos/samaust/Experiments_4DGS/tests/test_vipe_benchmark_supervisor.py", line 1165, in observed
    result=operation(*args,**kwargs);return result
  File "/home/auss/git_repos/samaust/Experiments_4DGS/scripts/vipe_benchmark/s1_helper_session.py", line 2312, in tick
    if self.owner.cancelled or self.poisoned: raise RuntimeError('S1 helper session poisoned: '+str(list(self.owner.errors)))
                                              ^^^^^^^^^^^^^^^^^^^^^^^^^^^^^^^^^^^^^^^^^^^^^^^^^^^^^^^^^^^^^^^^^^^^^^^^^^^^^^^
RuntimeError: S1 helper session poisoned: [{'error_class': 'ValueError', 'message': 'owned root schema', 'phase': 'startup'}]
timing_or_cleanup_check_0: AssertionError: False is not true : {'scenario': 'P05', 'mode': 'progress_torn', 'constructor_entry': 93806.486837418, 'action_cutoff': 93808.486837418, 'safety_cutoff': 93809.486837418, 'constructor_end': 93806.486931116, 't0': 93806.486854894, 'ready_deadline': 93807.486854894, 'setup_deadline': 93808.486854894, 'setup_cleanup_deadline': 93809.486854894, 'progress_final_outcome': {'event': 'progress_final_outcome', 'label': 'P05', 'phase': 'startup_or_fixture_preparation', 'primary': {'error_class': 'RuntimeError', 'message': "S1 helper session poisoned: [{'error_class': 'ValueError', 'message': 'owned root schema', 'phase': 'startup'}]"}, 'secondary': [], 'reference': None, 'cleanup_confirmed': False, 'observed': 93806.500758478, 'causal_status': 'actual startup failure; no inferred EPERM cause'}, 'action_end': 93806.500742965, 'end': 93806.500758478, 'execution_seconds': 0.013905547006288543, 'cleanup_seconds': 1.551299646962434e-05, 'cleanup_confirmed': False, 'records': {'work': {'role': 'work', 'state': 'spawning', 'pid': None}, 'sample': {'role': 'sample', 'state': 'pending', 'pid': None}}, 'errors': [{'error_class': 'ValueError', 'message': 'owned root schema', 'phase': 'startup'}], 'signals': [], 'ticks': [93806.486854894, 93806.48698409, 93806.495623159, 93806.500704091], 'events': [{'event': 'fixture_spawn_entry', 'role': 'work', 'observed': 93806.487224482, 'ready_deadline': 93807.486854894}, {'event': 'progress_final_outcome', 'label': 'P05', 'phase': 'startup_or_fixture_preparation', 'primary': {'error_class': 'RuntimeError', 'message': "S1 helper session poisoned: [{'error_class': 'ValueError', 'message': 'owned root schema', 'phase': 'startup'}]"}, 'secondary': [], 'reference': None, 'cleanup_confirmed': False, 'observed': 93806.500758478, 'causal_status': 'actual startup failure; no inferred EPERM cause'}], 'trace_facts': {'capacity': 256, 'total': 2, 'dropped': 0, 'saturated': False, 'first': 93806.487225992, 'last': 93806.500762866}, 'tick_facts': {'capacity': 128, 'total': 4, 'dropped': 0, 'saturated': False

======================================================================
ERROR: test_progress_p06_blocked_owner (test_vipe_benchmark_supervisor.HelperSessionTests.test_progress_p06_blocked_owner)
----------------------------------------------------------------------
Traceback (most recent call last):
  File "/home/auss/git_repos/samaust/Experiments_4DGS/tests/test_vipe_benchmark_supervisor.py", line 2017, in test_progress_p06_blocked_owner
    def test_progress_p06_blocked_owner(self):self.progress_scenario('P06','progress_normal')
                                              ~~~~~~~~~~~~~~~~~~~~~~^^^^^^^^^^^^^^^^^^^^^^^^^
  File "/home/auss/git_repos/samaust/Experiments_4DGS/tests/test_vipe_benchmark_supervisor.py", line 1765, in progress_scenario
    session.await_ready()
    ~~~~~~~~~~~~~~~~~~~^^
  File "/home/auss/git_repos/samaust/Experiments_4DGS/tests/test_vipe_benchmark_supervisor.py", line 1165, in observed
    result=operation(*args,**kwargs);return result
  File "/home/auss/git_repos/samaust/Experiments_4DGS/scripts/vipe_benchmark/s1_helper_session.py", line 2397, in await_ready
    self.tick(end); time.sleep(min(.005,max(0.,end-time.monotonic())))
    ~~~~~~~~~^^^^^
  File "/home/auss/git_repos/samaust/Experiments_4DGS/tests/test_vipe_benchmark_supervisor.py", line 1165, in observed
    result=operation(*args,**kwargs);return result
  File "/home/auss/git_repos/samaust/Experiments_4DGS/scripts/vipe_benchmark/s1_helper_session.py", line 2312, in tick
    if self.owner.cancelled or self.poisoned: raise RuntimeError('S1 helper session poisoned: '+str(list(self.owner.errors)))
                                              ^^^^^^^^^^^^^^^^^^^^^^^^^^^^^^^^^^^^^^^^^^^^^^^^^^^^^^^^^^^^^^^^^^^^^^^^^^^^^^^
RuntimeError: S1 helper session poisoned: [{'error_class': 'ValueError', 'message': 'owned root schema', 'phase': 'startup'}]
timing_or_cleanup_check_0: AssertionError: False is not true : {'scenario': 'P06', 'mode': 'progress_normal', 'constructor_entry': 93806.501537952, 'action_cutoff': 93808.501537952, 'safety_cutoff': 93809.501537952, 'constructor_end': 93806.501621076, 't0': 93806.501554895, 'ready_deadline': 93807.501554895, 'setup_deadline': 93808.501554895, 'setup_cleanup_deadline': 93809.501554895, 'progress_final_outcome': {'event': 'progress_final_outcome', 'label': 'P06', 'phase': 'startup_or_fixture_preparation', 'primary': {'error_class': 'RuntimeError', 'message': "S1 helper session poisoned: [{'error_class': 'ValueError', 'message': 'owned root schema', 'phase': 'startup'}]"}, 'secondary': [], 'reference': None, 'cleanup_confirmed': False, 'observed': 93806.515223675, 'causal_status': 'actual startup failure; no inferred EPERM cause'}, 'action_end': 93806.515210005, 'end': 93806.515223675, 'execution_seconds': 0.013672052999027073, 'cleanup_seconds': 1.3669996405951679e-05, 'cleanup_confirmed': False, 'records': {'work': {'role': 'work', 'state': 'spawning', 'pid': None}, 'sample': {'role': 'sample', 'state': 'pending', 'pid': None}}, 'errors': [{'error_class': 'ValueError', 'message': 'owned root schema', 'phase': 'startup'}], 'signals': [], 'ticks': [93806.501554895, 93806.501673317, 93806.510105319, 93806.515172813], 'events': [{'event': 'fixture_spawn_entry', 'role': 'work', 'observed': 93806.50190079, 'ready_deadline': 93807.501554895}, {'event': 'progress_final_outcome', 'label': 'P06', 'phase': 'startup_or_fixture_preparation', 'primary': {'error_class': 'RuntimeError', 'message': "S1 helper session poisoned: [{'error_class': 'ValueError', 'message': 'owned root schema', 'phase': 'startup'}]"}, 'secondary': [], 'reference': None, 'cleanup_confirmed': False, 'observed': 93806.515223675, 'causal_status': 'actual startup failure; no inferred EPERM cause'}], 'trace_facts': {'capacity': 256, 'total': 2, 'dropped': 0, 'saturated': False, 'first': 93806.501902017, 'last': 93806.515227856}, 'tick_facts': {'capacity': 128, 'total': 4, 'dropped': 0, 'saturated': Fa

======================================================================
ERROR: test_progress_plan046_ownership (test_vipe_benchmark_supervisor.HelperSessionTests.test_progress_plan046_ownership)
----------------------------------------------------------------------
Traceback (most recent call last):
  File "/home/auss/git_repos/samaust/Experiments_4DGS/tests/test_vipe_benchmark_supervisor.py", line 2242, in test_progress_plan046_ownership
    good=h.owned_workload(os.environ['S1_OWNED_ROOT_NOTE'])
  File "/home/auss/git_repos/samaust/Experiments_4DGS/scripts/vipe_benchmark/s1_helper_session.py", line 1840, in owned_workload
    if note.get('schema')!='plan049-prospective-launch/v1':raise ValueError('owned root schema')
                                                           ^^^^^^^^^^^^^^^^^^^^^^^^^^^^^^^^^^^^^
ValueError: owned root schema

======================================================================
ERROR: test_progress_plan047_complete_final_sample (test_vipe_benchmark_supervisor.HelperSessionTests.test_progress_plan047_complete_final_sample) (kind='success')
----------------------------------------------------------------------
Traceback (most recent call last):
  File "/home/auss/git_repos/samaust/Experiments_4DGS/scripts/vipe_benchmark/supervisor.py", line 442, in supervise
    owned=predispatch_owned('supervisor worker')
  File "/home/auss/git_repos/samaust/Experiments_4DGS/scripts/vipe_benchmark/s1_helper_session.py", line 1564, in predispatch_owned
    observed=owned_workload(os.environ['S1_OWNED_ROOT_NOTE'])
  File "/home/auss/git_repos/samaust/Experiments_4DGS/scripts/vipe_benchmark/s1_helper_session.py", line 1840, in owned_workload
    if note.get('schema')!='plan049-prospective-launch/v1':raise ValueError('owned root schema')
                                                           ^^^^^^^^^^^^^^^^^^^^^^^^^^^^^^^^^^^^^
ValueError: owned root schema

The above exception was the direct cause of the following exception:

Traceback (most recent call last):
  File "/home/auss/git_repos/samaust/Experiments_4DGS/tests/test_vipe_benchmark_supervisor.py", line 3096, in test_progress_plan047_complete_final_sample
    sup.supervise(Ledger(),full.reservation['job_id'],full.command,full.output,evidence=full.binding,sample_resources=self.sampler,validate_result=lambda output:None,terminal_publisher=True,terminal_docs=docs)
    ~~~~~~~~~~~~~^^^^^^^^^^^^^^^^^^^^^^^^^^^^^^^^^^^^^^^^^^^^^^^^^^^^^^^^^^^^^^^^^^^^^^^^^^^^^^^^^^^^^^^^^^^^^^^^^^^^^^^^^^^^^^^^^^^^^^^^^^^^^^^^^^^^^^^^^^^^^^^^^^^^^^^^^^^^^^^^^^^^^^^^^^^^^^^^^^^^^^^^^^^^^^^^
  File "/home/auss/git_repos/samaust/Experiments_4DGS/scripts/vipe_benchmark/supervisor.py", line 607, in supervise
    raise failure from primary_exception
vipe_benchmark.supervisor.SupervisionFailure: ValueError: owned root schema

======================================================================
ERROR: test_progress_plan047_complete_final_sample (test_vipe_benchmark_supervisor.HelperSessionTests.test_progress_plan047_complete_final_sample) (kind='final_sample_failure')
----------------------------------------------------------------------
Traceback (most recent call last):
  File "/home/auss/git_repos/samaust/Experiments_4DGS/tests/test_vipe_benchmark_supervisor.py", line 3093, in test_progress_plan047_complete_final_sample
    with self.assertRaises(sup.SupervisionFailure) as caught:sup.supervise(Ledger(),full.reservation['job_id'],full.command,full.output,evidence=full.binding,sample_resources=self.sampler,validate_result=lambda output:None,terminal_publisher=True,terminal_docs=docs)
                                                             ~~~~~~~~~~~~~^^^^^^^^^^^^^^^^^^^^^^^^^^^^^^^^^^^^^^^^^^^^^^^^^^^^^^^^^^^^^^^^^^^^^^^^^^^^^^^^^^^^^^^^^^^^^^^^^^^^^^^^^^^^^^^^^^^^^^^^^^^^^^^^^^^^^^^^^^^^^^^^^^^^^^^^^^^^^^^^^^^^^^^^^^^^^^^^^^^^^^^^^^^^^^^^
  File "/home/auss/git_repos/samaust/Experiments_4DGS/scripts/vipe_benchmark/supervisor.py", line 358, in supervise
    raise ValueError('refusing to overwrite incomplete or previous output')
ValueError: refusing to overwrite incomplete or previous output

======================================================================
ERROR: test_progress_plan047_ownership (test_vipe_benchmark_supervisor.HelperSessionTests.test_progress_plan047_ownership)
----------------------------------------------------------------------
Traceback (most recent call last):
  File "/home/auss/git_repos/samaust/Experiments_4DGS/tests/test_vipe_benchmark_supervisor.py", line 2802, in test_progress_plan047_ownership
    baseline=h.owned_workload(original_path)
  File "/home/auss/git_repos/samaust/Experiments_4DGS/scripts/vipe_benchmark/s1_helper_session.py", line 1840, in owned_workload
    if note.get('schema')!='plan049-prospective-launch/v1':raise ValueError('owned root schema')
                                                           ^^^^^^^^^^^^^^^^^^^^^^^^^^^^^^^^^^^^^
ValueError: owned root schema

======================================================================
ERROR: test_completed_worker_is_not_dispatched_again (test_vipe_benchmark_supervisor.SupervisorTests.test_completed_worker_is_not_dispatched_again)
----------------------------------------------------------------------
Traceback (most recent call last):
  File "/home/auss/git_repos/samaust/Experiments_4DGS/scripts/vipe_benchmark/supervisor.py", line 446, in supervise
    process = create_owned_process('supervisor worker',subprocess.Popen,command, deadline=run_deadline if is_s1 else None, stdout=log, stderr=subprocess.STDOUT,
                               start_new_session=True, env=env)
  File "/home/auss/git_repos/samaust/Experiments_4DGS/scripts/vipe_benchmark/s1_helper_session.py", line 1575, in create_owned_process
    observed=predispatch_owned(event)
  File "/home/auss/git_repos/samaust/Experiments_4DGS/scripts/vipe_benchmark/s1_helper_session.py", line 1564, in predispatch_owned
    observed=owned_workload(os.environ['S1_OWNED_ROOT_NOTE'])
  File "/home/auss/git_repos/samaust/Experiments_4DGS/scripts/vipe_benchmark/s1_helper_session.py", line 1840, in owned_workload
    if note.get('schema')!='plan049-prospective-launch/v1':raise ValueError('owned root schema')
                                                           ^^^^^^^^^^^^^^^^^^^^^^^^^^^^^^^^^^^^^
ValueError: owned root schema

The above exception was the direct cause of the following exception:

Traceback (most recent call last):
  File "/home/auss/git_repos/samaust/Experiments_4DGS/tests/test_vipe_benchmark_supervisor.py", line 43, in test_completed_worker_is_not_dispatched_again
    self.assertEqual(self.run_worker(code)['status'], 'complete')
                     ~~~~~~~~~~~~~~~^^^^^^
  File "/home/auss/git_repos/samaust/Experiments_4DGS/tests/test_vipe_benchmark_supervisor.py", line 37, in run_worker
    return supervise(self.ledger, 'prepare', self.command(code), self.root / 'output',
                     evidence={'kind': 'disposable CPU fixture; not a model evaluation'},
                     validate_result=self.validate, poll_seconds=.02, **kwargs)
  File "/home/auss/git_repos/samaust/Experiments_4DGS/scripts/vipe_benchmark/supervisor.py", line 607, in supervise
    raise failure from primary_exception
vipe_benchmark.supervisor.SupervisionFailure: ValueError: owned root schema

======================================================================
ERROR: test_concurrent_reservation_has_one_winner (test_vipe_benchmark_supervisor.SupervisorTests.test_concurrent_reservation_has_one_winner)
----------------------------------------------------------------------
Traceback (most recent call last):
  File "/home/auss/git_repos/samaust/Experiments_4DGS/tests/test_vipe_benchmark_supervisor.py", line 211, in test_concurrent_reservation_has_one_winner
    process=fixture_process_launch('existing reservation race',command,stdout=subprocess.DEVNULL,stderr=subprocess.DEVNULL)
  File "/home/auss/git_repos/samaust/Experiments_4DGS/tests/test_vipe_benchmark_s1_helper_fixtures.py", line 887, in fixture_process_launch
    process=create_owned_process(event,subprocess.Popen,command,**kwargs)
  File "/home/auss/git_repos/samaust/Experiments_4DGS/scripts/vipe_benchmark/s1_helper_session.py", line 1575, in create_owned_process
    observed=predispatch_owned(event)
  File "/home/auss/git_repos/samaust/Experiments_4DGS/scripts/vipe_benchmark/s1_helper_session.py", line 1564, in predispatch_owned
    observed=owned_workload(os.environ['S1_OWNED_ROOT_NOTE'])
  File "/home/auss/git_repos/samaust/Experiments_4DGS/scripts/vipe_benchmark/s1_helper_session.py", line 1840, in owned_workload
    if note.get('schema')!='plan049-prospective-launch/v1':raise ValueError('owned root schema')
                                                           ^^^^^^^^^^^^^^^^^^^^^^^^^^^^^^^^^^^^^
ValueError: owned root schema

======================================================================
ERROR: test_gpu_sample_of_exited_unreaped_worker_keeps_true_group_ownership (test_vipe_benchmark_supervisor.SupervisorTests.test_gpu_sample_of_exited_unreaped_worker_keeps_true_group_ownership)
----------------------------------------------------------------------
Traceback (most recent call last):
  File "/home/auss/git_repos/samaust/Experiments_4DGS/scripts/vipe_benchmark/supervisor.py", line 446, in supervise
    process = create_owned_process('supervisor worker',subprocess.Popen,command, deadline=run_deadline if is_s1 else None, stdout=log, stderr=subprocess.STDOUT,
                               start_new_session=True, env=env)
  File "/home/auss/git_repos/samaust/Experiments_4DGS/scripts/vipe_benchmark/s1_helper_session.py", line 1575, in create_owned_process
    observed=predispatch_owned(event)
  File "/home/auss/git_repos/samaust/Experiments_4DGS/scripts/vipe_benchmark/s1_helper_session.py", line 1564, in predispatch_owned
    observed=owned_workload(os.environ['S1_OWNED_ROOT_NOTE'])
  File "/home/auss/git_repos/samaust/Experiments_4DGS/scripts/vipe_benchmark/s1_helper_session.py", line 1840, in owned_workload
    if note.get('schema')!='plan049-prospective-launch/v1':raise ValueError('owned root schema')
                                                           ^^^^^^^^^^^^^^^^^^^^^^^^^^^^^^^^^^^^^
ValueError: owned root schema

The above exception was the direct cause of the following exception:

Traceback (most recent call last):
  File "/home/auss/git_repos/samaust/Experiments_4DGS/tests/test_vipe_benchmark_supervisor.py", line 161, in test_gpu_sample_of_exited_unreaped_worker_keeps_true_group_ownership
    self.assertEqual(self.run_worker(code, sample_resources=sample)['status'], 'complete')
                     ~~~~~~~~~~~~~~~^^^^^^^^^^^^^^^^^^^^^^^^^^^^^^^
  File "/home/auss/git_repos/samaust/Experiments_4DGS/tests/test_vipe_benchmark_supervisor.py", line 37, in run_worker
    return supervise(self.ledger, 'prepare', self.command(code), self.root / 'output',
                     evidence={'kind': 'disposable CPU fixture; not a model evaluation'},
                     validate_result=self.validate, poll_seconds=.02, **kwargs)
  File "/home/auss/git_repos/samaust/Experiments_4DGS/scripts/vipe_benchmark/supervisor.py", line 607, in supervise
    raise failure from primary_exception
vipe_benchmark.supervisor.SupervisionFailure: ValueError: owned root schema

======================================================================
ERROR: test_native_kernel_caches_stay_in_monitored_attempt_and_override_external_paths (test_vipe_benchmark_supervisor.SupervisorTests.test_native_kernel_caches_stay_in_monitored_attempt_and_override_external_paths)
----------------------------------------------------------------------
Traceback (most recent call last):
  File "/home/auss/git_repos/samaust/Experiments_4DGS/scripts/vipe_benchmark/supervisor.py", line 446, in supervise
    process = create_owned_process('supervisor worker',subprocess.Popen,command, deadline=run_deadline if is_s1 else None, stdout=log, stderr=subprocess.STDOUT,
                               start_new_session=True, env=env)
  File "/home/auss/git_repos/samaust/Experiments_4DGS/scripts/vipe_benchmark/s1_helper_session.py", line 1575, in create_owned_process
    observed=predispatch_owned(event)
  File "/home/auss/git_repos/samaust/Experiments_4DGS/scripts/vipe_benchmark/s1_helper_session.py", line 1564, in predispatch_owned
    observed=owned_workload(os.environ['S1_OWNED_ROOT_NOTE'])
  File "/home/auss/git_repos/samaust/Experiments_4DGS/scripts/vipe_benchmark/s1_helper_session.py", line 1840, in owned_workload
    if note.get('schema')!='plan049-prospective-launch/v1':raise ValueError('owned root schema')
                                                           ^^^^^^^^^^^^^^^^^^^^^^^^^^^^^^^^^^^^^
ValueError: owned root schema

The above exception was the direct cause of the following exception:

Traceback (most recent call last):
  File "/home/auss/git_repos/samaust/Experiments_4DGS/tests/test_vipe_benchmark_supervisor.py", line 63, in test_native_kernel_caches_stay_in_monitored_attempt_and_override_external_paths
    self.run_worker(code, sample_resources=lambda: dict(artifact_bytes=directory_bytes(self.root)))
    ~~~~~~~~~~~~~~~^^^^^^^^^^^^^^^^^^^^^^^^^^^^^^^^^^^^^^^^^^^^^^^^^^^^^^^^^^^^^^^^^^^^^^^^^^^^^^^^
  File "/home/auss/git_repos/samaust/Experiments_4DGS/tests/test_vipe_benchmark_supervisor.py", line 37, in run_worker
    return supervise(self.ledger, 'prepare', self.command(code), self.root / 'output',
                     evidence={'kind': 'disposable CPU fixture; not a model evaluation'},
                     validate_result=self.validate, poll_seconds=.02, **kwargs)
  File "/home/auss/git_repos/samaust/Experiments_4DGS/scripts/vipe_benchmark/supervisor.py", line 607, in supervise
    raise failure from primary_exception
vipe_benchmark.supervisor.SupervisionFailure: ValueError: owned root schema

======================================================================
FAIL: test_foreign_only_pid (test_vipe_benchmark_supervisor.HelperIntegrationTests.test_foreign_only_pid)
----------------------------------------------------------------------
Traceback (most recent call last):
  File "/home/auss/git_repos/samaust/Experiments_4DGS/tests/test_vipe_benchmark_supervisor.py", line 939, in test_foreign_only_pid
    self.rejected()
    ~~~~~~~~~~~~~^^
  File "/home/auss/git_repos/samaust/Experiments_4DGS/tests/test_vipe_benchmark_supervisor.py", line 933, in rejected
    self.assertEqual(caught.exception.failure['error_class'],'GPUOwnershipError')
    ~~~~~~~~~~~~~~~~^^^^^^^^^^^^^^^^^^^^^^^^^^^^^^^^^^^^^^^^^^^^^^^^^^^^^^^^^^^^^
AssertionError: 'RuntimeError' != 'GPUOwnershipError'
- RuntimeError
+ GPUOwnershipError


======================================================================
FAIL: test_supervisor_worker_context_and_consumed_cleanup_stop (test_vipe_benchmark_supervisor.HelperIntegrationTests.test_supervisor_worker_context_and_consumed_cleanup_stop)
----------------------------------------------------------------------
Traceback (most recent call last):
  File "/home/auss/git_repos/samaust/Experiments_4DGS/tests/test_vipe_benchmark_supervisor.py", line 1117, in test_supervisor_worker_context_and_consumed_cleanup_stop
    self.assertEqual(len(transported),1)
    ~~~~~~~~~~~~~~~~^^^^^^^^^^^^^^^^^^^^
AssertionError: 0 != 1

======================================================================
FAIL: test_l04_child_before_ready_block (test_vipe_benchmark_supervisor.HelperSessionTests.test_l04_child_before_ready_block)
----------------------------------------------------------------------
Traceback (most recent call last):
  File "/home/auss/git_repos/samaust/Experiments_4DGS/tests/test_vipe_benchmark_supervisor.py", line 1335, in test_l04_child_before_ready_block
    def test_l04_child_before_ready_block(self): self.reject_ready('L04','child_block')
                                                 ~~~~~~~~~~~~~~~~~^^^^^^^^^^^^^^^^^^^^^
  File "/home/auss/git_repos/samaust/Experiments_4DGS/tests/test_vipe_benchmark_supervisor.py", line 1273, in reject_ready
    self.assertTrue(session.close(session.cleanup_deadline))
    ~~~~~~~~~~~~~~~^^^^^^^^^^^^^^^^^^^^^^^^^^^^^^^^^^^^^^^^^
AssertionError: False is not true
timing_or_cleanup_check_0: AssertionError: False is not true : {'scenario': 'L04', 'mode': 'child_block', 'constructor_entry': 93804.239185744, 'action_cutoff': 93806.239185744, 'safety_cutoff': 93807.239185744, 'constructor_end': 93804.239291025, 't0': 93804.239205377, 'ready_deadline': 93804.319205377, 'setup_deadline': 93804.419205377, 'setup_cleanup_deadline': 93804.539205377, 'action_end': 93804.256349707, 'end': 93804.256354498, 'execution_seconds': 0.017163962998893112, 'cleanup_seconds': 4.7909998102113605e-06, 'cleanup_confirmed': False, 'records': {'work': {'role': 'work', 'state': 'spawning', 'pid': None}, 'sample': {'role': 'sample', 'state': 'pending', 'pid': None}}, 'errors': [{'error_class': 'ValueError', 'message': 'owned root schema', 'phase': 'startup'}], 'signals': [], 'ticks': [93804.239205377, 93804.239328305, 93804.25124315, 93804.256311247], 'events': [{'event': 'fixture_spawn_entry', 'role': 'work', 'observed': 93804.239580835, 'ready_deadline': 93804.319205377}], 'trace_facts': {'capacity': 256, 'total': 1, 'dropped': 0, 'saturated': False, 'first': 93804.239582199, 'last': 93804.239582199}, 'tick_facts': {'capacity': 128, 'total': 4, 'dropped': 0, 'saturated': False, 'first': 93804.239209243, 'last': 93804.256311453}, 'owner_error_facts': {'capacity': 32, 'total': 1, 'dropped': 0, 'saturated': False, 'first': 93804.253518124, 'last': 93804.253518124}, 'owner_signal_facts': {'capacity': 128, 'total': 0, 'dropped': 0, 'saturated': False, 'first': None, 'last': None}, 'request_counts': {'work': {'dispatch': 0, 'response': 0}, 'sample': {'dispatch': 0, 'response': 0}}, 'census_request_count': 0, 'max_gap': 0.011914845003047958, 'max_turn': 1.4859993825666606e-05, 'call_observations': [{'operation': 'tick', 'entered': 93804.239327906, 'deadline': 93804.319205377, 'returned': 93804.239343852, 'confirmed': None, 'error': None, 'ready_before': [], 'ready_after': []}, {'operation': 'tick', 'entered': 93804.251242293, 'deadline': 93804.319205377, 'returned': 93804.25125589, 'confirmed': None, 'error': None, 'ready_before': [], 'ready_after

======================================================================
FAIL: test_l05_error_after_spawn (test_vipe_benchmark_supervisor.HelperSessionTests.test_l05_error_after_spawn)
----------------------------------------------------------------------
Traceback (most recent call last):
  File "/home/auss/git_repos/samaust/Experiments_4DGS/tests/test_vipe_benchmark_supervisor.py", line 1336, in test_l05_error_after_spawn
    def test_l05_error_after_spawn(self): self.reject_ready('L05','identity_failure')
                                          ~~~~~~~~~~~~~~~~~^^^^^^^^^^^^^^^^^^^^^^^^^^
  File "/home/auss/git_repos/samaust/Experiments_4DGS/tests/test_vipe_benchmark_supervisor.py", line 1273, in reject_ready
    self.assertTrue(session.close(session.cleanup_deadline))
    ~~~~~~~~~~~~~~~^^^^^^^^^^^^^^^^^^^^^^^^^^^^^^^^^^^^^^^^^
AssertionError: False is not true
timing_or_cleanup_check_0: AssertionError: False is not true : {'scenario': 'L05', 'mode': 'identity_failure', 'constructor_entry': 93804.256901752, 'action_cutoff': 93806.256901752, 'safety_cutoff': 93807.256901752, 'constructor_end': 93804.25699089, 't0': 93804.256920436, 'ready_deadline': 93804.336920436, 'setup_deadline': 93804.436920436, 'setup_cleanup_deadline': 93804.556920436, 'action_end': 93804.271422503, 'end': 93804.271427735, 'execution_seconds': 0.014520751006784849, 'cleanup_seconds': 5.231995601207018e-06, 'cleanup_confirmed': False, 'records': {'work': {'role': 'work', 'state': 'spawning', 'pid': None}, 'sample': {'role': 'sample', 'state': 'pending', 'pid': None}}, 'errors': [{'error_class': 'ValueError', 'message': 'owned root schema', 'phase': 'startup'}], 'signals': [], 'ticks': [93804.256920436, 93804.256998004, 93804.26631035, 93804.271389125], 'events': [{'event': 'fixture_spawn_entry', 'role': 'work', 'observed': 93804.257267617, 'ready_deadline': 93804.336920436}], 'trace_facts': {'capacity': 256, 'total': 1, 'dropped': 0, 'saturated': False, 'first': 93804.257268946, 'last': 93804.257268946}, 'tick_facts': {'capacity': 128, 'total': 4, 'dropped': 0, 'saturated': False, 'first': 93804.256923886, 'last': 93804.271389414}, 'owner_error_facts': {'capacity': 32, 'total': 1, 'dropped': 0, 'saturated': False, 'first': 93804.267367227, 'last': 93804.267367227}, 'owner_signal_facts': {'capacity': 128, 'total': 0, 'dropped': 0, 'saturated': False, 'first': None, 'last': None}, 'request_counts': {'work': {'dispatch': 0, 'response': 0}, 'sample': {'dispatch': 0, 'response': 0}}, 'census_request_count': 0, 'max_gap': 0.009312345995567739, 'max_turn': 4.249700577929616e-05, 'call_observations': [{'operation': 'tick', 'entered': 93804.256997647, 'deadline': 93804.336920436, 'returned': 93804.257041178, 'confirmed': None, 'error': None, 'ready_before': [], 'ready_after': []}, {'operation': 'tick', 'entered': 93804.266308051, 'deadline': 93804.336920436, 'returned': 93804.266330813, 'confirmed': None, 'error': None, 'ready_before': [], 'ready_af

======================================================================
FAIL: test_l06_late_ready (test_vipe_benchmark_supervisor.HelperSessionTests.test_l06_late_ready)
----------------------------------------------------------------------
Traceback (most recent call last):
  File "/home/auss/git_repos/samaust/Experiments_4DGS/tests/test_vipe_benchmark_supervisor.py", line 1337, in test_l06_late_ready
    def test_l06_late_ready(self): self.reject_ready('L06','late_ready')
                                   ~~~~~~~~~~~~~~~~~^^^^^^^^^^^^^^^^^^^^
  File "/home/auss/git_repos/samaust/Experiments_4DGS/tests/test_vipe_benchmark_supervisor.py", line 1273, in reject_ready
    self.assertTrue(session.close(session.cleanup_deadline))
    ~~~~~~~~~~~~~~~^^^^^^^^^^^^^^^^^^^^^^^^^^^^^^^^^^^^^^^^^
AssertionError: False is not true
timing_or_cleanup_check_0: AssertionError: False is not true : {'scenario': 'L06', 'mode': 'late_ready', 'constructor_entry': 93804.271933372, 'action_cutoff': 93806.271933372, 'safety_cutoff': 93807.271933372, 'constructor_end': 93804.272022491, 't0': 93804.271950701, 'ready_deadline': 93804.351950701, 'setup_deadline': 93804.451950701, 'setup_cleanup_deadline': 93804.571950701, 'action_end': 93804.287979445, 'end': 93804.287985007, 'execution_seconds': 0.016046072996687144, 'cleanup_seconds': 5.562003934755921e-06, 'cleanup_confirmed': False, 'records': {'work': {'role': 'work', 'state': 'spawning', 'pid': None}, 'sample': {'role': 'sample', 'state': 'pending', 'pid': None}}, 'errors': [{'error_class': 'ValueError', 'message': 'owned root schema', 'phase': 'startup'}], 'signals': [], 'ticks': [93804.271950701, 93804.27203198, 93804.282841878, 93804.287930684], 'events': [{'event': 'fixture_spawn_entry', 'role': 'work', 'observed': 93804.272285659, 'ready_deadline': 93804.351950701}], 'trace_facts': {'capacity': 256, 'total': 1, 'dropped': 0, 'saturated': False, 'first': 93804.272286846, 'last': 93804.272286846}, 'tick_facts': {'capacity': 128, 'total': 4, 'dropped': 0, 'saturated': False, 'first': 93804.271954343, 'last': 93804.287931171}, 'owner_error_facts': {'capacity': 32, 'total': 1, 'dropped': 0, 'saturated': False, 'first': 93804.283903578, 'last': 93804.283903578}, 'owner_signal_facts': {'capacity': 128, 'total': 0, 'dropped': 0, 'saturated': False, 'first': None, 'last': None}, 'request_counts': {'work': {'dispatch': 0, 'response': 0}, 'sample': {'dispatch': 0, 'response': 0}}, 'census_request_count': 0, 'max_gap': 0.010809897998115048, 'max_turn': 2.639599551912397e-05, 'call_observations': [{'operation': 'tick', 'entered': 93804.272031567, 'deadline': 93804.351950701, 'returned': 93804.272058986, 'confirmed': None, 'error': None, 'ready_before': [], 'ready_after': []}, {'operation': 'tick', 'entered': 93804.282838905, 'deadline': 93804.351950701, 'returned': 93804.282866973, 'confirmed': None, 'error': None, 'ready_before': [], 'ready_after':

======================================================================
FAIL: test_l07_cancel_during_spawn (test_vipe_benchmark_supervisor.HelperSessionTests.test_l07_cancel_during_spawn)
----------------------------------------------------------------------
Traceback (most recent call last):
  File "/home/auss/git_repos/samaust/Experiments_4DGS/tests/test_vipe_benchmark_supervisor.py", line 1338, in test_l07_cancel_during_spawn
    def test_l07_cancel_during_spawn(self): self.reject_ready('L07','held_spawn')
                                            ~~~~~~~~~~~~~~~~~^^^^^^^^^^^^^^^^^^^^
  File "/home/auss/git_repos/samaust/Experiments_4DGS/tests/test_vipe_benchmark_supervisor.py", line 1273, in reject_ready
    self.assertTrue(session.close(session.cleanup_deadline))
    ~~~~~~~~~~~~~~~^^^^^^^^^^^^^^^^^^^^^^^^^^^^^^^^^^^^^^^^^
AssertionError: False is not true
timing_or_cleanup_check_0: AssertionError: False is not true : {'scenario': 'L07', 'mode': 'held_spawn', 'constructor_entry': 93804.288550116, 'action_cutoff': 93806.288550116, 'safety_cutoff': 93807.288550116, 'constructor_end': 93804.288641999, 't0': 93804.288568464, 'ready_deadline': 93804.36856846401, 'setup_deadline': 93804.468568464, 'setup_cleanup_deadline': 93804.58856846401, 'action_end': 93804.30516261, 'end': 93804.305168008, 'execution_seconds': 0.016612494000582956, 'cleanup_seconds': 5.397989298216999e-06, 'cleanup_confirmed': False, 'records': {'work': {'role': 'work', 'state': 'spawning', 'pid': None}, 'sample': {'role': 'sample', 'state': 'pending', 'pid': None}}, 'errors': [{'error_class': 'ValueError', 'message': 'owned root schema', 'phase': 'startup'}], 'signals': [], 'ticks': [93804.288568464, 93804.288649783, 93804.300043053, 93804.305121335], 'events': [{'event': 'fixture_spawn_entry', 'role': 'work', 'observed': 93804.288931342, 'ready_deadline': 93804.36856846401}], 'trace_facts': {'capacity': 256, 'total': 1, 'dropped': 0, 'saturated': False, 'first': 93804.288932563, 'last': 93804.288932563}, 'tick_facts': {'capacity': 128, 'total': 4, 'dropped': 0, 'saturated': False, 'first': 93804.288572687, 'last': 93804.305121522}, 'owner_error_facts': {'capacity': 32, 'total': 1, 'dropped': 0, 'saturated': False, 'first': 93804.302346027, 'last': 93804.302346027}, 'owner_signal_facts': {'capacity': 128, 'total': 0, 'dropped': 0, 'saturated': False, 'first': None, 'last': None}, 'request_counts': {'work': {'dispatch': 0, 'response': 0}, 'sample': {'dispatch': 0, 'response': 0}}, 'census_request_count': 0, 'max_gap': 0.01139326998963952, 'max_turn': 3.610800195019692e-05, 'call_observations': [{'operation': 'tick', 'entered': 93804.288649374, 'deadline': 93804.36856846401, 'returned': 93804.288686532, 'confirmed': None, 'error': None, 'ready_before': [], 'ready_after': []}, {'operation': 'tick', 'entered': 93804.300041252, 'deadline': 93804.36856846401, 'returned': 93804.300062858, 'confirmed': None, 'error': None, 'ready_before': [], 'read

======================================================================
FAIL: test_l09_partial_header (test_vipe_benchmark_supervisor.HelperSessionTests.test_l09_partial_header)
----------------------------------------------------------------------
Traceback (most recent call last):
  File "/home/auss/git_repos/samaust/Experiments_4DGS/tests/test_vipe_benchmark_supervisor.py", line 1354, in test_l09_partial_header
    def test_l09_partial_header(self): self.reject_ready('L09','partial_header')
                                       ~~~~~~~~~~~~~~~~~^^^^^^^^^^^^^^^^^^^^^^^^
  File "/home/auss/git_repos/samaust/Experiments_4DGS/tests/test_vipe_benchmark_supervisor.py", line 1273, in reject_ready
    self.assertTrue(session.close(session.cleanup_deadline))
    ~~~~~~~~~~~~~~~^^^^^^^^^^^^^^^^^^^^^^^^^^^^^^^^^^^^^^^^^
AssertionError: False is not true
timing_or_cleanup_check_0: AssertionError: False is not true : {'scenario': 'L09', 'mode': 'partial_header', 'constructor_entry': 93804.3188848, 'action_cutoff': 93806.3188848, 'safety_cutoff': 93807.3188848, 'constructor_end': 93804.318972443, 't0': 93804.318902181, 'ready_deadline': 93804.398902181, 'setup_deadline': 93804.49890218099, 'setup_cleanup_deadline': 93804.618902181, 'action_end': 93804.335430401, 'end': 93804.335435586, 'execution_seconds': 0.016545600999961607, 'cleanup_seconds': 5.185007466934621e-06, 'cleanup_confirmed': False, 'records': {'work': {'role': 'work', 'state': 'spawning', 'pid': None}, 'sample': {'role': 'sample', 'state': 'pending', 'pid': None}}, 'errors': [{'error_class': 'ValueError', 'message': 'owned root schema', 'phase': 'startup'}], 'signals': [], 'ticks': [93804.318902181, 93804.318980448, 93804.330293847, 93804.335373754], 'events': [{'event': 'fixture_spawn_entry', 'role': 'work', 'observed': 93804.319261728, 'ready_deadline': 93804.398902181}], 'trace_facts': {'capacity': 256, 'total': 1, 'dropped': 0, 'saturated': False, 'first': 93804.319262996, 'last': 93804.319262996}, 'tick_facts': {'capacity': 128, 'total': 4, 'dropped': 0, 'saturated': False, 'first': 93804.318905956, 'last': 93804.335374101}, 'owner_error_facts': {'capacity': 32, 'total': 1, 'dropped': 0, 'saturated': False, 'first': 93804.331297767, 'last': 93804.331297767}, 'owner_signal_facts': {'capacity': 128, 'total': 0, 'dropped': 0, 'saturated': False, 'first': None, 'last': None}, 'request_counts': {'work': {'dispatch': 0, 'response': 0}, 'sample': {'dispatch': 0, 'response': 0}}, 'census_request_count': 0, 'max_gap': 0.01131339899438899, 'max_turn': 1.9051003619097173e-05, 'call_observations': [{'operation': 'tick', 'entered': 93804.318980045, 'deadline': 93804.398902181, 'returned': 93804.318994042, 'confirmed': None, 'error': None, 'ready_before': [], 'ready_after': []}, {'operation': 'tick', 'entered': 93804.330292151, 'deadline': 93804.398902181, 'returned': 93804.330313811, 'confirmed': None, 'error': None, 'ready_before': [], 'ready_after'

======================================================================
FAIL: test_l10_stalled_body (test_vipe_benchmark_supervisor.HelperSessionTests.test_l10_stalled_body)
----------------------------------------------------------------------
Traceback (most recent call last):
  File "/home/auss/git_repos/samaust/Experiments_4DGS/tests/test_vipe_benchmark_supervisor.py", line 1355, in test_l10_stalled_body
    def test_l10_stalled_body(self): self.reject_ready('L10','stalled_body')
                                     ~~~~~~~~~~~~~~~~~^^^^^^^^^^^^^^^^^^^^^^
  File "/home/auss/git_repos/samaust/Experiments_4DGS/tests/test_vipe_benchmark_supervisor.py", line 1273, in reject_ready
    self.assertTrue(session.close(session.cleanup_deadline))
    ~~~~~~~~~~~~~~~^^^^^^^^^^^^^^^^^^^^^^^^^^^^^^^^^^^^^^^^^
AssertionError: False is not true
timing_or_cleanup_check_0: AssertionError: False is not true : {'scenario': 'L10', 'mode': 'stalled_body', 'constructor_entry': 93804.335951932, 'action_cutoff': 93806.335951932, 'safety_cutoff': 93807.335951932, 'constructor_end': 93804.336037224, 't0': 93804.3359689, 'ready_deadline': 93804.41596890001, 'setup_deadline': 93804.5159689, 'setup_cleanup_deadline': 93804.63596890001, 'action_end': 93804.348527517, 'end': 93804.348533011, 'execution_seconds': 0.012575585002196021, 'cleanup_seconds': 5.494002834893763e-06, 'cleanup_confirmed': False, 'records': {'work': {'role': 'work', 'state': 'spawning', 'pid': None}, 'sample': {'role': 'sample', 'state': 'pending', 'pid': None}}, 'errors': [{'error_class': 'ValueError', 'message': 'owned root schema', 'phase': 'startup'}], 'signals': [], 'ticks': [93804.3359689, 93804.33604442, 93804.343434636, 93804.348500168], 'events': [{'event': 'fixture_spawn_entry', 'role': 'work', 'observed': 93804.336302127, 'ready_deadline': 93804.41596890001}], 'trace_facts': {'capacity': 256, 'total': 1, 'dropped': 0, 'saturated': False, 'first': 93804.336303321, 'last': 93804.336303321}, 'tick_facts': {'capacity': 128, 'total': 4, 'dropped': 0, 'saturated': False, 'first': 93804.335972717, 'last': 93804.348500357}, 'owner_error_facts': {'capacity': 32, 'total': 1, 'dropped': 0, 'saturated': False, 'first': 93804.34442895, 'last': 93804.34442895}, 'owner_signal_facts': {'capacity': 128, 'total': 0, 'dropped': 0, 'saturated': False, 'first': None, 'last': None}, 'request_counts': {'work': {'dispatch': 0, 'response': 0}, 'sample': {'dispatch': 0, 'response': 0}}, 'census_request_count': 0, 'max_gap': 0.0073902160074794665, 'max_turn': 3.5653007216751575e-05, 'call_observations': [{'operation': 'tick', 'entered': 93804.336044074, 'deadline': 93804.41596890001, 'returned': 93804.33608074, 'confirmed': None, 'error': None, 'ready_before': [], 'ready_after': []}, {'operation': 'tick', 'entered': 93804.343433975, 'deadline': 93804.41596890001, 'returned': 93804.343445097, 'confirmed': None, 'error': None, 'ready_before': [], 'ready_af

======================================================================
FAIL: test_l11_eof_midframe (test_vipe_benchmark_supervisor.HelperSessionTests.test_l11_eof_midframe)
----------------------------------------------------------------------
Traceback (most recent call last):
  File "/home/auss/git_repos/samaust/Experiments_4DGS/tests/test_vipe_benchmark_supervisor.py", line 1356, in test_l11_eof_midframe
    def test_l11_eof_midframe(self): self.reject_ready('L11','eof_frame')
                                     ~~~~~~~~~~~~~~~~~^^^^^^^^^^^^^^^^^^^
  File "/home/auss/git_repos/samaust/Experiments_4DGS/tests/test_vipe_benchmark_supervisor.py", line 1273, in reject_ready
    self.assertTrue(session.close(session.cleanup_deadline))
    ~~~~~~~~~~~~~~~^^^^^^^^^^^^^^^^^^^^^^^^^^^^^^^^^^^^^^^^^
AssertionError: False is not true
timing_or_cleanup_check_0: AssertionError: False is not true : {'scenario': 'L11', 'mode': 'eof_frame', 'constructor_entry': 93804.349100667, 'action_cutoff': 93806.349100667, 'safety_cutoff': 93807.349100667, 'constructor_end': 93804.349173638, 't0': 93804.349116809, 'ready_deadline': 93804.429116809, 'setup_deadline': 93804.52911680899, 'setup_cleanup_deadline': 93804.649116809, 'action_end': 93804.363300003, 'end': 93804.363305239, 'execution_seconds': 0.014199336001183838, 'cleanup_seconds': 5.236011929810047e-06, 'cleanup_confirmed': False, 'records': {'work': {'role': 'work', 'state': 'spawning', 'pid': None}, 'sample': {'role': 'sample', 'state': 'pending', 'pid': None}}, 'errors': [{'error_class': 'ValueError', 'message': 'owned root schema', 'phase': 'startup'}], 'signals': [], 'ticks': [93804.349116809, 93804.349180258, 93804.358174219, 93804.363259165], 'events': [{'event': 'fixture_spawn_entry', 'role': 'work', 'observed': 93804.349442866, 'ready_deadline': 93804.429116809}], 'trace_facts': {'capacity': 256, 'total': 1, 'dropped': 0, 'saturated': False, 'first': 93804.34944409, 'last': 93804.34944409}, 'tick_facts': {'capacity': 128, 'total': 4, 'dropped': 0, 'saturated': False, 'first': 93804.349120546, 'last': 93804.363259416}, 'owner_error_facts': {'capacity': 32, 'total': 1, 'dropped': 0, 'saturated': False, 'first': 93804.359100736, 'last': 93804.359100736}, 'owner_signal_facts': {'capacity': 128, 'total': 0, 'dropped': 0, 'saturated': False, 'first': None, 'last': None}, 'request_counts': {'work': {'dispatch': 0, 'response': 0}, 'sample': {'dispatch': 0, 'response': 0}}, 'census_request_count': 0, 'max_gap': 0.008993961004307494, 'max_turn': 3.696000203490257e-05, 'call_observations': [{'operation': 'tick', 'entered': 93804.349179927, 'deadline': 93804.429116809, 'returned': 93804.349217853, 'confirmed': None, 'error': None, 'ready_before': [], 'ready_after': []}, {'operation': 'tick', 'entered': 93804.35817181, 'deadline': 93804.429116809, 'returned': 93804.358199934, 'confirmed': None, 'error': None, 'ready_before': [], 'ready_after': 

======================================================================
FAIL: test_l13_oversized_frame (test_vipe_benchmark_supervisor.HelperSessionTests.test_l13_oversized_frame)
----------------------------------------------------------------------
Traceback (most recent call last):
  File "/home/auss/git_repos/samaust/Experiments_4DGS/tests/test_vipe_benchmark_supervisor.py", line 1372, in test_l13_oversized_frame
    def test_l13_oversized_frame(self): self.reject_ready('L13','oversized')
                                        ~~~~~~~~~~~~~~~~~^^^^^^^^^^^^^^^^^^^
  File "/home/auss/git_repos/samaust/Experiments_4DGS/tests/test_vipe_benchmark_supervisor.py", line 1273, in reject_ready
    self.assertTrue(session.close(session.cleanup_deadline))
    ~~~~~~~~~~~~~~~^^^^^^^^^^^^^^^^^^^^^^^^^^^^^^^^^^^^^^^^^
AssertionError: False is not true
timing_or_cleanup_check_0: AssertionError: False is not true : {'scenario': 'L13', 'mode': 'oversized', 'constructor_entry': 93804.381285049, 'action_cutoff': 93806.381285049, 'safety_cutoff': 93807.381285049, 'constructor_end': 93804.381370475, 't0': 93804.381304313, 'ready_deadline': 93804.46130431301, 'setup_deadline': 93804.561304313, 'setup_cleanup_deadline': 93804.68130431301, 'action_end': 93804.393907405, 'end': 93804.393912263, 'execution_seconds': 0.01262235599278938, 'cleanup_seconds': 4.8579968279227614e-06, 'cleanup_confirmed': False, 'records': {'work': {'role': 'work', 'state': 'spawning', 'pid': None}, 'sample': {'role': 'sample', 'state': 'pending', 'pid': None}}, 'errors': [{'error_class': 'ValueError', 'message': 'owned root schema', 'phase': 'startup'}], 'signals': [], 'ticks': [93804.381304313, 93804.381380615, 93804.388782919, 93804.393849212], 'events': [{'event': 'fixture_spawn_entry', 'role': 'work', 'observed': 93804.38163796, 'ready_deadline': 93804.46130431301}], 'trace_facts': {'capacity': 256, 'total': 1, 'dropped': 0, 'saturated': False, 'first': 93804.381639109, 'last': 93804.381639109}, 'tick_facts': {'capacity': 128, 'total': 4, 'dropped': 0, 'saturated': False, 'first': 93804.381308078, 'last': 93804.393849421}, 'owner_error_facts': {'capacity': 32, 'total': 1, 'dropped': 0, 'saturated': False, 'first': 93804.38972892, 'last': 93804.38972892}, 'owner_signal_facts': {'capacity': 128, 'total': 0, 'dropped': 0, 'saturated': False, 'first': None, 'last': None}, 'request_counts': {'work': {'dispatch': 0, 'response': 0}, 'sample': {'dispatch': 0, 'response': 0}}, 'census_request_count': 0, 'max_gap': 0.0074023040069732815, 'max_turn': 3.291599568910897e-05, 'call_observations': [{'operation': 'tick', 'entered': 93804.38137796, 'deadline': 93804.46130431301, 'returned': 93804.381414217, 'confirmed': None, 'error': None, 'ready_before': [], 'ready_after': []}, {'operation': 'tick', 'entered': 93804.388782267, 'deadline': 93804.46130431301, 'returned': 93804.38879256, 'confirmed': None, 'error': None, 'ready_before': [], 'ready_a

======================================================================
FAIL: test_l14_wrong_correlation (test_vipe_benchmark_supervisor.HelperSessionTests.test_l14_wrong_correlation)
----------------------------------------------------------------------
Traceback (most recent call last):
  File "/home/auss/git_repos/samaust/Experiments_4DGS/tests/test_vipe_benchmark_supervisor.py", line 1373, in test_l14_wrong_correlation
    def test_l14_wrong_correlation(self): self.reject_ready('L14','wrong_role')
                                          ~~~~~~~~~~~~~~~~~^^^^^^^^^^^^^^^^^^^^
  File "/home/auss/git_repos/samaust/Experiments_4DGS/tests/test_vipe_benchmark_supervisor.py", line 1273, in reject_ready
    self.assertTrue(session.close(session.cleanup_deadline))
    ~~~~~~~~~~~~~~~^^^^^^^^^^^^^^^^^^^^^^^^^^^^^^^^^^^^^^^^^
AssertionError: False is not true
timing_or_cleanup_check_0: AssertionError: False is not true : {'scenario': 'L14', 'mode': 'wrong_role', 'constructor_entry': 93804.394424869, 'action_cutoff': 93806.394424869, 'safety_cutoff': 93807.394424869, 'constructor_end': 93804.394509399, 't0': 93804.394443199, 'ready_deadline': 93804.474443199, 'setup_deadline': 93804.57444319899, 'setup_cleanup_deadline': 93804.694443199, 'action_end': 93804.408636267, 'end': 93804.40864137, 'execution_seconds': 0.014211398010957055, 'cleanup_seconds': 5.102992872707546e-06, 'cleanup_confirmed': False, 'records': {'work': {'role': 'work', 'state': 'spawning', 'pid': None}, 'sample': {'role': 'sample', 'state': 'pending', 'pid': None}}, 'errors': [{'error_class': 'ValueError', 'message': 'owned root schema', 'phase': 'startup'}], 'signals': [], 'ticks': [93804.394443199, 93804.394517391, 93804.403525015, 93804.408600534], 'events': [{'event': 'fixture_spawn_entry', 'role': 'work', 'observed': 93804.394787491, 'ready_deadline': 93804.474443199}], 'trace_facts': {'capacity': 256, 'total': 1, 'dropped': 0, 'saturated': False, 'first': 93804.394788605, 'last': 93804.394788605}, 'tick_facts': {'capacity': 128, 'total': 4, 'dropped': 0, 'saturated': False, 'first': 93804.394446783, 'last': 93804.40860076}, 'owner_error_facts': {'capacity': 32, 'total': 1, 'dropped': 0, 'saturated': False, 'first': 93804.404544176, 'last': 93804.404544176}, 'owner_signal_facts': {'capacity': 128, 'total': 0, 'dropped': 0, 'saturated': False, 'first': None, 'last': None}, 'request_counts': {'work': {'dispatch': 0, 'response': 0}, 'sample': {'dispatch': 0, 'response': 0}}, 'census_request_count': 0, 'max_gap': 0.00900762400124222, 'max_turn': 1.814699498936534e-05, 'call_observations': [{'operation': 'tick', 'entered': 93804.394517029, 'deadline': 93804.474443199, 'returned': 93804.394530693, 'confirmed': None, 'error': None, 'ready_before': [], 'ready_after': []}, {'operation': 'tick', 'entered': 93804.403524096, 'deadline': 93804.474443199, 'returned': 93804.403543812, 'confirmed': None, 'error': None, 'ready_before': [], 'ready_after':

======================================================================
FAIL: test_l36_ambiguous_native_start_retained (test_vipe_benchmark_supervisor.HelperSessionTests.test_l36_ambiguous_native_start_retained)
----------------------------------------------------------------------
Traceback (most recent call last):
  File "/home/auss/git_repos/samaust/Experiments_4DGS/tests/test_vipe_benchmark_supervisor.py", line 1712, in test_l36_ambiguous_native_start_retained
    self.assertTrue(acquired)
    ~~~~~~~~~~~~~~~^^^^^^^^^^
AssertionError: [] is not true
L36 secondary: {'operation': 'original_cleanup_assertions', 'error_class': 'AssertionError', 'message': 'False is not true'}

======================================================================
FAIL: test_progress_plan046_launch_deadline (test_vipe_benchmark_supervisor.HelperSessionTests.test_progress_plan046_launch_deadline) (kind='before', offset=-0.001)
----------------------------------------------------------------------
Traceback (most recent call last):
  File "/home/auss/git_repos/samaust/Experiments_4DGS/tests/test_vipe_benchmark_supervisor.py", line 2233, in test_progress_plan046_launch_deadline
    self.assertEqual(len(started),1 if case['kind']=='before' else 0)
    ~~~~~~~~~~~~~~~~^^^^^^^^^^^^^^^^^^^^^^^^^^^^^^^^^^^^^^^^^^^^^^^^^
AssertionError: 0 != 1

======================================================================
FAIL: test_progress_plan047_deadline_steps (test_vipe_benchmark_supervisor.HelperSessionTests.test_progress_plan047_deadline_steps) (operation='worker_popen', when='before')
----------------------------------------------------------------------
Traceback (most recent call last):
  File "/home/auss/git_repos/samaust/Experiments_4DGS/tests/test_vipe_benchmark_supervisor.py", line 3789, in test_progress_plan047_deadline_steps
    self.assertEqual(len(started),0 if expected_late else 1);observed=outcome['error']
    ~~~~~~~~~~~~~~~~^^^^^^^^^^^^^^^^^^^^^^^^^^^^^^^^^^^^^^^^
AssertionError: 0 != 1

======================================================================
FAIL: test_progress_plan047_deadline_steps (test_vipe_benchmark_supervisor.HelperSessionTests.test_progress_plan047_deadline_steps) (operation='worker_popen', when='equal')
----------------------------------------------------------------------
Traceback (most recent call last):
  File "/home/auss/git_repos/samaust/Experiments_4DGS/tests/test_vipe_benchmark_supervisor.py", line 3842, in test_progress_plan047_deadline_steps
    self.assertIn(name,before_controls)
    ~~~~~~~~~~~~~^^^^^^^^^^^^^^^^^^^^^^
AssertionError: 'worker_popen' not found in {'checkpoint_write': {'spec': {'target': {'operation': 'write', 'stage': 'write', 'phase': 'checkpoint'}, 'successor': {'operation': 'flush', 'stage': 'flush', 'phase': 'checkpoint'}}, 'target': [{'role': 'target', 'operation': 'write', 'stage': 'write', 'entered': 97381.630305302, 'completed': True, 'exited': 97381.630305302}], 'successor': [{'role': 'successor', 'operation': 'flush', 'stage': 'flush', 'entered': 97381.630305302, 'completed': True, 'exited': 97381.630305302}], 'predecessor': {'operation': 'checkpoint/fdopen', 'entered_before': 93811.711047708, 'returned_at': 97381.630305302}}, 'checkpoint_flush': {'spec': {'target': {'operation': 'flush', 'stage': 'flush', 'phase': 'checkpoint'}, 'successor': {'operation': 'fsync', 'stage': 'file_fsync', 'phase': 'checkpoint'}}, 'target': [{'role': 'target', 'operation': 'flush', 'stage': 'flush', 'entered': 97381.90584177499, 'completed': True, 'exited': 97381.90584177499}], 'successor': [{'role': 'successor', 'operation': 'fsync', 'stage': 'file_fsync', 'entered': 97381.90584177499, 'completed': True, 'exited': 97381.90584177499}], 'predecessor': {'operation': 'write/write', 'entered_before': 93811.99192606, 'returned_at': 97381.90584177499}}, 'checkpoint_fsync': {'spec': {'target': {'operation': 'fsync', 'stage': 'file_fsync', 'phase': 'checkpoint'}, 'successor': {'operation': 'close', 'stage': 'close', 'phase': 'checkpoint'}}, 'target': [{'role': 'target', 'operation': 'fsync', 'stage': 'file_fsync', 'entered': 97382.17559153099, 'completed': True, 'exited': 97382.17559153099}], 'successor': [{'role': 'successor', 'operation': 'close', 'stage': 'close', 'entered': 97382.17559153099, 'completed': True, 'exited': 97382.17559153099}], 'predecessor': {'operation': 'flush/flush', 'entered_before': 93812.260567395, 'returned_at': 97382.17559153099}}, 'checkpoint_close': {'spec': {'target': {'operation': 'close', 'stage': 'close', 'phase': 'checkpoint'}, 'successor': {'operation': 'read_bytes', 'stage': 'close_readback', 'phase': 'checkpoint'}}, 'target': [{'role': 'target', 'operation': 'close', 'stage': 'close', 'entered': 97382.44425104199, 'completed': True, 'exited': 97382.44425104199}], 'successor': [{'role': 'successor', 'operation': 'read_bytes', 'stage': 'close_readback', 'entered': 97382.44425104199, 'completed': True, 'exited': 97382.44425104199}], 'predecessor': {'operation': 'file_fsync/fsync', 'entered_before': 93812.531451806, 'returned_at': 97382.44425104199}}, 'checkpoint_readback': {'spec': {'target': {'operation': 'read_bytes', 'stage': 'close_readback', 'phase': 'checkpoint'}, 'successor': {'operation': 'record', 'stage': 'close_readback', 'phase': 'checkpoint'}}, 'target': [{'role': 'target', 'operation': 'read_bytes', 'stage': 'close_readback', 'entered': 97382.71766680399, 'completed': True, 'exited': 97382.71766680399}], 'successor': [{'role': 'successor', 'operation': 'record', 'stage': 'close_readback', 'entered': 97382.71766680399, 'completed': True, 'exited': 97382.71766680399}], 'predecessor': {'operation': 'close/close', 'entered_before': 93812.807349635, 'returned_at': 97382.71766680399}}, 'head_write': {'spec': {'target': {'operation': 'write', 'stage': 'write', 'phase': 'head'}, 'successor': {'operation': 'flush', 'stage': 'flush', 'phase': 'head'}}, 'target': [{'role': 'target', 'operation': 'write', 'stage': 'write', 'entered': 97382.990683931, 'completed': True, 'exited': 97382.990683931}], 'successor': [{'role': 'successor', 'operation': 'flush', 'stage': 'flush', 'entered': 97382.990683931, 'completed': True, 'exited': 97382.990683931}], 'predecessor': {'operation': 'head/fdopen', 'entered_before': 93813.077992586, 'returned_at': 97382.990683931}}, 'head_flush': {'spec': {'target': {'operation': 'flush', 'stage': 'flush', 'phase': 'head'}, 'successor': {'operation': 'fsync', 'stage': 'file_fsync', 'phase': 'head'}}, 'target': [{'role': 'target', 'operation': 'flush', 'stage': 'flush', 'entered': 97383.26549377499, 'completed': True, 'exited': 97383.26549377499}], 'successor': [{'role': 'successor', 'operation': 'fsync', 'stage': 'file_fsync', 'entered': 97383.26549377499, 'completed': True, 'exited': 97383.26549377499}], 'predecessor': {'operation': 'write/write', 'entered_before': 93813.350354594, 'returned_at': 97383.26549377499}}, 'head_fsync': {'spec': {'target': {'operation': 'fsync', 'stage': 'file_fsync', 'phase': 'head'}, 'successor': {'operation': 'close', 'stage': 'close', 'phase': 'head'}}, 'target': [{'role': 'target', 'operation': 'fsync', 'stage': 'file_fsync', 'entered': 97383.54011633899, 'completed': True, 'exited': 97383.54011633899}], 'successor': [{'role': 'successor', 'operation': 'close', 'stage': 'close', 'entered': 97383.54011633899, 'completed': True, 'exited': 97383.54011633899}], 'predecessor': {'operation': 'flush/flush', 'entered_before': 93813.624838057, 'returned_at': 97383.54011633899}}, 'head_close': {'spec': {'target': {'operation': 'close', 'stage': 'close', 'phase': 'head'}, 'successor': {'operation': 'read_bytes', 'stage': 'close_readback', 'phase': 'head'}}, 'target': [{'role': 'target', 'operation': 'close', 'stage': 'close', 'entered': 97383.81340119199, 'completed': True, 'exited': 97383.81340119199}], 'successor': [{'role': 'successor', 'operation': 'read_bytes', 'stage': 'close_readback', 'entered': 97383.81340119199, 'completed': True, 'exited': 97383.81340119199}], 'predecessor': {'operation': 'file_fsync/fsync', 'entered_before': 93813.902140095, 'returned_at': 97383.81340119199}}, 'head_readback': {'spec': {'target': {'operation': 'read_bytes', 'stage': 'close_readback', 'phase': 'head'}, 'successor': {'operation': 'record', 'stage': 'close_readback', 'phase': 'head'}}, 'target': [{'role': 'target', 'operation': 'read_bytes', 'stage': 'close_readback', 'entered': 97384.103183246, 'completed': True, 'exited': 97384.103183246}], 'successor': [{'role': 'successor', 'operation': 'record', 'stage': 'close_readback', 'entered': 97384.103183246, 'completed': True, 'exited': 97384.103183246}], 'predecessor': {'operation': 'close/close', 'entered_before': 93814.190143812, 'returned_at': 97384.103183246}}, 'generation_install': {'spec': {'target': {'module': 'os', 'operation': 'link'}, 'successor': {'module': 'os', 'operation': 'unlink'}}, 'target': [{'role': 'target', 'operation': 'link', 'entered': 97384.400383517, 'stage': 'generation_install', 'completed': True, 'exited': 97384.400383517}], 'successor': [{'role': 'successor', 'operation': 'unlink', 'entered': 97384.400383517, 'stage': 'generation_install', 'completed': True, 'exited': 97384.400383517}], 'predecessor': {'operation': '/tmp/tmp74roer4v/30/jobs/S1-progress-c0812e1b13014b89b4b7de0e4e07851f/worker/checkpoint.tmp/durable_write_return', 'entered_before': 93814.48601176, 'returned_at': 97384.400383517}}, 'generation_dir_fsync': {'spec': {'target': {'module': 'vipe_benchmark.s1_progress', 'operation': 'fsync_dir'}, 'successor': {'module': 'vipe_benchmark.s1_progress', 'operation': 'record'}}, 'target': [{'role': 'target', 'operation': 'fsync_dir', 'entered': 97384.66899717899, 'stage': 'generation_directory_fsync', 'completed': True, 'exited': 97384.66899717899}], 'successor': [{'role': 'successor', 'operation': 'record', 'entered': 97384.66899717899, 'stage': 'generation_directory_fsync', 'completed': True, 'exited': 97384.66899717899}], 'predecessor': {'operation': 'generation_install/unlink', 'entered_before': 93814.75426522, 'returned_at': 97384.66899717899}}, 'generation_reopen_hash': {'spec': {'target': {'module': 'vipe_benchmark.s1_progress', 'operation': 'read_record'}, 'successor': {'module': 'vipe_benchmark.s1_progress', 'operation': 'encode'}}, 'target': [{'role': 'target', 'operation': 'read_record', 'entered': 97384.939981427, 'stage': 'generation_reopen_hash', 'completed': True, 'exited': 97384.939981427}], 'successor': [{'role': 'successor', 'operation': 'encode', 'entered': 97384.939981427, 'stage': 'generation_reopen_hash', 'completed': True, 'exited': 97384.939981427}], 'predecessor': {'operation': 'generation_directory_fsync/record', 'entered_before': 93815.026704263, 'returned_at': 97384.939981427}}, 'head_install': {'spec': {'target': {'module': 'os', 'operation': 'replace'}, 'successor': {'module': 'vipe_benchmark.s1_progress', 'operation': 'fsync_dir'}}, 'target': [{'role': 'target', 'operation': 'replace', 'entered': 97385.215517023, 'stage': 'head_install', 'completed': True, 'exited': 97385.215517023}], 'successor': [{'role': 'successor', 'operation': 'fsync_dir', 'entered': 97385.215517023, 'stage': 'head_directory_fsync', 'completed': True, 'exited': 97385.215517023}], 'predecessor': {'operation': '/tmp/tmp74roer4v/39/jobs/S1-progress-a20545ba2a1e4d90b4b5823f3cd6eb7a/worker/head.tmp/durable_write_return', 'entered_before': 93815.300752394, 'returned_at': 97385.215517023}}, 'head_dir_fsync': {'spec': {'target': {'module': 'vipe_benchmark.s1_progress', 'operation': 'fsync_dir'}, 'successor': {'module': 'vipe_benchmark.s1_progress', 'operation': 'record'}}, 'target': [{'role': 'target', 'operation': 'fsync_dir', 'entered': 97385.494143598, 'stage': 'head_directory_fsync', 'completed': True, 'exited': 97385.494143598}], 'successor': [{'role': 'successor', 'operation': 'record', 'entered': 97385.494143598, 'stage': 'head_directory_fsync', 'completed': True, 'exited': 97385.494143598}], 'predecessor': {'operation': 'head_install/replace', 'entered_before': 93815.580231712, 'returned_at': 97385.494143598}}, 'final_head_read': {'spec': {'target': {'module': 'vipe_benchmark.s1_progress', 'operation': 'read_record'}, 'successor': {'module': 'vipe_benchmark.s1_progress', 'operation': 'read_record'}}, 'target': [{'role': 'target', 'operation': 'read_record', 'entered': 97385.77332414899, 'stage': 'final_head_read', 'completed': True, 'exited': 97385.77332414899}], 'successor': [{'role': 'successor', 'operation': 'read_record', 'entered': 97385.77332414899, 'stage': 'final_generation_read', 'completed': True, 'exited': 97385.77332414899}], 'predecessor': {'operation': 'head_directory_fsync/record', 'entered_before': 93815.860917293, 'returned_at': 97385.77332414899}}, 'final_generation_read': {'spec': {'target': {'module': 'vipe_benchmark.s1_progress', 'operation': 'read_record'}, 'successor': {'module': 'vipe_benchmark.s1_progress', 'operation': 'encode'}}, 'target': [{'role': 'target', 'operation': 'read_record', 'entered': 97386.05465381399, 'stage': 'final_generation_read', 'completed': True, 'exited': 97386.05465381399}], 'successor': [{'role': 'successor', 'operation': 'encode', 'entered': 97386.05465381399, 'stage': 'final_generation_read', 'completed': True, 'exited': 97386.05465381399}], 'predecessor': {'operation': 'final_head_read/read_record', 'entered_before': 93816.139793198, 'returned_at': 97386.05465381399}}, 'notice_send': {'spec': {'target': {'operation': 'publisher.sendto'}, 'successor': {'module': 'vipe_benchmark.s1_progress', 'operation': 'receive'}}, 'target': [{'role': 'target', 'operation': 'sendto', 'entered': 97386.33225326, 'stage': 'notice_send', 'completed': True, 'exited': 97386.33225326}], 'successor': [{'role': 'successor', 'operation': 'receive', 'entered': 97386.33225326, 'stage': 'notice_receive', 'completed': True, 'exited': 97386.33225326}, {'role': 'successor', 'operation': 'receive', 'entered': 97386.33225326, 'stage': 'ack_receipt', 'completed': True, 'exited': 97386.33225326}], 'predecessor': {'operation': 's1-progress-notice/v1/encode', 'entered_before': 97386.08325326, 'returned_at': 97386.33225326}}, 'owner_retention': {'spec': {'target': {'module': 'RetainedProgress', 'operation': 'acknowledge'}, 'successor': {'module': 'RetainedProgress', 'operation': 'retain'}}, 'target': [{'role': 'target', 'operation': 'acknowledge', 'entered': 97386.61364207699, 'stage': 'retention:after', 'completed': True, 'exited': 97386.61364207699}], 'successor': [{'role': 'successor', 'operation': 'retain', 'entered': 97386.61364207699, 'stage': 'retention:after', 'completed': True, 'exited': 97386.61364207699}], 'predecessor': {'operation': 's1-progress-ack/v1/encode', 'entered_before': 97386.364642077, 'returned_at': 97386.61364207699}}, 'ack_send': {'spec': {'target': {'operation': 'owner.sendto'}, 'successor': {'module': 'vipe_benchmark.s1_progress', 'operation': 'receive'}}, 'target': [{'role': 'target', 'operation': 'sendto', 'entered': 97386.91378191099, 'stage': 'ack_send', 'completed': True, 'exited': 97386.91378191099}], 'successor': [{'role': 'successor', 'operation': 'receive', 'entered': 97386.91378191099, 'stage': 'ack_receipt', 'completed': True, 'exited': 97386.91378191099}], 'predecessor': {'operation': 'RetainedProgress.retain', 'entered_before': 97386.664781911, 'returned_at': 97386.91378191099}}, 'ack_receipt': {'spec': {'target': {'operation': 'ack_correlation', 'stage': 'ack_receipt:after'}, 'successor': {'operation': 'Publisher._publish diagnostics encode', 'stage': 'ack_receipt:after', 'after_target': True}, 'unrelated': {'operation': 'encode', 'classification': 'separately_recorded_not_successor'}}, 'target': [{'role': 'target', 'operation': 'ack_correlation', 'entered': 97387.202131619, 'stage': 'ack_receipt:after', 'completed': True, 'exited': 97387.202131619}], 'successor': [{'role': 'successor', 'operation': 'encode', 'stage': 'ack_receipt:after', 'publisher_diagnostics': True, 'after_target': True, 'entered': 97387.202131619, 'completed': True, 'exited': 97387.202131619}], 'predecessor': {'operation': 'matching_ack_receive', 'entered_before': 97386.953131619, 'returned_at': 97387.202131619}}, 'array_npy': {'spec': {'target': {'module': 'numpy', 'operation': 'save'}, 'successor': {'module': 'DeadlineSink', 'operation': 'write'}}, 'target': [{'role': 'target', 'operation': 'save', 'entered': 97387.487255374, 'stage': '', 'completed': True, 'exited': 97387.487255374}], 'successor': [{'role': 'successor', 'operation': 'write', 'entered': 97387.487255374, 'stage': '', 'completed': True, 'exited': 97387.487255374}, {'role': 'successor', 'operation': 'write', 'entered': 97387.487255374, 'stage': '', 'completed': True, 'exited': 97387.487255374}], 'predecessor': {'operation': 'array_unbuffered_open_return', 'entered_before': 93817.572472527, 'returned_at': 97387.487255374}}, 'array_png': {'spec': {'target': {'module': 'cv2', 'operation': 'imencode'}, 'successor': {'module': 'vipe_benchmark.s1_progress', 'operation': 'write_exclusive'}}, 'target': [{'role': 'target', 'operation': 'imencode', 'entered': 97387.745507656, 'stage': '', 'completed': True, 'exited': 97387.745507656}], 'successor': [{'role': 'successor', 'operation': 'write_exclusive', 'entered': 97387.745507656, 'stage': '', 'completed': True, 'exited': 97387.745507656}], 'predecessor': {'operation': 'png_destination_stat_return', 'entered_before': 93817.832597278, 'returned_at': 97387.745507656}}, 'npz_member': {'spec': {'target': {'module': 'ZipFile', 'operation': 'open'}, 'successor': {'module': 'numpy.lib.format', 'operation': 'write_array'}}, 'target': [{'role': 'target', 'operation': 'open', 'entered': 97388.006544262, 'stage': '', 'completed': True, 'exited': 97388.006544262}], 'successor': [{'role': 'successor', 'operation': 'write_array', 'entered': 97388.006544262, 'stage': '', 'completed': True, 'exited': 97388.006544262}], 'predecessor': {'operation': 'second_npz_array_conversion_return_before_member_open', 'entered_before': 93818.092019668, 'returned_at': 97388.006544262}}, 'npz_finalize': {'spec': {'target': {'module': 'ZipFile', 'operation': 'close'}, 'successor': {'module': 'DeadlineSink', 'operation': 'write'}}, 'target': [{'role': 'target', 'operation': 'close', 'entered': 97388.268971208, 'stage': '', 'completed': True, 'exited': 97388.268971208}], 'successor': [{'role': 'successor', 'operation': 'write', 'entered': 97388.268971208, 'stage': '', 'completed': True, 'exited': 97388.268971208}, {'role': 'successor', 'operation': 'write', 'entered': 97388.268971208, 'stage': '', 'completed': True, 'exited': 97388.268971208}, {'role': 'successor', 'operation': 'write', 'entered': 97388.268971208, 'stage': '', 'completed': True, 'exited': 97388.268971208}, {'role': 'successor', 'operation': 'write', 'entered': 97388.268971208, 'stage': '', 'completed': True, 'exited': 97388.268971208}, {'role': 'successor', 'operation': 'write', 'entered': 97388.268971208, 'stage': '', 'completed': True, 'exited': 97388.268971208}, {'role': 'successor', 'operation': 'write', 'entered': 97388.268971208, 'stage': '', 'completed': True, 'exited': 97388.268971208}, {'role': 'successor', 'operation': 'write', 'entered': 97388.268971208, 'stage': '', 'completed': True, 'exited': 97388.268971208}, {'role': 'successor', 'operation': 'write', 'entered': 97388.268971208, 'stage': '', 'completed': True, 'exited': 97388.268971208}, {'role': 'successor', 'operation': 'write', 'entered': 97388.268971208, 'stage': '', 'completed': True, 'exited': 97388.268971208}, {'role': 'successor', 'operation': 'write', 'entered': 97388.268971208, 'stage': '', 'completed': True, 'exited': 97388.268971208}], 'predecessor': {'operation': 'npz_member_2_close_return', 'entered_before': 93818.352570583, 'returned_at': 97388.268971208}}, 'array_hash': {'spec': {'target': {'module': 'vipe_benchmark.s1_progress', 'operation': 'checked_file_record'}, 'successor': {'module': 'vipe_benchmark.s1_progress', 'operation': 'read_bytes'}}, 'target': [{'role': 'target', 'operation': 'checked_file_record', 'entered': 97388.530946159, 'stage': '', 'completed': True, 'exited': 97388.530946159}], 'successor': [{'role': 'successor', 'operation': 'read_bytes', 'entered': 97388.530946159, 'stage': '', 'completed': True, 'exited': 97388.530946159}], 'predecessor': {'operation': 'array_normal_close_return_before_hash', 'entered_before': 93818.615866004, 'returned_at': 97388.530946159}}, 'produced_json': {'spec': {'target': {'module': 'vipe_benchmark.s1_progress', 'operation': 'encode'}, 'successor': {'module': 'vipe_benchmark.s1_progress', 'operation': 'write_exclusive'}}, 'target': [{'role': 'target', 'operation': 'encode', 'entered': 97388.78907557999, 'stage': '', 'completed': True, 'exited': 97388.78907557999}, {'role': 'target', 'operation': 'encode', 'entered': 97388.78907557999, 'stage': '', 'completed': True, 'exited': 97388.78907557999}, {'role': 'target', 'operation': 'encode', 'entered': 97388.78907557999, 'stage': '', 'completed': True, 'exited': 97388.78907557999}, {'role': 'target', 'operation': 'encode', 'entered': 97388.78907557999, 'stage': '', 'completed': True, 'exited': 97388.78907557999}], 'successor': [{'role': 'successor', 'operation': 'write_exclusive', 'entered': 97388.78907557999, 'stage': '', 'completed': True, 'exited': 97388.78907557999}], 'predecessor': {'operation': 'input_manifest_read_and_parse_return', 'entered_before': 93818.875349157, 'returned_at': 97388.78907557999}}, 'produced_read': {'spec': {'target': {'module': 'vipe_benchmark.s1_progress', 'operation': 'read_record'}, 'successor': {'module': 'vipe_benchmark.s1_evidence', 'operation': 'produced_row'}}, 'target': [{'role': 'target', 'operation': 'read_record', 'entered': 97389.15569776199, 'stage': '', 'completed': True, 'exited': 97389.15569776199}], 'successor': [{'role': 'successor', 'operation': 'produced_row', 'entered': 97389.15569776199, 'stage': '', 'completed': True, 'exited': 97389.15569776199}], 'predecessor': {'operation': 'produced_row_durable_write_return', 'entered_before': 93819.239195769, 'returned_at': 97389.15569776199}}, 'produced_guard': {'spec': {'target': {'module': 'vipe_benchmark.s1_evidence', 'operation': 'produced_row'}, 'successor': {'module': 'Publisher', 'operation': 'seal'}}, 'target': [{'role': 'target', 'operation': 'produced_row', 'entered': 97389.553210377, 'stage': '', 'completed': True, 'exited': 97389.553210377}], 'successor': [{'role': 'successor', 'operation': 'seal', 'entered': 97389.553210377, 'stage': '', 'completed': True, 'exited': 97389.553210377}, {'role': 'successor', 'operation': 'seal', 'entered': 97389.553210377, 'stage': '', 'completed': True, 'exited': 97389.553210377}], 'predecessor': {'operation': 'produced_row_read_hash_parse_return', 'entered_before': 93819.639135441, 'returned_at': 97389.553210377}}, 'qualified_guard': {'spec': {'target': {'module': 'vipe_benchmark.s1_evidence', 'operation': 'qualify_row'}, 'successor': {'module': 'vipe_benchmark.s1_progress', 'operation': 'write_exclusive'}}, 'target': [{'role': 'target', 'operation': 'qualify_row', 'entered': 97389.928198368, 'stage': '', 'completed': True, 'exited': 97389.928198368}], 'successor': [{'role': 'successor', 'operation': 'write_exclusive', 'entered': 97389.928198368, 'stage': '', 'completed': True, 'exited': 97389.928198368}], 'predecessor': {'operation': 'produced_guard_seal_ack_return', 'entered_before': 93820.013298138, 'returned_at': 97389.928198368}}, 'first_guard': {'spec': {'target': {'module': 'vipe_benchmark.s1_evidence', 'operation': 'verify_first'}, 'successor': {'module': 'vipe_benchmark.s1_evidence', 'operation': 'qualify_runtime'}}, 'target': [{'role': 'target', 'operation': 'verify_first', 'entered': 97390.35474511399, 'stage': '', 'completed': True, 'exited': 97390.35474511399}], 'successor': [{'role': 'successor', 'operation': 'qualify_runtime', 'entered': 97390.35474511399, 'stage': '', 'completed': True, 'exited': 97390.35474511399}], 'predecessor': {'operation': 'first_metadata_read_parse_return', 'entered_before': 93820.440356194, 'returned_at': 97390.35474511399}}, 'runtime_guard': {'spec': {'target': {'module': 'vipe_benchmark.s1_evidence', 'operation': 'qualify_runtime'}, 'successor': {'module': 'vipe_benchmark.s1_recovery', 'operation': 'strict_record'}}, 'target': [{'role': 'target', 'operation': 'qualify_runtime', 'entered': 97391.331477831, 'stage': '', 'completed': True, 'exited': 97391.331477831}], 'successor': [{'role': 'successor', 'operation': 'strict_record', 'entered': 97391.331477831, 'stage': '', 'completed': True, 'exited': 97391.331477831}, {'role': 'successor', 'operation': 'strict_record', 'entered': 97391.331477831, 'stage': '', 'completed': True, 'exited': 97391.331477831}, {'role': 'successor', 'operation': 'strict_record', 'entered': 97391.331477831, 'stage': '', 'completed': True, 'exited': 97391.331477831}, {'role': 'successor', 'operation': 'strict_record', 'entered': 97391.331477831, 'stage': '', 'completed': True, 'exited': 97391.331477831}, {'role': 'successor', 'operation': 'strict_record', 'entered': 97391.331477831, 'stage': '', 'completed': True, 'exited': 97391.331477831}, {'role': 'successor', 'operation': 'strict_record', 'entered': 97391.331477831, 'stage': '', 'completed': True, 'exited': 97391.331477831}, {'role': 'successor', 'operation': 'strict_record', 'entered': 97391.331477831, 'stage': '', 'completed': True, 'exited': 97391.331477831}, {'role': 'successor', 'operation': 'strict_record', 'entered': 97391.331477831, 'stage': '', 'completed': True, 'exited': 97391.331477831}, {'role': 'successor', 'operation': 'strict_record', 'entered': 97391.331477831, 'stage': '', 'completed': True, 'exited': 97391.331477831}, {'role': 'successor', 'operation': 'strict_record', 'entered': 97391.331477831, 'stage': '', 'completed': True, 'exited': 97391.331477831}, {'role': 'successor', 'operation': 'strict_record', 'entered': 97391.331477831, 'stage': '', 'completed': True, 'exited': 97391.331477831}, {'role': 'successor', 'operation': 'strict_record', 'entered': 97391.331477831, 'stage': '', 'completed': True, 'exited': 97391.331477831}, {'role': 'successor', 'operation': 'strict_record', 'entered': 97391.331477831, 'stage': '', 'completed': True, 'exited': 97391.331477831}, {'role': 'successor', 'operation': 'strict_record', 'entered': 97391.331477831, 'stage': '', 'completed': True, 'exited': 97391.331477831}, {'role': 'successor', 'operation': 'strict_record', 'entered': 97391.331477831, 'stage': '', 'completed': True, 'exited': 97391.331477831}, {'role': 'successor', 'operation': 'strict_record', 'entered': 97391.331477831, 'stage': '', 'completed': True, 'exited': 97391.331477831}, {'role': 'successor', 'operation': 'strict_record', 'entered': 97391.331477831, 'stage': '', 'completed': True, 'exited': 97391.331477831}, {'role': 'successor', 'operation': 'strict_record', 'entered': 97391.331477831, 'stage': '', 'completed': True, 'exited': 97391.331477831}, {'role': 'successor', 'operation': 'strict_record', 'entered': 97391.331477831, 'stage': '', 'completed': True, 'exited': 97391.331477831}, {'role': 'successor', 'operation': 'strict_record', 'entered': 97391.331477831, 'stage': '', 'completed': True, 'exited': 97391.331477831}, {'role': 'successor', 'operation': 'strict_record', 'entered': 97391.331477831, 'stage': '', 'completed': True, 'exited': 97391.331477831}, {'role': 'successor', 'operation': 'strict_record', 'entered': 97391.331477831, 'stage': '', 'completed': True, 'exited': 97391.331477831}, {'role': 'successor', 'operation': 'strict_record', 'entered': 97391.331477831, 'stage': '', 'completed': True, 'exited': 97391.331477831}, {'role': 'successor', 'operation': 'strict_record', 'entered': 97391.331477831, 'stage': '', 'completed': True, 'exited': 97391.331477831}, {'role': 'successor', 'operation': 'strict_record', 'entered': 97391.331477831, 'stage': '', 'completed': True, 'exited': 97391.331477831}], 'predecessor': {'operation': 'runtime_metadata_read_parse_return', 'entered_before': 93821.416405749, 'returned_at': 97391.331477831}}, 'reuse_after_read': {'spec': {'target': {'module': 'vipe_benchmark.s1_evidence', 'operation': 'verify_first'}, 'successor': {'module': 'vipe_benchmark.s1_evidence', 'operation': 'qualify_runtime'}}, 'target': [{'role': 'target', 'operation': 'verify_first', 'entered': 97391.79279589899, 'stage': '', 'completed': True, 'exited': 97391.79279589899}, {'role': 'target', 'operation': 'verify_first', 'entered': 97391.79279589899, 'stage': '', 'completed': True, 'exited': 97391.79279589899}], 'successor': [{'role': 'successor', 'operation': 'qualify_runtime', 'entered': 97391.79279589899, 'stage': '', 'completed': True, 'exited': 97391.79279589899}, {'role': 'successor', 'operation': 'qualify_runtime', 'entered': 97391.79279589899, 'stage': '', 'completed': True, 'exited': 97391.79279589899}], 'predecessor': {'operation': 'first_metadata_read_parse_return', 'entered_before': 93821.873500939, 'returned_at': 97391.79279589899}}, 'cleanup_next_array': {'spec': {'target': {'module': 'numpy', 'operation': 'asanyarray'}, 'successor': {'module': 'ZipFile', 'operation': 'open'}}, 'target': [{'role': 'target', 'operation': 'asanyarray', 'entered': 97392.816029052, 'stage': '', 'completed': True, 'exited': 97392.816029052}], 'successor': [{'role': 'successor', 'operation': 'open', 'entered': 97392.816029052, 'stage': '', 'completed': True, 'exited': 97392.816029052}], 'predecessor': {'operation': 'npz_member_1_close_return', 'entered_before': 93822.901843514, 'returned_at': 97392.816029052}}, 'accept_after_read': {'spec': {'target': {'module': 'vipe_benchmark.s1_evidence', 'operation': 'validate_result'}, 'successor': {'module': 'vipe_benchmark.s1_evidence', 'operation': 'verify_first'}}, 'target': [{'role': 'target', 'operation': 'validate_result', 'entered': 97393.50562791599, 'stage': '', 'completed': True, 'exited': 97393.50562791599}], 'successor': [{'role': 'successor', 'operation': 'verify_first', 'entered': 97393.50562791599, 'stage': '', 'completed': True, 'exited': 97393.50562791599}], 'predecessor': {'operation': 'accepted_request_read_parse_return', 'entered_before': 93823.173890357, 'returned_at': 97393.50562791599}}, 'complete_after_read': {'spec': {'target': {'module': 'vipe_benchmark.s1_evidence', 'operation': 'evidence_counts'}, 'successor': {'module': 'vipe_benchmark.s1_evidence', 'operation': 'qualify_runtime'}}, 'target': [{'role': 'target', 'operation': 'evidence_counts', 'entered': 97393.50562791599, 'stage': '', 'completed': True, 'exited': 97393.50562791599}], 'successor': [{'role': 'successor', 'operation': 'qualify_runtime', 'entered': 97393.50562791599, 'stage': '', 'completed': True, 'exited': 97393.50562791599}, {'role': 'successor', 'operation': 'qualify_runtime', 'entered': 97393.50562791599, 'stage': '', 'completed': True, 'exited': 97393.50562791599}], 'predecessor': {'operation': 'acceptance_metadata_read_parse_return', 'entered_before': 93843.294788022, 'returned_at': 97393.50562791599}}, 'next_input': {'spec': {'target': {'operation': 'load_rgb(frame62)'}, 'successor': {'operation': 'frame62 valid/native/raw'}}, 'target': [{'operation': 'load_rgb(frame62)', 'entered': 93956.006085209, 'completed': True, 'exited': 93956.006085209}], 'successor': [{'operation': 'frame62_valid_array', 'entered': 93956.006085209, 'record': {'path': '/tmp/tmp1v1nbeqg/valid.npy', 'sha256': 'a67cf6012a57f3530aeb9524b85e40171bfb0fcdaa6dbc66e95356a30dcfc6a3', 'bytes': 518528}, 'context': 'second_input_validation'}], 'predecessor': {'operation': 'segment_frame50_print_return_before_frame62', 'entered_before': 93889.507085209, 'returned_at': 93956.006085209}}}

======================================================================
FAIL: test_progress_plan047_deadline_steps (test_vipe_benchmark_supervisor.HelperSessionTests.test_progress_plan047_deadline_steps) (operation='worker_popen', when='after')
----------------------------------------------------------------------
Traceback (most recent call last):
  File "/home/auss/git_repos/samaust/Experiments_4DGS/tests/test_vipe_benchmark_supervisor.py", line 3842, in test_progress_plan047_deadline_steps
    self.assertIn(name,before_controls)
    ~~~~~~~~~~~~~^^^^^^^^^^^^^^^^^^^^^^
AssertionError: 'worker_popen' not found in {'checkpoint_write': {'spec': {'target': {'operation': 'write', 'stage': 'write', 'phase': 'checkpoint'}, 'successor': {'operation': 'flush', 'stage': 'flush', 'phase': 'checkpoint'}}, 'target': [{'role': 'target', 'operation': 'write', 'stage': 'write', 'entered': 97381.630305302, 'completed': True, 'exited': 97381.630305302}], 'successor': [{'role': 'successor', 'operation': 'flush', 'stage': 'flush', 'entered': 97381.630305302, 'completed': True, 'exited': 97381.630305302}], 'predecessor': {'operation': 'checkpoint/fdopen', 'entered_before': 93811.711047708, 'returned_at': 97381.630305302}}, 'checkpoint_flush': {'spec': {'target': {'operation': 'flush', 'stage': 'flush', 'phase': 'checkpoint'}, 'successor': {'operation': 'fsync', 'stage': 'file_fsync', 'phase': 'checkpoint'}}, 'target': [{'role': 'target', 'operation': 'flush', 'stage': 'flush', 'entered': 97381.90584177499, 'completed': True, 'exited': 97381.90584177499}], 'successor': [{'role': 'successor', 'operation': 'fsync', 'stage': 'file_fsync', 'entered': 97381.90584177499, 'completed': True, 'exited': 97381.90584177499}], 'predecessor': {'operation': 'write/write', 'entered_before': 93811.99192606, 'returned_at': 97381.90584177499}}, 'checkpoint_fsync': {'spec': {'target': {'operation': 'fsync', 'stage': 'file_fsync', 'phase': 'checkpoint'}, 'successor': {'operation': 'close', 'stage': 'close', 'phase': 'checkpoint'}}, 'target': [{'role': 'target', 'operation': 'fsync', 'stage': 'file_fsync', 'entered': 97382.17559153099, 'completed': True, 'exited': 97382.17559153099}], 'successor': [{'role': 'successor', 'operation': 'close', 'stage': 'close', 'entered': 97382.17559153099, 'completed': True, 'exited': 97382.17559153099}], 'predecessor': {'operation': 'flush/flush', 'entered_before': 93812.260567395, 'returned_at': 97382.17559153099}}, 'checkpoint_close': {'spec': {'target': {'operation': 'close', 'stage': 'close', 'phase': 'checkpoint'}, 'successor': {'operation': 'read_bytes', 'stage': 'close_readback', 'phase': 'checkpoint'}}, 'target': [{'role': 'target', 'operation': 'close', 'stage': 'close', 'entered': 97382.44425104199, 'completed': True, 'exited': 97382.44425104199}], 'successor': [{'role': 'successor', 'operation': 'read_bytes', 'stage': 'close_readback', 'entered': 97382.44425104199, 'completed': True, 'exited': 97382.44425104199}], 'predecessor': {'operation': 'file_fsync/fsync', 'entered_before': 93812.531451806, 'returned_at': 97382.44425104199}}, 'checkpoint_readback': {'spec': {'target': {'operation': 'read_bytes', 'stage': 'close_readback', 'phase': 'checkpoint'}, 'successor': {'operation': 'record', 'stage': 'close_readback', 'phase': 'checkpoint'}}, 'target': [{'role': 'target', 'operation': 'read_bytes', 'stage': 'close_readback', 'entered': 97382.71766680399, 'completed': True, 'exited': 97382.71766680399}], 'successor': [{'role': 'successor', 'operation': 'record', 'stage': 'close_readback', 'entered': 97382.71766680399, 'completed': True, 'exited': 97382.71766680399}], 'predecessor': {'operation': 'close/close', 'entered_before': 93812.807349635, 'returned_at': 97382.71766680399}}, 'head_write': {'spec': {'target': {'operation': 'write', 'stage': 'write', 'phase': 'head'}, 'successor': {'operation': 'flush', 'stage': 'flush', 'phase': 'head'}}, 'target': [{'role': 'target', 'operation': 'write', 'stage': 'write', 'entered': 97382.990683931, 'completed': True, 'exited': 97382.990683931}], 'successor': [{'role': 'successor', 'operation': 'flush', 'stage': 'flush', 'entered': 97382.990683931, 'completed': True, 'exited': 97382.990683931}], 'predecessor': {'operation': 'head/fdopen', 'entered_before': 93813.077992586, 'returned_at': 97382.990683931}}, 'head_flush': {'spec': {'target': {'operation': 'flush', 'stage': 'flush', 'phase': 'head'}, 'successor': {'operation': 'fsync', 'stage': 'file_fsync', 'phase': 'head'}}, 'target': [{'role': 'target', 'operation': 'flush', 'stage': 'flush', 'entered': 97383.26549377499, 'completed': True, 'exited': 97383.26549377499}], 'successor': [{'role': 'successor', 'operation': 'fsync', 'stage': 'file_fsync', 'entered': 97383.26549377499, 'completed': True, 'exited': 97383.26549377499}], 'predecessor': {'operation': 'write/write', 'entered_before': 93813.350354594, 'returned_at': 97383.26549377499}}, 'head_fsync': {'spec': {'target': {'operation': 'fsync', 'stage': 'file_fsync', 'phase': 'head'}, 'successor': {'operation': 'close', 'stage': 'close', 'phase': 'head'}}, 'target': [{'role': 'target', 'operation': 'fsync', 'stage': 'file_fsync', 'entered': 97383.54011633899, 'completed': True, 'exited': 97383.54011633899}], 'successor': [{'role': 'successor', 'operation': 'close', 'stage': 'close', 'entered': 97383.54011633899, 'completed': True, 'exited': 97383.54011633899}], 'predecessor': {'operation': 'flush/flush', 'entered_before': 93813.624838057, 'returned_at': 97383.54011633899}}, 'head_close': {'spec': {'target': {'operation': 'close', 'stage': 'close', 'phase': 'head'}, 'successor': {'operation': 'read_bytes', 'stage': 'close_readback', 'phase': 'head'}}, 'target': [{'role': 'target', 'operation': 'close', 'stage': 'close', 'entered': 97383.81340119199, 'completed': True, 'exited': 97383.81340119199}], 'successor': [{'role': 'successor', 'operation': 'read_bytes', 'stage': 'close_readback', 'entered': 97383.81340119199, 'completed': True, 'exited': 97383.81340119199}], 'predecessor': {'operation': 'file_fsync/fsync', 'entered_before': 93813.902140095, 'returned_at': 97383.81340119199}}, 'head_readback': {'spec': {'target': {'operation': 'read_bytes', 'stage': 'close_readback', 'phase': 'head'}, 'successor': {'operation': 'record', 'stage': 'close_readback', 'phase': 'head'}}, 'target': [{'role': 'target', 'operation': 'read_bytes', 'stage': 'close_readback', 'entered': 97384.103183246, 'completed': True, 'exited': 97384.103183246}], 'successor': [{'role': 'successor', 'operation': 'record', 'stage': 'close_readback', 'entered': 97384.103183246, 'completed': True, 'exited': 97384.103183246}], 'predecessor': {'operation': 'close/close', 'entered_before': 93814.190143812, 'returned_at': 97384.103183246}}, 'generation_install': {'spec': {'target': {'module': 'os', 'operation': 'link'}, 'successor': {'module': 'os', 'operation': 'unlink'}}, 'target': [{'role': 'target', 'operation': 'link', 'entered': 97384.400383517, 'stage': 'generation_install', 'completed': True, 'exited': 97384.400383517}], 'successor': [{'role': 'successor', 'operation': 'unlink', 'entered': 97384.400383517, 'stage': 'generation_install', 'completed': True, 'exited': 97384.400383517}], 'predecessor': {'operation': '/tmp/tmp74roer4v/30/jobs/S1-progress-c0812e1b13014b89b4b7de0e4e07851f/worker/checkpoint.tmp/durable_write_return', 'entered_before': 93814.48601176, 'returned_at': 97384.400383517}}, 'generation_dir_fsync': {'spec': {'target': {'module': 'vipe_benchmark.s1_progress', 'operation': 'fsync_dir'}, 'successor': {'module': 'vipe_benchmark.s1_progress', 'operation': 'record'}}, 'target': [{'role': 'target', 'operation': 'fsync_dir', 'entered': 97384.66899717899, 'stage': 'generation_directory_fsync', 'completed': True, 'exited': 97384.66899717899}], 'successor': [{'role': 'successor', 'operation': 'record', 'entered': 97384.66899717899, 'stage': 'generation_directory_fsync', 'completed': True, 'exited': 97384.66899717899}], 'predecessor': {'operation': 'generation_install/unlink', 'entered_before': 93814.75426522, 'returned_at': 97384.66899717899}}, 'generation_reopen_hash': {'spec': {'target': {'module': 'vipe_benchmark.s1_progress', 'operation': 'read_record'}, 'successor': {'module': 'vipe_benchmark.s1_progress', 'operation': 'encode'}}, 'target': [{'role': 'target', 'operation': 'read_record', 'entered': 97384.939981427, 'stage': 'generation_reopen_hash', 'completed': True, 'exited': 97384.939981427}], 'successor': [{'role': 'successor', 'operation': 'encode', 'entered': 97384.939981427, 'stage': 'generation_reopen_hash', 'completed': True, 'exited': 97384.939981427}], 'predecessor': {'operation': 'generation_directory_fsync/record', 'entered_before': 93815.026704263, 'returned_at': 97384.939981427}}, 'head_install': {'spec': {'target': {'module': 'os', 'operation': 'replace'}, 'successor': {'module': 'vipe_benchmark.s1_progress', 'operation': 'fsync_dir'}}, 'target': [{'role': 'target', 'operation': 'replace', 'entered': 97385.215517023, 'stage': 'head_install', 'completed': True, 'exited': 97385.215517023}], 'successor': [{'role': 'successor', 'operation': 'fsync_dir', 'entered': 97385.215517023, 'stage': 'head_directory_fsync', 'completed': True, 'exited': 97385.215517023}], 'predecessor': {'operation': '/tmp/tmp74roer4v/39/jobs/S1-progress-a20545ba2a1e4d90b4b5823f3cd6eb7a/worker/head.tmp/durable_write_return', 'entered_before': 93815.300752394, 'returned_at': 97385.215517023}}, 'head_dir_fsync': {'spec': {'target': {'module': 'vipe_benchmark.s1_progress', 'operation': 'fsync_dir'}, 'successor': {'module': 'vipe_benchmark.s1_progress', 'operation': 'record'}}, 'target': [{'role': 'target', 'operation': 'fsync_dir', 'entered': 97385.494143598, 'stage': 'head_directory_fsync', 'completed': True, 'exited': 97385.494143598}], 'successor': [{'role': 'successor', 'operation': 'record', 'entered': 97385.494143598, 'stage': 'head_directory_fsync', 'completed': True, 'exited': 97385.494143598}], 'predecessor': {'operation': 'head_install/replace', 'entered_before': 93815.580231712, 'returned_at': 97385.494143598}}, 'final_head_read': {'spec': {'target': {'module': 'vipe_benchmark.s1_progress', 'operation': 'read_record'}, 'successor': {'module': 'vipe_benchmark.s1_progress', 'operation': 'read_record'}}, 'target': [{'role': 'target', 'operation': 'read_record', 'entered': 97385.77332414899, 'stage': 'final_head_read', 'completed': True, 'exited': 97385.77332414899}], 'successor': [{'role': 'successor', 'operation': 'read_record', 'entered': 97385.77332414899, 'stage': 'final_generation_read', 'completed': True, 'exited': 97385.77332414899}], 'predecessor': {'operation': 'head_directory_fsync/record', 'entered_before': 93815.860917293, 'returned_at': 97385.77332414899}}, 'final_generation_read': {'spec': {'target': {'module': 'vipe_benchmark.s1_progress', 'operation': 'read_record'}, 'successor': {'module': 'vipe_benchmark.s1_progress', 'operation': 'encode'}}, 'target': [{'role': 'target', 'operation': 'read_record', 'entered': 97386.05465381399, 'stage': 'final_generation_read', 'completed': True, 'exited': 97386.05465381399}], 'successor': [{'role': 'successor', 'operation': 'encode', 'entered': 97386.05465381399, 'stage': 'final_generation_read', 'completed': True, 'exited': 97386.05465381399}], 'predecessor': {'operation': 'final_head_read/read_record', 'entered_before': 93816.139793198, 'returned_at': 97386.05465381399}}, 'notice_send': {'spec': {'target': {'operation': 'publisher.sendto'}, 'successor': {'module': 'vipe_benchmark.s1_progress', 'operation': 'receive'}}, 'target': [{'role': 'target', 'operation': 'sendto', 'entered': 97386.33225326, 'stage': 'notice_send', 'completed': True, 'exited': 97386.33225326}], 'successor': [{'role': 'successor', 'operation': 'receive', 'entered': 97386.33225326, 'stage': 'notice_receive', 'completed': True, 'exited': 97386.33225326}, {'role': 'successor', 'operation': 'receive', 'entered': 97386.33225326, 'stage': 'ack_receipt', 'completed': True, 'exited': 97386.33225326}], 'predecessor': {'operation': 's1-progress-notice/v1/encode', 'entered_before': 97386.08325326, 'returned_at': 97386.33225326}}, 'owner_retention': {'spec': {'target': {'module': 'RetainedProgress', 'operation': 'acknowledge'}, 'successor': {'module': 'RetainedProgress', 'operation': 'retain'}}, 'target': [{'role': 'target', 'operation': 'acknowledge', 'entered': 97386.61364207699, 'stage': 'retention:after', 'completed': True, 'exited': 97386.61364207699}], 'successor': [{'role': 'successor', 'operation': 'retain', 'entered': 97386.61364207699, 'stage': 'retention:after', 'completed': True, 'exited': 97386.61364207699}], 'predecessor': {'operation': 's1-progress-ack/v1/encode', 'entered_before': 97386.364642077, 'returned_at': 97386.61364207699}}, 'ack_send': {'spec': {'target': {'operation': 'owner.sendto'}, 'successor': {'module': 'vipe_benchmark.s1_progress', 'operation': 'receive'}}, 'target': [{'role': 'target', 'operation': 'sendto', 'entered': 97386.91378191099, 'stage': 'ack_send', 'completed': True, 'exited': 97386.91378191099}], 'successor': [{'role': 'successor', 'operation': 'receive', 'entered': 97386.91378191099, 'stage': 'ack_receipt', 'completed': True, 'exited': 97386.91378191099}], 'predecessor': {'operation': 'RetainedProgress.retain', 'entered_before': 97386.664781911, 'returned_at': 97386.91378191099}}, 'ack_receipt': {'spec': {'target': {'operation': 'ack_correlation', 'stage': 'ack_receipt:after'}, 'successor': {'operation': 'Publisher._publish diagnostics encode', 'stage': 'ack_receipt:after', 'after_target': True}, 'unrelated': {'operation': 'encode', 'classification': 'separately_recorded_not_successor'}}, 'target': [{'role': 'target', 'operation': 'ack_correlation', 'entered': 97387.202131619, 'stage': 'ack_receipt:after', 'completed': True, 'exited': 97387.202131619}], 'successor': [{'role': 'successor', 'operation': 'encode', 'stage': 'ack_receipt:after', 'publisher_diagnostics': True, 'after_target': True, 'entered': 97387.202131619, 'completed': True, 'exited': 97387.202131619}], 'predecessor': {'operation': 'matching_ack_receive', 'entered_before': 97386.953131619, 'returned_at': 97387.202131619}}, 'array_npy': {'spec': {'target': {'module': 'numpy', 'operation': 'save'}, 'successor': {'module': 'DeadlineSink', 'operation': 'write'}}, 'target': [{'role': 'target', 'operation': 'save', 'entered': 97387.487255374, 'stage': '', 'completed': True, 'exited': 97387.487255374}], 'successor': [{'role': 'successor', 'operation': 'write', 'entered': 97387.487255374, 'stage': '', 'completed': True, 'exited': 97387.487255374}, {'role': 'successor', 'operation': 'write', 'entered': 97387.487255374, 'stage': '', 'completed': True, 'exited': 97387.487255374}], 'predecessor': {'operation': 'array_unbuffered_open_return', 'entered_before': 93817.572472527, 'returned_at': 97387.487255374}}, 'array_png': {'spec': {'target': {'module': 'cv2', 'operation': 'imencode'}, 'successor': {'module': 'vipe_benchmark.s1_progress', 'operation': 'write_exclusive'}}, 'target': [{'role': 'target', 'operation': 'imencode', 'entered': 97387.745507656, 'stage': '', 'completed': True, 'exited': 97387.745507656}], 'successor': [{'role': 'successor', 'operation': 'write_exclusive', 'entered': 97387.745507656, 'stage': '', 'completed': True, 'exited': 97387.745507656}], 'predecessor': {'operation': 'png_destination_stat_return', 'entered_before': 93817.832597278, 'returned_at': 97387.745507656}}, 'npz_member': {'spec': {'target': {'module': 'ZipFile', 'operation': 'open'}, 'successor': {'module': 'numpy.lib.format', 'operation': 'write_array'}}, 'target': [{'role': 'target', 'operation': 'open', 'entered': 97388.006544262, 'stage': '', 'completed': True, 'exited': 97388.006544262}], 'successor': [{'role': 'successor', 'operation': 'write_array', 'entered': 97388.006544262, 'stage': '', 'completed': True, 'exited': 97388.006544262}], 'predecessor': {'operation': 'second_npz_array_conversion_return_before_member_open', 'entered_before': 93818.092019668, 'returned_at': 97388.006544262}}, 'npz_finalize': {'spec': {'target': {'module': 'ZipFile', 'operation': 'close'}, 'successor': {'module': 'DeadlineSink', 'operation': 'write'}}, 'target': [{'role': 'target', 'operation': 'close', 'entered': 97388.268971208, 'stage': '', 'completed': True, 'exited': 97388.268971208}], 'successor': [{'role': 'successor', 'operation': 'write', 'entered': 97388.268971208, 'stage': '', 'completed': True, 'exited': 97388.268971208}, {'role': 'successor', 'operation': 'write', 'entered': 97388.268971208, 'stage': '', 'completed': True, 'exited': 97388.268971208}, {'role': 'successor', 'operation': 'write', 'entered': 97388.268971208, 'stage': '', 'completed': True, 'exited': 97388.268971208}, {'role': 'successor', 'operation': 'write', 'entered': 97388.268971208, 'stage': '', 'completed': True, 'exited': 97388.268971208}, {'role': 'successor', 'operation': 'write', 'entered': 97388.268971208, 'stage': '', 'completed': True, 'exited': 97388.268971208}, {'role': 'successor', 'operation': 'write', 'entered': 97388.268971208, 'stage': '', 'completed': True, 'exited': 97388.268971208}, {'role': 'successor', 'operation': 'write', 'entered': 97388.268971208, 'stage': '', 'completed': True, 'exited': 97388.268971208}, {'role': 'successor', 'operation': 'write', 'entered': 97388.268971208, 'stage': '', 'completed': True, 'exited': 97388.268971208}, {'role': 'successor', 'operation': 'write', 'entered': 97388.268971208, 'stage': '', 'completed': True, 'exited': 97388.268971208}, {'role': 'successor', 'operation': 'write', 'entered': 97388.268971208, 'stage': '', 'completed': True, 'exited': 97388.268971208}], 'predecessor': {'operation': 'npz_member_2_close_return', 'entered_before': 93818.352570583, 'returned_at': 97388.268971208}}, 'array_hash': {'spec': {'target': {'module': 'vipe_benchmark.s1_progress', 'operation': 'checked_file_record'}, 'successor': {'module': 'vipe_benchmark.s1_progress', 'operation': 'read_bytes'}}, 'target': [{'role': 'target', 'operation': 'checked_file_record', 'entered': 97388.530946159, 'stage': '', 'completed': True, 'exited': 97388.530946159}], 'successor': [{'role': 'successor', 'operation': 'read_bytes', 'entered': 97388.530946159, 'stage': '', 'completed': True, 'exited': 97388.530946159}], 'predecessor': {'operation': 'array_normal_close_return_before_hash', 'entered_before': 93818.615866004, 'returned_at': 97388.530946159}}, 'produced_json': {'spec': {'target': {'module': 'vipe_benchmark.s1_progress', 'operation': 'encode'}, 'successor': {'module': 'vipe_benchmark.s1_progress', 'operation': 'write_exclusive'}}, 'target': [{'role': 'target', 'operation': 'encode', 'entered': 97388.78907557999, 'stage': '', 'completed': True, 'exited': 97388.78907557999}, {'role': 'target', 'operation': 'encode', 'entered': 97388.78907557999, 'stage': '', 'completed': True, 'exited': 97388.78907557999}, {'role': 'target', 'operation': 'encode', 'entered': 97388.78907557999, 'stage': '', 'completed': True, 'exited': 97388.78907557999}, {'role': 'target', 'operation': 'encode', 'entered': 97388.78907557999, 'stage': '', 'completed': True, 'exited': 97388.78907557999}], 'successor': [{'role': 'successor', 'operation': 'write_exclusive', 'entered': 97388.78907557999, 'stage': '', 'completed': True, 'exited': 97388.78907557999}], 'predecessor': {'operation': 'input_manifest_read_and_parse_return', 'entered_before': 93818.875349157, 'returned_at': 97388.78907557999}}, 'produced_read': {'spec': {'target': {'module': 'vipe_benchmark.s1_progress', 'operation': 'read_record'}, 'successor': {'module': 'vipe_benchmark.s1_evidence', 'operation': 'produced_row'}}, 'target': [{'role': 'target', 'operation': 'read_record', 'entered': 97389.15569776199, 'stage': '', 'completed': True, 'exited': 97389.15569776199}], 'successor': [{'role': 'successor', 'operation': 'produced_row', 'entered': 97389.15569776199, 'stage': '', 'completed': True, 'exited': 97389.15569776199}], 'predecessor': {'operation': 'produced_row_durable_write_return', 'entered_before': 93819.239195769, 'returned_at': 97389.15569776199}}, 'produced_guard': {'spec': {'target': {'module': 'vipe_benchmark.s1_evidence', 'operation': 'produced_row'}, 'successor': {'module': 'Publisher', 'operation': 'seal'}}, 'target': [{'role': 'target', 'operation': 'produced_row', 'entered': 97389.553210377, 'stage': '', 'completed': True, 'exited': 97389.553210377}], 'successor': [{'role': 'successor', 'operation': 'seal', 'entered': 97389.553210377, 'stage': '', 'completed': True, 'exited': 97389.553210377}, {'role': 'successor', 'operation': 'seal', 'entered': 97389.553210377, 'stage': '', 'completed': True, 'exited': 97389.553210377}], 'predecessor': {'operation': 'produced_row_read_hash_parse_return', 'entered_before': 93819.639135441, 'returned_at': 97389.553210377}}, 'qualified_guard': {'spec': {'target': {'module': 'vipe_benchmark.s1_evidence', 'operation': 'qualify_row'}, 'successor': {'module': 'vipe_benchmark.s1_progress', 'operation': 'write_exclusive'}}, 'target': [{'role': 'target', 'operation': 'qualify_row', 'entered': 97389.928198368, 'stage': '', 'completed': True, 'exited': 97389.928198368}], 'successor': [{'role': 'successor', 'operation': 'write_exclusive', 'entered': 97389.928198368, 'stage': '', 'completed': True, 'exited': 97389.928198368}], 'predecessor': {'operation': 'produced_guard_seal_ack_return', 'entered_before': 93820.013298138, 'returned_at': 97389.928198368}}, 'first_guard': {'spec': {'target': {'module': 'vipe_benchmark.s1_evidence', 'operation': 'verify_first'}, 'successor': {'module': 'vipe_benchmark.s1_evidence', 'operation': 'qualify_runtime'}}, 'target': [{'role': 'target', 'operation': 'verify_first', 'entered': 97390.35474511399, 'stage': '', 'completed': True, 'exited': 97390.35474511399}], 'successor': [{'role': 'successor', 'operation': 'qualify_runtime', 'entered': 97390.35474511399, 'stage': '', 'completed': True, 'exited': 97390.35474511399}], 'predecessor': {'operation': 'first_metadata_read_parse_return', 'entered_before': 93820.440356194, 'returned_at': 97390.35474511399}}, 'runtime_guard': {'spec': {'target': {'module': 'vipe_benchmark.s1_evidence', 'operation': 'qualify_runtime'}, 'successor': {'module': 'vipe_benchmark.s1_recovery', 'operation': 'strict_record'}}, 'target': [{'role': 'target', 'operation': 'qualify_runtime', 'entered': 97391.331477831, 'stage': '', 'completed': True, 'exited': 97391.331477831}], 'successor': [{'role': 'successor', 'operation': 'strict_record', 'entered': 97391.331477831, 'stage': '', 'completed': True, 'exited': 97391.331477831}, {'role': 'successor', 'operation': 'strict_record', 'entered': 97391.331477831, 'stage': '', 'completed': True, 'exited': 97391.331477831}, {'role': 'successor', 'operation': 'strict_record', 'entered': 97391.331477831, 'stage': '', 'completed': True, 'exited': 97391.331477831}, {'role': 'successor', 'operation': 'strict_record', 'entered': 97391.331477831, 'stage': '', 'completed': True, 'exited': 97391.331477831}, {'role': 'successor', 'operation': 'strict_record', 'entered': 97391.331477831, 'stage': '', 'completed': True, 'exited': 97391.331477831}, {'role': 'successor', 'operation': 'strict_record', 'entered': 97391.331477831, 'stage': '', 'completed': True, 'exited': 97391.331477831}, {'role': 'successor', 'operation': 'strict_record', 'entered': 97391.331477831, 'stage': '', 'completed': True, 'exited': 97391.331477831}, {'role': 'successor', 'operation': 'strict_record', 'entered': 97391.331477831, 'stage': '', 'completed': True, 'exited': 97391.331477831}, {'role': 'successor', 'operation': 'strict_record', 'entered': 97391.331477831, 'stage': '', 'completed': True, 'exited': 97391.331477831}, {'role': 'successor', 'operation': 'strict_record', 'entered': 97391.331477831, 'stage': '', 'completed': True, 'exited': 97391.331477831}, {'role': 'successor', 'operation': 'strict_record', 'entered': 97391.331477831, 'stage': '', 'completed': True, 'exited': 97391.331477831}, {'role': 'successor', 'operation': 'strict_record', 'entered': 97391.331477831, 'stage': '', 'completed': True, 'exited': 97391.331477831}, {'role': 'successor', 'operation': 'strict_record', 'entered': 97391.331477831, 'stage': '', 'completed': True, 'exited': 97391.331477831}, {'role': 'successor', 'operation': 'strict_record', 'entered': 97391.331477831, 'stage': '', 'completed': True, 'exited': 97391.331477831}, {'role': 'successor', 'operation': 'strict_record', 'entered': 97391.331477831, 'stage': '', 'completed': True, 'exited': 97391.331477831}, {'role': 'successor', 'operation': 'strict_record', 'entered': 97391.331477831, 'stage': '', 'completed': True, 'exited': 97391.331477831}, {'role': 'successor', 'operation': 'strict_record', 'entered': 97391.331477831, 'stage': '', 'completed': True, 'exited': 97391.331477831}, {'role': 'successor', 'operation': 'strict_record', 'entered': 97391.331477831, 'stage': '', 'completed': True, 'exited': 97391.331477831}, {'role': 'successor', 'operation': 'strict_record', 'entered': 97391.331477831, 'stage': '', 'completed': True, 'exited': 97391.331477831}, {'role': 'successor', 'operation': 'strict_record', 'entered': 97391.331477831, 'stage': '', 'completed': True, 'exited': 97391.331477831}, {'role': 'successor', 'operation': 'strict_record', 'entered': 97391.331477831, 'stage': '', 'completed': True, 'exited': 97391.331477831}, {'role': 'successor', 'operation': 'strict_record', 'entered': 97391.331477831, 'stage': '', 'completed': True, 'exited': 97391.331477831}, {'role': 'successor', 'operation': 'strict_record', 'entered': 97391.331477831, 'stage': '', 'completed': True, 'exited': 97391.331477831}, {'role': 'successor', 'operation': 'strict_record', 'entered': 97391.331477831, 'stage': '', 'completed': True, 'exited': 97391.331477831}, {'role': 'successor', 'operation': 'strict_record', 'entered': 97391.331477831, 'stage': '', 'completed': True, 'exited': 97391.331477831}], 'predecessor': {'operation': 'runtime_metadata_read_parse_return', 'entered_before': 93821.416405749, 'returned_at': 97391.331477831}}, 'reuse_after_read': {'spec': {'target': {'module': 'vipe_benchmark.s1_evidence', 'operation': 'verify_first'}, 'successor': {'module': 'vipe_benchmark.s1_evidence', 'operation': 'qualify_runtime'}}, 'target': [{'role': 'target', 'operation': 'verify_first', 'entered': 97391.79279589899, 'stage': '', 'completed': True, 'exited': 97391.79279589899}, {'role': 'target', 'operation': 'verify_first', 'entered': 97391.79279589899, 'stage': '', 'completed': True, 'exited': 97391.79279589899}], 'successor': [{'role': 'successor', 'operation': 'qualify_runtime', 'entered': 97391.79279589899, 'stage': '', 'completed': True, 'exited': 97391.79279589899}, {'role': 'successor', 'operation': 'qualify_runtime', 'entered': 97391.79279589899, 'stage': '', 'completed': True, 'exited': 97391.79279589899}], 'predecessor': {'operation': 'first_metadata_read_parse_return', 'entered_before': 93821.873500939, 'returned_at': 97391.79279589899}}, 'cleanup_next_array': {'spec': {'target': {'module': 'numpy', 'operation': 'asanyarray'}, 'successor': {'module': 'ZipFile', 'operation': 'open'}}, 'target': [{'role': 'target', 'operation': 'asanyarray', 'entered': 97392.816029052, 'stage': '', 'completed': True, 'exited': 97392.816029052}], 'successor': [{'role': 'successor', 'operation': 'open', 'entered': 97392.816029052, 'stage': '', 'completed': True, 'exited': 97392.816029052}], 'predecessor': {'operation': 'npz_member_1_close_return', 'entered_before': 93822.901843514, 'returned_at': 97392.816029052}}, 'accept_after_read': {'spec': {'target': {'module': 'vipe_benchmark.s1_evidence', 'operation': 'validate_result'}, 'successor': {'module': 'vipe_benchmark.s1_evidence', 'operation': 'verify_first'}}, 'target': [{'role': 'target', 'operation': 'validate_result', 'entered': 97393.50562791599, 'stage': '', 'completed': True, 'exited': 97393.50562791599}], 'successor': [{'role': 'successor', 'operation': 'verify_first', 'entered': 97393.50562791599, 'stage': '', 'completed': True, 'exited': 97393.50562791599}], 'predecessor': {'operation': 'accepted_request_read_parse_return', 'entered_before': 93823.173890357, 'returned_at': 97393.50562791599}}, 'complete_after_read': {'spec': {'target': {'module': 'vipe_benchmark.s1_evidence', 'operation': 'evidence_counts'}, 'successor': {'module': 'vipe_benchmark.s1_evidence', 'operation': 'qualify_runtime'}}, 'target': [{'role': 'target', 'operation': 'evidence_counts', 'entered': 97393.50562791599, 'stage': '', 'completed': True, 'exited': 97393.50562791599}], 'successor': [{'role': 'successor', 'operation': 'qualify_runtime', 'entered': 97393.50562791599, 'stage': '', 'completed': True, 'exited': 97393.50562791599}, {'role': 'successor', 'operation': 'qualify_runtime', 'entered': 97393.50562791599, 'stage': '', 'completed': True, 'exited': 97393.50562791599}], 'predecessor': {'operation': 'acceptance_metadata_read_parse_return', 'entered_before': 93843.294788022, 'returned_at': 97393.50562791599}}, 'next_input': {'spec': {'target': {'operation': 'load_rgb(frame62)'}, 'successor': {'operation': 'frame62 valid/native/raw'}}, 'target': [{'operation': 'load_rgb(frame62)', 'entered': 93956.006085209, 'completed': True, 'exited': 93956.006085209}], 'successor': [{'operation': 'frame62_valid_array', 'entered': 93956.006085209, 'record': {'path': '/tmp/tmp1v1nbeqg/valid.npy', 'sha256': 'a67cf6012a57f3530aeb9524b85e40171bfb0fcdaa6dbc66e95356a30dcfc6a3', 'bytes': 518528}, 'context': 'second_input_validation'}], 'predecessor': {'operation': 'segment_frame50_print_return_before_frame62', 'entered_before': 93889.507085209, 'returned_at': 93956.006085209}}}

======================================================================
FAIL: test_child_survival_invalidates_parent_success_and_is_cleaned_up (test_vipe_benchmark_supervisor.SupervisorTests.test_child_survival_invalidates_parent_success_and_is_cleaned_up)
----------------------------------------------------------------------
Traceback (most recent call last):
  File "/home/auss/git_repos/samaust/Experiments_4DGS/scripts/vipe_benchmark/supervisor.py", line 446, in supervise
    process = create_owned_process('supervisor worker',subprocess.Popen,command, deadline=run_deadline if is_s1 else None, stdout=log, stderr=subprocess.STDOUT,
                               start_new_session=True, env=env)
  File "/home/auss/git_repos/samaust/Experiments_4DGS/scripts/vipe_benchmark/s1_helper_session.py", line 1575, in create_owned_process
    observed=predispatch_owned(event)
  File "/home/auss/git_repos/samaust/Experiments_4DGS/scripts/vipe_benchmark/s1_helper_session.py", line 1564, in predispatch_owned
    observed=owned_workload(os.environ['S1_OWNED_ROOT_NOTE'])
  File "/home/auss/git_repos/samaust/Experiments_4DGS/scripts/vipe_benchmark/s1_helper_session.py", line 1840, in owned_workload
    if note.get('schema')!='plan049-prospective-launch/v1':raise ValueError('owned root schema')
                                                           ^^^^^^^^^^^^^^^^^^^^^^^^^^^^^^^^^^^^^
ValueError: owned root schema

The above exception was the direct cause of the following exception:

vipe_benchmark.supervisor.SupervisionFailure: ValueError: owned root schema

During handling of the above exception, another exception occurred:

Traceback (most recent call last):
  File "/home/auss/git_repos/samaust/Experiments_4DGS/tests/test_vipe_benchmark_supervisor.py", line 88, in test_child_survival_invalidates_parent_success_and_is_cleaned_up
    with self.assertRaisesRegex(RuntimeError, 'live child'):
         ~~~~~~~~~~~~~~~~~~~~~~^^^^^^^^^^^^^^^^^^^^^^^^^^^^
AssertionError: "live child" does not match "ValueError: owned root schema"

======================================================================
FAIL: test_foreign_gpu_pid_still_fails_and_preserves_ownership_evidence (test_vipe_benchmark_supervisor.SupervisorTests.test_foreign_gpu_pid_still_fails_and_preserves_ownership_evidence)
----------------------------------------------------------------------
Traceback (most recent call last):
  File "/home/auss/git_repos/samaust/Experiments_4DGS/scripts/vipe_benchmark/supervisor.py", line 446, in supervise
    process = create_owned_process('supervisor worker',subprocess.Popen,command, deadline=run_deadline if is_s1 else None, stdout=log, stderr=subprocess.STDOUT,
                               start_new_session=True, env=env)
  File "/home/auss/git_repos/samaust/Experiments_4DGS/scripts/vipe_benchmark/s1_helper_session.py", line 1575, in create_owned_process
    observed=predispatch_owned(event)
  File "/home/auss/git_repos/samaust/Experiments_4DGS/scripts/vipe_benchmark/s1_helper_session.py", line 1564, in predispatch_owned
    observed=owned_workload(os.environ['S1_OWNED_ROOT_NOTE'])
  File "/home/auss/git_repos/samaust/Experiments_4DGS/scripts/vipe_benchmark/s1_helper_session.py", line 1840, in owned_workload
    if note.get('schema')!='plan049-prospective-launch/v1':raise ValueError('owned root schema')
                                                           ^^^^^^^^^^^^^^^^^^^^^^^^^^^^^^^^^^^^^
ValueError: owned root schema

The above exception was the direct cause of the following exception:

vipe_benchmark.supervisor.SupervisionFailure: ValueError: owned root schema

During handling of the above exception, another exception occurred:

Traceback (most recent call last):
  File "/home/auss/git_repos/samaust/Experiments_4DGS/tests/test_vipe_benchmark_supervisor.py", line 166, in test_foreign_gpu_pid_still_fails_and_preserves_ownership_evidence
    with self.assertRaisesRegex(SupervisionFailure, 'exclusive GPU access lost'):
         ~~~~~~~~~~~~~~~~~~~~~~^^^^^^^^^^^^^^^^^^^^^^^^^^^^^^^^^^^^^^^^^^^^^^^^^
AssertionError: "exclusive GPU access lost" does not match "ValueError: owned root schema"

======================================================================
FAIL: test_interruption_cleans_owned_process_group (test_vipe_benchmark_supervisor.SupervisorTests.test_interruption_cleans_owned_process_group)
----------------------------------------------------------------------
Traceback (most recent call last):
  File "/home/auss/git_repos/samaust/Experiments_4DGS/scripts/vipe_benchmark/supervisor.py", line 446, in supervise
    process = create_owned_process('supervisor worker',subprocess.Popen,command, deadline=run_deadline if is_s1 else None, stdout=log, stderr=subprocess.STDOUT,
                               start_new_session=True, env=env)
  File "/home/auss/git_repos/samaust/Experiments_4DGS/scripts/vipe_benchmark/s1_helper_session.py", line 1575, in create_owned_process
    observed=predispatch_owned(event)
  File "/home/auss/git_repos/samaust/Experiments_4DGS/scripts/vipe_benchmark/s1_helper_session.py", line 1564, in predispatch_owned
    observed=owned_workload(os.environ['S1_OWNED_ROOT_NOTE'])
  File "/home/auss/git_repos/samaust/Experiments_4DGS/scripts/vipe_benchmark/s1_helper_session.py", line 1840, in owned_workload
    if note.get('schema')!='plan049-prospective-launch/v1':raise ValueError('owned root schema')
                                                           ^^^^^^^^^^^^^^^^^^^^^^^^^^^^^^^^^^^^^
ValueError: owned root schema

The above exception was the direct cause of the following exception:

vipe_benchmark.supervisor.SupervisionFailure: ValueError: owned root schema

During handling of the above exception, another exception occurred:

Traceback (most recent call last):
  File "/home/auss/git_repos/samaust/Experiments_4DGS/tests/test_vipe_benchmark_supervisor.py", line 114, in test_interruption_cleans_owned_process_group
    with self.assertRaisesRegex(RuntimeError, 'InterruptedError'):
         ~~~~~~~~~~~~~~~~~~~~~~^^^^^^^^^^^^^^^^^^^^^^^^^^^^^^^^^^
AssertionError: "InterruptedError" does not match "ValueError: owned root schema"

======================================================================
FAIL: test_missing_result_and_nonzero_exit_consume_attempts (test_vipe_benchmark_supervisor.SupervisorTests.test_missing_result_and_nonzero_exit_consume_attempts)
----------------------------------------------------------------------
Traceback (most recent call last):
  File "/home/auss/git_repos/samaust/Experiments_4DGS/scripts/vipe_benchmark/supervisor.py", line 446, in supervise
    process = create_owned_process('supervisor worker',subprocess.Popen,command, deadline=run_deadline if is_s1 else None, stdout=log, stderr=subprocess.STDOUT,
                               start_new_session=True, env=env)
  File "/home/auss/git_repos/samaust/Experiments_4DGS/scripts/vipe_benchmark/s1_helper_session.py", line 1575, in create_owned_process
    observed=predispatch_owned(event)
  File "/home/auss/git_repos/samaust/Experiments_4DGS/scripts/vipe_benchmark/s1_helper_session.py", line 1564, in predispatch_owned
    observed=owned_workload(os.environ['S1_OWNED_ROOT_NOTE'])
  File "/home/auss/git_repos/samaust/Experiments_4DGS/scripts/vipe_benchmark/s1_helper_session.py", line 1840, in owned_workload
    if note.get('schema')!='plan049-prospective-launch/v1':raise ValueError('owned root schema')
                                                           ^^^^^^^^^^^^^^^^^^^^^^^^^^^^^^^^^^^^^
ValueError: owned root schema

The above exception was the direct cause of the following exception:

vipe_benchmark.supervisor.SupervisionFailure: ValueError: owned root schema

During handling of the above exception, another exception occurred:

Traceback (most recent call last):
  File "/home/auss/git_repos/samaust/Experiments_4DGS/tests/test_vipe_benchmark_supervisor.py", line 106, in test_missing_result_and_nonzero_exit_consume_attempts
    with self.assertRaisesRegex(RuntimeError, 'FileNotFoundError'):
         ~~~~~~~~~~~~~~~~~~~~~~^^^^^^^^^^^^^^^^^^^^^^^^^^^^^^^^^^^
AssertionError: "FileNotFoundError" does not match "ValueError: owned root schema"

======================================================================
FAIL: test_simulated_memory_and_foreign_gpu_process (test_vipe_benchmark_supervisor.SupervisorTests.test_simulated_memory_and_foreign_gpu_process)
----------------------------------------------------------------------
Traceback (most recent call last):
  File "/home/auss/git_repos/samaust/Experiments_4DGS/scripts/vipe_benchmark/supervisor.py", line 446, in supervise
    process = create_owned_process('supervisor worker',subprocess.Popen,command, deadline=run_deadline if is_s1 else None, stdout=log, stderr=subprocess.STDOUT,
                               start_new_session=True, env=env)
  File "/home/auss/git_repos/samaust/Experiments_4DGS/scripts/vipe_benchmark/s1_helper_session.py", line 1575, in create_owned_process
    observed=predispatch_owned(event)
  File "/home/auss/git_repos/samaust/Experiments_4DGS/scripts/vipe_benchmark/s1_helper_session.py", line 1564, in predispatch_owned
    observed=owned_workload(os.environ['S1_OWNED_ROOT_NOTE'])
  File "/home/auss/git_repos/samaust/Experiments_4DGS/scripts/vipe_benchmark/s1_helper_session.py", line 1840, in owned_workload
    if note.get('schema')!='plan049-prospective-launch/v1':raise ValueError('owned root schema')
                                                           ^^^^^^^^^^^^^^^^^^^^^^^^^^^^^^^^^^^^^
ValueError: owned root schema

The above exception was the direct cause of the following exception:

vipe_benchmark.supervisor.SupervisionFailure: ValueError: owned root schema

During handling of the above exception, another exception occurred:

Traceback (most recent call last):
  File "/home/auss/git_repos/samaust/Experiments_4DGS/tests/test_vipe_benchmark_supervisor.py", line 138, in test_simulated_memory_and_foreign_gpu_process
    with self.assertRaisesRegex(SupervisionFailure, 'memory ceiling') as failure:
         ~~~~~~~~~~~~~~~~~~~~~~^^^^^^^^^^^^^^^^^^^^^^^^^^^^^^^^^^^^^^
AssertionError: "memory ceiling" does not match "ValueError: owned root schema"

======================================================================
FAIL: test_simulated_storage_cap_stops_worker (test_vipe_benchmark_supervisor.SupervisorTests.test_simulated_storage_cap_stops_worker)
----------------------------------------------------------------------
Traceback (most recent call last):
  File "/home/auss/git_repos/samaust/Experiments_4DGS/scripts/vipe_benchmark/supervisor.py", line 446, in supervise
    process = create_owned_process('supervisor worker',subprocess.Popen,command, deadline=run_deadline if is_s1 else None, stdout=log, stderr=subprocess.STDOUT,
                               start_new_session=True, env=env)
  File "/home/auss/git_repos/samaust/Experiments_4DGS/scripts/vipe_benchmark/s1_helper_session.py", line 1575, in create_owned_process
    observed=predispatch_owned(event)
  File "/home/auss/git_repos/samaust/Experiments_4DGS/scripts/vipe_benchmark/s1_helper_session.py", line 1564, in predispatch_owned
    observed=owned_workload(os.environ['S1_OWNED_ROOT_NOTE'])
  File "/home/auss/git_repos/samaust/Experiments_4DGS/scripts/vipe_benchmark/s1_helper_session.py", line 1840, in owned_workload
    if note.get('schema')!='plan049-prospective-launch/v1':raise ValueError('owned root schema')
                                                           ^^^^^^^^^^^^^^^^^^^^^^^^^^^^^^^^^^^^^
ValueError: owned root schema

The above exception was the direct cause of the following exception:

vipe_benchmark.supervisor.SupervisionFailure: ValueError: owned root schema

During handling of the above exception, another exception occurred:

Traceback (most recent call last):
  File "/home/auss/git_repos/samaust/Experiments_4DGS/tests/test_vipe_benchmark_supervisor.py", line 123, in test_simulated_storage_cap_stops_worker
    with self.assertRaisesRegex(RuntimeError, 'storage ceiling'):
         ~~~~~~~~~~~~~~~~~~~~~~^^^^^^^^^^^^^^^^^^^^^^^^^^^^^^^^^
AssertionError: "storage ceiling" does not match "ValueError: owned root schema"

======================================================================
FAIL: test_timeout_kills_sigterm_ignoring_group_within_allocation (test_vipe_benchmark_supervisor.SupervisorTests.test_timeout_kills_sigterm_ignoring_group_within_allocation)
----------------------------------------------------------------------
Traceback (most recent call last):
  File "/home/auss/git_repos/samaust/Experiments_4DGS/scripts/vipe_benchmark/supervisor.py", line 446, in supervise
    process = create_owned_process('supervisor worker',subprocess.Popen,command, deadline=run_deadline if is_s1 else None, stdout=log, stderr=subprocess.STDOUT,
                               start_new_session=True, env=env)
  File "/home/auss/git_repos/samaust/Experiments_4DGS/scripts/vipe_benchmark/s1_helper_session.py", line 1575, in create_owned_process
    observed=predispatch_owned(event)
  File "/home/auss/git_repos/samaust/Experiments_4DGS/scripts/vipe_benchmark/s1_helper_session.py", line 1564, in predispatch_owned
    observed=owned_workload(os.environ['S1_OWNED_ROOT_NOTE'])
  File "/home/auss/git_repos/samaust/Experiments_4DGS/scripts/vipe_benchmark/s1_helper_session.py", line 1840, in owned_workload
    if note.get('schema')!='plan049-prospective-launch/v1':raise ValueError('owned root schema')
                                                           ^^^^^^^^^^^^^^^^^^^^^^^^^^^^^^^^^^^^^
ValueError: owned root schema

The above exception was the direct cause of the following exception:

vipe_benchmark.supervisor.SupervisionFailure: ValueError: owned root schema

During handling of the above exception, another exception occurred:

Traceback (most recent call last):
  File "/home/auss/git_repos/samaust/Experiments_4DGS/tests/test_vipe_benchmark_supervisor.py", line 76, in test_timeout_kills_sigterm_ignoring_group_within_allocation
    with self.assertRaisesRegex(RuntimeError, 'deadline'):
         ~~~~~~~~~~~~~~~~~~~~~~^^^^^^^^^^^^^^^^^^^^^^^^^^
AssertionError: "deadline" does not match "ValueError: owned root schema"

----------------------------------------------------------------------
Ran 101 tests in 136.347s

FAILED (failures=23, errors=47)
test_correct_hash_cannot_authorize_an_unlisted_input (test_vipe_benchmark_review_annotations.IntegrityTests.test_correct_hash_cannot_authorize_an_unlisted_input) ... ok
test_corrupt_file_and_validly_rehashed_footprint_corruption_are_rejected (test_vipe_benchmark_review_annotations.IntegrityTests.test_corrupt_file_and_validly_rehashed_footprint_corruption_are_rejected) ... ok
test_grid_and_empty_changing_layer_cannot_silently_change (test_vipe_benchmark_review_annotations.IntegrityTests.test_grid_and_empty_changing_layer_cannot_silently_change) ... ok
test_semantic_and_feature_uncertainty_cannot_be_promoted (test_vipe_benchmark_review_annotations.IntegrityTests.test_semantic_and_feature_uncertainty_cannot_be_promoted) ... ok
test_valid_proxy_preserves_unknowns_and_does_not_claim_visual_review (test_vipe_benchmark_review_annotations.IntegrityTests.test_valid_proxy_preserves_unknowns_and_does_not_claim_visual_review) ... ok
test_duplicate_pair_and_uncovered_visible_identity_are_rejected (test_vipe_benchmark_review_annotations.PairTests.test_duplicate_pair_and_uncovered_visible_identity_are_rejected) ... ok
test_atomic_exclusive_publication_never_replaces_existing_evidence (test_vipe_benchmark_review_annotations.PublicationTests.test_atomic_exclusive_publication_never_replaces_existing_evidence) ... ok
test_visual_claim_requires_actual_attestation_and_bound_inspected_file (test_vipe_benchmark_review_annotations.PublicationTests.test_visual_claim_requires_actual_attestation_and_bound_inspected_file) ... ok

----------------------------------------------------------------------
Ran 8 tests in 0.128s

OK
