test_bounded_traces_counters_and_authority (test_vipe_benchmark_supervisor.HelperSessionTests.test_bounded_traces_counters_and_authority) ... ok
test_census_immutable_identity_mutations (test_vipe_benchmark_supervisor.HelperSessionTests.test_census_immutable_identity_mutations) ... ok
test_combined_duplex_and_same_turn_bounds (test_vipe_benchmark_supervisor.HelperSessionTests.test_combined_duplex_and_same_turn_bounds) ... ok
test_control_primitive_and_frame_mutations (test_vipe_benchmark_supervisor.HelperSessionTests.test_control_primitive_and_frame_mutations) ... ok
test_envelope_correlation_mutations (test_vipe_benchmark_supervisor.HelperSessionTests.test_envelope_correlation_mutations) ... ok
test_exact_frame_bounds_and_trailing_data (test_vipe_benchmark_supervisor.HelperSessionTests.test_exact_frame_bounds_and_trailing_data) ... ok
test_l01_ready_reuse (test_vipe_benchmark_supervisor.HelperSessionTests.test_l01_ready_reuse) ... ok
test_l02_ready_and_sample_before_reserve (test_vipe_benchmark_supervisor.HelperSessionTests.test_l02_ready_and_sample_before_reserve) ... ok
test_l03_owner_bootstrap_block (test_vipe_benchmark_supervisor.HelperSessionTests.test_l03_owner_bootstrap_block) ... ok
test_l04_child_before_ready_block (test_vipe_benchmark_supervisor.HelperSessionTests.test_l04_child_before_ready_block) ... ok
test_l05_error_after_spawn (test_vipe_benchmark_supervisor.HelperSessionTests.test_l05_error_after_spawn) ... ok
test_l06_late_ready (test_vipe_benchmark_supervisor.HelperSessionTests.test_l06_late_ready) ... ok
test_l07_cancel_during_spawn (test_vipe_benchmark_supervisor.HelperSessionTests.test_l07_cancel_during_spawn) ... ok
test_l08_late_owner_retained (test_vipe_benchmark_supervisor.HelperSessionTests.test_l08_late_owner_retained) ... FAIL
test_l09_partial_header (test_vipe_benchmark_supervisor.HelperSessionTests.test_l09_partial_header) ... ok
test_l10_stalled_body (test_vipe_benchmark_supervisor.HelperSessionTests.test_l10_stalled_body) ... ok
test_l11_eof_midframe (test_vipe_benchmark_supervisor.HelperSessionTests.test_l11_eof_midframe) ... ok
test_l12_stalled_request_reader (test_vipe_benchmark_supervisor.HelperSessionTests.test_l12_stalled_request_reader) ... ok
test_l13_oversized_frame (test_vipe_benchmark_supervisor.HelperSessionTests.test_l13_oversized_frame) ... ok
test_l14_wrong_correlation (test_vipe_benchmark_supervisor.HelperSessionTests.test_l14_wrong_correlation) ... ok
test_l15_sample_deadline (test_vipe_benchmark_supervisor.HelperSessionTests.test_l15_sample_deadline) ... ok
test_l16_phase_deadline (test_vipe_benchmark_supervisor.HelperSessionTests.test_l16_phase_deadline) ... ok
test_l17_post_task_acquisition (test_vipe_benchmark_supervisor.HelperSessionTests.test_l17_post_task_acquisition) ... ok
test_l18_descendant_and_foreign_sentinel (test_vipe_benchmark_supervisor.HelperSessionTests.test_l18_descendant_and_foreign_sentinel) ... ok
test_l19_term_resistance (test_vipe_benchmark_supervisor.HelperSessionTests.test_l19_term_resistance) ... ok
test_l20_exit_during_transport (test_vipe_benchmark_supervisor.HelperSessionTests.test_l20_exit_during_transport) ... ok
test_l21_enumeration_failure (test_vipe_benchmark_supervisor.HelperSessionTests.test_l21_enumeration_failure) ... ok
test_l22_signal_failure (test_vipe_benchmark_supervisor.HelperSessionTests.test_l22_signal_failure) ... ok
test_l23_reap_failure (test_vipe_benchmark_supervisor.HelperSessionTests.test_l23_reap_failure) ... ok
test_l24_summary_reference_adapter (test_vipe_benchmark_supervisor.HelperSessionTests.test_l24_summary_reference_adapter) ... ERROR
test_l25_delayed_actual_reserve (test_vipe_benchmark_supervisor.HelperSessionTests.test_l25_delayed_actual_reserve) ... FAIL
test_l26_equal_actual_reserve (test_vipe_benchmark_supervisor.HelperSessionTests.test_l26_equal_actual_reserve) ... FAIL
test_l27_encoder_early_response (test_vipe_benchmark_supervisor.HelperSessionTests.test_l27_encoder_early_response) ... ok
test_l28_partial_early_response (test_vipe_benchmark_supervisor.HelperSessionTests.test_l28_partial_early_response) ... ok
test_l29_readable_sample_equality (test_vipe_benchmark_supervisor.HelperSessionTests.test_l29_readable_sample_equality) ... ok
test_l30_readable_phase_equality (test_vipe_benchmark_supervisor.HelperSessionTests.test_l30_readable_phase_equality) ... ok
test_l31_live_worker_bracket_and_foreign (test_vipe_benchmark_supervisor.HelperSessionTests.test_l31_live_worker_bracket_and_foreign) ... ok
test_l32_unreaped_worker_pin (test_vipe_benchmark_supervisor.HelperSessionTests.test_l32_unreaped_worker_pin) ... ok
test_l33_blocked_census_refuses_stale (test_vipe_benchmark_supervisor.HelperSessionTests.test_l33_blocked_census_refuses_stale) ... ok
test_l34_enumeration_error_empty_sample (test_vipe_benchmark_supervisor.HelperSessionTests.test_l34_enumeration_error_empty_sample) ... ok
test_l35_exited_leader_live_descendant (test_vipe_benchmark_supervisor.HelperSessionTests.test_l35_exited_leader_live_descendant) ... ERROR
test_l36_ambiguous_native_start_retained (test_vipe_benchmark_supervisor.HelperSessionTests.test_l36_ambiguous_native_start_retained) ... ERROR
test_partial_constructor_boundaries (test_vipe_benchmark_supervisor.HelperSessionTests.test_partial_constructor_boundaries) ... ok
test_progress_closed_inventory_and_faults (test_vipe_benchmark_supervisor.HelperSessionTests.test_progress_closed_inventory_and_faults) ... 
  test_progress_closed_inventory_and_faults (test_vipe_benchmark_supervisor.HelperSessionTests.test_progress_closed_inventory_and_faults) (kind='deadline') ... ERROR
test_progress_metadata_mutations (test_vipe_benchmark_supervisor.HelperSessionTests.test_progress_metadata_mutations) ... ERROR
test_progress_p01_worker_deadline (test_vipe_benchmark_supervisor.HelperSessionTests.test_progress_p01_worker_deadline) ... FAIL
test_progress_p02_reconcile_interruption (test_vipe_benchmark_supervisor.HelperSessionTests.test_progress_p02_reconcile_interruption) ... FAIL
test_progress_p03_helper_death (test_vipe_benchmark_supervisor.HelperSessionTests.test_progress_p03_helper_death) ... FAIL
test_progress_p04_failed_final_sample (test_vipe_benchmark_supervisor.HelperSessionTests.test_progress_p04_failed_final_sample) ... FAIL
test_progress_p05_interrupted_publisher (test_vipe_benchmark_supervisor.HelperSessionTests.test_progress_p05_interrupted_publisher) ... FAIL
test_progress_p06_blocked_owner (test_vipe_benchmark_supervisor.HelperSessionTests.test_progress_p06_blocked_owner) ... FAIL
test_progress_plan046_inventory (test_vipe_benchmark_supervisor.HelperSessionTests.test_progress_plan046_inventory) ... ok
test_progress_plan046_launch_deadline (test_vipe_benchmark_supervisor.HelperSessionTests.test_progress_plan046_launch_deadline) ... 
  test_progress_plan046_launch_deadline (test_vipe_benchmark_supervisor.HelperSessionTests.test_progress_plan046_launch_deadline) (kind='equal', offset=0.0) ... FAIL
  test_progress_plan046_launch_deadline (test_vipe_benchmark_supervisor.HelperSessionTests.test_progress_plan046_launch_deadline) (kind='after', offset=0.001) ... FAIL
test_progress_plan046_ownership (test_vipe_benchmark_supervisor.HelperSessionTests.test_progress_plan046_ownership) ... ok
test_progress_plan046_protocol (test_vipe_benchmark_supervisor.HelperSessionTests.test_progress_plan046_protocol) ... ERROR
test_progress_plan046_publication_faults (test_vipe_benchmark_supervisor.HelperSessionTests.test_progress_plan046_publication_faults) ... 
  test_progress_plan046_publication_faults (test_vipe_benchmark_supervisor.HelperSessionTests.test_progress_plan046_publication_faults) (kind='write') ... ERROR
  test_progress_plan046_publication_faults (test_vipe_benchmark_supervisor.HelperSessionTests.test_progress_plan046_publication_faults) (kind='flush') ... ERROR
  test_progress_plan046_publication_faults (test_vipe_benchmark_supervisor.HelperSessionTests.test_progress_plan046_publication_faults) (kind='file_fsync') ... ERROR
  test_progress_plan046_publication_faults (test_vipe_benchmark_supervisor.HelperSessionTests.test_progress_plan046_publication_faults) (kind='close_readback') ... ERROR
  test_progress_plan046_publication_faults (test_vipe_benchmark_supervisor.HelperSessionTests.test_progress_plan046_publication_faults) (kind='generation_install') ... ERROR
  test_progress_plan046_publication_faults (test_vipe_benchmark_supervisor.HelperSessionTests.test_progress_plan046_publication_faults) (kind='generation_directory_fsync') ... ERROR
  test_progress_plan046_publication_faults (test_vipe_benchmark_supervisor.HelperSessionTests.test_progress_plan046_publication_faults) (kind='head_install') ... ERROR
  test_progress_plan046_publication_faults (test_vipe_benchmark_supervisor.HelperSessionTests.test_progress_plan046_publication_faults) (kind='head_directory_fsync') ... ERROR
  test_progress_plan046_publication_faults (test_vipe_benchmark_supervisor.HelperSessionTests.test_progress_plan046_publication_faults) (kind='final_readback') ... ERROR
  test_progress_plan046_publication_faults (test_vipe_benchmark_supervisor.HelperSessionTests.test_progress_plan046_publication_faults) (kind='notice_send') ... ERROR
  test_progress_plan046_publication_faults (test_vipe_benchmark_supervisor.HelperSessionTests.test_progress_plan046_publication_faults) (kind='notice_receive') ... ERROR
  test_progress_plan046_publication_faults (test_vipe_benchmark_supervisor.HelperSessionTests.test_progress_plan046_publication_faults) (kind='owner_retention') ... ERROR
  test_progress_plan046_publication_faults (test_vipe_benchmark_supervisor.HelperSessionTests.test_progress_plan046_publication_faults) (kind='ack_send') ... ERROR
  test_progress_plan046_publication_faults (test_vipe_benchmark_supervisor.HelperSessionTests.test_progress_plan046_publication_faults) (kind='ack_receipt') ... ERROR
  test_progress_plan046_publication_faults (test_vipe_benchmark_supervisor.HelperSessionTests.test_progress_plan046_publication_faults) (kind='short_write') ... ERROR
  test_progress_plan046_publication_faults (test_vipe_benchmark_supervisor.HelperSessionTests.test_progress_plan046_publication_faults) (kind='generation_collision') ... ERROR
  test_progress_plan046_publication_faults (test_vipe_benchmark_supervisor.HelperSessionTests.test_progress_plan046_publication_faults) (kind='notice_full') ... ERROR
  test_progress_plan046_publication_faults (test_vipe_benchmark_supervisor.HelperSessionTests.test_progress_plan046_publication_faults) (kind='receive_truncated') ... ERROR
  test_progress_plan046_publication_faults (test_vipe_benchmark_supervisor.HelperSessionTests.test_progress_plan046_publication_faults) (kind='receive_credentials') ... ERROR
  test_progress_plan046_publication_faults (test_vipe_benchmark_supervisor.HelperSessionTests.test_progress_plan046_publication_faults) (kind='ack_wrong') ... ERROR
test_progress_plan046_summary (test_vipe_benchmark_supervisor.HelperSessionTests.test_progress_plan046_summary) ... ok
test_progress_plan046_worker_authority (test_vipe_benchmark_supervisor.HelperSessionTests.test_progress_plan046_worker_authority) ... 
  test_progress_plan046_worker_authority (test_vipe_benchmark_supervisor.HelperSessionTests.test_progress_plan046_worker_authority) (kind='reuse') ... ERROR
  test_progress_plan046_worker_authority (test_vipe_benchmark_supervisor.HelperSessionTests.test_progress_plan046_worker_authority) (kind='conflict') ... ERROR
  test_progress_plan046_worker_authority (test_vipe_benchmark_supervisor.HelperSessionTests.test_progress_plan046_worker_authority) (kind='forged_seal') ... ERROR
  test_progress_plan046_worker_authority (test_vipe_benchmark_supervisor.HelperSessionTests.test_progress_plan046_worker_authority) (kind='resume') ... ERROR
  test_progress_plan046_worker_authority (test_vipe_benchmark_supervisor.HelperSessionTests.test_progress_plan046_worker_authority) (kind='publish_adapter') ... ERROR
test_progress_plan047_alias_inventory (test_vipe_benchmark_supervisor.HelperSessionTests.test_progress_plan047_alias_inventory) ... 
  test_progress_plan047_alias_inventory (test_vipe_benchmark_supervisor.HelperSessionTests.test_progress_plan047_alias_inventory) (kind='member_add_after_publish') ... ERROR
  test_progress_plan047_alias_inventory (test_vipe_benchmark_supervisor.HelperSessionTests.test_progress_plan047_alias_inventory) (kind='member_remove_after_publish') ... ERROR
  test_progress_plan047_alias_inventory (test_vipe_benchmark_supervisor.HelperSessionTests.test_progress_plan047_alias_inventory) (kind='member_rename_after_publish') ... ERROR
  test_progress_plan047_alias_inventory (test_vipe_benchmark_supervisor.HelperSessionTests.test_progress_plan047_alias_inventory) (kind='result_replace_after_publish') ... ERROR
  test_progress_plan047_alias_inventory (test_vipe_benchmark_supervisor.HelperSessionTests.test_progress_plan047_alias_inventory) (kind='row_replace_after_publish') ... ERROR
test_progress_plan047_cancellation (test_vipe_benchmark_supervisor.HelperSessionTests.test_progress_plan047_cancellation) ... 
  test_progress_plan047_cancellation (test_vipe_benchmark_supervisor.HelperSessionTests.test_progress_plan047_cancellation) (stage='dequeue', when='before') ... ERROR
  test_progress_plan047_cancellation (test_vipe_benchmark_supervisor.HelperSessionTests.test_progress_plan047_cancellation) (stage='dequeue', when='after') ... ERROR
  test_progress_plan047_cancellation (test_vipe_benchmark_supervisor.HelperSessionTests.test_progress_plan047_cancellation) (stage='credentials', when='before') ... ERROR
  test_progress_plan047_cancellation (test_vipe_benchmark_supervisor.HelperSessionTests.test_progress_plan047_cancellation) (stage='credentials', when='after') ... ERROR
  test_progress_plan047_cancellation (test_vipe_benchmark_supervisor.HelperSessionTests.test_progress_plan047_cancellation) (stage='context_read', when='before') ... ERROR
  test_progress_plan047_cancellation (test_vipe_benchmark_supervisor.HelperSessionTests.test_progress_plan047_cancellation) (stage='context_read', when='after') ... ERROR
  test_progress_plan047_cancellation (test_vipe_benchmark_supervisor.HelperSessionTests.test_progress_plan047_cancellation) (stage='old_checkpoint_read', when='before') ... ERROR
  test_progress_plan047_cancellation (test_vipe_benchmark_supervisor.HelperSessionTests.test_progress_plan047_cancellation) (stage='old_checkpoint_read', when='after') ... ERROR
  test_progress_plan047_cancellation (test_vipe_benchmark_supervisor.HelperSessionTests.test_progress_plan047_cancellation) (stage='head_read', when='before') ... ERROR
  test_progress_plan047_cancellation (test_vipe_benchmark_supervisor.HelperSessionTests.test_progress_plan047_cancellation) (stage='head_read', when='after') ... ERROR
  test_progress_plan047_cancellation (test_vipe_benchmark_supervisor.HelperSessionTests.test_progress_plan047_cancellation) (stage='new_checkpoint_read', when='before') ... ERROR
  test_progress_plan047_cancellation (test_vipe_benchmark_supervisor.HelperSessionTests.test_progress_plan047_cancellation) (stage='new_checkpoint_read', when='after') ... ERROR
  test_progress_plan047_cancellation (test_vipe_benchmark_supervisor.HelperSessionTests.test_progress_plan047_cancellation) (stage='worker_authority_read', when='before') ... ERROR
  test_progress_plan047_cancellation (test_vipe_benchmark_supervisor.HelperSessionTests.test_progress_plan047_cancellation) (stage='worker_authority_read', when='after') ... ERROR
  test_progress_plan047_cancellation (test_vipe_benchmark_supervisor.HelperSessionTests.test_progress_plan047_cancellation) (stage='retention', when='before') ... ERROR
  test_progress_plan047_cancellation (test_vipe_benchmark_supervisor.HelperSessionTests.test_progress_plan047_cancellation) (stage='retention', when='after') ... ERROR
  test_progress_plan047_cancellation (test_vipe_benchmark_supervisor.HelperSessionTests.test_progress_plan047_cancellation) (stage='ack_send', when='before') ... ERROR
  test_progress_plan047_cancellation (test_vipe_benchmark_supervisor.HelperSessionTests.test_progress_plan047_cancellation) (stage='ack_send', when='after') ... ERROR
  test_progress_plan047_cancellation (test_vipe_benchmark_supervisor.HelperSessionTests.test_progress_plan047_cancellation) (stage='ack_receipt', when='before') ... ERROR
  test_progress_plan047_cancellation (test_vipe_benchmark_supervisor.HelperSessionTests.test_progress_plan047_cancellation) (stage='ack_receipt', when='after') ... ERROR
test_progress_plan047_complete_final_sample (test_vipe_benchmark_supervisor.HelperSessionTests.test_progress_plan047_complete_final_sample) ... ERROR
test_progress_plan047_deadline_steps (test_vipe_benchmark_supervisor.HelperSessionTests.test_progress_plan047_deadline_steps) ... 
  test_progress_plan047_deadline_steps (test_vipe_benchmark_supervisor.HelperSessionTests.test_progress_plan047_deadline_steps) (operation='checkpoint_write', when='before') ... ERROR
  test_progress_plan047_deadline_steps (test_vipe_benchmark_supervisor.HelperSessionTests.test_progress_plan047_deadline_steps) (operation='checkpoint_write', when='equal') ... ERROR
  test_progress_plan047_deadline_steps (test_vipe_benchmark_supervisor.HelperSessionTests.test_progress_plan047_deadline_steps) (operation='checkpoint_write', when='after') ... ERROR
  test_progress_plan047_deadline_steps (test_vipe_benchmark_supervisor.HelperSessionTests.test_progress_plan047_deadline_steps) (operation='checkpoint_flush', when='before') ... ERROR
  test_progress_plan047_deadline_steps (test_vipe_benchmark_supervisor.HelperSessionTests.test_progress_plan047_deadline_steps) (operation='checkpoint_flush', when='equal') ... ERROR
  test_progress_plan047_deadline_steps (test_vipe_benchmark_supervisor.HelperSessionTests.test_progress_plan047_deadline_steps) (operation='checkpoint_flush', when='after') ... ERROR
  test_progress_plan047_deadline_steps (test_vipe_benchmark_supervisor.HelperSessionTests.test_progress_plan047_deadline_steps) (operation='checkpoint_fsync', when='before') ... ERROR
  test_progress_plan047_deadline_steps (test_vipe_benchmark_supervisor.HelperSessionTests.test_progress_plan047_deadline_steps) (operation='checkpoint_fsync', when='equal') ... ERROR
  test_progress_plan047_deadline_steps (test_vipe_benchmark_supervisor.HelperSessionTests.test_progress_plan047_deadline_steps) (operation='checkpoint_fsync', when='after') ... ERROR
  test_progress_plan047_deadline_steps (test_vipe_benchmark_supervisor.HelperSessionTests.test_progress_plan047_deadline_steps) (operation='checkpoint_close', when='before') ... ERROR
  test_progress_plan047_deadline_steps (test_vipe_benchmark_supervisor.HelperSessionTests.test_progress_plan047_deadline_steps) (operation='checkpoint_close', when='equal') ... ERROR
  test_progress_plan047_deadline_steps (test_vipe_benchmark_supervisor.HelperSessionTests.test_progress_plan047_deadline_steps) (operation='checkpoint_close', when='after') ... ERROR
  test_progress_plan047_deadline_steps (test_vipe_benchmark_supervisor.HelperSessionTests.test_progress_plan047_deadline_steps) (operation='checkpoint_readback', when='before') ... ERROR
  test_progress_plan047_deadline_steps (test_vipe_benchmark_supervisor.HelperSessionTests.test_progress_plan047_deadline_steps) (operation='checkpoint_readback', when='equal') ... ERROR
  test_progress_plan047_deadline_steps (test_vipe_benchmark_supervisor.HelperSessionTests.test_progress_plan047_deadline_steps) (operation='checkpoint_readback', when='after') ... ERROR
  test_progress_plan047_deadline_steps (test_vipe_benchmark_supervisor.HelperSessionTests.test_progress_plan047_deadline_steps) (operation='head_write', when='before') ... ERROR
  test_progress_plan047_deadline_steps (test_vipe_benchmark_supervisor.HelperSessionTests.test_progress_plan047_deadline_steps) (operation='head_write', when='equal') ... ERROR
  test_progress_plan047_deadline_steps (test_vipe_benchmark_supervisor.HelperSessionTests.test_progress_plan047_deadline_steps) (operation='head_write', when='after') ... ERROR
  test_progress_plan047_deadline_steps (test_vipe_benchmark_supervisor.HelperSessionTests.test_progress_plan047_deadline_steps) (operation='head_flush', when='before') ... ERROR
  test_progress_plan047_deadline_steps (test_vipe_benchmark_supervisor.HelperSessionTests.test_progress_plan047_deadline_steps) (operation='head_flush', when='equal') ... ERROR
  test_progress_plan047_deadline_steps (test_vipe_benchmark_supervisor.HelperSessionTests.test_progress_plan047_deadline_steps) (operation='head_flush', when='after') ... ERROR
  test_progress_plan047_deadline_steps (test_vipe_benchmark_supervisor.HelperSessionTests.test_progress_plan047_deadline_steps) (operation='head_fsync', when='before') ... ERROR
  test_progress_plan047_deadline_steps (test_vipe_benchmark_supervisor.HelperSessionTests.test_progress_plan047_deadline_steps) (operation='head_fsync', when='equal') ... ERROR
  test_progress_plan047_deadline_steps (test_vipe_benchmark_supervisor.HelperSessionTests.test_progress_plan047_deadline_steps) (operation='head_fsync', when='after') ... ERROR
  test_progress_plan047_deadline_steps (test_vipe_benchmark_supervisor.HelperSessionTests.test_progress_plan047_deadline_steps) (operation='head_close', when='before') ... ERROR
  test_progress_plan047_deadline_steps (test_vipe_benchmark_supervisor.HelperSessionTests.test_progress_plan047_deadline_steps) (operation='head_close', when='equal') ... ERROR
  test_progress_plan047_deadline_steps (test_vipe_benchmark_supervisor.HelperSessionTests.test_progress_plan047_deadline_steps) (operation='head_close', when='after') ... ERROR
  test_progress_plan047_deadline_steps (test_vipe_benchmark_supervisor.HelperSessionTests.test_progress_plan047_deadline_steps) (operation='head_readback', when='before') ... ERROR
  test_progress_plan047_deadline_steps (test_vipe_benchmark_supervisor.HelperSessionTests.test_progress_plan047_deadline_steps) (operation='head_readback', when='equal') ... ERROR
  test_progress_plan047_deadline_steps (test_vipe_benchmark_supervisor.HelperSessionTests.test_progress_plan047_deadline_steps) (operation='head_readback', when='after') ... ERROR
  test_progress_plan047_deadline_steps (test_vipe_benchmark_supervisor.HelperSessionTests.test_progress_plan047_deadline_steps) (operation='generation_install', when='before') ... ERROR
  test_progress_plan047_deadline_steps (test_vipe_benchmark_supervisor.HelperSessionTests.test_progress_plan047_deadline_steps) (operation='generation_install', when='equal') ... ERROR
  test_progress_plan047_deadline_steps (test_vipe_benchmark_supervisor.HelperSessionTests.test_progress_plan047_deadline_steps) (operation='generation_install', when='after') ... ERROR
  test_progress_plan047_deadline_steps (test_vipe_benchmark_supervisor.HelperSessionTests.test_progress_plan047_deadline_steps) (operation='generation_dir_fsync', when='before') ... ERROR
  test_progress_plan047_deadline_steps (test_vipe_benchmark_supervisor.HelperSessionTests.test_progress_plan047_deadline_steps) (operation='generation_dir_fsync', when='equal') ... ERROR
  test_progress_plan047_deadline_steps (test_vipe_benchmark_supervisor.HelperSessionTests.test_progress_plan047_deadline_steps) (operation='generation_dir_fsync', when='after') ... ERROR
  test_progress_plan047_deadline_steps (test_vipe_benchmark_supervisor.HelperSessionTests.test_progress_plan047_deadline_steps) (operation='generation_reopen_hash', when='before') ... ERROR
  test_progress_plan047_deadline_steps (test_vipe_benchmark_supervisor.HelperSessionTests.test_progress_plan047_deadline_steps) (operation='generation_reopen_hash', when='equal') ... ERROR
  test_progress_plan047_deadline_steps (test_vipe_benchmark_supervisor.HelperSessionTests.test_progress_plan047_deadline_steps) (operation='generation_reopen_hash', when='after') ... ERROR
  test_progress_plan047_deadline_steps (test_vipe_benchmark_supervisor.HelperSessionTests.test_progress_plan047_deadline_steps) (operation='head_install', when='before') ... ERROR
  test_progress_plan047_deadline_steps (test_vipe_benchmark_supervisor.HelperSessionTests.test_progress_plan047_deadline_steps) (operation='head_install', when='equal') ... ERROR
  test_progress_plan047_deadline_steps (test_vipe_benchmark_supervisor.HelperSessionTests.test_progress_plan047_deadline_steps) (operation='head_install', when='after') ... ERROR
  test_progress_plan047_deadline_steps (test_vipe_benchmark_supervisor.HelperSessionTests.test_progress_plan047_deadline_steps) (operation='head_dir_fsync', when='before') ... ERROR
  test_progress_plan047_deadline_steps (test_vipe_benchmark_supervisor.HelperSessionTests.test_progress_plan047_deadline_steps) (operation='head_dir_fsync', when='equal') ... ERROR
  test_progress_plan047_deadline_steps (test_vipe_benchmark_supervisor.HelperSessionTests.test_progress_plan047_deadline_steps) (operation='head_dir_fsync', when='after') ... ERROR
  test_progress_plan047_deadline_steps (test_vipe_benchmark_supervisor.HelperSessionTests.test_progress_plan047_deadline_steps) (operation='final_head_read', when='before') ... ERROR
  test_progress_plan047_deadline_steps (test_vipe_benchmark_supervisor.HelperSessionTests.test_progress_plan047_deadline_steps) (operation='final_head_read', when='equal') ... ERROR
  test_progress_plan047_deadline_steps (test_vipe_benchmark_supervisor.HelperSessionTests.test_progress_plan047_deadline_steps) (operation='final_head_read', when='after') ... ERROR
  test_progress_plan047_deadline_steps (test_vipe_benchmark_supervisor.HelperSessionTests.test_progress_plan047_deadline_steps) (operation='final_generation_read', when='before') ... ERROR
  test_progress_plan047_deadline_steps (test_vipe_benchmark_supervisor.HelperSessionTests.test_progress_plan047_deadline_steps) (operation='final_generation_read', when='equal') ... ERROR
  test_progress_plan047_deadline_steps (test_vipe_benchmark_supervisor.HelperSessionTests.test_progress_plan047_deadline_steps) (operation='final_generation_read', when='after') ... ERROR
  test_progress_plan047_deadline_steps (test_vipe_benchmark_supervisor.HelperSessionTests.test_progress_plan047_deadline_steps) (operation='notice_send', when='before') ... ERROR
  test_progress_plan047_deadline_steps (test_vipe_benchmark_supervisor.HelperSessionTests.test_progress_plan047_deadline_steps) (operation='notice_send', when='equal') ... ERROR
  test_progress_plan047_deadline_steps (test_vipe_benchmark_supervisor.HelperSessionTests.test_progress_plan047_deadline_steps) (operation='notice_send', when='after') ... ERROR
  test_progress_plan047_deadline_steps (test_vipe_benchmark_supervisor.HelperSessionTests.test_progress_plan047_deadline_steps) (operation='owner_retention', when='before') ... ERROR
  test_progress_plan047_deadline_steps (test_vipe_benchmark_supervisor.HelperSessionTests.test_progress_plan047_deadline_steps) (operation='owner_retention', when='equal') ... ERROR
  test_progress_plan047_deadline_steps (test_vipe_benchmark_supervisor.HelperSessionTests.test_progress_plan047_deadline_steps) (operation='owner_retention', when='after') ... ERROR
  test_progress_plan047_deadline_steps (test_vipe_benchmark_supervisor.HelperSessionTests.test_progress_plan047_deadline_steps) (operation='ack_send', when='before') ... ERROR
  test_progress_plan047_deadline_steps (test_vipe_benchmark_supervisor.HelperSessionTests.test_progress_plan047_deadline_steps) (operation='ack_send', when='equal') ... ERROR
  test_progress_plan047_deadline_steps (test_vipe_benchmark_supervisor.HelperSessionTests.test_progress_plan047_deadline_steps) (operation='ack_send', when='after') ... ERROR
  test_progress_plan047_deadline_steps (test_vipe_benchmark_supervisor.HelperSessionTests.test_progress_plan047_deadline_steps) (operation='ack_receipt', when='before') ... ERROR
  test_progress_plan047_deadline_steps (test_vipe_benchmark_supervisor.HelperSessionTests.test_progress_plan047_deadline_steps) (operation='ack_receipt', when='equal') ... ERROR
  test_progress_plan047_deadline_steps (test_vipe_benchmark_supervisor.HelperSessionTests.test_progress_plan047_deadline_steps) (operation='ack_receipt', when='after') ... ERROR
  test_progress_plan047_deadline_steps (test_vipe_benchmark_supervisor.HelperSessionTests.test_progress_plan047_deadline_steps) (operation='array_npy', when='before') ... ERROR
  test_progress_plan047_deadline_steps (test_vipe_benchmark_supervisor.HelperSessionTests.test_progress_plan047_deadline_steps) (operation='array_npy', when='equal') ... ERROR
  test_progress_plan047_deadline_steps (test_vipe_benchmark_supervisor.HelperSessionTests.test_progress_plan047_deadline_steps) (operation='array_npy', when='after') ... ERROR
  test_progress_plan047_deadline_steps (test_vipe_benchmark_supervisor.HelperSessionTests.test_progress_plan047_deadline_steps) (operation='array_png', when='before') ... ERROR
  test_progress_plan047_deadline_steps (test_vipe_benchmark_supervisor.HelperSessionTests.test_progress_plan047_deadline_steps) (operation='array_png', when='equal') ... ERROR
  test_progress_plan047_deadline_steps (test_vipe_benchmark_supervisor.HelperSessionTests.test_progress_plan047_deadline_steps) (operation='array_png', when='after') ... ERROR
  test_progress_plan047_deadline_steps (test_vipe_benchmark_supervisor.HelperSessionTests.test_progress_plan047_deadline_steps) (operation='npz_member', when='before') ... ERROR
  test_progress_plan047_deadline_steps (test_vipe_benchmark_supervisor.HelperSessionTests.test_progress_plan047_deadline_steps) (operation='npz_member', when='equal') ... ERROR
  test_progress_plan047_deadline_steps (test_vipe_benchmark_supervisor.HelperSessionTests.test_progress_plan047_deadline_steps) (operation='npz_member', when='after') ... ERROR
  test_progress_plan047_deadline_steps (test_vipe_benchmark_supervisor.HelperSessionTests.test_progress_plan047_deadline_steps) (operation='npz_finalize', when='before') ... ERROR
  test_progress_plan047_deadline_steps (test_vipe_benchmark_supervisor.HelperSessionTests.test_progress_plan047_deadline_steps) (operation='npz_finalize', when='equal') ... ERROR
  test_progress_plan047_deadline_steps (test_vipe_benchmark_supervisor.HelperSessionTests.test_progress_plan047_deadline_steps) (operation='npz_finalize', when='after') ... ERROR
  test_progress_plan047_deadline_steps (test_vipe_benchmark_supervisor.HelperSessionTests.test_progress_plan047_deadline_steps) (operation='array_hash', when='before') ... ERROR
  test_progress_plan047_deadline_steps (test_vipe_benchmark_supervisor.HelperSessionTests.test_progress_plan047_deadline_steps) (operation='array_hash', when='equal') ... ERROR
  test_progress_plan047_deadline_steps (test_vipe_benchmark_supervisor.HelperSessionTests.test_progress_plan047_deadline_steps) (operation='array_hash', when='after') ... ERROR
  test_progress_plan047_deadline_steps (test_vipe_benchmark_supervisor.HelperSessionTests.test_progress_plan047_deadline_steps) (operation='produced_json', when='before') ... ERROR
  test_progress_plan047_deadline_steps (test_vipe_benchmark_supervisor.HelperSessionTests.test_progress_plan047_deadline_steps) (operation='produced_json', when='equal') ... ERROR
  test_progress_plan047_deadline_steps (test_vipe_benchmark_supervisor.HelperSessionTests.test_progress_plan047_deadline_steps) (operation='produced_json', when='after') ... ERROR
  test_progress_plan047_deadline_steps (test_vipe_benchmark_supervisor.HelperSessionTests.test_progress_plan047_deadline_steps) (operation='produced_read', when='before') ... ERROR
  test_progress_plan047_deadline_steps (test_vipe_benchmark_supervisor.HelperSessionTests.test_progress_plan047_deadline_steps) (operation='produced_read', when='equal') ... ERROR
  test_progress_plan047_deadline_steps (test_vipe_benchmark_supervisor.HelperSessionTests.test_progress_plan047_deadline_steps) (operation='produced_read', when='after') ... ERROR
  test_progress_plan047_deadline_steps (test_vipe_benchmark_supervisor.HelperSessionTests.test_progress_plan047_deadline_steps) (operation='produced_guard', when='before') ... ERROR
  test_progress_plan047_deadline_steps (test_vipe_benchmark_supervisor.HelperSessionTests.test_progress_plan047_deadline_steps) (operation='produced_guard', when='equal') ... ERROR
  test_progress_plan047_deadline_steps (test_vipe_benchmark_supervisor.HelperSessionTests.test_progress_plan047_deadline_steps) (operation='produced_guard', when='after') ... ERROR
  test_progress_plan047_deadline_steps (test_vipe_benchmark_supervisor.HelperSessionTests.test_progress_plan047_deadline_steps) (operation='qualified_guard', when='before') ... ERROR
  test_progress_plan047_deadline_steps (test_vipe_benchmark_supervisor.HelperSessionTests.test_progress_plan047_deadline_steps) (operation='qualified_guard', when='equal') ... ERROR
  test_progress_plan047_deadline_steps (test_vipe_benchmark_supervisor.HelperSessionTests.test_progress_plan047_deadline_steps) (operation='qualified_guard', when='after') ... ERROR
  test_progress_plan047_deadline_steps (test_vipe_benchmark_supervisor.HelperSessionTests.test_progress_plan047_deadline_steps) (operation='first_guard', when='before') ... ERROR
  test_progress_plan047_deadline_steps (test_vipe_benchmark_supervisor.HelperSessionTests.test_progress_plan047_deadline_steps) (operation='first_guard', when='equal') ... ERROR
  test_progress_plan047_deadline_steps (test_vipe_benchmark_supervisor.HelperSessionTests.test_progress_plan047_deadline_steps) (operation='first_guard', when='after') ... ERROR
  test_progress_plan047_deadline_steps (test_vipe_benchmark_supervisor.HelperSessionTests.test_progress_plan047_deadline_steps) (operation='runtime_guard', when='before') ... ERROR
  test_progress_plan047_deadline_steps (test_vipe_benchmark_supervisor.HelperSessionTests.test_progress_plan047_deadline_steps) (operation='runtime_guard', when='equal') ... ERROR
  test_progress_plan047_deadline_steps (test_vipe_benchmark_supervisor.HelperSessionTests.test_progress_plan047_deadline_steps) (operation='runtime_guard', when='after') ... ERROR
  test_progress_plan047_deadline_steps (test_vipe_benchmark_supervisor.HelperSessionTests.test_progress_plan047_deadline_steps) (operation='reuse_after_read', when='before') ... ERROR
  test_progress_plan047_deadline_steps (test_vipe_benchmark_supervisor.HelperSessionTests.test_progress_plan047_deadline_steps) (operation='reuse_after_read', when='equal') ... ERROR
  test_progress_plan047_deadline_steps (test_vipe_benchmark_supervisor.HelperSessionTests.test_progress_plan047_deadline_steps) (operation='reuse_after_read', when='after') ... ERROR
  test_progress_plan047_deadline_steps (test_vipe_benchmark_supervisor.HelperSessionTests.test_progress_plan047_deadline_steps) (operation='cleanup_next_array', when='before') ... ERROR
  test_progress_plan047_deadline_steps (test_vipe_benchmark_supervisor.HelperSessionTests.test_progress_plan047_deadline_steps) (operation='cleanup_next_array', when='equal') ... ERROR
  test_progress_plan047_deadline_steps (test_vipe_benchmark_supervisor.HelperSessionTests.test_progress_plan047_deadline_steps) (operation='cleanup_next_array', when='after') ... ERROR
  test_progress_plan047_deadline_steps (test_vipe_benchmark_supervisor.HelperSessionTests.test_progress_plan047_deadline_steps) (operation='accept_after_read', when='before') ... ERROR
  test_progress_plan047_deadline_steps (test_vipe_benchmark_supervisor.HelperSessionTests.test_progress_plan047_deadline_steps) (operation='accept_after_read', when='equal') ... ERROR
  test_progress_plan047_deadline_steps (test_vipe_benchmark_supervisor.HelperSessionTests.test_progress_plan047_deadline_steps) (operation='accept_after_read', when='after') ... ERROR
  test_progress_plan047_deadline_steps (test_vipe_benchmark_supervisor.HelperSessionTests.test_progress_plan047_deadline_steps) (operation='complete_after_read', when='before') ... ERROR
  test_progress_plan047_deadline_steps (test_vipe_benchmark_supervisor.HelperSessionTests.test_progress_plan047_deadline_steps) (operation='complete_after_read', when='equal') ... ERROR
  test_progress_plan047_deadline_steps (test_vipe_benchmark_supervisor.HelperSessionTests.test_progress_plan047_deadline_steps) (operation='complete_after_read', when='after') ... ERROR
  test_progress_plan047_deadline_steps (test_vipe_benchmark_supervisor.HelperSessionTests.test_progress_plan047_deadline_steps) (operation='next_input', when='before') ... ERROR
  test_progress_plan047_deadline_steps (test_vipe_benchmark_supervisor.HelperSessionTests.test_progress_plan047_deadline_steps) (operation='next_input', when='equal') ... ERROR
  test_progress_plan047_deadline_steps (test_vipe_benchmark_supervisor.HelperSessionTests.test_progress_plan047_deadline_steps) (operation='next_input', when='after') ... ERROR
  test_progress_plan047_deadline_steps (test_vipe_benchmark_supervisor.HelperSessionTests.test_progress_plan047_deadline_steps) (operation='worker_popen', when='before') ... ERROR
  test_progress_plan047_deadline_steps (test_vipe_benchmark_supervisor.HelperSessionTests.test_progress_plan047_deadline_steps) (operation='worker_popen', when='equal') ... ERROR
  test_progress_plan047_deadline_steps (test_vipe_benchmark_supervisor.HelperSessionTests.test_progress_plan047_deadline_steps) (operation='worker_popen', when='after') ... ERROR
test_progress_plan047_limits (test_vipe_benchmark_supervisor.HelperSessionTests.test_progress_plan047_limits) ... ERROR
test_progress_plan047_nested (test_vipe_benchmark_supervisor.HelperSessionTests.test_progress_plan047_nested) ... ERROR
test_progress_plan047_ownership (test_vipe_benchmark_supervisor.HelperSessionTests.test_progress_plan047_ownership) ... 
  test_progress_plan047_ownership (test_vipe_benchmark_supervisor.HelperSessionTests.test_progress_plan047_ownership) (kind='paired_env_foreign_output') ... FAIL
  test_progress_plan047_ownership (test_vipe_benchmark_supervisor.HelperSessionTests.test_progress_plan047_ownership) (kind='stale_dispatch016') ... FAIL
  test_progress_plan047_ownership (test_vipe_benchmark_supervisor.HelperSessionTests.test_progress_plan047_ownership) (kind='forged_dispatch_env') ... FAIL
  test_progress_plan047_ownership (test_vipe_benchmark_supervisor.HelperSessionTests.test_progress_plan047_ownership) (kind='ancestor_empty') ... FAIL
  test_progress_plan047_ownership (test_vipe_benchmark_supervisor.HelperSessionTests.test_progress_plan047_ownership) (kind='ancestor_truncated') ... FAIL
  test_progress_plan047_ownership (test_vipe_benchmark_supervisor.HelperSessionTests.test_progress_plan047_ownership) (kind='ancestor_cycle') ... FAIL
  test_progress_plan047_ownership (test_vipe_benchmark_supervisor.HelperSessionTests.test_progress_plan047_ownership) (kind='ancestor_terminal_changed') ... FAIL
  test_progress_plan047_ownership (test_vipe_benchmark_supervisor.HelperSessionTests.test_progress_plan047_ownership) (kind='registry_worker_dispatch') ... FAIL
  test_progress_plan047_ownership (test_vipe_benchmark_supervisor.HelperSessionTests.test_progress_plan047_ownership) (kind='wrapper_unproven') ... FAIL
test_progress_plan047_publication_faults (test_vipe_benchmark_supervisor.HelperSessionTests.test_progress_plan047_publication_faults) ... 
  test_progress_plan047_publication_faults (test_vipe_benchmark_supervisor.HelperSessionTests.test_progress_plan047_publication_faults) (kind='checkpoint_open') ... ERROR
  test_progress_plan047_publication_faults (test_vipe_benchmark_supervisor.HelperSessionTests.test_progress_plan047_publication_faults) (kind='checkpoint_write_short') ... ERROR
  test_progress_plan047_publication_faults (test_vipe_benchmark_supervisor.HelperSessionTests.test_progress_plan047_publication_faults) (kind='checkpoint_flush') ... ERROR
  test_progress_plan047_publication_faults (test_vipe_benchmark_supervisor.HelperSessionTests.test_progress_plan047_publication_faults) (kind='checkpoint_fsync') ... ERROR
  test_progress_plan047_publication_faults (test_vipe_benchmark_supervisor.HelperSessionTests.test_progress_plan047_publication_faults) (kind='checkpoint_close') ... ERROR
  test_progress_plan047_publication_faults (test_vipe_benchmark_supervisor.HelperSessionTests.test_progress_plan047_publication_faults) (kind='checkpoint_readback') ... ERROR
  test_progress_plan047_publication_faults (test_vipe_benchmark_supervisor.HelperSessionTests.test_progress_plan047_publication_faults) (kind='head_open') ... ERROR
  test_progress_plan047_publication_faults (test_vipe_benchmark_supervisor.HelperSessionTests.test_progress_plan047_publication_faults) (kind='head_write_short') ... ERROR
  test_progress_plan047_publication_faults (test_vipe_benchmark_supervisor.HelperSessionTests.test_progress_plan047_publication_faults) (kind='head_flush') ... ERROR
  test_progress_plan047_publication_faults (test_vipe_benchmark_supervisor.HelperSessionTests.test_progress_plan047_publication_faults) (kind='head_fsync') ... ERROR
  test_progress_plan047_publication_faults (test_vipe_benchmark_supervisor.HelperSessionTests.test_progress_plan047_publication_faults) (kind='head_close') ... ERROR
  test_progress_plan047_publication_faults (test_vipe_benchmark_supervisor.HelperSessionTests.test_progress_plan047_publication_faults) (kind='head_readback') ... ERROR
  test_progress_plan047_publication_faults (test_vipe_benchmark_supervisor.HelperSessionTests.test_progress_plan047_publication_faults) (kind='generation_collision_exact') ... ERROR
  test_progress_plan047_publication_faults (test_vipe_benchmark_supervisor.HelperSessionTests.test_progress_plan047_publication_faults) (kind='generation_collision_changed') ... ERROR
  test_progress_plan047_publication_faults (test_vipe_benchmark_supervisor.HelperSessionTests.test_progress_plan047_publication_faults) (kind='generation_dir_fsync') ... ERROR
  test_progress_plan047_publication_faults (test_vipe_benchmark_supervisor.HelperSessionTests.test_progress_plan047_publication_faults) (kind='head_dir_fsync') ... ERROR
  test_progress_plan047_publication_faults (test_vipe_benchmark_supervisor.HelperSessionTests.test_progress_plan047_publication_faults) (kind='final_generation_readback') ... ERROR
  test_progress_plan047_publication_faults (test_vipe_benchmark_supervisor.HelperSessionTests.test_progress_plan047_publication_faults) (kind='final_head_readback') ... ERROR
  test_progress_plan047_publication_faults (test_vipe_benchmark_supervisor.HelperSessionTests.test_progress_plan047_publication_faults) (kind='ack_send_short') ... ERROR
  test_progress_plan047_publication_faults (test_vipe_benchmark_supervisor.HelperSessionTests.test_progress_plan047_publication_faults) (kind='ack_send_late') ... ERROR
  test_progress_plan047_publication_faults (test_vipe_benchmark_supervisor.HelperSessionTests.test_progress_plan047_publication_faults) (kind='ack_receive_late') ... ERROR
  test_progress_plan047_publication_faults (test_vipe_benchmark_supervisor.HelperSessionTests.test_progress_plan047_publication_faults) (kind='owner_retention_error') ... ERROR
test_progress_plan047_recovery (test_vipe_benchmark_supervisor.HelperSessionTests.test_progress_plan047_recovery) ... 
  test_progress_plan047_recovery (test_vipe_benchmark_supervisor.HelperSessionTests.test_progress_plan047_recovery) (kind='accepted_exact') ... ERROR
  test_progress_plan047_recovery (test_vipe_benchmark_supervisor.HelperSessionTests.test_progress_plan047_recovery) (kind='optional_valid_successor') ... ERROR
  test_progress_plan047_recovery (test_vipe_benchmark_supervisor.HelperSessionTests.test_progress_plan047_recovery) (kind='optional_successor_body_missing') ... ERROR
  test_progress_plan047_recovery (test_vipe_benchmark_supervisor.HelperSessionTests.test_progress_plan047_recovery) (kind='optional_successor_body_truncated') ... ERROR
  test_progress_plan047_recovery (test_vipe_benchmark_supervisor.HelperSessionTests.test_progress_plan047_recovery) (kind='optional_successor_head_truncated') ... ERROR
  test_progress_plan047_recovery (test_vipe_benchmark_supervisor.HelperSessionTests.test_progress_plan047_recovery) (kind='head_missing_no_intent') ... ERROR
  test_progress_plan047_recovery (test_vipe_benchmark_supervisor.HelperSessionTests.test_progress_plan047_recovery) (kind='head_truncated_no_intent') ... ERROR
  test_progress_plan047_recovery (test_vipe_benchmark_supervisor.HelperSessionTests.test_progress_plan047_recovery) (kind='accepted_body_missing') ... ERROR
  test_progress_plan047_recovery (test_vipe_benchmark_supervisor.HelperSessionTests.test_progress_plan047_recovery) (kind='accepted_body_changed') ... ERROR
  test_progress_plan047_recovery (test_vipe_benchmark_supervisor.HelperSessionTests.test_progress_plan047_recovery) (kind='accepted_head_changed') ... ERROR
  test_progress_plan047_recovery (test_vipe_benchmark_supervisor.HelperSessionTests.test_progress_plan047_recovery) (kind='head_regressed') ... ERROR
  test_progress_plan047_recovery (test_vipe_benchmark_supervisor.HelperSessionTests.test_progress_plan047_recovery) (kind='context_changed') ... ERROR
  test_progress_plan047_recovery (test_vipe_benchmark_supervisor.HelperSessionTests.test_progress_plan047_recovery) (kind='foreign_provenance') ... ERROR
  test_progress_plan047_recovery (test_vipe_benchmark_supervisor.HelperSessionTests.test_progress_plan047_recovery) (kind='unacknowledged_only') ... ERROR
  test_progress_plan047_recovery (test_vipe_benchmark_supervisor.HelperSessionTests.test_progress_plan047_recovery) (kind='history_tripwire') ... ERROR
  test_progress_plan047_recovery (test_vipe_benchmark_supervisor.HelperSessionTests.test_progress_plan047_recovery) (kind='current_previous_retention') ... ERROR
  test_progress_plan047_recovery (test_vipe_benchmark_supervisor.HelperSessionTests.test_progress_plan047_recovery) (kind='late_recovery') ... ERROR
test_progress_plan047_result_summary (test_vipe_benchmark_supervisor.HelperSessionTests.test_progress_plan047_result_summary) ... ERROR
test_progress_plan047_state_authority (test_vipe_benchmark_supervisor.HelperSessionTests.test_progress_plan047_state_authority) ... 
  test_progress_plan047_state_authority (test_vipe_benchmark_supervisor.HelperSessionTests.test_progress_plan047_state_authority) (kind='produced_then_semantic_failure') ... ERROR
  test_progress_plan047_state_authority (test_vipe_benchmark_supervisor.HelperSessionTests.test_progress_plan047_state_authority) (kind='first_identity_semantics') ... ERROR
  test_progress_plan047_state_authority (test_vipe_benchmark_supervisor.HelperSessionTests.test_progress_plan047_state_authority) (kind='worker_reuse_exact') ... ERROR
  test_progress_plan047_state_authority (test_vipe_benchmark_supervisor.HelperSessionTests.test_progress_plan047_state_authority) (kind='worker_stale_interleave') ... ERROR
  test_progress_plan047_state_authority (test_vipe_benchmark_supervisor.HelperSessionTests.test_progress_plan047_state_authority) (kind='worker_future_reference') ... ERROR
  test_progress_plan047_state_authority (test_vipe_benchmark_supervisor.HelperSessionTests.test_progress_plan047_state_authority) (kind='worker_self_reference') ... ERROR
  test_progress_plan047_state_authority (test_vipe_benchmark_supervisor.HelperSessionTests.test_progress_plan047_state_authority) (kind='worker_qualified_overclaim') ... ERROR
  test_progress_plan047_state_authority (test_vipe_benchmark_supervisor.HelperSessionTests.test_progress_plan047_state_authority) (kind='worker_sources_changed') ... ERROR
  test_progress_plan047_state_authority (test_vipe_benchmark_supervisor.HelperSessionTests.test_progress_plan047_state_authority) (kind='worker_row_version_changed') ... ERROR
  test_progress_plan047_state_authority (test_vipe_benchmark_supervisor.HelperSessionTests.test_progress_plan047_state_authority) (kind='worker_detached_identity') ... ERROR
  test_progress_plan047_state_authority (test_vipe_benchmark_supervisor.HelperSessionTests.test_progress_plan047_state_authority) (kind='trusted_conflict') ... ERROR
  test_progress_plan047_state_authority (test_vipe_benchmark_supervisor.HelperSessionTests.test_progress_plan047_state_authority) (kind='discovered_conflict') ... ERROR
  test_progress_plan047_state_authority (test_vipe_benchmark_supervisor.HelperSessionTests.test_progress_plan047_state_authority) (kind='fallback_no_unique_version') ... ERROR
  test_progress_plan047_state_authority (test_vipe_benchmark_supervisor.HelperSessionTests.test_progress_plan047_state_authority) (kind='fallback_invalidated') ... ERROR
  test_progress_plan047_state_authority (test_vipe_benchmark_supervisor.HelperSessionTests.test_progress_plan047_state_authority) (kind='conflict_to_closed') ... ERROR
  test_progress_plan047_state_authority (test_vipe_benchmark_supervisor.HelperSessionTests.test_progress_plan047_state_authority) (kind='overflow_to_closed') ... ERROR
  test_progress_plan047_state_authority (test_vipe_benchmark_supervisor.HelperSessionTests.test_progress_plan047_state_authority) (kind='overflow_to_incomplete') ... ERROR
  test_progress_plan047_state_authority (test_vipe_benchmark_supervisor.HelperSessionTests.test_progress_plan047_state_authority) (kind='conflict_plus_overflow') ... ERROR
  test_progress_plan047_state_authority (test_vipe_benchmark_supervisor.HelperSessionTests.test_progress_plan047_state_authority) (kind='errors_saturation') ... ERROR
  test_progress_plan047_state_authority (test_vipe_benchmark_supervisor.HelperSessionTests.test_progress_plan047_state_authority) (kind='diagnostics_drop_regression') ... ERROR
  test_progress_plan047_state_authority (test_vipe_benchmark_supervisor.HelperSessionTests.test_progress_plan047_state_authority) (kind='diagnostics_primary_replaced') ... ERROR
  test_progress_plan047_state_authority (test_vipe_benchmark_supervisor.HelperSessionTests.test_progress_plan047_state_authority) (kind='checkpoint_v1_rejected') ... ERROR
  test_progress_plan047_state_authority (test_vipe_benchmark_supervisor.HelperSessionTests.test_progress_plan047_state_authority) (kind='qualification_regression') ... ERROR
  test_progress_plan047_state_authority (test_vipe_benchmark_supervisor.HelperSessionTests.test_progress_plan047_state_authority) (kind='first_runtime_regression') ... ERROR
  test_progress_plan047_state_authority (test_vipe_benchmark_supervisor.HelperSessionTests.test_progress_plan047_state_authority) (kind='acceptance_regression') ... ERROR
  test_progress_plan047_state_authority (test_vipe_benchmark_supervisor.HelperSessionTests.test_progress_plan047_state_authority) (kind='duplicate_exact') ... ERROR
  test_progress_plan047_state_authority (test_vipe_benchmark_supervisor.HelperSessionTests.test_progress_plan047_state_authority) (kind='duplicate_conflict') ... ERROR
  test_progress_plan047_state_authority (test_vipe_benchmark_supervisor.HelperSessionTests.test_progress_plan047_state_authority) (kind='sequence_replay') ... ERROR
  test_progress_plan047_state_authority (test_vipe_benchmark_supervisor.HelperSessionTests.test_progress_plan047_state_authority) (kind='sequence_jump') ... ERROR
  test_progress_plan047_state_authority (test_vipe_benchmark_supervisor.HelperSessionTests.test_progress_plan047_state_authority) (kind='request_changed_late') ... ERROR
test_progress_plan048_pure_memo (test_vipe_benchmark_supervisor.HelperSessionTests.test_progress_plan048_pure_memo) ... 
  test_progress_plan048_pure_memo (test_vipe_benchmark_supervisor.HelperSessionTests.test_progress_plan048_pure_memo) (kind='context_changed') ... ERROR
  test_progress_plan048_pure_memo (test_vipe_benchmark_supervisor.HelperSessionTests.test_progress_plan048_pure_memo) (kind='source_changed') ... ERROR
test_progress_strict_primitives (test_vipe_benchmark_supervisor.HelperSessionTests.test_progress_strict_primitives) ... ok
test_resource_field_mutations (test_vipe_benchmark_supervisor.HelperSessionTests.test_resource_field_mutations) ... ok
test_sample_typed_timing_mutations (test_vipe_benchmark_supervisor.HelperSessionTests.test_sample_typed_timing_mutations) ... ok

======================================================================
ERROR: test_l24_summary_reference_adapter (test_vipe_benchmark_supervisor.HelperSessionTests.test_l24_summary_reference_adapter)
----------------------------------------------------------------------
Traceback (most recent call last):
  File "/home/auss/git_repos/samaust/Experiments_4DGS/tests/test_vipe_benchmark_supervisor.py", line 1429, in test_l24_summary_reference_adapter
    result=self.work(session,operation=operation)
  File "/home/auss/git_repos/samaust/Experiments_4DGS/tests/test_vipe_benchmark_supervisor.py", line 1235, in work
    return sup.monitored_call(operation or self.operation,min(session.fixture_action_end,self.time.monotonic()+seconds),
           ~~~~~~~~~~~~~~~~~~^^^^^^^^^^^^^^^^^^^^^^^^^^^^^^^^^^^^^^^^^^^^^^^^^^^^^^^^^^^^^^^^^^^^^^^^^^^^^^^^^^^^^^^^^^^
        sampler or self.sampler,load(),{},lifecycle=life)
        ^^^^^^^^^^^^^^^^^^^^^^^^^^^^^^^^^^^^^^^^^^^^^^^^^
  File "/home/auss/git_repos/samaust/Experiments_4DGS/scripts/vipe_benchmark/supervisor.py", line 184, in monitored_call
    responses = session.tick(deadline)
  File "/home/auss/git_repos/samaust/Experiments_4DGS/tests/test_vipe_benchmark_supervisor.py", line 1144, in observed
    result=operation(*args,**kwargs);return result
  File "/home/auss/git_repos/samaust/Experiments_4DGS/scripts/vipe_benchmark/s1_helper_session.py", line 1108, in tick
    raise RuntimeError('helper operation failed: '+str(payload['value']))
RuntimeError: helper operation failed: {'error_class': 'ValueError', 'message': 'captured reserve event required'}

======================================================================
ERROR: test_l35_exited_leader_live_descendant (test_vipe_benchmark_supervisor.HelperSessionTests.test_l35_exited_leader_live_descendant)
----------------------------------------------------------------------
Traceback (most recent call last):
  File "/home/auss/git_repos/samaust/Experiments_4DGS/tests/test_vipe_benchmark_supervisor.py", line 1625, in test_l35_exited_leader_live_descendant
    self.record_census(session,extra=(worker.pid,int(marker.read_text())))
                                                     ~~~~~~~~~~~~~~~~^^
  File "/usr/lib/python3.14/pathlib/__init__.py", line 787, in read_text
    with self.open(mode='r', encoding=encoding, errors=errors, newline=newline) as f:
         ~~~~~~~~~^^^^^^^^^^^^^^^^^^^^^^^^^^^^^^^^^^^^^^^^^^^^^^^^^^^^^^^^^^^^^
  File "/usr/lib/python3.14/pathlib/__init__.py", line 771, in open
    return io.open(self, mode, buffering, encoding, errors, newline)
           ~~~~~~~^^^^^^^^^^^^^^^^^^^^^^^^^^^^^^^^^^^^^^^^^^^^^^^^^^
FileNotFoundError: [Errno 2] No such file or directory: '/tmp/tmp_3ioyvnr/ready'
timing_or_cleanup_check_1: AssertionError: 2.0016216569929384 not less than or equal to 2

======================================================================
ERROR: test_l36_ambiguous_native_start_retained (test_vipe_benchmark_supervisor.HelperSessionTests.test_l36_ambiguous_native_start_retained)
----------------------------------------------------------------------
Traceback (most recent call last):
  File "/home/auss/git_repos/samaust/Experiments_4DGS/tests/test_vipe_benchmark_supervisor.py", line 1653, in test_l36_ambiguous_native_start_retained
    self.assertTrue(acquired)
    ~~~~~~~~~~~~~~~^^^^^^^^^^
AssertionError: [] is not true

During handling of the above exception, another exception occurred:

Traceback (most recent call last):
  File "/home/auss/git_repos/samaust/Experiments_4DGS/tests/test_vipe_benchmark_supervisor.py", line 1667, in test_l36_ambiguous_native_start_retained
    production=production,cleanup_confirmed=cleaned,execution_seconds=returned-started,cleanup_seconds=ended-returned,end=ended,
               ^^^^^^^^^^
UnboundLocalError: cannot access local variable 'production' where it is not associated with a value

======================================================================
ERROR: test_progress_closed_inventory_and_faults (test_vipe_benchmark_supervisor.HelperSessionTests.test_progress_closed_inventory_and_faults) (kind='deadline')
----------------------------------------------------------------------
Traceback (most recent call last):
  File "/home/auss/git_repos/samaust/Experiments_4DGS/tests/test_vipe_benchmark_supervisor.py", line 2012, in test_progress_closed_inventory_and_faults
    result=e.reconcile_rows(output,fixture['request'],deadline=0)
  File "/home/auss/git_repos/samaust/Experiments_4DGS/scripts/vipe_benchmark/s1_evidence.py", line 407, in reconcile_rows
    try:return operation(_reconcile_rows,output,request,result=result,deadline_value=deadline,
               ~~~~~~~~~^^^^^^^^^^^^^^^^^^^^^^^^^^^^^^^^^^^^^^^^^^^^^^^^^^^^^^^^^^^^^^^^^^^^^^
        publisher=publisher,memo=memo,deadline=deadline)
        ^^^^^^^^^^^^^^^^^^^^^^^^^^^^^^^^^^^^^^^^^^^^^^^^
  File "/home/auss/git_repos/samaust/Experiments_4DGS/scripts/vipe_benchmark/s1_progress.py", line 307, in operation
    if active is not None:before(active)
                          ~~~~~~^^^^^^^^
  File "/home/auss/git_repos/samaust/Experiments_4DGS/scripts/vipe_benchmark/s1_progress.py", line 296, in before
    raise TimeoutError('progress original work deadline')
TimeoutError: progress original work deadline

======================================================================
ERROR: test_progress_metadata_mutations (test_vipe_benchmark_supervisor.HelperSessionTests.test_progress_metadata_mutations)
----------------------------------------------------------------------
Traceback (most recent call last):
  File "/home/auss/git_repos/samaust/Experiments_4DGS/tests/test_vipe_benchmark_supervisor.py", line 1954, in test_progress_metadata_mutations
    with inline_progress(root,clock,fixture['request'],load()) as (reference,cache):
         ~~~~~~~~~~~~~~~^^^^^^^^^^^^^^^^^^^^^^^^^^^^^^^^^^^^^^
  File "/usr/lib/python3.14/contextlib.py", line 141, in __enter__
    return next(self.gen)
  File "/home/auss/git_repos/samaust/Experiments_4DGS/tests/test_vipe_benchmark_s1_helper_fixtures.py", line 404, in owned
    consumer=p.Consumer(ref,cache,lambda:False,lambda producer:(binding,1))
  File "/home/auss/git_repos/samaust/Experiments_4DGS/scripts/vipe_benchmark/s1_progress.py", line 815, in __init__
    self.cancelled=cancelled;self.bindings=bindings;self.current={};self.previous={};self.provenance={};self.channel=mailbox(self.context,'owner')
                                                                                                                     ~~~~~~~^^^^^^^^^^^^^^^^^^^^^^
  File "/home/auss/git_repos/samaust/Experiments_4DGS/scripts/vipe_benchmark/s1_progress.py", line 611, in mailbox
    channel=socket.socket(socket.AF_UNIX,socket.SOCK_DGRAM)
  File "/usr/lib/python3.14/socket.py", line 236, in __init__
    _socket.socket.__init__(self, family, type, proto, fileno)
    ~~~~~~~~~~~~~~~~~~~~~~~^^^^^^^^^^^^^^^^^^^^^^^^^^^^^^^^^^^
PermissionError: [Errno 1] Operation not permitted

======================================================================
ERROR: test_progress_plan046_protocol (test_vipe_benchmark_supervisor.HelperSessionTests.test_progress_plan046_protocol)
----------------------------------------------------------------------
Traceback (most recent call last):
  File "/home/auss/git_repos/samaust/Experiments_4DGS/tests/test_vipe_benchmark_supervisor.py", line 2172, in test_progress_plan046_protocol
    with inline_progress(root,clock,fixture['request'],load()) as (reference,cache):
         ~~~~~~~~~~~~~~~^^^^^^^^^^^^^^^^^^^^^^^^^^^^^^^^^^^^^^
  File "/usr/lib/python3.14/contextlib.py", line 141, in __enter__
    return next(self.gen)
  File "/home/auss/git_repos/samaust/Experiments_4DGS/tests/test_vipe_benchmark_s1_helper_fixtures.py", line 404, in owned
    consumer=p.Consumer(ref,cache,lambda:False,lambda producer:(binding,1))
  File "/home/auss/git_repos/samaust/Experiments_4DGS/scripts/vipe_benchmark/s1_progress.py", line 815, in __init__
    self.cancelled=cancelled;self.bindings=bindings;self.current={};self.previous={};self.provenance={};self.channel=mailbox(self.context,'owner')
                                                                                                                     ~~~~~~~^^^^^^^^^^^^^^^^^^^^^^
  File "/home/auss/git_repos/samaust/Experiments_4DGS/scripts/vipe_benchmark/s1_progress.py", line 611, in mailbox
    channel=socket.socket(socket.AF_UNIX,socket.SOCK_DGRAM)
  File "/usr/lib/python3.14/socket.py", line 236, in __init__
    _socket.socket.__init__(self, family, type, proto, fileno)
    ~~~~~~~~~~~~~~~~~~~~~~~^^^^^^^^^^^^^^^^^^^^^^^^^^^^^^^^^^^
PermissionError: [Errno 1] Operation not permitted

======================================================================
ERROR: test_progress_plan046_publication_faults (test_vipe_benchmark_supervisor.HelperSessionTests.test_progress_plan046_publication_faults) (kind='write')
----------------------------------------------------------------------
Traceback (most recent call last):
  File "/home/auss/git_repos/samaust/Experiments_4DGS/tests/test_vipe_benchmark_supervisor.py", line 2262, in test_progress_plan046_publication_faults
    with inline_progress(root,clock,fixture['request'],load()) as (reference,cache):
         ~~~~~~~~~~~~~~~^^^^^^^^^^^^^^^^^^^^^^^^^^^^^^^^^^^^^^
  File "/usr/lib/python3.14/contextlib.py", line 141, in __enter__
    return next(self.gen)
  File "/home/auss/git_repos/samaust/Experiments_4DGS/tests/test_vipe_benchmark_s1_helper_fixtures.py", line 404, in owned
    consumer=p.Consumer(ref,cache,lambda:False,lambda producer:(binding,1))
  File "/home/auss/git_repos/samaust/Experiments_4DGS/scripts/vipe_benchmark/s1_progress.py", line 815, in __init__
    self.cancelled=cancelled;self.bindings=bindings;self.current={};self.previous={};self.provenance={};self.channel=mailbox(self.context,'owner')
                                                                                                                     ~~~~~~~^^^^^^^^^^^^^^^^^^^^^^
  File "/home/auss/git_repos/samaust/Experiments_4DGS/scripts/vipe_benchmark/s1_progress.py", line 611, in mailbox
    channel=socket.socket(socket.AF_UNIX,socket.SOCK_DGRAM)
  File "/usr/lib/python3.14/socket.py", line 236, in __init__
    _socket.socket.__init__(self, family, type, proto, fileno)
    ~~~~~~~~~~~~~~~~~~~~~~~^^^^^^^^^^^^^^^^^^^^^^^^^^^^^^^^^^^
PermissionError: [Errno 1] Operation not permitted

======================================================================
ERROR: test_progress_plan046_publication_faults (test_vipe_benchmark_supervisor.HelperSessionTests.test_progress_plan046_publication_faults) (kind='flush')
----------------------------------------------------------------------
Traceback (most recent call last):
  File "/home/auss/git_repos/samaust/Experiments_4DGS/tests/test_vipe_benchmark_supervisor.py", line 2262, in test_progress_plan046_publication_faults
    with inline_progress(root,clock,fixture['request'],load()) as (reference,cache):
         ~~~~~~~~~~~~~~~^^^^^^^^^^^^^^^^^^^^^^^^^^^^^^^^^^^^^^
  File "/usr/lib/python3.14/contextlib.py", line 141, in __enter__
    return next(self.gen)
  File "/home/auss/git_repos/samaust/Experiments_4DGS/tests/test_vipe_benchmark_s1_helper_fixtures.py", line 404, in owned
    consumer=p.Consumer(ref,cache,lambda:False,lambda producer:(binding,1))
  File "/home/auss/git_repos/samaust/Experiments_4DGS/scripts/vipe_benchmark/s1_progress.py", line 815, in __init__
    self.cancelled=cancelled;self.bindings=bindings;self.current={};self.previous={};self.provenance={};self.channel=mailbox(self.context,'owner')
                                                                                                                     ~~~~~~~^^^^^^^^^^^^^^^^^^^^^^
  File "/home/auss/git_repos/samaust/Experiments_4DGS/scripts/vipe_benchmark/s1_progress.py", line 611, in mailbox
    channel=socket.socket(socket.AF_UNIX,socket.SOCK_DGRAM)
  File "/usr/lib/python3.14/socket.py", line 236, in __init__
    _socket.socket.__init__(self, family, type, proto, fileno)
    ~~~~~~~~~~~~~~~~~~~~~~~^^^^^^^^^^^^^^^^^^^^^^^^^^^^^^^^^^^
PermissionError: [Errno 1] Operation not permitted

======================================================================
ERROR: test_progress_plan046_publication_faults (test_vipe_benchmark_supervisor.HelperSessionTests.test_progress_plan046_publication_faults) (kind='file_fsync')
----------------------------------------------------------------------
Traceback (most recent call last):
  File "/home/auss/git_repos/samaust/Experiments_4DGS/tests/test_vipe_benchmark_supervisor.py", line 2262, in test_progress_plan046_publication_faults
    with inline_progress(root,clock,fixture['request'],load()) as (reference,cache):
         ~~~~~~~~~~~~~~~^^^^^^^^^^^^^^^^^^^^^^^^^^^^^^^^^^^^^^
  File "/usr/lib/python3.14/contextlib.py", line 141, in __enter__
    return next(self.gen)
  File "/home/auss/git_repos/samaust/Experiments_4DGS/tests/test_vipe_benchmark_s1_helper_fixtures.py", line 404, in owned
    consumer=p.Consumer(ref,cache,lambda:False,lambda producer:(binding,1))
  File "/home/auss/git_repos/samaust/Experiments_4DGS/scripts/vipe_benchmark/s1_progress.py", line 815, in __init__
    self.cancelled=cancelled;self.bindings=bindings;self.current={};self.previous={};self.provenance={};self.channel=mailbox(self.context,'owner')
                                                                                                                     ~~~~~~~^^^^^^^^^^^^^^^^^^^^^^
  File "/home/auss/git_repos/samaust/Experiments_4DGS/scripts/vipe_benchmark/s1_progress.py", line 611, in mailbox
    channel=socket.socket(socket.AF_UNIX,socket.SOCK_DGRAM)
  File "/usr/lib/python3.14/socket.py", line 236, in __init__
    _socket.socket.__init__(self, family, type, proto, fileno)
    ~~~~~~~~~~~~~~~~~~~~~~~^^^^^^^^^^^^^^^^^^^^^^^^^^^^^^^^^^^
PermissionError: [Errno 1] Operation not permitted

======================================================================
ERROR: test_progress_plan046_publication_faults (test_vipe_benchmark_supervisor.HelperSessionTests.test_progress_plan046_publication_faults) (kind='close_readback')
----------------------------------------------------------------------
Traceback (most recent call last):
  File "/home/auss/git_repos/samaust/Experiments_4DGS/tests/test_vipe_benchmark_supervisor.py", line 2262, in test_progress_plan046_publication_faults
    with inline_progress(root,clock,fixture['request'],load()) as (reference,cache):
         ~~~~~~~~~~~~~~~^^^^^^^^^^^^^^^^^^^^^^^^^^^^^^^^^^^^^^
  File "/usr/lib/python3.14/contextlib.py", line 141, in __enter__
    return next(self.gen)
  File "/home/auss/git_repos/samaust/Experiments_4DGS/tests/test_vipe_benchmark_s1_helper_fixtures.py", line 404, in owned
    consumer=p.Consumer(ref,cache,lambda:False,lambda producer:(binding,1))
  File "/home/auss/git_repos/samaust/Experiments_4DGS/scripts/vipe_benchmark/s1_progress.py", line 815, in __init__
    self.cancelled=cancelled;self.bindings=bindings;self.current={};self.previous={};self.provenance={};self.channel=mailbox(self.context,'owner')
                                                                                                                     ~~~~~~~^^^^^^^^^^^^^^^^^^^^^^
  File "/home/auss/git_repos/samaust/Experiments_4DGS/scripts/vipe_benchmark/s1_progress.py", line 611, in mailbox
    channel=socket.socket(socket.AF_UNIX,socket.SOCK_DGRAM)
  File "/usr/lib/python3.14/socket.py", line 236, in __init__
    _socket.socket.__init__(self, family, type, proto, fileno)
    ~~~~~~~~~~~~~~~~~~~~~~~^^^^^^^^^^^^^^^^^^^^^^^^^^^^^^^^^^^
PermissionError: [Errno 1] Operation not permitted

======================================================================
ERROR: test_progress_plan046_publication_faults (test_vipe_benchmark_supervisor.HelperSessionTests.test_progress_plan046_publication_faults) (kind='generation_install')
----------------------------------------------------------------------
Traceback (most recent call last):
  File "/home/auss/git_repos/samaust/Experiments_4DGS/tests/test_vipe_benchmark_supervisor.py", line 2262, in test_progress_plan046_publication_faults
    with inline_progress(root,clock,fixture['request'],load()) as (reference,cache):
         ~~~~~~~~~~~~~~~^^^^^^^^^^^^^^^^^^^^^^^^^^^^^^^^^^^^^^
  File "/usr/lib/python3.14/contextlib.py", line 141, in __enter__
    return next(self.gen)
  File "/home/auss/git_repos/samaust/Experiments_4DGS/tests/test_vipe_benchmark_s1_helper_fixtures.py", line 404, in owned
    consumer=p.Consumer(ref,cache,lambda:False,lambda producer:(binding,1))
  File "/home/auss/git_repos/samaust/Experiments_4DGS/scripts/vipe_benchmark/s1_progress.py", line 815, in __init__
    self.cancelled=cancelled;self.bindings=bindings;self.current={};self.previous={};self.provenance={};self.channel=mailbox(self.context,'owner')
                                                                                                                     ~~~~~~~^^^^^^^^^^^^^^^^^^^^^^
  File "/home/auss/git_repos/samaust/Experiments_4DGS/scripts/vipe_benchmark/s1_progress.py", line 611, in mailbox
    channel=socket.socket(socket.AF_UNIX,socket.SOCK_DGRAM)
  File "/usr/lib/python3.14/socket.py", line 236, in __init__
    _socket.socket.__init__(self, family, type, proto, fileno)
    ~~~~~~~~~~~~~~~~~~~~~~~^^^^^^^^^^^^^^^^^^^^^^^^^^^^^^^^^^^
PermissionError: [Errno 1] Operation not permitted

======================================================================
ERROR: test_progress_plan046_publication_faults (test_vipe_benchmark_supervisor.HelperSessionTests.test_progress_plan046_publication_faults) (kind='generation_directory_fsync')
----------------------------------------------------------------------
Traceback (most recent call last):
  File "/home/auss/git_repos/samaust/Experiments_4DGS/tests/test_vipe_benchmark_supervisor.py", line 2262, in test_progress_plan046_publication_faults
    with inline_progress(root,clock,fixture['request'],load()) as (reference,cache):
         ~~~~~~~~~~~~~~~^^^^^^^^^^^^^^^^^^^^^^^^^^^^^^^^^^^^^^
  File "/usr/lib/python3.14/contextlib.py", line 141, in __enter__
    return next(self.gen)
  File "/home/auss/git_repos/samaust/Experiments_4DGS/tests/test_vipe_benchmark_s1_helper_fixtures.py", line 404, in owned
    consumer=p.Consumer(ref,cache,lambda:False,lambda producer:(binding,1))
  File "/home/auss/git_repos/samaust/Experiments_4DGS/scripts/vipe_benchmark/s1_progress.py", line 815, in __init__
    self.cancelled=cancelled;self.bindings=bindings;self.current={};self.previous={};self.provenance={};self.channel=mailbox(self.context,'owner')
                                                                                                                     ~~~~~~~^^^^^^^^^^^^^^^^^^^^^^
  File "/home/auss/git_repos/samaust/Experiments_4DGS/scripts/vipe_benchmark/s1_progress.py", line 611, in mailbox
    channel=socket.socket(socket.AF_UNIX,socket.SOCK_DGRAM)
  File "/usr/lib/python3.14/socket.py", line 236, in __init__
    _socket.socket.__init__(self, family, type, proto, fileno)
    ~~~~~~~~~~~~~~~~~~~~~~~^^^^^^^^^^^^^^^^^^^^^^^^^^^^^^^^^^^
PermissionError: [Errno 1] Operation not permitted

======================================================================
ERROR: test_progress_plan046_publication_faults (test_vipe_benchmark_supervisor.HelperSessionTests.test_progress_plan046_publication_faults) (kind='head_install')
----------------------------------------------------------------------
Traceback (most recent call last):
  File "/home/auss/git_repos/samaust/Experiments_4DGS/tests/test_vipe_benchmark_supervisor.py", line 2262, in test_progress_plan046_publication_faults
    with inline_progress(root,clock,fixture['request'],load()) as (reference,cache):
         ~~~~~~~~~~~~~~~^^^^^^^^^^^^^^^^^^^^^^^^^^^^^^^^^^^^^^
  File "/usr/lib/python3.14/contextlib.py", line 141, in __enter__
    return next(self.gen)
  File "/home/auss/git_repos/samaust/Experiments_4DGS/tests/test_vipe_benchmark_s1_helper_fixtures.py", line 404, in owned
    consumer=p.Consumer(ref,cache,lambda:False,lambda producer:(binding,1))
  File "/home/auss/git_repos/samaust/Experiments_4DGS/scripts/vipe_benchmark/s1_progress.py", line 815, in __init__
    self.cancelled=cancelled;self.bindings=bindings;self.current={};self.previous={};self.provenance={};self.channel=mailbox(self.context,'owner')
                                                                                                                     ~~~~~~~^^^^^^^^^^^^^^^^^^^^^^
  File "/home/auss/git_repos/samaust/Experiments_4DGS/scripts/vipe_benchmark/s1_progress.py", line 611, in mailbox
    channel=socket.socket(socket.AF_UNIX,socket.SOCK_DGRAM)
  File "/usr/lib/python3.14/socket.py", line 236, in __init__
    _socket.socket.__init__(self, family, type, proto, fileno)
    ~~~~~~~~~~~~~~~~~~~~~~~^^^^^^^^^^^^^^^^^^^^^^^^^^^^^^^^^^^
PermissionError: [Errno 1] Operation not permitted

======================================================================
ERROR: test_progress_plan046_publication_faults (test_vipe_benchmark_supervisor.HelperSessionTests.test_progress_plan046_publication_faults) (kind='head_directory_fsync')
----------------------------------------------------------------------
Traceback (most recent call last):
  File "/home/auss/git_repos/samaust/Experiments_4DGS/tests/test_vipe_benchmark_supervisor.py", line 2262, in test_progress_plan046_publication_faults
    with inline_progress(root,clock,fixture['request'],load()) as (reference,cache):
         ~~~~~~~~~~~~~~~^^^^^^^^^^^^^^^^^^^^^^^^^^^^^^^^^^^^^^
  File "/usr/lib/python3.14/contextlib.py", line 141, in __enter__
    return next(self.gen)
  File "/home/auss/git_repos/samaust/Experiments_4DGS/tests/test_vipe_benchmark_s1_helper_fixtures.py", line 404, in owned
    consumer=p.Consumer(ref,cache,lambda:False,lambda producer:(binding,1))
  File "/home/auss/git_repos/samaust/Experiments_4DGS/scripts/vipe_benchmark/s1_progress.py", line 815, in __init__
    self.cancelled=cancelled;self.bindings=bindings;self.current={};self.previous={};self.provenance={};self.channel=mailbox(self.context,'owner')
                                                                                                                     ~~~~~~~^^^^^^^^^^^^^^^^^^^^^^
  File "/home/auss/git_repos/samaust/Experiments_4DGS/scripts/vipe_benchmark/s1_progress.py", line 611, in mailbox
    channel=socket.socket(socket.AF_UNIX,socket.SOCK_DGRAM)
  File "/usr/lib/python3.14/socket.py", line 236, in __init__
    _socket.socket.__init__(self, family, type, proto, fileno)
    ~~~~~~~~~~~~~~~~~~~~~~~^^^^^^^^^^^^^^^^^^^^^^^^^^^^^^^^^^^
PermissionError: [Errno 1] Operation not permitted

======================================================================
ERROR: test_progress_plan046_publication_faults (test_vipe_benchmark_supervisor.HelperSessionTests.test_progress_plan046_publication_faults) (kind='final_readback')
----------------------------------------------------------------------
Traceback (most recent call last):
  File "/home/auss/git_repos/samaust/Experiments_4DGS/tests/test_vipe_benchmark_supervisor.py", line 2262, in test_progress_plan046_publication_faults
    with inline_progress(root,clock,fixture['request'],load()) as (reference,cache):
         ~~~~~~~~~~~~~~~^^^^^^^^^^^^^^^^^^^^^^^^^^^^^^^^^^^^^^
  File "/usr/lib/python3.14/contextlib.py", line 141, in __enter__
    return next(self.gen)
  File "/home/auss/git_repos/samaust/Experiments_4DGS/tests/test_vipe_benchmark_s1_helper_fixtures.py", line 404, in owned
    consumer=p.Consumer(ref,cache,lambda:False,lambda producer:(binding,1))
  File "/home/auss/git_repos/samaust/Experiments_4DGS/scripts/vipe_benchmark/s1_progress.py", line 815, in __init__
    self.cancelled=cancelled;self.bindings=bindings;self.current={};self.previous={};self.provenance={};self.channel=mailbox(self.context,'owner')
                                                                                                                     ~~~~~~~^^^^^^^^^^^^^^^^^^^^^^
  File "/home/auss/git_repos/samaust/Experiments_4DGS/scripts/vipe_benchmark/s1_progress.py", line 611, in mailbox
    channel=socket.socket(socket.AF_UNIX,socket.SOCK_DGRAM)
  File "/usr/lib/python3.14/socket.py", line 236, in __init__
    _socket.socket.__init__(self, family, type, proto, fileno)
    ~~~~~~~~~~~~~~~~~~~~~~~^^^^^^^^^^^^^^^^^^^^^^^^^^^^^^^^^^^
PermissionError: [Errno 1] Operation not permitted

======================================================================
ERROR: test_progress_plan046_publication_faults (test_vipe_benchmark_supervisor.HelperSessionTests.test_progress_plan046_publication_faults) (kind='notice_send')
----------------------------------------------------------------------
Traceback (most recent call last):
  File "/home/auss/git_repos/samaust/Experiments_4DGS/tests/test_vipe_benchmark_supervisor.py", line 2262, in test_progress_plan046_publication_faults
    with inline_progress(root,clock,fixture['request'],load()) as (reference,cache):
         ~~~~~~~~~~~~~~~^^^^^^^^^^^^^^^^^^^^^^^^^^^^^^^^^^^^^^
  File "/usr/lib/python3.14/contextlib.py", line 141, in __enter__
    return next(self.gen)
  File "/home/auss/git_repos/samaust/Experiments_4DGS/tests/test_vipe_benchmark_s1_helper_fixtures.py", line 404, in owned
    consumer=p.Consumer(ref,cache,lambda:False,lambda producer:(binding,1))
  File "/home/auss/git_repos/samaust/Experiments_4DGS/scripts/vipe_benchmark/s1_progress.py", line 815, in __init__
    self.cancelled=cancelled;self.bindings=bindings;self.current={};self.previous={};self.provenance={};self.channel=mailbox(self.context,'owner')
                                                                                                                     ~~~~~~~^^^^^^^^^^^^^^^^^^^^^^
  File "/home/auss/git_repos/samaust/Experiments_4DGS/scripts/vipe_benchmark/s1_progress.py", line 611, in mailbox
    channel=socket.socket(socket.AF_UNIX,socket.SOCK_DGRAM)
  File "/usr/lib/python3.14/socket.py", line 236, in __init__
    _socket.socket.__init__(self, family, type, proto, fileno)
    ~~~~~~~~~~~~~~~~~~~~~~~^^^^^^^^^^^^^^^^^^^^^^^^^^^^^^^^^^^
PermissionError: [Errno 1] Operation not permitted

======================================================================
ERROR: test_progress_plan046_publication_faults (test_vipe_benchmark_supervisor.HelperSessionTests.test_progress_plan046_publication_faults) (kind='notice_receive')
----------------------------------------------------------------------
Traceback (most recent call last):
  File "/home/auss/git_repos/samaust/Experiments_4DGS/tests/test_vipe_benchmark_supervisor.py", line 2262, in test_progress_plan046_publication_faults
    with inline_progress(root,clock,fixture['request'],load()) as (reference,cache):
         ~~~~~~~~~~~~~~~^^^^^^^^^^^^^^^^^^^^^^^^^^^^^^^^^^^^^^
  File "/usr/lib/python3.14/contextlib.py", line 141, in __enter__
    return next(self.gen)
  File "/home/auss/git_repos/samaust/Experiments_4DGS/tests/test_vipe_benchmark_s1_helper_fixtures.py", line 404, in owned
    consumer=p.Consumer(ref,cache,lambda:False,lambda producer:(binding,1))
  File "/home/auss/git_repos/samaust/Experiments_4DGS/scripts/vipe_benchmark/s1_progress.py", line 815, in __init__
    self.cancelled=cancelled;self.bindings=bindings;self.current={};self.previous={};self.provenance={};self.channel=mailbox(self.context,'owner')
                                                                                                                     ~~~~~~~^^^^^^^^^^^^^^^^^^^^^^
  File "/home/auss/git_repos/samaust/Experiments_4DGS/scripts/vipe_benchmark/s1_progress.py", line 611, in mailbox
    channel=socket.socket(socket.AF_UNIX,socket.SOCK_DGRAM)
  File "/usr/lib/python3.14/socket.py", line 236, in __init__
    _socket.socket.__init__(self, family, type, proto, fileno)
    ~~~~~~~~~~~~~~~~~~~~~~~^^^^^^^^^^^^^^^^^^^^^^^^^^^^^^^^^^^
PermissionError: [Errno 1] Operation not permitted

======================================================================
ERROR: test_progress_plan046_publication_faults (test_vipe_benchmark_supervisor.HelperSessionTests.test_progress_plan046_publication_faults) (kind='owner_retention')
----------------------------------------------------------------------
Traceback (most recent call last):
  File "/home/auss/git_repos/samaust/Experiments_4DGS/tests/test_vipe_benchmark_supervisor.py", line 2262, in test_progress_plan046_publication_faults
    with inline_progress(root,clock,fixture['request'],load()) as (reference,cache):
         ~~~~~~~~~~~~~~~^^^^^^^^^^^^^^^^^^^^^^^^^^^^^^^^^^^^^^
  File "/usr/lib/python3.14/contextlib.py", line 141, in __enter__
    return next(self.gen)
  File "/home/auss/git_repos/samaust/Experiments_4DGS/tests/test_vipe_benchmark_s1_helper_fixtures.py", line 404, in owned
    consumer=p.Consumer(ref,cache,lambda:False,lambda producer:(binding,1))
  File "/home/auss/git_repos/samaust/Experiments_4DGS/scripts/vipe_benchmark/s1_progress.py", line 815, in __init__
    self.cancelled=cancelled;self.bindings=bindings;self.current={};self.previous={};self.provenance={};self.channel=mailbox(self.context,'owner')
                                                                                                                     ~~~~~~~^^^^^^^^^^^^^^^^^^^^^^
  File "/home/auss/git_repos/samaust/Experiments_4DGS/scripts/vipe_benchmark/s1_progress.py", line 611, in mailbox
    channel=socket.socket(socket.AF_UNIX,socket.SOCK_DGRAM)
  File "/usr/lib/python3.14/socket.py", line 236, in __init__
    _socket.socket.__init__(self, family, type, proto, fileno)
    ~~~~~~~~~~~~~~~~~~~~~~~^^^^^^^^^^^^^^^^^^^^^^^^^^^^^^^^^^^
PermissionError: [Errno 1] Operation not permitted

======================================================================
ERROR: test_progress_plan046_publication_faults (test_vipe_benchmark_supervisor.HelperSessionTests.test_progress_plan046_publication_faults) (kind='ack_send')
----------------------------------------------------------------------
Traceback (most recent call last):
  File "/home/auss/git_repos/samaust/Experiments_4DGS/tests/test_vipe_benchmark_supervisor.py", line 2262, in test_progress_plan046_publication_faults
    with inline_progress(root,clock,fixture['request'],load()) as (reference,cache):
         ~~~~~~~~~~~~~~~^^^^^^^^^^^^^^^^^^^^^^^^^^^^^^^^^^^^^^
  File "/usr/lib/python3.14/contextlib.py", line 141, in __enter__
    return next(self.gen)
  File "/home/auss/git_repos/samaust/Experiments_4DGS/tests/test_vipe_benchmark_s1_helper_fixtures.py", line 404, in owned
    consumer=p.Consumer(ref,cache,lambda:False,lambda producer:(binding,1))
  File "/home/auss/git_repos/samaust/Experiments_4DGS/scripts/vipe_benchmark/s1_progress.py", line 815, in __init__
    self.cancelled=cancelled;self.bindings=bindings;self.current={};self.previous={};self.provenance={};self.channel=mailbox(self.context,'owner')
                                                                                                                     ~~~~~~~^^^^^^^^^^^^^^^^^^^^^^
  File "/home/auss/git_repos/samaust/Experiments_4DGS/scripts/vipe_benchmark/s1_progress.py", line 611, in mailbox
    channel=socket.socket(socket.AF_UNIX,socket.SOCK_DGRAM)
  File "/usr/lib/python3.14/socket.py", line 236, in __init__
    _socket.socket.__init__(self, family, type, proto, fileno)
    ~~~~~~~~~~~~~~~~~~~~~~~^^^^^^^^^^^^^^^^^^^^^^^^^^^^^^^^^^^
PermissionError: [Errno 1] Operation not permitted

======================================================================
ERROR: test_progress_plan046_publication_faults (test_vipe_benchmark_supervisor.HelperSessionTests.test_progress_plan046_publication_faults) (kind='ack_receipt')
----------------------------------------------------------------------
Traceback (most recent call last):
  File "/home/auss/git_repos/samaust/Experiments_4DGS/tests/test_vipe_benchmark_supervisor.py", line 2262, in test_progress_plan046_publication_faults
    with inline_progress(root,clock,fixture['request'],load()) as (reference,cache):
         ~~~~~~~~~~~~~~~^^^^^^^^^^^^^^^^^^^^^^^^^^^^^^^^^^^^^^
  File "/usr/lib/python3.14/contextlib.py", line 141, in __enter__
    return next(self.gen)
  File "/home/auss/git_repos/samaust/Experiments_4DGS/tests/test_vipe_benchmark_s1_helper_fixtures.py", line 404, in owned
    consumer=p.Consumer(ref,cache,lambda:False,lambda producer:(binding,1))
  File "/home/auss/git_repos/samaust/Experiments_4DGS/scripts/vipe_benchmark/s1_progress.py", line 815, in __init__
    self.cancelled=cancelled;self.bindings=bindings;self.current={};self.previous={};self.provenance={};self.channel=mailbox(self.context,'owner')
                                                                                                                     ~~~~~~~^^^^^^^^^^^^^^^^^^^^^^
  File "/home/auss/git_repos/samaust/Experiments_4DGS/scripts/vipe_benchmark/s1_progress.py", line 611, in mailbox
    channel=socket.socket(socket.AF_UNIX,socket.SOCK_DGRAM)
  File "/usr/lib/python3.14/socket.py", line 236, in __init__
    _socket.socket.__init__(self, family, type, proto, fileno)
    ~~~~~~~~~~~~~~~~~~~~~~~^^^^^^^^^^^^^^^^^^^^^^^^^^^^^^^^^^^
PermissionError: [Errno 1] Operation not permitted

======================================================================
ERROR: test_progress_plan046_publication_faults (test_vipe_benchmark_supervisor.HelperSessionTests.test_progress_plan046_publication_faults) (kind='short_write')
----------------------------------------------------------------------
Traceback (most recent call last):
  File "/home/auss/git_repos/samaust/Experiments_4DGS/tests/test_vipe_benchmark_supervisor.py", line 2262, in test_progress_plan046_publication_faults
    with inline_progress(root,clock,fixture['request'],load()) as (reference,cache):
         ~~~~~~~~~~~~~~~^^^^^^^^^^^^^^^^^^^^^^^^^^^^^^^^^^^^^^
  File "/usr/lib/python3.14/contextlib.py", line 141, in __enter__
    return next(self.gen)
  File "/home/auss/git_repos/samaust/Experiments_4DGS/tests/test_vipe_benchmark_s1_helper_fixtures.py", line 404, in owned
    consumer=p.Consumer(ref,cache,lambda:False,lambda producer:(binding,1))
  File "/home/auss/git_repos/samaust/Experiments_4DGS/scripts/vipe_benchmark/s1_progress.py", line 815, in __init__
    self.cancelled=cancelled;self.bindings=bindings;self.current={};self.previous={};self.provenance={};self.channel=mailbox(self.context,'owner')
                                                                                                                     ~~~~~~~^^^^^^^^^^^^^^^^^^^^^^
  File "/home/auss/git_repos/samaust/Experiments_4DGS/scripts/vipe_benchmark/s1_progress.py", line 611, in mailbox
    channel=socket.socket(socket.AF_UNIX,socket.SOCK_DGRAM)
  File "/usr/lib/python3.14/socket.py", line 236, in __init__
    _socket.socket.__init__(self, family, type, proto, fileno)
    ~~~~~~~~~~~~~~~~~~~~~~~^^^^^^^^^^^^^^^^^^^^^^^^^^^^^^^^^^^
PermissionError: [Errno 1] Operation not permitted

======================================================================
ERROR: test_progress_plan046_publication_faults (test_vipe_benchmark_supervisor.HelperSessionTests.test_progress_plan046_publication_faults) (kind='generation_collision')
----------------------------------------------------------------------
Traceback (most recent call last):
  File "/home/auss/git_repos/samaust/Experiments_4DGS/tests/test_vipe_benchmark_supervisor.py", line 2262, in test_progress_plan046_publication_faults
    with inline_progress(root,clock,fixture['request'],load()) as (reference,cache):
         ~~~~~~~~~~~~~~~^^^^^^^^^^^^^^^^^^^^^^^^^^^^^^^^^^^^^^
  File "/usr/lib/python3.14/contextlib.py", line 141, in __enter__
    return next(self.gen)
  File "/home/auss/git_repos/samaust/Experiments_4DGS/tests/test_vipe_benchmark_s1_helper_fixtures.py", line 404, in owned
    consumer=p.Consumer(ref,cache,lambda:False,lambda producer:(binding,1))
  File "/home/auss/git_repos/samaust/Experiments_4DGS/scripts/vipe_benchmark/s1_progress.py", line 815, in __init__
    self.cancelled=cancelled;self.bindings=bindings;self.current={};self.previous={};self.provenance={};self.channel=mailbox(self.context,'owner')
                                                                                                                     ~~~~~~~^^^^^^^^^^^^^^^^^^^^^^
  File "/home/auss/git_repos/samaust/Experiments_4DGS/scripts/vipe_benchmark/s1_progress.py", line 611, in mailbox
    channel=socket.socket(socket.AF_UNIX,socket.SOCK_DGRAM)
  File "/usr/lib/python3.14/socket.py", line 236, in __init__
    _socket.socket.__init__(self, family, type, proto, fileno)
    ~~~~~~~~~~~~~~~~~~~~~~~^^^^^^^^^^^^^^^^^^^^^^^^^^^^^^^^^^^
PermissionError: [Errno 1] Operation not permitted

======================================================================
ERROR: test_progress_plan046_publication_faults (test_vipe_benchmark_supervisor.HelperSessionTests.test_progress_plan046_publication_faults) (kind='notice_full')
----------------------------------------------------------------------
Traceback (most recent call last):
  File "/home/auss/git_repos/samaust/Experiments_4DGS/tests/test_vipe_benchmark_supervisor.py", line 2262, in test_progress_plan046_publication_faults
    with inline_progress(root,clock,fixture['request'],load()) as (reference,cache):
         ~~~~~~~~~~~~~~~^^^^^^^^^^^^^^^^^^^^^^^^^^^^^^^^^^^^^^
  File "/usr/lib/python3.14/contextlib.py", line 141, in __enter__
    return next(self.gen)
  File "/home/auss/git_repos/samaust/Experiments_4DGS/tests/test_vipe_benchmark_s1_helper_fixtures.py", line 404, in owned
    consumer=p.Consumer(ref,cache,lambda:False,lambda producer:(binding,1))
  File "/home/auss/git_repos/samaust/Experiments_4DGS/scripts/vipe_benchmark/s1_progress.py", line 815, in __init__
    self.cancelled=cancelled;self.bindings=bindings;self.current={};self.previous={};self.provenance={};self.channel=mailbox(self.context,'owner')
                                                                                                                     ~~~~~~~^^^^^^^^^^^^^^^^^^^^^^
  File "/home/auss/git_repos/samaust/Experiments_4DGS/scripts/vipe_benchmark/s1_progress.py", line 611, in mailbox
    channel=socket.socket(socket.AF_UNIX,socket.SOCK_DGRAM)
  File "/usr/lib/python3.14/socket.py", line 236, in __init__
    _socket.socket.__init__(self, family, type, proto, fileno)
    ~~~~~~~~~~~~~~~~~~~~~~~^^^^^^^^^^^^^^^^^^^^^^^^^^^^^^^^^^^
PermissionError: [Errno 1] Operation not permitted

======================================================================
ERROR: test_progress_plan046_publication_faults (test_vipe_benchmark_supervisor.HelperSessionTests.test_progress_plan046_publication_faults) (kind='receive_truncated')
----------------------------------------------------------------------
Traceback (most recent call last):
  File "/home/auss/git_repos/samaust/Experiments_4DGS/tests/test_vipe_benchmark_supervisor.py", line 2262, in test_progress_plan046_publication_faults
    with inline_progress(root,clock,fixture['request'],load()) as (reference,cache):
         ~~~~~~~~~~~~~~~^^^^^^^^^^^^^^^^^^^^^^^^^^^^^^^^^^^^^^
  File "/usr/lib/python3.14/contextlib.py", line 141, in __enter__
    return next(self.gen)
  File "/home/auss/git_repos/samaust/Experiments_4DGS/tests/test_vipe_benchmark_s1_helper_fixtures.py", line 404, in owned
    consumer=p.Consumer(ref,cache,lambda:False,lambda producer:(binding,1))
  File "/home/auss/git_repos/samaust/Experiments_4DGS/scripts/vipe_benchmark/s1_progress.py", line 815, in __init__
    self.cancelled=cancelled;self.bindings=bindings;self.current={};self.previous={};self.provenance={};self.channel=mailbox(self.context,'owner')
                                                                                                                     ~~~~~~~^^^^^^^^^^^^^^^^^^^^^^
  File "/home/auss/git_repos/samaust/Experiments_4DGS/scripts/vipe_benchmark/s1_progress.py", line 611, in mailbox
    channel=socket.socket(socket.AF_UNIX,socket.SOCK_DGRAM)
  File "/usr/lib/python3.14/socket.py", line 236, in __init__
    _socket.socket.__init__(self, family, type, proto, fileno)
    ~~~~~~~~~~~~~~~~~~~~~~~^^^^^^^^^^^^^^^^^^^^^^^^^^^^^^^^^^^
PermissionError: [Errno 1] Operation not permitted

======================================================================
ERROR: test_progress_plan046_publication_faults (test_vipe_benchmark_supervisor.HelperSessionTests.test_progress_plan046_publication_faults) (kind='receive_credentials')
----------------------------------------------------------------------
Traceback (most recent call last):
  File "/home/auss/git_repos/samaust/Experiments_4DGS/tests/test_vipe_benchmark_supervisor.py", line 2262, in test_progress_plan046_publication_faults
    with inline_progress(root,clock,fixture['request'],load()) as (reference,cache):
         ~~~~~~~~~~~~~~~^^^^^^^^^^^^^^^^^^^^^^^^^^^^^^^^^^^^^^
  File "/usr/lib/python3.14/contextlib.py", line 141, in __enter__
    return next(self.gen)
  File "/home/auss/git_repos/samaust/Experiments_4DGS/tests/test_vipe_benchmark_s1_helper_fixtures.py", line 404, in owned
    consumer=p.Consumer(ref,cache,lambda:False,lambda producer:(binding,1))
  File "/home/auss/git_repos/samaust/Experiments_4DGS/scripts/vipe_benchmark/s1_progress.py", line 815, in __init__
    self.cancelled=cancelled;self.bindings=bindings;self.current={};self.previous={};self.provenance={};self.channel=mailbox(self.context,'owner')
                                                                                                                     ~~~~~~~^^^^^^^^^^^^^^^^^^^^^^
  File "/home/auss/git_repos/samaust/Experiments_4DGS/scripts/vipe_benchmark/s1_progress.py", line 611, in mailbox
    channel=socket.socket(socket.AF_UNIX,socket.SOCK_DGRAM)
  File "/usr/lib/python3.14/socket.py", line 236, in __init__
    _socket.socket.__init__(self, family, type, proto, fileno)
    ~~~~~~~~~~~~~~~~~~~~~~~^^^^^^^^^^^^^^^^^^^^^^^^^^^^^^^^^^^
PermissionError: [Errno 1] Operation not permitted

======================================================================
ERROR: test_progress_plan046_publication_faults (test_vipe_benchmark_supervisor.HelperSessionTests.test_progress_plan046_publication_faults) (kind='ack_wrong')
----------------------------------------------------------------------
Traceback (most recent call last):
  File "/home/auss/git_repos/samaust/Experiments_4DGS/tests/test_vipe_benchmark_supervisor.py", line 2262, in test_progress_plan046_publication_faults
    with inline_progress(root,clock,fixture['request'],load()) as (reference,cache):
         ~~~~~~~~~~~~~~~^^^^^^^^^^^^^^^^^^^^^^^^^^^^^^^^^^^^^^
  File "/usr/lib/python3.14/contextlib.py", line 141, in __enter__
    return next(self.gen)
  File "/home/auss/git_repos/samaust/Experiments_4DGS/tests/test_vipe_benchmark_s1_helper_fixtures.py", line 404, in owned
    consumer=p.Consumer(ref,cache,lambda:False,lambda producer:(binding,1))
  File "/home/auss/git_repos/samaust/Experiments_4DGS/scripts/vipe_benchmark/s1_progress.py", line 815, in __init__
    self.cancelled=cancelled;self.bindings=bindings;self.current={};self.previous={};self.provenance={};self.channel=mailbox(self.context,'owner')
                                                                                                                     ~~~~~~~^^^^^^^^^^^^^^^^^^^^^^
  File "/home/auss/git_repos/samaust/Experiments_4DGS/scripts/vipe_benchmark/s1_progress.py", line 611, in mailbox
    channel=socket.socket(socket.AF_UNIX,socket.SOCK_DGRAM)
  File "/usr/lib/python3.14/socket.py", line 236, in __init__
    _socket.socket.__init__(self, family, type, proto, fileno)
    ~~~~~~~~~~~~~~~~~~~~~~~^^^^^^^^^^^^^^^^^^^^^^^^^^^^^^^^^^^
PermissionError: [Errno 1] Operation not permitted

======================================================================
ERROR: test_progress_plan046_worker_authority (test_vipe_benchmark_supervisor.HelperSessionTests.test_progress_plan046_worker_authority) (kind='reuse')
----------------------------------------------------------------------
Traceback (most recent call last):
  File "/home/auss/git_repos/samaust/Experiments_4DGS/tests/test_vipe_benchmark_supervisor.py", line 2056, in test_progress_plan046_worker_authority
    consumer=p.Consumer(reference,cache,lambda:False,lambda producer:(binding,1 if producer=='worker' else sequence[0]))
  File "/home/auss/git_repos/samaust/Experiments_4DGS/scripts/vipe_benchmark/s1_progress.py", line 815, in __init__
    self.cancelled=cancelled;self.bindings=bindings;self.current={};self.previous={};self.provenance={};self.channel=mailbox(self.context,'owner')
                                                                                                                     ~~~~~~~^^^^^^^^^^^^^^^^^^^^^^
  File "/home/auss/git_repos/samaust/Experiments_4DGS/scripts/vipe_benchmark/s1_progress.py", line 611, in mailbox
    channel=socket.socket(socket.AF_UNIX,socket.SOCK_DGRAM)
  File "/usr/lib/python3.14/socket.py", line 236, in __init__
    _socket.socket.__init__(self, family, type, proto, fileno)
    ~~~~~~~~~~~~~~~~~~~~~~~^^^^^^^^^^^^^^^^^^^^^^^^^^^^^^^^^^^
PermissionError: [Errno 1] Operation not permitted

======================================================================
ERROR: test_progress_plan046_worker_authority (test_vipe_benchmark_supervisor.HelperSessionTests.test_progress_plan046_worker_authority) (kind='conflict')
----------------------------------------------------------------------
Traceback (most recent call last):
  File "/home/auss/git_repos/samaust/Experiments_4DGS/tests/test_vipe_benchmark_supervisor.py", line 2056, in test_progress_plan046_worker_authority
    consumer=p.Consumer(reference,cache,lambda:False,lambda producer:(binding,1 if producer=='worker' else sequence[0]))
  File "/home/auss/git_repos/samaust/Experiments_4DGS/scripts/vipe_benchmark/s1_progress.py", line 815, in __init__
    self.cancelled=cancelled;self.bindings=bindings;self.current={};self.previous={};self.provenance={};self.channel=mailbox(self.context,'owner')
                                                                                                                     ~~~~~~~^^^^^^^^^^^^^^^^^^^^^^
  File "/home/auss/git_repos/samaust/Experiments_4DGS/scripts/vipe_benchmark/s1_progress.py", line 611, in mailbox
    channel=socket.socket(socket.AF_UNIX,socket.SOCK_DGRAM)
  File "/usr/lib/python3.14/socket.py", line 236, in __init__
    _socket.socket.__init__(self, family, type, proto, fileno)
    ~~~~~~~~~~~~~~~~~~~~~~~^^^^^^^^^^^^^^^^^^^^^^^^^^^^^^^^^^^
PermissionError: [Errno 1] Operation not permitted

======================================================================
ERROR: test_progress_plan046_worker_authority (test_vipe_benchmark_supervisor.HelperSessionTests.test_progress_plan046_worker_authority) (kind='forged_seal')
----------------------------------------------------------------------
Traceback (most recent call last):
  File "/home/auss/git_repos/samaust/Experiments_4DGS/tests/test_vipe_benchmark_supervisor.py", line 2056, in test_progress_plan046_worker_authority
    consumer=p.Consumer(reference,cache,lambda:False,lambda producer:(binding,1 if producer=='worker' else sequence[0]))
  File "/home/auss/git_repos/samaust/Experiments_4DGS/scripts/vipe_benchmark/s1_progress.py", line 815, in __init__
    self.cancelled=cancelled;self.bindings=bindings;self.current={};self.previous={};self.provenance={};self.channel=mailbox(self.context,'owner')
                                                                                                                     ~~~~~~~^^^^^^^^^^^^^^^^^^^^^^
  File "/home/auss/git_repos/samaust/Experiments_4DGS/scripts/vipe_benchmark/s1_progress.py", line 611, in mailbox
    channel=socket.socket(socket.AF_UNIX,socket.SOCK_DGRAM)
  File "/usr/lib/python3.14/socket.py", line 236, in __init__
    _socket.socket.__init__(self, family, type, proto, fileno)
    ~~~~~~~~~~~~~~~~~~~~~~~^^^^^^^^^^^^^^^^^^^^^^^^^^^^^^^^^^^
PermissionError: [Errno 1] Operation not permitted

======================================================================
ERROR: test_progress_plan046_worker_authority (test_vipe_benchmark_supervisor.HelperSessionTests.test_progress_plan046_worker_authority) (kind='resume')
----------------------------------------------------------------------
Traceback (most recent call last):
  File "/home/auss/git_repos/samaust/Experiments_4DGS/tests/test_vipe_benchmark_supervisor.py", line 2056, in test_progress_plan046_worker_authority
    consumer=p.Consumer(reference,cache,lambda:False,lambda producer:(binding,1 if producer=='worker' else sequence[0]))
  File "/home/auss/git_repos/samaust/Experiments_4DGS/scripts/vipe_benchmark/s1_progress.py", line 815, in __init__
    self.cancelled=cancelled;self.bindings=bindings;self.current={};self.previous={};self.provenance={};self.channel=mailbox(self.context,'owner')
                                                                                                                     ~~~~~~~^^^^^^^^^^^^^^^^^^^^^^
  File "/home/auss/git_repos/samaust/Experiments_4DGS/scripts/vipe_benchmark/s1_progress.py", line 611, in mailbox
    channel=socket.socket(socket.AF_UNIX,socket.SOCK_DGRAM)
  File "/usr/lib/python3.14/socket.py", line 236, in __init__
    _socket.socket.__init__(self, family, type, proto, fileno)
    ~~~~~~~~~~~~~~~~~~~~~~~^^^^^^^^^^^^^^^^^^^^^^^^^^^^^^^^^^^
PermissionError: [Errno 1] Operation not permitted

======================================================================
ERROR: test_progress_plan046_worker_authority (test_vipe_benchmark_supervisor.HelperSessionTests.test_progress_plan046_worker_authority) (kind='publish_adapter')
----------------------------------------------------------------------
Traceback (most recent call last):
  File "/home/auss/git_repos/samaust/Experiments_4DGS/tests/test_vipe_benchmark_supervisor.py", line 2056, in test_progress_plan046_worker_authority
    consumer=p.Consumer(reference,cache,lambda:False,lambda producer:(binding,1 if producer=='worker' else sequence[0]))
  File "/home/auss/git_repos/samaust/Experiments_4DGS/scripts/vipe_benchmark/s1_progress.py", line 815, in __init__
    self.cancelled=cancelled;self.bindings=bindings;self.current={};self.previous={};self.provenance={};self.channel=mailbox(self.context,'owner')
                                                                                                                     ~~~~~~~^^^^^^^^^^^^^^^^^^^^^^
  File "/home/auss/git_repos/samaust/Experiments_4DGS/scripts/vipe_benchmark/s1_progress.py", line 611, in mailbox
    channel=socket.socket(socket.AF_UNIX,socket.SOCK_DGRAM)
  File "/usr/lib/python3.14/socket.py", line 236, in __init__
    _socket.socket.__init__(self, family, type, proto, fileno)
    ~~~~~~~~~~~~~~~~~~~~~~~^^^^^^^^^^^^^^^^^^^^^^^^^^^^^^^^^^^
PermissionError: [Errno 1] Operation not permitted

======================================================================
ERROR: test_progress_plan047_alias_inventory (test_vipe_benchmark_supervisor.HelperSessionTests.test_progress_plan047_alias_inventory) (kind='member_add_after_publish')
----------------------------------------------------------------------
Traceback (most recent call last):
  File "/home/auss/git_repos/samaust/Experiments_4DGS/tests/test_vipe_benchmark_supervisor.py", line 2408, in test_progress_plan047_alias_inventory
    actual_fallback=invalidated_fallback(self,fixture,base/(kind+'-acknowledged'),kind)
  File "/home/auss/git_repos/samaust/Experiments_4DGS/tests/test_vipe_benchmark_s1_helper_fixtures.py", line 479, in invalidated_fallback
    with plan047_state(fixture,root) as state:
         ~~~~~~~~~~~~~^^^^^^^^^^^^^^
  File "/usr/lib/python3.14/contextlib.py", line 141, in __enter__
    return next(self.gen)
  File "/home/auss/git_repos/samaust/Experiments_4DGS/tests/test_vipe_benchmark_s1_helper_fixtures.py", line 433, in state
    consumer=p.Consumer(reference,cache,lambda:cancelled[0],lambda producer:(binding,1))
  File "/home/auss/git_repos/samaust/Experiments_4DGS/scripts/vipe_benchmark/s1_progress.py", line 815, in __init__
    self.cancelled=cancelled;self.bindings=bindings;self.current={};self.previous={};self.provenance={};self.channel=mailbox(self.context,'owner')
                                                                                                                     ~~~~~~~^^^^^^^^^^^^^^^^^^^^^^
  File "/home/auss/git_repos/samaust/Experiments_4DGS/scripts/vipe_benchmark/s1_progress.py", line 611, in mailbox
    channel=socket.socket(socket.AF_UNIX,socket.SOCK_DGRAM)
  File "/usr/lib/python3.14/socket.py", line 236, in __init__
    _socket.socket.__init__(self, family, type, proto, fileno)
    ~~~~~~~~~~~~~~~~~~~~~~~^^^^^^^^^^^^^^^^^^^^^^^^^^^^^^^^^^^
PermissionError: [Errno 1] Operation not permitted

======================================================================
ERROR: test_progress_plan047_alias_inventory (test_vipe_benchmark_supervisor.HelperSessionTests.test_progress_plan047_alias_inventory) (kind='member_remove_after_publish')
----------------------------------------------------------------------
Traceback (most recent call last):
  File "/home/auss/git_repos/samaust/Experiments_4DGS/tests/test_vipe_benchmark_supervisor.py", line 2408, in test_progress_plan047_alias_inventory
    actual_fallback=invalidated_fallback(self,fixture,base/(kind+'-acknowledged'),kind)
  File "/home/auss/git_repos/samaust/Experiments_4DGS/tests/test_vipe_benchmark_s1_helper_fixtures.py", line 479, in invalidated_fallback
    with plan047_state(fixture,root) as state:
         ~~~~~~~~~~~~~^^^^^^^^^^^^^^
  File "/usr/lib/python3.14/contextlib.py", line 141, in __enter__
    return next(self.gen)
  File "/home/auss/git_repos/samaust/Experiments_4DGS/tests/test_vipe_benchmark_s1_helper_fixtures.py", line 433, in state
    consumer=p.Consumer(reference,cache,lambda:cancelled[0],lambda producer:(binding,1))
  File "/home/auss/git_repos/samaust/Experiments_4DGS/scripts/vipe_benchmark/s1_progress.py", line 815, in __init__
    self.cancelled=cancelled;self.bindings=bindings;self.current={};self.previous={};self.provenance={};self.channel=mailbox(self.context,'owner')
                                                                                                                     ~~~~~~~^^^^^^^^^^^^^^^^^^^^^^
  File "/home/auss/git_repos/samaust/Experiments_4DGS/scripts/vipe_benchmark/s1_progress.py", line 611, in mailbox
    channel=socket.socket(socket.AF_UNIX,socket.SOCK_DGRAM)
  File "/usr/lib/python3.14/socket.py", line 236, in __init__
    _socket.socket.__init__(self, family, type, proto, fileno)
    ~~~~~~~~~~~~~~~~~~~~~~~^^^^^^^^^^^^^^^^^^^^^^^^^^^^^^^^^^^
PermissionError: [Errno 1] Operation not permitted

======================================================================
ERROR: test_progress_plan047_alias_inventory (test_vipe_benchmark_supervisor.HelperSessionTests.test_progress_plan047_alias_inventory) (kind='member_rename_after_publish')
----------------------------------------------------------------------
Traceback (most recent call last):
  File "/home/auss/git_repos/samaust/Experiments_4DGS/tests/test_vipe_benchmark_supervisor.py", line 2408, in test_progress_plan047_alias_inventory
    actual_fallback=invalidated_fallback(self,fixture,base/(kind+'-acknowledged'),kind)
  File "/home/auss/git_repos/samaust/Experiments_4DGS/tests/test_vipe_benchmark_s1_helper_fixtures.py", line 479, in invalidated_fallback
    with plan047_state(fixture,root) as state:
         ~~~~~~~~~~~~~^^^^^^^^^^^^^^
  File "/usr/lib/python3.14/contextlib.py", line 141, in __enter__
    return next(self.gen)
  File "/home/auss/git_repos/samaust/Experiments_4DGS/tests/test_vipe_benchmark_s1_helper_fixtures.py", line 433, in state
    consumer=p.Consumer(reference,cache,lambda:cancelled[0],lambda producer:(binding,1))
  File "/home/auss/git_repos/samaust/Experiments_4DGS/scripts/vipe_benchmark/s1_progress.py", line 815, in __init__
    self.cancelled=cancelled;self.bindings=bindings;self.current={};self.previous={};self.provenance={};self.channel=mailbox(self.context,'owner')
                                                                                                                     ~~~~~~~^^^^^^^^^^^^^^^^^^^^^^
  File "/home/auss/git_repos/samaust/Experiments_4DGS/scripts/vipe_benchmark/s1_progress.py", line 611, in mailbox
    channel=socket.socket(socket.AF_UNIX,socket.SOCK_DGRAM)
  File "/usr/lib/python3.14/socket.py", line 236, in __init__
    _socket.socket.__init__(self, family, type, proto, fileno)
    ~~~~~~~~~~~~~~~~~~~~~~~^^^^^^^^^^^^^^^^^^^^^^^^^^^^^^^^^^^
PermissionError: [Errno 1] Operation not permitted

======================================================================
ERROR: test_progress_plan047_alias_inventory (test_vipe_benchmark_supervisor.HelperSessionTests.test_progress_plan047_alias_inventory) (kind='result_replace_after_publish')
----------------------------------------------------------------------
Traceback (most recent call last):
  File "/home/auss/git_repos/samaust/Experiments_4DGS/tests/test_vipe_benchmark_supervisor.py", line 2408, in test_progress_plan047_alias_inventory
    actual_fallback=invalidated_fallback(self,fixture,base/(kind+'-acknowledged'),kind)
  File "/home/auss/git_repos/samaust/Experiments_4DGS/tests/test_vipe_benchmark_s1_helper_fixtures.py", line 479, in invalidated_fallback
    with plan047_state(fixture,root) as state:
         ~~~~~~~~~~~~~^^^^^^^^^^^^^^
  File "/usr/lib/python3.14/contextlib.py", line 141, in __enter__
    return next(self.gen)
  File "/home/auss/git_repos/samaust/Experiments_4DGS/tests/test_vipe_benchmark_s1_helper_fixtures.py", line 433, in state
    consumer=p.Consumer(reference,cache,lambda:cancelled[0],lambda producer:(binding,1))
  File "/home/auss/git_repos/samaust/Experiments_4DGS/scripts/vipe_benchmark/s1_progress.py", line 815, in __init__
    self.cancelled=cancelled;self.bindings=bindings;self.current={};self.previous={};self.provenance={};self.channel=mailbox(self.context,'owner')
                                                                                                                     ~~~~~~~^^^^^^^^^^^^^^^^^^^^^^
  File "/home/auss/git_repos/samaust/Experiments_4DGS/scripts/vipe_benchmark/s1_progress.py", line 611, in mailbox
    channel=socket.socket(socket.AF_UNIX,socket.SOCK_DGRAM)
  File "/usr/lib/python3.14/socket.py", line 236, in __init__
    _socket.socket.__init__(self, family, type, proto, fileno)
    ~~~~~~~~~~~~~~~~~~~~~~~^^^^^^^^^^^^^^^^^^^^^^^^^^^^^^^^^^^
PermissionError: [Errno 1] Operation not permitted

======================================================================
ERROR: test_progress_plan047_alias_inventory (test_vipe_benchmark_supervisor.HelperSessionTests.test_progress_plan047_alias_inventory) (kind='row_replace_after_publish')
----------------------------------------------------------------------
Traceback (most recent call last):
  File "/home/auss/git_repos/samaust/Experiments_4DGS/tests/test_vipe_benchmark_supervisor.py", line 2408, in test_progress_plan047_alias_inventory
    actual_fallback=invalidated_fallback(self,fixture,base/(kind+'-acknowledged'),kind)
  File "/home/auss/git_repos/samaust/Experiments_4DGS/tests/test_vipe_benchmark_s1_helper_fixtures.py", line 479, in invalidated_fallback
    with plan047_state(fixture,root) as state:
         ~~~~~~~~~~~~~^^^^^^^^^^^^^^
  File "/usr/lib/python3.14/contextlib.py", line 141, in __enter__
    return next(self.gen)
  File "/home/auss/git_repos/samaust/Experiments_4DGS/tests/test_vipe_benchmark_s1_helper_fixtures.py", line 433, in state
    consumer=p.Consumer(reference,cache,lambda:cancelled[0],lambda producer:(binding,1))
  File "/home/auss/git_repos/samaust/Experiments_4DGS/scripts/vipe_benchmark/s1_progress.py", line 815, in __init__
    self.cancelled=cancelled;self.bindings=bindings;self.current={};self.previous={};self.provenance={};self.channel=mailbox(self.context,'owner')
                                                                                                                     ~~~~~~~^^^^^^^^^^^^^^^^^^^^^^
  File "/home/auss/git_repos/samaust/Experiments_4DGS/scripts/vipe_benchmark/s1_progress.py", line 611, in mailbox
    channel=socket.socket(socket.AF_UNIX,socket.SOCK_DGRAM)
  File "/usr/lib/python3.14/socket.py", line 236, in __init__
    _socket.socket.__init__(self, family, type, proto, fileno)
    ~~~~~~~~~~~~~~~~~~~~~~~^^^^^^^^^^^^^^^^^^^^^^^^^^^^^^^^^^^
PermissionError: [Errno 1] Operation not permitted

======================================================================
ERROR: test_progress_plan047_cancellation (test_vipe_benchmark_supervisor.HelperSessionTests.test_progress_plan047_cancellation) (stage='dequeue', when='before')
----------------------------------------------------------------------
Traceback (most recent call last):
  File "/home/auss/git_repos/samaust/Experiments_4DGS/tests/test_vipe_benchmark_supervisor.py", line 2818, in test_progress_plan047_cancellation
    with self.subTest(**case),plan047_state(fixture,Path(temp)/str(index)) as state:
                              ~~~~~~~~~~~~~^^^^^^^^^^^^^^^^^^^^^^^^^^^^^^^
  File "/usr/lib/python3.14/contextlib.py", line 141, in __enter__
    return next(self.gen)
  File "/home/auss/git_repos/samaust/Experiments_4DGS/tests/test_vipe_benchmark_s1_helper_fixtures.py", line 433, in state
    consumer=p.Consumer(reference,cache,lambda:cancelled[0],lambda producer:(binding,1))
  File "/home/auss/git_repos/samaust/Experiments_4DGS/scripts/vipe_benchmark/s1_progress.py", line 815, in __init__
    self.cancelled=cancelled;self.bindings=bindings;self.current={};self.previous={};self.provenance={};self.channel=mailbox(self.context,'owner')
                                                                                                                     ~~~~~~~^^^^^^^^^^^^^^^^^^^^^^
  File "/home/auss/git_repos/samaust/Experiments_4DGS/scripts/vipe_benchmark/s1_progress.py", line 611, in mailbox
    channel=socket.socket(socket.AF_UNIX,socket.SOCK_DGRAM)
  File "/usr/lib/python3.14/socket.py", line 236, in __init__
    _socket.socket.__init__(self, family, type, proto, fileno)
    ~~~~~~~~~~~~~~~~~~~~~~~^^^^^^^^^^^^^^^^^^^^^^^^^^^^^^^^^^^
PermissionError: [Errno 1] Operation not permitted

======================================================================
ERROR: test_progress_plan047_cancellation (test_vipe_benchmark_supervisor.HelperSessionTests.test_progress_plan047_cancellation) (stage='dequeue', when='after')
----------------------------------------------------------------------
Traceback (most recent call last):
  File "/home/auss/git_repos/samaust/Experiments_4DGS/tests/test_vipe_benchmark_supervisor.py", line 2818, in test_progress_plan047_cancellation
    with self.subTest(**case),plan047_state(fixture,Path(temp)/str(index)) as state:
                              ~~~~~~~~~~~~~^^^^^^^^^^^^^^^^^^^^^^^^^^^^^^^
  File "/usr/lib/python3.14/contextlib.py", line 141, in __enter__
    return next(self.gen)
  File "/home/auss/git_repos/samaust/Experiments_4DGS/tests/test_vipe_benchmark_s1_helper_fixtures.py", line 433, in state
    consumer=p.Consumer(reference,cache,lambda:cancelled[0],lambda producer:(binding,1))
  File "/home/auss/git_repos/samaust/Experiments_4DGS/scripts/vipe_benchmark/s1_progress.py", line 815, in __init__
    self.cancelled=cancelled;self.bindings=bindings;self.current={};self.previous={};self.provenance={};self.channel=mailbox(self.context,'owner')
                                                                                                                     ~~~~~~~^^^^^^^^^^^^^^^^^^^^^^
  File "/home/auss/git_repos/samaust/Experiments_4DGS/scripts/vipe_benchmark/s1_progress.py", line 611, in mailbox
    channel=socket.socket(socket.AF_UNIX,socket.SOCK_DGRAM)
  File "/usr/lib/python3.14/socket.py", line 236, in __init__
    _socket.socket.__init__(self, family, type, proto, fileno)
    ~~~~~~~~~~~~~~~~~~~~~~~^^^^^^^^^^^^^^^^^^^^^^^^^^^^^^^^^^^
PermissionError: [Errno 1] Operation not permitted

======================================================================
ERROR: test_progress_plan047_cancellation (test_vipe_benchmark_supervisor.HelperSessionTests.test_progress_plan047_cancellation) (stage='credentials', when='before')
----------------------------------------------------------------------
Traceback (most recent call last):
  File "/home/auss/git_repos/samaust/Experiments_4DGS/tests/test_vipe_benchmark_supervisor.py", line 2818, in test_progress_plan047_cancellation
    with self.subTest(**case),plan047_state(fixture,Path(temp)/str(index)) as state:
                              ~~~~~~~~~~~~~^^^^^^^^^^^^^^^^^^^^^^^^^^^^^^^
  File "/usr/lib/python3.14/contextlib.py", line 141, in __enter__
    return next(self.gen)
  File "/home/auss/git_repos/samaust/Experiments_4DGS/tests/test_vipe_benchmark_s1_helper_fixtures.py", line 433, in state
    consumer=p.Consumer(reference,cache,lambda:cancelled[0],lambda producer:(binding,1))
  File "/home/auss/git_repos/samaust/Experiments_4DGS/scripts/vipe_benchmark/s1_progress.py", line 815, in __init__
    self.cancelled=cancelled;self.bindings=bindings;self.current={};self.previous={};self.provenance={};self.channel=mailbox(self.context,'owner')
                                                                                                                     ~~~~~~~^^^^^^^^^^^^^^^^^^^^^^
  File "/home/auss/git_repos/samaust/Experiments_4DGS/scripts/vipe_benchmark/s1_progress.py", line 611, in mailbox
    channel=socket.socket(socket.AF_UNIX,socket.SOCK_DGRAM)
  File "/usr/lib/python3.14/socket.py", line 236, in __init__
    _socket.socket.__init__(self, family, type, proto, fileno)
    ~~~~~~~~~~~~~~~~~~~~~~~^^^^^^^^^^^^^^^^^^^^^^^^^^^^^^^^^^^
PermissionError: [Errno 1] Operation not permitted

======================================================================
ERROR: test_progress_plan047_cancellation (test_vipe_benchmark_supervisor.HelperSessionTests.test_progress_plan047_cancellation) (stage='credentials', when='after')
----------------------------------------------------------------------
Traceback (most recent call last):
  File "/home/auss/git_repos/samaust/Experiments_4DGS/tests/test_vipe_benchmark_supervisor.py", line 2818, in test_progress_plan047_cancellation
    with self.subTest(**case),plan047_state(fixture,Path(temp)/str(index)) as state:
                              ~~~~~~~~~~~~~^^^^^^^^^^^^^^^^^^^^^^^^^^^^^^^
  File "/usr/lib/python3.14/contextlib.py", line 141, in __enter__
    return next(self.gen)
  File "/home/auss/git_repos/samaust/Experiments_4DGS/tests/test_vipe_benchmark_s1_helper_fixtures.py", line 433, in state
    consumer=p.Consumer(reference,cache,lambda:cancelled[0],lambda producer:(binding,1))
  File "/home/auss/git_repos/samaust/Experiments_4DGS/scripts/vipe_benchmark/s1_progress.py", line 815, in __init__
    self.cancelled=cancelled;self.bindings=bindings;self.current={};self.previous={};self.provenance={};self.channel=mailbox(self.context,'owner')
                                                                                                                     ~~~~~~~^^^^^^^^^^^^^^^^^^^^^^
  File "/home/auss/git_repos/samaust/Experiments_4DGS/scripts/vipe_benchmark/s1_progress.py", line 611, in mailbox
    channel=socket.socket(socket.AF_UNIX,socket.SOCK_DGRAM)
  File "/usr/lib/python3.14/socket.py", line 236, in __init__
    _socket.socket.__init__(self, family, type, proto, fileno)
    ~~~~~~~~~~~~~~~~~~~~~~~^^^^^^^^^^^^^^^^^^^^^^^^^^^^^^^^^^^
PermissionError: [Errno 1] Operation not permitted

======================================================================
ERROR: test_progress_plan047_cancellation (test_vipe_benchmark_supervisor.HelperSessionTests.test_progress_plan047_cancellation) (stage='context_read', when='before')
----------------------------------------------------------------------
Traceback (most recent call last):
  File "/home/auss/git_repos/samaust/Experiments_4DGS/tests/test_vipe_benchmark_supervisor.py", line 2818, in test_progress_plan047_cancellation
    with self.subTest(**case),plan047_state(fixture,Path(temp)/str(index)) as state:
                              ~~~~~~~~~~~~~^^^^^^^^^^^^^^^^^^^^^^^^^^^^^^^
  File "/usr/lib/python3.14/contextlib.py", line 141, in __enter__
    return next(self.gen)
  File "/home/auss/git_repos/samaust/Experiments_4DGS/tests/test_vipe_benchmark_s1_helper_fixtures.py", line 433, in state
    consumer=p.Consumer(reference,cache,lambda:cancelled[0],lambda producer:(binding,1))
  File "/home/auss/git_repos/samaust/Experiments_4DGS/scripts/vipe_benchmark/s1_progress.py", line 815, in __init__
    self.cancelled=cancelled;self.bindings=bindings;self.current={};self.previous={};self.provenance={};self.channel=mailbox(self.context,'owner')
                                                                                                                     ~~~~~~~^^^^^^^^^^^^^^^^^^^^^^
  File "/home/auss/git_repos/samaust/Experiments_4DGS/scripts/vipe_benchmark/s1_progress.py", line 611, in mailbox
    channel=socket.socket(socket.AF_UNIX,socket.SOCK_DGRAM)
  File "/usr/lib/python3.14/socket.py", line 236, in __init__
    _socket.socket.__init__(self, family, type, proto, fileno)
    ~~~~~~~~~~~~~~~~~~~~~~~^^^^^^^^^^^^^^^^^^^^^^^^^^^^^^^^^^^
PermissionError: [Errno 1] Operation not permitted

======================================================================
ERROR: test_progress_plan047_cancellation (test_vipe_benchmark_supervisor.HelperSessionTests.test_progress_plan047_cancellation) (stage='context_read', when='after')
----------------------------------------------------------------------
Traceback (most recent call last):
  File "/home/auss/git_repos/samaust/Experiments_4DGS/tests/test_vipe_benchmark_supervisor.py", line 2818, in test_progress_plan047_cancellation
    with self.subTest(**case),plan047_state(fixture,Path(temp)/str(index)) as state:
                              ~~~~~~~~~~~~~^^^^^^^^^^^^^^^^^^^^^^^^^^^^^^^
  File "/usr/lib/python3.14/contextlib.py", line 141, in __enter__
    return next(self.gen)
  File "/home/auss/git_repos/samaust/Experiments_4DGS/tests/test_vipe_benchmark_s1_helper_fixtures.py", line 433, in state
    consumer=p.Consumer(reference,cache,lambda:cancelled[0],lambda producer:(binding,1))
  File "/home/auss/git_repos/samaust/Experiments_4DGS/scripts/vipe_benchmark/s1_progress.py", line 815, in __init__
    self.cancelled=cancelled;self.bindings=bindings;self.current={};self.previous={};self.provenance={};self.channel=mailbox(self.context,'owner')
                                                                                                                     ~~~~~~~^^^^^^^^^^^^^^^^^^^^^^
  File "/home/auss/git_repos/samaust/Experiments_4DGS/scripts/vipe_benchmark/s1_progress.py", line 611, in mailbox
    channel=socket.socket(socket.AF_UNIX,socket.SOCK_DGRAM)
  File "/usr/lib/python3.14/socket.py", line 236, in __init__
    _socket.socket.__init__(self, family, type, proto, fileno)
    ~~~~~~~~~~~~~~~~~~~~~~~^^^^^^^^^^^^^^^^^^^^^^^^^^^^^^^^^^^
PermissionError: [Errno 1] Operation not permitted

======================================================================
ERROR: test_progress_plan047_cancellation (test_vipe_benchmark_supervisor.HelperSessionTests.test_progress_plan047_cancellation) (stage='old_checkpoint_read', when='before')
----------------------------------------------------------------------
Traceback (most recent call last):
  File "/home/auss/git_repos/samaust/Experiments_4DGS/tests/test_vipe_benchmark_supervisor.py", line 2818, in test_progress_plan047_cancellation
    with self.subTest(**case),plan047_state(fixture,Path(temp)/str(index)) as state:
                              ~~~~~~~~~~~~~^^^^^^^^^^^^^^^^^^^^^^^^^^^^^^^
  File "/usr/lib/python3.14/contextlib.py", line 141, in __enter__
    return next(self.gen)
  File "/home/auss/git_repos/samaust/Experiments_4DGS/tests/test_vipe_benchmark_s1_helper_fixtures.py", line 433, in state
    consumer=p.Consumer(reference,cache,lambda:cancelled[0],lambda producer:(binding,1))
  File "/home/auss/git_repos/samaust/Experiments_4DGS/scripts/vipe_benchmark/s1_progress.py", line 815, in __init__
    self.cancelled=cancelled;self.bindings=bindings;self.current={};self.previous={};self.provenance={};self.channel=mailbox(self.context,'owner')
                                                                                                                     ~~~~~~~^^^^^^^^^^^^^^^^^^^^^^
  File "/home/auss/git_repos/samaust/Experiments_4DGS/scripts/vipe_benchmark/s1_progress.py", line 611, in mailbox
    channel=socket.socket(socket.AF_UNIX,socket.SOCK_DGRAM)
  File "/usr/lib/python3.14/socket.py", line 236, in __init__
    _socket.socket.__init__(self, family, type, proto, fileno)
    ~~~~~~~~~~~~~~~~~~~~~~~^^^^^^^^^^^^^^^^^^^^^^^^^^^^^^^^^^^
PermissionError: [Errno 1] Operation not permitted

======================================================================
ERROR: test_progress_plan047_cancellation (test_vipe_benchmark_supervisor.HelperSessionTests.test_progress_plan047_cancellation) (stage='old_checkpoint_read', when='after')
----------------------------------------------------------------------
Traceback (most recent call last):
  File "/home/auss/git_repos/samaust/Experiments_4DGS/tests/test_vipe_benchmark_supervisor.py", line 2818, in test_progress_plan047_cancellation
    with self.subTest(**case),plan047_state(fixture,Path(temp)/str(index)) as state:
                              ~~~~~~~~~~~~~^^^^^^^^^^^^^^^^^^^^^^^^^^^^^^^
  File "/usr/lib/python3.14/contextlib.py", line 141, in __enter__
    return next(self.gen)
  File "/home/auss/git_repos/samaust/Experiments_4DGS/tests/test_vipe_benchmark_s1_helper_fixtures.py", line 433, in state
    consumer=p.Consumer(reference,cache,lambda:cancelled[0],lambda producer:(binding,1))
  File "/home/auss/git_repos/samaust/Experiments_4DGS/scripts/vipe_benchmark/s1_progress.py", line 815, in __init__
    self.cancelled=cancelled;self.bindings=bindings;self.current={};self.previous={};self.provenance={};self.channel=mailbox(self.context,'owner')
                                                                                                                     ~~~~~~~^^^^^^^^^^^^^^^^^^^^^^
  File "/home/auss/git_repos/samaust/Experiments_4DGS/scripts/vipe_benchmark/s1_progress.py", line 611, in mailbox
    channel=socket.socket(socket.AF_UNIX,socket.SOCK_DGRAM)
  File "/usr/lib/python3.14/socket.py", line 236, in __init__
    _socket.socket.__init__(self, family, type, proto, fileno)
    ~~~~~~~~~~~~~~~~~~~~~~~^^^^^^^^^^^^^^^^^^^^^^^^^^^^^^^^^^^
PermissionError: [Errno 1] Operation not permitted

======================================================================
ERROR: test_progress_plan047_cancellation (test_vipe_benchmark_supervisor.HelperSessionTests.test_progress_plan047_cancellation) (stage='head_read', when='before')
----------------------------------------------------------------------
Traceback (most recent call last):
  File "/home/auss/git_repos/samaust/Experiments_4DGS/tests/test_vipe_benchmark_supervisor.py", line 2818, in test_progress_plan047_cancellation
    with self.subTest(**case),plan047_state(fixture,Path(temp)/str(index)) as state:
                              ~~~~~~~~~~~~~^^^^^^^^^^^^^^^^^^^^^^^^^^^^^^^
  File "/usr/lib/python3.14/contextlib.py", line 141, in __enter__
    return next(self.gen)
  File "/home/auss/git_repos/samaust/Experiments_4DGS/tests/test_vipe_benchmark_s1_helper_fixtures.py", line 433, in state
    consumer=p.Consumer(reference,cache,lambda:cancelled[0],lambda producer:(binding,1))
  File "/home/auss/git_repos/samaust/Experiments_4DGS/scripts/vipe_benchmark/s1_progress.py", line 815, in __init__
    self.cancelled=cancelled;self.bindings=bindings;self.current={};self.previous={};self.provenance={};self.channel=mailbox(self.context,'owner')
                                                                                                                     ~~~~~~~^^^^^^^^^^^^^^^^^^^^^^
  File "/home/auss/git_repos/samaust/Experiments_4DGS/scripts/vipe_benchmark/s1_progress.py", line 611, in mailbox
    channel=socket.socket(socket.AF_UNIX,socket.SOCK_DGRAM)
  File "/usr/lib/python3.14/socket.py", line 236, in __init__
    _socket.socket.__init__(self, family, type, proto, fileno)
    ~~~~~~~~~~~~~~~~~~~~~~~^^^^^^^^^^^^^^^^^^^^^^^^^^^^^^^^^^^
PermissionError: [Errno 1] Operation not permitted

======================================================================
ERROR: test_progress_plan047_cancellation (test_vipe_benchmark_supervisor.HelperSessionTests.test_progress_plan047_cancellation) (stage='head_read', when='after')
----------------------------------------------------------------------
Traceback (most recent call last):
  File "/home/auss/git_repos/samaust/Experiments_4DGS/tests/test_vipe_benchmark_supervisor.py", line 2818, in test_progress_plan047_cancellation
    with self.subTest(**case),plan047_state(fixture,Path(temp)/str(index)) as state:
                              ~~~~~~~~~~~~~^^^^^^^^^^^^^^^^^^^^^^^^^^^^^^^
  File "/usr/lib/python3.14/contextlib.py", line 141, in __enter__
    return next(self.gen)
  File "/home/auss/git_repos/samaust/Experiments_4DGS/tests/test_vipe_benchmark_s1_helper_fixtures.py", line 433, in state
    consumer=p.Consumer(reference,cache,lambda:cancelled[0],lambda producer:(binding,1))
  File "/home/auss/git_repos/samaust/Experiments_4DGS/scripts/vipe_benchmark/s1_progress.py", line 815, in __init__
    self.cancelled=cancelled;self.bindings=bindings;self.current={};self.previous={};self.provenance={};self.channel=mailbox(self.context,'owner')
                                                                                                                     ~~~~~~~^^^^^^^^^^^^^^^^^^^^^^
  File "/home/auss/git_repos/samaust/Experiments_4DGS/scripts/vipe_benchmark/s1_progress.py", line 611, in mailbox
    channel=socket.socket(socket.AF_UNIX,socket.SOCK_DGRAM)
  File "/usr/lib/python3.14/socket.py", line 236, in __init__
    _socket.socket.__init__(self, family, type, proto, fileno)
    ~~~~~~~~~~~~~~~~~~~~~~~^^^^^^^^^^^^^^^^^^^^^^^^^^^^^^^^^^^
PermissionError: [Errno 1] Operation not permitted

======================================================================
ERROR: test_progress_plan047_cancellation (test_vipe_benchmark_supervisor.HelperSessionTests.test_progress_plan047_cancellation) (stage='new_checkpoint_read', when='before')
----------------------------------------------------------------------
Traceback (most recent call last):
  File "/home/auss/git_repos/samaust/Experiments_4DGS/tests/test_vipe_benchmark_supervisor.py", line 2818, in test_progress_plan047_cancellation
    with self.subTest(**case),plan047_state(fixture,Path(temp)/str(index)) as state:
                              ~~~~~~~~~~~~~^^^^^^^^^^^^^^^^^^^^^^^^^^^^^^^
  File "/usr/lib/python3.14/contextlib.py", line 141, in __enter__
    return next(self.gen)
  File "/home/auss/git_repos/samaust/Experiments_4DGS/tests/test_vipe_benchmark_s1_helper_fixtures.py", line 433, in state
    consumer=p.Consumer(reference,cache,lambda:cancelled[0],lambda producer:(binding,1))
  File "/home/auss/git_repos/samaust/Experiments_4DGS/scripts/vipe_benchmark/s1_progress.py", line 815, in __init__
    self.cancelled=cancelled;self.bindings=bindings;self.current={};self.previous={};self.provenance={};self.channel=mailbox(self.context,'owner')
                                                                                                                     ~~~~~~~^^^^^^^^^^^^^^^^^^^^^^
  File "/home/auss/git_repos/samaust/Experiments_4DGS/scripts/vipe_benchmark/s1_progress.py", line 611, in mailbox
    channel=socket.socket(socket.AF_UNIX,socket.SOCK_DGRAM)
  File "/usr/lib/python3.14/socket.py", line 236, in __init__
    _socket.socket.__init__(self, family, type, proto, fileno)
    ~~~~~~~~~~~~~~~~~~~~~~~^^^^^^^^^^^^^^^^^^^^^^^^^^^^^^^^^^^
PermissionError: [Errno 1] Operation not permitted

======================================================================
ERROR: test_progress_plan047_cancellation (test_vipe_benchmark_supervisor.HelperSessionTests.test_progress_plan047_cancellation) (stage='new_checkpoint_read', when='after')
----------------------------------------------------------------------
Traceback (most recent call last):
  File "/home/auss/git_repos/samaust/Experiments_4DGS/tests/test_vipe_benchmark_supervisor.py", line 2818, in test_progress_plan047_cancellation
    with self.subTest(**case),plan047_state(fixture,Path(temp)/str(index)) as state:
                              ~~~~~~~~~~~~~^^^^^^^^^^^^^^^^^^^^^^^^^^^^^^^
  File "/usr/lib/python3.14/contextlib.py", line 141, in __enter__
    return next(self.gen)
  File "/home/auss/git_repos/samaust/Experiments_4DGS/tests/test_vipe_benchmark_s1_helper_fixtures.py", line 433, in state
    consumer=p.Consumer(reference,cache,lambda:cancelled[0],lambda producer:(binding,1))
  File "/home/auss/git_repos/samaust/Experiments_4DGS/scripts/vipe_benchmark/s1_progress.py", line 815, in __init__
    self.cancelled=cancelled;self.bindings=bindings;self.current={};self.previous={};self.provenance={};self.channel=mailbox(self.context,'owner')
                                                                                                                     ~~~~~~~^^^^^^^^^^^^^^^^^^^^^^
  File "/home/auss/git_repos/samaust/Experiments_4DGS/scripts/vipe_benchmark/s1_progress.py", line 611, in mailbox
    channel=socket.socket(socket.AF_UNIX,socket.SOCK_DGRAM)
  File "/usr/lib/python3.14/socket.py", line 236, in __init__
    _socket.socket.__init__(self, family, type, proto, fileno)
    ~~~~~~~~~~~~~~~~~~~~~~~^^^^^^^^^^^^^^^^^^^^^^^^^^^^^^^^^^^
PermissionError: [Errno 1] Operation not permitted

======================================================================
ERROR: test_progress_plan047_cancellation (test_vipe_benchmark_supervisor.HelperSessionTests.test_progress_plan047_cancellation) (stage='worker_authority_read', when='before')
----------------------------------------------------------------------
Traceback (most recent call last):
  File "/home/auss/git_repos/samaust/Experiments_4DGS/tests/test_vipe_benchmark_supervisor.py", line 2818, in test_progress_plan047_cancellation
    with self.subTest(**case),plan047_state(fixture,Path(temp)/str(index)) as state:
                              ~~~~~~~~~~~~~^^^^^^^^^^^^^^^^^^^^^^^^^^^^^^^
  File "/usr/lib/python3.14/contextlib.py", line 141, in __enter__
    return next(self.gen)
  File "/home/auss/git_repos/samaust/Experiments_4DGS/tests/test_vipe_benchmark_s1_helper_fixtures.py", line 433, in state
    consumer=p.Consumer(reference,cache,lambda:cancelled[0],lambda producer:(binding,1))
  File "/home/auss/git_repos/samaust/Experiments_4DGS/scripts/vipe_benchmark/s1_progress.py", line 815, in __init__
    self.cancelled=cancelled;self.bindings=bindings;self.current={};self.previous={};self.provenance={};self.channel=mailbox(self.context,'owner')
                                                                                                                     ~~~~~~~^^^^^^^^^^^^^^^^^^^^^^
  File "/home/auss/git_repos/samaust/Experiments_4DGS/scripts/vipe_benchmark/s1_progress.py", line 611, in mailbox
    channel=socket.socket(socket.AF_UNIX,socket.SOCK_DGRAM)
  File "/usr/lib/python3.14/socket.py", line 236, in __init__
    _socket.socket.__init__(self, family, type, proto, fileno)
    ~~~~~~~~~~~~~~~~~~~~~~~^^^^^^^^^^^^^^^^^^^^^^^^^^^^^^^^^^^
PermissionError: [Errno 1] Operation not permitted

======================================================================
ERROR: test_progress_plan047_cancellation (test_vipe_benchmark_supervisor.HelperSessionTests.test_progress_plan047_cancellation) (stage='worker_authority_read', when='after')
----------------------------------------------------------------------
Traceback (most recent call last):
  File "/home/auss/git_repos/samaust/Experiments_4DGS/tests/test_vipe_benchmark_supervisor.py", line 2818, in test_progress_plan047_cancellation
    with self.subTest(**case),plan047_state(fixture,Path(temp)/str(index)) as state:
                              ~~~~~~~~~~~~~^^^^^^^^^^^^^^^^^^^^^^^^^^^^^^^
  File "/usr/lib/python3.14/contextlib.py", line 141, in __enter__
    return next(self.gen)
  File "/home/auss/git_repos/samaust/Experiments_4DGS/tests/test_vipe_benchmark_s1_helper_fixtures.py", line 433, in state
    consumer=p.Consumer(reference,cache,lambda:cancelled[0],lambda producer:(binding,1))
  File "/home/auss/git_repos/samaust/Experiments_4DGS/scripts/vipe_benchmark/s1_progress.py", line 815, in __init__
    self.cancelled=cancelled;self.bindings=bindings;self.current={};self.previous={};self.provenance={};self.channel=mailbox(self.context,'owner')
                                                                                                                     ~~~~~~~^^^^^^^^^^^^^^^^^^^^^^
  File "/home/auss/git_repos/samaust/Experiments_4DGS/scripts/vipe_benchmark/s1_progress.py", line 611, in mailbox
    channel=socket.socket(socket.AF_UNIX,socket.SOCK_DGRAM)
  File "/usr/lib/python3.14/socket.py", line 236, in __init__
    _socket.socket.__init__(self, family, type, proto, fileno)
    ~~~~~~~~~~~~~~~~~~~~~~~^^^^^^^^^^^^^^^^^^^^^^^^^^^^^^^^^^^
PermissionError: [Errno 1] Operation not permitted

======================================================================
ERROR: test_progress_plan047_cancellation (test_vipe_benchmark_supervisor.HelperSessionTests.test_progress_plan047_cancellation) (stage='retention', when='before')
----------------------------------------------------------------------
Traceback (most recent call last):
  File "/home/auss/git_repos/samaust/Experiments_4DGS/tests/test_vipe_benchmark_supervisor.py", line 2818, in test_progress_plan047_cancellation
    with self.subTest(**case),plan047_state(fixture,Path(temp)/str(index)) as state:
                              ~~~~~~~~~~~~~^^^^^^^^^^^^^^^^^^^^^^^^^^^^^^^
  File "/usr/lib/python3.14/contextlib.py", line 141, in __enter__
    return next(self.gen)
  File "/home/auss/git_repos/samaust/Experiments_4DGS/tests/test_vipe_benchmark_s1_helper_fixtures.py", line 433, in state
    consumer=p.Consumer(reference,cache,lambda:cancelled[0],lambda producer:(binding,1))
  File "/home/auss/git_repos/samaust/Experiments_4DGS/scripts/vipe_benchmark/s1_progress.py", line 815, in __init__
    self.cancelled=cancelled;self.bindings=bindings;self.current={};self.previous={};self.provenance={};self.channel=mailbox(self.context,'owner')
                                                                                                                     ~~~~~~~^^^^^^^^^^^^^^^^^^^^^^
  File "/home/auss/git_repos/samaust/Experiments_4DGS/scripts/vipe_benchmark/s1_progress.py", line 611, in mailbox
    channel=socket.socket(socket.AF_UNIX,socket.SOCK_DGRAM)
  File "/usr/lib/python3.14/socket.py", line 236, in __init__
    _socket.socket.__init__(self, family, type, proto, fileno)
    ~~~~~~~~~~~~~~~~~~~~~~~^^^^^^^^^^^^^^^^^^^^^^^^^^^^^^^^^^^
PermissionError: [Errno 1] Operation not permitted

======================================================================
ERROR: test_progress_plan047_cancellation (test_vipe_benchmark_supervisor.HelperSessionTests.test_progress_plan047_cancellation) (stage='retention', when='after')
----------------------------------------------------------------------
Traceback (most recent call last):
  File "/home/auss/git_repos/samaust/Experiments_4DGS/tests/test_vipe_benchmark_supervisor.py", line 2818, in test_progress_plan047_cancellation
    with self.subTest(**case),plan047_state(fixture,Path(temp)/str(index)) as state:
                              ~~~~~~~~~~~~~^^^^^^^^^^^^^^^^^^^^^^^^^^^^^^^
  File "/usr/lib/python3.14/contextlib.py", line 141, in __enter__
    return next(self.gen)
  File "/home/auss/git_repos/samaust/Experiments_4DGS/tests/test_vipe_benchmark_s1_helper_fixtures.py", line 433, in state
    consumer=p.Consumer(reference,cache,lambda:cancelled[0],lambda producer:(binding,1))
  File "/home/auss/git_repos/samaust/Experiments_4DGS/scripts/vipe_benchmark/s1_progress.py", line 815, in __init__
    self.cancelled=cancelled;self.bindings=bindings;self.current={};self.previous={};self.provenance={};self.channel=mailbox(self.context,'owner')
                                                                                                                     ~~~~~~~^^^^^^^^^^^^^^^^^^^^^^
  File "/home/auss/git_repos/samaust/Experiments_4DGS/scripts/vipe_benchmark/s1_progress.py", line 611, in mailbox
    channel=socket.socket(socket.AF_UNIX,socket.SOCK_DGRAM)
  File "/usr/lib/python3.14/socket.py", line 236, in __init__
    _socket.socket.__init__(self, family, type, proto, fileno)
    ~~~~~~~~~~~~~~~~~~~~~~~^^^^^^^^^^^^^^^^^^^^^^^^^^^^^^^^^^^
PermissionError: [Errno 1] Operation not permitted

======================================================================
ERROR: test_progress_plan047_cancellation (test_vipe_benchmark_supervisor.HelperSessionTests.test_progress_plan047_cancellation) (stage='ack_send', when='before')
----------------------------------------------------------------------
Traceback (most recent call last):
  File "/home/auss/git_repos/samaust/Experiments_4DGS/tests/test_vipe_benchmark_supervisor.py", line 2818, in test_progress_plan047_cancellation
    with self.subTest(**case),plan047_state(fixture,Path(temp)/str(index)) as state:
                              ~~~~~~~~~~~~~^^^^^^^^^^^^^^^^^^^^^^^^^^^^^^^
  File "/usr/lib/python3.14/contextlib.py", line 141, in __enter__
    return next(self.gen)
  File "/home/auss/git_repos/samaust/Experiments_4DGS/tests/test_vipe_benchmark_s1_helper_fixtures.py", line 433, in state
    consumer=p.Consumer(reference,cache,lambda:cancelled[0],lambda producer:(binding,1))
  File "/home/auss/git_repos/samaust/Experiments_4DGS/scripts/vipe_benchmark/s1_progress.py", line 815, in __init__
    self.cancelled=cancelled;self.bindings=bindings;self.current={};self.previous={};self.provenance={};self.channel=mailbox(self.context,'owner')
                                                                                                                     ~~~~~~~^^^^^^^^^^^^^^^^^^^^^^
  File "/home/auss/git_repos/samaust/Experiments_4DGS/scripts/vipe_benchmark/s1_progress.py", line 611, in mailbox
    channel=socket.socket(socket.AF_UNIX,socket.SOCK_DGRAM)
  File "/usr/lib/python3.14/socket.py", line 236, in __init__
    _socket.socket.__init__(self, family, type, proto, fileno)
    ~~~~~~~~~~~~~~~~~~~~~~~^^^^^^^^^^^^^^^^^^^^^^^^^^^^^^^^^^^
PermissionError: [Errno 1] Operation not permitted

======================================================================
ERROR: test_progress_plan047_cancellation (test_vipe_benchmark_supervisor.HelperSessionTests.test_progress_plan047_cancellation) (stage='ack_send', when='after')
----------------------------------------------------------------------
Traceback (most recent call last):
  File "/home/auss/git_repos/samaust/Experiments_4DGS/tests/test_vipe_benchmark_supervisor.py", line 2818, in test_progress_plan047_cancellation
    with self.subTest(**case),plan047_state(fixture,Path(temp)/str(index)) as state:
                              ~~~~~~~~~~~~~^^^^^^^^^^^^^^^^^^^^^^^^^^^^^^^
  File "/usr/lib/python3.14/contextlib.py", line 141, in __enter__
    return next(self.gen)
  File "/home/auss/git_repos/samaust/Experiments_4DGS/tests/test_vipe_benchmark_s1_helper_fixtures.py", line 433, in state
    consumer=p.Consumer(reference,cache,lambda:cancelled[0],lambda producer:(binding,1))
  File "/home/auss/git_repos/samaust/Experiments_4DGS/scripts/vipe_benchmark/s1_progress.py", line 815, in __init__
    self.cancelled=cancelled;self.bindings=bindings;self.current={};self.previous={};self.provenance={};self.channel=mailbox(self.context,'owner')
                                                                                                                     ~~~~~~~^^^^^^^^^^^^^^^^^^^^^^
  File "/home/auss/git_repos/samaust/Experiments_4DGS/scripts/vipe_benchmark/s1_progress.py", line 611, in mailbox
    channel=socket.socket(socket.AF_UNIX,socket.SOCK_DGRAM)
  File "/usr/lib/python3.14/socket.py", line 236, in __init__
    _socket.socket.__init__(self, family, type, proto, fileno)
    ~~~~~~~~~~~~~~~~~~~~~~~^^^^^^^^^^^^^^^^^^^^^^^^^^^^^^^^^^^
PermissionError: [Errno 1] Operation not permitted

======================================================================
ERROR: test_progress_plan047_cancellation (test_vipe_benchmark_supervisor.HelperSessionTests.test_progress_plan047_cancellation) (stage='ack_receipt', when='before')
----------------------------------------------------------------------
Traceback (most recent call last):
  File "/home/auss/git_repos/samaust/Experiments_4DGS/tests/test_vipe_benchmark_supervisor.py", line 2818, in test_progress_plan047_cancellation
    with self.subTest(**case),plan047_state(fixture,Path(temp)/str(index)) as state:
                              ~~~~~~~~~~~~~^^^^^^^^^^^^^^^^^^^^^^^^^^^^^^^
  File "/usr/lib/python3.14/contextlib.py", line 141, in __enter__
    return next(self.gen)
  File "/home/auss/git_repos/samaust/Experiments_4DGS/tests/test_vipe_benchmark_s1_helper_fixtures.py", line 433, in state
    consumer=p.Consumer(reference,cache,lambda:cancelled[0],lambda producer:(binding,1))
  File "/home/auss/git_repos/samaust/Experiments_4DGS/scripts/vipe_benchmark/s1_progress.py", line 815, in __init__
    self.cancelled=cancelled;self.bindings=bindings;self.current={};self.previous={};self.provenance={};self.channel=mailbox(self.context,'owner')
                                                                                                                     ~~~~~~~^^^^^^^^^^^^^^^^^^^^^^
  File "/home/auss/git_repos/samaust/Experiments_4DGS/scripts/vipe_benchmark/s1_progress.py", line 611, in mailbox
    channel=socket.socket(socket.AF_UNIX,socket.SOCK_DGRAM)
  File "/usr/lib/python3.14/socket.py", line 236, in __init__
    _socket.socket.__init__(self, family, type, proto, fileno)
    ~~~~~~~~~~~~~~~~~~~~~~~^^^^^^^^^^^^^^^^^^^^^^^^^^^^^^^^^^^
PermissionError: [Errno 1] Operation not permitted

======================================================================
ERROR: test_progress_plan047_cancellation (test_vipe_benchmark_supervisor.HelperSessionTests.test_progress_plan047_cancellation) (stage='ack_receipt', when='after')
----------------------------------------------------------------------
Traceback (most recent call last):
  File "/home/auss/git_repos/samaust/Experiments_4DGS/tests/test_vipe_benchmark_supervisor.py", line 2818, in test_progress_plan047_cancellation
    with self.subTest(**case),plan047_state(fixture,Path(temp)/str(index)) as state:
                              ~~~~~~~~~~~~~^^^^^^^^^^^^^^^^^^^^^^^^^^^^^^^
  File "/usr/lib/python3.14/contextlib.py", line 141, in __enter__
    return next(self.gen)
  File "/home/auss/git_repos/samaust/Experiments_4DGS/tests/test_vipe_benchmark_s1_helper_fixtures.py", line 433, in state
    consumer=p.Consumer(reference,cache,lambda:cancelled[0],lambda producer:(binding,1))
  File "/home/auss/git_repos/samaust/Experiments_4DGS/scripts/vipe_benchmark/s1_progress.py", line 815, in __init__
    self.cancelled=cancelled;self.bindings=bindings;self.current={};self.previous={};self.provenance={};self.channel=mailbox(self.context,'owner')
                                                                                                                     ~~~~~~~^^^^^^^^^^^^^^^^^^^^^^
  File "/home/auss/git_repos/samaust/Experiments_4DGS/scripts/vipe_benchmark/s1_progress.py", line 611, in mailbox
    channel=socket.socket(socket.AF_UNIX,socket.SOCK_DGRAM)
  File "/usr/lib/python3.14/socket.py", line 236, in __init__
    _socket.socket.__init__(self, family, type, proto, fileno)
    ~~~~~~~~~~~~~~~~~~~~~~~^^^^^^^^^^^^^^^^^^^^^^^^^^^^^^^^^^^
PermissionError: [Errno 1] Operation not permitted

======================================================================
ERROR: test_progress_plan047_complete_final_sample (test_vipe_benchmark_supervisor.HelperSessionTests.test_progress_plan047_complete_final_sample)
----------------------------------------------------------------------
Traceback (most recent call last):
  File "/home/auss/git_repos/samaust/Experiments_4DGS/tests/test_vipe_benchmark_supervisor.py", line 2858, in test_progress_plan047_complete_final_sample
    full=plan047_full_fixture(self);records=[];real_lifecycle=sup.HelperLifecycle
  File "/home/auss/git_repos/samaust/Experiments_4DGS/tests/test_vipe_benchmark_s1_helper_fixtures.py", line 467, in plan047_full_fixture
    first=evidence.first_record(request,output,'passed',clock=clock,rows=rows[:1],runtime=fixture.observed,checks=evidence.qualify_row(row,request,first=True),raw=[row['diagnostics']])
  File "/home/auss/git_repos/samaust/Experiments_4DGS/scripts/vipe_benchmark/s1_evidence.py", line 168, in first_record
    result=operation(_first_record,request,output,status,clock=clock,rows=rows,runtime=runtime,
        error=error,stage=stage,raw=raw,checks=checks,deadline=deadline)
  File "/home/auss/git_repos/samaust/Experiments_4DGS/scripts/vipe_benchmark/s1_progress.py", line 310, in operation
    value = function(*args, **kwargs)
  File "/home/auss/git_repos/samaust/Experiments_4DGS/scripts/vipe_benchmark/s1_evidence.py", line 219, in _first_record
    verify_first(value, request, clock=clock, deadline=clock.work_deadline)
    ~~~~~~~~~~~~^^^^^^^^^^^^^^^^^^^^^^^^^^^^^^^^^^^^^^^^^^^^^^^^^^^^^^^^^^^
  File "/home/auss/git_repos/samaust/Experiments_4DGS/scripts/vipe_benchmark/s1_progress.py", line 332, in run
    result = function(*args, **kwargs)
  File "/home/auss/git_repos/samaust/Experiments_4DGS/scripts/vipe_benchmark/s1_evidence.py", line 760, in verify_first
    qualify_runtime(value['runtime'], request)
    ~~~~~~~~~~~~~~~^^^^^^^^^^^^^^^^^^^^^^^^^^^
  File "/home/auss/git_repos/samaust/Experiments_4DGS/scripts/vipe_benchmark/s1_progress.py", line 332, in run
    result = function(*args, **kwargs)
  File "/home/auss/git_repos/samaust/Experiments_4DGS/scripts/vipe_benchmark/s1_evidence.py", line 784, in qualify_runtime
    or executable != operation(file_record,request['runtime']['python'])):
                     ~~~~~~~~~^^^^^^^^^^^^^^^^^^^^^^^^^^^^^^^^^^^^^^^^^^
  File "/home/auss/git_repos/samaust/Experiments_4DGS/scripts/vipe_benchmark/s1_progress.py", line 310, in operation
    value = function(*args, **kwargs)
  File "/home/auss/git_repos/samaust/Experiments_4DGS/scripts/vipe_benchmark/s1_progress.py", line 227, in checked_file_record
    result=record(path, read_bytes(path, size))
                        ~~~~~~~~~~^^^^^^^^^^^^
  File "/home/auss/git_repos/samaust/Experiments_4DGS/scripts/vipe_benchmark/s1_progress.py", line 175, in read_bytes
    fd = os.open(name, os.O_RDONLY | os.O_NOFOLLOW | os.O_NONBLOCK, dir_fd=parent)
OSError: [Errno 40] Too many levels of symbolic links: 'python'

======================================================================
ERROR: test_progress_plan047_deadline_steps (test_vipe_benchmark_supervisor.HelperSessionTests.test_progress_plan047_deadline_steps) (operation='checkpoint_write', when='before')
----------------------------------------------------------------------
Traceback (most recent call last):
  File "/home/auss/git_repos/samaust/Experiments_4DGS/tests/test_vipe_benchmark_supervisor.py", line 3196, in test_progress_plan047_deadline_steps
    with self.subTest(**case),plan047_state(fixture,Path(temp)/str(index)) as state,contextlib.ExitStack() as stack:
                              ~~~~~~~~~~~~~^^^^^^^^^^^^^^^^^^^^^^^^^^^^^^^
  File "/usr/lib/python3.14/contextlib.py", line 141, in __enter__
    return next(self.gen)
  File "/home/auss/git_repos/samaust/Experiments_4DGS/tests/test_vipe_benchmark_s1_helper_fixtures.py", line 433, in state
    consumer=p.Consumer(reference,cache,lambda:cancelled[0],lambda producer:(binding,1))
  File "/home/auss/git_repos/samaust/Experiments_4DGS/scripts/vipe_benchmark/s1_progress.py", line 815, in __init__
    self.cancelled=cancelled;self.bindings=bindings;self.current={};self.previous={};self.provenance={};self.channel=mailbox(self.context,'owner')
                                                                                                                     ~~~~~~~^^^^^^^^^^^^^^^^^^^^^^
  File "/home/auss/git_repos/samaust/Experiments_4DGS/scripts/vipe_benchmark/s1_progress.py", line 611, in mailbox
    channel=socket.socket(socket.AF_UNIX,socket.SOCK_DGRAM)
  File "/usr/lib/python3.14/socket.py", line 236, in __init__
    _socket.socket.__init__(self, family, type, proto, fileno)
    ~~~~~~~~~~~~~~~~~~~~~~~^^^^^^^^^^^^^^^^^^^^^^^^^^^^^^^^^^^
PermissionError: [Errno 1] Operation not permitted

======================================================================
ERROR: test_progress_plan047_deadline_steps (test_vipe_benchmark_supervisor.HelperSessionTests.test_progress_plan047_deadline_steps) (operation='checkpoint_write', when='equal')
----------------------------------------------------------------------
Traceback (most recent call last):
  File "/home/auss/git_repos/samaust/Experiments_4DGS/tests/test_vipe_benchmark_supervisor.py", line 3196, in test_progress_plan047_deadline_steps
    with self.subTest(**case),plan047_state(fixture,Path(temp)/str(index)) as state,contextlib.ExitStack() as stack:
                              ~~~~~~~~~~~~~^^^^^^^^^^^^^^^^^^^^^^^^^^^^^^^
  File "/usr/lib/python3.14/contextlib.py", line 141, in __enter__
    return next(self.gen)
  File "/home/auss/git_repos/samaust/Experiments_4DGS/tests/test_vipe_benchmark_s1_helper_fixtures.py", line 433, in state
    consumer=p.Consumer(reference,cache,lambda:cancelled[0],lambda producer:(binding,1))
  File "/home/auss/git_repos/samaust/Experiments_4DGS/scripts/vipe_benchmark/s1_progress.py", line 815, in __init__
    self.cancelled=cancelled;self.bindings=bindings;self.current={};self.previous={};self.provenance={};self.channel=mailbox(self.context,'owner')
                                                                                                                     ~~~~~~~^^^^^^^^^^^^^^^^^^^^^^
  File "/home/auss/git_repos/samaust/Experiments_4DGS/scripts/vipe_benchmark/s1_progress.py", line 611, in mailbox
    channel=socket.socket(socket.AF_UNIX,socket.SOCK_DGRAM)
  File "/usr/lib/python3.14/socket.py", line 236, in __init__
    _socket.socket.__init__(self, family, type, proto, fileno)
    ~~~~~~~~~~~~~~~~~~~~~~~^^^^^^^^^^^^^^^^^^^^^^^^^^^^^^^^^^^
PermissionError: [Errno 1] Operation not permitted

======================================================================
ERROR: test_progress_plan047_deadline_steps (test_vipe_benchmark_supervisor.HelperSessionTests.test_progress_plan047_deadline_steps) (operation='checkpoint_write', when='after')
----------------------------------------------------------------------
Traceback (most recent call last):
  File "/home/auss/git_repos/samaust/Experiments_4DGS/tests/test_vipe_benchmark_supervisor.py", line 3196, in test_progress_plan047_deadline_steps
    with self.subTest(**case),plan047_state(fixture,Path(temp)/str(index)) as state,contextlib.ExitStack() as stack:
                              ~~~~~~~~~~~~~^^^^^^^^^^^^^^^^^^^^^^^^^^^^^^^
  File "/usr/lib/python3.14/contextlib.py", line 141, in __enter__
    return next(self.gen)
  File "/home/auss/git_repos/samaust/Experiments_4DGS/tests/test_vipe_benchmark_s1_helper_fixtures.py", line 433, in state
    consumer=p.Consumer(reference,cache,lambda:cancelled[0],lambda producer:(binding,1))
  File "/home/auss/git_repos/samaust/Experiments_4DGS/scripts/vipe_benchmark/s1_progress.py", line 815, in __init__
    self.cancelled=cancelled;self.bindings=bindings;self.current={};self.previous={};self.provenance={};self.channel=mailbox(self.context,'owner')
                                                                                                                     ~~~~~~~^^^^^^^^^^^^^^^^^^^^^^
  File "/home/auss/git_repos/samaust/Experiments_4DGS/scripts/vipe_benchmark/s1_progress.py", line 611, in mailbox
    channel=socket.socket(socket.AF_UNIX,socket.SOCK_DGRAM)
  File "/usr/lib/python3.14/socket.py", line 236, in __init__
    _socket.socket.__init__(self, family, type, proto, fileno)
    ~~~~~~~~~~~~~~~~~~~~~~~^^^^^^^^^^^^^^^^^^^^^^^^^^^^^^^^^^^
PermissionError: [Errno 1] Operation not permitted

======================================================================
ERROR: test_progress_plan047_deadline_steps (test_vipe_benchmark_supervisor.HelperSessionTests.test_progress_plan047_deadline_steps) (operation='checkpoint_flush', when='before')
----------------------------------------------------------------------
Traceback (most recent call last):
  File "/home/auss/git_repos/samaust/Experiments_4DGS/tests/test_vipe_benchmark_supervisor.py", line 3196, in test_progress_plan047_deadline_steps
    with self.subTest(**case),plan047_state(fixture,Path(temp)/str(index)) as state,contextlib.ExitStack() as stack:
                              ~~~~~~~~~~~~~^^^^^^^^^^^^^^^^^^^^^^^^^^^^^^^
  File "/usr/lib/python3.14/contextlib.py", line 141, in __enter__
    return next(self.gen)
  File "/home/auss/git_repos/samaust/Experiments_4DGS/tests/test_vipe_benchmark_s1_helper_fixtures.py", line 433, in state
    consumer=p.Consumer(reference,cache,lambda:cancelled[0],lambda producer:(binding,1))
  File "/home/auss/git_repos/samaust/Experiments_4DGS/scripts/vipe_benchmark/s1_progress.py", line 815, in __init__
    self.cancelled=cancelled;self.bindings=bindings;self.current={};self.previous={};self.provenance={};self.channel=mailbox(self.context,'owner')
                                                                                                                     ~~~~~~~^^^^^^^^^^^^^^^^^^^^^^
  File "/home/auss/git_repos/samaust/Experiments_4DGS/scripts/vipe_benchmark/s1_progress.py", line 611, in mailbox
    channel=socket.socket(socket.AF_UNIX,socket.SOCK_DGRAM)
  File "/usr/lib/python3.14/socket.py", line 236, in __init__
    _socket.socket.__init__(self, family, type, proto, fileno)
    ~~~~~~~~~~~~~~~~~~~~~~~^^^^^^^^^^^^^^^^^^^^^^^^^^^^^^^^^^^
PermissionError: [Errno 1] Operation not permitted

======================================================================
ERROR: test_progress_plan047_deadline_steps (test_vipe_benchmark_supervisor.HelperSessionTests.test_progress_plan047_deadline_steps) (operation='checkpoint_flush', when='equal')
----------------------------------------------------------------------
Traceback (most recent call last):
  File "/home/auss/git_repos/samaust/Experiments_4DGS/tests/test_vipe_benchmark_supervisor.py", line 3196, in test_progress_plan047_deadline_steps
    with self.subTest(**case),plan047_state(fixture,Path(temp)/str(index)) as state,contextlib.ExitStack() as stack:
                              ~~~~~~~~~~~~~^^^^^^^^^^^^^^^^^^^^^^^^^^^^^^^
  File "/usr/lib/python3.14/contextlib.py", line 141, in __enter__
    return next(self.gen)
  File "/home/auss/git_repos/samaust/Experiments_4DGS/tests/test_vipe_benchmark_s1_helper_fixtures.py", line 433, in state
    consumer=p.Consumer(reference,cache,lambda:cancelled[0],lambda producer:(binding,1))
  File "/home/auss/git_repos/samaust/Experiments_4DGS/scripts/vipe_benchmark/s1_progress.py", line 815, in __init__
    self.cancelled=cancelled;self.bindings=bindings;self.current={};self.previous={};self.provenance={};self.channel=mailbox(self.context,'owner')
                                                                                                                     ~~~~~~~^^^^^^^^^^^^^^^^^^^^^^
  File "/home/auss/git_repos/samaust/Experiments_4DGS/scripts/vipe_benchmark/s1_progress.py", line 611, in mailbox
    channel=socket.socket(socket.AF_UNIX,socket.SOCK_DGRAM)
  File "/usr/lib/python3.14/socket.py", line 236, in __init__
    _socket.socket.__init__(self, family, type, proto, fileno)
    ~~~~~~~~~~~~~~~~~~~~~~~^^^^^^^^^^^^^^^^^^^^^^^^^^^^^^^^^^^
PermissionError: [Errno 1] Operation not permitted

======================================================================
ERROR: test_progress_plan047_deadline_steps (test_vipe_benchmark_supervisor.HelperSessionTests.test_progress_plan047_deadline_steps) (operation='checkpoint_flush', when='after')
----------------------------------------------------------------------
Traceback (most recent call last):
  File "/home/auss/git_repos/samaust/Experiments_4DGS/tests/test_vipe_benchmark_supervisor.py", line 3196, in test_progress_plan047_deadline_steps
    with self.subTest(**case),plan047_state(fixture,Path(temp)/str(index)) as state,contextlib.ExitStack() as stack:
                              ~~~~~~~~~~~~~^^^^^^^^^^^^^^^^^^^^^^^^^^^^^^^
  File "/usr/lib/python3.14/contextlib.py", line 141, in __enter__
    return next(self.gen)
  File "/home/auss/git_repos/samaust/Experiments_4DGS/tests/test_vipe_benchmark_s1_helper_fixtures.py", line 433, in state
    consumer=p.Consumer(reference,cache,lambda:cancelled[0],lambda producer:(binding,1))
  File "/home/auss/git_repos/samaust/Experiments_4DGS/scripts/vipe_benchmark/s1_progress.py", line 815, in __init__
    self.cancelled=cancelled;self.bindings=bindings;self.current={};self.previous={};self.provenance={};self.channel=mailbox(self.context,'owner')
                                                                                                                     ~~~~~~~^^^^^^^^^^^^^^^^^^^^^^
  File "/home/auss/git_repos/samaust/Experiments_4DGS/scripts/vipe_benchmark/s1_progress.py", line 611, in mailbox
    channel=socket.socket(socket.AF_UNIX,socket.SOCK_DGRAM)
  File "/usr/lib/python3.14/socket.py", line 236, in __init__
    _socket.socket.__init__(self, family, type, proto, fileno)
    ~~~~~~~~~~~~~~~~~~~~~~~^^^^^^^^^^^^^^^^^^^^^^^^^^^^^^^^^^^
PermissionError: [Errno 1] Operation not permitted

======================================================================
ERROR: test_progress_plan047_deadline_steps (test_vipe_benchmark_supervisor.HelperSessionTests.test_progress_plan047_deadline_steps) (operation='checkpoint_fsync', when='before')
----------------------------------------------------------------------
Traceback (most recent call last):
  File "/home/auss/git_repos/samaust/Experiments_4DGS/tests/test_vipe_benchmark_supervisor.py", line 3196, in test_progress_plan047_deadline_steps
    with self.subTest(**case),plan047_state(fixture,Path(temp)/str(index)) as state,contextlib.ExitStack() as stack:
                              ~~~~~~~~~~~~~^^^^^^^^^^^^^^^^^^^^^^^^^^^^^^^
  File "/usr/lib/python3.14/contextlib.py", line 141, in __enter__
    return next(self.gen)
  File "/home/auss/git_repos/samaust/Experiments_4DGS/tests/test_vipe_benchmark_s1_helper_fixtures.py", line 433, in state
    consumer=p.Consumer(reference,cache,lambda:cancelled[0],lambda producer:(binding,1))
  File "/home/auss/git_repos/samaust/Experiments_4DGS/scripts/vipe_benchmark/s1_progress.py", line 815, in __init__
    self.cancelled=cancelled;self.bindings=bindings;self.current={};self.previous={};self.provenance={};self.channel=mailbox(self.context,'owner')
                                                                                                                     ~~~~~~~^^^^^^^^^^^^^^^^^^^^^^
  File "/home/auss/git_repos/samaust/Experiments_4DGS/scripts/vipe_benchmark/s1_progress.py", line 611, in mailbox
    channel=socket.socket(socket.AF_UNIX,socket.SOCK_DGRAM)
  File "/usr/lib/python3.14/socket.py", line 236, in __init__
    _socket.socket.__init__(self, family, type, proto, fileno)
    ~~~~~~~~~~~~~~~~~~~~~~~^^^^^^^^^^^^^^^^^^^^^^^^^^^^^^^^^^^
PermissionError: [Errno 1] Operation not permitted

======================================================================
ERROR: test_progress_plan047_deadline_steps (test_vipe_benchmark_supervisor.HelperSessionTests.test_progress_plan047_deadline_steps) (operation='checkpoint_fsync', when='equal')
----------------------------------------------------------------------
Traceback (most recent call last):
  File "/home/auss/git_repos/samaust/Experiments_4DGS/tests/test_vipe_benchmark_supervisor.py", line 3196, in test_progress_plan047_deadline_steps
    with self.subTest(**case),plan047_state(fixture,Path(temp)/str(index)) as state,contextlib.ExitStack() as stack:
                              ~~~~~~~~~~~~~^^^^^^^^^^^^^^^^^^^^^^^^^^^^^^^
  File "/usr/lib/python3.14/contextlib.py", line 141, in __enter__
    return next(self.gen)
  File "/home/auss/git_repos/samaust/Experiments_4DGS/tests/test_vipe_benchmark_s1_helper_fixtures.py", line 433, in state
    consumer=p.Consumer(reference,cache,lambda:cancelled[0],lambda producer:(binding,1))
  File "/home/auss/git_repos/samaust/Experiments_4DGS/scripts/vipe_benchmark/s1_progress.py", line 815, in __init__
    self.cancelled=cancelled;self.bindings=bindings;self.current={};self.previous={};self.provenance={};self.channel=mailbox(self.context,'owner')
                                                                                                                     ~~~~~~~^^^^^^^^^^^^^^^^^^^^^^
  File "/home/auss/git_repos/samaust/Experiments_4DGS/scripts/vipe_benchmark/s1_progress.py", line 611, in mailbox
    channel=socket.socket(socket.AF_UNIX,socket.SOCK_DGRAM)
  File "/usr/lib/python3.14/socket.py", line 236, in __init__
    _socket.socket.__init__(self, family, type, proto, fileno)
    ~~~~~~~~~~~~~~~~~~~~~~~^^^^^^^^^^^^^^^^^^^^^^^^^^^^^^^^^^^
PermissionError: [Errno 1] Operation not permitted

======================================================================
ERROR: test_progress_plan047_deadline_steps (test_vipe_benchmark_supervisor.HelperSessionTests.test_progress_plan047_deadline_steps) (operation='checkpoint_fsync', when='after')
----------------------------------------------------------------------
Traceback (most recent call last):
  File "/home/auss/git_repos/samaust/Experiments_4DGS/tests/test_vipe_benchmark_supervisor.py", line 3196, in test_progress_plan047_deadline_steps
    with self.subTest(**case),plan047_state(fixture,Path(temp)/str(index)) as state,contextlib.ExitStack() as stack:
                              ~~~~~~~~~~~~~^^^^^^^^^^^^^^^^^^^^^^^^^^^^^^^
  File "/usr/lib/python3.14/contextlib.py", line 141, in __enter__
    return next(self.gen)
  File "/home/auss/git_repos/samaust/Experiments_4DGS/tests/test_vipe_benchmark_s1_helper_fixtures.py", line 433, in state
    consumer=p.Consumer(reference,cache,lambda:cancelled[0],lambda producer:(binding,1))
  File "/home/auss/git_repos/samaust/Experiments_4DGS/scripts/vipe_benchmark/s1_progress.py", line 815, in __init__
    self.cancelled=cancelled;self.bindings=bindings;self.current={};self.previous={};self.provenance={};self.channel=mailbox(self.context,'owner')
                                                                                                                     ~~~~~~~^^^^^^^^^^^^^^^^^^^^^^
  File "/home/auss/git_repos/samaust/Experiments_4DGS/scripts/vipe_benchmark/s1_progress.py", line 611, in mailbox
    channel=socket.socket(socket.AF_UNIX,socket.SOCK_DGRAM)
  File "/usr/lib/python3.14/socket.py", line 236, in __init__
    _socket.socket.__init__(self, family, type, proto, fileno)
    ~~~~~~~~~~~~~~~~~~~~~~~^^^^^^^^^^^^^^^^^^^^^^^^^^^^^^^^^^^
PermissionError: [Errno 1] Operation not permitted

======================================================================
ERROR: test_progress_plan047_deadline_steps (test_vipe_benchmark_supervisor.HelperSessionTests.test_progress_plan047_deadline_steps) (operation='checkpoint_close', when='before')
----------------------------------------------------------------------
Traceback (most recent call last):
  File "/home/auss/git_repos/samaust/Experiments_4DGS/tests/test_vipe_benchmark_supervisor.py", line 3196, in test_progress_plan047_deadline_steps
    with self.subTest(**case),plan047_state(fixture,Path(temp)/str(index)) as state,contextlib.ExitStack() as stack:
                              ~~~~~~~~~~~~~^^^^^^^^^^^^^^^^^^^^^^^^^^^^^^^
  File "/usr/lib/python3.14/contextlib.py", line 141, in __enter__
    return next(self.gen)
  File "/home/auss/git_repos/samaust/Experiments_4DGS/tests/test_vipe_benchmark_s1_helper_fixtures.py", line 433, in state
    consumer=p.Consumer(reference,cache,lambda:cancelled[0],lambda producer:(binding,1))
  File "/home/auss/git_repos/samaust/Experiments_4DGS/scripts/vipe_benchmark/s1_progress.py", line 815, in __init__
    self.cancelled=cancelled;self.bindings=bindings;self.current={};self.previous={};self.provenance={};self.channel=mailbox(self.context,'owner')
                                                                                                                     ~~~~~~~^^^^^^^^^^^^^^^^^^^^^^
  File "/home/auss/git_repos/samaust/Experiments_4DGS/scripts/vipe_benchmark/s1_progress.py", line 611, in mailbox
    channel=socket.socket(socket.AF_UNIX,socket.SOCK_DGRAM)
  File "/usr/lib/python3.14/socket.py", line 236, in __init__
    _socket.socket.__init__(self, family, type, proto, fileno)
    ~~~~~~~~~~~~~~~~~~~~~~~^^^^^^^^^^^^^^^^^^^^^^^^^^^^^^^^^^^
PermissionError: [Errno 1] Operation not permitted

======================================================================
ERROR: test_progress_plan047_deadline_steps (test_vipe_benchmark_supervisor.HelperSessionTests.test_progress_plan047_deadline_steps) (operation='checkpoint_close', when='equal')
----------------------------------------------------------------------
Traceback (most recent call last):
  File "/home/auss/git_repos/samaust/Experiments_4DGS/tests/test_vipe_benchmark_supervisor.py", line 3196, in test_progress_plan047_deadline_steps
    with self.subTest(**case),plan047_state(fixture,Path(temp)/str(index)) as state,contextlib.ExitStack() as stack:
                              ~~~~~~~~~~~~~^^^^^^^^^^^^^^^^^^^^^^^^^^^^^^^
  File "/usr/lib/python3.14/contextlib.py", line 141, in __enter__
    return next(self.gen)
  File "/home/auss/git_repos/samaust/Experiments_4DGS/tests/test_vipe_benchmark_s1_helper_fixtures.py", line 433, in state
    consumer=p.Consumer(reference,cache,lambda:cancelled[0],lambda producer:(binding,1))
  File "/home/auss/git_repos/samaust/Experiments_4DGS/scripts/vipe_benchmark/s1_progress.py", line 815, in __init__
    self.cancelled=cancelled;self.bindings=bindings;self.current={};self.previous={};self.provenance={};self.channel=mailbox(self.context,'owner')
                                                                                                                     ~~~~~~~^^^^^^^^^^^^^^^^^^^^^^
  File "/home/auss/git_repos/samaust/Experiments_4DGS/scripts/vipe_benchmark/s1_progress.py", line 611, in mailbox
    channel=socket.socket(socket.AF_UNIX,socket.SOCK_DGRAM)
  File "/usr/lib/python3.14/socket.py", line 236, in __init__
    _socket.socket.__init__(self, family, type, proto, fileno)
    ~~~~~~~~~~~~~~~~~~~~~~~^^^^^^^^^^^^^^^^^^^^^^^^^^^^^^^^^^^
PermissionError: [Errno 1] Operation not permitted

======================================================================
ERROR: test_progress_plan047_deadline_steps (test_vipe_benchmark_supervisor.HelperSessionTests.test_progress_plan047_deadline_steps) (operation='checkpoint_close', when='after')
----------------------------------------------------------------------
Traceback (most recent call last):
  File "/home/auss/git_repos/samaust/Experiments_4DGS/tests/test_vipe_benchmark_supervisor.py", line 3196, in test_progress_plan047_deadline_steps
    with self.subTest(**case),plan047_state(fixture,Path(temp)/str(index)) as state,contextlib.ExitStack() as stack:
                              ~~~~~~~~~~~~~^^^^^^^^^^^^^^^^^^^^^^^^^^^^^^^
  File "/usr/lib/python3.14/contextlib.py", line 141, in __enter__
    return next(self.gen)
  File "/home/auss/git_repos/samaust/Experiments_4DGS/tests/test_vipe_benchmark_s1_helper_fixtures.py", line 433, in state
    consumer=p.Consumer(reference,cache,lambda:cancelled[0],lambda producer:(binding,1))
  File "/home/auss/git_repos/samaust/Experiments_4DGS/scripts/vipe_benchmark/s1_progress.py", line 815, in __init__
    self.cancelled=cancelled;self.bindings=bindings;self.current={};self.previous={};self.provenance={};self.channel=mailbox(self.context,'owner')
                                                                                                                     ~~~~~~~^^^^^^^^^^^^^^^^^^^^^^
  File "/home/auss/git_repos/samaust/Experiments_4DGS/scripts/vipe_benchmark/s1_progress.py", line 611, in mailbox
    channel=socket.socket(socket.AF_UNIX,socket.SOCK_DGRAM)
  File "/usr/lib/python3.14/socket.py", line 236, in __init__
    _socket.socket.__init__(self, family, type, proto, fileno)
    ~~~~~~~~~~~~~~~~~~~~~~~^^^^^^^^^^^^^^^^^^^^^^^^^^^^^^^^^^^
PermissionError: [Errno 1] Operation not permitted

======================================================================
ERROR: test_progress_plan047_deadline_steps (test_vipe_benchmark_supervisor.HelperSessionTests.test_progress_plan047_deadline_steps) (operation='checkpoint_readback', when='before')
----------------------------------------------------------------------
Traceback (most recent call last):
  File "/home/auss/git_repos/samaust/Experiments_4DGS/tests/test_vipe_benchmark_supervisor.py", line 3196, in test_progress_plan047_deadline_steps
    with self.subTest(**case),plan047_state(fixture,Path(temp)/str(index)) as state,contextlib.ExitStack() as stack:
                              ~~~~~~~~~~~~~^^^^^^^^^^^^^^^^^^^^^^^^^^^^^^^
  File "/usr/lib/python3.14/contextlib.py", line 141, in __enter__
    return next(self.gen)
  File "/home/auss/git_repos/samaust/Experiments_4DGS/tests/test_vipe_benchmark_s1_helper_fixtures.py", line 433, in state
    consumer=p.Consumer(reference,cache,lambda:cancelled[0],lambda producer:(binding,1))
  File "/home/auss/git_repos/samaust/Experiments_4DGS/scripts/vipe_benchmark/s1_progress.py", line 815, in __init__
    self.cancelled=cancelled;self.bindings=bindings;self.current={};self.previous={};self.provenance={};self.channel=mailbox(self.context,'owner')
                                                                                                                     ~~~~~~~^^^^^^^^^^^^^^^^^^^^^^
  File "/home/auss/git_repos/samaust/Experiments_4DGS/scripts/vipe_benchmark/s1_progress.py", line 611, in mailbox
    channel=socket.socket(socket.AF_UNIX,socket.SOCK_DGRAM)
  File "/usr/lib/python3.14/socket.py", line 236, in __init__
    _socket.socket.__init__(self, family, type, proto, fileno)
    ~~~~~~~~~~~~~~~~~~~~~~~^^^^^^^^^^^^^^^^^^^^^^^^^^^^^^^^^^^
PermissionError: [Errno 1] Operation not permitted

======================================================================
ERROR: test_progress_plan047_deadline_steps (test_vipe_benchmark_supervisor.HelperSessionTests.test_progress_plan047_deadline_steps) (operation='checkpoint_readback', when='equal')
----------------------------------------------------------------------
Traceback (most recent call last):
  File "/home/auss/git_repos/samaust/Experiments_4DGS/tests/test_vipe_benchmark_supervisor.py", line 3196, in test_progress_plan047_deadline_steps
    with self.subTest(**case),plan047_state(fixture,Path(temp)/str(index)) as state,contextlib.ExitStack() as stack:
                              ~~~~~~~~~~~~~^^^^^^^^^^^^^^^^^^^^^^^^^^^^^^^
  File "/usr/lib/python3.14/contextlib.py", line 141, in __enter__
    return next(self.gen)
  File "/home/auss/git_repos/samaust/Experiments_4DGS/tests/test_vipe_benchmark_s1_helper_fixtures.py", line 433, in state
    consumer=p.Consumer(reference,cache,lambda:cancelled[0],lambda producer:(binding,1))
  File "/home/auss/git_repos/samaust/Experiments_4DGS/scripts/vipe_benchmark/s1_progress.py", line 815, in __init__
    self.cancelled=cancelled;self.bindings=bindings;self.current={};self.previous={};self.provenance={};self.channel=mailbox(self.context,'owner')
                                                                                                                     ~~~~~~~^^^^^^^^^^^^^^^^^^^^^^
  File "/home/auss/git_repos/samaust/Experiments_4DGS/scripts/vipe_benchmark/s1_progress.py", line 611, in mailbox
    channel=socket.socket(socket.AF_UNIX,socket.SOCK_DGRAM)
  File "/usr/lib/python3.14/socket.py", line 236, in __init__
    _socket.socket.__init__(self, family, type, proto, fileno)
    ~~~~~~~~~~~~~~~~~~~~~~~^^^^^^^^^^^^^^^^^^^^^^^^^^^^^^^^^^^
PermissionError: [Errno 1] Operation not permitted

======================================================================
ERROR: test_progress_plan047_deadline_steps (test_vipe_benchmark_supervisor.HelperSessionTests.test_progress_plan047_deadline_steps) (operation='checkpoint_readback', when='after')
----------------------------------------------------------------------
Traceback (most recent call last):
  File "/home/auss/git_repos/samaust/Experiments_4DGS/tests/test_vipe_benchmark_supervisor.py", line 3196, in test_progress_plan047_deadline_steps
    with self.subTest(**case),plan047_state(fixture,Path(temp)/str(index)) as state,contextlib.ExitStack() as stack:
                              ~~~~~~~~~~~~~^^^^^^^^^^^^^^^^^^^^^^^^^^^^^^^
  File "/usr/lib/python3.14/contextlib.py", line 141, in __enter__
    return next(self.gen)
  File "/home/auss/git_repos/samaust/Experiments_4DGS/tests/test_vipe_benchmark_s1_helper_fixtures.py", line 433, in state
    consumer=p.Consumer(reference,cache,lambda:cancelled[0],lambda producer:(binding,1))
  File "/home/auss/git_repos/samaust/Experiments_4DGS/scripts/vipe_benchmark/s1_progress.py", line 815, in __init__
    self.cancelled=cancelled;self.bindings=bindings;self.current={};self.previous={};self.provenance={};self.channel=mailbox(self.context,'owner')
                                                                                                                     ~~~~~~~^^^^^^^^^^^^^^^^^^^^^^
  File "/home/auss/git_repos/samaust/Experiments_4DGS/scripts/vipe_benchmark/s1_progress.py", line 611, in mailbox
    channel=socket.socket(socket.AF_UNIX,socket.SOCK_DGRAM)
  File "/usr/lib/python3.14/socket.py", line 236, in __init__
    _socket.socket.__init__(self, family, type, proto, fileno)
    ~~~~~~~~~~~~~~~~~~~~~~~^^^^^^^^^^^^^^^^^^^^^^^^^^^^^^^^^^^
PermissionError: [Errno 1] Operation not permitted

======================================================================
ERROR: test_progress_plan047_deadline_steps (test_vipe_benchmark_supervisor.HelperSessionTests.test_progress_plan047_deadline_steps) (operation='head_write', when='before')
----------------------------------------------------------------------
Traceback (most recent call last):
  File "/home/auss/git_repos/samaust/Experiments_4DGS/tests/test_vipe_benchmark_supervisor.py", line 3196, in test_progress_plan047_deadline_steps
    with self.subTest(**case),plan047_state(fixture,Path(temp)/str(index)) as state,contextlib.ExitStack() as stack:
                              ~~~~~~~~~~~~~^^^^^^^^^^^^^^^^^^^^^^^^^^^^^^^
  File "/usr/lib/python3.14/contextlib.py", line 141, in __enter__
    return next(self.gen)
  File "/home/auss/git_repos/samaust/Experiments_4DGS/tests/test_vipe_benchmark_s1_helper_fixtures.py", line 433, in state
    consumer=p.Consumer(reference,cache,lambda:cancelled[0],lambda producer:(binding,1))
  File "/home/auss/git_repos/samaust/Experiments_4DGS/scripts/vipe_benchmark/s1_progress.py", line 815, in __init__
    self.cancelled=cancelled;self.bindings=bindings;self.current={};self.previous={};self.provenance={};self.channel=mailbox(self.context,'owner')
                                                                                                                     ~~~~~~~^^^^^^^^^^^^^^^^^^^^^^
  File "/home/auss/git_repos/samaust/Experiments_4DGS/scripts/vipe_benchmark/s1_progress.py", line 611, in mailbox
    channel=socket.socket(socket.AF_UNIX,socket.SOCK_DGRAM)
  File "/usr/lib/python3.14/socket.py", line 236, in __init__
    _socket.socket.__init__(self, family, type, proto, fileno)
    ~~~~~~~~~~~~~~~~~~~~~~~^^^^^^^^^^^^^^^^^^^^^^^^^^^^^^^^^^^
PermissionError: [Errno 1] Operation not permitted

======================================================================
ERROR: test_progress_plan047_deadline_steps (test_vipe_benchmark_supervisor.HelperSessionTests.test_progress_plan047_deadline_steps) (operation='head_write', when='equal')
----------------------------------------------------------------------
Traceback (most recent call last):
  File "/home/auss/git_repos/samaust/Experiments_4DGS/tests/test_vipe_benchmark_supervisor.py", line 3196, in test_progress_plan047_deadline_steps
    with self.subTest(**case),plan047_state(fixture,Path(temp)/str(index)) as state,contextlib.ExitStack() as stack:
                              ~~~~~~~~~~~~~^^^^^^^^^^^^^^^^^^^^^^^^^^^^^^^
  File "/usr/lib/python3.14/contextlib.py", line 141, in __enter__
    return next(self.gen)
  File "/home/auss/git_repos/samaust/Experiments_4DGS/tests/test_vipe_benchmark_s1_helper_fixtures.py", line 433, in state
    consumer=p.Consumer(reference,cache,lambda:cancelled[0],lambda producer:(binding,1))
  File "/home/auss/git_repos/samaust/Experiments_4DGS/scripts/vipe_benchmark/s1_progress.py", line 815, in __init__
    self.cancelled=cancelled;self.bindings=bindings;self.current={};self.previous={};self.provenance={};self.channel=mailbox(self.context,'owner')
                                                                                                                     ~~~~~~~^^^^^^^^^^^^^^^^^^^^^^
  File "/home/auss/git_repos/samaust/Experiments_4DGS/scripts/vipe_benchmark/s1_progress.py", line 611, in mailbox
    channel=socket.socket(socket.AF_UNIX,socket.SOCK_DGRAM)
  File "/usr/lib/python3.14/socket.py", line 236, in __init__
    _socket.socket.__init__(self, family, type, proto, fileno)
    ~~~~~~~~~~~~~~~~~~~~~~~^^^^^^^^^^^^^^^^^^^^^^^^^^^^^^^^^^^
PermissionError: [Errno 1] Operation not permitted

======================================================================
ERROR: test_progress_plan047_deadline_steps (test_vipe_benchmark_supervisor.HelperSessionTests.test_progress_plan047_deadline_steps) (operation='head_write', when='after')
----------------------------------------------------------------------
Traceback (most recent call last):
  File "/home/auss/git_repos/samaust/Experiments_4DGS/tests/test_vipe_benchmark_supervisor.py", line 3196, in test_progress_plan047_deadline_steps
    with self.subTest(**case),plan047_state(fixture,Path(temp)/str(index)) as state,contextlib.ExitStack() as stack:
                              ~~~~~~~~~~~~~^^^^^^^^^^^^^^^^^^^^^^^^^^^^^^^
  File "/usr/lib/python3.14/contextlib.py", line 141, in __enter__
    return next(self.gen)
  File "/home/auss/git_repos/samaust/Experiments_4DGS/tests/test_vipe_benchmark_s1_helper_fixtures.py", line 433, in state
    consumer=p.Consumer(reference,cache,lambda:cancelled[0],lambda producer:(binding,1))
  File "/home/auss/git_repos/samaust/Experiments_4DGS/scripts/vipe_benchmark/s1_progress.py", line 815, in __init__
    self.cancelled=cancelled;self.bindings=bindings;self.current={};self.previous={};self.provenance={};self.channel=mailbox(self.context,'owner')
                                                                                                                     ~~~~~~~^^^^^^^^^^^^^^^^^^^^^^
  File "/home/auss/git_repos/samaust/Experiments_4DGS/scripts/vipe_benchmark/s1_progress.py", line 611, in mailbox
    channel=socket.socket(socket.AF_UNIX,socket.SOCK_DGRAM)
  File "/usr/lib/python3.14/socket.py", line 236, in __init__
    _socket.socket.__init__(self, family, type, proto, fileno)
    ~~~~~~~~~~~~~~~~~~~~~~~^^^^^^^^^^^^^^^^^^^^^^^^^^^^^^^^^^^
PermissionError: [Errno 1] Operation not permitted

======================================================================
ERROR: test_progress_plan047_deadline_steps (test_vipe_benchmark_supervisor.HelperSessionTests.test_progress_plan047_deadline_steps) (operation='head_flush', when='before')
----------------------------------------------------------------------
Traceback (most recent call last):
  File "/home/auss/git_repos/samaust/Experiments_4DGS/tests/test_vipe_benchmark_supervisor.py", line 3196, in test_progress_plan047_deadline_steps
    with self.subTest(**case),plan047_state(fixture,Path(temp)/str(index)) as state,contextlib.ExitStack() as stack:
                              ~~~~~~~~~~~~~^^^^^^^^^^^^^^^^^^^^^^^^^^^^^^^
  File "/usr/lib/python3.14/contextlib.py", line 141, in __enter__
    return next(self.gen)
  File "/home/auss/git_repos/samaust/Experiments_4DGS/tests/test_vipe_benchmark_s1_helper_fixtures.py", line 433, in state
    consumer=p.Consumer(reference,cache,lambda:cancelled[0],lambda producer:(binding,1))
  File "/home/auss/git_repos/samaust/Experiments_4DGS/scripts/vipe_benchmark/s1_progress.py", line 815, in __init__
    self.cancelled=cancelled;self.bindings=bindings;self.current={};self.previous={};self.provenance={};self.channel=mailbox(self.context,'owner')
                                                                                                                     ~~~~~~~^^^^^^^^^^^^^^^^^^^^^^
  File "/home/auss/git_repos/samaust/Experiments_4DGS/scripts/vipe_benchmark/s1_progress.py", line 611, in mailbox
    channel=socket.socket(socket.AF_UNIX,socket.SOCK_DGRAM)
  File "/usr/lib/python3.14/socket.py", line 236, in __init__
    _socket.socket.__init__(self, family, type, proto, fileno)
    ~~~~~~~~~~~~~~~~~~~~~~~^^^^^^^^^^^^^^^^^^^^^^^^^^^^^^^^^^^
PermissionError: [Errno 1] Operation not permitted

======================================================================
ERROR: test_progress_plan047_deadline_steps (test_vipe_benchmark_supervisor.HelperSessionTests.test_progress_plan047_deadline_steps) (operation='head_flush', when='equal')
----------------------------------------------------------------------
Traceback (most recent call last):
  File "/home/auss/git_repos/samaust/Experiments_4DGS/tests/test_vipe_benchmark_supervisor.py", line 3196, in test_progress_plan047_deadline_steps
    with self.subTest(**case),plan047_state(fixture,Path(temp)/str(index)) as state,contextlib.ExitStack() as stack:
                              ~~~~~~~~~~~~~^^^^^^^^^^^^^^^^^^^^^^^^^^^^^^^
  File "/usr/lib/python3.14/contextlib.py", line 141, in __enter__
    return next(self.gen)
  File "/home/auss/git_repos/samaust/Experiments_4DGS/tests/test_vipe_benchmark_s1_helper_fixtures.py", line 433, in state
    consumer=p.Consumer(reference,cache,lambda:cancelled[0],lambda producer:(binding,1))
  File "/home/auss/git_repos/samaust/Experiments_4DGS/scripts/vipe_benchmark/s1_progress.py", line 815, in __init__
    self.cancelled=cancelled;self.bindings=bindings;self.current={};self.previous={};self.provenance={};self.channel=mailbox(self.context,'owner')
                                                                                                                     ~~~~~~~^^^^^^^^^^^^^^^^^^^^^^
  File "/home/auss/git_repos/samaust/Experiments_4DGS/scripts/vipe_benchmark/s1_progress.py", line 611, in mailbox
    channel=socket.socket(socket.AF_UNIX,socket.SOCK_DGRAM)
  File "/usr/lib/python3.14/socket.py", line 236, in __init__
    _socket.socket.__init__(self, family, type, proto, fileno)
    ~~~~~~~~~~~~~~~~~~~~~~~^^^^^^^^^^^^^^^^^^^^^^^^^^^^^^^^^^^
PermissionError: [Errno 1] Operation not permitted

======================================================================
ERROR: test_progress_plan047_deadline_steps (test_vipe_benchmark_supervisor.HelperSessionTests.test_progress_plan047_deadline_steps) (operation='head_flush', when='after')
----------------------------------------------------------------------
Traceback (most recent call last):
  File "/home/auss/git_repos/samaust/Experiments_4DGS/tests/test_vipe_benchmark_supervisor.py", line 3196, in test_progress_plan047_deadline_steps
    with self.subTest(**case),plan047_state(fixture,Path(temp)/str(index)) as state,contextlib.ExitStack() as stack:
                              ~~~~~~~~~~~~~^^^^^^^^^^^^^^^^^^^^^^^^^^^^^^^
  File "/usr/lib/python3.14/contextlib.py", line 141, in __enter__
    return next(self.gen)
  File "/home/auss/git_repos/samaust/Experiments_4DGS/tests/test_vipe_benchmark_s1_helper_fixtures.py", line 433, in state
    consumer=p.Consumer(reference,cache,lambda:cancelled[0],lambda producer:(binding,1))
  File "/home/auss/git_repos/samaust/Experiments_4DGS/scripts/vipe_benchmark/s1_progress.py", line 815, in __init__
    self.cancelled=cancelled;self.bindings=bindings;self.current={};self.previous={};self.provenance={};self.channel=mailbox(self.context,'owner')
                                                                                                                     ~~~~~~~^^^^^^^^^^^^^^^^^^^^^^
  File "/home/auss/git_repos/samaust/Experiments_4DGS/scripts/vipe_benchmark/s1_progress.py", line 611, in mailbox
    channel=socket.socket(socket.AF_UNIX,socket.SOCK_DGRAM)
  File "/usr/lib/python3.14/socket.py", line 236, in __init__
    _socket.socket.__init__(self, family, type, proto, fileno)
    ~~~~~~~~~~~~~~~~~~~~~~~^^^^^^^^^^^^^^^^^^^^^^^^^^^^^^^^^^^
PermissionError: [Errno 1] Operation not permitted

======================================================================
ERROR: test_progress_plan047_deadline_steps (test_vipe_benchmark_supervisor.HelperSessionTests.test_progress_plan047_deadline_steps) (operation='head_fsync', when='before')
----------------------------------------------------------------------
Traceback (most recent call last):
  File "/home/auss/git_repos/samaust/Experiments_4DGS/tests/test_vipe_benchmark_supervisor.py", line 3196, in test_progress_plan047_deadline_steps
    with self.subTest(**case),plan047_state(fixture,Path(temp)/str(index)) as state,contextlib.ExitStack() as stack:
                              ~~~~~~~~~~~~~^^^^^^^^^^^^^^^^^^^^^^^^^^^^^^^
  File "/usr/lib/python3.14/contextlib.py", line 141, in __enter__
    return next(self.gen)
  File "/home/auss/git_repos/samaust/Experiments_4DGS/tests/test_vipe_benchmark_s1_helper_fixtures.py", line 433, in state
    consumer=p.Consumer(reference,cache,lambda:cancelled[0],lambda producer:(binding,1))
  File "/home/auss/git_repos/samaust/Experiments_4DGS/scripts/vipe_benchmark/s1_progress.py", line 815, in __init__
    self.cancelled=cancelled;self.bindings=bindings;self.current={};self.previous={};self.provenance={};self.channel=mailbox(self.context,'owner')
                                                                                                                     ~~~~~~~^^^^^^^^^^^^^^^^^^^^^^
  File "/home/auss/git_repos/samaust/Experiments_4DGS/scripts/vipe_benchmark/s1_progress.py", line 611, in mailbox
    channel=socket.socket(socket.AF_UNIX,socket.SOCK_DGRAM)
  File "/usr/lib/python3.14/socket.py", line 236, in __init__
    _socket.socket.__init__(self, family, type, proto, fileno)
    ~~~~~~~~~~~~~~~~~~~~~~~^^^^^^^^^^^^^^^^^^^^^^^^^^^^^^^^^^^
PermissionError: [Errno 1] Operation not permitted

======================================================================
ERROR: test_progress_plan047_deadline_steps (test_vipe_benchmark_supervisor.HelperSessionTests.test_progress_plan047_deadline_steps) (operation='head_fsync', when='equal')
----------------------------------------------------------------------
Traceback (most recent call last):
  File "/home/auss/git_repos/samaust/Experiments_4DGS/tests/test_vipe_benchmark_supervisor.py", line 3196, in test_progress_plan047_deadline_steps
    with self.subTest(**case),plan047_state(fixture,Path(temp)/str(index)) as state,contextlib.ExitStack() as stack:
                              ~~~~~~~~~~~~~^^^^^^^^^^^^^^^^^^^^^^^^^^^^^^^
  File "/usr/lib/python3.14/contextlib.py", line 141, in __enter__
    return next(self.gen)
  File "/home/auss/git_repos/samaust/Experiments_4DGS/tests/test_vipe_benchmark_s1_helper_fixtures.py", line 433, in state
    consumer=p.Consumer(reference,cache,lambda:cancelled[0],lambda producer:(binding,1))
  File "/home/auss/git_repos/samaust/Experiments_4DGS/scripts/vipe_benchmark/s1_progress.py", line 815, in __init__
    self.cancelled=cancelled;self.bindings=bindings;self.current={};self.previous={};self.provenance={};self.channel=mailbox(self.context,'owner')
                                                                                                                     ~~~~~~~^^^^^^^^^^^^^^^^^^^^^^
  File "/home/auss/git_repos/samaust/Experiments_4DGS/scripts/vipe_benchmark/s1_progress.py", line 611, in mailbox
    channel=socket.socket(socket.AF_UNIX,socket.SOCK_DGRAM)
  File "/usr/lib/python3.14/socket.py", line 236, in __init__
    _socket.socket.__init__(self, family, type, proto, fileno)
    ~~~~~~~~~~~~~~~~~~~~~~~^^^^^^^^^^^^^^^^^^^^^^^^^^^^^^^^^^^
PermissionError: [Errno 1] Operation not permitted

======================================================================
ERROR: test_progress_plan047_deadline_steps (test_vipe_benchmark_supervisor.HelperSessionTests.test_progress_plan047_deadline_steps) (operation='head_fsync', when='after')
----------------------------------------------------------------------
Traceback (most recent call last):
  File "/home/auss/git_repos/samaust/Experiments_4DGS/tests/test_vipe_benchmark_supervisor.py", line 3196, in test_progress_plan047_deadline_steps
    with self.subTest(**case),plan047_state(fixture,Path(temp)/str(index)) as state,contextlib.ExitStack() as stack:
                              ~~~~~~~~~~~~~^^^^^^^^^^^^^^^^^^^^^^^^^^^^^^^
  File "/usr/lib/python3.14/contextlib.py", line 141, in __enter__
    return next(self.gen)
  File "/home/auss/git_repos/samaust/Experiments_4DGS/tests/test_vipe_benchmark_s1_helper_fixtures.py", line 433, in state
    consumer=p.Consumer(reference,cache,lambda:cancelled[0],lambda producer:(binding,1))
  File "/home/auss/git_repos/samaust/Experiments_4DGS/scripts/vipe_benchmark/s1_progress.py", line 815, in __init__
    self.cancelled=cancelled;self.bindings=bindings;self.current={};self.previous={};self.provenance={};self.channel=mailbox(self.context,'owner')
                                                                                                                     ~~~~~~~^^^^^^^^^^^^^^^^^^^^^^
  File "/home/auss/git_repos/samaust/Experiments_4DGS/scripts/vipe_benchmark/s1_progress.py", line 611, in mailbox
    channel=socket.socket(socket.AF_UNIX,socket.SOCK_DGRAM)
  File "/usr/lib/python3.14/socket.py", line 236, in __init__
    _socket.socket.__init__(self, family, type, proto, fileno)
    ~~~~~~~~~~~~~~~~~~~~~~~^^^^^^^^^^^^^^^^^^^^^^^^^^^^^^^^^^^
PermissionError: [Errno 1] Operation not permitted

======================================================================
ERROR: test_progress_plan047_deadline_steps (test_vipe_benchmark_supervisor.HelperSessionTests.test_progress_plan047_deadline_steps) (operation='head_close', when='before')
----------------------------------------------------------------------
Traceback (most recent call last):
  File "/home/auss/git_repos/samaust/Experiments_4DGS/tests/test_vipe_benchmark_supervisor.py", line 3196, in test_progress_plan047_deadline_steps
    with self.subTest(**case),plan047_state(fixture,Path(temp)/str(index)) as state,contextlib.ExitStack() as stack:
                              ~~~~~~~~~~~~~^^^^^^^^^^^^^^^^^^^^^^^^^^^^^^^
  File "/usr/lib/python3.14/contextlib.py", line 141, in __enter__
    return next(self.gen)
  File "/home/auss/git_repos/samaust/Experiments_4DGS/tests/test_vipe_benchmark_s1_helper_fixtures.py", line 433, in state
    consumer=p.Consumer(reference,cache,lambda:cancelled[0],lambda producer:(binding,1))
  File "/home/auss/git_repos/samaust/Experiments_4DGS/scripts/vipe_benchmark/s1_progress.py", line 815, in __init__
    self.cancelled=cancelled;self.bindings=bindings;self.current={};self.previous={};self.provenance={};self.channel=mailbox(self.context,'owner')
                                                                                                                     ~~~~~~~^^^^^^^^^^^^^^^^^^^^^^
  File "/home/auss/git_repos/samaust/Experiments_4DGS/scripts/vipe_benchmark/s1_progress.py", line 611, in mailbox
    channel=socket.socket(socket.AF_UNIX,socket.SOCK_DGRAM)
  File "/usr/lib/python3.14/socket.py", line 236, in __init__
    _socket.socket.__init__(self, family, type, proto, fileno)
    ~~~~~~~~~~~~~~~~~~~~~~~^^^^^^^^^^^^^^^^^^^^^^^^^^^^^^^^^^^
PermissionError: [Errno 1] Operation not permitted

======================================================================
ERROR: test_progress_plan047_deadline_steps (test_vipe_benchmark_supervisor.HelperSessionTests.test_progress_plan047_deadline_steps) (operation='head_close', when='equal')
----------------------------------------------------------------------
Traceback (most recent call last):
  File "/home/auss/git_repos/samaust/Experiments_4DGS/tests/test_vipe_benchmark_supervisor.py", line 3196, in test_progress_plan047_deadline_steps
    with self.subTest(**case),plan047_state(fixture,Path(temp)/str(index)) as state,contextlib.ExitStack() as stack:
                              ~~~~~~~~~~~~~^^^^^^^^^^^^^^^^^^^^^^^^^^^^^^^
  File "/usr/lib/python3.14/contextlib.py", line 141, in __enter__
    return next(self.gen)
  File "/home/auss/git_repos/samaust/Experiments_4DGS/tests/test_vipe_benchmark_s1_helper_fixtures.py", line 433, in state
    consumer=p.Consumer(reference,cache,lambda:cancelled[0],lambda producer:(binding,1))
  File "/home/auss/git_repos/samaust/Experiments_4DGS/scripts/vipe_benchmark/s1_progress.py", line 815, in __init__
    self.cancelled=cancelled;self.bindings=bindings;self.current={};self.previous={};self.provenance={};self.channel=mailbox(self.context,'owner')
                                                                                                                     ~~~~~~~^^^^^^^^^^^^^^^^^^^^^^
  File "/home/auss/git_repos/samaust/Experiments_4DGS/scripts/vipe_benchmark/s1_progress.py", line 611, in mailbox
    channel=socket.socket(socket.AF_UNIX,socket.SOCK_DGRAM)
  File "/usr/lib/python3.14/socket.py", line 236, in __init__
    _socket.socket.__init__(self, family, type, proto, fileno)
    ~~~~~~~~~~~~~~~~~~~~~~~^^^^^^^^^^^^^^^^^^^^^^^^^^^^^^^^^^^
PermissionError: [Errno 1] Operation not permitted

======================================================================
ERROR: test_progress_plan047_deadline_steps (test_vipe_benchmark_supervisor.HelperSessionTests.test_progress_plan047_deadline_steps) (operation='head_close', when='after')
----------------------------------------------------------------------
Traceback (most recent call last):
  File "/home/auss/git_repos/samaust/Experiments_4DGS/tests/test_vipe_benchmark_supervisor.py", line 3196, in test_progress_plan047_deadline_steps
    with self.subTest(**case),plan047_state(fixture,Path(temp)/str(index)) as state,contextlib.ExitStack() as stack:
                              ~~~~~~~~~~~~~^^^^^^^^^^^^^^^^^^^^^^^^^^^^^^^
  File "/usr/lib/python3.14/contextlib.py", line 141, in __enter__
    return next(self.gen)
  File "/home/auss/git_repos/samaust/Experiments_4DGS/tests/test_vipe_benchmark_s1_helper_fixtures.py", line 433, in state
    consumer=p.Consumer(reference,cache,lambda:cancelled[0],lambda producer:(binding,1))
  File "/home/auss/git_repos/samaust/Experiments_4DGS/scripts/vipe_benchmark/s1_progress.py", line 815, in __init__
    self.cancelled=cancelled;self.bindings=bindings;self.current={};self.previous={};self.provenance={};self.channel=mailbox(self.context,'owner')
                                                                                                                     ~~~~~~~^^^^^^^^^^^^^^^^^^^^^^
  File "/home/auss/git_repos/samaust/Experiments_4DGS/scripts/vipe_benchmark/s1_progress.py", line 611, in mailbox
    channel=socket.socket(socket.AF_UNIX,socket.SOCK_DGRAM)
  File "/usr/lib/python3.14/socket.py", line 236, in __init__
    _socket.socket.__init__(self, family, type, proto, fileno)
    ~~~~~~~~~~~~~~~~~~~~~~~^^^^^^^^^^^^^^^^^^^^^^^^^^^^^^^^^^^
PermissionError: [Errno 1] Operation not permitted

======================================================================
ERROR: test_progress_plan047_deadline_steps (test_vipe_benchmark_supervisor.HelperSessionTests.test_progress_plan047_deadline_steps) (operation='head_readback', when='before')
----------------------------------------------------------------------
Traceback (most recent call last):
  File "/home/auss/git_repos/samaust/Experiments_4DGS/tests/test_vipe_benchmark_supervisor.py", line 3196, in test_progress_plan047_deadline_steps
    with self.subTest(**case),plan047_state(fixture,Path(temp)/str(index)) as state,contextlib.ExitStack() as stack:
                              ~~~~~~~~~~~~~^^^^^^^^^^^^^^^^^^^^^^^^^^^^^^^
  File "/usr/lib/python3.14/contextlib.py", line 141, in __enter__
    return next(self.gen)
  File "/home/auss/git_repos/samaust/Experiments_4DGS/tests/test_vipe_benchmark_s1_helper_fixtures.py", line 433, in state
    consumer=p.Consumer(reference,cache,lambda:cancelled[0],lambda producer:(binding,1))
  File "/home/auss/git_repos/samaust/Experiments_4DGS/scripts/vipe_benchmark/s1_progress.py", line 815, in __init__
    self.cancelled=cancelled;self.bindings=bindings;self.current={};self.previous={};self.provenance={};self.channel=mailbox(self.context,'owner')
                                                                                                                     ~~~~~~~^^^^^^^^^^^^^^^^^^^^^^
  File "/home/auss/git_repos/samaust/Experiments_4DGS/scripts/vipe_benchmark/s1_progress.py", line 611, in mailbox
    channel=socket.socket(socket.AF_UNIX,socket.SOCK_DGRAM)
  File "/usr/lib/python3.14/socket.py", line 236, in __init__
    _socket.socket.__init__(self, family, type, proto, fileno)
    ~~~~~~~~~~~~~~~~~~~~~~~^^^^^^^^^^^^^^^^^^^^^^^^^^^^^^^^^^^
PermissionError: [Errno 1] Operation not permitted

======================================================================
ERROR: test_progress_plan047_deadline_steps (test_vipe_benchmark_supervisor.HelperSessionTests.test_progress_plan047_deadline_steps) (operation='head_readback', when='equal')
----------------------------------------------------------------------
Traceback (most recent call last):
  File "/home/auss/git_repos/samaust/Experiments_4DGS/tests/test_vipe_benchmark_supervisor.py", line 3196, in test_progress_plan047_deadline_steps
    with self.subTest(**case),plan047_state(fixture,Path(temp)/str(index)) as state,contextlib.ExitStack() as stack:
                              ~~~~~~~~~~~~~^^^^^^^^^^^^^^^^^^^^^^^^^^^^^^^
  File "/usr/lib/python3.14/contextlib.py", line 141, in __enter__
    return next(self.gen)
  File "/home/auss/git_repos/samaust/Experiments_4DGS/tests/test_vipe_benchmark_s1_helper_fixtures.py", line 433, in state
    consumer=p.Consumer(reference,cache,lambda:cancelled[0],lambda producer:(binding,1))
  File "/home/auss/git_repos/samaust/Experiments_4DGS/scripts/vipe_benchmark/s1_progress.py", line 815, in __init__
    self.cancelled=cancelled;self.bindings=bindings;self.current={};self.previous={};self.provenance={};self.channel=mailbox(self.context,'owner')
                                                                                                                     ~~~~~~~^^^^^^^^^^^^^^^^^^^^^^
  File "/home/auss/git_repos/samaust/Experiments_4DGS/scripts/vipe_benchmark/s1_progress.py", line 611, in mailbox
    channel=socket.socket(socket.AF_UNIX,socket.SOCK_DGRAM)
  File "/usr/lib/python3.14/socket.py", line 236, in __init__
    _socket.socket.__init__(self, family, type, proto, fileno)
    ~~~~~~~~~~~~~~~~~~~~~~~^^^^^^^^^^^^^^^^^^^^^^^^^^^^^^^^^^^
PermissionError: [Errno 1] Operation not permitted

======================================================================
ERROR: test_progress_plan047_deadline_steps (test_vipe_benchmark_supervisor.HelperSessionTests.test_progress_plan047_deadline_steps) (operation='head_readback', when='after')
----------------------------------------------------------------------
Traceback (most recent call last):
  File "/home/auss/git_repos/samaust/Experiments_4DGS/tests/test_vipe_benchmark_supervisor.py", line 3196, in test_progress_plan047_deadline_steps
    with self.subTest(**case),plan047_state(fixture,Path(temp)/str(index)) as state,contextlib.ExitStack() as stack:
                              ~~~~~~~~~~~~~^^^^^^^^^^^^^^^^^^^^^^^^^^^^^^^
  File "/usr/lib/python3.14/contextlib.py", line 141, in __enter__
    return next(self.gen)
  File "/home/auss/git_repos/samaust/Experiments_4DGS/tests/test_vipe_benchmark_s1_helper_fixtures.py", line 433, in state
    consumer=p.Consumer(reference,cache,lambda:cancelled[0],lambda producer:(binding,1))
  File "/home/auss/git_repos/samaust/Experiments_4DGS/scripts/vipe_benchmark/s1_progress.py", line 815, in __init__
    self.cancelled=cancelled;self.bindings=bindings;self.current={};self.previous={};self.provenance={};self.channel=mailbox(self.context,'owner')
                                                                                                                     ~~~~~~~^^^^^^^^^^^^^^^^^^^^^^
  File "/home/auss/git_repos/samaust/Experiments_4DGS/scripts/vipe_benchmark/s1_progress.py", line 611, in mailbox
    channel=socket.socket(socket.AF_UNIX,socket.SOCK_DGRAM)
  File "/usr/lib/python3.14/socket.py", line 236, in __init__
    _socket.socket.__init__(self, family, type, proto, fileno)
    ~~~~~~~~~~~~~~~~~~~~~~~^^^^^^^^^^^^^^^^^^^^^^^^^^^^^^^^^^^
PermissionError: [Errno 1] Operation not permitted

======================================================================
ERROR: test_progress_plan047_deadline_steps (test_vipe_benchmark_supervisor.HelperSessionTests.test_progress_plan047_deadline_steps) (operation='generation_install', when='before')
----------------------------------------------------------------------
Traceback (most recent call last):
  File "/home/auss/git_repos/samaust/Experiments_4DGS/tests/test_vipe_benchmark_supervisor.py", line 3196, in test_progress_plan047_deadline_steps
    with self.subTest(**case),plan047_state(fixture,Path(temp)/str(index)) as state,contextlib.ExitStack() as stack:
                              ~~~~~~~~~~~~~^^^^^^^^^^^^^^^^^^^^^^^^^^^^^^^
  File "/usr/lib/python3.14/contextlib.py", line 141, in __enter__
    return next(self.gen)
  File "/home/auss/git_repos/samaust/Experiments_4DGS/tests/test_vipe_benchmark_s1_helper_fixtures.py", line 433, in state
    consumer=p.Consumer(reference,cache,lambda:cancelled[0],lambda producer:(binding,1))
  File "/home/auss/git_repos/samaust/Experiments_4DGS/scripts/vipe_benchmark/s1_progress.py", line 815, in __init__
    self.cancelled=cancelled;self.bindings=bindings;self.current={};self.previous={};self.provenance={};self.channel=mailbox(self.context,'owner')
                                                                                                                     ~~~~~~~^^^^^^^^^^^^^^^^^^^^^^
  File "/home/auss/git_repos/samaust/Experiments_4DGS/scripts/vipe_benchmark/s1_progress.py", line 611, in mailbox
    channel=socket.socket(socket.AF_UNIX,socket.SOCK_DGRAM)
  File "/usr/lib/python3.14/socket.py", line 236, in __init__
    _socket.socket.__init__(self, family, type, proto, fileno)
    ~~~~~~~~~~~~~~~~~~~~~~~^^^^^^^^^^^^^^^^^^^^^^^^^^^^^^^^^^^
PermissionError: [Errno 1] Operation not permitted

======================================================================
ERROR: test_progress_plan047_deadline_steps (test_vipe_benchmark_supervisor.HelperSessionTests.test_progress_plan047_deadline_steps) (operation='generation_install', when='equal')
----------------------------------------------------------------------
Traceback (most recent call last):
  File "/home/auss/git_repos/samaust/Experiments_4DGS/tests/test_vipe_benchmark_supervisor.py", line 3196, in test_progress_plan047_deadline_steps
    with self.subTest(**case),plan047_state(fixture,Path(temp)/str(index)) as state,contextlib.ExitStack() as stack:
                              ~~~~~~~~~~~~~^^^^^^^^^^^^^^^^^^^^^^^^^^^^^^^
  File "/usr/lib/python3.14/contextlib.py", line 141, in __enter__
    return next(self.gen)
  File "/home/auss/git_repos/samaust/Experiments_4DGS/tests/test_vipe_benchmark_s1_helper_fixtures.py", line 433, in state
    consumer=p.Consumer(reference,cache,lambda:cancelled[0],lambda producer:(binding,1))
  File "/home/auss/git_repos/samaust/Experiments_4DGS/scripts/vipe_benchmark/s1_progress.py", line 815, in __init__
    self.cancelled=cancelled;self.bindings=bindings;self.current={};self.previous={};self.provenance={};self.channel=mailbox(self.context,'owner')
                                                                                                                     ~~~~~~~^^^^^^^^^^^^^^^^^^^^^^
  File "/home/auss/git_repos/samaust/Experiments_4DGS/scripts/vipe_benchmark/s1_progress.py", line 611, in mailbox
    channel=socket.socket(socket.AF_UNIX,socket.SOCK_DGRAM)
  File "/usr/lib/python3.14/socket.py", line 236, in __init__
    _socket.socket.__init__(self, family, type, proto, fileno)
    ~~~~~~~~~~~~~~~~~~~~~~~^^^^^^^^^^^^^^^^^^^^^^^^^^^^^^^^^^^
PermissionError: [Errno 1] Operation not permitted

======================================================================
ERROR: test_progress_plan047_deadline_steps (test_vipe_benchmark_supervisor.HelperSessionTests.test_progress_plan047_deadline_steps) (operation='generation_install', when='after')
----------------------------------------------------------------------
Traceback (most recent call last):
  File "/home/auss/git_repos/samaust/Experiments_4DGS/tests/test_vipe_benchmark_supervisor.py", line 3196, in test_progress_plan047_deadline_steps
    with self.subTest(**case),plan047_state(fixture,Path(temp)/str(index)) as state,contextlib.ExitStack() as stack:
                              ~~~~~~~~~~~~~^^^^^^^^^^^^^^^^^^^^^^^^^^^^^^^
  File "/usr/lib/python3.14/contextlib.py", line 141, in __enter__
    return next(self.gen)
  File "/home/auss/git_repos/samaust/Experiments_4DGS/tests/test_vipe_benchmark_s1_helper_fixtures.py", line 433, in state
    consumer=p.Consumer(reference,cache,lambda:cancelled[0],lambda producer:(binding,1))
  File "/home/auss/git_repos/samaust/Experiments_4DGS/scripts/vipe_benchmark/s1_progress.py", line 815, in __init__
    self.cancelled=cancelled;self.bindings=bindings;self.current={};self.previous={};self.provenance={};self.channel=mailbox(self.context,'owner')
                                                                                                                     ~~~~~~~^^^^^^^^^^^^^^^^^^^^^^
  File "/home/auss/git_repos/samaust/Experiments_4DGS/scripts/vipe_benchmark/s1_progress.py", line 611, in mailbox
    channel=socket.socket(socket.AF_UNIX,socket.SOCK_DGRAM)
  File "/usr/lib/python3.14/socket.py", line 236, in __init__
    _socket.socket.__init__(self, family, type, proto, fileno)
    ~~~~~~~~~~~~~~~~~~~~~~~^^^^^^^^^^^^^^^^^^^^^^^^^^^^^^^^^^^
PermissionError: [Errno 1] Operation not permitted

======================================================================
ERROR: test_progress_plan047_deadline_steps (test_vipe_benchmark_supervisor.HelperSessionTests.test_progress_plan047_deadline_steps) (operation='generation_dir_fsync', when='before')
----------------------------------------------------------------------
Traceback (most recent call last):
  File "/home/auss/git_repos/samaust/Experiments_4DGS/tests/test_vipe_benchmark_supervisor.py", line 3196, in test_progress_plan047_deadline_steps
    with self.subTest(**case),plan047_state(fixture,Path(temp)/str(index)) as state,contextlib.ExitStack() as stack:
                              ~~~~~~~~~~~~~^^^^^^^^^^^^^^^^^^^^^^^^^^^^^^^
  File "/usr/lib/python3.14/contextlib.py", line 141, in __enter__
    return next(self.gen)
  File "/home/auss/git_repos/samaust/Experiments_4DGS/tests/test_vipe_benchmark_s1_helper_fixtures.py", line 433, in state
    consumer=p.Consumer(reference,cache,lambda:cancelled[0],lambda producer:(binding,1))
  File "/home/auss/git_repos/samaust/Experiments_4DGS/scripts/vipe_benchmark/s1_progress.py", line 815, in __init__
    self.cancelled=cancelled;self.bindings=bindings;self.current={};self.previous={};self.provenance={};self.channel=mailbox(self.context,'owner')
                                                                                                                     ~~~~~~~^^^^^^^^^^^^^^^^^^^^^^
  File "/home/auss/git_repos/samaust/Experiments_4DGS/scripts/vipe_benchmark/s1_progress.py", line 611, in mailbox
    channel=socket.socket(socket.AF_UNIX,socket.SOCK_DGRAM)
  File "/usr/lib/python3.14/socket.py", line 236, in __init__
    _socket.socket.__init__(self, family, type, proto, fileno)
    ~~~~~~~~~~~~~~~~~~~~~~~^^^^^^^^^^^^^^^^^^^^^^^^^^^^^^^^^^^
PermissionError: [Errno 1] Operation not permitted

======================================================================
ERROR: test_progress_plan047_deadline_steps (test_vipe_benchmark_supervisor.HelperSessionTests.test_progress_plan047_deadline_steps) (operation='generation_dir_fsync', when='equal')
----------------------------------------------------------------------
Traceback (most recent call last):
  File "/home/auss/git_repos/samaust/Experiments_4DGS/tests/test_vipe_benchmark_supervisor.py", line 3196, in test_progress_plan047_deadline_steps
    with self.subTest(**case),plan047_state(fixture,Path(temp)/str(index)) as state,contextlib.ExitStack() as stack:
                              ~~~~~~~~~~~~~^^^^^^^^^^^^^^^^^^^^^^^^^^^^^^^
  File "/usr/lib/python3.14/contextlib.py", line 141, in __enter__
    return next(self.gen)
  File "/home/auss/git_repos/samaust/Experiments_4DGS/tests/test_vipe_benchmark_s1_helper_fixtures.py", line 433, in state
    consumer=p.Consumer(reference,cache,lambda:cancelled[0],lambda producer:(binding,1))
  File "/home/auss/git_repos/samaust/Experiments_4DGS/scripts/vipe_benchmark/s1_progress.py", line 815, in __init__
    self.cancelled=cancelled;self.bindings=bindings;self.current={};self.previous={};self.provenance={};self.channel=mailbox(self.context,'owner')
                                                                                                                     ~~~~~~~^^^^^^^^^^^^^^^^^^^^^^
  File "/home/auss/git_repos/samaust/Experiments_4DGS/scripts/vipe_benchmark/s1_progress.py", line 611, in mailbox
    channel=socket.socket(socket.AF_UNIX,socket.SOCK_DGRAM)
  File "/usr/lib/python3.14/socket.py", line 236, in __init__
    _socket.socket.__init__(self, family, type, proto, fileno)
    ~~~~~~~~~~~~~~~~~~~~~~~^^^^^^^^^^^^^^^^^^^^^^^^^^^^^^^^^^^
PermissionError: [Errno 1] Operation not permitted

======================================================================
ERROR: test_progress_plan047_deadline_steps (test_vipe_benchmark_supervisor.HelperSessionTests.test_progress_plan047_deadline_steps) (operation='generation_dir_fsync', when='after')
----------------------------------------------------------------------
Traceback (most recent call last):
  File "/home/auss/git_repos/samaust/Experiments_4DGS/tests/test_vipe_benchmark_supervisor.py", line 3196, in test_progress_plan047_deadline_steps
    with self.subTest(**case),plan047_state(fixture,Path(temp)/str(index)) as state,contextlib.ExitStack() as stack:
                              ~~~~~~~~~~~~~^^^^^^^^^^^^^^^^^^^^^^^^^^^^^^^
  File "/usr/lib/python3.14/contextlib.py", line 141, in __enter__
    return next(self.gen)
  File "/home/auss/git_repos/samaust/Experiments_4DGS/tests/test_vipe_benchmark_s1_helper_fixtures.py", line 433, in state
    consumer=p.Consumer(reference,cache,lambda:cancelled[0],lambda producer:(binding,1))
  File "/home/auss/git_repos/samaust/Experiments_4DGS/scripts/vipe_benchmark/s1_progress.py", line 815, in __init__
    self.cancelled=cancelled;self.bindings=bindings;self.current={};self.previous={};self.provenance={};self.channel=mailbox(self.context,'owner')
                                                                                                                     ~~~~~~~^^^^^^^^^^^^^^^^^^^^^^
  File "/home/auss/git_repos/samaust/Experiments_4DGS/scripts/vipe_benchmark/s1_progress.py", line 611, in mailbox
    channel=socket.socket(socket.AF_UNIX,socket.SOCK_DGRAM)
  File "/usr/lib/python3.14/socket.py", line 236, in __init__
    _socket.socket.__init__(self, family, type, proto, fileno)
    ~~~~~~~~~~~~~~~~~~~~~~~^^^^^^^^^^^^^^^^^^^^^^^^^^^^^^^^^^^
PermissionError: [Errno 1] Operation not permitted

======================================================================
ERROR: test_progress_plan047_deadline_steps (test_vipe_benchmark_supervisor.HelperSessionTests.test_progress_plan047_deadline_steps) (operation='generation_reopen_hash', when='before')
----------------------------------------------------------------------
Traceback (most recent call last):
  File "/home/auss/git_repos/samaust/Experiments_4DGS/tests/test_vipe_benchmark_supervisor.py", line 3196, in test_progress_plan047_deadline_steps
    with self.subTest(**case),plan047_state(fixture,Path(temp)/str(index)) as state,contextlib.ExitStack() as stack:
                              ~~~~~~~~~~~~~^^^^^^^^^^^^^^^^^^^^^^^^^^^^^^^
  File "/usr/lib/python3.14/contextlib.py", line 141, in __enter__
    return next(self.gen)
  File "/home/auss/git_repos/samaust/Experiments_4DGS/tests/test_vipe_benchmark_s1_helper_fixtures.py", line 433, in state
    consumer=p.Consumer(reference,cache,lambda:cancelled[0],lambda producer:(binding,1))
  File "/home/auss/git_repos/samaust/Experiments_4DGS/scripts/vipe_benchmark/s1_progress.py", line 815, in __init__
    self.cancelled=cancelled;self.bindings=bindings;self.current={};self.previous={};self.provenance={};self.channel=mailbox(self.context,'owner')
                                                                                                                     ~~~~~~~^^^^^^^^^^^^^^^^^^^^^^
  File "/home/auss/git_repos/samaust/Experiments_4DGS/scripts/vipe_benchmark/s1_progress.py", line 611, in mailbox
    channel=socket.socket(socket.AF_UNIX,socket.SOCK_DGRAM)
  File "/usr/lib/python3.14/socket.py", line 236, in __init__
    _socket.socket.__init__(self, family, type, proto, fileno)
    ~~~~~~~~~~~~~~~~~~~~~~~^^^^^^^^^^^^^^^^^^^^^^^^^^^^^^^^^^^
PermissionError: [Errno 1] Operation not permitted

======================================================================
ERROR: test_progress_plan047_deadline_steps (test_vipe_benchmark_supervisor.HelperSessionTests.test_progress_plan047_deadline_steps) (operation='generation_reopen_hash', when='equal')
----------------------------------------------------------------------
Traceback (most recent call last):
  File "/home/auss/git_repos/samaust/Experiments_4DGS/tests/test_vipe_benchmark_supervisor.py", line 3196, in test_progress_plan047_deadline_steps
    with self.subTest(**case),plan047_state(fixture,Path(temp)/str(index)) as state,contextlib.ExitStack() as stack:
                              ~~~~~~~~~~~~~^^^^^^^^^^^^^^^^^^^^^^^^^^^^^^^
  File "/usr/lib/python3.14/contextlib.py", line 141, in __enter__
    return next(self.gen)
  File "/home/auss/git_repos/samaust/Experiments_4DGS/tests/test_vipe_benchmark_s1_helper_fixtures.py", line 433, in state
    consumer=p.Consumer(reference,cache,lambda:cancelled[0],lambda producer:(binding,1))
  File "/home/auss/git_repos/samaust/Experiments_4DGS/scripts/vipe_benchmark/s1_progress.py", line 815, in __init__
    self.cancelled=cancelled;self.bindings=bindings;self.current={};self.previous={};self.provenance={};self.channel=mailbox(self.context,'owner')
                                                                                                                     ~~~~~~~^^^^^^^^^^^^^^^^^^^^^^
  File "/home/auss/git_repos/samaust/Experiments_4DGS/scripts/vipe_benchmark/s1_progress.py", line 611, in mailbox
    channel=socket.socket(socket.AF_UNIX,socket.SOCK_DGRAM)
  File "/usr/lib/python3.14/socket.py", line 236, in __init__
    _socket.socket.__init__(self, family, type, proto, fileno)
    ~~~~~~~~~~~~~~~~~~~~~~~^^^^^^^^^^^^^^^^^^^^^^^^^^^^^^^^^^^
PermissionError: [Errno 1] Operation not permitted

======================================================================
ERROR: test_progress_plan047_deadline_steps (test_vipe_benchmark_supervisor.HelperSessionTests.test_progress_plan047_deadline_steps) (operation='generation_reopen_hash', when='after')
----------------------------------------------------------------------
Traceback (most recent call last):
  File "/home/auss/git_repos/samaust/Experiments_4DGS/tests/test_vipe_benchmark_supervisor.py", line 3196, in test_progress_plan047_deadline_steps
    with self.subTest(**case),plan047_state(fixture,Path(temp)/str(index)) as state,contextlib.ExitStack() as stack:
                              ~~~~~~~~~~~~~^^^^^^^^^^^^^^^^^^^^^^^^^^^^^^^
  File "/usr/lib/python3.14/contextlib.py", line 141, in __enter__
    return next(self.gen)
  File "/home/auss/git_repos/samaust/Experiments_4DGS/tests/test_vipe_benchmark_s1_helper_fixtures.py", line 433, in state
    consumer=p.Consumer(reference,cache,lambda:cancelled[0],lambda producer:(binding,1))
  File "/home/auss/git_repos/samaust/Experiments_4DGS/scripts/vipe_benchmark/s1_progress.py", line 815, in __init__
    self.cancelled=cancelled;self.bindings=bindings;self.current={};self.previous={};self.provenance={};self.channel=mailbox(self.context,'owner')
                                                                                                                     ~~~~~~~^^^^^^^^^^^^^^^^^^^^^^
  File "/home/auss/git_repos/samaust/Experiments_4DGS/scripts/vipe_benchmark/s1_progress.py", line 611, in mailbox
    channel=socket.socket(socket.AF_UNIX,socket.SOCK_DGRAM)
  File "/usr/lib/python3.14/socket.py", line 236, in __init__
    _socket.socket.__init__(self, family, type, proto, fileno)
    ~~~~~~~~~~~~~~~~~~~~~~~^^^^^^^^^^^^^^^^^^^^^^^^^^^^^^^^^^^
PermissionError: [Errno 1] Operation not permitted

======================================================================
ERROR: test_progress_plan047_deadline_steps (test_vipe_benchmark_supervisor.HelperSessionTests.test_progress_plan047_deadline_steps) (operation='head_install', when='before')
----------------------------------------------------------------------
Traceback (most recent call last):
  File "/home/auss/git_repos/samaust/Experiments_4DGS/tests/test_vipe_benchmark_supervisor.py", line 3196, in test_progress_plan047_deadline_steps
    with self.subTest(**case),plan047_state(fixture,Path(temp)/str(index)) as state,contextlib.ExitStack() as stack:
                              ~~~~~~~~~~~~~^^^^^^^^^^^^^^^^^^^^^^^^^^^^^^^
  File "/usr/lib/python3.14/contextlib.py", line 141, in __enter__
    return next(self.gen)
  File "/home/auss/git_repos/samaust/Experiments_4DGS/tests/test_vipe_benchmark_s1_helper_fixtures.py", line 433, in state
    consumer=p.Consumer(reference,cache,lambda:cancelled[0],lambda producer:(binding,1))
  File "/home/auss/git_repos/samaust/Experiments_4DGS/scripts/vipe_benchmark/s1_progress.py", line 815, in __init__
    self.cancelled=cancelled;self.bindings=bindings;self.current={};self.previous={};self.provenance={};self.channel=mailbox(self.context,'owner')
                                                                                                                     ~~~~~~~^^^^^^^^^^^^^^^^^^^^^^
  File "/home/auss/git_repos/samaust/Experiments_4DGS/scripts/vipe_benchmark/s1_progress.py", line 611, in mailbox
    channel=socket.socket(socket.AF_UNIX,socket.SOCK_DGRAM)
  File "/usr/lib/python3.14/socket.py", line 236, in __init__
    _socket.socket.__init__(self, family, type, proto, fileno)
    ~~~~~~~~~~~~~~~~~~~~~~~^^^^^^^^^^^^^^^^^^^^^^^^^^^^^^^^^^^
PermissionError: [Errno 1] Operation not permitted

======================================================================
ERROR: test_progress_plan047_deadline_steps (test_vipe_benchmark_supervisor.HelperSessionTests.test_progress_plan047_deadline_steps) (operation='head_install', when='equal')
----------------------------------------------------------------------
Traceback (most recent call last):
  File "/home/auss/git_repos/samaust/Experiments_4DGS/tests/test_vipe_benchmark_supervisor.py", line 3196, in test_progress_plan047_deadline_steps
    with self.subTest(**case),plan047_state(fixture,Path(temp)/str(index)) as state,contextlib.ExitStack() as stack:
                              ~~~~~~~~~~~~~^^^^^^^^^^^^^^^^^^^^^^^^^^^^^^^
  File "/usr/lib/python3.14/contextlib.py", line 141, in __enter__
    return next(self.gen)
  File "/home/auss/git_repos/samaust/Experiments_4DGS/tests/test_vipe_benchmark_s1_helper_fixtures.py", line 433, in state
    consumer=p.Consumer(reference,cache,lambda:cancelled[0],lambda producer:(binding,1))
  File "/home/auss/git_repos/samaust/Experiments_4DGS/scripts/vipe_benchmark/s1_progress.py", line 815, in __init__
    self.cancelled=cancelled;self.bindings=bindings;self.current={};self.previous={};self.provenance={};self.channel=mailbox(self.context,'owner')
                                                                                                                     ~~~~~~~^^^^^^^^^^^^^^^^^^^^^^
  File "/home/auss/git_repos/samaust/Experiments_4DGS/scripts/vipe_benchmark/s1_progress.py", line 611, in mailbox
    channel=socket.socket(socket.AF_UNIX,socket.SOCK_DGRAM)
  File "/usr/lib/python3.14/socket.py", line 236, in __init__
    _socket.socket.__init__(self, family, type, proto, fileno)
    ~~~~~~~~~~~~~~~~~~~~~~~^^^^^^^^^^^^^^^^^^^^^^^^^^^^^^^^^^^
PermissionError: [Errno 1] Operation not permitted

======================================================================
ERROR: test_progress_plan047_deadline_steps (test_vipe_benchmark_supervisor.HelperSessionTests.test_progress_plan047_deadline_steps) (operation='head_install', when='after')
----------------------------------------------------------------------
Traceback (most recent call last):
  File "/home/auss/git_repos/samaust/Experiments_4DGS/tests/test_vipe_benchmark_supervisor.py", line 3196, in test_progress_plan047_deadline_steps
    with self.subTest(**case),plan047_state(fixture,Path(temp)/str(index)) as state,contextlib.ExitStack() as stack:
                              ~~~~~~~~~~~~~^^^^^^^^^^^^^^^^^^^^^^^^^^^^^^^
  File "/usr/lib/python3.14/contextlib.py", line 141, in __enter__
    return next(self.gen)
  File "/home/auss/git_repos/samaust/Experiments_4DGS/tests/test_vipe_benchmark_s1_helper_fixtures.py", line 433, in state
    consumer=p.Consumer(reference,cache,lambda:cancelled[0],lambda producer:(binding,1))
  File "/home/auss/git_repos/samaust/Experiments_4DGS/scripts/vipe_benchmark/s1_progress.py", line 815, in __init__
    self.cancelled=cancelled;self.bindings=bindings;self.current={};self.previous={};self.provenance={};self.channel=mailbox(self.context,'owner')
                                                                                                                     ~~~~~~~^^^^^^^^^^^^^^^^^^^^^^
  File "/home/auss/git_repos/samaust/Experiments_4DGS/scripts/vipe_benchmark/s1_progress.py", line 611, in mailbox
    channel=socket.socket(socket.AF_UNIX,socket.SOCK_DGRAM)
  File "/usr/lib/python3.14/socket.py", line 236, in __init__
    _socket.socket.__init__(self, family, type, proto, fileno)
    ~~~~~~~~~~~~~~~~~~~~~~~^^^^^^^^^^^^^^^^^^^^^^^^^^^^^^^^^^^
PermissionError: [Errno 1] Operation not permitted

======================================================================
ERROR: test_progress_plan047_deadline_steps (test_vipe_benchmark_supervisor.HelperSessionTests.test_progress_plan047_deadline_steps) (operation='head_dir_fsync', when='before')
----------------------------------------------------------------------
Traceback (most recent call last):
  File "/home/auss/git_repos/samaust/Experiments_4DGS/tests/test_vipe_benchmark_supervisor.py", line 3196, in test_progress_plan047_deadline_steps
    with self.subTest(**case),plan047_state(fixture,Path(temp)/str(index)) as state,contextlib.ExitStack() as stack:
                              ~~~~~~~~~~~~~^^^^^^^^^^^^^^^^^^^^^^^^^^^^^^^
  File "/usr/lib/python3.14/contextlib.py", line 141, in __enter__
    return next(self.gen)
  File "/home/auss/git_repos/samaust/Experiments_4DGS/tests/test_vipe_benchmark_s1_helper_fixtures.py", line 433, in state
    consumer=p.Consumer(reference,cache,lambda:cancelled[0],lambda producer:(binding,1))
  File "/home/auss/git_repos/samaust/Experiments_4DGS/scripts/vipe_benchmark/s1_progress.py", line 815, in __init__
    self.cancelled=cancelled;self.bindings=bindings;self.current={};self.previous={};self.provenance={};self.channel=mailbox(self.context,'owner')
                                                                                                                     ~~~~~~~^^^^^^^^^^^^^^^^^^^^^^
  File "/home/auss/git_repos/samaust/Experiments_4DGS/scripts/vipe_benchmark/s1_progress.py", line 611, in mailbox
    channel=socket.socket(socket.AF_UNIX,socket.SOCK_DGRAM)
  File "/usr/lib/python3.14/socket.py", line 236, in __init__
    _socket.socket.__init__(self, family, type, proto, fileno)
    ~~~~~~~~~~~~~~~~~~~~~~~^^^^^^^^^^^^^^^^^^^^^^^^^^^^^^^^^^^
PermissionError: [Errno 1] Operation not permitted

======================================================================
ERROR: test_progress_plan047_deadline_steps (test_vipe_benchmark_supervisor.HelperSessionTests.test_progress_plan047_deadline_steps) (operation='head_dir_fsync', when='equal')
----------------------------------------------------------------------
Traceback (most recent call last):
  File "/home/auss/git_repos/samaust/Experiments_4DGS/tests/test_vipe_benchmark_supervisor.py", line 3196, in test_progress_plan047_deadline_steps
    with self.subTest(**case),plan047_state(fixture,Path(temp)/str(index)) as state,contextlib.ExitStack() as stack:
                              ~~~~~~~~~~~~~^^^^^^^^^^^^^^^^^^^^^^^^^^^^^^^
  File "/usr/lib/python3.14/contextlib.py", line 141, in __enter__
    return next(self.gen)
  File "/home/auss/git_repos/samaust/Experiments_4DGS/tests/test_vipe_benchmark_s1_helper_fixtures.py", line 433, in state
    consumer=p.Consumer(reference,cache,lambda:cancelled[0],lambda producer:(binding,1))
  File "/home/auss/git_repos/samaust/Experiments_4DGS/scripts/vipe_benchmark/s1_progress.py", line 815, in __init__
    self.cancelled=cancelled;self.bindings=bindings;self.current={};self.previous={};self.provenance={};self.channel=mailbox(self.context,'owner')
                                                                                                                     ~~~~~~~^^^^^^^^^^^^^^^^^^^^^^
  File "/home/auss/git_repos/samaust/Experiments_4DGS/scripts/vipe_benchmark/s1_progress.py", line 611, in mailbox
    channel=socket.socket(socket.AF_UNIX,socket.SOCK_DGRAM)
  File "/usr/lib/python3.14/socket.py", line 236, in __init__
    _socket.socket.__init__(self, family, type, proto, fileno)
    ~~~~~~~~~~~~~~~~~~~~~~~^^^^^^^^^^^^^^^^^^^^^^^^^^^^^^^^^^^
PermissionError: [Errno 1] Operation not permitted

======================================================================
ERROR: test_progress_plan047_deadline_steps (test_vipe_benchmark_supervisor.HelperSessionTests.test_progress_plan047_deadline_steps) (operation='head_dir_fsync', when='after')
----------------------------------------------------------------------
Traceback (most recent call last):
  File "/home/auss/git_repos/samaust/Experiments_4DGS/tests/test_vipe_benchmark_supervisor.py", line 3196, in test_progress_plan047_deadline_steps
    with self.subTest(**case),plan047_state(fixture,Path(temp)/str(index)) as state,contextlib.ExitStack() as stack:
                              ~~~~~~~~~~~~~^^^^^^^^^^^^^^^^^^^^^^^^^^^^^^^
  File "/usr/lib/python3.14/contextlib.py", line 141, in __enter__
    return next(self.gen)
  File "/home/auss/git_repos/samaust/Experiments_4DGS/tests/test_vipe_benchmark_s1_helper_fixtures.py", line 433, in state
    consumer=p.Consumer(reference,cache,lambda:cancelled[0],lambda producer:(binding,1))
  File "/home/auss/git_repos/samaust/Experiments_4DGS/scripts/vipe_benchmark/s1_progress.py", line 815, in __init__
    self.cancelled=cancelled;self.bindings=bindings;self.current={};self.previous={};self.provenance={};self.channel=mailbox(self.context,'owner')
                                                                                                                     ~~~~~~~^^^^^^^^^^^^^^^^^^^^^^
  File "/home/auss/git_repos/samaust/Experiments_4DGS/scripts/vipe_benchmark/s1_progress.py", line 611, in mailbox
    channel=socket.socket(socket.AF_UNIX,socket.SOCK_DGRAM)
  File "/usr/lib/python3.14/socket.py", line 236, in __init__
    _socket.socket.__init__(self, family, type, proto, fileno)
    ~~~~~~~~~~~~~~~~~~~~~~~^^^^^^^^^^^^^^^^^^^^^^^^^^^^^^^^^^^
PermissionError: [Errno 1] Operation not permitted

======================================================================
ERROR: test_progress_plan047_deadline_steps (test_vipe_benchmark_supervisor.HelperSessionTests.test_progress_plan047_deadline_steps) (operation='final_head_read', when='before')
----------------------------------------------------------------------
Traceback (most recent call last):
  File "/home/auss/git_repos/samaust/Experiments_4DGS/tests/test_vipe_benchmark_supervisor.py", line 3196, in test_progress_plan047_deadline_steps
    with self.subTest(**case),plan047_state(fixture,Path(temp)/str(index)) as state,contextlib.ExitStack() as stack:
                              ~~~~~~~~~~~~~^^^^^^^^^^^^^^^^^^^^^^^^^^^^^^^
  File "/usr/lib/python3.14/contextlib.py", line 141, in __enter__
    return next(self.gen)
  File "/home/auss/git_repos/samaust/Experiments_4DGS/tests/test_vipe_benchmark_s1_helper_fixtures.py", line 433, in state
    consumer=p.Consumer(reference,cache,lambda:cancelled[0],lambda producer:(binding,1))
  File "/home/auss/git_repos/samaust/Experiments_4DGS/scripts/vipe_benchmark/s1_progress.py", line 815, in __init__
    self.cancelled=cancelled;self.bindings=bindings;self.current={};self.previous={};self.provenance={};self.channel=mailbox(self.context,'owner')
                                                                                                                     ~~~~~~~^^^^^^^^^^^^^^^^^^^^^^
  File "/home/auss/git_repos/samaust/Experiments_4DGS/scripts/vipe_benchmark/s1_progress.py", line 611, in mailbox
    channel=socket.socket(socket.AF_UNIX,socket.SOCK_DGRAM)
  File "/usr/lib/python3.14/socket.py", line 236, in __init__
    _socket.socket.__init__(self, family, type, proto, fileno)
    ~~~~~~~~~~~~~~~~~~~~~~~^^^^^^^^^^^^^^^^^^^^^^^^^^^^^^^^^^^
PermissionError: [Errno 1] Operation not permitted

======================================================================
ERROR: test_progress_plan047_deadline_steps (test_vipe_benchmark_supervisor.HelperSessionTests.test_progress_plan047_deadline_steps) (operation='final_head_read', when='equal')
----------------------------------------------------------------------
Traceback (most recent call last):
  File "/home/auss/git_repos/samaust/Experiments_4DGS/tests/test_vipe_benchmark_supervisor.py", line 3196, in test_progress_plan047_deadline_steps
    with self.subTest(**case),plan047_state(fixture,Path(temp)/str(index)) as state,contextlib.ExitStack() as stack:
                              ~~~~~~~~~~~~~^^^^^^^^^^^^^^^^^^^^^^^^^^^^^^^
  File "/usr/lib/python3.14/contextlib.py", line 141, in __enter__
    return next(self.gen)
  File "/home/auss/git_repos/samaust/Experiments_4DGS/tests/test_vipe_benchmark_s1_helper_fixtures.py", line 433, in state
    consumer=p.Consumer(reference,cache,lambda:cancelled[0],lambda producer:(binding,1))
  File "/home/auss/git_repos/samaust/Experiments_4DGS/scripts/vipe_benchmark/s1_progress.py", line 815, in __init__
    self.cancelled=cancelled;self.bindings=bindings;self.current={};self.previous={};self.provenance={};self.channel=mailbox(self.context,'owner')
                                                                                                                     ~~~~~~~^^^^^^^^^^^^^^^^^^^^^^
  File "/home/auss/git_repos/samaust/Experiments_4DGS/scripts/vipe_benchmark/s1_progress.py", line 611, in mailbox
    channel=socket.socket(socket.AF_UNIX,socket.SOCK_DGRAM)
  File "/usr/lib/python3.14/socket.py", line 236, in __init__
    _socket.socket.__init__(self, family, type, proto, fileno)
    ~~~~~~~~~~~~~~~~~~~~~~~^^^^^^^^^^^^^^^^^^^^^^^^^^^^^^^^^^^
PermissionError: [Errno 1] Operation not permitted

======================================================================
ERROR: test_progress_plan047_deadline_steps (test_vipe_benchmark_supervisor.HelperSessionTests.test_progress_plan047_deadline_steps) (operation='final_head_read', when='after')
----------------------------------------------------------------------
Traceback (most recent call last):
  File "/home/auss/git_repos/samaust/Experiments_4DGS/tests/test_vipe_benchmark_supervisor.py", line 3196, in test_progress_plan047_deadline_steps
    with self.subTest(**case),plan047_state(fixture,Path(temp)/str(index)) as state,contextlib.ExitStack() as stack:
                              ~~~~~~~~~~~~~^^^^^^^^^^^^^^^^^^^^^^^^^^^^^^^
  File "/usr/lib/python3.14/contextlib.py", line 141, in __enter__
    return next(self.gen)
  File "/home/auss/git_repos/samaust/Experiments_4DGS/tests/test_vipe_benchmark_s1_helper_fixtures.py", line 433, in state
    consumer=p.Consumer(reference,cache,lambda:cancelled[0],lambda producer:(binding,1))
  File "/home/auss/git_repos/samaust/Experiments_4DGS/scripts/vipe_benchmark/s1_progress.py", line 815, in __init__
    self.cancelled=cancelled;self.bindings=bindings;self.current={};self.previous={};self.provenance={};self.channel=mailbox(self.context,'owner')
                                                                                                                     ~~~~~~~^^^^^^^^^^^^^^^^^^^^^^
  File "/home/auss/git_repos/samaust/Experiments_4DGS/scripts/vipe_benchmark/s1_progress.py", line 611, in mailbox
    channel=socket.socket(socket.AF_UNIX,socket.SOCK_DGRAM)
  File "/usr/lib/python3.14/socket.py", line 236, in __init__
    _socket.socket.__init__(self, family, type, proto, fileno)
    ~~~~~~~~~~~~~~~~~~~~~~~^^^^^^^^^^^^^^^^^^^^^^^^^^^^^^^^^^^
PermissionError: [Errno 1] Operation not permitted

======================================================================
ERROR: test_progress_plan047_deadline_steps (test_vipe_benchmark_supervisor.HelperSessionTests.test_progress_plan047_deadline_steps) (operation='final_generation_read', when='before')
----------------------------------------------------------------------
Traceback (most recent call last):
  File "/home/auss/git_repos/samaust/Experiments_4DGS/tests/test_vipe_benchmark_supervisor.py", line 3196, in test_progress_plan047_deadline_steps
    with self.subTest(**case),plan047_state(fixture,Path(temp)/str(index)) as state,contextlib.ExitStack() as stack:
                              ~~~~~~~~~~~~~^^^^^^^^^^^^^^^^^^^^^^^^^^^^^^^
  File "/usr/lib/python3.14/contextlib.py", line 141, in __enter__
    return next(self.gen)
  File "/home/auss/git_repos/samaust/Experiments_4DGS/tests/test_vipe_benchmark_s1_helper_fixtures.py", line 433, in state
    consumer=p.Consumer(reference,cache,lambda:cancelled[0],lambda producer:(binding,1))
  File "/home/auss/git_repos/samaust/Experiments_4DGS/scripts/vipe_benchmark/s1_progress.py", line 815, in __init__
    self.cancelled=cancelled;self.bindings=bindings;self.current={};self.previous={};self.provenance={};self.channel=mailbox(self.context,'owner')
                                                                                                                     ~~~~~~~^^^^^^^^^^^^^^^^^^^^^^
  File "/home/auss/git_repos/samaust/Experiments_4DGS/scripts/vipe_benchmark/s1_progress.py", line 611, in mailbox
    channel=socket.socket(socket.AF_UNIX,socket.SOCK_DGRAM)
  File "/usr/lib/python3.14/socket.py", line 236, in __init__
    _socket.socket.__init__(self, family, type, proto, fileno)
    ~~~~~~~~~~~~~~~~~~~~~~~^^^^^^^^^^^^^^^^^^^^^^^^^^^^^^^^^^^
PermissionError: [Errno 1] Operation not permitted

======================================================================
ERROR: test_progress_plan047_deadline_steps (test_vipe_benchmark_supervisor.HelperSessionTests.test_progress_plan047_deadline_steps) (operation='final_generation_read', when='equal')
----------------------------------------------------------------------
Traceback (most recent call last):
  File "/home/auss/git_repos/samaust/Experiments_4DGS/tests/test_vipe_benchmark_supervisor.py", line 3196, in test_progress_plan047_deadline_steps
    with self.subTest(**case),plan047_state(fixture,Path(temp)/str(index)) as state,contextlib.ExitStack() as stack:
                              ~~~~~~~~~~~~~^^^^^^^^^^^^^^^^^^^^^^^^^^^^^^^
  File "/usr/lib/python3.14/contextlib.py", line 141, in __enter__
    return next(self.gen)
  File "/home/auss/git_repos/samaust/Experiments_4DGS/tests/test_vipe_benchmark_s1_helper_fixtures.py", line 433, in state
    consumer=p.Consumer(reference,cache,lambda:cancelled[0],lambda producer:(binding,1))
  File "/home/auss/git_repos/samaust/Experiments_4DGS/scripts/vipe_benchmark/s1_progress.py", line 815, in __init__
    self.cancelled=cancelled;self.bindings=bindings;self.current={};self.previous={};self.provenance={};self.channel=mailbox(self.context,'owner')
                                                                                                                     ~~~~~~~^^^^^^^^^^^^^^^^^^^^^^
  File "/home/auss/git_repos/samaust/Experiments_4DGS/scripts/vipe_benchmark/s1_progress.py", line 611, in mailbox
    channel=socket.socket(socket.AF_UNIX,socket.SOCK_DGRAM)
  File "/usr/lib/python3.14/socket.py", line 236, in __init__
    _socket.socket.__init__(self, family, type, proto, fileno)
    ~~~~~~~~~~~~~~~~~~~~~~~^^^^^^^^^^^^^^^^^^^^^^^^^^^^^^^^^^^
PermissionError: [Errno 1] Operation not permitted

======================================================================
ERROR: test_progress_plan047_deadline_steps (test_vipe_benchmark_supervisor.HelperSessionTests.test_progress_plan047_deadline_steps) (operation='final_generation_read', when='after')
----------------------------------------------------------------------
Traceback (most recent call last):
  File "/home/auss/git_repos/samaust/Experiments_4DGS/tests/test_vipe_benchmark_supervisor.py", line 3196, in test_progress_plan047_deadline_steps
    with self.subTest(**case),plan047_state(fixture,Path(temp)/str(index)) as state,contextlib.ExitStack() as stack:
                              ~~~~~~~~~~~~~^^^^^^^^^^^^^^^^^^^^^^^^^^^^^^^
  File "/usr/lib/python3.14/contextlib.py", line 141, in __enter__
    return next(self.gen)
  File "/home/auss/git_repos/samaust/Experiments_4DGS/tests/test_vipe_benchmark_s1_helper_fixtures.py", line 433, in state
    consumer=p.Consumer(reference,cache,lambda:cancelled[0],lambda producer:(binding,1))
  File "/home/auss/git_repos/samaust/Experiments_4DGS/scripts/vipe_benchmark/s1_progress.py", line 815, in __init__
    self.cancelled=cancelled;self.bindings=bindings;self.current={};self.previous={};self.provenance={};self.channel=mailbox(self.context,'owner')
                                                                                                                     ~~~~~~~^^^^^^^^^^^^^^^^^^^^^^
  File "/home/auss/git_repos/samaust/Experiments_4DGS/scripts/vipe_benchmark/s1_progress.py", line 611, in mailbox
    channel=socket.socket(socket.AF_UNIX,socket.SOCK_DGRAM)
  File "/usr/lib/python3.14/socket.py", line 236, in __init__
    _socket.socket.__init__(self, family, type, proto, fileno)
    ~~~~~~~~~~~~~~~~~~~~~~~^^^^^^^^^^^^^^^^^^^^^^^^^^^^^^^^^^^
PermissionError: [Errno 1] Operation not permitted

======================================================================
ERROR: test_progress_plan047_deadline_steps (test_vipe_benchmark_supervisor.HelperSessionTests.test_progress_plan047_deadline_steps) (operation='notice_send', when='before')
----------------------------------------------------------------------
Traceback (most recent call last):
  File "/home/auss/git_repos/samaust/Experiments_4DGS/tests/test_vipe_benchmark_supervisor.py", line 3196, in test_progress_plan047_deadline_steps
    with self.subTest(**case),plan047_state(fixture,Path(temp)/str(index)) as state,contextlib.ExitStack() as stack:
                              ~~~~~~~~~~~~~^^^^^^^^^^^^^^^^^^^^^^^^^^^^^^^
  File "/usr/lib/python3.14/contextlib.py", line 141, in __enter__
    return next(self.gen)
  File "/home/auss/git_repos/samaust/Experiments_4DGS/tests/test_vipe_benchmark_s1_helper_fixtures.py", line 433, in state
    consumer=p.Consumer(reference,cache,lambda:cancelled[0],lambda producer:(binding,1))
  File "/home/auss/git_repos/samaust/Experiments_4DGS/scripts/vipe_benchmark/s1_progress.py", line 815, in __init__
    self.cancelled=cancelled;self.bindings=bindings;self.current={};self.previous={};self.provenance={};self.channel=mailbox(self.context,'owner')
                                                                                                                     ~~~~~~~^^^^^^^^^^^^^^^^^^^^^^
  File "/home/auss/git_repos/samaust/Experiments_4DGS/scripts/vipe_benchmark/s1_progress.py", line 611, in mailbox
    channel=socket.socket(socket.AF_UNIX,socket.SOCK_DGRAM)
  File "/usr/lib/python3.14/socket.py", line 236, in __init__
    _socket.socket.__init__(self, family, type, proto, fileno)
    ~~~~~~~~~~~~~~~~~~~~~~~^^^^^^^^^^^^^^^^^^^^^^^^^^^^^^^^^^^
PermissionError: [Errno 1] Operation not permitted

======================================================================
ERROR: test_progress_plan047_deadline_steps (test_vipe_benchmark_supervisor.HelperSessionTests.test_progress_plan047_deadline_steps) (operation='notice_send', when='equal')
----------------------------------------------------------------------
Traceback (most recent call last):
  File "/home/auss/git_repos/samaust/Experiments_4DGS/tests/test_vipe_benchmark_supervisor.py", line 3196, in test_progress_plan047_deadline_steps
    with self.subTest(**case),plan047_state(fixture,Path(temp)/str(index)) as state,contextlib.ExitStack() as stack:
                              ~~~~~~~~~~~~~^^^^^^^^^^^^^^^^^^^^^^^^^^^^^^^
  File "/usr/lib/python3.14/contextlib.py", line 141, in __enter__
    return next(self.gen)
  File "/home/auss/git_repos/samaust/Experiments_4DGS/tests/test_vipe_benchmark_s1_helper_fixtures.py", line 433, in state
    consumer=p.Consumer(reference,cache,lambda:cancelled[0],lambda producer:(binding,1))
  File "/home/auss/git_repos/samaust/Experiments_4DGS/scripts/vipe_benchmark/s1_progress.py", line 815, in __init__
    self.cancelled=cancelled;self.bindings=bindings;self.current={};self.previous={};self.provenance={};self.channel=mailbox(self.context,'owner')
                                                                                                                     ~~~~~~~^^^^^^^^^^^^^^^^^^^^^^
  File "/home/auss/git_repos/samaust/Experiments_4DGS/scripts/vipe_benchmark/s1_progress.py", line 611, in mailbox
    channel=socket.socket(socket.AF_UNIX,socket.SOCK_DGRAM)
  File "/usr/lib/python3.14/socket.py", line 236, in __init__
    _socket.socket.__init__(self, family, type, proto, fileno)
    ~~~~~~~~~~~~~~~~~~~~~~~^^^^^^^^^^^^^^^^^^^^^^^^^^^^^^^^^^^
PermissionError: [Errno 1] Operation not permitted

======================================================================
ERROR: test_progress_plan047_deadline_steps (test_vipe_benchmark_supervisor.HelperSessionTests.test_progress_plan047_deadline_steps) (operation='notice_send', when='after')
----------------------------------------------------------------------
Traceback (most recent call last):
  File "/home/auss/git_repos/samaust/Experiments_4DGS/tests/test_vipe_benchmark_supervisor.py", line 3196, in test_progress_plan047_deadline_steps
    with self.subTest(**case),plan047_state(fixture,Path(temp)/str(index)) as state,contextlib.ExitStack() as stack:
                              ~~~~~~~~~~~~~^^^^^^^^^^^^^^^^^^^^^^^^^^^^^^^
  File "/usr/lib/python3.14/contextlib.py", line 141, in __enter__
    return next(self.gen)
  File "/home/auss/git_repos/samaust/Experiments_4DGS/tests/test_vipe_benchmark_s1_helper_fixtures.py", line 433, in state
    consumer=p.Consumer(reference,cache,lambda:cancelled[0],lambda producer:(binding,1))
  File "/home/auss/git_repos/samaust/Experiments_4DGS/scripts/vipe_benchmark/s1_progress.py", line 815, in __init__
    self.cancelled=cancelled;self.bindings=bindings;self.current={};self.previous={};self.provenance={};self.channel=mailbox(self.context,'owner')
                                                                                                                     ~~~~~~~^^^^^^^^^^^^^^^^^^^^^^
  File "/home/auss/git_repos/samaust/Experiments_4DGS/scripts/vipe_benchmark/s1_progress.py", line 611, in mailbox
    channel=socket.socket(socket.AF_UNIX,socket.SOCK_DGRAM)
  File "/usr/lib/python3.14/socket.py", line 236, in __init__
    _socket.socket.__init__(self, family, type, proto, fileno)
    ~~~~~~~~~~~~~~~~~~~~~~~^^^^^^^^^^^^^^^^^^^^^^^^^^^^^^^^^^^
PermissionError: [Errno 1] Operation not permitted

======================================================================
ERROR: test_progress_plan047_deadline_steps (test_vipe_benchmark_supervisor.HelperSessionTests.test_progress_plan047_deadline_steps) (operation='owner_retention', when='before')
----------------------------------------------------------------------
Traceback (most recent call last):
  File "/home/auss/git_repos/samaust/Experiments_4DGS/tests/test_vipe_benchmark_supervisor.py", line 3196, in test_progress_plan047_deadline_steps
    with self.subTest(**case),plan047_state(fixture,Path(temp)/str(index)) as state,contextlib.ExitStack() as stack:
                              ~~~~~~~~~~~~~^^^^^^^^^^^^^^^^^^^^^^^^^^^^^^^
  File "/usr/lib/python3.14/contextlib.py", line 141, in __enter__
    return next(self.gen)
  File "/home/auss/git_repos/samaust/Experiments_4DGS/tests/test_vipe_benchmark_s1_helper_fixtures.py", line 433, in state
    consumer=p.Consumer(reference,cache,lambda:cancelled[0],lambda producer:(binding,1))
  File "/home/auss/git_repos/samaust/Experiments_4DGS/scripts/vipe_benchmark/s1_progress.py", line 815, in __init__
    self.cancelled=cancelled;self.bindings=bindings;self.current={};self.previous={};self.provenance={};self.channel=mailbox(self.context,'owner')
                                                                                                                     ~~~~~~~^^^^^^^^^^^^^^^^^^^^^^
  File "/home/auss/git_repos/samaust/Experiments_4DGS/scripts/vipe_benchmark/s1_progress.py", line 611, in mailbox
    channel=socket.socket(socket.AF_UNIX,socket.SOCK_DGRAM)
  File "/usr/lib/python3.14/socket.py", line 236, in __init__
    _socket.socket.__init__(self, family, type, proto, fileno)
    ~~~~~~~~~~~~~~~~~~~~~~~^^^^^^^^^^^^^^^^^^^^^^^^^^^^^^^^^^^
PermissionError: [Errno 1] Operation not permitted

======================================================================
ERROR: test_progress_plan047_deadline_steps (test_vipe_benchmark_supervisor.HelperSessionTests.test_progress_plan047_deadline_steps) (operation='owner_retention', when='equal')
----------------------------------------------------------------------
Traceback (most recent call last):
  File "/home/auss/git_repos/samaust/Experiments_4DGS/tests/test_vipe_benchmark_supervisor.py", line 3196, in test_progress_plan047_deadline_steps
    with self.subTest(**case),plan047_state(fixture,Path(temp)/str(index)) as state,contextlib.ExitStack() as stack:
                              ~~~~~~~~~~~~~^^^^^^^^^^^^^^^^^^^^^^^^^^^^^^^
  File "/usr/lib/python3.14/contextlib.py", line 141, in __enter__
    return next(self.gen)
  File "/home/auss/git_repos/samaust/Experiments_4DGS/tests/test_vipe_benchmark_s1_helper_fixtures.py", line 433, in state
    consumer=p.Consumer(reference,cache,lambda:cancelled[0],lambda producer:(binding,1))
  File "/home/auss/git_repos/samaust/Experiments_4DGS/scripts/vipe_benchmark/s1_progress.py", line 815, in __init__
    self.cancelled=cancelled;self.bindings=bindings;self.current={};self.previous={};self.provenance={};self.channel=mailbox(self.context,'owner')
                                                                                                                     ~~~~~~~^^^^^^^^^^^^^^^^^^^^^^
  File "/home/auss/git_repos/samaust/Experiments_4DGS/scripts/vipe_benchmark/s1_progress.py", line 611, in mailbox
    channel=socket.socket(socket.AF_UNIX,socket.SOCK_DGRAM)
  File "/usr/lib/python3.14/socket.py", line 236, in __init__
    _socket.socket.__init__(self, family, type, proto, fileno)
    ~~~~~~~~~~~~~~~~~~~~~~~^^^^^^^^^^^^^^^^^^^^^^^^^^^^^^^^^^^
PermissionError: [Errno 1] Operation not permitted

======================================================================
ERROR: test_progress_plan047_deadline_steps (test_vipe_benchmark_supervisor.HelperSessionTests.test_progress_plan047_deadline_steps) (operation='owner_retention', when='after')
----------------------------------------------------------------------
Traceback (most recent call last):
  File "/home/auss/git_repos/samaust/Experiments_4DGS/tests/test_vipe_benchmark_supervisor.py", line 3196, in test_progress_plan047_deadline_steps
    with self.subTest(**case),plan047_state(fixture,Path(temp)/str(index)) as state,contextlib.ExitStack() as stack:
                              ~~~~~~~~~~~~~^^^^^^^^^^^^^^^^^^^^^^^^^^^^^^^
  File "/usr/lib/python3.14/contextlib.py", line 141, in __enter__
    return next(self.gen)
  File "/home/auss/git_repos/samaust/Experiments_4DGS/tests/test_vipe_benchmark_s1_helper_fixtures.py", line 433, in state
    consumer=p.Consumer(reference,cache,lambda:cancelled[0],lambda producer:(binding,1))
  File "/home/auss/git_repos/samaust/Experiments_4DGS/scripts/vipe_benchmark/s1_progress.py", line 815, in __init__
    self.cancelled=cancelled;self.bindings=bindings;self.current={};self.previous={};self.provenance={};self.channel=mailbox(self.context,'owner')
                                                                                                                     ~~~~~~~^^^^^^^^^^^^^^^^^^^^^^
  File "/home/auss/git_repos/samaust/Experiments_4DGS/scripts/vipe_benchmark/s1_progress.py", line 611, in mailbox
    channel=socket.socket(socket.AF_UNIX,socket.SOCK_DGRAM)
  File "/usr/lib/python3.14/socket.py", line 236, in __init__
    _socket.socket.__init__(self, family, type, proto, fileno)
    ~~~~~~~~~~~~~~~~~~~~~~~^^^^^^^^^^^^^^^^^^^^^^^^^^^^^^^^^^^
PermissionError: [Errno 1] Operation not permitted

======================================================================
ERROR: test_progress_plan047_deadline_steps (test_vipe_benchmark_supervisor.HelperSessionTests.test_progress_plan047_deadline_steps) (operation='ack_send', when='before')
----------------------------------------------------------------------
Traceback (most recent call last):
  File "/home/auss/git_repos/samaust/Experiments_4DGS/tests/test_vipe_benchmark_supervisor.py", line 3196, in test_progress_plan047_deadline_steps
    with self.subTest(**case),plan047_state(fixture,Path(temp)/str(index)) as state,contextlib.ExitStack() as stack:
                              ~~~~~~~~~~~~~^^^^^^^^^^^^^^^^^^^^^^^^^^^^^^^
  File "/usr/lib/python3.14/contextlib.py", line 141, in __enter__
    return next(self.gen)
  File "/home/auss/git_repos/samaust/Experiments_4DGS/tests/test_vipe_benchmark_s1_helper_fixtures.py", line 433, in state
    consumer=p.Consumer(reference,cache,lambda:cancelled[0],lambda producer:(binding,1))
  File "/home/auss/git_repos/samaust/Experiments_4DGS/scripts/vipe_benchmark/s1_progress.py", line 815, in __init__
    self.cancelled=cancelled;self.bindings=bindings;self.current={};self.previous={};self.provenance={};self.channel=mailbox(self.context,'owner')
                                                                                                                     ~~~~~~~^^^^^^^^^^^^^^^^^^^^^^
  File "/home/auss/git_repos/samaust/Experiments_4DGS/scripts/vipe_benchmark/s1_progress.py", line 611, in mailbox
    channel=socket.socket(socket.AF_UNIX,socket.SOCK_DGRAM)
  File "/usr/lib/python3.14/socket.py", line 236, in __init__
    _socket.socket.__init__(self, family, type, proto, fileno)
    ~~~~~~~~~~~~~~~~~~~~~~~^^^^^^^^^^^^^^^^^^^^^^^^^^^^^^^^^^^
PermissionError: [Errno 1] Operation not permitted

======================================================================
ERROR: test_progress_plan047_deadline_steps (test_vipe_benchmark_supervisor.HelperSessionTests.test_progress_plan047_deadline_steps) (operation='ack_send', when='equal')
----------------------------------------------------------------------
Traceback (most recent call last):
  File "/home/auss/git_repos/samaust/Experiments_4DGS/tests/test_vipe_benchmark_supervisor.py", line 3196, in test_progress_plan047_deadline_steps
    with self.subTest(**case),plan047_state(fixture,Path(temp)/str(index)) as state,contextlib.ExitStack() as stack:
                              ~~~~~~~~~~~~~^^^^^^^^^^^^^^^^^^^^^^^^^^^^^^^
  File "/usr/lib/python3.14/contextlib.py", line 141, in __enter__
    return next(self.gen)
  File "/home/auss/git_repos/samaust/Experiments_4DGS/tests/test_vipe_benchmark_s1_helper_fixtures.py", line 433, in state
    consumer=p.Consumer(reference,cache,lambda:cancelled[0],lambda producer:(binding,1))
  File "/home/auss/git_repos/samaust/Experiments_4DGS/scripts/vipe_benchmark/s1_progress.py", line 815, in __init__
    self.cancelled=cancelled;self.bindings=bindings;self.current={};self.previous={};self.provenance={};self.channel=mailbox(self.context,'owner')
                                                                                                                     ~~~~~~~^^^^^^^^^^^^^^^^^^^^^^
  File "/home/auss/git_repos/samaust/Experiments_4DGS/scripts/vipe_benchmark/s1_progress.py", line 611, in mailbox
    channel=socket.socket(socket.AF_UNIX,socket.SOCK_DGRAM)
  File "/usr/lib/python3.14/socket.py", line 236, in __init__
    _socket.socket.__init__(self, family, type, proto, fileno)
    ~~~~~~~~~~~~~~~~~~~~~~~^^^^^^^^^^^^^^^^^^^^^^^^^^^^^^^^^^^
PermissionError: [Errno 1] Operation not permitted

======================================================================
ERROR: test_progress_plan047_deadline_steps (test_vipe_benchmark_supervisor.HelperSessionTests.test_progress_plan047_deadline_steps) (operation='ack_send', when='after')
----------------------------------------------------------------------
Traceback (most recent call last):
  File "/home/auss/git_repos/samaust/Experiments_4DGS/tests/test_vipe_benchmark_supervisor.py", line 3196, in test_progress_plan047_deadline_steps
    with self.subTest(**case),plan047_state(fixture,Path(temp)/str(index)) as state,contextlib.ExitStack() as stack:
                              ~~~~~~~~~~~~~^^^^^^^^^^^^^^^^^^^^^^^^^^^^^^^
  File "/usr/lib/python3.14/contextlib.py", line 141, in __enter__
    return next(self.gen)
  File "/home/auss/git_repos/samaust/Experiments_4DGS/tests/test_vipe_benchmark_s1_helper_fixtures.py", line 433, in state
    consumer=p.Consumer(reference,cache,lambda:cancelled[0],lambda producer:(binding,1))
  File "/home/auss/git_repos/samaust/Experiments_4DGS/scripts/vipe_benchmark/s1_progress.py", line 815, in __init__
    self.cancelled=cancelled;self.bindings=bindings;self.current={};self.previous={};self.provenance={};self.channel=mailbox(self.context,'owner')
                                                                                                                     ~~~~~~~^^^^^^^^^^^^^^^^^^^^^^
  File "/home/auss/git_repos/samaust/Experiments_4DGS/scripts/vipe_benchmark/s1_progress.py", line 611, in mailbox
    channel=socket.socket(socket.AF_UNIX,socket.SOCK_DGRAM)
  File "/usr/lib/python3.14/socket.py", line 236, in __init__
    _socket.socket.__init__(self, family, type, proto, fileno)
    ~~~~~~~~~~~~~~~~~~~~~~~^^^^^^^^^^^^^^^^^^^^^^^^^^^^^^^^^^^
PermissionError: [Errno 1] Operation not permitted

======================================================================
ERROR: test_progress_plan047_deadline_steps (test_vipe_benchmark_supervisor.HelperSessionTests.test_progress_plan047_deadline_steps) (operation='ack_receipt', when='before')
----------------------------------------------------------------------
Traceback (most recent call last):
  File "/home/auss/git_repos/samaust/Experiments_4DGS/tests/test_vipe_benchmark_supervisor.py", line 3196, in test_progress_plan047_deadline_steps
    with self.subTest(**case),plan047_state(fixture,Path(temp)/str(index)) as state,contextlib.ExitStack() as stack:
                              ~~~~~~~~~~~~~^^^^^^^^^^^^^^^^^^^^^^^^^^^^^^^
  File "/usr/lib/python3.14/contextlib.py", line 141, in __enter__
    return next(self.gen)
  File "/home/auss/git_repos/samaust/Experiments_4DGS/tests/test_vipe_benchmark_s1_helper_fixtures.py", line 433, in state
    consumer=p.Consumer(reference,cache,lambda:cancelled[0],lambda producer:(binding,1))
  File "/home/auss/git_repos/samaust/Experiments_4DGS/scripts/vipe_benchmark/s1_progress.py", line 815, in __init__
    self.cancelled=cancelled;self.bindings=bindings;self.current={};self.previous={};self.provenance={};self.channel=mailbox(self.context,'owner')
                                                                                                                     ~~~~~~~^^^^^^^^^^^^^^^^^^^^^^
  File "/home/auss/git_repos/samaust/Experiments_4DGS/scripts/vipe_benchmark/s1_progress.py", line 611, in mailbox
    channel=socket.socket(socket.AF_UNIX,socket.SOCK_DGRAM)
  File "/usr/lib/python3.14/socket.py", line 236, in __init__
    _socket.socket.__init__(self, family, type, proto, fileno)
    ~~~~~~~~~~~~~~~~~~~~~~~^^^^^^^^^^^^^^^^^^^^^^^^^^^^^^^^^^^
PermissionError: [Errno 1] Operation not permitted

======================================================================
ERROR: test_progress_plan047_deadline_steps (test_vipe_benchmark_supervisor.HelperSessionTests.test_progress_plan047_deadline_steps) (operation='ack_receipt', when='equal')
----------------------------------------------------------------------
Traceback (most recent call last):
  File "/home/auss/git_repos/samaust/Experiments_4DGS/tests/test_vipe_benchmark_supervisor.py", line 3196, in test_progress_plan047_deadline_steps
    with self.subTest(**case),plan047_state(fixture,Path(temp)/str(index)) as state,contextlib.ExitStack() as stack:
                              ~~~~~~~~~~~~~^^^^^^^^^^^^^^^^^^^^^^^^^^^^^^^
  File "/usr/lib/python3.14/contextlib.py", line 141, in __enter__
    return next(self.gen)
  File "/home/auss/git_repos/samaust/Experiments_4DGS/tests/test_vipe_benchmark_s1_helper_fixtures.py", line 433, in state
    consumer=p.Consumer(reference,cache,lambda:cancelled[0],lambda producer:(binding,1))
  File "/home/auss/git_repos/samaust/Experiments_4DGS/scripts/vipe_benchmark/s1_progress.py", line 815, in __init__
    self.cancelled=cancelled;self.bindings=bindings;self.current={};self.previous={};self.provenance={};self.channel=mailbox(self.context,'owner')
                                                                                                                     ~~~~~~~^^^^^^^^^^^^^^^^^^^^^^
  File "/home/auss/git_repos/samaust/Experiments_4DGS/scripts/vipe_benchmark/s1_progress.py", line 611, in mailbox
    channel=socket.socket(socket.AF_UNIX,socket.SOCK_DGRAM)
  File "/usr/lib/python3.14/socket.py", line 236, in __init__
    _socket.socket.__init__(self, family, type, proto, fileno)
    ~~~~~~~~~~~~~~~~~~~~~~~^^^^^^^^^^^^^^^^^^^^^^^^^^^^^^^^^^^
PermissionError: [Errno 1] Operation not permitted

======================================================================
ERROR: test_progress_plan047_deadline_steps (test_vipe_benchmark_supervisor.HelperSessionTests.test_progress_plan047_deadline_steps) (operation='ack_receipt', when='after')
----------------------------------------------------------------------
Traceback (most recent call last):
  File "/home/auss/git_repos/samaust/Experiments_4DGS/tests/test_vipe_benchmark_supervisor.py", line 3196, in test_progress_plan047_deadline_steps
    with self.subTest(**case),plan047_state(fixture,Path(temp)/str(index)) as state,contextlib.ExitStack() as stack:
                              ~~~~~~~~~~~~~^^^^^^^^^^^^^^^^^^^^^^^^^^^^^^^
  File "/usr/lib/python3.14/contextlib.py", line 141, in __enter__
    return next(self.gen)
  File "/home/auss/git_repos/samaust/Experiments_4DGS/tests/test_vipe_benchmark_s1_helper_fixtures.py", line 433, in state
    consumer=p.Consumer(reference,cache,lambda:cancelled[0],lambda producer:(binding,1))
  File "/home/auss/git_repos/samaust/Experiments_4DGS/scripts/vipe_benchmark/s1_progress.py", line 815, in __init__
    self.cancelled=cancelled;self.bindings=bindings;self.current={};self.previous={};self.provenance={};self.channel=mailbox(self.context,'owner')
                                                                                                                     ~~~~~~~^^^^^^^^^^^^^^^^^^^^^^
  File "/home/auss/git_repos/samaust/Experiments_4DGS/scripts/vipe_benchmark/s1_progress.py", line 611, in mailbox
    channel=socket.socket(socket.AF_UNIX,socket.SOCK_DGRAM)
  File "/usr/lib/python3.14/socket.py", line 236, in __init__
    _socket.socket.__init__(self, family, type, proto, fileno)
    ~~~~~~~~~~~~~~~~~~~~~~~^^^^^^^^^^^^^^^^^^^^^^^^^^^^^^^^^^^
PermissionError: [Errno 1] Operation not permitted

======================================================================
ERROR: test_progress_plan047_deadline_steps (test_vipe_benchmark_supervisor.HelperSessionTests.test_progress_plan047_deadline_steps) (operation='array_npy', when='before')
----------------------------------------------------------------------
Traceback (most recent call last):
  File "/home/auss/git_repos/samaust/Experiments_4DGS/tests/test_vipe_benchmark_supervisor.py", line 3196, in test_progress_plan047_deadline_steps
    with self.subTest(**case),plan047_state(fixture,Path(temp)/str(index)) as state,contextlib.ExitStack() as stack:
                              ~~~~~~~~~~~~~^^^^^^^^^^^^^^^^^^^^^^^^^^^^^^^
  File "/usr/lib/python3.14/contextlib.py", line 141, in __enter__
    return next(self.gen)
  File "/home/auss/git_repos/samaust/Experiments_4DGS/tests/test_vipe_benchmark_s1_helper_fixtures.py", line 433, in state
    consumer=p.Consumer(reference,cache,lambda:cancelled[0],lambda producer:(binding,1))
  File "/home/auss/git_repos/samaust/Experiments_4DGS/scripts/vipe_benchmark/s1_progress.py", line 815, in __init__
    self.cancelled=cancelled;self.bindings=bindings;self.current={};self.previous={};self.provenance={};self.channel=mailbox(self.context,'owner')
                                                                                                                     ~~~~~~~^^^^^^^^^^^^^^^^^^^^^^
  File "/home/auss/git_repos/samaust/Experiments_4DGS/scripts/vipe_benchmark/s1_progress.py", line 611, in mailbox
    channel=socket.socket(socket.AF_UNIX,socket.SOCK_DGRAM)
  File "/usr/lib/python3.14/socket.py", line 236, in __init__
    _socket.socket.__init__(self, family, type, proto, fileno)
    ~~~~~~~~~~~~~~~~~~~~~~~^^^^^^^^^^^^^^^^^^^^^^^^^^^^^^^^^^^
PermissionError: [Errno 1] Operation not permitted

======================================================================
ERROR: test_progress_plan047_deadline_steps (test_vipe_benchmark_supervisor.HelperSessionTests.test_progress_plan047_deadline_steps) (operation='array_npy', when='equal')
----------------------------------------------------------------------
Traceback (most recent call last):
  File "/home/auss/git_repos/samaust/Experiments_4DGS/tests/test_vipe_benchmark_supervisor.py", line 3196, in test_progress_plan047_deadline_steps
    with self.subTest(**case),plan047_state(fixture,Path(temp)/str(index)) as state,contextlib.ExitStack() as stack:
                              ~~~~~~~~~~~~~^^^^^^^^^^^^^^^^^^^^^^^^^^^^^^^
  File "/usr/lib/python3.14/contextlib.py", line 141, in __enter__
    return next(self.gen)
  File "/home/auss/git_repos/samaust/Experiments_4DGS/tests/test_vipe_benchmark_s1_helper_fixtures.py", line 433, in state
    consumer=p.Consumer(reference,cache,lambda:cancelled[0],lambda producer:(binding,1))
  File "/home/auss/git_repos/samaust/Experiments_4DGS/scripts/vipe_benchmark/s1_progress.py", line 815, in __init__
    self.cancelled=cancelled;self.bindings=bindings;self.current={};self.previous={};self.provenance={};self.channel=mailbox(self.context,'owner')
                                                                                                                     ~~~~~~~^^^^^^^^^^^^^^^^^^^^^^
  File "/home/auss/git_repos/samaust/Experiments_4DGS/scripts/vipe_benchmark/s1_progress.py", line 611, in mailbox
    channel=socket.socket(socket.AF_UNIX,socket.SOCK_DGRAM)
  File "/usr/lib/python3.14/socket.py", line 236, in __init__
    _socket.socket.__init__(self, family, type, proto, fileno)
    ~~~~~~~~~~~~~~~~~~~~~~~^^^^^^^^^^^^^^^^^^^^^^^^^^^^^^^^^^^
PermissionError: [Errno 1] Operation not permitted

======================================================================
ERROR: test_progress_plan047_deadline_steps (test_vipe_benchmark_supervisor.HelperSessionTests.test_progress_plan047_deadline_steps) (operation='array_npy', when='after')
----------------------------------------------------------------------
Traceback (most recent call last):
  File "/home/auss/git_repos/samaust/Experiments_4DGS/tests/test_vipe_benchmark_supervisor.py", line 3196, in test_progress_plan047_deadline_steps
    with self.subTest(**case),plan047_state(fixture,Path(temp)/str(index)) as state,contextlib.ExitStack() as stack:
                              ~~~~~~~~~~~~~^^^^^^^^^^^^^^^^^^^^^^^^^^^^^^^
  File "/usr/lib/python3.14/contextlib.py", line 141, in __enter__
    return next(self.gen)
  File "/home/auss/git_repos/samaust/Experiments_4DGS/tests/test_vipe_benchmark_s1_helper_fixtures.py", line 433, in state
    consumer=p.Consumer(reference,cache,lambda:cancelled[0],lambda producer:(binding,1))
  File "/home/auss/git_repos/samaust/Experiments_4DGS/scripts/vipe_benchmark/s1_progress.py", line 815, in __init__
    self.cancelled=cancelled;self.bindings=bindings;self.current={};self.previous={};self.provenance={};self.channel=mailbox(self.context,'owner')
                                                                                                                     ~~~~~~~^^^^^^^^^^^^^^^^^^^^^^
  File "/home/auss/git_repos/samaust/Experiments_4DGS/scripts/vipe_benchmark/s1_progress.py", line 611, in mailbox
    channel=socket.socket(socket.AF_UNIX,socket.SOCK_DGRAM)
  File "/usr/lib/python3.14/socket.py", line 236, in __init__
    _socket.socket.__init__(self, family, type, proto, fileno)
    ~~~~~~~~~~~~~~~~~~~~~~~^^^^^^^^^^^^^^^^^^^^^^^^^^^^^^^^^^^
PermissionError: [Errno 1] Operation not permitted

======================================================================
ERROR: test_progress_plan047_deadline_steps (test_vipe_benchmark_supervisor.HelperSessionTests.test_progress_plan047_deadline_steps) (operation='array_png', when='before')
----------------------------------------------------------------------
Traceback (most recent call last):
  File "/home/auss/git_repos/samaust/Experiments_4DGS/tests/test_vipe_benchmark_supervisor.py", line 3196, in test_progress_plan047_deadline_steps
    with self.subTest(**case),plan047_state(fixture,Path(temp)/str(index)) as state,contextlib.ExitStack() as stack:
                              ~~~~~~~~~~~~~^^^^^^^^^^^^^^^^^^^^^^^^^^^^^^^
  File "/usr/lib/python3.14/contextlib.py", line 141, in __enter__
    return next(self.gen)
  File "/home/auss/git_repos/samaust/Experiments_4DGS/tests/test_vipe_benchmark_s1_helper_fixtures.py", line 433, in state
    consumer=p.Consumer(reference,cache,lambda:cancelled[0],lambda producer:(binding,1))
  File "/home/auss/git_repos/samaust/Experiments_4DGS/scripts/vipe_benchmark/s1_progress.py", line 815, in __init__
    self.cancelled=cancelled;self.bindings=bindings;self.current={};self.previous={};self.provenance={};self.channel=mailbox(self.context,'owner')
                                                                                                                     ~~~~~~~^^^^^^^^^^^^^^^^^^^^^^
  File "/home/auss/git_repos/samaust/Experiments_4DGS/scripts/vipe_benchmark/s1_progress.py", line 611, in mailbox
    channel=socket.socket(socket.AF_UNIX,socket.SOCK_DGRAM)
  File "/usr/lib/python3.14/socket.py", line 236, in __init__
    _socket.socket.__init__(self, family, type, proto, fileno)
    ~~~~~~~~~~~~~~~~~~~~~~~^^^^^^^^^^^^^^^^^^^^^^^^^^^^^^^^^^^
PermissionError: [Errno 1] Operation not permitted

======================================================================
ERROR: test_progress_plan047_deadline_steps (test_vipe_benchmark_supervisor.HelperSessionTests.test_progress_plan047_deadline_steps) (operation='array_png', when='equal')
----------------------------------------------------------------------
Traceback (most recent call last):
  File "/home/auss/git_repos/samaust/Experiments_4DGS/tests/test_vipe_benchmark_supervisor.py", line 3196, in test_progress_plan047_deadline_steps
    with self.subTest(**case),plan047_state(fixture,Path(temp)/str(index)) as state,contextlib.ExitStack() as stack:
                              ~~~~~~~~~~~~~^^^^^^^^^^^^^^^^^^^^^^^^^^^^^^^
  File "/usr/lib/python3.14/contextlib.py", line 141, in __enter__
    return next(self.gen)
  File "/home/auss/git_repos/samaust/Experiments_4DGS/tests/test_vipe_benchmark_s1_helper_fixtures.py", line 433, in state
    consumer=p.Consumer(reference,cache,lambda:cancelled[0],lambda producer:(binding,1))
  File "/home/auss/git_repos/samaust/Experiments_4DGS/scripts/vipe_benchmark/s1_progress.py", line 815, in __init__
    self.cancelled=cancelled;self.bindings=bindings;self.current={};self.previous={};self.provenance={};self.channel=mailbox(self.context,'owner')
                                                                                                                     ~~~~~~~^^^^^^^^^^^^^^^^^^^^^^
  File "/home/auss/git_repos/samaust/Experiments_4DGS/scripts/vipe_benchmark/s1_progress.py", line 611, in mailbox
    channel=socket.socket(socket.AF_UNIX,socket.SOCK_DGRAM)
  File "/usr/lib/python3.14/socket.py", line 236, in __init__
    _socket.socket.__init__(self, family, type, proto, fileno)
    ~~~~~~~~~~~~~~~~~~~~~~~^^^^^^^^^^^^^^^^^^^^^^^^^^^^^^^^^^^
PermissionError: [Errno 1] Operation not permitted

======================================================================
ERROR: test_progress_plan047_deadline_steps (test_vipe_benchmark_supervisor.HelperSessionTests.test_progress_plan047_deadline_steps) (operation='array_png', when='after')
----------------------------------------------------------------------
Traceback (most recent call last):
  File "/home/auss/git_repos/samaust/Experiments_4DGS/tests/test_vipe_benchmark_supervisor.py", line 3196, in test_progress_plan047_deadline_steps
    with self.subTest(**case),plan047_state(fixture,Path(temp)/str(index)) as state,contextlib.ExitStack() as stack:
                              ~~~~~~~~~~~~~^^^^^^^^^^^^^^^^^^^^^^^^^^^^^^^
  File "/usr/lib/python3.14/contextlib.py", line 141, in __enter__
    return next(self.gen)
  File "/home/auss/git_repos/samaust/Experiments_4DGS/tests/test_vipe_benchmark_s1_helper_fixtures.py", line 433, in state
    consumer=p.Consumer(reference,cache,lambda:cancelled[0],lambda producer:(binding,1))
  File "/home/auss/git_repos/samaust/Experiments_4DGS/scripts/vipe_benchmark/s1_progress.py", line 815, in __init__
    self.cancelled=cancelled;self.bindings=bindings;self.current={};self.previous={};self.provenance={};self.channel=mailbox(self.context,'owner')
                                                                                                                     ~~~~~~~^^^^^^^^^^^^^^^^^^^^^^
  File "/home/auss/git_repos/samaust/Experiments_4DGS/scripts/vipe_benchmark/s1_progress.py", line 611, in mailbox
    channel=socket.socket(socket.AF_UNIX,socket.SOCK_DGRAM)
  File "/usr/lib/python3.14/socket.py", line 236, in __init__
    _socket.socket.__init__(self, family, type, proto, fileno)
    ~~~~~~~~~~~~~~~~~~~~~~~^^^^^^^^^^^^^^^^^^^^^^^^^^^^^^^^^^^
PermissionError: [Errno 1] Operation not permitted

======================================================================
ERROR: test_progress_plan047_deadline_steps (test_vipe_benchmark_supervisor.HelperSessionTests.test_progress_plan047_deadline_steps) (operation='npz_member', when='before')
----------------------------------------------------------------------
Traceback (most recent call last):
  File "/home/auss/git_repos/samaust/Experiments_4DGS/tests/test_vipe_benchmark_supervisor.py", line 3196, in test_progress_plan047_deadline_steps
    with self.subTest(**case),plan047_state(fixture,Path(temp)/str(index)) as state,contextlib.ExitStack() as stack:
                              ~~~~~~~~~~~~~^^^^^^^^^^^^^^^^^^^^^^^^^^^^^^^
  File "/usr/lib/python3.14/contextlib.py", line 141, in __enter__
    return next(self.gen)
  File "/home/auss/git_repos/samaust/Experiments_4DGS/tests/test_vipe_benchmark_s1_helper_fixtures.py", line 433, in state
    consumer=p.Consumer(reference,cache,lambda:cancelled[0],lambda producer:(binding,1))
  File "/home/auss/git_repos/samaust/Experiments_4DGS/scripts/vipe_benchmark/s1_progress.py", line 815, in __init__
    self.cancelled=cancelled;self.bindings=bindings;self.current={};self.previous={};self.provenance={};self.channel=mailbox(self.context,'owner')
                                                                                                                     ~~~~~~~^^^^^^^^^^^^^^^^^^^^^^
  File "/home/auss/git_repos/samaust/Experiments_4DGS/scripts/vipe_benchmark/s1_progress.py", line 611, in mailbox
    channel=socket.socket(socket.AF_UNIX,socket.SOCK_DGRAM)
  File "/usr/lib/python3.14/socket.py", line 236, in __init__
    _socket.socket.__init__(self, family, type, proto, fileno)
    ~~~~~~~~~~~~~~~~~~~~~~~^^^^^^^^^^^^^^^^^^^^^^^^^^^^^^^^^^^
PermissionError: [Errno 1] Operation not permitted

======================================================================
ERROR: test_progress_plan047_deadline_steps (test_vipe_benchmark_supervisor.HelperSessionTests.test_progress_plan047_deadline_steps) (operation='npz_member', when='equal')
----------------------------------------------------------------------
Traceback (most recent call last):
  File "/home/auss/git_repos/samaust/Experiments_4DGS/tests/test_vipe_benchmark_supervisor.py", line 3196, in test_progress_plan047_deadline_steps
    with self.subTest(**case),plan047_state(fixture,Path(temp)/str(index)) as state,contextlib.ExitStack() as stack:
                              ~~~~~~~~~~~~~^^^^^^^^^^^^^^^^^^^^^^^^^^^^^^^
  File "/usr/lib/python3.14/contextlib.py", line 141, in __enter__
    return next(self.gen)
  File "/home/auss/git_repos/samaust/Experiments_4DGS/tests/test_vipe_benchmark_s1_helper_fixtures.py", line 433, in state
    consumer=p.Consumer(reference,cache,lambda:cancelled[0],lambda producer:(binding,1))
  File "/home/auss/git_repos/samaust/Experiments_4DGS/scripts/vipe_benchmark/s1_progress.py", line 815, in __init__
    self.cancelled=cancelled;self.bindings=bindings;self.current={};self.previous={};self.provenance={};self.channel=mailbox(self.context,'owner')
                                                                                                                     ~~~~~~~^^^^^^^^^^^^^^^^^^^^^^
  File "/home/auss/git_repos/samaust/Experiments_4DGS/scripts/vipe_benchmark/s1_progress.py", line 611, in mailbox
    channel=socket.socket(socket.AF_UNIX,socket.SOCK_DGRAM)
  File "/usr/lib/python3.14/socket.py", line 236, in __init__
    _socket.socket.__init__(self, family, type, proto, fileno)
    ~~~~~~~~~~~~~~~~~~~~~~~^^^^^^^^^^^^^^^^^^^^^^^^^^^^^^^^^^^
PermissionError: [Errno 1] Operation not permitted

======================================================================
ERROR: test_progress_plan047_deadline_steps (test_vipe_benchmark_supervisor.HelperSessionTests.test_progress_plan047_deadline_steps) (operation='npz_member', when='after')
----------------------------------------------------------------------
Traceback (most recent call last):
  File "/home/auss/git_repos/samaust/Experiments_4DGS/tests/test_vipe_benchmark_supervisor.py", line 3196, in test_progress_plan047_deadline_steps
    with self.subTest(**case),plan047_state(fixture,Path(temp)/str(index)) as state,contextlib.ExitStack() as stack:
                              ~~~~~~~~~~~~~^^^^^^^^^^^^^^^^^^^^^^^^^^^^^^^
  File "/usr/lib/python3.14/contextlib.py", line 141, in __enter__
    return next(self.gen)
  File "/home/auss/git_repos/samaust/Experiments_4DGS/tests/test_vipe_benchmark_s1_helper_fixtures.py", line 433, in state
    consumer=p.Consumer(reference,cache,lambda:cancelled[0],lambda producer:(binding,1))
  File "/home/auss/git_repos/samaust/Experiments_4DGS/scripts/vipe_benchmark/s1_progress.py", line 815, in __init__
    self.cancelled=cancelled;self.bindings=bindings;self.current={};self.previous={};self.provenance={};self.channel=mailbox(self.context,'owner')
                                                                                                                     ~~~~~~~^^^^^^^^^^^^^^^^^^^^^^
  File "/home/auss/git_repos/samaust/Experiments_4DGS/scripts/vipe_benchmark/s1_progress.py", line 611, in mailbox
    channel=socket.socket(socket.AF_UNIX,socket.SOCK_DGRAM)
  File "/usr/lib/python3.14/socket.py", line 236, in __init__
    _socket.socket.__init__(self, family, type, proto, fileno)
    ~~~~~~~~~~~~~~~~~~~~~~~^^^^^^^^^^^^^^^^^^^^^^^^^^^^^^^^^^^
PermissionError: [Errno 1] Operation not permitted

======================================================================
ERROR: test_progress_plan047_deadline_steps (test_vipe_benchmark_supervisor.HelperSessionTests.test_progress_plan047_deadline_steps) (operation='npz_finalize', when='before')
----------------------------------------------------------------------
Traceback (most recent call last):
  File "/home/auss/git_repos/samaust/Experiments_4DGS/tests/test_vipe_benchmark_supervisor.py", line 3196, in test_progress_plan047_deadline_steps
    with self.subTest(**case),plan047_state(fixture,Path(temp)/str(index)) as state,contextlib.ExitStack() as stack:
                              ~~~~~~~~~~~~~^^^^^^^^^^^^^^^^^^^^^^^^^^^^^^^
  File "/usr/lib/python3.14/contextlib.py", line 141, in __enter__
    return next(self.gen)
  File "/home/auss/git_repos/samaust/Experiments_4DGS/tests/test_vipe_benchmark_s1_helper_fixtures.py", line 433, in state
    consumer=p.Consumer(reference,cache,lambda:cancelled[0],lambda producer:(binding,1))
  File "/home/auss/git_repos/samaust/Experiments_4DGS/scripts/vipe_benchmark/s1_progress.py", line 815, in __init__
    self.cancelled=cancelled;self.bindings=bindings;self.current={};self.previous={};self.provenance={};self.channel=mailbox(self.context,'owner')
                                                                                                                     ~~~~~~~^^^^^^^^^^^^^^^^^^^^^^
  File "/home/auss/git_repos/samaust/Experiments_4DGS/scripts/vipe_benchmark/s1_progress.py", line 611, in mailbox
    channel=socket.socket(socket.AF_UNIX,socket.SOCK_DGRAM)
  File "/usr/lib/python3.14/socket.py", line 236, in __init__
    _socket.socket.__init__(self, family, type, proto, fileno)
    ~~~~~~~~~~~~~~~~~~~~~~~^^^^^^^^^^^^^^^^^^^^^^^^^^^^^^^^^^^
PermissionError: [Errno 1] Operation not permitted

======================================================================
ERROR: test_progress_plan047_deadline_steps (test_vipe_benchmark_supervisor.HelperSessionTests.test_progress_plan047_deadline_steps) (operation='npz_finalize', when='equal')
----------------------------------------------------------------------
Traceback (most recent call last):
  File "/home/auss/git_repos/samaust/Experiments_4DGS/tests/test_vipe_benchmark_supervisor.py", line 3196, in test_progress_plan047_deadline_steps
    with self.subTest(**case),plan047_state(fixture,Path(temp)/str(index)) as state,contextlib.ExitStack() as stack:
                              ~~~~~~~~~~~~~^^^^^^^^^^^^^^^^^^^^^^^^^^^^^^^
  File "/usr/lib/python3.14/contextlib.py", line 141, in __enter__
    return next(self.gen)
  File "/home/auss/git_repos/samaust/Experiments_4DGS/tests/test_vipe_benchmark_s1_helper_fixtures.py", line 433, in state
    consumer=p.Consumer(reference,cache,lambda:cancelled[0],lambda producer:(binding,1))
  File "/home/auss/git_repos/samaust/Experiments_4DGS/scripts/vipe_benchmark/s1_progress.py", line 815, in __init__
    self.cancelled=cancelled;self.bindings=bindings;self.current={};self.previous={};self.provenance={};self.channel=mailbox(self.context,'owner')
                                                                                                                     ~~~~~~~^^^^^^^^^^^^^^^^^^^^^^
  File "/home/auss/git_repos/samaust/Experiments_4DGS/scripts/vipe_benchmark/s1_progress.py", line 611, in mailbox
    channel=socket.socket(socket.AF_UNIX,socket.SOCK_DGRAM)
  File "/usr/lib/python3.14/socket.py", line 236, in __init__
    _socket.socket.__init__(self, family, type, proto, fileno)
    ~~~~~~~~~~~~~~~~~~~~~~~^^^^^^^^^^^^^^^^^^^^^^^^^^^^^^^^^^^
PermissionError: [Errno 1] Operation not permitted

======================================================================
ERROR: test_progress_plan047_deadline_steps (test_vipe_benchmark_supervisor.HelperSessionTests.test_progress_plan047_deadline_steps) (operation='npz_finalize', when='after')
----------------------------------------------------------------------
Traceback (most recent call last):
  File "/home/auss/git_repos/samaust/Experiments_4DGS/tests/test_vipe_benchmark_supervisor.py", line 3196, in test_progress_plan047_deadline_steps
    with self.subTest(**case),plan047_state(fixture,Path(temp)/str(index)) as state,contextlib.ExitStack() as stack:
                              ~~~~~~~~~~~~~^^^^^^^^^^^^^^^^^^^^^^^^^^^^^^^
  File "/usr/lib/python3.14/contextlib.py", line 141, in __enter__
    return next(self.gen)
  File "/home/auss/git_repos/samaust/Experiments_4DGS/tests/test_vipe_benchmark_s1_helper_fixtures.py", line 433, in state
    consumer=p.Consumer(reference,cache,lambda:cancelled[0],lambda producer:(binding,1))
  File "/home/auss/git_repos/samaust/Experiments_4DGS/scripts/vipe_benchmark/s1_progress.py", line 815, in __init__
    self.cancelled=cancelled;self.bindings=bindings;self.current={};self.previous={};self.provenance={};self.channel=mailbox(self.context,'owner')
                                                                                                                     ~~~~~~~^^^^^^^^^^^^^^^^^^^^^^
  File "/home/auss/git_repos/samaust/Experiments_4DGS/scripts/vipe_benchmark/s1_progress.py", line 611, in mailbox
    channel=socket.socket(socket.AF_UNIX,socket.SOCK_DGRAM)
  File "/usr/lib/python3.14/socket.py", line 236, in __init__
    _socket.socket.__init__(self, family, type, proto, fileno)
    ~~~~~~~~~~~~~~~~~~~~~~~^^^^^^^^^^^^^^^^^^^^^^^^^^^^^^^^^^^
PermissionError: [Errno 1] Operation not permitted

======================================================================
ERROR: test_progress_plan047_deadline_steps (test_vipe_benchmark_supervisor.HelperSessionTests.test_progress_plan047_deadline_steps) (operation='array_hash', when='before')
----------------------------------------------------------------------
Traceback (most recent call last):
  File "/home/auss/git_repos/samaust/Experiments_4DGS/tests/test_vipe_benchmark_supervisor.py", line 3196, in test_progress_plan047_deadline_steps
    with self.subTest(**case),plan047_state(fixture,Path(temp)/str(index)) as state,contextlib.ExitStack() as stack:
                              ~~~~~~~~~~~~~^^^^^^^^^^^^^^^^^^^^^^^^^^^^^^^
  File "/usr/lib/python3.14/contextlib.py", line 141, in __enter__
    return next(self.gen)
  File "/home/auss/git_repos/samaust/Experiments_4DGS/tests/test_vipe_benchmark_s1_helper_fixtures.py", line 433, in state
    consumer=p.Consumer(reference,cache,lambda:cancelled[0],lambda producer:(binding,1))
  File "/home/auss/git_repos/samaust/Experiments_4DGS/scripts/vipe_benchmark/s1_progress.py", line 815, in __init__
    self.cancelled=cancelled;self.bindings=bindings;self.current={};self.previous={};self.provenance={};self.channel=mailbox(self.context,'owner')
                                                                                                                     ~~~~~~~^^^^^^^^^^^^^^^^^^^^^^
  File "/home/auss/git_repos/samaust/Experiments_4DGS/scripts/vipe_benchmark/s1_progress.py", line 611, in mailbox
    channel=socket.socket(socket.AF_UNIX,socket.SOCK_DGRAM)
  File "/usr/lib/python3.14/socket.py", line 236, in __init__
    _socket.socket.__init__(self, family, type, proto, fileno)
    ~~~~~~~~~~~~~~~~~~~~~~~^^^^^^^^^^^^^^^^^^^^^^^^^^^^^^^^^^^
PermissionError: [Errno 1] Operation not permitted

======================================================================
ERROR: test_progress_plan047_deadline_steps (test_vipe_benchmark_supervisor.HelperSessionTests.test_progress_plan047_deadline_steps) (operation='array_hash', when='equal')
----------------------------------------------------------------------
Traceback (most recent call last):
  File "/home/auss/git_repos/samaust/Experiments_4DGS/tests/test_vipe_benchmark_supervisor.py", line 3196, in test_progress_plan047_deadline_steps
    with self.subTest(**case),plan047_state(fixture,Path(temp)/str(index)) as state,contextlib.ExitStack() as stack:
                              ~~~~~~~~~~~~~^^^^^^^^^^^^^^^^^^^^^^^^^^^^^^^
  File "/usr/lib/python3.14/contextlib.py", line 141, in __enter__
    return next(self.gen)
  File "/home/auss/git_repos/samaust/Experiments_4DGS/tests/test_vipe_benchmark_s1_helper_fixtures.py", line 433, in state
    consumer=p.Consumer(reference,cache,lambda:cancelled[0],lambda producer:(binding,1))
  File "/home/auss/git_repos/samaust/Experiments_4DGS/scripts/vipe_benchmark/s1_progress.py", line 815, in __init__
    self.cancelled=cancelled;self.bindings=bindings;self.current={};self.previous={};self.provenance={};self.channel=mailbox(self.context,'owner')
                                                                                                                     ~~~~~~~^^^^^^^^^^^^^^^^^^^^^^
  File "/home/auss/git_repos/samaust/Experiments_4DGS/scripts/vipe_benchmark/s1_progress.py", line 611, in mailbox
    channel=socket.socket(socket.AF_UNIX,socket.SOCK_DGRAM)
  File "/usr/lib/python3.14/socket.py", line 236, in __init__
    _socket.socket.__init__(self, family, type, proto, fileno)
    ~~~~~~~~~~~~~~~~~~~~~~~^^^^^^^^^^^^^^^^^^^^^^^^^^^^^^^^^^^
PermissionError: [Errno 1] Operation not permitted

======================================================================
ERROR: test_progress_plan047_deadline_steps (test_vipe_benchmark_supervisor.HelperSessionTests.test_progress_plan047_deadline_steps) (operation='array_hash', when='after')
----------------------------------------------------------------------
Traceback (most recent call last):
  File "/home/auss/git_repos/samaust/Experiments_4DGS/tests/test_vipe_benchmark_supervisor.py", line 3196, in test_progress_plan047_deadline_steps
    with self.subTest(**case),plan047_state(fixture,Path(temp)/str(index)) as state,contextlib.ExitStack() as stack:
                              ~~~~~~~~~~~~~^^^^^^^^^^^^^^^^^^^^^^^^^^^^^^^
  File "/usr/lib/python3.14/contextlib.py", line 141, in __enter__
    return next(self.gen)
  File "/home/auss/git_repos/samaust/Experiments_4DGS/tests/test_vipe_benchmark_s1_helper_fixtures.py", line 433, in state
    consumer=p.Consumer(reference,cache,lambda:cancelled[0],lambda producer:(binding,1))
  File "/home/auss/git_repos/samaust/Experiments_4DGS/scripts/vipe_benchmark/s1_progress.py", line 815, in __init__
    self.cancelled=cancelled;self.bindings=bindings;self.current={};self.previous={};self.provenance={};self.channel=mailbox(self.context,'owner')
                                                                                                                     ~~~~~~~^^^^^^^^^^^^^^^^^^^^^^
  File "/home/auss/git_repos/samaust/Experiments_4DGS/scripts/vipe_benchmark/s1_progress.py", line 611, in mailbox
    channel=socket.socket(socket.AF_UNIX,socket.SOCK_DGRAM)
  File "/usr/lib/python3.14/socket.py", line 236, in __init__
    _socket.socket.__init__(self, family, type, proto, fileno)
    ~~~~~~~~~~~~~~~~~~~~~~~^^^^^^^^^^^^^^^^^^^^^^^^^^^^^^^^^^^
PermissionError: [Errno 1] Operation not permitted

======================================================================
ERROR: test_progress_plan047_deadline_steps (test_vipe_benchmark_supervisor.HelperSessionTests.test_progress_plan047_deadline_steps) (operation='produced_json', when='before')
----------------------------------------------------------------------
Traceback (most recent call last):
  File "/home/auss/git_repos/samaust/Experiments_4DGS/tests/test_vipe_benchmark_supervisor.py", line 3196, in test_progress_plan047_deadline_steps
    with self.subTest(**case),plan047_state(fixture,Path(temp)/str(index)) as state,contextlib.ExitStack() as stack:
                              ~~~~~~~~~~~~~^^^^^^^^^^^^^^^^^^^^^^^^^^^^^^^
  File "/usr/lib/python3.14/contextlib.py", line 141, in __enter__
    return next(self.gen)
  File "/home/auss/git_repos/samaust/Experiments_4DGS/tests/test_vipe_benchmark_s1_helper_fixtures.py", line 433, in state
    consumer=p.Consumer(reference,cache,lambda:cancelled[0],lambda producer:(binding,1))
  File "/home/auss/git_repos/samaust/Experiments_4DGS/scripts/vipe_benchmark/s1_progress.py", line 815, in __init__
    self.cancelled=cancelled;self.bindings=bindings;self.current={};self.previous={};self.provenance={};self.channel=mailbox(self.context,'owner')
                                                                                                                     ~~~~~~~^^^^^^^^^^^^^^^^^^^^^^
  File "/home/auss/git_repos/samaust/Experiments_4DGS/scripts/vipe_benchmark/s1_progress.py", line 611, in mailbox
    channel=socket.socket(socket.AF_UNIX,socket.SOCK_DGRAM)
  File "/usr/lib/python3.14/socket.py", line 236, in __init__
    _socket.socket.__init__(self, family, type, proto, fileno)
    ~~~~~~~~~~~~~~~~~~~~~~~^^^^^^^^^^^^^^^^^^^^^^^^^^^^^^^^^^^
PermissionError: [Errno 1] Operation not permitted

======================================================================
ERROR: test_progress_plan047_deadline_steps (test_vipe_benchmark_supervisor.HelperSessionTests.test_progress_plan047_deadline_steps) (operation='produced_json', when='equal')
----------------------------------------------------------------------
Traceback (most recent call last):
  File "/home/auss/git_repos/samaust/Experiments_4DGS/tests/test_vipe_benchmark_supervisor.py", line 3196, in test_progress_plan047_deadline_steps
    with self.subTest(**case),plan047_state(fixture,Path(temp)/str(index)) as state,contextlib.ExitStack() as stack:
                              ~~~~~~~~~~~~~^^^^^^^^^^^^^^^^^^^^^^^^^^^^^^^
  File "/usr/lib/python3.14/contextlib.py", line 141, in __enter__
    return next(self.gen)
  File "/home/auss/git_repos/samaust/Experiments_4DGS/tests/test_vipe_benchmark_s1_helper_fixtures.py", line 433, in state
    consumer=p.Consumer(reference,cache,lambda:cancelled[0],lambda producer:(binding,1))
  File "/home/auss/git_repos/samaust/Experiments_4DGS/scripts/vipe_benchmark/s1_progress.py", line 815, in __init__
    self.cancelled=cancelled;self.bindings=bindings;self.current={};self.previous={};self.provenance={};self.channel=mailbox(self.context,'owner')
                                                                                                                     ~~~~~~~^^^^^^^^^^^^^^^^^^^^^^
  File "/home/auss/git_repos/samaust/Experiments_4DGS/scripts/vipe_benchmark/s1_progress.py", line 611, in mailbox
    channel=socket.socket(socket.AF_UNIX,socket.SOCK_DGRAM)
  File "/usr/lib/python3.14/socket.py", line 236, in __init__
    _socket.socket.__init__(self, family, type, proto, fileno)
    ~~~~~~~~~~~~~~~~~~~~~~~^^^^^^^^^^^^^^^^^^^^^^^^^^^^^^^^^^^
PermissionError: [Errno 1] Operation not permitted

======================================================================
ERROR: test_progress_plan047_deadline_steps (test_vipe_benchmark_supervisor.HelperSessionTests.test_progress_plan047_deadline_steps) (operation='produced_json', when='after')
----------------------------------------------------------------------
Traceback (most recent call last):
  File "/home/auss/git_repos/samaust/Experiments_4DGS/tests/test_vipe_benchmark_supervisor.py", line 3196, in test_progress_plan047_deadline_steps
    with self.subTest(**case),plan047_state(fixture,Path(temp)/str(index)) as state,contextlib.ExitStack() as stack:
                              ~~~~~~~~~~~~~^^^^^^^^^^^^^^^^^^^^^^^^^^^^^^^
  File "/usr/lib/python3.14/contextlib.py", line 141, in __enter__
    return next(self.gen)
  File "/home/auss/git_repos/samaust/Experiments_4DGS/tests/test_vipe_benchmark_s1_helper_fixtures.py", line 433, in state
    consumer=p.Consumer(reference,cache,lambda:cancelled[0],lambda producer:(binding,1))
  File "/home/auss/git_repos/samaust/Experiments_4DGS/scripts/vipe_benchmark/s1_progress.py", line 815, in __init__
    self.cancelled=cancelled;self.bindings=bindings;self.current={};self.previous={};self.provenance={};self.channel=mailbox(self.context,'owner')
                                                                                                                     ~~~~~~~^^^^^^^^^^^^^^^^^^^^^^
  File "/home/auss/git_repos/samaust/Experiments_4DGS/scripts/vipe_benchmark/s1_progress.py", line 611, in mailbox
    channel=socket.socket(socket.AF_UNIX,socket.SOCK_DGRAM)
  File "/usr/lib/python3.14/socket.py", line 236, in __init__
    _socket.socket.__init__(self, family, type, proto, fileno)
    ~~~~~~~~~~~~~~~~~~~~~~~^^^^^^^^^^^^^^^^^^^^^^^^^^^^^^^^^^^
PermissionError: [Errno 1] Operation not permitted

======================================================================
ERROR: test_progress_plan047_deadline_steps (test_vipe_benchmark_supervisor.HelperSessionTests.test_progress_plan047_deadline_steps) (operation='produced_read', when='before')
----------------------------------------------------------------------
Traceback (most recent call last):
  File "/home/auss/git_repos/samaust/Experiments_4DGS/tests/test_vipe_benchmark_supervisor.py", line 3196, in test_progress_plan047_deadline_steps
    with self.subTest(**case),plan047_state(fixture,Path(temp)/str(index)) as state,contextlib.ExitStack() as stack:
                              ~~~~~~~~~~~~~^^^^^^^^^^^^^^^^^^^^^^^^^^^^^^^
  File "/usr/lib/python3.14/contextlib.py", line 141, in __enter__
    return next(self.gen)
  File "/home/auss/git_repos/samaust/Experiments_4DGS/tests/test_vipe_benchmark_s1_helper_fixtures.py", line 433, in state
    consumer=p.Consumer(reference,cache,lambda:cancelled[0],lambda producer:(binding,1))
  File "/home/auss/git_repos/samaust/Experiments_4DGS/scripts/vipe_benchmark/s1_progress.py", line 815, in __init__
    self.cancelled=cancelled;self.bindings=bindings;self.current={};self.previous={};self.provenance={};self.channel=mailbox(self.context,'owner')
                                                                                                                     ~~~~~~~^^^^^^^^^^^^^^^^^^^^^^
  File "/home/auss/git_repos/samaust/Experiments_4DGS/scripts/vipe_benchmark/s1_progress.py", line 611, in mailbox
    channel=socket.socket(socket.AF_UNIX,socket.SOCK_DGRAM)
  File "/usr/lib/python3.14/socket.py", line 236, in __init__
    _socket.socket.__init__(self, family, type, proto, fileno)
    ~~~~~~~~~~~~~~~~~~~~~~~^^^^^^^^^^^^^^^^^^^^^^^^^^^^^^^^^^^
PermissionError: [Errno 1] Operation not permitted

======================================================================
ERROR: test_progress_plan047_deadline_steps (test_vipe_benchmark_supervisor.HelperSessionTests.test_progress_plan047_deadline_steps) (operation='produced_read', when='equal')
----------------------------------------------------------------------
Traceback (most recent call last):
  File "/home/auss/git_repos/samaust/Experiments_4DGS/tests/test_vipe_benchmark_supervisor.py", line 3196, in test_progress_plan047_deadline_steps
    with self.subTest(**case),plan047_state(fixture,Path(temp)/str(index)) as state,contextlib.ExitStack() as stack:
                              ~~~~~~~~~~~~~^^^^^^^^^^^^^^^^^^^^^^^^^^^^^^^
  File "/usr/lib/python3.14/contextlib.py", line 141, in __enter__
    return next(self.gen)
  File "/home/auss/git_repos/samaust/Experiments_4DGS/tests/test_vipe_benchmark_s1_helper_fixtures.py", line 433, in state
    consumer=p.Consumer(reference,cache,lambda:cancelled[0],lambda producer:(binding,1))
  File "/home/auss/git_repos/samaust/Experiments_4DGS/scripts/vipe_benchmark/s1_progress.py", line 815, in __init__
    self.cancelled=cancelled;self.bindings=bindings;self.current={};self.previous={};self.provenance={};self.channel=mailbox(self.context,'owner')
                                                                                                                     ~~~~~~~^^^^^^^^^^^^^^^^^^^^^^
  File "/home/auss/git_repos/samaust/Experiments_4DGS/scripts/vipe_benchmark/s1_progress.py", line 611, in mailbox
    channel=socket.socket(socket.AF_UNIX,socket.SOCK_DGRAM)
  File "/usr/lib/python3.14/socket.py", line 236, in __init__
    _socket.socket.__init__(self, family, type, proto, fileno)
    ~~~~~~~~~~~~~~~~~~~~~~~^^^^^^^^^^^^^^^^^^^^^^^^^^^^^^^^^^^
PermissionError: [Errno 1] Operation not permitted

======================================================================
ERROR: test_progress_plan047_deadline_steps (test_vipe_benchmark_supervisor.HelperSessionTests.test_progress_plan047_deadline_steps) (operation='produced_read', when='after')
----------------------------------------------------------------------
Traceback (most recent call last):
  File "/home/auss/git_repos/samaust/Experiments_4DGS/tests/test_vipe_benchmark_supervisor.py", line 3196, in test_progress_plan047_deadline_steps
    with self.subTest(**case),plan047_state(fixture,Path(temp)/str(index)) as state,contextlib.ExitStack() as stack:
                              ~~~~~~~~~~~~~^^^^^^^^^^^^^^^^^^^^^^^^^^^^^^^
  File "/usr/lib/python3.14/contextlib.py", line 141, in __enter__
    return next(self.gen)
  File "/home/auss/git_repos/samaust/Experiments_4DGS/tests/test_vipe_benchmark_s1_helper_fixtures.py", line 433, in state
    consumer=p.Consumer(reference,cache,lambda:cancelled[0],lambda producer:(binding,1))
  File "/home/auss/git_repos/samaust/Experiments_4DGS/scripts/vipe_benchmark/s1_progress.py", line 815, in __init__
    self.cancelled=cancelled;self.bindings=bindings;self.current={};self.previous={};self.provenance={};self.channel=mailbox(self.context,'owner')
                                                                                                                     ~~~~~~~^^^^^^^^^^^^^^^^^^^^^^
  File "/home/auss/git_repos/samaust/Experiments_4DGS/scripts/vipe_benchmark/s1_progress.py", line 611, in mailbox
    channel=socket.socket(socket.AF_UNIX,socket.SOCK_DGRAM)
  File "/usr/lib/python3.14/socket.py", line 236, in __init__
    _socket.socket.__init__(self, family, type, proto, fileno)
    ~~~~~~~~~~~~~~~~~~~~~~~^^^^^^^^^^^^^^^^^^^^^^^^^^^^^^^^^^^
PermissionError: [Errno 1] Operation not permitted

======================================================================
ERROR: test_progress_plan047_deadline_steps (test_vipe_benchmark_supervisor.HelperSessionTests.test_progress_plan047_deadline_steps) (operation='produced_guard', when='before')
----------------------------------------------------------------------
Traceback (most recent call last):
  File "/home/auss/git_repos/samaust/Experiments_4DGS/tests/test_vipe_benchmark_supervisor.py", line 3196, in test_progress_plan047_deadline_steps
    with self.subTest(**case),plan047_state(fixture,Path(temp)/str(index)) as state,contextlib.ExitStack() as stack:
                              ~~~~~~~~~~~~~^^^^^^^^^^^^^^^^^^^^^^^^^^^^^^^
  File "/usr/lib/python3.14/contextlib.py", line 141, in __enter__
    return next(self.gen)
  File "/home/auss/git_repos/samaust/Experiments_4DGS/tests/test_vipe_benchmark_s1_helper_fixtures.py", line 433, in state
    consumer=p.Consumer(reference,cache,lambda:cancelled[0],lambda producer:(binding,1))
  File "/home/auss/git_repos/samaust/Experiments_4DGS/scripts/vipe_benchmark/s1_progress.py", line 815, in __init__
    self.cancelled=cancelled;self.bindings=bindings;self.current={};self.previous={};self.provenance={};self.channel=mailbox(self.context,'owner')
                                                                                                                     ~~~~~~~^^^^^^^^^^^^^^^^^^^^^^
  File "/home/auss/git_repos/samaust/Experiments_4DGS/scripts/vipe_benchmark/s1_progress.py", line 611, in mailbox
    channel=socket.socket(socket.AF_UNIX,socket.SOCK_DGRAM)
  File "/usr/lib/python3.14/socket.py", line 236, in __init__
    _socket.socket.__init__(self, family, type, proto, fileno)
    ~~~~~~~~~~~~~~~~~~~~~~~^^^^^^^^^^^^^^^^^^^^^^^^^^^^^^^^^^^
PermissionError: [Errno 1] Operation not permitted

======================================================================
ERROR: test_progress_plan047_deadline_steps (test_vipe_benchmark_supervisor.HelperSessionTests.test_progress_plan047_deadline_steps) (operation='produced_guard', when='equal')
----------------------------------------------------------------------
Traceback (most recent call last):
  File "/home/auss/git_repos/samaust/Experiments_4DGS/tests/test_vipe_benchmark_supervisor.py", line 3196, in test_progress_plan047_deadline_steps
    with self.subTest(**case),plan047_state(fixture,Path(temp)/str(index)) as state,contextlib.ExitStack() as stack:
                              ~~~~~~~~~~~~~^^^^^^^^^^^^^^^^^^^^^^^^^^^^^^^
  File "/usr/lib/python3.14/contextlib.py", line 141, in __enter__
    return next(self.gen)
  File "/home/auss/git_repos/samaust/Experiments_4DGS/tests/test_vipe_benchmark_s1_helper_fixtures.py", line 433, in state
    consumer=p.Consumer(reference,cache,lambda:cancelled[0],lambda producer:(binding,1))
  File "/home/auss/git_repos/samaust/Experiments_4DGS/scripts/vipe_benchmark/s1_progress.py", line 815, in __init__
    self.cancelled=cancelled;self.bindings=bindings;self.current={};self.previous={};self.provenance={};self.channel=mailbox(self.context,'owner')
                                                                                                                     ~~~~~~~^^^^^^^^^^^^^^^^^^^^^^
  File "/home/auss/git_repos/samaust/Experiments_4DGS/scripts/vipe_benchmark/s1_progress.py", line 611, in mailbox
    channel=socket.socket(socket.AF_UNIX,socket.SOCK_DGRAM)
  File "/usr/lib/python3.14/socket.py", line 236, in __init__
    _socket.socket.__init__(self, family, type, proto, fileno)
    ~~~~~~~~~~~~~~~~~~~~~~~^^^^^^^^^^^^^^^^^^^^^^^^^^^^^^^^^^^
PermissionError: [Errno 1] Operation not permitted

======================================================================
ERROR: test_progress_plan047_deadline_steps (test_vipe_benchmark_supervisor.HelperSessionTests.test_progress_plan047_deadline_steps) (operation='produced_guard', when='after')
----------------------------------------------------------------------
Traceback (most recent call last):
  File "/home/auss/git_repos/samaust/Experiments_4DGS/tests/test_vipe_benchmark_supervisor.py", line 3196, in test_progress_plan047_deadline_steps
    with self.subTest(**case),plan047_state(fixture,Path(temp)/str(index)) as state,contextlib.ExitStack() as stack:
                              ~~~~~~~~~~~~~^^^^^^^^^^^^^^^^^^^^^^^^^^^^^^^
  File "/usr/lib/python3.14/contextlib.py", line 141, in __enter__
    return next(self.gen)
  File "/home/auss/git_repos/samaust/Experiments_4DGS/tests/test_vipe_benchmark_s1_helper_fixtures.py", line 433, in state
    consumer=p.Consumer(reference,cache,lambda:cancelled[0],lambda producer:(binding,1))
  File "/home/auss/git_repos/samaust/Experiments_4DGS/scripts/vipe_benchmark/s1_progress.py", line 815, in __init__
    self.cancelled=cancelled;self.bindings=bindings;self.current={};self.previous={};self.provenance={};self.channel=mailbox(self.context,'owner')
                                                                                                                     ~~~~~~~^^^^^^^^^^^^^^^^^^^^^^
  File "/home/auss/git_repos/samaust/Experiments_4DGS/scripts/vipe_benchmark/s1_progress.py", line 611, in mailbox
    channel=socket.socket(socket.AF_UNIX,socket.SOCK_DGRAM)
  File "/usr/lib/python3.14/socket.py", line 236, in __init__
    _socket.socket.__init__(self, family, type, proto, fileno)
    ~~~~~~~~~~~~~~~~~~~~~~~^^^^^^^^^^^^^^^^^^^^^^^^^^^^^^^^^^^
PermissionError: [Errno 1] Operation not permitted

======================================================================
ERROR: test_progress_plan047_deadline_steps (test_vipe_benchmark_supervisor.HelperSessionTests.test_progress_plan047_deadline_steps) (operation='qualified_guard', when='before')
----------------------------------------------------------------------
Traceback (most recent call last):
  File "/home/auss/git_repos/samaust/Experiments_4DGS/tests/test_vipe_benchmark_supervisor.py", line 3196, in test_progress_plan047_deadline_steps
    with self.subTest(**case),plan047_state(fixture,Path(temp)/str(index)) as state,contextlib.ExitStack() as stack:
                              ~~~~~~~~~~~~~^^^^^^^^^^^^^^^^^^^^^^^^^^^^^^^
  File "/usr/lib/python3.14/contextlib.py", line 141, in __enter__
    return next(self.gen)
  File "/home/auss/git_repos/samaust/Experiments_4DGS/tests/test_vipe_benchmark_s1_helper_fixtures.py", line 433, in state
    consumer=p.Consumer(reference,cache,lambda:cancelled[0],lambda producer:(binding,1))
  File "/home/auss/git_repos/samaust/Experiments_4DGS/scripts/vipe_benchmark/s1_progress.py", line 815, in __init__
    self.cancelled=cancelled;self.bindings=bindings;self.current={};self.previous={};self.provenance={};self.channel=mailbox(self.context,'owner')
                                                                                                                     ~~~~~~~^^^^^^^^^^^^^^^^^^^^^^
  File "/home/auss/git_repos/samaust/Experiments_4DGS/scripts/vipe_benchmark/s1_progress.py", line 611, in mailbox
    channel=socket.socket(socket.AF_UNIX,socket.SOCK_DGRAM)
  File "/usr/lib/python3.14/socket.py", line 236, in __init__
    _socket.socket.__init__(self, family, type, proto, fileno)
    ~~~~~~~~~~~~~~~~~~~~~~~^^^^^^^^^^^^^^^^^^^^^^^^^^^^^^^^^^^
PermissionError: [Errno 1] Operation not permitted

======================================================================
ERROR: test_progress_plan047_deadline_steps (test_vipe_benchmark_supervisor.HelperSessionTests.test_progress_plan047_deadline_steps) (operation='qualified_guard', when='equal')
----------------------------------------------------------------------
Traceback (most recent call last):
  File "/home/auss/git_repos/samaust/Experiments_4DGS/tests/test_vipe_benchmark_supervisor.py", line 3196, in test_progress_plan047_deadline_steps
    with self.subTest(**case),plan047_state(fixture,Path(temp)/str(index)) as state,contextlib.ExitStack() as stack:
                              ~~~~~~~~~~~~~^^^^^^^^^^^^^^^^^^^^^^^^^^^^^^^
  File "/usr/lib/python3.14/contextlib.py", line 141, in __enter__
    return next(self.gen)
  File "/home/auss/git_repos/samaust/Experiments_4DGS/tests/test_vipe_benchmark_s1_helper_fixtures.py", line 433, in state
    consumer=p.Consumer(reference,cache,lambda:cancelled[0],lambda producer:(binding,1))
  File "/home/auss/git_repos/samaust/Experiments_4DGS/scripts/vipe_benchmark/s1_progress.py", line 815, in __init__
    self.cancelled=cancelled;self.bindings=bindings;self.current={};self.previous={};self.provenance={};self.channel=mailbox(self.context,'owner')
                                                                                                                     ~~~~~~~^^^^^^^^^^^^^^^^^^^^^^
  File "/home/auss/git_repos/samaust/Experiments_4DGS/scripts/vipe_benchmark/s1_progress.py", line 611, in mailbox
    channel=socket.socket(socket.AF_UNIX,socket.SOCK_DGRAM)
  File "/usr/lib/python3.14/socket.py", line 236, in __init__
    _socket.socket.__init__(self, family, type, proto, fileno)
    ~~~~~~~~~~~~~~~~~~~~~~~^^^^^^^^^^^^^^^^^^^^^^^^^^^^^^^^^^^
PermissionError: [Errno 1] Operation not permitted

======================================================================
ERROR: test_progress_plan047_deadline_steps (test_vipe_benchmark_supervisor.HelperSessionTests.test_progress_plan047_deadline_steps) (operation='qualified_guard', when='after')
----------------------------------------------------------------------
Traceback (most recent call last):
  File "/home/auss/git_repos/samaust/Experiments_4DGS/tests/test_vipe_benchmark_supervisor.py", line 3196, in test_progress_plan047_deadline_steps
    with self.subTest(**case),plan047_state(fixture,Path(temp)/str(index)) as state,contextlib.ExitStack() as stack:
                              ~~~~~~~~~~~~~^^^^^^^^^^^^^^^^^^^^^^^^^^^^^^^
  File "/usr/lib/python3.14/contextlib.py", line 141, in __enter__
    return next(self.gen)
  File "/home/auss/git_repos/samaust/Experiments_4DGS/tests/test_vipe_benchmark_s1_helper_fixtures.py", line 433, in state
    consumer=p.Consumer(reference,cache,lambda:cancelled[0],lambda producer:(binding,1))
  File "/home/auss/git_repos/samaust/Experiments_4DGS/scripts/vipe_benchmark/s1_progress.py", line 815, in __init__
    self.cancelled=cancelled;self.bindings=bindings;self.current={};self.previous={};self.provenance={};self.channel=mailbox(self.context,'owner')
                                                                                                                     ~~~~~~~^^^^^^^^^^^^^^^^^^^^^^
  File "/home/auss/git_repos/samaust/Experiments_4DGS/scripts/vipe_benchmark/s1_progress.py", line 611, in mailbox
    channel=socket.socket(socket.AF_UNIX,socket.SOCK_DGRAM)
  File "/usr/lib/python3.14/socket.py", line 236, in __init__
    _socket.socket.__init__(self, family, type, proto, fileno)
    ~~~~~~~~~~~~~~~~~~~~~~~^^^^^^^^^^^^^^^^^^^^^^^^^^^^^^^^^^^
PermissionError: [Errno 1] Operation not permitted

======================================================================
ERROR: test_progress_plan047_deadline_steps (test_vipe_benchmark_supervisor.HelperSessionTests.test_progress_plan047_deadline_steps) (operation='first_guard', when='before')
----------------------------------------------------------------------
Traceback (most recent call last):
  File "/home/auss/git_repos/samaust/Experiments_4DGS/tests/test_vipe_benchmark_supervisor.py", line 3196, in test_progress_plan047_deadline_steps
    with self.subTest(**case),plan047_state(fixture,Path(temp)/str(index)) as state,contextlib.ExitStack() as stack:
                              ~~~~~~~~~~~~~^^^^^^^^^^^^^^^^^^^^^^^^^^^^^^^
  File "/usr/lib/python3.14/contextlib.py", line 141, in __enter__
    return next(self.gen)
  File "/home/auss/git_repos/samaust/Experiments_4DGS/tests/test_vipe_benchmark_s1_helper_fixtures.py", line 433, in state
    consumer=p.Consumer(reference,cache,lambda:cancelled[0],lambda producer:(binding,1))
  File "/home/auss/git_repos/samaust/Experiments_4DGS/scripts/vipe_benchmark/s1_progress.py", line 815, in __init__
    self.cancelled=cancelled;self.bindings=bindings;self.current={};self.previous={};self.provenance={};self.channel=mailbox(self.context,'owner')
                                                                                                                     ~~~~~~~^^^^^^^^^^^^^^^^^^^^^^
  File "/home/auss/git_repos/samaust/Experiments_4DGS/scripts/vipe_benchmark/s1_progress.py", line 611, in mailbox
    channel=socket.socket(socket.AF_UNIX,socket.SOCK_DGRAM)
  File "/usr/lib/python3.14/socket.py", line 236, in __init__
    _socket.socket.__init__(self, family, type, proto, fileno)
    ~~~~~~~~~~~~~~~~~~~~~~~^^^^^^^^^^^^^^^^^^^^^^^^^^^^^^^^^^^
PermissionError: [Errno 1] Operation not permitted

======================================================================
ERROR: test_progress_plan047_deadline_steps (test_vipe_benchmark_supervisor.HelperSessionTests.test_progress_plan047_deadline_steps) (operation='first_guard', when='equal')
----------------------------------------------------------------------
Traceback (most recent call last):
  File "/home/auss/git_repos/samaust/Experiments_4DGS/tests/test_vipe_benchmark_supervisor.py", line 3196, in test_progress_plan047_deadline_steps
    with self.subTest(**case),plan047_state(fixture,Path(temp)/str(index)) as state,contextlib.ExitStack() as stack:
                              ~~~~~~~~~~~~~^^^^^^^^^^^^^^^^^^^^^^^^^^^^^^^
  File "/usr/lib/python3.14/contextlib.py", line 141, in __enter__
    return next(self.gen)
  File "/home/auss/git_repos/samaust/Experiments_4DGS/tests/test_vipe_benchmark_s1_helper_fixtures.py", line 433, in state
    consumer=p.Consumer(reference,cache,lambda:cancelled[0],lambda producer:(binding,1))
  File "/home/auss/git_repos/samaust/Experiments_4DGS/scripts/vipe_benchmark/s1_progress.py", line 815, in __init__
    self.cancelled=cancelled;self.bindings=bindings;self.current={};self.previous={};self.provenance={};self.channel=mailbox(self.context,'owner')
                                                                                                                     ~~~~~~~^^^^^^^^^^^^^^^^^^^^^^
  File "/home/auss/git_repos/samaust/Experiments_4DGS/scripts/vipe_benchmark/s1_progress.py", line 611, in mailbox
    channel=socket.socket(socket.AF_UNIX,socket.SOCK_DGRAM)
  File "/usr/lib/python3.14/socket.py", line 236, in __init__
    _socket.socket.__init__(self, family, type, proto, fileno)
    ~~~~~~~~~~~~~~~~~~~~~~~^^^^^^^^^^^^^^^^^^^^^^^^^^^^^^^^^^^
PermissionError: [Errno 1] Operation not permitted

======================================================================
ERROR: test_progress_plan047_deadline_steps (test_vipe_benchmark_supervisor.HelperSessionTests.test_progress_plan047_deadline_steps) (operation='first_guard', when='after')
----------------------------------------------------------------------
Traceback (most recent call last):
  File "/home/auss/git_repos/samaust/Experiments_4DGS/tests/test_vipe_benchmark_supervisor.py", line 3196, in test_progress_plan047_deadline_steps
    with self.subTest(**case),plan047_state(fixture,Path(temp)/str(index)) as state,contextlib.ExitStack() as stack:
                              ~~~~~~~~~~~~~^^^^^^^^^^^^^^^^^^^^^^^^^^^^^^^
  File "/usr/lib/python3.14/contextlib.py", line 141, in __enter__
    return next(self.gen)
  File "/home/auss/git_repos/samaust/Experiments_4DGS/tests/test_vipe_benchmark_s1_helper_fixtures.py", line 433, in state
    consumer=p.Consumer(reference,cache,lambda:cancelled[0],lambda producer:(binding,1))
  File "/home/auss/git_repos/samaust/Experiments_4DGS/scripts/vipe_benchmark/s1_progress.py", line 815, in __init__
    self.cancelled=cancelled;self.bindings=bindings;self.current={};self.previous={};self.provenance={};self.channel=mailbox(self.context,'owner')
                                                                                                                     ~~~~~~~^^^^^^^^^^^^^^^^^^^^^^
  File "/home/auss/git_repos/samaust/Experiments_4DGS/scripts/vipe_benchmark/s1_progress.py", line 611, in mailbox
    channel=socket.socket(socket.AF_UNIX,socket.SOCK_DGRAM)
  File "/usr/lib/python3.14/socket.py", line 236, in __init__
    _socket.socket.__init__(self, family, type, proto, fileno)
    ~~~~~~~~~~~~~~~~~~~~~~~^^^^^^^^^^^^^^^^^^^^^^^^^^^^^^^^^^^
PermissionError: [Errno 1] Operation not permitted

======================================================================
ERROR: test_progress_plan047_deadline_steps (test_vipe_benchmark_supervisor.HelperSessionTests.test_progress_plan047_deadline_steps) (operation='runtime_guard', when='before')
----------------------------------------------------------------------
Traceback (most recent call last):
  File "/home/auss/git_repos/samaust/Experiments_4DGS/tests/test_vipe_benchmark_supervisor.py", line 3196, in test_progress_plan047_deadline_steps
    with self.subTest(**case),plan047_state(fixture,Path(temp)/str(index)) as state,contextlib.ExitStack() as stack:
                              ~~~~~~~~~~~~~^^^^^^^^^^^^^^^^^^^^^^^^^^^^^^^
  File "/usr/lib/python3.14/contextlib.py", line 141, in __enter__
    return next(self.gen)
  File "/home/auss/git_repos/samaust/Experiments_4DGS/tests/test_vipe_benchmark_s1_helper_fixtures.py", line 433, in state
    consumer=p.Consumer(reference,cache,lambda:cancelled[0],lambda producer:(binding,1))
  File "/home/auss/git_repos/samaust/Experiments_4DGS/scripts/vipe_benchmark/s1_progress.py", line 815, in __init__
    self.cancelled=cancelled;self.bindings=bindings;self.current={};self.previous={};self.provenance={};self.channel=mailbox(self.context,'owner')
                                                                                                                     ~~~~~~~^^^^^^^^^^^^^^^^^^^^^^
  File "/home/auss/git_repos/samaust/Experiments_4DGS/scripts/vipe_benchmark/s1_progress.py", line 611, in mailbox
    channel=socket.socket(socket.AF_UNIX,socket.SOCK_DGRAM)
  File "/usr/lib/python3.14/socket.py", line 236, in __init__
    _socket.socket.__init__(self, family, type, proto, fileno)
    ~~~~~~~~~~~~~~~~~~~~~~~^^^^^^^^^^^^^^^^^^^^^^^^^^^^^^^^^^^
PermissionError: [Errno 1] Operation not permitted

======================================================================
ERROR: test_progress_plan047_deadline_steps (test_vipe_benchmark_supervisor.HelperSessionTests.test_progress_plan047_deadline_steps) (operation='runtime_guard', when='equal')
----------------------------------------------------------------------
Traceback (most recent call last):
  File "/home/auss/git_repos/samaust/Experiments_4DGS/tests/test_vipe_benchmark_supervisor.py", line 3196, in test_progress_plan047_deadline_steps
    with self.subTest(**case),plan047_state(fixture,Path(temp)/str(index)) as state,contextlib.ExitStack() as stack:
                              ~~~~~~~~~~~~~^^^^^^^^^^^^^^^^^^^^^^^^^^^^^^^
  File "/usr/lib/python3.14/contextlib.py", line 141, in __enter__
    return next(self.gen)
  File "/home/auss/git_repos/samaust/Experiments_4DGS/tests/test_vipe_benchmark_s1_helper_fixtures.py", line 433, in state
    consumer=p.Consumer(reference,cache,lambda:cancelled[0],lambda producer:(binding,1))
  File "/home/auss/git_repos/samaust/Experiments_4DGS/scripts/vipe_benchmark/s1_progress.py", line 815, in __init__
    self.cancelled=cancelled;self.bindings=bindings;self.current={};self.previous={};self.provenance={};self.channel=mailbox(self.context,'owner')
                                                                                                                     ~~~~~~~^^^^^^^^^^^^^^^^^^^^^^
  File "/home/auss/git_repos/samaust/Experiments_4DGS/scripts/vipe_benchmark/s1_progress.py", line 611, in mailbox
    channel=socket.socket(socket.AF_UNIX,socket.SOCK_DGRAM)
  File "/usr/lib/python3.14/socket.py", line 236, in __init__
    _socket.socket.__init__(self, family, type, proto, fileno)
    ~~~~~~~~~~~~~~~~~~~~~~~^^^^^^^^^^^^^^^^^^^^^^^^^^^^^^^^^^^
PermissionError: [Errno 1] Operation not permitted

======================================================================
ERROR: test_progress_plan047_deadline_steps (test_vipe_benchmark_supervisor.HelperSessionTests.test_progress_plan047_deadline_steps) (operation='runtime_guard', when='after')
----------------------------------------------------------------------
Traceback (most recent call last):
  File "/home/auss/git_repos/samaust/Experiments_4DGS/tests/test_vipe_benchmark_supervisor.py", line 3196, in test_progress_plan047_deadline_steps
    with self.subTest(**case),plan047_state(fixture,Path(temp)/str(index)) as state,contextlib.ExitStack() as stack:
                              ~~~~~~~~~~~~~^^^^^^^^^^^^^^^^^^^^^^^^^^^^^^^
  File "/usr/lib/python3.14/contextlib.py", line 141, in __enter__
    return next(self.gen)
  File "/home/auss/git_repos/samaust/Experiments_4DGS/tests/test_vipe_benchmark_s1_helper_fixtures.py", line 433, in state
    consumer=p.Consumer(reference,cache,lambda:cancelled[0],lambda producer:(binding,1))
  File "/home/auss/git_repos/samaust/Experiments_4DGS/scripts/vipe_benchmark/s1_progress.py", line 815, in __init__
    self.cancelled=cancelled;self.bindings=bindings;self.current={};self.previous={};self.provenance={};self.channel=mailbox(self.context,'owner')
                                                                                                                     ~~~~~~~^^^^^^^^^^^^^^^^^^^^^^
  File "/home/auss/git_repos/samaust/Experiments_4DGS/scripts/vipe_benchmark/s1_progress.py", line 611, in mailbox
    channel=socket.socket(socket.AF_UNIX,socket.SOCK_DGRAM)
  File "/usr/lib/python3.14/socket.py", line 236, in __init__
    _socket.socket.__init__(self, family, type, proto, fileno)
    ~~~~~~~~~~~~~~~~~~~~~~~^^^^^^^^^^^^^^^^^^^^^^^^^^^^^^^^^^^
PermissionError: [Errno 1] Operation not permitted

======================================================================
ERROR: test_progress_plan047_deadline_steps (test_vipe_benchmark_supervisor.HelperSessionTests.test_progress_plan047_deadline_steps) (operation='reuse_after_read', when='before')
----------------------------------------------------------------------
Traceback (most recent call last):
  File "/home/auss/git_repos/samaust/Experiments_4DGS/tests/test_vipe_benchmark_supervisor.py", line 3196, in test_progress_plan047_deadline_steps
    with self.subTest(**case),plan047_state(fixture,Path(temp)/str(index)) as state,contextlib.ExitStack() as stack:
                              ~~~~~~~~~~~~~^^^^^^^^^^^^^^^^^^^^^^^^^^^^^^^
  File "/usr/lib/python3.14/contextlib.py", line 141, in __enter__
    return next(self.gen)
  File "/home/auss/git_repos/samaust/Experiments_4DGS/tests/test_vipe_benchmark_s1_helper_fixtures.py", line 433, in state
    consumer=p.Consumer(reference,cache,lambda:cancelled[0],lambda producer:(binding,1))
  File "/home/auss/git_repos/samaust/Experiments_4DGS/scripts/vipe_benchmark/s1_progress.py", line 815, in __init__
    self.cancelled=cancelled;self.bindings=bindings;self.current={};self.previous={};self.provenance={};self.channel=mailbox(self.context,'owner')
                                                                                                                     ~~~~~~~^^^^^^^^^^^^^^^^^^^^^^
  File "/home/auss/git_repos/samaust/Experiments_4DGS/scripts/vipe_benchmark/s1_progress.py", line 611, in mailbox
    channel=socket.socket(socket.AF_UNIX,socket.SOCK_DGRAM)
  File "/usr/lib/python3.14/socket.py", line 236, in __init__
    _socket.socket.__init__(self, family, type, proto, fileno)
    ~~~~~~~~~~~~~~~~~~~~~~~^^^^^^^^^^^^^^^^^^^^^^^^^^^^^^^^^^^
PermissionError: [Errno 1] Operation not permitted

======================================================================
ERROR: test_progress_plan047_deadline_steps (test_vipe_benchmark_supervisor.HelperSessionTests.test_progress_plan047_deadline_steps) (operation='reuse_after_read', when='equal')
----------------------------------------------------------------------
Traceback (most recent call last):
  File "/home/auss/git_repos/samaust/Experiments_4DGS/tests/test_vipe_benchmark_supervisor.py", line 3196, in test_progress_plan047_deadline_steps
    with self.subTest(**case),plan047_state(fixture,Path(temp)/str(index)) as state,contextlib.ExitStack() as stack:
                              ~~~~~~~~~~~~~^^^^^^^^^^^^^^^^^^^^^^^^^^^^^^^
  File "/usr/lib/python3.14/contextlib.py", line 141, in __enter__
    return next(self.gen)
  File "/home/auss/git_repos/samaust/Experiments_4DGS/tests/test_vipe_benchmark_s1_helper_fixtures.py", line 433, in state
    consumer=p.Consumer(reference,cache,lambda:cancelled[0],lambda producer:(binding,1))
  File "/home/auss/git_repos/samaust/Experiments_4DGS/scripts/vipe_benchmark/s1_progress.py", line 815, in __init__
    self.cancelled=cancelled;self.bindings=bindings;self.current={};self.previous={};self.provenance={};self.channel=mailbox(self.context,'owner')
                                                                                                                     ~~~~~~~^^^^^^^^^^^^^^^^^^^^^^
  File "/home/auss/git_repos/samaust/Experiments_4DGS/scripts/vipe_benchmark/s1_progress.py", line 611, in mailbox
    channel=socket.socket(socket.AF_UNIX,socket.SOCK_DGRAM)
  File "/usr/lib/python3.14/socket.py", line 236, in __init__
    _socket.socket.__init__(self, family, type, proto, fileno)
    ~~~~~~~~~~~~~~~~~~~~~~~^^^^^^^^^^^^^^^^^^^^^^^^^^^^^^^^^^^
PermissionError: [Errno 1] Operation not permitted

======================================================================
ERROR: test_progress_plan047_deadline_steps (test_vipe_benchmark_supervisor.HelperSessionTests.test_progress_plan047_deadline_steps) (operation='reuse_after_read', when='after')
----------------------------------------------------------------------
Traceback (most recent call last):
  File "/home/auss/git_repos/samaust/Experiments_4DGS/tests/test_vipe_benchmark_supervisor.py", line 3196, in test_progress_plan047_deadline_steps
    with self.subTest(**case),plan047_state(fixture,Path(temp)/str(index)) as state,contextlib.ExitStack() as stack:
                              ~~~~~~~~~~~~~^^^^^^^^^^^^^^^^^^^^^^^^^^^^^^^
  File "/usr/lib/python3.14/contextlib.py", line 141, in __enter__
    return next(self.gen)
  File "/home/auss/git_repos/samaust/Experiments_4DGS/tests/test_vipe_benchmark_s1_helper_fixtures.py", line 433, in state
    consumer=p.Consumer(reference,cache,lambda:cancelled[0],lambda producer:(binding,1))
  File "/home/auss/git_repos/samaust/Experiments_4DGS/scripts/vipe_benchmark/s1_progress.py", line 815, in __init__
    self.cancelled=cancelled;self.bindings=bindings;self.current={};self.previous={};self.provenance={};self.channel=mailbox(self.context,'owner')
                                                                                                                     ~~~~~~~^^^^^^^^^^^^^^^^^^^^^^
  File "/home/auss/git_repos/samaust/Experiments_4DGS/scripts/vipe_benchmark/s1_progress.py", line 611, in mailbox
    channel=socket.socket(socket.AF_UNIX,socket.SOCK_DGRAM)
  File "/usr/lib/python3.14/socket.py", line 236, in __init__
    _socket.socket.__init__(self, family, type, proto, fileno)
    ~~~~~~~~~~~~~~~~~~~~~~~^^^^^^^^^^^^^^^^^^^^^^^^^^^^^^^^^^^
PermissionError: [Errno 1] Operation not permitted

======================================================================
ERROR: test_progress_plan047_deadline_steps (test_vipe_benchmark_supervisor.HelperSessionTests.test_progress_plan047_deadline_steps) (operation='cleanup_next_array', when='before')
----------------------------------------------------------------------
Traceback (most recent call last):
  File "/home/auss/git_repos/samaust/Experiments_4DGS/tests/test_vipe_benchmark_supervisor.py", line 3196, in test_progress_plan047_deadline_steps
    with self.subTest(**case),plan047_state(fixture,Path(temp)/str(index)) as state,contextlib.ExitStack() as stack:
                              ~~~~~~~~~~~~~^^^^^^^^^^^^^^^^^^^^^^^^^^^^^^^
  File "/usr/lib/python3.14/contextlib.py", line 141, in __enter__
    return next(self.gen)
  File "/home/auss/git_repos/samaust/Experiments_4DGS/tests/test_vipe_benchmark_s1_helper_fixtures.py", line 433, in state
    consumer=p.Consumer(reference,cache,lambda:cancelled[0],lambda producer:(binding,1))
  File "/home/auss/git_repos/samaust/Experiments_4DGS/scripts/vipe_benchmark/s1_progress.py", line 815, in __init__
    self.cancelled=cancelled;self.bindings=bindings;self.current={};self.previous={};self.provenance={};self.channel=mailbox(self.context,'owner')
                                                                                                                     ~~~~~~~^^^^^^^^^^^^^^^^^^^^^^
  File "/home/auss/git_repos/samaust/Experiments_4DGS/scripts/vipe_benchmark/s1_progress.py", line 611, in mailbox
    channel=socket.socket(socket.AF_UNIX,socket.SOCK_DGRAM)
  File "/usr/lib/python3.14/socket.py", line 236, in __init__
    _socket.socket.__init__(self, family, type, proto, fileno)
    ~~~~~~~~~~~~~~~~~~~~~~~^^^^^^^^^^^^^^^^^^^^^^^^^^^^^^^^^^^
PermissionError: [Errno 1] Operation not permitted

======================================================================
ERROR: test_progress_plan047_deadline_steps (test_vipe_benchmark_supervisor.HelperSessionTests.test_progress_plan047_deadline_steps) (operation='cleanup_next_array', when='equal')
----------------------------------------------------------------------
Traceback (most recent call last):
  File "/home/auss/git_repos/samaust/Experiments_4DGS/tests/test_vipe_benchmark_supervisor.py", line 3196, in test_progress_plan047_deadline_steps
    with self.subTest(**case),plan047_state(fixture,Path(temp)/str(index)) as state,contextlib.ExitStack() as stack:
                              ~~~~~~~~~~~~~^^^^^^^^^^^^^^^^^^^^^^^^^^^^^^^
  File "/usr/lib/python3.14/contextlib.py", line 141, in __enter__
    return next(self.gen)
  File "/home/auss/git_repos/samaust/Experiments_4DGS/tests/test_vipe_benchmark_s1_helper_fixtures.py", line 433, in state
    consumer=p.Consumer(reference,cache,lambda:cancelled[0],lambda producer:(binding,1))
  File "/home/auss/git_repos/samaust/Experiments_4DGS/scripts/vipe_benchmark/s1_progress.py", line 815, in __init__
    self.cancelled=cancelled;self.bindings=bindings;self.current={};self.previous={};self.provenance={};self.channel=mailbox(self.context,'owner')
                                                                                                                     ~~~~~~~^^^^^^^^^^^^^^^^^^^^^^
  File "/home/auss/git_repos/samaust/Experiments_4DGS/scripts/vipe_benchmark/s1_progress.py", line 611, in mailbox
    channel=socket.socket(socket.AF_UNIX,socket.SOCK_DGRAM)
  File "/usr/lib/python3.14/socket.py", line 236, in __init__
    _socket.socket.__init__(self, family, type, proto, fileno)
    ~~~~~~~~~~~~~~~~~~~~~~~^^^^^^^^^^^^^^^^^^^^^^^^^^^^^^^^^^^
PermissionError: [Errno 1] Operation not permitted

======================================================================
ERROR: test_progress_plan047_deadline_steps (test_vipe_benchmark_supervisor.HelperSessionTests.test_progress_plan047_deadline_steps) (operation='cleanup_next_array', when='after')
----------------------------------------------------------------------
Traceback (most recent call last):
  File "/home/auss/git_repos/samaust/Experiments_4DGS/tests/test_vipe_benchmark_supervisor.py", line 3196, in test_progress_plan047_deadline_steps
    with self.subTest(**case),plan047_state(fixture,Path(temp)/str(index)) as state,contextlib.ExitStack() as stack:
                              ~~~~~~~~~~~~~^^^^^^^^^^^^^^^^^^^^^^^^^^^^^^^
  File "/usr/lib/python3.14/contextlib.py", line 141, in __enter__
    return next(self.gen)
  File "/home/auss/git_repos/samaust/Experiments_4DGS/tests/test_vipe_benchmark_s1_helper_fixtures.py", line 433, in state
    consumer=p.Consumer(reference,cache,lambda:cancelled[0],lambda producer:(binding,1))
  File "/home/auss/git_repos/samaust/Experiments_4DGS/scripts/vipe_benchmark/s1_progress.py", line 815, in __init__
    self.cancelled=cancelled;self.bindings=bindings;self.current={};self.previous={};self.provenance={};self.channel=mailbox(self.context,'owner')
                                                                                                                     ~~~~~~~^^^^^^^^^^^^^^^^^^^^^^
  File "/home/auss/git_repos/samaust/Experiments_4DGS/scripts/vipe_benchmark/s1_progress.py", line 611, in mailbox
    channel=socket.socket(socket.AF_UNIX,socket.SOCK_DGRAM)
  File "/usr/lib/python3.14/socket.py", line 236, in __init__
    _socket.socket.__init__(self, family, type, proto, fileno)
    ~~~~~~~~~~~~~~~~~~~~~~~^^^^^^^^^^^^^^^^^^^^^^^^^^^^^^^^^^^
PermissionError: [Errno 1] Operation not permitted

======================================================================
ERROR: test_progress_plan047_deadline_steps (test_vipe_benchmark_supervisor.HelperSessionTests.test_progress_plan047_deadline_steps) (operation='accept_after_read', when='before')
----------------------------------------------------------------------
Traceback (most recent call last):
  File "/home/auss/git_repos/samaust/Experiments_4DGS/tests/test_vipe_benchmark_supervisor.py", line 3196, in test_progress_plan047_deadline_steps
    with self.subTest(**case),plan047_state(fixture,Path(temp)/str(index)) as state,contextlib.ExitStack() as stack:
                              ~~~~~~~~~~~~~^^^^^^^^^^^^^^^^^^^^^^^^^^^^^^^
  File "/usr/lib/python3.14/contextlib.py", line 141, in __enter__
    return next(self.gen)
  File "/home/auss/git_repos/samaust/Experiments_4DGS/tests/test_vipe_benchmark_s1_helper_fixtures.py", line 433, in state
    consumer=p.Consumer(reference,cache,lambda:cancelled[0],lambda producer:(binding,1))
  File "/home/auss/git_repos/samaust/Experiments_4DGS/scripts/vipe_benchmark/s1_progress.py", line 815, in __init__
    self.cancelled=cancelled;self.bindings=bindings;self.current={};self.previous={};self.provenance={};self.channel=mailbox(self.context,'owner')
                                                                                                                     ~~~~~~~^^^^^^^^^^^^^^^^^^^^^^
  File "/home/auss/git_repos/samaust/Experiments_4DGS/scripts/vipe_benchmark/s1_progress.py", line 611, in mailbox
    channel=socket.socket(socket.AF_UNIX,socket.SOCK_DGRAM)
  File "/usr/lib/python3.14/socket.py", line 236, in __init__
    _socket.socket.__init__(self, family, type, proto, fileno)
    ~~~~~~~~~~~~~~~~~~~~~~~^^^^^^^^^^^^^^^^^^^^^^^^^^^^^^^^^^^
PermissionError: [Errno 1] Operation not permitted

======================================================================
ERROR: test_progress_plan047_deadline_steps (test_vipe_benchmark_supervisor.HelperSessionTests.test_progress_plan047_deadline_steps) (operation='accept_after_read', when='equal')
----------------------------------------------------------------------
Traceback (most recent call last):
  File "/home/auss/git_repos/samaust/Experiments_4DGS/tests/test_vipe_benchmark_supervisor.py", line 3196, in test_progress_plan047_deadline_steps
    with self.subTest(**case),plan047_state(fixture,Path(temp)/str(index)) as state,contextlib.ExitStack() as stack:
                              ~~~~~~~~~~~~~^^^^^^^^^^^^^^^^^^^^^^^^^^^^^^^
  File "/usr/lib/python3.14/contextlib.py", line 141, in __enter__
    return next(self.gen)
  File "/home/auss/git_repos/samaust/Experiments_4DGS/tests/test_vipe_benchmark_s1_helper_fixtures.py", line 433, in state
    consumer=p.Consumer(reference,cache,lambda:cancelled[0],lambda producer:(binding,1))
  File "/home/auss/git_repos/samaust/Experiments_4DGS/scripts/vipe_benchmark/s1_progress.py", line 815, in __init__
    self.cancelled=cancelled;self.bindings=bindings;self.current={};self.previous={};self.provenance={};self.channel=mailbox(self.context,'owner')
                                                                                                                     ~~~~~~~^^^^^^^^^^^^^^^^^^^^^^
  File "/home/auss/git_repos/samaust/Experiments_4DGS/scripts/vipe_benchmark/s1_progress.py", line 611, in mailbox
    channel=socket.socket(socket.AF_UNIX,socket.SOCK_DGRAM)
  File "/usr/lib/python3.14/socket.py", line 236, in __init__
    _socket.socket.__init__(self, family, type, proto, fileno)
    ~~~~~~~~~~~~~~~~~~~~~~~^^^^^^^^^^^^^^^^^^^^^^^^^^^^^^^^^^^
PermissionError: [Errno 1] Operation not permitted

======================================================================
ERROR: test_progress_plan047_deadline_steps (test_vipe_benchmark_supervisor.HelperSessionTests.test_progress_plan047_deadline_steps) (operation='accept_after_read', when='after')
----------------------------------------------------------------------
Traceback (most recent call last):
  File "/home/auss/git_repos/samaust/Experiments_4DGS/tests/test_vipe_benchmark_supervisor.py", line 3196, in test_progress_plan047_deadline_steps
    with self.subTest(**case),plan047_state(fixture,Path(temp)/str(index)) as state,contextlib.ExitStack() as stack:
                              ~~~~~~~~~~~~~^^^^^^^^^^^^^^^^^^^^^^^^^^^^^^^
  File "/usr/lib/python3.14/contextlib.py", line 141, in __enter__
    return next(self.gen)
  File "/home/auss/git_repos/samaust/Experiments_4DGS/tests/test_vipe_benchmark_s1_helper_fixtures.py", line 433, in state
    consumer=p.Consumer(reference,cache,lambda:cancelled[0],lambda producer:(binding,1))
  File "/home/auss/git_repos/samaust/Experiments_4DGS/scripts/vipe_benchmark/s1_progress.py", line 815, in __init__
    self.cancelled=cancelled;self.bindings=bindings;self.current={};self.previous={};self.provenance={};self.channel=mailbox(self.context,'owner')
                                                                                                                     ~~~~~~~^^^^^^^^^^^^^^^^^^^^^^
  File "/home/auss/git_repos/samaust/Experiments_4DGS/scripts/vipe_benchmark/s1_progress.py", line 611, in mailbox
    channel=socket.socket(socket.AF_UNIX,socket.SOCK_DGRAM)
  File "/usr/lib/python3.14/socket.py", line 236, in __init__
    _socket.socket.__init__(self, family, type, proto, fileno)
    ~~~~~~~~~~~~~~~~~~~~~~~^^^^^^^^^^^^^^^^^^^^^^^^^^^^^^^^^^^
PermissionError: [Errno 1] Operation not permitted

======================================================================
ERROR: test_progress_plan047_deadline_steps (test_vipe_benchmark_supervisor.HelperSessionTests.test_progress_plan047_deadline_steps) (operation='complete_after_read', when='before')
----------------------------------------------------------------------
Traceback (most recent call last):
  File "/home/auss/git_repos/samaust/Experiments_4DGS/tests/test_vipe_benchmark_supervisor.py", line 3196, in test_progress_plan047_deadline_steps
    with self.subTest(**case),plan047_state(fixture,Path(temp)/str(index)) as state,contextlib.ExitStack() as stack:
                              ~~~~~~~~~~~~~^^^^^^^^^^^^^^^^^^^^^^^^^^^^^^^
  File "/usr/lib/python3.14/contextlib.py", line 141, in __enter__
    return next(self.gen)
  File "/home/auss/git_repos/samaust/Experiments_4DGS/tests/test_vipe_benchmark_s1_helper_fixtures.py", line 433, in state
    consumer=p.Consumer(reference,cache,lambda:cancelled[0],lambda producer:(binding,1))
  File "/home/auss/git_repos/samaust/Experiments_4DGS/scripts/vipe_benchmark/s1_progress.py", line 815, in __init__
    self.cancelled=cancelled;self.bindings=bindings;self.current={};self.previous={};self.provenance={};self.channel=mailbox(self.context,'owner')
                                                                                                                     ~~~~~~~^^^^^^^^^^^^^^^^^^^^^^
  File "/home/auss/git_repos/samaust/Experiments_4DGS/scripts/vipe_benchmark/s1_progress.py", line 611, in mailbox
    channel=socket.socket(socket.AF_UNIX,socket.SOCK_DGRAM)
  File "/usr/lib/python3.14/socket.py", line 236, in __init__
    _socket.socket.__init__(self, family, type, proto, fileno)
    ~~~~~~~~~~~~~~~~~~~~~~~^^^^^^^^^^^^^^^^^^^^^^^^^^^^^^^^^^^
PermissionError: [Errno 1] Operation not permitted

======================================================================
ERROR: test_progress_plan047_deadline_steps (test_vipe_benchmark_supervisor.HelperSessionTests.test_progress_plan047_deadline_steps) (operation='complete_after_read', when='equal')
----------------------------------------------------------------------
Traceback (most recent call last):
  File "/home/auss/git_repos/samaust/Experiments_4DGS/tests/test_vipe_benchmark_supervisor.py", line 3196, in test_progress_plan047_deadline_steps
    with self.subTest(**case),plan047_state(fixture,Path(temp)/str(index)) as state,contextlib.ExitStack() as stack:
                              ~~~~~~~~~~~~~^^^^^^^^^^^^^^^^^^^^^^^^^^^^^^^
  File "/usr/lib/python3.14/contextlib.py", line 141, in __enter__
    return next(self.gen)
  File "/home/auss/git_repos/samaust/Experiments_4DGS/tests/test_vipe_benchmark_s1_helper_fixtures.py", line 433, in state
    consumer=p.Consumer(reference,cache,lambda:cancelled[0],lambda producer:(binding,1))
  File "/home/auss/git_repos/samaust/Experiments_4DGS/scripts/vipe_benchmark/s1_progress.py", line 815, in __init__
    self.cancelled=cancelled;self.bindings=bindings;self.current={};self.previous={};self.provenance={};self.channel=mailbox(self.context,'owner')
                                                                                                                     ~~~~~~~^^^^^^^^^^^^^^^^^^^^^^
  File "/home/auss/git_repos/samaust/Experiments_4DGS/scripts/vipe_benchmark/s1_progress.py", line 611, in mailbox
    channel=socket.socket(socket.AF_UNIX,socket.SOCK_DGRAM)
  File "/usr/lib/python3.14/socket.py", line 236, in __init__
    _socket.socket.__init__(self, family, type, proto, fileno)
    ~~~~~~~~~~~~~~~~~~~~~~~^^^^^^^^^^^^^^^^^^^^^^^^^^^^^^^^^^^
PermissionError: [Errno 1] Operation not permitted

======================================================================
ERROR: test_progress_plan047_deadline_steps (test_vipe_benchmark_supervisor.HelperSessionTests.test_progress_plan047_deadline_steps) (operation='complete_after_read', when='after')
----------------------------------------------------------------------
Traceback (most recent call last):
  File "/home/auss/git_repos/samaust/Experiments_4DGS/tests/test_vipe_benchmark_supervisor.py", line 3196, in test_progress_plan047_deadline_steps
    with self.subTest(**case),plan047_state(fixture,Path(temp)/str(index)) as state,contextlib.ExitStack() as stack:
                              ~~~~~~~~~~~~~^^^^^^^^^^^^^^^^^^^^^^^^^^^^^^^
  File "/usr/lib/python3.14/contextlib.py", line 141, in __enter__
    return next(self.gen)
  File "/home/auss/git_repos/samaust/Experiments_4DGS/tests/test_vipe_benchmark_s1_helper_fixtures.py", line 433, in state
    consumer=p.Consumer(reference,cache,lambda:cancelled[0],lambda producer:(binding,1))
  File "/home/auss/git_repos/samaust/Experiments_4DGS/scripts/vipe_benchmark/s1_progress.py", line 815, in __init__
    self.cancelled=cancelled;self.bindings=bindings;self.current={};self.previous={};self.provenance={};self.channel=mailbox(self.context,'owner')
                                                                                                                     ~~~~~~~^^^^^^^^^^^^^^^^^^^^^^
  File "/home/auss/git_repos/samaust/Experiments_4DGS/scripts/vipe_benchmark/s1_progress.py", line 611, in mailbox
    channel=socket.socket(socket.AF_UNIX,socket.SOCK_DGRAM)
  File "/usr/lib/python3.14/socket.py", line 236, in __init__
    _socket.socket.__init__(self, family, type, proto, fileno)
    ~~~~~~~~~~~~~~~~~~~~~~~^^^^^^^^^^^^^^^^^^^^^^^^^^^^^^^^^^^
PermissionError: [Errno 1] Operation not permitted

======================================================================
ERROR: test_progress_plan047_deadline_steps (test_vipe_benchmark_supervisor.HelperSessionTests.test_progress_plan047_deadline_steps) (operation='next_input', when='before')
----------------------------------------------------------------------
Traceback (most recent call last):
  File "/home/auss/git_repos/samaust/Experiments_4DGS/tests/test_vipe_benchmark_supervisor.py", line 3196, in test_progress_plan047_deadline_steps
    with self.subTest(**case),plan047_state(fixture,Path(temp)/str(index)) as state,contextlib.ExitStack() as stack:
                              ~~~~~~~~~~~~~^^^^^^^^^^^^^^^^^^^^^^^^^^^^^^^
  File "/usr/lib/python3.14/contextlib.py", line 141, in __enter__
    return next(self.gen)
  File "/home/auss/git_repos/samaust/Experiments_4DGS/tests/test_vipe_benchmark_s1_helper_fixtures.py", line 433, in state
    consumer=p.Consumer(reference,cache,lambda:cancelled[0],lambda producer:(binding,1))
  File "/home/auss/git_repos/samaust/Experiments_4DGS/scripts/vipe_benchmark/s1_progress.py", line 815, in __init__
    self.cancelled=cancelled;self.bindings=bindings;self.current={};self.previous={};self.provenance={};self.channel=mailbox(self.context,'owner')
                                                                                                                     ~~~~~~~^^^^^^^^^^^^^^^^^^^^^^
  File "/home/auss/git_repos/samaust/Experiments_4DGS/scripts/vipe_benchmark/s1_progress.py", line 611, in mailbox
    channel=socket.socket(socket.AF_UNIX,socket.SOCK_DGRAM)
  File "/usr/lib/python3.14/socket.py", line 236, in __init__
    _socket.socket.__init__(self, family, type, proto, fileno)
    ~~~~~~~~~~~~~~~~~~~~~~~^^^^^^^^^^^^^^^^^^^^^^^^^^^^^^^^^^^
PermissionError: [Errno 1] Operation not permitted

======================================================================
ERROR: test_progress_plan047_deadline_steps (test_vipe_benchmark_supervisor.HelperSessionTests.test_progress_plan047_deadline_steps) (operation='next_input', when='equal')
----------------------------------------------------------------------
Traceback (most recent call last):
  File "/home/auss/git_repos/samaust/Experiments_4DGS/tests/test_vipe_benchmark_supervisor.py", line 3196, in test_progress_plan047_deadline_steps
    with self.subTest(**case),plan047_state(fixture,Path(temp)/str(index)) as state,contextlib.ExitStack() as stack:
                              ~~~~~~~~~~~~~^^^^^^^^^^^^^^^^^^^^^^^^^^^^^^^
  File "/usr/lib/python3.14/contextlib.py", line 141, in __enter__
    return next(self.gen)
  File "/home/auss/git_repos/samaust/Experiments_4DGS/tests/test_vipe_benchmark_s1_helper_fixtures.py", line 433, in state
    consumer=p.Consumer(reference,cache,lambda:cancelled[0],lambda producer:(binding,1))
  File "/home/auss/git_repos/samaust/Experiments_4DGS/scripts/vipe_benchmark/s1_progress.py", line 815, in __init__
    self.cancelled=cancelled;self.bindings=bindings;self.current={};self.previous={};self.provenance={};self.channel=mailbox(self.context,'owner')
                                                                                                                     ~~~~~~~^^^^^^^^^^^^^^^^^^^^^^
  File "/home/auss/git_repos/samaust/Experiments_4DGS/scripts/vipe_benchmark/s1_progress.py", line 611, in mailbox
    channel=socket.socket(socket.AF_UNIX,socket.SOCK_DGRAM)
  File "/usr/lib/python3.14/socket.py", line 236, in __init__
    _socket.socket.__init__(self, family, type, proto, fileno)
    ~~~~~~~~~~~~~~~~~~~~~~~^^^^^^^^^^^^^^^^^^^^^^^^^^^^^^^^^^^
PermissionError: [Errno 1] Operation not permitted

======================================================================
ERROR: test_progress_plan047_deadline_steps (test_vipe_benchmark_supervisor.HelperSessionTests.test_progress_plan047_deadline_steps) (operation='next_input', when='after')
----------------------------------------------------------------------
Traceback (most recent call last):
  File "/home/auss/git_repos/samaust/Experiments_4DGS/tests/test_vipe_benchmark_supervisor.py", line 3196, in test_progress_plan047_deadline_steps
    with self.subTest(**case),plan047_state(fixture,Path(temp)/str(index)) as state,contextlib.ExitStack() as stack:
                              ~~~~~~~~~~~~~^^^^^^^^^^^^^^^^^^^^^^^^^^^^^^^
  File "/usr/lib/python3.14/contextlib.py", line 141, in __enter__
    return next(self.gen)
  File "/home/auss/git_repos/samaust/Experiments_4DGS/tests/test_vipe_benchmark_s1_helper_fixtures.py", line 433, in state
    consumer=p.Consumer(reference,cache,lambda:cancelled[0],lambda producer:(binding,1))
  File "/home/auss/git_repos/samaust/Experiments_4DGS/scripts/vipe_benchmark/s1_progress.py", line 815, in __init__
    self.cancelled=cancelled;self.bindings=bindings;self.current={};self.previous={};self.provenance={};self.channel=mailbox(self.context,'owner')
                                                                                                                     ~~~~~~~^^^^^^^^^^^^^^^^^^^^^^
  File "/home/auss/git_repos/samaust/Experiments_4DGS/scripts/vipe_benchmark/s1_progress.py", line 611, in mailbox
    channel=socket.socket(socket.AF_UNIX,socket.SOCK_DGRAM)
  File "/usr/lib/python3.14/socket.py", line 236, in __init__
    _socket.socket.__init__(self, family, type, proto, fileno)
    ~~~~~~~~~~~~~~~~~~~~~~~^^^^^^^^^^^^^^^^^^^^^^^^^^^^^^^^^^^
PermissionError: [Errno 1] Operation not permitted

======================================================================
ERROR: test_progress_plan047_deadline_steps (test_vipe_benchmark_supervisor.HelperSessionTests.test_progress_plan047_deadline_steps) (operation='worker_popen', when='before')
----------------------------------------------------------------------
Traceback (most recent call last):
  File "/home/auss/git_repos/samaust/Experiments_4DGS/tests/test_vipe_benchmark_supervisor.py", line 3196, in test_progress_plan047_deadline_steps
    with self.subTest(**case),plan047_state(fixture,Path(temp)/str(index)) as state,contextlib.ExitStack() as stack:
                              ~~~~~~~~~~~~~^^^^^^^^^^^^^^^^^^^^^^^^^^^^^^^
  File "/usr/lib/python3.14/contextlib.py", line 141, in __enter__
    return next(self.gen)
  File "/home/auss/git_repos/samaust/Experiments_4DGS/tests/test_vipe_benchmark_s1_helper_fixtures.py", line 433, in state
    consumer=p.Consumer(reference,cache,lambda:cancelled[0],lambda producer:(binding,1))
  File "/home/auss/git_repos/samaust/Experiments_4DGS/scripts/vipe_benchmark/s1_progress.py", line 815, in __init__
    self.cancelled=cancelled;self.bindings=bindings;self.current={};self.previous={};self.provenance={};self.channel=mailbox(self.context,'owner')
                                                                                                                     ~~~~~~~^^^^^^^^^^^^^^^^^^^^^^
  File "/home/auss/git_repos/samaust/Experiments_4DGS/scripts/vipe_benchmark/s1_progress.py", line 611, in mailbox
    channel=socket.socket(socket.AF_UNIX,socket.SOCK_DGRAM)
  File "/usr/lib/python3.14/socket.py", line 236, in __init__
    _socket.socket.__init__(self, family, type, proto, fileno)
    ~~~~~~~~~~~~~~~~~~~~~~~^^^^^^^^^^^^^^^^^^^^^^^^^^^^^^^^^^^
PermissionError: [Errno 1] Operation not permitted

======================================================================
ERROR: test_progress_plan047_deadline_steps (test_vipe_benchmark_supervisor.HelperSessionTests.test_progress_plan047_deadline_steps) (operation='worker_popen', when='equal')
----------------------------------------------------------------------
Traceback (most recent call last):
  File "/home/auss/git_repos/samaust/Experiments_4DGS/tests/test_vipe_benchmark_supervisor.py", line 3196, in test_progress_plan047_deadline_steps
    with self.subTest(**case),plan047_state(fixture,Path(temp)/str(index)) as state,contextlib.ExitStack() as stack:
                              ~~~~~~~~~~~~~^^^^^^^^^^^^^^^^^^^^^^^^^^^^^^^
  File "/usr/lib/python3.14/contextlib.py", line 141, in __enter__
    return next(self.gen)
  File "/home/auss/git_repos/samaust/Experiments_4DGS/tests/test_vipe_benchmark_s1_helper_fixtures.py", line 433, in state
    consumer=p.Consumer(reference,cache,lambda:cancelled[0],lambda producer:(binding,1))
  File "/home/auss/git_repos/samaust/Experiments_4DGS/scripts/vipe_benchmark/s1_progress.py", line 815, in __init__
    self.cancelled=cancelled;self.bindings=bindings;self.current={};self.previous={};self.provenance={};self.channel=mailbox(self.context,'owner')
                                                                                                                     ~~~~~~~^^^^^^^^^^^^^^^^^^^^^^
  File "/home/auss/git_repos/samaust/Experiments_4DGS/scripts/vipe_benchmark/s1_progress.py", line 611, in mailbox
    channel=socket.socket(socket.AF_UNIX,socket.SOCK_DGRAM)
  File "/usr/lib/python3.14/socket.py", line 236, in __init__
    _socket.socket.__init__(self, family, type, proto, fileno)
    ~~~~~~~~~~~~~~~~~~~~~~~^^^^^^^^^^^^^^^^^^^^^^^^^^^^^^^^^^^
PermissionError: [Errno 1] Operation not permitted

======================================================================
ERROR: test_progress_plan047_deadline_steps (test_vipe_benchmark_supervisor.HelperSessionTests.test_progress_plan047_deadline_steps) (operation='worker_popen', when='after')
----------------------------------------------------------------------
Traceback (most recent call last):
  File "/home/auss/git_repos/samaust/Experiments_4DGS/tests/test_vipe_benchmark_supervisor.py", line 3196, in test_progress_plan047_deadline_steps
    with self.subTest(**case),plan047_state(fixture,Path(temp)/str(index)) as state,contextlib.ExitStack() as stack:
                              ~~~~~~~~~~~~~^^^^^^^^^^^^^^^^^^^^^^^^^^^^^^^
  File "/usr/lib/python3.14/contextlib.py", line 141, in __enter__
    return next(self.gen)
  File "/home/auss/git_repos/samaust/Experiments_4DGS/tests/test_vipe_benchmark_s1_helper_fixtures.py", line 433, in state
    consumer=p.Consumer(reference,cache,lambda:cancelled[0],lambda producer:(binding,1))
  File "/home/auss/git_repos/samaust/Experiments_4DGS/scripts/vipe_benchmark/s1_progress.py", line 815, in __init__
    self.cancelled=cancelled;self.bindings=bindings;self.current={};self.previous={};self.provenance={};self.channel=mailbox(self.context,'owner')
                                                                                                                     ~~~~~~~^^^^^^^^^^^^^^^^^^^^^^
  File "/home/auss/git_repos/samaust/Experiments_4DGS/scripts/vipe_benchmark/s1_progress.py", line 611, in mailbox
    channel=socket.socket(socket.AF_UNIX,socket.SOCK_DGRAM)
  File "/usr/lib/python3.14/socket.py", line 236, in __init__
    _socket.socket.__init__(self, family, type, proto, fileno)
    ~~~~~~~~~~~~~~~~~~~~~~~^^^^^^^^^^^^^^^^^^^^^^^^^^^^^^^^^^^
PermissionError: [Errno 1] Operation not permitted

======================================================================
ERROR: test_progress_plan047_limits (test_vipe_benchmark_supervisor.HelperSessionTests.test_progress_plan047_limits)
----------------------------------------------------------------------
Traceback (most recent call last):
  File "/home/auss/git_repos/samaust/Experiments_4DGS/tests/test_vipe_benchmark_supervisor.py", line 2474, in test_progress_plan047_limits
    with plan047_state(fixture,root/'state') as state:
         ~~~~~~~~~~~~~^^^^^^^^^^^^^^^^^^^^^^
  File "/usr/lib/python3.14/contextlib.py", line 141, in __enter__
    return next(self.gen)
  File "/home/auss/git_repos/samaust/Experiments_4DGS/tests/test_vipe_benchmark_s1_helper_fixtures.py", line 433, in state
    consumer=p.Consumer(reference,cache,lambda:cancelled[0],lambda producer:(binding,1))
  File "/home/auss/git_repos/samaust/Experiments_4DGS/scripts/vipe_benchmark/s1_progress.py", line 815, in __init__
    self.cancelled=cancelled;self.bindings=bindings;self.current={};self.previous={};self.provenance={};self.channel=mailbox(self.context,'owner')
                                                                                                                     ~~~~~~~^^^^^^^^^^^^^^^^^^^^^^
  File "/home/auss/git_repos/samaust/Experiments_4DGS/scripts/vipe_benchmark/s1_progress.py", line 611, in mailbox
    channel=socket.socket(socket.AF_UNIX,socket.SOCK_DGRAM)
  File "/usr/lib/python3.14/socket.py", line 236, in __init__
    _socket.socket.__init__(self, family, type, proto, fileno)
    ~~~~~~~~~~~~~~~~~~~~~~~^^^^^^^^^^^^^^^^^^^^^^^^^^^^^^^^^^^
PermissionError: [Errno 1] Operation not permitted

======================================================================
ERROR: test_progress_plan047_nested (test_vipe_benchmark_supervisor.HelperSessionTests.test_progress_plan047_nested)
----------------------------------------------------------------------
Traceback (most recent call last):
  File "/home/auss/git_repos/samaust/Experiments_4DGS/tests/test_vipe_benchmark_supervisor.py", line 2325, in test_progress_plan047_nested
    with plan047_state(fixture,Path(temp)/'state') as state:
         ~~~~~~~~~~~~~^^^^^^^^^^^^^^^^^^^^^^^^^^^^
  File "/usr/lib/python3.14/contextlib.py", line 141, in __enter__
    return next(self.gen)
  File "/home/auss/git_repos/samaust/Experiments_4DGS/tests/test_vipe_benchmark_s1_helper_fixtures.py", line 433, in state
    consumer=p.Consumer(reference,cache,lambda:cancelled[0],lambda producer:(binding,1))
  File "/home/auss/git_repos/samaust/Experiments_4DGS/scripts/vipe_benchmark/s1_progress.py", line 815, in __init__
    self.cancelled=cancelled;self.bindings=bindings;self.current={};self.previous={};self.provenance={};self.channel=mailbox(self.context,'owner')
                                                                                                                     ~~~~~~~^^^^^^^^^^^^^^^^^^^^^^
  File "/home/auss/git_repos/samaust/Experiments_4DGS/scripts/vipe_benchmark/s1_progress.py", line 611, in mailbox
    channel=socket.socket(socket.AF_UNIX,socket.SOCK_DGRAM)
  File "/usr/lib/python3.14/socket.py", line 236, in __init__
    _socket.socket.__init__(self, family, type, proto, fileno)
    ~~~~~~~~~~~~~~~~~~~~~~~^^^^^^^^^^^^^^^^^^^^^^^^^^^^^^^^^^^
PermissionError: [Errno 1] Operation not permitted

======================================================================
ERROR: test_progress_plan047_publication_faults (test_vipe_benchmark_supervisor.HelperSessionTests.test_progress_plan047_publication_faults) (kind='checkpoint_open')
----------------------------------------------------------------------
Traceback (most recent call last):
  File "/home/auss/git_repos/samaust/Experiments_4DGS/tests/test_vipe_benchmark_supervisor.py", line 2595, in test_progress_plan047_publication_faults
    with self.subTest(**case),plan047_state(fixture,Path(temp)/case['kind']) as state:
                              ~~~~~~~~~~~~~^^^^^^^^^^^^^^^^^^^^^^^^^^^^^^^^^
  File "/usr/lib/python3.14/contextlib.py", line 141, in __enter__
    return next(self.gen)
  File "/home/auss/git_repos/samaust/Experiments_4DGS/tests/test_vipe_benchmark_s1_helper_fixtures.py", line 433, in state
    consumer=p.Consumer(reference,cache,lambda:cancelled[0],lambda producer:(binding,1))
  File "/home/auss/git_repos/samaust/Experiments_4DGS/scripts/vipe_benchmark/s1_progress.py", line 815, in __init__
    self.cancelled=cancelled;self.bindings=bindings;self.current={};self.previous={};self.provenance={};self.channel=mailbox(self.context,'owner')
                                                                                                                     ~~~~~~~^^^^^^^^^^^^^^^^^^^^^^
  File "/home/auss/git_repos/samaust/Experiments_4DGS/scripts/vipe_benchmark/s1_progress.py", line 611, in mailbox
    channel=socket.socket(socket.AF_UNIX,socket.SOCK_DGRAM)
  File "/usr/lib/python3.14/socket.py", line 236, in __init__
    _socket.socket.__init__(self, family, type, proto, fileno)
    ~~~~~~~~~~~~~~~~~~~~~~~^^^^^^^^^^^^^^^^^^^^^^^^^^^^^^^^^^^
PermissionError: [Errno 1] Operation not permitted

======================================================================
ERROR: test_progress_plan047_publication_faults (test_vipe_benchmark_supervisor.HelperSessionTests.test_progress_plan047_publication_faults) (kind='checkpoint_write_short')
----------------------------------------------------------------------
Traceback (most recent call last):
  File "/home/auss/git_repos/samaust/Experiments_4DGS/tests/test_vipe_benchmark_supervisor.py", line 2595, in test_progress_plan047_publication_faults
    with self.subTest(**case),plan047_state(fixture,Path(temp)/case['kind']) as state:
                              ~~~~~~~~~~~~~^^^^^^^^^^^^^^^^^^^^^^^^^^^^^^^^^
  File "/usr/lib/python3.14/contextlib.py", line 141, in __enter__
    return next(self.gen)
  File "/home/auss/git_repos/samaust/Experiments_4DGS/tests/test_vipe_benchmark_s1_helper_fixtures.py", line 433, in state
    consumer=p.Consumer(reference,cache,lambda:cancelled[0],lambda producer:(binding,1))
  File "/home/auss/git_repos/samaust/Experiments_4DGS/scripts/vipe_benchmark/s1_progress.py", line 815, in __init__
    self.cancelled=cancelled;self.bindings=bindings;self.current={};self.previous={};self.provenance={};self.channel=mailbox(self.context,'owner')
                                                                                                                     ~~~~~~~^^^^^^^^^^^^^^^^^^^^^^
  File "/home/auss/git_repos/samaust/Experiments_4DGS/scripts/vipe_benchmark/s1_progress.py", line 611, in mailbox
    channel=socket.socket(socket.AF_UNIX,socket.SOCK_DGRAM)
  File "/usr/lib/python3.14/socket.py", line 236, in __init__
    _socket.socket.__init__(self, family, type, proto, fileno)
    ~~~~~~~~~~~~~~~~~~~~~~~^^^^^^^^^^^^^^^^^^^^^^^^^^^^^^^^^^^
PermissionError: [Errno 1] Operation not permitted

======================================================================
ERROR: test_progress_plan047_publication_faults (test_vipe_benchmark_supervisor.HelperSessionTests.test_progress_plan047_publication_faults) (kind='checkpoint_flush')
----------------------------------------------------------------------
Traceback (most recent call last):
  File "/home/auss/git_repos/samaust/Experiments_4DGS/tests/test_vipe_benchmark_supervisor.py", line 2595, in test_progress_plan047_publication_faults
    with self.subTest(**case),plan047_state(fixture,Path(temp)/case['kind']) as state:
                              ~~~~~~~~~~~~~^^^^^^^^^^^^^^^^^^^^^^^^^^^^^^^^^
  File "/usr/lib/python3.14/contextlib.py", line 141, in __enter__
    return next(self.gen)
  File "/home/auss/git_repos/samaust/Experiments_4DGS/tests/test_vipe_benchmark_s1_helper_fixtures.py", line 433, in state
    consumer=p.Consumer(reference,cache,lambda:cancelled[0],lambda producer:(binding,1))
  File "/home/auss/git_repos/samaust/Experiments_4DGS/scripts/vipe_benchmark/s1_progress.py", line 815, in __init__
    self.cancelled=cancelled;self.bindings=bindings;self.current={};self.previous={};self.provenance={};self.channel=mailbox(self.context,'owner')
                                                                                                                     ~~~~~~~^^^^^^^^^^^^^^^^^^^^^^
  File "/home/auss/git_repos/samaust/Experiments_4DGS/scripts/vipe_benchmark/s1_progress.py", line 611, in mailbox
    channel=socket.socket(socket.AF_UNIX,socket.SOCK_DGRAM)
  File "/usr/lib/python3.14/socket.py", line 236, in __init__
    _socket.socket.__init__(self, family, type, proto, fileno)
    ~~~~~~~~~~~~~~~~~~~~~~~^^^^^^^^^^^^^^^^^^^^^^^^^^^^^^^^^^^
PermissionError: [Errno 1] Operation not permitted

======================================================================
ERROR: test_progress_plan047_publication_faults (test_vipe_benchmark_supervisor.HelperSessionTests.test_progress_plan047_publication_faults) (kind='checkpoint_fsync')
----------------------------------------------------------------------
Traceback (most recent call last):
  File "/home/auss/git_repos/samaust/Experiments_4DGS/tests/test_vipe_benchmark_supervisor.py", line 2595, in test_progress_plan047_publication_faults
    with self.subTest(**case),plan047_state(fixture,Path(temp)/case['kind']) as state:
                              ~~~~~~~~~~~~~^^^^^^^^^^^^^^^^^^^^^^^^^^^^^^^^^
  File "/usr/lib/python3.14/contextlib.py", line 141, in __enter__
    return next(self.gen)
  File "/home/auss/git_repos/samaust/Experiments_4DGS/tests/test_vipe_benchmark_s1_helper_fixtures.py", line 433, in state
    consumer=p.Consumer(reference,cache,lambda:cancelled[0],lambda producer:(binding,1))
  File "/home/auss/git_repos/samaust/Experiments_4DGS/scripts/vipe_benchmark/s1_progress.py", line 815, in __init__
    self.cancelled=cancelled;self.bindings=bindings;self.current={};self.previous={};self.provenance={};self.channel=mailbox(self.context,'owner')
                                                                                                                     ~~~~~~~^^^^^^^^^^^^^^^^^^^^^^
  File "/home/auss/git_repos/samaust/Experiments_4DGS/scripts/vipe_benchmark/s1_progress.py", line 611, in mailbox
    channel=socket.socket(socket.AF_UNIX,socket.SOCK_DGRAM)
  File "/usr/lib/python3.14/socket.py", line 236, in __init__
    _socket.socket.__init__(self, family, type, proto, fileno)
    ~~~~~~~~~~~~~~~~~~~~~~~^^^^^^^^^^^^^^^^^^^^^^^^^^^^^^^^^^^
PermissionError: [Errno 1] Operation not permitted

======================================================================
ERROR: test_progress_plan047_publication_faults (test_vipe_benchmark_supervisor.HelperSessionTests.test_progress_plan047_publication_faults) (kind='checkpoint_close')
----------------------------------------------------------------------
Traceback (most recent call last):
  File "/home/auss/git_repos/samaust/Experiments_4DGS/tests/test_vipe_benchmark_supervisor.py", line 2595, in test_progress_plan047_publication_faults
    with self.subTest(**case),plan047_state(fixture,Path(temp)/case['kind']) as state:
                              ~~~~~~~~~~~~~^^^^^^^^^^^^^^^^^^^^^^^^^^^^^^^^^
  File "/usr/lib/python3.14/contextlib.py", line 141, in __enter__
    return next(self.gen)
  File "/home/auss/git_repos/samaust/Experiments_4DGS/tests/test_vipe_benchmark_s1_helper_fixtures.py", line 433, in state
    consumer=p.Consumer(reference,cache,lambda:cancelled[0],lambda producer:(binding,1))
  File "/home/auss/git_repos/samaust/Experiments_4DGS/scripts/vipe_benchmark/s1_progress.py", line 815, in __init__
    self.cancelled=cancelled;self.bindings=bindings;self.current={};self.previous={};self.provenance={};self.channel=mailbox(self.context,'owner')
                                                                                                                     ~~~~~~~^^^^^^^^^^^^^^^^^^^^^^
  File "/home/auss/git_repos/samaust/Experiments_4DGS/scripts/vipe_benchmark/s1_progress.py", line 611, in mailbox
    channel=socket.socket(socket.AF_UNIX,socket.SOCK_DGRAM)
  File "/usr/lib/python3.14/socket.py", line 236, in __init__
    _socket.socket.__init__(self, family, type, proto, fileno)
    ~~~~~~~~~~~~~~~~~~~~~~~^^^^^^^^^^^^^^^^^^^^^^^^^^^^^^^^^^^
PermissionError: [Errno 1] Operation not permitted

======================================================================
ERROR: test_progress_plan047_publication_faults (test_vipe_benchmark_supervisor.HelperSessionTests.test_progress_plan047_publication_faults) (kind='checkpoint_readback')
----------------------------------------------------------------------
Traceback (most recent call last):
  File "/home/auss/git_repos/samaust/Experiments_4DGS/tests/test_vipe_benchmark_supervisor.py", line 2595, in test_progress_plan047_publication_faults
    with self.subTest(**case),plan047_state(fixture,Path(temp)/case['kind']) as state:
                              ~~~~~~~~~~~~~^^^^^^^^^^^^^^^^^^^^^^^^^^^^^^^^^
  File "/usr/lib/python3.14/contextlib.py", line 141, in __enter__
    return next(self.gen)
  File "/home/auss/git_repos/samaust/Experiments_4DGS/tests/test_vipe_benchmark_s1_helper_fixtures.py", line 433, in state
    consumer=p.Consumer(reference,cache,lambda:cancelled[0],lambda producer:(binding,1))
  File "/home/auss/git_repos/samaust/Experiments_4DGS/scripts/vipe_benchmark/s1_progress.py", line 815, in __init__
    self.cancelled=cancelled;self.bindings=bindings;self.current={};self.previous={};self.provenance={};self.channel=mailbox(self.context,'owner')
                                                                                                                     ~~~~~~~^^^^^^^^^^^^^^^^^^^^^^
  File "/home/auss/git_repos/samaust/Experiments_4DGS/scripts/vipe_benchmark/s1_progress.py", line 611, in mailbox
    channel=socket.socket(socket.AF_UNIX,socket.SOCK_DGRAM)
  File "/usr/lib/python3.14/socket.py", line 236, in __init__
    _socket.socket.__init__(self, family, type, proto, fileno)
    ~~~~~~~~~~~~~~~~~~~~~~~^^^^^^^^^^^^^^^^^^^^^^^^^^^^^^^^^^^
PermissionError: [Errno 1] Operation not permitted

======================================================================
ERROR: test_progress_plan047_publication_faults (test_vipe_benchmark_supervisor.HelperSessionTests.test_progress_plan047_publication_faults) (kind='head_open')
----------------------------------------------------------------------
Traceback (most recent call last):
  File "/home/auss/git_repos/samaust/Experiments_4DGS/tests/test_vipe_benchmark_supervisor.py", line 2595, in test_progress_plan047_publication_faults
    with self.subTest(**case),plan047_state(fixture,Path(temp)/case['kind']) as state:
                              ~~~~~~~~~~~~~^^^^^^^^^^^^^^^^^^^^^^^^^^^^^^^^^
  File "/usr/lib/python3.14/contextlib.py", line 141, in __enter__
    return next(self.gen)
  File "/home/auss/git_repos/samaust/Experiments_4DGS/tests/test_vipe_benchmark_s1_helper_fixtures.py", line 433, in state
    consumer=p.Consumer(reference,cache,lambda:cancelled[0],lambda producer:(binding,1))
  File "/home/auss/git_repos/samaust/Experiments_4DGS/scripts/vipe_benchmark/s1_progress.py", line 815, in __init__
    self.cancelled=cancelled;self.bindings=bindings;self.current={};self.previous={};self.provenance={};self.channel=mailbox(self.context,'owner')
                                                                                                                     ~~~~~~~^^^^^^^^^^^^^^^^^^^^^^
  File "/home/auss/git_repos/samaust/Experiments_4DGS/scripts/vipe_benchmark/s1_progress.py", line 611, in mailbox
    channel=socket.socket(socket.AF_UNIX,socket.SOCK_DGRAM)
  File "/usr/lib/python3.14/socket.py", line 236, in __init__
    _socket.socket.__init__(self, family, type, proto, fileno)
    ~~~~~~~~~~~~~~~~~~~~~~~^^^^^^^^^^^^^^^^^^^^^^^^^^^^^^^^^^^
PermissionError: [Errno 1] Operation not permitted

======================================================================
ERROR: test_progress_plan047_publication_faults (test_vipe_benchmark_supervisor.HelperSessionTests.test_progress_plan047_publication_faults) (kind='head_write_short')
----------------------------------------------------------------------
Traceback (most recent call last):
  File "/home/auss/git_repos/samaust/Experiments_4DGS/tests/test_vipe_benchmark_supervisor.py", line 2595, in test_progress_plan047_publication_faults
    with self.subTest(**case),plan047_state(fixture,Path(temp)/case['kind']) as state:
                              ~~~~~~~~~~~~~^^^^^^^^^^^^^^^^^^^^^^^^^^^^^^^^^
  File "/usr/lib/python3.14/contextlib.py", line 141, in __enter__
    return next(self.gen)
  File "/home/auss/git_repos/samaust/Experiments_4DGS/tests/test_vipe_benchmark_s1_helper_fixtures.py", line 433, in state
    consumer=p.Consumer(reference,cache,lambda:cancelled[0],lambda producer:(binding,1))
  File "/home/auss/git_repos/samaust/Experiments_4DGS/scripts/vipe_benchmark/s1_progress.py", line 815, in __init__
    self.cancelled=cancelled;self.bindings=bindings;self.current={};self.previous={};self.provenance={};self.channel=mailbox(self.context,'owner')
                                                                                                                     ~~~~~~~^^^^^^^^^^^^^^^^^^^^^^
  File "/home/auss/git_repos/samaust/Experiments_4DGS/scripts/vipe_benchmark/s1_progress.py", line 611, in mailbox
    channel=socket.socket(socket.AF_UNIX,socket.SOCK_DGRAM)
  File "/usr/lib/python3.14/socket.py", line 236, in __init__
    _socket.socket.__init__(self, family, type, proto, fileno)
    ~~~~~~~~~~~~~~~~~~~~~~~^^^^^^^^^^^^^^^^^^^^^^^^^^^^^^^^^^^
PermissionError: [Errno 1] Operation not permitted

======================================================================
ERROR: test_progress_plan047_publication_faults (test_vipe_benchmark_supervisor.HelperSessionTests.test_progress_plan047_publication_faults) (kind='head_flush')
----------------------------------------------------------------------
Traceback (most recent call last):
  File "/home/auss/git_repos/samaust/Experiments_4DGS/tests/test_vipe_benchmark_supervisor.py", line 2595, in test_progress_plan047_publication_faults
    with self.subTest(**case),plan047_state(fixture,Path(temp)/case['kind']) as state:
                              ~~~~~~~~~~~~~^^^^^^^^^^^^^^^^^^^^^^^^^^^^^^^^^
  File "/usr/lib/python3.14/contextlib.py", line 141, in __enter__
    return next(self.gen)
  File "/home/auss/git_repos/samaust/Experiments_4DGS/tests/test_vipe_benchmark_s1_helper_fixtures.py", line 433, in state
    consumer=p.Consumer(reference,cache,lambda:cancelled[0],lambda producer:(binding,1))
  File "/home/auss/git_repos/samaust/Experiments_4DGS/scripts/vipe_benchmark/s1_progress.py", line 815, in __init__
    self.cancelled=cancelled;self.bindings=bindings;self.current={};self.previous={};self.provenance={};self.channel=mailbox(self.context,'owner')
                                                                                                                     ~~~~~~~^^^^^^^^^^^^^^^^^^^^^^
  File "/home/auss/git_repos/samaust/Experiments_4DGS/scripts/vipe_benchmark/s1_progress.py", line 611, in mailbox
    channel=socket.socket(socket.AF_UNIX,socket.SOCK_DGRAM)
  File "/usr/lib/python3.14/socket.py", line 236, in __init__
    _socket.socket.__init__(self, family, type, proto, fileno)
    ~~~~~~~~~~~~~~~~~~~~~~~^^^^^^^^^^^^^^^^^^^^^^^^^^^^^^^^^^^
PermissionError: [Errno 1] Operation not permitted

======================================================================
ERROR: test_progress_plan047_publication_faults (test_vipe_benchmark_supervisor.HelperSessionTests.test_progress_plan047_publication_faults) (kind='head_fsync')
----------------------------------------------------------------------
Traceback (most recent call last):
  File "/home/auss/git_repos/samaust/Experiments_4DGS/tests/test_vipe_benchmark_supervisor.py", line 2595, in test_progress_plan047_publication_faults
    with self.subTest(**case),plan047_state(fixture,Path(temp)/case['kind']) as state:
                              ~~~~~~~~~~~~~^^^^^^^^^^^^^^^^^^^^^^^^^^^^^^^^^
  File "/usr/lib/python3.14/contextlib.py", line 141, in __enter__
    return next(self.gen)
  File "/home/auss/git_repos/samaust/Experiments_4DGS/tests/test_vipe_benchmark_s1_helper_fixtures.py", line 433, in state
    consumer=p.Consumer(reference,cache,lambda:cancelled[0],lambda producer:(binding,1))
  File "/home/auss/git_repos/samaust/Experiments_4DGS/scripts/vipe_benchmark/s1_progress.py", line 815, in __init__
    self.cancelled=cancelled;self.bindings=bindings;self.current={};self.previous={};self.provenance={};self.channel=mailbox(self.context,'owner')
                                                                                                                     ~~~~~~~^^^^^^^^^^^^^^^^^^^^^^
  File "/home/auss/git_repos/samaust/Experiments_4DGS/scripts/vipe_benchmark/s1_progress.py", line 611, in mailbox
    channel=socket.socket(socket.AF_UNIX,socket.SOCK_DGRAM)
  File "/usr/lib/python3.14/socket.py", line 236, in __init__
    _socket.socket.__init__(self, family, type, proto, fileno)
    ~~~~~~~~~~~~~~~~~~~~~~~^^^^^^^^^^^^^^^^^^^^^^^^^^^^^^^^^^^
PermissionError: [Errno 1] Operation not permitted

======================================================================
ERROR: test_progress_plan047_publication_faults (test_vipe_benchmark_supervisor.HelperSessionTests.test_progress_plan047_publication_faults) (kind='head_close')
----------------------------------------------------------------------
Traceback (most recent call last):
  File "/home/auss/git_repos/samaust/Experiments_4DGS/tests/test_vipe_benchmark_supervisor.py", line 2595, in test_progress_plan047_publication_faults
    with self.subTest(**case),plan047_state(fixture,Path(temp)/case['kind']) as state:
                              ~~~~~~~~~~~~~^^^^^^^^^^^^^^^^^^^^^^^^^^^^^^^^^
  File "/usr/lib/python3.14/contextlib.py", line 141, in __enter__
    return next(self.gen)
  File "/home/auss/git_repos/samaust/Experiments_4DGS/tests/test_vipe_benchmark_s1_helper_fixtures.py", line 433, in state
    consumer=p.Consumer(reference,cache,lambda:cancelled[0],lambda producer:(binding,1))
  File "/home/auss/git_repos/samaust/Experiments_4DGS/scripts/vipe_benchmark/s1_progress.py", line 815, in __init__
    self.cancelled=cancelled;self.bindings=bindings;self.current={};self.previous={};self.provenance={};self.channel=mailbox(self.context,'owner')
                                                                                                                     ~~~~~~~^^^^^^^^^^^^^^^^^^^^^^
  File "/home/auss/git_repos/samaust/Experiments_4DGS/scripts/vipe_benchmark/s1_progress.py", line 611, in mailbox
    channel=socket.socket(socket.AF_UNIX,socket.SOCK_DGRAM)
  File "/usr/lib/python3.14/socket.py", line 236, in __init__
    _socket.socket.__init__(self, family, type, proto, fileno)
    ~~~~~~~~~~~~~~~~~~~~~~~^^^^^^^^^^^^^^^^^^^^^^^^^^^^^^^^^^^
PermissionError: [Errno 1] Operation not permitted

======================================================================
ERROR: test_progress_plan047_publication_faults (test_vipe_benchmark_supervisor.HelperSessionTests.test_progress_plan047_publication_faults) (kind='head_readback')
----------------------------------------------------------------------
Traceback (most recent call last):
  File "/home/auss/git_repos/samaust/Experiments_4DGS/tests/test_vipe_benchmark_supervisor.py", line 2595, in test_progress_plan047_publication_faults
    with self.subTest(**case),plan047_state(fixture,Path(temp)/case['kind']) as state:
                              ~~~~~~~~~~~~~^^^^^^^^^^^^^^^^^^^^^^^^^^^^^^^^^
  File "/usr/lib/python3.14/contextlib.py", line 141, in __enter__
    return next(self.gen)
  File "/home/auss/git_repos/samaust/Experiments_4DGS/tests/test_vipe_benchmark_s1_helper_fixtures.py", line 433, in state
    consumer=p.Consumer(reference,cache,lambda:cancelled[0],lambda producer:(binding,1))
  File "/home/auss/git_repos/samaust/Experiments_4DGS/scripts/vipe_benchmark/s1_progress.py", line 815, in __init__
    self.cancelled=cancelled;self.bindings=bindings;self.current={};self.previous={};self.provenance={};self.channel=mailbox(self.context,'owner')
                                                                                                                     ~~~~~~~^^^^^^^^^^^^^^^^^^^^^^
  File "/home/auss/git_repos/samaust/Experiments_4DGS/scripts/vipe_benchmark/s1_progress.py", line 611, in mailbox
    channel=socket.socket(socket.AF_UNIX,socket.SOCK_DGRAM)
  File "/usr/lib/python3.14/socket.py", line 236, in __init__
    _socket.socket.__init__(self, family, type, proto, fileno)
    ~~~~~~~~~~~~~~~~~~~~~~~^^^^^^^^^^^^^^^^^^^^^^^^^^^^^^^^^^^
PermissionError: [Errno 1] Operation not permitted

======================================================================
ERROR: test_progress_plan047_publication_faults (test_vipe_benchmark_supervisor.HelperSessionTests.test_progress_plan047_publication_faults) (kind='generation_collision_exact')
----------------------------------------------------------------------
Traceback (most recent call last):
  File "/home/auss/git_repos/samaust/Experiments_4DGS/tests/test_vipe_benchmark_supervisor.py", line 2595, in test_progress_plan047_publication_faults
    with self.subTest(**case),plan047_state(fixture,Path(temp)/case['kind']) as state:
                              ~~~~~~~~~~~~~^^^^^^^^^^^^^^^^^^^^^^^^^^^^^^^^^
  File "/usr/lib/python3.14/contextlib.py", line 141, in __enter__
    return next(self.gen)
  File "/home/auss/git_repos/samaust/Experiments_4DGS/tests/test_vipe_benchmark_s1_helper_fixtures.py", line 433, in state
    consumer=p.Consumer(reference,cache,lambda:cancelled[0],lambda producer:(binding,1))
  File "/home/auss/git_repos/samaust/Experiments_4DGS/scripts/vipe_benchmark/s1_progress.py", line 815, in __init__
    self.cancelled=cancelled;self.bindings=bindings;self.current={};self.previous={};self.provenance={};self.channel=mailbox(self.context,'owner')
                                                                                                                     ~~~~~~~^^^^^^^^^^^^^^^^^^^^^^
  File "/home/auss/git_repos/samaust/Experiments_4DGS/scripts/vipe_benchmark/s1_progress.py", line 611, in mailbox
    channel=socket.socket(socket.AF_UNIX,socket.SOCK_DGRAM)
  File "/usr/lib/python3.14/socket.py", line 236, in __init__
    _socket.socket.__init__(self, family, type, proto, fileno)
    ~~~~~~~~~~~~~~~~~~~~~~~^^^^^^^^^^^^^^^^^^^^^^^^^^^^^^^^^^^
PermissionError: [Errno 1] Operation not permitted

======================================================================
ERROR: test_progress_plan047_publication_faults (test_vipe_benchmark_supervisor.HelperSessionTests.test_progress_plan047_publication_faults) (kind='generation_collision_changed')
----------------------------------------------------------------------
Traceback (most recent call last):
  File "/home/auss/git_repos/samaust/Experiments_4DGS/tests/test_vipe_benchmark_supervisor.py", line 2595, in test_progress_plan047_publication_faults
    with self.subTest(**case),plan047_state(fixture,Path(temp)/case['kind']) as state:
                              ~~~~~~~~~~~~~^^^^^^^^^^^^^^^^^^^^^^^^^^^^^^^^^
  File "/usr/lib/python3.14/contextlib.py", line 141, in __enter__
    return next(self.gen)
  File "/home/auss/git_repos/samaust/Experiments_4DGS/tests/test_vipe_benchmark_s1_helper_fixtures.py", line 433, in state
    consumer=p.Consumer(reference,cache,lambda:cancelled[0],lambda producer:(binding,1))
  File "/home/auss/git_repos/samaust/Experiments_4DGS/scripts/vipe_benchmark/s1_progress.py", line 815, in __init__
    self.cancelled=cancelled;self.bindings=bindings;self.current={};self.previous={};self.provenance={};self.channel=mailbox(self.context,'owner')
                                                                                                                     ~~~~~~~^^^^^^^^^^^^^^^^^^^^^^
  File "/home/auss/git_repos/samaust/Experiments_4DGS/scripts/vipe_benchmark/s1_progress.py", line 611, in mailbox
    channel=socket.socket(socket.AF_UNIX,socket.SOCK_DGRAM)
  File "/usr/lib/python3.14/socket.py", line 236, in __init__
    _socket.socket.__init__(self, family, type, proto, fileno)
    ~~~~~~~~~~~~~~~~~~~~~~~^^^^^^^^^^^^^^^^^^^^^^^^^^^^^^^^^^^
PermissionError: [Errno 1] Operation not permitted

======================================================================
ERROR: test_progress_plan047_publication_faults (test_vipe_benchmark_supervisor.HelperSessionTests.test_progress_plan047_publication_faults) (kind='generation_dir_fsync')
----------------------------------------------------------------------
Traceback (most recent call last):
  File "/home/auss/git_repos/samaust/Experiments_4DGS/tests/test_vipe_benchmark_supervisor.py", line 2595, in test_progress_plan047_publication_faults
    with self.subTest(**case),plan047_state(fixture,Path(temp)/case['kind']) as state:
                              ~~~~~~~~~~~~~^^^^^^^^^^^^^^^^^^^^^^^^^^^^^^^^^
  File "/usr/lib/python3.14/contextlib.py", line 141, in __enter__
    return next(self.gen)
  File "/home/auss/git_repos/samaust/Experiments_4DGS/tests/test_vipe_benchmark_s1_helper_fixtures.py", line 433, in state
    consumer=p.Consumer(reference,cache,lambda:cancelled[0],lambda producer:(binding,1))
  File "/home/auss/git_repos/samaust/Experiments_4DGS/scripts/vipe_benchmark/s1_progress.py", line 815, in __init__
    self.cancelled=cancelled;self.bindings=bindings;self.current={};self.previous={};self.provenance={};self.channel=mailbox(self.context,'owner')
                                                                                                                     ~~~~~~~^^^^^^^^^^^^^^^^^^^^^^
  File "/home/auss/git_repos/samaust/Experiments_4DGS/scripts/vipe_benchmark/s1_progress.py", line 611, in mailbox
    channel=socket.socket(socket.AF_UNIX,socket.SOCK_DGRAM)
  File "/usr/lib/python3.14/socket.py", line 236, in __init__
    _socket.socket.__init__(self, family, type, proto, fileno)
    ~~~~~~~~~~~~~~~~~~~~~~~^^^^^^^^^^^^^^^^^^^^^^^^^^^^^^^^^^^
PermissionError: [Errno 1] Operation not permitted

======================================================================
ERROR: test_progress_plan047_publication_faults (test_vipe_benchmark_supervisor.HelperSessionTests.test_progress_plan047_publication_faults) (kind='head_dir_fsync')
----------------------------------------------------------------------
Traceback (most recent call last):
  File "/home/auss/git_repos/samaust/Experiments_4DGS/tests/test_vipe_benchmark_supervisor.py", line 2595, in test_progress_plan047_publication_faults
    with self.subTest(**case),plan047_state(fixture,Path(temp)/case['kind']) as state:
                              ~~~~~~~~~~~~~^^^^^^^^^^^^^^^^^^^^^^^^^^^^^^^^^
  File "/usr/lib/python3.14/contextlib.py", line 141, in __enter__
    return next(self.gen)
  File "/home/auss/git_repos/samaust/Experiments_4DGS/tests/test_vipe_benchmark_s1_helper_fixtures.py", line 433, in state
    consumer=p.Consumer(reference,cache,lambda:cancelled[0],lambda producer:(binding,1))
  File "/home/auss/git_repos/samaust/Experiments_4DGS/scripts/vipe_benchmark/s1_progress.py", line 815, in __init__
    self.cancelled=cancelled;self.bindings=bindings;self.current={};self.previous={};self.provenance={};self.channel=mailbox(self.context,'owner')
                                                                                                                     ~~~~~~~^^^^^^^^^^^^^^^^^^^^^^
  File "/home/auss/git_repos/samaust/Experiments_4DGS/scripts/vipe_benchmark/s1_progress.py", line 611, in mailbox
    channel=socket.socket(socket.AF_UNIX,socket.SOCK_DGRAM)
  File "/usr/lib/python3.14/socket.py", line 236, in __init__
    _socket.socket.__init__(self, family, type, proto, fileno)
    ~~~~~~~~~~~~~~~~~~~~~~~^^^^^^^^^^^^^^^^^^^^^^^^^^^^^^^^^^^
PermissionError: [Errno 1] Operation not permitted

======================================================================
ERROR: test_progress_plan047_publication_faults (test_vipe_benchmark_supervisor.HelperSessionTests.test_progress_plan047_publication_faults) (kind='final_generation_readback')
----------------------------------------------------------------------
Traceback (most recent call last):
  File "/home/auss/git_repos/samaust/Experiments_4DGS/tests/test_vipe_benchmark_supervisor.py", line 2595, in test_progress_plan047_publication_faults
    with self.subTest(**case),plan047_state(fixture,Path(temp)/case['kind']) as state:
                              ~~~~~~~~~~~~~^^^^^^^^^^^^^^^^^^^^^^^^^^^^^^^^^
  File "/usr/lib/python3.14/contextlib.py", line 141, in __enter__
    return next(self.gen)
  File "/home/auss/git_repos/samaust/Experiments_4DGS/tests/test_vipe_benchmark_s1_helper_fixtures.py", line 433, in state
    consumer=p.Consumer(reference,cache,lambda:cancelled[0],lambda producer:(binding,1))
  File "/home/auss/git_repos/samaust/Experiments_4DGS/scripts/vipe_benchmark/s1_progress.py", line 815, in __init__
    self.cancelled=cancelled;self.bindings=bindings;self.current={};self.previous={};self.provenance={};self.channel=mailbox(self.context,'owner')
                                                                                                                     ~~~~~~~^^^^^^^^^^^^^^^^^^^^^^
  File "/home/auss/git_repos/samaust/Experiments_4DGS/scripts/vipe_benchmark/s1_progress.py", line 611, in mailbox
    channel=socket.socket(socket.AF_UNIX,socket.SOCK_DGRAM)
  File "/usr/lib/python3.14/socket.py", line 236, in __init__
    _socket.socket.__init__(self, family, type, proto, fileno)
    ~~~~~~~~~~~~~~~~~~~~~~~^^^^^^^^^^^^^^^^^^^^^^^^^^^^^^^^^^^
PermissionError: [Errno 1] Operation not permitted

======================================================================
ERROR: test_progress_plan047_publication_faults (test_vipe_benchmark_supervisor.HelperSessionTests.test_progress_plan047_publication_faults) (kind='final_head_readback')
----------------------------------------------------------------------
Traceback (most recent call last):
  File "/home/auss/git_repos/samaust/Experiments_4DGS/tests/test_vipe_benchmark_supervisor.py", line 2595, in test_progress_plan047_publication_faults
    with self.subTest(**case),plan047_state(fixture,Path(temp)/case['kind']) as state:
                              ~~~~~~~~~~~~~^^^^^^^^^^^^^^^^^^^^^^^^^^^^^^^^^
  File "/usr/lib/python3.14/contextlib.py", line 141, in __enter__
    return next(self.gen)
  File "/home/auss/git_repos/samaust/Experiments_4DGS/tests/test_vipe_benchmark_s1_helper_fixtures.py", line 433, in state
    consumer=p.Consumer(reference,cache,lambda:cancelled[0],lambda producer:(binding,1))
  File "/home/auss/git_repos/samaust/Experiments_4DGS/scripts/vipe_benchmark/s1_progress.py", line 815, in __init__
    self.cancelled=cancelled;self.bindings=bindings;self.current={};self.previous={};self.provenance={};self.channel=mailbox(self.context,'owner')
                                                                                                                     ~~~~~~~^^^^^^^^^^^^^^^^^^^^^^
  File "/home/auss/git_repos/samaust/Experiments_4DGS/scripts/vipe_benchmark/s1_progress.py", line 611, in mailbox
    channel=socket.socket(socket.AF_UNIX,socket.SOCK_DGRAM)
  File "/usr/lib/python3.14/socket.py", line 236, in __init__
    _socket.socket.__init__(self, family, type, proto, fileno)
    ~~~~~~~~~~~~~~~~~~~~~~~^^^^^^^^^^^^^^^^^^^^^^^^^^^^^^^^^^^
PermissionError: [Errno 1] Operation not permitted

======================================================================
ERROR: test_progress_plan047_publication_faults (test_vipe_benchmark_supervisor.HelperSessionTests.test_progress_plan047_publication_faults) (kind='ack_send_short')
----------------------------------------------------------------------
Traceback (most recent call last):
  File "/home/auss/git_repos/samaust/Experiments_4DGS/tests/test_vipe_benchmark_supervisor.py", line 2595, in test_progress_plan047_publication_faults
    with self.subTest(**case),plan047_state(fixture,Path(temp)/case['kind']) as state:
                              ~~~~~~~~~~~~~^^^^^^^^^^^^^^^^^^^^^^^^^^^^^^^^^
  File "/usr/lib/python3.14/contextlib.py", line 141, in __enter__
    return next(self.gen)
  File "/home/auss/git_repos/samaust/Experiments_4DGS/tests/test_vipe_benchmark_s1_helper_fixtures.py", line 433, in state
    consumer=p.Consumer(reference,cache,lambda:cancelled[0],lambda producer:(binding,1))
  File "/home/auss/git_repos/samaust/Experiments_4DGS/scripts/vipe_benchmark/s1_progress.py", line 815, in __init__
    self.cancelled=cancelled;self.bindings=bindings;self.current={};self.previous={};self.provenance={};self.channel=mailbox(self.context,'owner')
                                                                                                                     ~~~~~~~^^^^^^^^^^^^^^^^^^^^^^
  File "/home/auss/git_repos/samaust/Experiments_4DGS/scripts/vipe_benchmark/s1_progress.py", line 611, in mailbox
    channel=socket.socket(socket.AF_UNIX,socket.SOCK_DGRAM)
  File "/usr/lib/python3.14/socket.py", line 236, in __init__
    _socket.socket.__init__(self, family, type, proto, fileno)
    ~~~~~~~~~~~~~~~~~~~~~~~^^^^^^^^^^^^^^^^^^^^^^^^^^^^^^^^^^^
PermissionError: [Errno 1] Operation not permitted

======================================================================
ERROR: test_progress_plan047_publication_faults (test_vipe_benchmark_supervisor.HelperSessionTests.test_progress_plan047_publication_faults) (kind='ack_send_late')
----------------------------------------------------------------------
Traceback (most recent call last):
  File "/home/auss/git_repos/samaust/Experiments_4DGS/tests/test_vipe_benchmark_supervisor.py", line 2595, in test_progress_plan047_publication_faults
    with self.subTest(**case),plan047_state(fixture,Path(temp)/case['kind']) as state:
                              ~~~~~~~~~~~~~^^^^^^^^^^^^^^^^^^^^^^^^^^^^^^^^^
  File "/usr/lib/python3.14/contextlib.py", line 141, in __enter__
    return next(self.gen)
  File "/home/auss/git_repos/samaust/Experiments_4DGS/tests/test_vipe_benchmark_s1_helper_fixtures.py", line 433, in state
    consumer=p.Consumer(reference,cache,lambda:cancelled[0],lambda producer:(binding,1))
  File "/home/auss/git_repos/samaust/Experiments_4DGS/scripts/vipe_benchmark/s1_progress.py", line 815, in __init__
    self.cancelled=cancelled;self.bindings=bindings;self.current={};self.previous={};self.provenance={};self.channel=mailbox(self.context,'owner')
                                                                                                                     ~~~~~~~^^^^^^^^^^^^^^^^^^^^^^
  File "/home/auss/git_repos/samaust/Experiments_4DGS/scripts/vipe_benchmark/s1_progress.py", line 611, in mailbox
    channel=socket.socket(socket.AF_UNIX,socket.SOCK_DGRAM)
  File "/usr/lib/python3.14/socket.py", line 236, in __init__
    _socket.socket.__init__(self, family, type, proto, fileno)
    ~~~~~~~~~~~~~~~~~~~~~~~^^^^^^^^^^^^^^^^^^^^^^^^^^^^^^^^^^^
PermissionError: [Errno 1] Operation not permitted

======================================================================
ERROR: test_progress_plan047_publication_faults (test_vipe_benchmark_supervisor.HelperSessionTests.test_progress_plan047_publication_faults) (kind='ack_receive_late')
----------------------------------------------------------------------
Traceback (most recent call last):
  File "/home/auss/git_repos/samaust/Experiments_4DGS/tests/test_vipe_benchmark_supervisor.py", line 2595, in test_progress_plan047_publication_faults
    with self.subTest(**case),plan047_state(fixture,Path(temp)/case['kind']) as state:
                              ~~~~~~~~~~~~~^^^^^^^^^^^^^^^^^^^^^^^^^^^^^^^^^
  File "/usr/lib/python3.14/contextlib.py", line 141, in __enter__
    return next(self.gen)
  File "/home/auss/git_repos/samaust/Experiments_4DGS/tests/test_vipe_benchmark_s1_helper_fixtures.py", line 433, in state
    consumer=p.Consumer(reference,cache,lambda:cancelled[0],lambda producer:(binding,1))
  File "/home/auss/git_repos/samaust/Experiments_4DGS/scripts/vipe_benchmark/s1_progress.py", line 815, in __init__
    self.cancelled=cancelled;self.bindings=bindings;self.current={};self.previous={};self.provenance={};self.channel=mailbox(self.context,'owner')
                                                                                                                     ~~~~~~~^^^^^^^^^^^^^^^^^^^^^^
  File "/home/auss/git_repos/samaust/Experiments_4DGS/scripts/vipe_benchmark/s1_progress.py", line 611, in mailbox
    channel=socket.socket(socket.AF_UNIX,socket.SOCK_DGRAM)
  File "/usr/lib/python3.14/socket.py", line 236, in __init__
    _socket.socket.__init__(self, family, type, proto, fileno)
    ~~~~~~~~~~~~~~~~~~~~~~~^^^^^^^^^^^^^^^^^^^^^^^^^^^^^^^^^^^
PermissionError: [Errno 1] Operation not permitted

======================================================================
ERROR: test_progress_plan047_publication_faults (test_vipe_benchmark_supervisor.HelperSessionTests.test_progress_plan047_publication_faults) (kind='owner_retention_error')
----------------------------------------------------------------------
Traceback (most recent call last):
  File "/home/auss/git_repos/samaust/Experiments_4DGS/tests/test_vipe_benchmark_supervisor.py", line 2595, in test_progress_plan047_publication_faults
    with self.subTest(**case),plan047_state(fixture,Path(temp)/case['kind']) as state:
                              ~~~~~~~~~~~~~^^^^^^^^^^^^^^^^^^^^^^^^^^^^^^^^^
  File "/usr/lib/python3.14/contextlib.py", line 141, in __enter__
    return next(self.gen)
  File "/home/auss/git_repos/samaust/Experiments_4DGS/tests/test_vipe_benchmark_s1_helper_fixtures.py", line 433, in state
    consumer=p.Consumer(reference,cache,lambda:cancelled[0],lambda producer:(binding,1))
  File "/home/auss/git_repos/samaust/Experiments_4DGS/scripts/vipe_benchmark/s1_progress.py", line 815, in __init__
    self.cancelled=cancelled;self.bindings=bindings;self.current={};self.previous={};self.provenance={};self.channel=mailbox(self.context,'owner')
                                                                                                                     ~~~~~~~^^^^^^^^^^^^^^^^^^^^^^
  File "/home/auss/git_repos/samaust/Experiments_4DGS/scripts/vipe_benchmark/s1_progress.py", line 611, in mailbox
    channel=socket.socket(socket.AF_UNIX,socket.SOCK_DGRAM)
  File "/usr/lib/python3.14/socket.py", line 236, in __init__
    _socket.socket.__init__(self, family, type, proto, fileno)
    ~~~~~~~~~~~~~~~~~~~~~~~^^^^^^^^^^^^^^^^^^^^^^^^^^^^^^^^^^^
PermissionError: [Errno 1] Operation not permitted

======================================================================
ERROR: test_progress_plan047_recovery (test_vipe_benchmark_supervisor.HelperSessionTests.test_progress_plan047_recovery) (kind='accepted_exact')
----------------------------------------------------------------------
Traceback (most recent call last):
  File "/home/auss/git_repos/samaust/Experiments_4DGS/tests/test_vipe_benchmark_supervisor.py", line 2420, in test_progress_plan047_recovery
    with self.subTest(**case),plan047_state(fixture,Path(temp)/case['kind']) as state:
                              ~~~~~~~~~~~~~^^^^^^^^^^^^^^^^^^^^^^^^^^^^^^^^^
  File "/usr/lib/python3.14/contextlib.py", line 141, in __enter__
    return next(self.gen)
  File "/home/auss/git_repos/samaust/Experiments_4DGS/tests/test_vipe_benchmark_s1_helper_fixtures.py", line 433, in state
    consumer=p.Consumer(reference,cache,lambda:cancelled[0],lambda producer:(binding,1))
  File "/home/auss/git_repos/samaust/Experiments_4DGS/scripts/vipe_benchmark/s1_progress.py", line 815, in __init__
    self.cancelled=cancelled;self.bindings=bindings;self.current={};self.previous={};self.provenance={};self.channel=mailbox(self.context,'owner')
                                                                                                                     ~~~~~~~^^^^^^^^^^^^^^^^^^^^^^
  File "/home/auss/git_repos/samaust/Experiments_4DGS/scripts/vipe_benchmark/s1_progress.py", line 611, in mailbox
    channel=socket.socket(socket.AF_UNIX,socket.SOCK_DGRAM)
  File "/usr/lib/python3.14/socket.py", line 236, in __init__
    _socket.socket.__init__(self, family, type, proto, fileno)
    ~~~~~~~~~~~~~~~~~~~~~~~^^^^^^^^^^^^^^^^^^^^^^^^^^^^^^^^^^^
PermissionError: [Errno 1] Operation not permitted

======================================================================
ERROR: test_progress_plan047_recovery (test_vipe_benchmark_supervisor.HelperSessionTests.test_progress_plan047_recovery) (kind='optional_valid_successor')
----------------------------------------------------------------------
Traceback (most recent call last):
  File "/home/auss/git_repos/samaust/Experiments_4DGS/tests/test_vipe_benchmark_supervisor.py", line 2420, in test_progress_plan047_recovery
    with self.subTest(**case),plan047_state(fixture,Path(temp)/case['kind']) as state:
                              ~~~~~~~~~~~~~^^^^^^^^^^^^^^^^^^^^^^^^^^^^^^^^^
  File "/usr/lib/python3.14/contextlib.py", line 141, in __enter__
    return next(self.gen)
  File "/home/auss/git_repos/samaust/Experiments_4DGS/tests/test_vipe_benchmark_s1_helper_fixtures.py", line 433, in state
    consumer=p.Consumer(reference,cache,lambda:cancelled[0],lambda producer:(binding,1))
  File "/home/auss/git_repos/samaust/Experiments_4DGS/scripts/vipe_benchmark/s1_progress.py", line 815, in __init__
    self.cancelled=cancelled;self.bindings=bindings;self.current={};self.previous={};self.provenance={};self.channel=mailbox(self.context,'owner')
                                                                                                                     ~~~~~~~^^^^^^^^^^^^^^^^^^^^^^
  File "/home/auss/git_repos/samaust/Experiments_4DGS/scripts/vipe_benchmark/s1_progress.py", line 611, in mailbox
    channel=socket.socket(socket.AF_UNIX,socket.SOCK_DGRAM)
  File "/usr/lib/python3.14/socket.py", line 236, in __init__
    _socket.socket.__init__(self, family, type, proto, fileno)
    ~~~~~~~~~~~~~~~~~~~~~~~^^^^^^^^^^^^^^^^^^^^^^^^^^^^^^^^^^^
PermissionError: [Errno 1] Operation not permitted

======================================================================
ERROR: test_progress_plan047_recovery (test_vipe_benchmark_supervisor.HelperSessionTests.test_progress_plan047_recovery) (kind='optional_successor_body_missing')
----------------------------------------------------------------------
Traceback (most recent call last):
  File "/home/auss/git_repos/samaust/Experiments_4DGS/tests/test_vipe_benchmark_supervisor.py", line 2420, in test_progress_plan047_recovery
    with self.subTest(**case),plan047_state(fixture,Path(temp)/case['kind']) as state:
                              ~~~~~~~~~~~~~^^^^^^^^^^^^^^^^^^^^^^^^^^^^^^^^^
  File "/usr/lib/python3.14/contextlib.py", line 141, in __enter__
    return next(self.gen)
  File "/home/auss/git_repos/samaust/Experiments_4DGS/tests/test_vipe_benchmark_s1_helper_fixtures.py", line 433, in state
    consumer=p.Consumer(reference,cache,lambda:cancelled[0],lambda producer:(binding,1))
  File "/home/auss/git_repos/samaust/Experiments_4DGS/scripts/vipe_benchmark/s1_progress.py", line 815, in __init__
    self.cancelled=cancelled;self.bindings=bindings;self.current={};self.previous={};self.provenance={};self.channel=mailbox(self.context,'owner')
                                                                                                                     ~~~~~~~^^^^^^^^^^^^^^^^^^^^^^
  File "/home/auss/git_repos/samaust/Experiments_4DGS/scripts/vipe_benchmark/s1_progress.py", line 611, in mailbox
    channel=socket.socket(socket.AF_UNIX,socket.SOCK_DGRAM)
  File "/usr/lib/python3.14/socket.py", line 236, in __init__
    _socket.socket.__init__(self, family, type, proto, fileno)
    ~~~~~~~~~~~~~~~~~~~~~~~^^^^^^^^^^^^^^^^^^^^^^^^^^^^^^^^^^^
PermissionError: [Errno 1] Operation not permitted

======================================================================
ERROR: test_progress_plan047_recovery (test_vipe_benchmark_supervisor.HelperSessionTests.test_progress_plan047_recovery) (kind='optional_successor_body_truncated')
----------------------------------------------------------------------
Traceback (most recent call last):
  File "/home/auss/git_repos/samaust/Experiments_4DGS/tests/test_vipe_benchmark_supervisor.py", line 2420, in test_progress_plan047_recovery
    with self.subTest(**case),plan047_state(fixture,Path(temp)/case['kind']) as state:
                              ~~~~~~~~~~~~~^^^^^^^^^^^^^^^^^^^^^^^^^^^^^^^^^
  File "/usr/lib/python3.14/contextlib.py", line 141, in __enter__
    return next(self.gen)
  File "/home/auss/git_repos/samaust/Experiments_4DGS/tests/test_vipe_benchmark_s1_helper_fixtures.py", line 433, in state
    consumer=p.Consumer(reference,cache,lambda:cancelled[0],lambda producer:(binding,1))
  File "/home/auss/git_repos/samaust/Experiments_4DGS/scripts/vipe_benchmark/s1_progress.py", line 815, in __init__
    self.cancelled=cancelled;self.bindings=bindings;self.current={};self.previous={};self.provenance={};self.channel=mailbox(self.context,'owner')
                                                                                                                     ~~~~~~~^^^^^^^^^^^^^^^^^^^^^^
  File "/home/auss/git_repos/samaust/Experiments_4DGS/scripts/vipe_benchmark/s1_progress.py", line 611, in mailbox
    channel=socket.socket(socket.AF_UNIX,socket.SOCK_DGRAM)
  File "/usr/lib/python3.14/socket.py", line 236, in __init__
    _socket.socket.__init__(self, family, type, proto, fileno)
    ~~~~~~~~~~~~~~~~~~~~~~~^^^^^^^^^^^^^^^^^^^^^^^^^^^^^^^^^^^
PermissionError: [Errno 1] Operation not permitted

======================================================================
ERROR: test_progress_plan047_recovery (test_vipe_benchmark_supervisor.HelperSessionTests.test_progress_plan047_recovery) (kind='optional_successor_head_truncated')
----------------------------------------------------------------------
Traceback (most recent call last):
  File "/home/auss/git_repos/samaust/Experiments_4DGS/tests/test_vipe_benchmark_supervisor.py", line 2420, in test_progress_plan047_recovery
    with self.subTest(**case),plan047_state(fixture,Path(temp)/case['kind']) as state:
                              ~~~~~~~~~~~~~^^^^^^^^^^^^^^^^^^^^^^^^^^^^^^^^^
  File "/usr/lib/python3.14/contextlib.py", line 141, in __enter__
    return next(self.gen)
  File "/home/auss/git_repos/samaust/Experiments_4DGS/tests/test_vipe_benchmark_s1_helper_fixtures.py", line 433, in state
    consumer=p.Consumer(reference,cache,lambda:cancelled[0],lambda producer:(binding,1))
  File "/home/auss/git_repos/samaust/Experiments_4DGS/scripts/vipe_benchmark/s1_progress.py", line 815, in __init__
    self.cancelled=cancelled;self.bindings=bindings;self.current={};self.previous={};self.provenance={};self.channel=mailbox(self.context,'owner')
                                                                                                                     ~~~~~~~^^^^^^^^^^^^^^^^^^^^^^
  File "/home/auss/git_repos/samaust/Experiments_4DGS/scripts/vipe_benchmark/s1_progress.py", line 611, in mailbox
    channel=socket.socket(socket.AF_UNIX,socket.SOCK_DGRAM)
  File "/usr/lib/python3.14/socket.py", line 236, in __init__
    _socket.socket.__init__(self, family, type, proto, fileno)
    ~~~~~~~~~~~~~~~~~~~~~~~^^^^^^^^^^^^^^^^^^^^^^^^^^^^^^^^^^^
PermissionError: [Errno 1] Operation not permitted

======================================================================
ERROR: test_progress_plan047_recovery (test_vipe_benchmark_supervisor.HelperSessionTests.test_progress_plan047_recovery) (kind='head_missing_no_intent')
----------------------------------------------------------------------
Traceback (most recent call last):
  File "/home/auss/git_repos/samaust/Experiments_4DGS/tests/test_vipe_benchmark_supervisor.py", line 2420, in test_progress_plan047_recovery
    with self.subTest(**case),plan047_state(fixture,Path(temp)/case['kind']) as state:
                              ~~~~~~~~~~~~~^^^^^^^^^^^^^^^^^^^^^^^^^^^^^^^^^
  File "/usr/lib/python3.14/contextlib.py", line 141, in __enter__
    return next(self.gen)
  File "/home/auss/git_repos/samaust/Experiments_4DGS/tests/test_vipe_benchmark_s1_helper_fixtures.py", line 433, in state
    consumer=p.Consumer(reference,cache,lambda:cancelled[0],lambda producer:(binding,1))
  File "/home/auss/git_repos/samaust/Experiments_4DGS/scripts/vipe_benchmark/s1_progress.py", line 815, in __init__
    self.cancelled=cancelled;self.bindings=bindings;self.current={};self.previous={};self.provenance={};self.channel=mailbox(self.context,'owner')
                                                                                                                     ~~~~~~~^^^^^^^^^^^^^^^^^^^^^^
  File "/home/auss/git_repos/samaust/Experiments_4DGS/scripts/vipe_benchmark/s1_progress.py", line 611, in mailbox
    channel=socket.socket(socket.AF_UNIX,socket.SOCK_DGRAM)
  File "/usr/lib/python3.14/socket.py", line 236, in __init__
    _socket.socket.__init__(self, family, type, proto, fileno)
    ~~~~~~~~~~~~~~~~~~~~~~~^^^^^^^^^^^^^^^^^^^^^^^^^^^^^^^^^^^
PermissionError: [Errno 1] Operation not permitted

======================================================================
ERROR: test_progress_plan047_recovery (test_vipe_benchmark_supervisor.HelperSessionTests.test_progress_plan047_recovery) (kind='head_truncated_no_intent')
----------------------------------------------------------------------
Traceback (most recent call last):
  File "/home/auss/git_repos/samaust/Experiments_4DGS/tests/test_vipe_benchmark_supervisor.py", line 2420, in test_progress_plan047_recovery
    with self.subTest(**case),plan047_state(fixture,Path(temp)/case['kind']) as state:
                              ~~~~~~~~~~~~~^^^^^^^^^^^^^^^^^^^^^^^^^^^^^^^^^
  File "/usr/lib/python3.14/contextlib.py", line 141, in __enter__
    return next(self.gen)
  File "/home/auss/git_repos/samaust/Experiments_4DGS/tests/test_vipe_benchmark_s1_helper_fixtures.py", line 433, in state
    consumer=p.Consumer(reference,cache,lambda:cancelled[0],lambda producer:(binding,1))
  File "/home/auss/git_repos/samaust/Experiments_4DGS/scripts/vipe_benchmark/s1_progress.py", line 815, in __init__
    self.cancelled=cancelled;self.bindings=bindings;self.current={};self.previous={};self.provenance={};self.channel=mailbox(self.context,'owner')
                                                                                                                     ~~~~~~~^^^^^^^^^^^^^^^^^^^^^^
  File "/home/auss/git_repos/samaust/Experiments_4DGS/scripts/vipe_benchmark/s1_progress.py", line 611, in mailbox
    channel=socket.socket(socket.AF_UNIX,socket.SOCK_DGRAM)
  File "/usr/lib/python3.14/socket.py", line 236, in __init__
    _socket.socket.__init__(self, family, type, proto, fileno)
    ~~~~~~~~~~~~~~~~~~~~~~~^^^^^^^^^^^^^^^^^^^^^^^^^^^^^^^^^^^
PermissionError: [Errno 1] Operation not permitted

======================================================================
ERROR: test_progress_plan047_recovery (test_vipe_benchmark_supervisor.HelperSessionTests.test_progress_plan047_recovery) (kind='accepted_body_missing')
----------------------------------------------------------------------
Traceback (most recent call last):
  File "/home/auss/git_repos/samaust/Experiments_4DGS/tests/test_vipe_benchmark_supervisor.py", line 2420, in test_progress_plan047_recovery
    with self.subTest(**case),plan047_state(fixture,Path(temp)/case['kind']) as state:
                              ~~~~~~~~~~~~~^^^^^^^^^^^^^^^^^^^^^^^^^^^^^^^^^
  File "/usr/lib/python3.14/contextlib.py", line 141, in __enter__
    return next(self.gen)
  File "/home/auss/git_repos/samaust/Experiments_4DGS/tests/test_vipe_benchmark_s1_helper_fixtures.py", line 433, in state
    consumer=p.Consumer(reference,cache,lambda:cancelled[0],lambda producer:(binding,1))
  File "/home/auss/git_repos/samaust/Experiments_4DGS/scripts/vipe_benchmark/s1_progress.py", line 815, in __init__
    self.cancelled=cancelled;self.bindings=bindings;self.current={};self.previous={};self.provenance={};self.channel=mailbox(self.context,'owner')
                                                                                                                     ~~~~~~~^^^^^^^^^^^^^^^^^^^^^^
  File "/home/auss/git_repos/samaust/Experiments_4DGS/scripts/vipe_benchmark/s1_progress.py", line 611, in mailbox
    channel=socket.socket(socket.AF_UNIX,socket.SOCK_DGRAM)
  File "/usr/lib/python3.14/socket.py", line 236, in __init__
    _socket.socket.__init__(self, family, type, proto, fileno)
    ~~~~~~~~~~~~~~~~~~~~~~~^^^^^^^^^^^^^^^^^^^^^^^^^^^^^^^^^^^
PermissionError: [Errno 1] Operation not permitted

======================================================================
ERROR: test_progress_plan047_recovery (test_vipe_benchmark_supervisor.HelperSessionTests.test_progress_plan047_recovery) (kind='accepted_body_changed')
----------------------------------------------------------------------
Traceback (most recent call last):
  File "/home/auss/git_repos/samaust/Experiments_4DGS/tests/test_vipe_benchmark_supervisor.py", line 2420, in test_progress_plan047_recovery
    with self.subTest(**case),plan047_state(fixture,Path(temp)/case['kind']) as state:
                              ~~~~~~~~~~~~~^^^^^^^^^^^^^^^^^^^^^^^^^^^^^^^^^
  File "/usr/lib/python3.14/contextlib.py", line 141, in __enter__
    return next(self.gen)
  File "/home/auss/git_repos/samaust/Experiments_4DGS/tests/test_vipe_benchmark_s1_helper_fixtures.py", line 433, in state
    consumer=p.Consumer(reference,cache,lambda:cancelled[0],lambda producer:(binding,1))
  File "/home/auss/git_repos/samaust/Experiments_4DGS/scripts/vipe_benchmark/s1_progress.py", line 815, in __init__
    self.cancelled=cancelled;self.bindings=bindings;self.current={};self.previous={};self.provenance={};self.channel=mailbox(self.context,'owner')
                                                                                                                     ~~~~~~~^^^^^^^^^^^^^^^^^^^^^^
  File "/home/auss/git_repos/samaust/Experiments_4DGS/scripts/vipe_benchmark/s1_progress.py", line 611, in mailbox
    channel=socket.socket(socket.AF_UNIX,socket.SOCK_DGRAM)
  File "/usr/lib/python3.14/socket.py", line 236, in __init__
    _socket.socket.__init__(self, family, type, proto, fileno)
    ~~~~~~~~~~~~~~~~~~~~~~~^^^^^^^^^^^^^^^^^^^^^^^^^^^^^^^^^^^
PermissionError: [Errno 1] Operation not permitted

======================================================================
ERROR: test_progress_plan047_recovery (test_vipe_benchmark_supervisor.HelperSessionTests.test_progress_plan047_recovery) (kind='accepted_head_changed')
----------------------------------------------------------------------
Traceback (most recent call last):
  File "/home/auss/git_repos/samaust/Experiments_4DGS/tests/test_vipe_benchmark_supervisor.py", line 2420, in test_progress_plan047_recovery
    with self.subTest(**case),plan047_state(fixture,Path(temp)/case['kind']) as state:
                              ~~~~~~~~~~~~~^^^^^^^^^^^^^^^^^^^^^^^^^^^^^^^^^
  File "/usr/lib/python3.14/contextlib.py", line 141, in __enter__
    return next(self.gen)
  File "/home/auss/git_repos/samaust/Experiments_4DGS/tests/test_vipe_benchmark_s1_helper_fixtures.py", line 433, in state
    consumer=p.Consumer(reference,cache,lambda:cancelled[0],lambda producer:(binding,1))
  File "/home/auss/git_repos/samaust/Experiments_4DGS/scripts/vipe_benchmark/s1_progress.py", line 815, in __init__
    self.cancelled=cancelled;self.bindings=bindings;self.current={};self.previous={};self.provenance={};self.channel=mailbox(self.context,'owner')
                                                                                                                     ~~~~~~~^^^^^^^^^^^^^^^^^^^^^^
  File "/home/auss/git_repos/samaust/Experiments_4DGS/scripts/vipe_benchmark/s1_progress.py", line 611, in mailbox
    channel=socket.socket(socket.AF_UNIX,socket.SOCK_DGRAM)
  File "/usr/lib/python3.14/socket.py", line 236, in __init__
    _socket.socket.__init__(self, family, type, proto, fileno)
    ~~~~~~~~~~~~~~~~~~~~~~~^^^^^^^^^^^^^^^^^^^^^^^^^^^^^^^^^^^
PermissionError: [Errno 1] Operation not permitted

======================================================================
ERROR: test_progress_plan047_recovery (test_vipe_benchmark_supervisor.HelperSessionTests.test_progress_plan047_recovery) (kind='head_regressed')
----------------------------------------------------------------------
Traceback (most recent call last):
  File "/home/auss/git_repos/samaust/Experiments_4DGS/tests/test_vipe_benchmark_supervisor.py", line 2420, in test_progress_plan047_recovery
    with self.subTest(**case),plan047_state(fixture,Path(temp)/case['kind']) as state:
                              ~~~~~~~~~~~~~^^^^^^^^^^^^^^^^^^^^^^^^^^^^^^^^^
  File "/usr/lib/python3.14/contextlib.py", line 141, in __enter__
    return next(self.gen)
  File "/home/auss/git_repos/samaust/Experiments_4DGS/tests/test_vipe_benchmark_s1_helper_fixtures.py", line 433, in state
    consumer=p.Consumer(reference,cache,lambda:cancelled[0],lambda producer:(binding,1))
  File "/home/auss/git_repos/samaust/Experiments_4DGS/scripts/vipe_benchmark/s1_progress.py", line 815, in __init__
    self.cancelled=cancelled;self.bindings=bindings;self.current={};self.previous={};self.provenance={};self.channel=mailbox(self.context,'owner')
                                                                                                                     ~~~~~~~^^^^^^^^^^^^^^^^^^^^^^
  File "/home/auss/git_repos/samaust/Experiments_4DGS/scripts/vipe_benchmark/s1_progress.py", line 611, in mailbox
    channel=socket.socket(socket.AF_UNIX,socket.SOCK_DGRAM)
  File "/usr/lib/python3.14/socket.py", line 236, in __init__
    _socket.socket.__init__(self, family, type, proto, fileno)
    ~~~~~~~~~~~~~~~~~~~~~~~^^^^^^^^^^^^^^^^^^^^^^^^^^^^^^^^^^^
PermissionError: [Errno 1] Operation not permitted

======================================================================
ERROR: test_progress_plan047_recovery (test_vipe_benchmark_supervisor.HelperSessionTests.test_progress_plan047_recovery) (kind='context_changed')
----------------------------------------------------------------------
Traceback (most recent call last):
  File "/home/auss/git_repos/samaust/Experiments_4DGS/tests/test_vipe_benchmark_supervisor.py", line 2420, in test_progress_plan047_recovery
    with self.subTest(**case),plan047_state(fixture,Path(temp)/case['kind']) as state:
                              ~~~~~~~~~~~~~^^^^^^^^^^^^^^^^^^^^^^^^^^^^^^^^^
  File "/usr/lib/python3.14/contextlib.py", line 141, in __enter__
    return next(self.gen)
  File "/home/auss/git_repos/samaust/Experiments_4DGS/tests/test_vipe_benchmark_s1_helper_fixtures.py", line 433, in state
    consumer=p.Consumer(reference,cache,lambda:cancelled[0],lambda producer:(binding,1))
  File "/home/auss/git_repos/samaust/Experiments_4DGS/scripts/vipe_benchmark/s1_progress.py", line 815, in __init__
    self.cancelled=cancelled;self.bindings=bindings;self.current={};self.previous={};self.provenance={};self.channel=mailbox(self.context,'owner')
                                                                                                                     ~~~~~~~^^^^^^^^^^^^^^^^^^^^^^
  File "/home/auss/git_repos/samaust/Experiments_4DGS/scripts/vipe_benchmark/s1_progress.py", line 611, in mailbox
    channel=socket.socket(socket.AF_UNIX,socket.SOCK_DGRAM)
  File "/usr/lib/python3.14/socket.py", line 236, in __init__
    _socket.socket.__init__(self, family, type, proto, fileno)
    ~~~~~~~~~~~~~~~~~~~~~~~^^^^^^^^^^^^^^^^^^^^^^^^^^^^^^^^^^^
PermissionError: [Errno 1] Operation not permitted

======================================================================
ERROR: test_progress_plan047_recovery (test_vipe_benchmark_supervisor.HelperSessionTests.test_progress_plan047_recovery) (kind='foreign_provenance')
----------------------------------------------------------------------
Traceback (most recent call last):
  File "/home/auss/git_repos/samaust/Experiments_4DGS/tests/test_vipe_benchmark_supervisor.py", line 2420, in test_progress_plan047_recovery
    with self.subTest(**case),plan047_state(fixture,Path(temp)/case['kind']) as state:
                              ~~~~~~~~~~~~~^^^^^^^^^^^^^^^^^^^^^^^^^^^^^^^^^
  File "/usr/lib/python3.14/contextlib.py", line 141, in __enter__
    return next(self.gen)
  File "/home/auss/git_repos/samaust/Experiments_4DGS/tests/test_vipe_benchmark_s1_helper_fixtures.py", line 433, in state
    consumer=p.Consumer(reference,cache,lambda:cancelled[0],lambda producer:(binding,1))
  File "/home/auss/git_repos/samaust/Experiments_4DGS/scripts/vipe_benchmark/s1_progress.py", line 815, in __init__
    self.cancelled=cancelled;self.bindings=bindings;self.current={};self.previous={};self.provenance={};self.channel=mailbox(self.context,'owner')
                                                                                                                     ~~~~~~~^^^^^^^^^^^^^^^^^^^^^^
  File "/home/auss/git_repos/samaust/Experiments_4DGS/scripts/vipe_benchmark/s1_progress.py", line 611, in mailbox
    channel=socket.socket(socket.AF_UNIX,socket.SOCK_DGRAM)
  File "/usr/lib/python3.14/socket.py", line 236, in __init__
    _socket.socket.__init__(self, family, type, proto, fileno)
    ~~~~~~~~~~~~~~~~~~~~~~~^^^^^^^^^^^^^^^^^^^^^^^^^^^^^^^^^^^
PermissionError: [Errno 1] Operation not permitted

======================================================================
ERROR: test_progress_plan047_recovery (test_vipe_benchmark_supervisor.HelperSessionTests.test_progress_plan047_recovery) (kind='unacknowledged_only')
----------------------------------------------------------------------
Traceback (most recent call last):
  File "/home/auss/git_repos/samaust/Experiments_4DGS/tests/test_vipe_benchmark_supervisor.py", line 2420, in test_progress_plan047_recovery
    with self.subTest(**case),plan047_state(fixture,Path(temp)/case['kind']) as state:
                              ~~~~~~~~~~~~~^^^^^^^^^^^^^^^^^^^^^^^^^^^^^^^^^
  File "/usr/lib/python3.14/contextlib.py", line 141, in __enter__
    return next(self.gen)
  File "/home/auss/git_repos/samaust/Experiments_4DGS/tests/test_vipe_benchmark_s1_helper_fixtures.py", line 433, in state
    consumer=p.Consumer(reference,cache,lambda:cancelled[0],lambda producer:(binding,1))
  File "/home/auss/git_repos/samaust/Experiments_4DGS/scripts/vipe_benchmark/s1_progress.py", line 815, in __init__
    self.cancelled=cancelled;self.bindings=bindings;self.current={};self.previous={};self.provenance={};self.channel=mailbox(self.context,'owner')
                                                                                                                     ~~~~~~~^^^^^^^^^^^^^^^^^^^^^^
  File "/home/auss/git_repos/samaust/Experiments_4DGS/scripts/vipe_benchmark/s1_progress.py", line 611, in mailbox
    channel=socket.socket(socket.AF_UNIX,socket.SOCK_DGRAM)
  File "/usr/lib/python3.14/socket.py", line 236, in __init__
    _socket.socket.__init__(self, family, type, proto, fileno)
    ~~~~~~~~~~~~~~~~~~~~~~~^^^^^^^^^^^^^^^^^^^^^^^^^^^^^^^^^^^
PermissionError: [Errno 1] Operation not permitted

======================================================================
ERROR: test_progress_plan047_recovery (test_vipe_benchmark_supervisor.HelperSessionTests.test_progress_plan047_recovery) (kind='history_tripwire')
----------------------------------------------------------------------
Traceback (most recent call last):
  File "/home/auss/git_repos/samaust/Experiments_4DGS/tests/test_vipe_benchmark_supervisor.py", line 2420, in test_progress_plan047_recovery
    with self.subTest(**case),plan047_state(fixture,Path(temp)/case['kind']) as state:
                              ~~~~~~~~~~~~~^^^^^^^^^^^^^^^^^^^^^^^^^^^^^^^^^
  File "/usr/lib/python3.14/contextlib.py", line 141, in __enter__
    return next(self.gen)
  File "/home/auss/git_repos/samaust/Experiments_4DGS/tests/test_vipe_benchmark_s1_helper_fixtures.py", line 433, in state
    consumer=p.Consumer(reference,cache,lambda:cancelled[0],lambda producer:(binding,1))
  File "/home/auss/git_repos/samaust/Experiments_4DGS/scripts/vipe_benchmark/s1_progress.py", line 815, in __init__
    self.cancelled=cancelled;self.bindings=bindings;self.current={};self.previous={};self.provenance={};self.channel=mailbox(self.context,'owner')
                                                                                                                     ~~~~~~~^^^^^^^^^^^^^^^^^^^^^^
  File "/home/auss/git_repos/samaust/Experiments_4DGS/scripts/vipe_benchmark/s1_progress.py", line 611, in mailbox
    channel=socket.socket(socket.AF_UNIX,socket.SOCK_DGRAM)
  File "/usr/lib/python3.14/socket.py", line 236, in __init__
    _socket.socket.__init__(self, family, type, proto, fileno)
    ~~~~~~~~~~~~~~~~~~~~~~~^^^^^^^^^^^^^^^^^^^^^^^^^^^^^^^^^^^
PermissionError: [Errno 1] Operation not permitted

======================================================================
ERROR: test_progress_plan047_recovery (test_vipe_benchmark_supervisor.HelperSessionTests.test_progress_plan047_recovery) (kind='current_previous_retention')
----------------------------------------------------------------------
Traceback (most recent call last):
  File "/home/auss/git_repos/samaust/Experiments_4DGS/tests/test_vipe_benchmark_supervisor.py", line 2420, in test_progress_plan047_recovery
    with self.subTest(**case),plan047_state(fixture,Path(temp)/case['kind']) as state:
                              ~~~~~~~~~~~~~^^^^^^^^^^^^^^^^^^^^^^^^^^^^^^^^^
  File "/usr/lib/python3.14/contextlib.py", line 141, in __enter__
    return next(self.gen)
  File "/home/auss/git_repos/samaust/Experiments_4DGS/tests/test_vipe_benchmark_s1_helper_fixtures.py", line 433, in state
    consumer=p.Consumer(reference,cache,lambda:cancelled[0],lambda producer:(binding,1))
  File "/home/auss/git_repos/samaust/Experiments_4DGS/scripts/vipe_benchmark/s1_progress.py", line 815, in __init__
    self.cancelled=cancelled;self.bindings=bindings;self.current={};self.previous={};self.provenance={};self.channel=mailbox(self.context,'owner')
                                                                                                                     ~~~~~~~^^^^^^^^^^^^^^^^^^^^^^
  File "/home/auss/git_repos/samaust/Experiments_4DGS/scripts/vipe_benchmark/s1_progress.py", line 611, in mailbox
    channel=socket.socket(socket.AF_UNIX,socket.SOCK_DGRAM)
  File "/usr/lib/python3.14/socket.py", line 236, in __init__
    _socket.socket.__init__(self, family, type, proto, fileno)
    ~~~~~~~~~~~~~~~~~~~~~~~^^^^^^^^^^^^^^^^^^^^^^^^^^^^^^^^^^^
PermissionError: [Errno 1] Operation not permitted

======================================================================
ERROR: test_progress_plan047_recovery (test_vipe_benchmark_supervisor.HelperSessionTests.test_progress_plan047_recovery) (kind='late_recovery')
----------------------------------------------------------------------
Traceback (most recent call last):
  File "/home/auss/git_repos/samaust/Experiments_4DGS/tests/test_vipe_benchmark_supervisor.py", line 2420, in test_progress_plan047_recovery
    with self.subTest(**case),plan047_state(fixture,Path(temp)/case['kind']) as state:
                              ~~~~~~~~~~~~~^^^^^^^^^^^^^^^^^^^^^^^^^^^^^^^^^
  File "/usr/lib/python3.14/contextlib.py", line 141, in __enter__
    return next(self.gen)
  File "/home/auss/git_repos/samaust/Experiments_4DGS/tests/test_vipe_benchmark_s1_helper_fixtures.py", line 433, in state
    consumer=p.Consumer(reference,cache,lambda:cancelled[0],lambda producer:(binding,1))
  File "/home/auss/git_repos/samaust/Experiments_4DGS/scripts/vipe_benchmark/s1_progress.py", line 815, in __init__
    self.cancelled=cancelled;self.bindings=bindings;self.current={};self.previous={};self.provenance={};self.channel=mailbox(self.context,'owner')
                                                                                                                     ~~~~~~~^^^^^^^^^^^^^^^^^^^^^^
  File "/home/auss/git_repos/samaust/Experiments_4DGS/scripts/vipe_benchmark/s1_progress.py", line 611, in mailbox
    channel=socket.socket(socket.AF_UNIX,socket.SOCK_DGRAM)
  File "/usr/lib/python3.14/socket.py", line 236, in __init__
    _socket.socket.__init__(self, family, type, proto, fileno)
    ~~~~~~~~~~~~~~~~~~~~~~~^^^^^^^^^^^^^^^^^^^^^^^^^^^^^^^^^^^
PermissionError: [Errno 1] Operation not permitted

======================================================================
ERROR: test_progress_plan047_result_summary (test_vipe_benchmark_supervisor.HelperSessionTests.test_progress_plan047_result_summary)
----------------------------------------------------------------------
Traceback (most recent call last):
  File "/home/auss/git_repos/samaust/Experiments_4DGS/tests/test_vipe_benchmark_supervisor.py", line 3101, in test_progress_plan047_result_summary
    with plan047_state(fixture,Path(temp)/'state') as state:
         ~~~~~~~~~~~~~^^^^^^^^^^^^^^^^^^^^^^^^^^^^
  File "/usr/lib/python3.14/contextlib.py", line 141, in __enter__
    return next(self.gen)
  File "/home/auss/git_repos/samaust/Experiments_4DGS/tests/test_vipe_benchmark_s1_helper_fixtures.py", line 433, in state
    consumer=p.Consumer(reference,cache,lambda:cancelled[0],lambda producer:(binding,1))
  File "/home/auss/git_repos/samaust/Experiments_4DGS/scripts/vipe_benchmark/s1_progress.py", line 815, in __init__
    self.cancelled=cancelled;self.bindings=bindings;self.current={};self.previous={};self.provenance={};self.channel=mailbox(self.context,'owner')
                                                                                                                     ~~~~~~~^^^^^^^^^^^^^^^^^^^^^^
  File "/home/auss/git_repos/samaust/Experiments_4DGS/scripts/vipe_benchmark/s1_progress.py", line 611, in mailbox
    channel=socket.socket(socket.AF_UNIX,socket.SOCK_DGRAM)
  File "/usr/lib/python3.14/socket.py", line 236, in __init__
    _socket.socket.__init__(self, family, type, proto, fileno)
    ~~~~~~~~~~~~~~~~~~~~~~~^^^^^^^^^^^^^^^^^^^^^^^^^^^^^^^^^^^
PermissionError: [Errno 1] Operation not permitted

======================================================================
ERROR: test_progress_plan047_state_authority (test_vipe_benchmark_supervisor.HelperSessionTests.test_progress_plan047_state_authority) (kind='produced_then_semantic_failure')
----------------------------------------------------------------------
Traceback (most recent call last):
  File "/home/auss/git_repos/samaust/Experiments_4DGS/tests/test_vipe_benchmark_supervisor.py", line 2945, in test_progress_plan047_state_authority
    with self.subTest(**case),plan047_state(active_fixture,Path(temp)/case['kind'],qualified=case['kind'] not in ('worker_qualified_overclaim','produced_then_semantic_failure','first_identity_semantics')) as state:
                              ~~~~~~~~~~~~~^^^^^^^^^^^^^^^^^^^^^^^^^^^^^^^^^^^^^^^^^^^^^^^^^^^^^^^^^^^^^^^^^^^^^^^^^^^^^^^^^^^^^^^^^^^^^^^^^^^^^^^^^^^^^^^^^^^^^^^^^^^^^^^^^^^^^^^^^^^^^^^^^^^^^^^^^^^^^^^^^
  File "/usr/lib/python3.14/contextlib.py", line 141, in __enter__
    return next(self.gen)
  File "/home/auss/git_repos/samaust/Experiments_4DGS/tests/test_vipe_benchmark_s1_helper_fixtures.py", line 433, in state
    consumer=p.Consumer(reference,cache,lambda:cancelled[0],lambda producer:(binding,1))
  File "/home/auss/git_repos/samaust/Experiments_4DGS/scripts/vipe_benchmark/s1_progress.py", line 815, in __init__
    self.cancelled=cancelled;self.bindings=bindings;self.current={};self.previous={};self.provenance={};self.channel=mailbox(self.context,'owner')
                                                                                                                     ~~~~~~~^^^^^^^^^^^^^^^^^^^^^^
  File "/home/auss/git_repos/samaust/Experiments_4DGS/scripts/vipe_benchmark/s1_progress.py", line 611, in mailbox
    channel=socket.socket(socket.AF_UNIX,socket.SOCK_DGRAM)
  File "/usr/lib/python3.14/socket.py", line 236, in __init__
    _socket.socket.__init__(self, family, type, proto, fileno)
    ~~~~~~~~~~~~~~~~~~~~~~~^^^^^^^^^^^^^^^^^^^^^^^^^^^^^^^^^^^
PermissionError: [Errno 1] Operation not permitted

======================================================================
ERROR: test_progress_plan047_state_authority (test_vipe_benchmark_supervisor.HelperSessionTests.test_progress_plan047_state_authority) (kind='first_identity_semantics')
----------------------------------------------------------------------
Traceback (most recent call last):
  File "/home/auss/git_repos/samaust/Experiments_4DGS/tests/test_vipe_benchmark_supervisor.py", line 2945, in test_progress_plan047_state_authority
    with self.subTest(**case),plan047_state(active_fixture,Path(temp)/case['kind'],qualified=case['kind'] not in ('worker_qualified_overclaim','produced_then_semantic_failure','first_identity_semantics')) as state:
                              ~~~~~~~~~~~~~^^^^^^^^^^^^^^^^^^^^^^^^^^^^^^^^^^^^^^^^^^^^^^^^^^^^^^^^^^^^^^^^^^^^^^^^^^^^^^^^^^^^^^^^^^^^^^^^^^^^^^^^^^^^^^^^^^^^^^^^^^^^^^^^^^^^^^^^^^^^^^^^^^^^^^^^^^^^^^^^^
  File "/usr/lib/python3.14/contextlib.py", line 141, in __enter__
    return next(self.gen)
  File "/home/auss/git_repos/samaust/Experiments_4DGS/tests/test_vipe_benchmark_s1_helper_fixtures.py", line 433, in state
    consumer=p.Consumer(reference,cache,lambda:cancelled[0],lambda producer:(binding,1))
  File "/home/auss/git_repos/samaust/Experiments_4DGS/scripts/vipe_benchmark/s1_progress.py", line 815, in __init__
    self.cancelled=cancelled;self.bindings=bindings;self.current={};self.previous={};self.provenance={};self.channel=mailbox(self.context,'owner')
                                                                                                                     ~~~~~~~^^^^^^^^^^^^^^^^^^^^^^
  File "/home/auss/git_repos/samaust/Experiments_4DGS/scripts/vipe_benchmark/s1_progress.py", line 611, in mailbox
    channel=socket.socket(socket.AF_UNIX,socket.SOCK_DGRAM)
  File "/usr/lib/python3.14/socket.py", line 236, in __init__
    _socket.socket.__init__(self, family, type, proto, fileno)
    ~~~~~~~~~~~~~~~~~~~~~~~^^^^^^^^^^^^^^^^^^^^^^^^^^^^^^^^^^^
PermissionError: [Errno 1] Operation not permitted

======================================================================
ERROR: test_progress_plan047_state_authority (test_vipe_benchmark_supervisor.HelperSessionTests.test_progress_plan047_state_authority) (kind='worker_reuse_exact')
----------------------------------------------------------------------
Traceback (most recent call last):
  File "/home/auss/git_repos/samaust/Experiments_4DGS/tests/test_vipe_benchmark_supervisor.py", line 2945, in test_progress_plan047_state_authority
    with self.subTest(**case),plan047_state(active_fixture,Path(temp)/case['kind'],qualified=case['kind'] not in ('worker_qualified_overclaim','produced_then_semantic_failure','first_identity_semantics')) as state:
                              ~~~~~~~~~~~~~^^^^^^^^^^^^^^^^^^^^^^^^^^^^^^^^^^^^^^^^^^^^^^^^^^^^^^^^^^^^^^^^^^^^^^^^^^^^^^^^^^^^^^^^^^^^^^^^^^^^^^^^^^^^^^^^^^^^^^^^^^^^^^^^^^^^^^^^^^^^^^^^^^^^^^^^^^^^^^^^^
  File "/usr/lib/python3.14/contextlib.py", line 141, in __enter__
    return next(self.gen)
  File "/home/auss/git_repos/samaust/Experiments_4DGS/tests/test_vipe_benchmark_s1_helper_fixtures.py", line 433, in state
    consumer=p.Consumer(reference,cache,lambda:cancelled[0],lambda producer:(binding,1))
  File "/home/auss/git_repos/samaust/Experiments_4DGS/scripts/vipe_benchmark/s1_progress.py", line 815, in __init__
    self.cancelled=cancelled;self.bindings=bindings;self.current={};self.previous={};self.provenance={};self.channel=mailbox(self.context,'owner')
                                                                                                                     ~~~~~~~^^^^^^^^^^^^^^^^^^^^^^
  File "/home/auss/git_repos/samaust/Experiments_4DGS/scripts/vipe_benchmark/s1_progress.py", line 611, in mailbox
    channel=socket.socket(socket.AF_UNIX,socket.SOCK_DGRAM)
  File "/usr/lib/python3.14/socket.py", line 236, in __init__
    _socket.socket.__init__(self, family, type, proto, fileno)
    ~~~~~~~~~~~~~~~~~~~~~~~^^^^^^^^^^^^^^^^^^^^^^^^^^^^^^^^^^^
PermissionError: [Errno 1] Operation not permitted

======================================================================
ERROR: test_progress_plan047_state_authority (test_vipe_benchmark_supervisor.HelperSessionTests.test_progress_plan047_state_authority) (kind='worker_stale_interleave')
----------------------------------------------------------------------
Traceback (most recent call last):
  File "/home/auss/git_repos/samaust/Experiments_4DGS/tests/test_vipe_benchmark_supervisor.py", line 2945, in test_progress_plan047_state_authority
    with self.subTest(**case),plan047_state(active_fixture,Path(temp)/case['kind'],qualified=case['kind'] not in ('worker_qualified_overclaim','produced_then_semantic_failure','first_identity_semantics')) as state:
                              ~~~~~~~~~~~~~^^^^^^^^^^^^^^^^^^^^^^^^^^^^^^^^^^^^^^^^^^^^^^^^^^^^^^^^^^^^^^^^^^^^^^^^^^^^^^^^^^^^^^^^^^^^^^^^^^^^^^^^^^^^^^^^^^^^^^^^^^^^^^^^^^^^^^^^^^^^^^^^^^^^^^^^^^^^^^^^^
  File "/usr/lib/python3.14/contextlib.py", line 141, in __enter__
    return next(self.gen)
  File "/home/auss/git_repos/samaust/Experiments_4DGS/tests/test_vipe_benchmark_s1_helper_fixtures.py", line 433, in state
    consumer=p.Consumer(reference,cache,lambda:cancelled[0],lambda producer:(binding,1))
  File "/home/auss/git_repos/samaust/Experiments_4DGS/scripts/vipe_benchmark/s1_progress.py", line 815, in __init__
    self.cancelled=cancelled;self.bindings=bindings;self.current={};self.previous={};self.provenance={};self.channel=mailbox(self.context,'owner')
                                                                                                                     ~~~~~~~^^^^^^^^^^^^^^^^^^^^^^
  File "/home/auss/git_repos/samaust/Experiments_4DGS/scripts/vipe_benchmark/s1_progress.py", line 611, in mailbox
    channel=socket.socket(socket.AF_UNIX,socket.SOCK_DGRAM)
  File "/usr/lib/python3.14/socket.py", line 236, in __init__
    _socket.socket.__init__(self, family, type, proto, fileno)
    ~~~~~~~~~~~~~~~~~~~~~~~^^^^^^^^^^^^^^^^^^^^^^^^^^^^^^^^^^^
PermissionError: [Errno 1] Operation not permitted

======================================================================
ERROR: test_progress_plan047_state_authority (test_vipe_benchmark_supervisor.HelperSessionTests.test_progress_plan047_state_authority) (kind='worker_future_reference')
----------------------------------------------------------------------
Traceback (most recent call last):
  File "/home/auss/git_repos/samaust/Experiments_4DGS/tests/test_vipe_benchmark_supervisor.py", line 2945, in test_progress_plan047_state_authority
    with self.subTest(**case),plan047_state(active_fixture,Path(temp)/case['kind'],qualified=case['kind'] not in ('worker_qualified_overclaim','produced_then_semantic_failure','first_identity_semantics')) as state:
                              ~~~~~~~~~~~~~^^^^^^^^^^^^^^^^^^^^^^^^^^^^^^^^^^^^^^^^^^^^^^^^^^^^^^^^^^^^^^^^^^^^^^^^^^^^^^^^^^^^^^^^^^^^^^^^^^^^^^^^^^^^^^^^^^^^^^^^^^^^^^^^^^^^^^^^^^^^^^^^^^^^^^^^^^^^^^^^^
  File "/usr/lib/python3.14/contextlib.py", line 141, in __enter__
    return next(self.gen)
  File "/home/auss/git_repos/samaust/Experiments_4DGS/tests/test_vipe_benchmark_s1_helper_fixtures.py", line 433, in state
    consumer=p.Consumer(reference,cache,lambda:cancelled[0],lambda producer:(binding,1))
  File "/home/auss/git_repos/samaust/Experiments_4DGS/scripts/vipe_benchmark/s1_progress.py", line 815, in __init__
    self.cancelled=cancelled;self.bindings=bindings;self.current={};self.previous={};self.provenance={};self.channel=mailbox(self.context,'owner')
                                                                                                                     ~~~~~~~^^^^^^^^^^^^^^^^^^^^^^
  File "/home/auss/git_repos/samaust/Experiments_4DGS/scripts/vipe_benchmark/s1_progress.py", line 611, in mailbox
    channel=socket.socket(socket.AF_UNIX,socket.SOCK_DGRAM)
  File "/usr/lib/python3.14/socket.py", line 236, in __init__
    _socket.socket.__init__(self, family, type, proto, fileno)
    ~~~~~~~~~~~~~~~~~~~~~~~^^^^^^^^^^^^^^^^^^^^^^^^^^^^^^^^^^^
PermissionError: [Errno 1] Operation not permitted

======================================================================
ERROR: test_progress_plan047_state_authority (test_vipe_benchmark_supervisor.HelperSessionTests.test_progress_plan047_state_authority) (kind='worker_self_reference')
----------------------------------------------------------------------
Traceback (most recent call last):
  File "/home/auss/git_repos/samaust/Experiments_4DGS/tests/test_vipe_benchmark_supervisor.py", line 2945, in test_progress_plan047_state_authority
    with self.subTest(**case),plan047_state(active_fixture,Path(temp)/case['kind'],qualified=case['kind'] not in ('worker_qualified_overclaim','produced_then_semantic_failure','first_identity_semantics')) as state:
                              ~~~~~~~~~~~~~^^^^^^^^^^^^^^^^^^^^^^^^^^^^^^^^^^^^^^^^^^^^^^^^^^^^^^^^^^^^^^^^^^^^^^^^^^^^^^^^^^^^^^^^^^^^^^^^^^^^^^^^^^^^^^^^^^^^^^^^^^^^^^^^^^^^^^^^^^^^^^^^^^^^^^^^^^^^^^^^^
  File "/usr/lib/python3.14/contextlib.py", line 141, in __enter__
    return next(self.gen)
  File "/home/auss/git_repos/samaust/Experiments_4DGS/tests/test_vipe_benchmark_s1_helper_fixtures.py", line 433, in state
    consumer=p.Consumer(reference,cache,lambda:cancelled[0],lambda producer:(binding,1))
  File "/home/auss/git_repos/samaust/Experiments_4DGS/scripts/vipe_benchmark/s1_progress.py", line 815, in __init__
    self.cancelled=cancelled;self.bindings=bindings;self.current={};self.previous={};self.provenance={};self.channel=mailbox(self.context,'owner')
                                                                                                                     ~~~~~~~^^^^^^^^^^^^^^^^^^^^^^
  File "/home/auss/git_repos/samaust/Experiments_4DGS/scripts/vipe_benchmark/s1_progress.py", line 611, in mailbox
    channel=socket.socket(socket.AF_UNIX,socket.SOCK_DGRAM)
  File "/usr/lib/python3.14/socket.py", line 236, in __init__
    _socket.socket.__init__(self, family, type, proto, fileno)
    ~~~~~~~~~~~~~~~~~~~~~~~^^^^^^^^^^^^^^^^^^^^^^^^^^^^^^^^^^^
PermissionError: [Errno 1] Operation not permitted

======================================================================
ERROR: test_progress_plan047_state_authority (test_vipe_benchmark_supervisor.HelperSessionTests.test_progress_plan047_state_authority) (kind='worker_qualified_overclaim')
----------------------------------------------------------------------
Traceback (most recent call last):
  File "/home/auss/git_repos/samaust/Experiments_4DGS/tests/test_vipe_benchmark_supervisor.py", line 2945, in test_progress_plan047_state_authority
    with self.subTest(**case),plan047_state(active_fixture,Path(temp)/case['kind'],qualified=case['kind'] not in ('worker_qualified_overclaim','produced_then_semantic_failure','first_identity_semantics')) as state:
                              ~~~~~~~~~~~~~^^^^^^^^^^^^^^^^^^^^^^^^^^^^^^^^^^^^^^^^^^^^^^^^^^^^^^^^^^^^^^^^^^^^^^^^^^^^^^^^^^^^^^^^^^^^^^^^^^^^^^^^^^^^^^^^^^^^^^^^^^^^^^^^^^^^^^^^^^^^^^^^^^^^^^^^^^^^^^^^^
  File "/usr/lib/python3.14/contextlib.py", line 141, in __enter__
    return next(self.gen)
  File "/home/auss/git_repos/samaust/Experiments_4DGS/tests/test_vipe_benchmark_s1_helper_fixtures.py", line 433, in state
    consumer=p.Consumer(reference,cache,lambda:cancelled[0],lambda producer:(binding,1))
  File "/home/auss/git_repos/samaust/Experiments_4DGS/scripts/vipe_benchmark/s1_progress.py", line 815, in __init__
    self.cancelled=cancelled;self.bindings=bindings;self.current={};self.previous={};self.provenance={};self.channel=mailbox(self.context,'owner')
                                                                                                                     ~~~~~~~^^^^^^^^^^^^^^^^^^^^^^
  File "/home/auss/git_repos/samaust/Experiments_4DGS/scripts/vipe_benchmark/s1_progress.py", line 611, in mailbox
    channel=socket.socket(socket.AF_UNIX,socket.SOCK_DGRAM)
  File "/usr/lib/python3.14/socket.py", line 236, in __init__
    _socket.socket.__init__(self, family, type, proto, fileno)
    ~~~~~~~~~~~~~~~~~~~~~~~^^^^^^^^^^^^^^^^^^^^^^^^^^^^^^^^^^^
PermissionError: [Errno 1] Operation not permitted

======================================================================
ERROR: test_progress_plan047_state_authority (test_vipe_benchmark_supervisor.HelperSessionTests.test_progress_plan047_state_authority) (kind='worker_sources_changed')
----------------------------------------------------------------------
Traceback (most recent call last):
  File "/home/auss/git_repos/samaust/Experiments_4DGS/tests/test_vipe_benchmark_supervisor.py", line 2945, in test_progress_plan047_state_authority
    with self.subTest(**case),plan047_state(active_fixture,Path(temp)/case['kind'],qualified=case['kind'] not in ('worker_qualified_overclaim','produced_then_semantic_failure','first_identity_semantics')) as state:
                              ~~~~~~~~~~~~~^^^^^^^^^^^^^^^^^^^^^^^^^^^^^^^^^^^^^^^^^^^^^^^^^^^^^^^^^^^^^^^^^^^^^^^^^^^^^^^^^^^^^^^^^^^^^^^^^^^^^^^^^^^^^^^^^^^^^^^^^^^^^^^^^^^^^^^^^^^^^^^^^^^^^^^^^^^^^^^^^
  File "/usr/lib/python3.14/contextlib.py", line 141, in __enter__
    return next(self.gen)
  File "/home/auss/git_repos/samaust/Experiments_4DGS/tests/test_vipe_benchmark_s1_helper_fixtures.py", line 433, in state
    consumer=p.Consumer(reference,cache,lambda:cancelled[0],lambda producer:(binding,1))
  File "/home/auss/git_repos/samaust/Experiments_4DGS/scripts/vipe_benchmark/s1_progress.py", line 815, in __init__
    self.cancelled=cancelled;self.bindings=bindings;self.current={};self.previous={};self.provenance={};self.channel=mailbox(self.context,'owner')
                                                                                                                     ~~~~~~~^^^^^^^^^^^^^^^^^^^^^^
  File "/home/auss/git_repos/samaust/Experiments_4DGS/scripts/vipe_benchmark/s1_progress.py", line 611, in mailbox
    channel=socket.socket(socket.AF_UNIX,socket.SOCK_DGRAM)
  File "/usr/lib/python3.14/socket.py", line 236, in __init__
    _socket.socket.__init__(self, family, type, proto, fileno)
    ~~~~~~~~~~~~~~~~~~~~~~~^^^^^^^^^^^^^^^^^^^^^^^^^^^^^^^^^^^
PermissionError: [Errno 1] Operation not permitted

======================================================================
ERROR: test_progress_plan047_state_authority (test_vipe_benchmark_supervisor.HelperSessionTests.test_progress_plan047_state_authority) (kind='worker_row_version_changed')
----------------------------------------------------------------------
Traceback (most recent call last):
  File "/home/auss/git_repos/samaust/Experiments_4DGS/tests/test_vipe_benchmark_supervisor.py", line 2945, in test_progress_plan047_state_authority
    with self.subTest(**case),plan047_state(active_fixture,Path(temp)/case['kind'],qualified=case['kind'] not in ('worker_qualified_overclaim','produced_then_semantic_failure','first_identity_semantics')) as state:
                              ~~~~~~~~~~~~~^^^^^^^^^^^^^^^^^^^^^^^^^^^^^^^^^^^^^^^^^^^^^^^^^^^^^^^^^^^^^^^^^^^^^^^^^^^^^^^^^^^^^^^^^^^^^^^^^^^^^^^^^^^^^^^^^^^^^^^^^^^^^^^^^^^^^^^^^^^^^^^^^^^^^^^^^^^^^^^^^
  File "/usr/lib/python3.14/contextlib.py", line 141, in __enter__
    return next(self.gen)
  File "/home/auss/git_repos/samaust/Experiments_4DGS/tests/test_vipe_benchmark_s1_helper_fixtures.py", line 433, in state
    consumer=p.Consumer(reference,cache,lambda:cancelled[0],lambda producer:(binding,1))
  File "/home/auss/git_repos/samaust/Experiments_4DGS/scripts/vipe_benchmark/s1_progress.py", line 815, in __init__
    self.cancelled=cancelled;self.bindings=bindings;self.current={};self.previous={};self.provenance={};self.channel=mailbox(self.context,'owner')
                                                                                                                     ~~~~~~~^^^^^^^^^^^^^^^^^^^^^^
  File "/home/auss/git_repos/samaust/Experiments_4DGS/scripts/vipe_benchmark/s1_progress.py", line 611, in mailbox
    channel=socket.socket(socket.AF_UNIX,socket.SOCK_DGRAM)
  File "/usr/lib/python3.14/socket.py", line 236, in __init__
    _socket.socket.__init__(self, family, type, proto, fileno)
    ~~~~~~~~~~~~~~~~~~~~~~~^^^^^^^^^^^^^^^^^^^^^^^^^^^^^^^^^^^
PermissionError: [Errno 1] Operation not permitted

======================================================================
ERROR: test_progress_plan047_state_authority (test_vipe_benchmark_supervisor.HelperSessionTests.test_progress_plan047_state_authority) (kind='worker_detached_identity')
----------------------------------------------------------------------
Traceback (most recent call last):
  File "/home/auss/git_repos/samaust/Experiments_4DGS/tests/test_vipe_benchmark_supervisor.py", line 2945, in test_progress_plan047_state_authority
    with self.subTest(**case),plan047_state(active_fixture,Path(temp)/case['kind'],qualified=case['kind'] not in ('worker_qualified_overclaim','produced_then_semantic_failure','first_identity_semantics')) as state:
                              ~~~~~~~~~~~~~^^^^^^^^^^^^^^^^^^^^^^^^^^^^^^^^^^^^^^^^^^^^^^^^^^^^^^^^^^^^^^^^^^^^^^^^^^^^^^^^^^^^^^^^^^^^^^^^^^^^^^^^^^^^^^^^^^^^^^^^^^^^^^^^^^^^^^^^^^^^^^^^^^^^^^^^^^^^^^^^^
  File "/usr/lib/python3.14/contextlib.py", line 141, in __enter__
    return next(self.gen)
  File "/home/auss/git_repos/samaust/Experiments_4DGS/tests/test_vipe_benchmark_s1_helper_fixtures.py", line 433, in state
    consumer=p.Consumer(reference,cache,lambda:cancelled[0],lambda producer:(binding,1))
  File "/home/auss/git_repos/samaust/Experiments_4DGS/scripts/vipe_benchmark/s1_progress.py", line 815, in __init__
    self.cancelled=cancelled;self.bindings=bindings;self.current={};self.previous={};self.provenance={};self.channel=mailbox(self.context,'owner')
                                                                                                                     ~~~~~~~^^^^^^^^^^^^^^^^^^^^^^
  File "/home/auss/git_repos/samaust/Experiments_4DGS/scripts/vipe_benchmark/s1_progress.py", line 611, in mailbox
    channel=socket.socket(socket.AF_UNIX,socket.SOCK_DGRAM)
  File "/usr/lib/python3.14/socket.py", line 236, in __init__
    _socket.socket.__init__(self, family, type, proto, fileno)
    ~~~~~~~~~~~~~~~~~~~~~~~^^^^^^^^^^^^^^^^^^^^^^^^^^^^^^^^^^^
PermissionError: [Errno 1] Operation not permitted

======================================================================
ERROR: test_progress_plan047_state_authority (test_vipe_benchmark_supervisor.HelperSessionTests.test_progress_plan047_state_authority) (kind='trusted_conflict')
----------------------------------------------------------------------
Traceback (most recent call last):
  File "/home/auss/git_repos/samaust/Experiments_4DGS/tests/test_vipe_benchmark_supervisor.py", line 2945, in test_progress_plan047_state_authority
    with self.subTest(**case),plan047_state(active_fixture,Path(temp)/case['kind'],qualified=case['kind'] not in ('worker_qualified_overclaim','produced_then_semantic_failure','first_identity_semantics')) as state:
                              ~~~~~~~~~~~~~^^^^^^^^^^^^^^^^^^^^^^^^^^^^^^^^^^^^^^^^^^^^^^^^^^^^^^^^^^^^^^^^^^^^^^^^^^^^^^^^^^^^^^^^^^^^^^^^^^^^^^^^^^^^^^^^^^^^^^^^^^^^^^^^^^^^^^^^^^^^^^^^^^^^^^^^^^^^^^^^^
  File "/usr/lib/python3.14/contextlib.py", line 141, in __enter__
    return next(self.gen)
  File "/home/auss/git_repos/samaust/Experiments_4DGS/tests/test_vipe_benchmark_s1_helper_fixtures.py", line 433, in state
    consumer=p.Consumer(reference,cache,lambda:cancelled[0],lambda producer:(binding,1))
  File "/home/auss/git_repos/samaust/Experiments_4DGS/scripts/vipe_benchmark/s1_progress.py", line 815, in __init__
    self.cancelled=cancelled;self.bindings=bindings;self.current={};self.previous={};self.provenance={};self.channel=mailbox(self.context,'owner')
                                                                                                                     ~~~~~~~^^^^^^^^^^^^^^^^^^^^^^
  File "/home/auss/git_repos/samaust/Experiments_4DGS/scripts/vipe_benchmark/s1_progress.py", line 611, in mailbox
    channel=socket.socket(socket.AF_UNIX,socket.SOCK_DGRAM)
  File "/usr/lib/python3.14/socket.py", line 236, in __init__
    _socket.socket.__init__(self, family, type, proto, fileno)
    ~~~~~~~~~~~~~~~~~~~~~~~^^^^^^^^^^^^^^^^^^^^^^^^^^^^^^^^^^^
PermissionError: [Errno 1] Operation not permitted

======================================================================
ERROR: test_progress_plan047_state_authority (test_vipe_benchmark_supervisor.HelperSessionTests.test_progress_plan047_state_authority) (kind='discovered_conflict')
----------------------------------------------------------------------
Traceback (most recent call last):
  File "/home/auss/git_repos/samaust/Experiments_4DGS/tests/test_vipe_benchmark_supervisor.py", line 2945, in test_progress_plan047_state_authority
    with self.subTest(**case),plan047_state(active_fixture,Path(temp)/case['kind'],qualified=case['kind'] not in ('worker_qualified_overclaim','produced_then_semantic_failure','first_identity_semantics')) as state:
                              ~~~~~~~~~~~~~^^^^^^^^^^^^^^^^^^^^^^^^^^^^^^^^^^^^^^^^^^^^^^^^^^^^^^^^^^^^^^^^^^^^^^^^^^^^^^^^^^^^^^^^^^^^^^^^^^^^^^^^^^^^^^^^^^^^^^^^^^^^^^^^^^^^^^^^^^^^^^^^^^^^^^^^^^^^^^^^^
  File "/usr/lib/python3.14/contextlib.py", line 141, in __enter__
    return next(self.gen)
  File "/home/auss/git_repos/samaust/Experiments_4DGS/tests/test_vipe_benchmark_s1_helper_fixtures.py", line 433, in state
    consumer=p.Consumer(reference,cache,lambda:cancelled[0],lambda producer:(binding,1))
  File "/home/auss/git_repos/samaust/Experiments_4DGS/scripts/vipe_benchmark/s1_progress.py", line 815, in __init__
    self.cancelled=cancelled;self.bindings=bindings;self.current={};self.previous={};self.provenance={};self.channel=mailbox(self.context,'owner')
                                                                                                                     ~~~~~~~^^^^^^^^^^^^^^^^^^^^^^
  File "/home/auss/git_repos/samaust/Experiments_4DGS/scripts/vipe_benchmark/s1_progress.py", line 611, in mailbox
    channel=socket.socket(socket.AF_UNIX,socket.SOCK_DGRAM)
  File "/usr/lib/python3.14/socket.py", line 236, in __init__
    _socket.socket.__init__(self, family, type, proto, fileno)
    ~~~~~~~~~~~~~~~~~~~~~~~^^^^^^^^^^^^^^^^^^^^^^^^^^^^^^^^^^^
PermissionError: [Errno 1] Operation not permitted

======================================================================
ERROR: test_progress_plan047_state_authority (test_vipe_benchmark_supervisor.HelperSessionTests.test_progress_plan047_state_authority) (kind='fallback_no_unique_version')
----------------------------------------------------------------------
Traceback (most recent call last):
  File "/home/auss/git_repos/samaust/Experiments_4DGS/tests/test_vipe_benchmark_supervisor.py", line 2945, in test_progress_plan047_state_authority
    with self.subTest(**case),plan047_state(active_fixture,Path(temp)/case['kind'],qualified=case['kind'] not in ('worker_qualified_overclaim','produced_then_semantic_failure','first_identity_semantics')) as state:
                              ~~~~~~~~~~~~~^^^^^^^^^^^^^^^^^^^^^^^^^^^^^^^^^^^^^^^^^^^^^^^^^^^^^^^^^^^^^^^^^^^^^^^^^^^^^^^^^^^^^^^^^^^^^^^^^^^^^^^^^^^^^^^^^^^^^^^^^^^^^^^^^^^^^^^^^^^^^^^^^^^^^^^^^^^^^^^^^
  File "/usr/lib/python3.14/contextlib.py", line 141, in __enter__
    return next(self.gen)
  File "/home/auss/git_repos/samaust/Experiments_4DGS/tests/test_vipe_benchmark_s1_helper_fixtures.py", line 433, in state
    consumer=p.Consumer(reference,cache,lambda:cancelled[0],lambda producer:(binding,1))
  File "/home/auss/git_repos/samaust/Experiments_4DGS/scripts/vipe_benchmark/s1_progress.py", line 815, in __init__
    self.cancelled=cancelled;self.bindings=bindings;self.current={};self.previous={};self.provenance={};self.channel=mailbox(self.context,'owner')
                                                                                                                     ~~~~~~~^^^^^^^^^^^^^^^^^^^^^^
  File "/home/auss/git_repos/samaust/Experiments_4DGS/scripts/vipe_benchmark/s1_progress.py", line 611, in mailbox
    channel=socket.socket(socket.AF_UNIX,socket.SOCK_DGRAM)
  File "/usr/lib/python3.14/socket.py", line 236, in __init__
    _socket.socket.__init__(self, family, type, proto, fileno)
    ~~~~~~~~~~~~~~~~~~~~~~~^^^^^^^^^^^^^^^^^^^^^^^^^^^^^^^^^^^
PermissionError: [Errno 1] Operation not permitted

======================================================================
ERROR: test_progress_plan047_state_authority (test_vipe_benchmark_supervisor.HelperSessionTests.test_progress_plan047_state_authority) (kind='fallback_invalidated')
----------------------------------------------------------------------
Traceback (most recent call last):
  File "/home/auss/git_repos/samaust/Experiments_4DGS/tests/test_vipe_benchmark_supervisor.py", line 2945, in test_progress_plan047_state_authority
    with self.subTest(**case),plan047_state(active_fixture,Path(temp)/case['kind'],qualified=case['kind'] not in ('worker_qualified_overclaim','produced_then_semantic_failure','first_identity_semantics')) as state:
                              ~~~~~~~~~~~~~^^^^^^^^^^^^^^^^^^^^^^^^^^^^^^^^^^^^^^^^^^^^^^^^^^^^^^^^^^^^^^^^^^^^^^^^^^^^^^^^^^^^^^^^^^^^^^^^^^^^^^^^^^^^^^^^^^^^^^^^^^^^^^^^^^^^^^^^^^^^^^^^^^^^^^^^^^^^^^^^^
  File "/usr/lib/python3.14/contextlib.py", line 141, in __enter__
    return next(self.gen)
  File "/home/auss/git_repos/samaust/Experiments_4DGS/tests/test_vipe_benchmark_s1_helper_fixtures.py", line 433, in state
    consumer=p.Consumer(reference,cache,lambda:cancelled[0],lambda producer:(binding,1))
  File "/home/auss/git_repos/samaust/Experiments_4DGS/scripts/vipe_benchmark/s1_progress.py", line 815, in __init__
    self.cancelled=cancelled;self.bindings=bindings;self.current={};self.previous={};self.provenance={};self.channel=mailbox(self.context,'owner')
                                                                                                                     ~~~~~~~^^^^^^^^^^^^^^^^^^^^^^
  File "/home/auss/git_repos/samaust/Experiments_4DGS/scripts/vipe_benchmark/s1_progress.py", line 611, in mailbox
    channel=socket.socket(socket.AF_UNIX,socket.SOCK_DGRAM)
  File "/usr/lib/python3.14/socket.py", line 236, in __init__
    _socket.socket.__init__(self, family, type, proto, fileno)
    ~~~~~~~~~~~~~~~~~~~~~~~^^^^^^^^^^^^^^^^^^^^^^^^^^^^^^^^^^^
PermissionError: [Errno 1] Operation not permitted

======================================================================
ERROR: test_progress_plan047_state_authority (test_vipe_benchmark_supervisor.HelperSessionTests.test_progress_plan047_state_authority) (kind='conflict_to_closed')
----------------------------------------------------------------------
Traceback (most recent call last):
  File "/home/auss/git_repos/samaust/Experiments_4DGS/tests/test_vipe_benchmark_supervisor.py", line 2945, in test_progress_plan047_state_authority
    with self.subTest(**case),plan047_state(active_fixture,Path(temp)/case['kind'],qualified=case['kind'] not in ('worker_qualified_overclaim','produced_then_semantic_failure','first_identity_semantics')) as state:
                              ~~~~~~~~~~~~~^^^^^^^^^^^^^^^^^^^^^^^^^^^^^^^^^^^^^^^^^^^^^^^^^^^^^^^^^^^^^^^^^^^^^^^^^^^^^^^^^^^^^^^^^^^^^^^^^^^^^^^^^^^^^^^^^^^^^^^^^^^^^^^^^^^^^^^^^^^^^^^^^^^^^^^^^^^^^^^^^
  File "/usr/lib/python3.14/contextlib.py", line 141, in __enter__
    return next(self.gen)
  File "/home/auss/git_repos/samaust/Experiments_4DGS/tests/test_vipe_benchmark_s1_helper_fixtures.py", line 433, in state
    consumer=p.Consumer(reference,cache,lambda:cancelled[0],lambda producer:(binding,1))
  File "/home/auss/git_repos/samaust/Experiments_4DGS/scripts/vipe_benchmark/s1_progress.py", line 815, in __init__
    self.cancelled=cancelled;self.bindings=bindings;self.current={};self.previous={};self.provenance={};self.channel=mailbox(self.context,'owner')
                                                                                                                     ~~~~~~~^^^^^^^^^^^^^^^^^^^^^^
  File "/home/auss/git_repos/samaust/Experiments_4DGS/scripts/vipe_benchmark/s1_progress.py", line 611, in mailbox
    channel=socket.socket(socket.AF_UNIX,socket.SOCK_DGRAM)
  File "/usr/lib/python3.14/socket.py", line 236, in __init__
    _socket.socket.__init__(self, family, type, proto, fileno)
    ~~~~~~~~~~~~~~~~~~~~~~~^^^^^^^^^^^^^^^^^^^^^^^^^^^^^^^^^^^
PermissionError: [Errno 1] Operation not permitted

======================================================================
ERROR: test_progress_plan047_state_authority (test_vipe_benchmark_supervisor.HelperSessionTests.test_progress_plan047_state_authority) (kind='overflow_to_closed')
----------------------------------------------------------------------
Traceback (most recent call last):
  File "/home/auss/git_repos/samaust/Experiments_4DGS/tests/test_vipe_benchmark_supervisor.py", line 2945, in test_progress_plan047_state_authority
    with self.subTest(**case),plan047_state(active_fixture,Path(temp)/case['kind'],qualified=case['kind'] not in ('worker_qualified_overclaim','produced_then_semantic_failure','first_identity_semantics')) as state:
                              ~~~~~~~~~~~~~^^^^^^^^^^^^^^^^^^^^^^^^^^^^^^^^^^^^^^^^^^^^^^^^^^^^^^^^^^^^^^^^^^^^^^^^^^^^^^^^^^^^^^^^^^^^^^^^^^^^^^^^^^^^^^^^^^^^^^^^^^^^^^^^^^^^^^^^^^^^^^^^^^^^^^^^^^^^^^^^^
  File "/usr/lib/python3.14/contextlib.py", line 141, in __enter__
    return next(self.gen)
  File "/home/auss/git_repos/samaust/Experiments_4DGS/tests/test_vipe_benchmark_s1_helper_fixtures.py", line 433, in state
    consumer=p.Consumer(reference,cache,lambda:cancelled[0],lambda producer:(binding,1))
  File "/home/auss/git_repos/samaust/Experiments_4DGS/scripts/vipe_benchmark/s1_progress.py", line 815, in __init__
    self.cancelled=cancelled;self.bindings=bindings;self.current={};self.previous={};self.provenance={};self.channel=mailbox(self.context,'owner')
                                                                                                                     ~~~~~~~^^^^^^^^^^^^^^^^^^^^^^
  File "/home/auss/git_repos/samaust/Experiments_4DGS/scripts/vipe_benchmark/s1_progress.py", line 611, in mailbox
    channel=socket.socket(socket.AF_UNIX,socket.SOCK_DGRAM)
  File "/usr/lib/python3.14/socket.py", line 236, in __init__
    _socket.socket.__init__(self, family, type, proto, fileno)
    ~~~~~~~~~~~~~~~~~~~~~~~^^^^^^^^^^^^^^^^^^^^^^^^^^^^^^^^^^^
PermissionError: [Errno 1] Operation not permitted

======================================================================
ERROR: test_progress_plan047_state_authority (test_vipe_benchmark_supervisor.HelperSessionTests.test_progress_plan047_state_authority) (kind='overflow_to_incomplete')
----------------------------------------------------------------------
Traceback (most recent call last):
  File "/home/auss/git_repos/samaust/Experiments_4DGS/tests/test_vipe_benchmark_supervisor.py", line 2945, in test_progress_plan047_state_authority
    with self.subTest(**case),plan047_state(active_fixture,Path(temp)/case['kind'],qualified=case['kind'] not in ('worker_qualified_overclaim','produced_then_semantic_failure','first_identity_semantics')) as state:
                              ~~~~~~~~~~~~~^^^^^^^^^^^^^^^^^^^^^^^^^^^^^^^^^^^^^^^^^^^^^^^^^^^^^^^^^^^^^^^^^^^^^^^^^^^^^^^^^^^^^^^^^^^^^^^^^^^^^^^^^^^^^^^^^^^^^^^^^^^^^^^^^^^^^^^^^^^^^^^^^^^^^^^^^^^^^^^^^
  File "/usr/lib/python3.14/contextlib.py", line 141, in __enter__
    return next(self.gen)
  File "/home/auss/git_repos/samaust/Experiments_4DGS/tests/test_vipe_benchmark_s1_helper_fixtures.py", line 433, in state
    consumer=p.Consumer(reference,cache,lambda:cancelled[0],lambda producer:(binding,1))
  File "/home/auss/git_repos/samaust/Experiments_4DGS/scripts/vipe_benchmark/s1_progress.py", line 815, in __init__
    self.cancelled=cancelled;self.bindings=bindings;self.current={};self.previous={};self.provenance={};self.channel=mailbox(self.context,'owner')
                                                                                                                     ~~~~~~~^^^^^^^^^^^^^^^^^^^^^^
  File "/home/auss/git_repos/samaust/Experiments_4DGS/scripts/vipe_benchmark/s1_progress.py", line 611, in mailbox
    channel=socket.socket(socket.AF_UNIX,socket.SOCK_DGRAM)
  File "/usr/lib/python3.14/socket.py", line 236, in __init__
    _socket.socket.__init__(self, family, type, proto, fileno)
    ~~~~~~~~~~~~~~~~~~~~~~~^^^^^^^^^^^^^^^^^^^^^^^^^^^^^^^^^^^
PermissionError: [Errno 1] Operation not permitted

======================================================================
ERROR: test_progress_plan047_state_authority (test_vipe_benchmark_supervisor.HelperSessionTests.test_progress_plan047_state_authority) (kind='conflict_plus_overflow')
----------------------------------------------------------------------
Traceback (most recent call last):
  File "/home/auss/git_repos/samaust/Experiments_4DGS/tests/test_vipe_benchmark_supervisor.py", line 2945, in test_progress_plan047_state_authority
    with self.subTest(**case),plan047_state(active_fixture,Path(temp)/case['kind'],qualified=case['kind'] not in ('worker_qualified_overclaim','produced_then_semantic_failure','first_identity_semantics')) as state:
                              ~~~~~~~~~~~~~^^^^^^^^^^^^^^^^^^^^^^^^^^^^^^^^^^^^^^^^^^^^^^^^^^^^^^^^^^^^^^^^^^^^^^^^^^^^^^^^^^^^^^^^^^^^^^^^^^^^^^^^^^^^^^^^^^^^^^^^^^^^^^^^^^^^^^^^^^^^^^^^^^^^^^^^^^^^^^^^^
  File "/usr/lib/python3.14/contextlib.py", line 141, in __enter__
    return next(self.gen)
  File "/home/auss/git_repos/samaust/Experiments_4DGS/tests/test_vipe_benchmark_s1_helper_fixtures.py", line 433, in state
    consumer=p.Consumer(reference,cache,lambda:cancelled[0],lambda producer:(binding,1))
  File "/home/auss/git_repos/samaust/Experiments_4DGS/scripts/vipe_benchmark/s1_progress.py", line 815, in __init__
    self.cancelled=cancelled;self.bindings=bindings;self.current={};self.previous={};self.provenance={};self.channel=mailbox(self.context,'owner')
                                                                                                                     ~~~~~~~^^^^^^^^^^^^^^^^^^^^^^
  File "/home/auss/git_repos/samaust/Experiments_4DGS/scripts/vipe_benchmark/s1_progress.py", line 611, in mailbox
    channel=socket.socket(socket.AF_UNIX,socket.SOCK_DGRAM)
  File "/usr/lib/python3.14/socket.py", line 236, in __init__
    _socket.socket.__init__(self, family, type, proto, fileno)
    ~~~~~~~~~~~~~~~~~~~~~~~^^^^^^^^^^^^^^^^^^^^^^^^^^^^^^^^^^^
PermissionError: [Errno 1] Operation not permitted

======================================================================
ERROR: test_progress_plan047_state_authority (test_vipe_benchmark_supervisor.HelperSessionTests.test_progress_plan047_state_authority) (kind='errors_saturation')
----------------------------------------------------------------------
Traceback (most recent call last):
  File "/home/auss/git_repos/samaust/Experiments_4DGS/tests/test_vipe_benchmark_supervisor.py", line 2945, in test_progress_plan047_state_authority
    with self.subTest(**case),plan047_state(active_fixture,Path(temp)/case['kind'],qualified=case['kind'] not in ('worker_qualified_overclaim','produced_then_semantic_failure','first_identity_semantics')) as state:
                              ~~~~~~~~~~~~~^^^^^^^^^^^^^^^^^^^^^^^^^^^^^^^^^^^^^^^^^^^^^^^^^^^^^^^^^^^^^^^^^^^^^^^^^^^^^^^^^^^^^^^^^^^^^^^^^^^^^^^^^^^^^^^^^^^^^^^^^^^^^^^^^^^^^^^^^^^^^^^^^^^^^^^^^^^^^^^^^
  File "/usr/lib/python3.14/contextlib.py", line 141, in __enter__
    return next(self.gen)
  File "/home/auss/git_repos/samaust/Experiments_4DGS/tests/test_vipe_benchmark_s1_helper_fixtures.py", line 433, in state
    consumer=p.Consumer(reference,cache,lambda:cancelled[0],lambda producer:(binding,1))
  File "/home/auss/git_repos/samaust/Experiments_4DGS/scripts/vipe_benchmark/s1_progress.py", line 815, in __init__
    self.cancelled=cancelled;self.bindings=bindings;self.current={};self.previous={};self.provenance={};self.channel=mailbox(self.context,'owner')
                                                                                                                     ~~~~~~~^^^^^^^^^^^^^^^^^^^^^^
  File "/home/auss/git_repos/samaust/Experiments_4DGS/scripts/vipe_benchmark/s1_progress.py", line 611, in mailbox
    channel=socket.socket(socket.AF_UNIX,socket.SOCK_DGRAM)
  File "/usr/lib/python3.14/socket.py", line 236, in __init__
    _socket.socket.__init__(self, family, type, proto, fileno)
    ~~~~~~~~~~~~~~~~~~~~~~~^^^^^^^^^^^^^^^^^^^^^^^^^^^^^^^^^^^
PermissionError: [Errno 1] Operation not permitted

======================================================================
ERROR: test_progress_plan047_state_authority (test_vipe_benchmark_supervisor.HelperSessionTests.test_progress_plan047_state_authority) (kind='diagnostics_drop_regression')
----------------------------------------------------------------------
Traceback (most recent call last):
  File "/home/auss/git_repos/samaust/Experiments_4DGS/tests/test_vipe_benchmark_supervisor.py", line 2945, in test_progress_plan047_state_authority
    with self.subTest(**case),plan047_state(active_fixture,Path(temp)/case['kind'],qualified=case['kind'] not in ('worker_qualified_overclaim','produced_then_semantic_failure','first_identity_semantics')) as state:
                              ~~~~~~~~~~~~~^^^^^^^^^^^^^^^^^^^^^^^^^^^^^^^^^^^^^^^^^^^^^^^^^^^^^^^^^^^^^^^^^^^^^^^^^^^^^^^^^^^^^^^^^^^^^^^^^^^^^^^^^^^^^^^^^^^^^^^^^^^^^^^^^^^^^^^^^^^^^^^^^^^^^^^^^^^^^^^^^
  File "/usr/lib/python3.14/contextlib.py", line 141, in __enter__
    return next(self.gen)
  File "/home/auss/git_repos/samaust/Experiments_4DGS/tests/test_vipe_benchmark_s1_helper_fixtures.py", line 433, in state
    consumer=p.Consumer(reference,cache,lambda:cancelled[0],lambda producer:(binding,1))
  File "/home/auss/git_repos/samaust/Experiments_4DGS/scripts/vipe_benchmark/s1_progress.py", line 815, in __init__
    self.cancelled=cancelled;self.bindings=bindings;self.current={};self.previous={};self.provenance={};self.channel=mailbox(self.context,'owner')
                                                                                                                     ~~~~~~~^^^^^^^^^^^^^^^^^^^^^^
  File "/home/auss/git_repos/samaust/Experiments_4DGS/scripts/vipe_benchmark/s1_progress.py", line 611, in mailbox
    channel=socket.socket(socket.AF_UNIX,socket.SOCK_DGRAM)
  File "/usr/lib/python3.14/socket.py", line 236, in __init__
    _socket.socket.__init__(self, family, type, proto, fileno)
    ~~~~~~~~~~~~~~~~~~~~~~~^^^^^^^^^^^^^^^^^^^^^^^^^^^^^^^^^^^
PermissionError: [Errno 1] Operation not permitted

======================================================================
ERROR: test_progress_plan047_state_authority (test_vipe_benchmark_supervisor.HelperSessionTests.test_progress_plan047_state_authority) (kind='diagnostics_primary_replaced')
----------------------------------------------------------------------
Traceback (most recent call last):
  File "/home/auss/git_repos/samaust/Experiments_4DGS/tests/test_vipe_benchmark_supervisor.py", line 2945, in test_progress_plan047_state_authority
    with self.subTest(**case),plan047_state(active_fixture,Path(temp)/case['kind'],qualified=case['kind'] not in ('worker_qualified_overclaim','produced_then_semantic_failure','first_identity_semantics')) as state:
                              ~~~~~~~~~~~~~^^^^^^^^^^^^^^^^^^^^^^^^^^^^^^^^^^^^^^^^^^^^^^^^^^^^^^^^^^^^^^^^^^^^^^^^^^^^^^^^^^^^^^^^^^^^^^^^^^^^^^^^^^^^^^^^^^^^^^^^^^^^^^^^^^^^^^^^^^^^^^^^^^^^^^^^^^^^^^^^^
  File "/usr/lib/python3.14/contextlib.py", line 141, in __enter__
    return next(self.gen)
  File "/home/auss/git_repos/samaust/Experiments_4DGS/tests/test_vipe_benchmark_s1_helper_fixtures.py", line 433, in state
    consumer=p.Consumer(reference,cache,lambda:cancelled[0],lambda producer:(binding,1))
  File "/home/auss/git_repos/samaust/Experiments_4DGS/scripts/vipe_benchmark/s1_progress.py", line 815, in __init__
    self.cancelled=cancelled;self.bindings=bindings;self.current={};self.previous={};self.provenance={};self.channel=mailbox(self.context,'owner')
                                                                                                                     ~~~~~~~^^^^^^^^^^^^^^^^^^^^^^
  File "/home/auss/git_repos/samaust/Experiments_4DGS/scripts/vipe_benchmark/s1_progress.py", line 611, in mailbox
    channel=socket.socket(socket.AF_UNIX,socket.SOCK_DGRAM)
  File "/usr/lib/python3.14/socket.py", line 236, in __init__
    _socket.socket.__init__(self, family, type, proto, fileno)
    ~~~~~~~~~~~~~~~~~~~~~~~^^^^^^^^^^^^^^^^^^^^^^^^^^^^^^^^^^^
PermissionError: [Errno 1] Operation not permitted

======================================================================
ERROR: test_progress_plan047_state_authority (test_vipe_benchmark_supervisor.HelperSessionTests.test_progress_plan047_state_authority) (kind='checkpoint_v1_rejected')
----------------------------------------------------------------------
Traceback (most recent call last):
  File "/home/auss/git_repos/samaust/Experiments_4DGS/tests/test_vipe_benchmark_supervisor.py", line 2945, in test_progress_plan047_state_authority
    with self.subTest(**case),plan047_state(active_fixture,Path(temp)/case['kind'],qualified=case['kind'] not in ('worker_qualified_overclaim','produced_then_semantic_failure','first_identity_semantics')) as state:
                              ~~~~~~~~~~~~~^^^^^^^^^^^^^^^^^^^^^^^^^^^^^^^^^^^^^^^^^^^^^^^^^^^^^^^^^^^^^^^^^^^^^^^^^^^^^^^^^^^^^^^^^^^^^^^^^^^^^^^^^^^^^^^^^^^^^^^^^^^^^^^^^^^^^^^^^^^^^^^^^^^^^^^^^^^^^^^^^
  File "/usr/lib/python3.14/contextlib.py", line 141, in __enter__
    return next(self.gen)
  File "/home/auss/git_repos/samaust/Experiments_4DGS/tests/test_vipe_benchmark_s1_helper_fixtures.py", line 433, in state
    consumer=p.Consumer(reference,cache,lambda:cancelled[0],lambda producer:(binding,1))
  File "/home/auss/git_repos/samaust/Experiments_4DGS/scripts/vipe_benchmark/s1_progress.py", line 815, in __init__
    self.cancelled=cancelled;self.bindings=bindings;self.current={};self.previous={};self.provenance={};self.channel=mailbox(self.context,'owner')
                                                                                                                     ~~~~~~~^^^^^^^^^^^^^^^^^^^^^^
  File "/home/auss/git_repos/samaust/Experiments_4DGS/scripts/vipe_benchmark/s1_progress.py", line 611, in mailbox
    channel=socket.socket(socket.AF_UNIX,socket.SOCK_DGRAM)
  File "/usr/lib/python3.14/socket.py", line 236, in __init__
    _socket.socket.__init__(self, family, type, proto, fileno)
    ~~~~~~~~~~~~~~~~~~~~~~~^^^^^^^^^^^^^^^^^^^^^^^^^^^^^^^^^^^
PermissionError: [Errno 1] Operation not permitted

======================================================================
ERROR: test_progress_plan047_state_authority (test_vipe_benchmark_supervisor.HelperSessionTests.test_progress_plan047_state_authority) (kind='qualification_regression')
----------------------------------------------------------------------
Traceback (most recent call last):
  File "/home/auss/git_repos/samaust/Experiments_4DGS/tests/test_vipe_benchmark_supervisor.py", line 2945, in test_progress_plan047_state_authority
    with self.subTest(**case),plan047_state(active_fixture,Path(temp)/case['kind'],qualified=case['kind'] not in ('worker_qualified_overclaim','produced_then_semantic_failure','first_identity_semantics')) as state:
                              ~~~~~~~~~~~~~^^^^^^^^^^^^^^^^^^^^^^^^^^^^^^^^^^^^^^^^^^^^^^^^^^^^^^^^^^^^^^^^^^^^^^^^^^^^^^^^^^^^^^^^^^^^^^^^^^^^^^^^^^^^^^^^^^^^^^^^^^^^^^^^^^^^^^^^^^^^^^^^^^^^^^^^^^^^^^^^^
  File "/usr/lib/python3.14/contextlib.py", line 141, in __enter__
    return next(self.gen)
  File "/home/auss/git_repos/samaust/Experiments_4DGS/tests/test_vipe_benchmark_s1_helper_fixtures.py", line 433, in state
    consumer=p.Consumer(reference,cache,lambda:cancelled[0],lambda producer:(binding,1))
  File "/home/auss/git_repos/samaust/Experiments_4DGS/scripts/vipe_benchmark/s1_progress.py", line 815, in __init__
    self.cancelled=cancelled;self.bindings=bindings;self.current={};self.previous={};self.provenance={};self.channel=mailbox(self.context,'owner')
                                                                                                                     ~~~~~~~^^^^^^^^^^^^^^^^^^^^^^
  File "/home/auss/git_repos/samaust/Experiments_4DGS/scripts/vipe_benchmark/s1_progress.py", line 611, in mailbox
    channel=socket.socket(socket.AF_UNIX,socket.SOCK_DGRAM)
  File "/usr/lib/python3.14/socket.py", line 236, in __init__
    _socket.socket.__init__(self, family, type, proto, fileno)
    ~~~~~~~~~~~~~~~~~~~~~~~^^^^^^^^^^^^^^^^^^^^^^^^^^^^^^^^^^^
PermissionError: [Errno 1] Operation not permitted

======================================================================
ERROR: test_progress_plan047_state_authority (test_vipe_benchmark_supervisor.HelperSessionTests.test_progress_plan047_state_authority) (kind='first_runtime_regression')
----------------------------------------------------------------------
Traceback (most recent call last):
  File "/home/auss/git_repos/samaust/Experiments_4DGS/tests/test_vipe_benchmark_supervisor.py", line 2945, in test_progress_plan047_state_authority
    with self.subTest(**case),plan047_state(active_fixture,Path(temp)/case['kind'],qualified=case['kind'] not in ('worker_qualified_overclaim','produced_then_semantic_failure','first_identity_semantics')) as state:
                              ~~~~~~~~~~~~~^^^^^^^^^^^^^^^^^^^^^^^^^^^^^^^^^^^^^^^^^^^^^^^^^^^^^^^^^^^^^^^^^^^^^^^^^^^^^^^^^^^^^^^^^^^^^^^^^^^^^^^^^^^^^^^^^^^^^^^^^^^^^^^^^^^^^^^^^^^^^^^^^^^^^^^^^^^^^^^^^
  File "/usr/lib/python3.14/contextlib.py", line 141, in __enter__
    return next(self.gen)
  File "/home/auss/git_repos/samaust/Experiments_4DGS/tests/test_vipe_benchmark_s1_helper_fixtures.py", line 433, in state
    consumer=p.Consumer(reference,cache,lambda:cancelled[0],lambda producer:(binding,1))
  File "/home/auss/git_repos/samaust/Experiments_4DGS/scripts/vipe_benchmark/s1_progress.py", line 815, in __init__
    self.cancelled=cancelled;self.bindings=bindings;self.current={};self.previous={};self.provenance={};self.channel=mailbox(self.context,'owner')
                                                                                                                     ~~~~~~~^^^^^^^^^^^^^^^^^^^^^^
  File "/home/auss/git_repos/samaust/Experiments_4DGS/scripts/vipe_benchmark/s1_progress.py", line 611, in mailbox
    channel=socket.socket(socket.AF_UNIX,socket.SOCK_DGRAM)
  File "/usr/lib/python3.14/socket.py", line 236, in __init__
    _socket.socket.__init__(self, family, type, proto, fileno)
    ~~~~~~~~~~~~~~~~~~~~~~~^^^^^^^^^^^^^^^^^^^^^^^^^^^^^^^^^^^
PermissionError: [Errno 1] Operation not permitted

======================================================================
ERROR: test_progress_plan047_state_authority (test_vipe_benchmark_supervisor.HelperSessionTests.test_progress_plan047_state_authority) (kind='acceptance_regression')
----------------------------------------------------------------------
Traceback (most recent call last):
  File "/home/auss/git_repos/samaust/Experiments_4DGS/tests/test_vipe_benchmark_supervisor.py", line 2945, in test_progress_plan047_state_authority
    with self.subTest(**case),plan047_state(active_fixture,Path(temp)/case['kind'],qualified=case['kind'] not in ('worker_qualified_overclaim','produced_then_semantic_failure','first_identity_semantics')) as state:
                              ~~~~~~~~~~~~~^^^^^^^^^^^^^^^^^^^^^^^^^^^^^^^^^^^^^^^^^^^^^^^^^^^^^^^^^^^^^^^^^^^^^^^^^^^^^^^^^^^^^^^^^^^^^^^^^^^^^^^^^^^^^^^^^^^^^^^^^^^^^^^^^^^^^^^^^^^^^^^^^^^^^^^^^^^^^^^^^
  File "/usr/lib/python3.14/contextlib.py", line 141, in __enter__
    return next(self.gen)
  File "/home/auss/git_repos/samaust/Experiments_4DGS/tests/test_vipe_benchmark_s1_helper_fixtures.py", line 433, in state
    consumer=p.Consumer(reference,cache,lambda:cancelled[0],lambda producer:(binding,1))
  File "/home/auss/git_repos/samaust/Experiments_4DGS/scripts/vipe_benchmark/s1_progress.py", line 815, in __init__
    self.cancelled=cancelled;self.bindings=bindings;self.current={};self.previous={};self.provenance={};self.channel=mailbox(self.context,'owner')
                                                                                                                     ~~~~~~~^^^^^^^^^^^^^^^^^^^^^^
  File "/home/auss/git_repos/samaust/Experiments_4DGS/scripts/vipe_benchmark/s1_progress.py", line 611, in mailbox
    channel=socket.socket(socket.AF_UNIX,socket.SOCK_DGRAM)
  File "/usr/lib/python3.14/socket.py", line 236, in __init__
    _socket.socket.__init__(self, family, type, proto, fileno)
    ~~~~~~~~~~~~~~~~~~~~~~~^^^^^^^^^^^^^^^^^^^^^^^^^^^^^^^^^^^
PermissionError: [Errno 1] Operation not permitted

======================================================================
ERROR: test_progress_plan047_state_authority (test_vipe_benchmark_supervisor.HelperSessionTests.test_progress_plan047_state_authority) (kind='duplicate_exact')
----------------------------------------------------------------------
Traceback (most recent call last):
  File "/home/auss/git_repos/samaust/Experiments_4DGS/tests/test_vipe_benchmark_supervisor.py", line 2945, in test_progress_plan047_state_authority
    with self.subTest(**case),plan047_state(active_fixture,Path(temp)/case['kind'],qualified=case['kind'] not in ('worker_qualified_overclaim','produced_then_semantic_failure','first_identity_semantics')) as state:
                              ~~~~~~~~~~~~~^^^^^^^^^^^^^^^^^^^^^^^^^^^^^^^^^^^^^^^^^^^^^^^^^^^^^^^^^^^^^^^^^^^^^^^^^^^^^^^^^^^^^^^^^^^^^^^^^^^^^^^^^^^^^^^^^^^^^^^^^^^^^^^^^^^^^^^^^^^^^^^^^^^^^^^^^^^^^^^^^
  File "/usr/lib/python3.14/contextlib.py", line 141, in __enter__
    return next(self.gen)
  File "/home/auss/git_repos/samaust/Experiments_4DGS/tests/test_vipe_benchmark_s1_helper_fixtures.py", line 433, in state
    consumer=p.Consumer(reference,cache,lambda:cancelled[0],lambda producer:(binding,1))
  File "/home/auss/git_repos/samaust/Experiments_4DGS/scripts/vipe_benchmark/s1_progress.py", line 815, in __init__
    self.cancelled=cancelled;self.bindings=bindings;self.current={};self.previous={};self.provenance={};self.channel=mailbox(self.context,'owner')
                                                                                                                     ~~~~~~~^^^^^^^^^^^^^^^^^^^^^^
  File "/home/auss/git_repos/samaust/Experiments_4DGS/scripts/vipe_benchmark/s1_progress.py", line 611, in mailbox
    channel=socket.socket(socket.AF_UNIX,socket.SOCK_DGRAM)
  File "/usr/lib/python3.14/socket.py", line 236, in __init__
    _socket.socket.__init__(self, family, type, proto, fileno)
    ~~~~~~~~~~~~~~~~~~~~~~~^^^^^^^^^^^^^^^^^^^^^^^^^^^^^^^^^^^
PermissionError: [Errno 1] Operation not permitted

======================================================================
ERROR: test_progress_plan047_state_authority (test_vipe_benchmark_supervisor.HelperSessionTests.test_progress_plan047_state_authority) (kind='duplicate_conflict')
----------------------------------------------------------------------
Traceback (most recent call last):
  File "/home/auss/git_repos/samaust/Experiments_4DGS/tests/test_vipe_benchmark_supervisor.py", line 2945, in test_progress_plan047_state_authority
    with self.subTest(**case),plan047_state(active_fixture,Path(temp)/case['kind'],qualified=case['kind'] not in ('worker_qualified_overclaim','produced_then_semantic_failure','first_identity_semantics')) as state:
                              ~~~~~~~~~~~~~^^^^^^^^^^^^^^^^^^^^^^^^^^^^^^^^^^^^^^^^^^^^^^^^^^^^^^^^^^^^^^^^^^^^^^^^^^^^^^^^^^^^^^^^^^^^^^^^^^^^^^^^^^^^^^^^^^^^^^^^^^^^^^^^^^^^^^^^^^^^^^^^^^^^^^^^^^^^^^^^^
  File "/usr/lib/python3.14/contextlib.py", line 141, in __enter__
    return next(self.gen)
  File "/home/auss/git_repos/samaust/Experiments_4DGS/tests/test_vipe_benchmark_s1_helper_fixtures.py", line 433, in state
    consumer=p.Consumer(reference,cache,lambda:cancelled[0],lambda producer:(binding,1))
  File "/home/auss/git_repos/samaust/Experiments_4DGS/scripts/vipe_benchmark/s1_progress.py", line 815, in __init__
    self.cancelled=cancelled;self.bindings=bindings;self.current={};self.previous={};self.provenance={};self.channel=mailbox(self.context,'owner')
                                                                                                                     ~~~~~~~^^^^^^^^^^^^^^^^^^^^^^
  File "/home/auss/git_repos/samaust/Experiments_4DGS/scripts/vipe_benchmark/s1_progress.py", line 611, in mailbox
    channel=socket.socket(socket.AF_UNIX,socket.SOCK_DGRAM)
  File "/usr/lib/python3.14/socket.py", line 236, in __init__
    _socket.socket.__init__(self, family, type, proto, fileno)
    ~~~~~~~~~~~~~~~~~~~~~~~^^^^^^^^^^^^^^^^^^^^^^^^^^^^^^^^^^^
PermissionError: [Errno 1] Operation not permitted

======================================================================
ERROR: test_progress_plan047_state_authority (test_vipe_benchmark_supervisor.HelperSessionTests.test_progress_plan047_state_authority) (kind='sequence_replay')
----------------------------------------------------------------------
Traceback (most recent call last):
  File "/home/auss/git_repos/samaust/Experiments_4DGS/tests/test_vipe_benchmark_supervisor.py", line 2945, in test_progress_plan047_state_authority
    with self.subTest(**case),plan047_state(active_fixture,Path(temp)/case['kind'],qualified=case['kind'] not in ('worker_qualified_overclaim','produced_then_semantic_failure','first_identity_semantics')) as state:
                              ~~~~~~~~~~~~~^^^^^^^^^^^^^^^^^^^^^^^^^^^^^^^^^^^^^^^^^^^^^^^^^^^^^^^^^^^^^^^^^^^^^^^^^^^^^^^^^^^^^^^^^^^^^^^^^^^^^^^^^^^^^^^^^^^^^^^^^^^^^^^^^^^^^^^^^^^^^^^^^^^^^^^^^^^^^^^^^
  File "/usr/lib/python3.14/contextlib.py", line 141, in __enter__
    return next(self.gen)
  File "/home/auss/git_repos/samaust/Experiments_4DGS/tests/test_vipe_benchmark_s1_helper_fixtures.py", line 433, in state
    consumer=p.Consumer(reference,cache,lambda:cancelled[0],lambda producer:(binding,1))
  File "/home/auss/git_repos/samaust/Experiments_4DGS/scripts/vipe_benchmark/s1_progress.py", line 815, in __init__
    self.cancelled=cancelled;self.bindings=bindings;self.current={};self.previous={};self.provenance={};self.channel=mailbox(self.context,'owner')
                                                                                                                     ~~~~~~~^^^^^^^^^^^^^^^^^^^^^^
  File "/home/auss/git_repos/samaust/Experiments_4DGS/scripts/vipe_benchmark/s1_progress.py", line 611, in mailbox
    channel=socket.socket(socket.AF_UNIX,socket.SOCK_DGRAM)
  File "/usr/lib/python3.14/socket.py", line 236, in __init__
    _socket.socket.__init__(self, family, type, proto, fileno)
    ~~~~~~~~~~~~~~~~~~~~~~~^^^^^^^^^^^^^^^^^^^^^^^^^^^^^^^^^^^
PermissionError: [Errno 1] Operation not permitted

======================================================================
ERROR: test_progress_plan047_state_authority (test_vipe_benchmark_supervisor.HelperSessionTests.test_progress_plan047_state_authority) (kind='sequence_jump')
----------------------------------------------------------------------
Traceback (most recent call last):
  File "/home/auss/git_repos/samaust/Experiments_4DGS/tests/test_vipe_benchmark_supervisor.py", line 2945, in test_progress_plan047_state_authority
    with self.subTest(**case),plan047_state(active_fixture,Path(temp)/case['kind'],qualified=case['kind'] not in ('worker_qualified_overclaim','produced_then_semantic_failure','first_identity_semantics')) as state:
                              ~~~~~~~~~~~~~^^^^^^^^^^^^^^^^^^^^^^^^^^^^^^^^^^^^^^^^^^^^^^^^^^^^^^^^^^^^^^^^^^^^^^^^^^^^^^^^^^^^^^^^^^^^^^^^^^^^^^^^^^^^^^^^^^^^^^^^^^^^^^^^^^^^^^^^^^^^^^^^^^^^^^^^^^^^^^^^^
  File "/usr/lib/python3.14/contextlib.py", line 141, in __enter__
    return next(self.gen)
  File "/home/auss/git_repos/samaust/Experiments_4DGS/tests/test_vipe_benchmark_s1_helper_fixtures.py", line 433, in state
    consumer=p.Consumer(reference,cache,lambda:cancelled[0],lambda producer:(binding,1))
  File "/home/auss/git_repos/samaust/Experiments_4DGS/scripts/vipe_benchmark/s1_progress.py", line 815, in __init__
    self.cancelled=cancelled;self.bindings=bindings;self.current={};self.previous={};self.provenance={};self.channel=mailbox(self.context,'owner')
                                                                                                                     ~~~~~~~^^^^^^^^^^^^^^^^^^^^^^
  File "/home/auss/git_repos/samaust/Experiments_4DGS/scripts/vipe_benchmark/s1_progress.py", line 611, in mailbox
    channel=socket.socket(socket.AF_UNIX,socket.SOCK_DGRAM)
  File "/usr/lib/python3.14/socket.py", line 236, in __init__
    _socket.socket.__init__(self, family, type, proto, fileno)
    ~~~~~~~~~~~~~~~~~~~~~~~^^^^^^^^^^^^^^^^^^^^^^^^^^^^^^^^^^^
PermissionError: [Errno 1] Operation not permitted

======================================================================
ERROR: test_progress_plan047_state_authority (test_vipe_benchmark_supervisor.HelperSessionTests.test_progress_plan047_state_authority) (kind='request_changed_late')
----------------------------------------------------------------------
Traceback (most recent call last):
  File "/home/auss/git_repos/samaust/Experiments_4DGS/tests/test_vipe_benchmark_supervisor.py", line 2945, in test_progress_plan047_state_authority
    with self.subTest(**case),plan047_state(active_fixture,Path(temp)/case['kind'],qualified=case['kind'] not in ('worker_qualified_overclaim','produced_then_semantic_failure','first_identity_semantics')) as state:
                              ~~~~~~~~~~~~~^^^^^^^^^^^^^^^^^^^^^^^^^^^^^^^^^^^^^^^^^^^^^^^^^^^^^^^^^^^^^^^^^^^^^^^^^^^^^^^^^^^^^^^^^^^^^^^^^^^^^^^^^^^^^^^^^^^^^^^^^^^^^^^^^^^^^^^^^^^^^^^^^^^^^^^^^^^^^^^^^
  File "/usr/lib/python3.14/contextlib.py", line 141, in __enter__
    return next(self.gen)
  File "/home/auss/git_repos/samaust/Experiments_4DGS/tests/test_vipe_benchmark_s1_helper_fixtures.py", line 433, in state
    consumer=p.Consumer(reference,cache,lambda:cancelled[0],lambda producer:(binding,1))
  File "/home/auss/git_repos/samaust/Experiments_4DGS/scripts/vipe_benchmark/s1_progress.py", line 815, in __init__
    self.cancelled=cancelled;self.bindings=bindings;self.current={};self.previous={};self.provenance={};self.channel=mailbox(self.context,'owner')
                                                                                                                     ~~~~~~~^^^^^^^^^^^^^^^^^^^^^^
  File "/home/auss/git_repos/samaust/Experiments_4DGS/scripts/vipe_benchmark/s1_progress.py", line 611, in mailbox
    channel=socket.socket(socket.AF_UNIX,socket.SOCK_DGRAM)
  File "/usr/lib/python3.14/socket.py", line 236, in __init__
    _socket.socket.__init__(self, family, type, proto, fileno)
    ~~~~~~~~~~~~~~~~~~~~~~~^^^^^^^^^^^^^^^^^^^^^^^^^^^^^^^^^^^
PermissionError: [Errno 1] Operation not permitted

======================================================================
ERROR: test_progress_plan048_pure_memo (test_vipe_benchmark_supervisor.HelperSessionTests.test_progress_plan048_pure_memo) (kind='context_changed')
----------------------------------------------------------------------
Traceback (most recent call last):
  File "/home/auss/git_repos/samaust/Experiments_4DGS/tests/test_vipe_benchmark_supervisor.py", line 3722, in test_progress_plan048_pure_memo
    with plan047_state(fixture,root/kind) as state:
         ~~~~~~~~~~~~~^^^^^^^^^^^^^^^^^^^
  File "/usr/lib/python3.14/contextlib.py", line 141, in __enter__
    return next(self.gen)
  File "/home/auss/git_repos/samaust/Experiments_4DGS/tests/test_vipe_benchmark_s1_helper_fixtures.py", line 433, in state
    consumer=p.Consumer(reference,cache,lambda:cancelled[0],lambda producer:(binding,1))
  File "/home/auss/git_repos/samaust/Experiments_4DGS/scripts/vipe_benchmark/s1_progress.py", line 815, in __init__
    self.cancelled=cancelled;self.bindings=bindings;self.current={};self.previous={};self.provenance={};self.channel=mailbox(self.context,'owner')
                                                                                                                     ~~~~~~~^^^^^^^^^^^^^^^^^^^^^^
  File "/home/auss/git_repos/samaust/Experiments_4DGS/scripts/vipe_benchmark/s1_progress.py", line 611, in mailbox
    channel=socket.socket(socket.AF_UNIX,socket.SOCK_DGRAM)
  File "/usr/lib/python3.14/socket.py", line 236, in __init__
    _socket.socket.__init__(self, family, type, proto, fileno)
    ~~~~~~~~~~~~~~~~~~~~~~~^^^^^^^^^^^^^^^^^^^^^^^^^^^^^^^^^^^
PermissionError: [Errno 1] Operation not permitted

======================================================================
ERROR: test_progress_plan048_pure_memo (test_vipe_benchmark_supervisor.HelperSessionTests.test_progress_plan048_pure_memo) (kind='source_changed')
----------------------------------------------------------------------
Traceback (most recent call last):
  File "/home/auss/git_repos/samaust/Experiments_4DGS/tests/test_vipe_benchmark_supervisor.py", line 3722, in test_progress_plan048_pure_memo
    with plan047_state(fixture,root/kind) as state:
         ~~~~~~~~~~~~~^^^^^^^^^^^^^^^^^^^
  File "/usr/lib/python3.14/contextlib.py", line 141, in __enter__
    return next(self.gen)
  File "/home/auss/git_repos/samaust/Experiments_4DGS/tests/test_vipe_benchmark_s1_helper_fixtures.py", line 433, in state
    consumer=p.Consumer(reference,cache,lambda:cancelled[0],lambda producer:(binding,1))
  File "/home/auss/git_repos/samaust/Experiments_4DGS/scripts/vipe_benchmark/s1_progress.py", line 815, in __init__
    self.cancelled=cancelled;self.bindings=bindings;self.current={};self.previous={};self.provenance={};self.channel=mailbox(self.context,'owner')
                                                                                                                     ~~~~~~~^^^^^^^^^^^^^^^^^^^^^^
  File "/home/auss/git_repos/samaust/Experiments_4DGS/scripts/vipe_benchmark/s1_progress.py", line 611, in mailbox
    channel=socket.socket(socket.AF_UNIX,socket.SOCK_DGRAM)
  File "/usr/lib/python3.14/socket.py", line 236, in __init__
    _socket.socket.__init__(self, family, type, proto, fileno)
    ~~~~~~~~~~~~~~~~~~~~~~~^^^^^^^^^^^^^^^^^^^^^^^^^^^^^^^^^^^
PermissionError: [Errno 1] Operation not permitted

======================================================================
FAIL: test_l08_late_owner_retained (test_vipe_benchmark_supervisor.HelperSessionTests.test_l08_late_owner_retained)
----------------------------------------------------------------------
Traceback (most recent call last):
  File "/home/auss/git_repos/samaust/Experiments_4DGS/tests/test_vipe_benchmark_supervisor.py", line 1314, in test_l08_late_owner_retained
    self.assertFalse(session.close(session.cleanup_deadline))
    ~~~~~~~~~~~~~~~~^^^^^^^^^^^^^^^^^^^^^^^^^^^^^^^^^^^^^^^^^
AssertionError: True is not false

======================================================================
FAIL: test_l25_delayed_actual_reserve (test_vipe_benchmark_supervisor.HelperSessionTests.test_l25_delayed_actual_reserve)
----------------------------------------------------------------------
TimeoutError: S1 phase deadline reached

During handling of the above exception, another exception occurred:

Traceback (most recent call last):
  File "/home/auss/git_repos/samaust/Experiments_4DGS/tests/test_vipe_benchmark_supervisor.py", line 1467, in test_l25_delayed_actual_reserve
    def test_l25_delayed_actual_reserve(self): self.admission_rejected('L25',False)
                                               ~~~~~~~~~~~~~~~~~~~~~~~^^^^^^^^^^^^^
  File "/home/auss/git_repos/samaust/Experiments_4DGS/tests/test_vipe_benchmark_supervisor.py", line 1459, in admission_rejected
    with self.assertRaisesRegex(TimeoutError,'setup admission deadline'):
         ~~~~~~~~~~~~~~~~~~~~~~^^^^^^^^^^^^^^^^^^^^^^^^^^^^^^^^^^^^^^^^^
AssertionError: "setup admission deadline" does not match "S1 phase deadline reached"

======================================================================
FAIL: test_l26_equal_actual_reserve (test_vipe_benchmark_supervisor.HelperSessionTests.test_l26_equal_actual_reserve)
----------------------------------------------------------------------
TimeoutError: S1 phase deadline reached

During handling of the above exception, another exception occurred:

Traceback (most recent call last):
  File "/home/auss/git_repos/samaust/Experiments_4DGS/tests/test_vipe_benchmark_supervisor.py", line 1468, in test_l26_equal_actual_reserve
    def test_l26_equal_actual_reserve(self): self.admission_rejected('L26',True)
                                             ~~~~~~~~~~~~~~~~~~~~~~~^^^^^^^^^^^^
  File "/home/auss/git_repos/samaust/Experiments_4DGS/tests/test_vipe_benchmark_supervisor.py", line 1459, in admission_rejected
    with self.assertRaisesRegex(TimeoutError,'setup admission deadline'):
         ~~~~~~~~~~~~~~~~~~~~~~^^^^^^^^^^^^^^^^^^^^^^^^^^^^^^^^^^^^^^^^^
AssertionError: "setup admission deadline" does not match "S1 phase deadline reached"

======================================================================
FAIL: test_progress_p01_worker_deadline (test_vipe_benchmark_supervisor.HelperSessionTests.test_progress_p01_worker_deadline)
----------------------------------------------------------------------
Traceback (most recent call last):
  File "/home/auss/git_repos/samaust/Experiments_4DGS/tests/test_vipe_benchmark_supervisor.py", line 1916, in test_progress_p01_worker_deadline
    def test_progress_p01_worker_deadline(self):self.progress_scenario('P01','progress_worker',supervised=True)
                                                ~~~~~~~~~~~~~~~~~~~~~~^^^^^^^^^^^^^^^^^^^^^^^^^^^^^^^^^^^^^^^^^
  File "/home/auss/git_repos/samaust/Experiments_4DGS/tests/test_vipe_benchmark_supervisor.py", line 1776, in progress_scenario
    if label=='P01':self.assertEqual(caught.kind,'job_deadline')
                    ~~~~~~~~~~~~~~~~^^^^^^^^^^^^^^^^^^^^^^^^^^^^
AssertionError: 'supervisor' != 'job_deadline'
- supervisor
+ job_deadline


======================================================================
FAIL: test_progress_p02_reconcile_interruption (test_vipe_benchmark_supervisor.HelperSessionTests.test_progress_p02_reconcile_interruption)
----------------------------------------------------------------------
Traceback (most recent call last):
  File "/home/auss/git_repos/samaust/Experiments_4DGS/tests/test_vipe_benchmark_supervisor.py", line 1917, in test_progress_p02_reconcile_interruption
    def test_progress_p02_reconcile_interruption(self):self.progress_scenario('P02','progress_block')
                                                       ~~~~~~~~~~~~~~~~~~~~~~^^^^^^^^^^^^^^^^^^^^^^^^
  File "/home/auss/git_repos/samaust/Experiments_4DGS/tests/test_vipe_benchmark_supervisor.py", line 1778, in progress_scenario
    self.assertIsNotNone(reference,dict(outcome=outcome,errors=list(session.owner.errors),progress_error=session.owner.progress_error))
    ~~~~~~~~~~~~~~~~~~~~^^^^^^^^^^^^^^^^^^^^^^^^^^^^^^^^^^^^^^^^^^^^^^^^^^^^^^^^^^^^^^^^^^^^^^^^^^^^^^^^^^^^^^^^^^^^^^^^^^^^^^^^^^^^^^^
AssertionError: unexpectedly None : {'outcome': {'status': 'failed', 'elapsed': 0.1642664779938059, 'error': "ValueError: {'error_class': 'PermissionError', 'message': '[Errno 1] Operation not permitted'}; evidence reconciliation failed: ValueError: progress integrity failure: [Errno 1] Operation not permitted; evidence publication failed: RuntimeError: retained helper unavailable for terminal publication", 'result': None, 'peak': {'device_bytes': 0, 'artifact_bytes': 0, 'download_bytes': 0}, 'surviving_pids': [], 'cleanup_confirmed': True, 'cleanup_uncertain': False, 'failure_kind': 'supervisor', 'stop_required': True, 'primary_failure': {'error_class': 'ValueError', 'message': "{'error_class': 'PermissionError', 'message': '[Errno 1] Operation not permitted'}", 'kind': 'supervisor', 'phase': 'supervisor', 'observed': 75980.000773435, 'stop_required': True}, 'secondary_failures': [{'error_class': 'ValueError', 'message': 'progress integrity failure: [Errno 1] Operation not permitted', 'phase': 'evidence_reconciliation', 'observed': 75980.010979825}, {'error_class': 'RuntimeError', 'message': 'retained helper unavailable for terminal publication', 'phase': 'evidence_publication', 'observed': 75980.011030509}], 'secondary_outcome_kind': 'evidence_publication', 'reservation': {'sequence': 7, 'event_sha256': 'aaaaaaaaaaaaaaaaaaaaaaaaaaaaaaaaaaaaaaaaaaaaaaaaaaaaaaaaaaaaaaaa'}, 'acceptance': None, 'evidence_summary_record': None, 'verified_progress_reference': None, 'terminal_receipt': None, 'terminal_publication_status': 'unavailable', 'helper_ownership': [], 'helper_cleanup_errors': []}, 'errors': [], 'progress_error': {'error_class': 'PermissionError', 'message': '[Errno 1] Operation not permitted'}}

======================================================================
FAIL: test_progress_p03_helper_death (test_vipe_benchmark_supervisor.HelperSessionTests.test_progress_p03_helper_death)
----------------------------------------------------------------------
Traceback (most recent call last):
  File "/home/auss/git_repos/samaust/Experiments_4DGS/tests/test_vipe_benchmark_supervisor.py", line 1918, in test_progress_p03_helper_death
    def test_progress_p03_helper_death(self):self.progress_scenario('P03','progress_death')
                                             ~~~~~~~~~~~~~~~~~~~~~~^^^^^^^^^^^^^^^^^^^^^^^^
  File "/home/auss/git_repos/samaust/Experiments_4DGS/tests/test_vipe_benchmark_supervisor.py", line 1778, in progress_scenario
    self.assertIsNotNone(reference,dict(outcome=outcome,errors=list(session.owner.errors),progress_error=session.owner.progress_error))
    ~~~~~~~~~~~~~~~~~~~~^^^^^^^^^^^^^^^^^^^^^^^^^^^^^^^^^^^^^^^^^^^^^^^^^^^^^^^^^^^^^^^^^^^^^^^^^^^^^^^^^^^^^^^^^^^^^^^^^^^^^^^^^^^^^^^
AssertionError: unexpectedly None : {'outcome': {'status': 'failed', 'elapsed': 0.16422261099796742, 'error': "ValueError: {'error_class': 'PermissionError', 'message': '[Errno 1] Operation not permitted'}; evidence reconciliation failed: ValueError: progress integrity failure: [Errno 1] Operation not permitted; evidence publication failed: RuntimeError: retained helper unavailable for terminal publication", 'result': None, 'peak': {'device_bytes': 0, 'artifact_bytes': 0, 'download_bytes': 0}, 'surviving_pids': [], 'cleanup_confirmed': True, 'cleanup_uncertain': False, 'failure_kind': 'supervisor', 'stop_required': True, 'primary_failure': {'error_class': 'ValueError', 'message': "{'error_class': 'PermissionError', 'message': '[Errno 1] Operation not permitted'}", 'kind': 'supervisor', 'phase': 'supervisor', 'observed': 75980.542080828, 'stop_required': True}, 'secondary_failures': [{'error_class': 'ValueError', 'message': 'progress integrity failure: [Errno 1] Operation not permitted', 'phase': 'evidence_reconciliation', 'observed': 75980.552299313}, {'error_class': 'RuntimeError', 'message': 'retained helper unavailable for terminal publication', 'phase': 'evidence_publication', 'observed': 75980.552341728}], 'secondary_outcome_kind': 'evidence_publication', 'reservation': {'sequence': 7, 'event_sha256': 'aaaaaaaaaaaaaaaaaaaaaaaaaaaaaaaaaaaaaaaaaaaaaaaaaaaaaaaaaaaaaaaa'}, 'acceptance': None, 'evidence_summary_record': None, 'verified_progress_reference': None, 'terminal_receipt': None, 'terminal_publication_status': 'unavailable', 'helper_ownership': [], 'helper_cleanup_errors': []}, 'errors': [], 'progress_error': {'error_class': 'PermissionError', 'message': '[Errno 1] Operation not permitted'}}

======================================================================
FAIL: test_progress_p04_failed_final_sample (test_vipe_benchmark_supervisor.HelperSessionTests.test_progress_p04_failed_final_sample)
----------------------------------------------------------------------
Traceback (most recent call last):
  File "/home/auss/git_repos/samaust/Experiments_4DGS/tests/test_vipe_benchmark_supervisor.py", line 1919, in test_progress_p04_failed_final_sample
    def test_progress_p04_failed_final_sample(self):self.progress_scenario('P04','progress_final',supervised=True)
                                                    ~~~~~~~~~~~~~~~~~~~~~~^^^^^^^^^^^^^^^^^^^^^^^^^^^^^^^^^^^^^^^^
  File "/home/auss/git_repos/samaust/Experiments_4DGS/tests/test_vipe_benchmark_supervisor.py", line 1778, in progress_scenario
    self.assertIsNotNone(reference,dict(outcome=outcome,errors=list(session.owner.errors),progress_error=session.owner.progress_error))
    ~~~~~~~~~~~~~~~~~~~~^^^^^^^^^^^^^^^^^^^^^^^^^^^^^^^^^^^^^^^^^^^^^^^^^^^^^^^^^^^^^^^^^^^^^^^^^^^^^^^^^^^^^^^^^^^^^^^^^^^^^^^^^^^^^^^
AssertionError: unexpectedly None : {'outcome': {'status': 'failed', 'elapsed': 0.16511338399141096, 'error': "ValueError: {'error_class': 'PermissionError', 'message': '[Errno 1] Operation not permitted'}; evidence reconciliation failed: ValueError: progress integrity failure: [Errno 1] Operation not permitted; evidence publication failed: RuntimeError: retained helper unavailable for terminal publication", 'result': None, 'peak': {'device_bytes': 0, 'artifact_bytes': 0, 'download_bytes': 0}, 'surviving_pids': [], 'cleanup_confirmed': True, 'cleanup_uncertain': False, 'failure_kind': 'supervisor', 'stop_required': True, 'primary_failure': {'error_class': 'ValueError', 'message': "{'error_class': 'PermissionError', 'message': '[Errno 1] Operation not permitted'}", 'kind': 'supervisor', 'phase': 'supervisor', 'observed': 75981.103529819, 'stop_required': True}, 'secondary_failures': [{'error_class': 'ValueError', 'message': 'progress integrity failure: [Errno 1] Operation not permitted', 'phase': 'evidence_reconciliation', 'observed': 75981.113721521}, {'error_class': 'RuntimeError', 'message': 'retained helper unavailable for terminal publication', 'phase': 'evidence_publication', 'observed': 75981.113766484}], 'secondary_outcome_kind': 'evidence_publication', 'reservation': {'sequence': 7, 'event_sha256': 'aaaaaaaaaaaaaaaaaaaaaaaaaaaaaaaaaaaaaaaaaaaaaaaaaaaaaaaaaaaaaaaa'}, 'acceptance': None, 'evidence_summary_record': None, 'verified_progress_reference': None, 'terminal_receipt': None, 'terminal_publication_status': 'unavailable', 'helper_ownership': [], 'helper_cleanup_errors': []}, 'errors': [], 'progress_error': {'error_class': 'PermissionError', 'message': '[Errno 1] Operation not permitted'}}

======================================================================
FAIL: test_progress_p05_interrupted_publisher (test_vipe_benchmark_supervisor.HelperSessionTests.test_progress_p05_interrupted_publisher)
----------------------------------------------------------------------
Traceback (most recent call last):
  File "/home/auss/git_repos/samaust/Experiments_4DGS/tests/test_vipe_benchmark_supervisor.py", line 1920, in test_progress_p05_interrupted_publisher
    def test_progress_p05_interrupted_publisher(self):self.progress_scenario('P05','progress_torn')
                                                      ~~~~~~~~~~~~~~~~~~~~~~^^^^^^^^^^^^^^^^^^^^^^^
  File "/home/auss/git_repos/samaust/Experiments_4DGS/tests/test_vipe_benchmark_supervisor.py", line 1778, in progress_scenario
    self.assertIsNotNone(reference,dict(outcome=outcome,errors=list(session.owner.errors),progress_error=session.owner.progress_error))
    ~~~~~~~~~~~~~~~~~~~~^^^^^^^^^^^^^^^^^^^^^^^^^^^^^^^^^^^^^^^^^^^^^^^^^^^^^^^^^^^^^^^^^^^^^^^^^^^^^^^^^^^^^^^^^^^^^^^^^^^^^^^^^^^^^^^
AssertionError: unexpectedly None : {'outcome': {'status': 'failed', 'elapsed': 0.15991082700202242, 'error': "ValueError: {'error_class': 'PermissionError', 'message': '[Errno 1] Operation not permitted'}; evidence reconciliation failed: ValueError: progress integrity failure: [Errno 1] Operation not permitted; evidence publication failed: RuntimeError: retained helper unavailable for terminal publication", 'result': None, 'peak': {'device_bytes': 0, 'artifact_bytes': 0, 'download_bytes': 0}, 'surviving_pids': [], 'cleanup_confirmed': True, 'cleanup_uncertain': False, 'failure_kind': 'supervisor', 'stop_required': True, 'primary_failure': {'error_class': 'ValueError', 'message': "{'error_class': 'PermissionError', 'message': '[Errno 1] Operation not permitted'}", 'kind': 'supervisor', 'phase': 'supervisor', 'observed': 75981.644416932, 'stop_required': True}, 'secondary_failures': [{'error_class': 'ValueError', 'message': 'progress integrity failure: [Errno 1] Operation not permitted', 'phase': 'evidence_reconciliation', 'observed': 75981.654613527}, {'error_class': 'RuntimeError', 'message': 'retained helper unavailable for terminal publication', 'phase': 'evidence_publication', 'observed': 75981.654656552}], 'secondary_outcome_kind': 'evidence_publication', 'reservation': {'sequence': 7, 'event_sha256': 'aaaaaaaaaaaaaaaaaaaaaaaaaaaaaaaaaaaaaaaaaaaaaaaaaaaaaaaaaaaaaaaa'}, 'acceptance': None, 'evidence_summary_record': None, 'verified_progress_reference': None, 'terminal_receipt': None, 'terminal_publication_status': 'unavailable', 'helper_ownership': [], 'helper_cleanup_errors': []}, 'errors': [], 'progress_error': {'error_class': 'PermissionError', 'message': '[Errno 1] Operation not permitted'}}

======================================================================
FAIL: test_progress_p06_blocked_owner (test_vipe_benchmark_supervisor.HelperSessionTests.test_progress_p06_blocked_owner)
----------------------------------------------------------------------
Traceback (most recent call last):
  File "/home/auss/git_repos/samaust/Experiments_4DGS/tests/test_vipe_benchmark_supervisor.py", line 1921, in test_progress_p06_blocked_owner
    def test_progress_p06_blocked_owner(self):self.progress_scenario('P06','progress_normal')
                                              ~~~~~~~~~~~~~~~~~~~~~~^^^^^^^^^^^^^^^^^^^^^^^^^
  File "/home/auss/git_repos/samaust/Experiments_4DGS/tests/test_vipe_benchmark_supervisor.py", line 1777, in progress_scenario
    if label=='P06':self.assertEqual(caught.primary_failure['phase'],'acceptance')
                    ~~~~~~~~~~~~~~~~^^^^^^^^^^^^^^^^^^^^^^^^^^^^^^^^^^^^^^^^^^^^^^
AssertionError: 'supervisor' != 'acceptance'
- supervisor
+ acceptance


======================================================================
FAIL: test_progress_plan046_launch_deadline (test_vipe_benchmark_supervisor.HelperSessionTests.test_progress_plan046_launch_deadline) (kind='equal', offset=0.0)
----------------------------------------------------------------------
Traceback (most recent call last):
  File "/home/auss/git_repos/samaust/Experiments_4DGS/tests/test_vipe_benchmark_supervisor.py", line 2126, in test_progress_plan046_launch_deadline
    if case['kind']!='before':self.assertIn('immediately before worker launch',outcome['error'])
                              ~~~~~~~~~~~~~^^^^^^^^^^^^^^^^^^^^^^^^^^^^^^^^^^^^^^^^^^^^^^^^^^^^^
AssertionError: 'immediately before worker launch' not found in 'TimeoutError: S1 original work deadline after progress installation; evidence publication failed: ValueError: S1 charged terminal publisher required'

======================================================================
FAIL: test_progress_plan046_launch_deadline (test_vipe_benchmark_supervisor.HelperSessionTests.test_progress_plan046_launch_deadline) (kind='after', offset=0.001)
----------------------------------------------------------------------
Traceback (most recent call last):
  File "/home/auss/git_repos/samaust/Experiments_4DGS/tests/test_vipe_benchmark_supervisor.py", line 2126, in test_progress_plan046_launch_deadline
    if case['kind']!='before':self.assertIn('immediately before worker launch',outcome['error'])
                              ~~~~~~~~~~~~~^^^^^^^^^^^^^^^^^^^^^^^^^^^^^^^^^^^^^^^^^^^^^^^^^^^^^
AssertionError: 'immediately before worker launch' not found in 'TimeoutError: S1 original work deadline after progress installation; evidence publication failed: ValueError: S1 charged terminal publisher required'

======================================================================
FAIL: test_progress_plan047_ownership (test_vipe_benchmark_supervisor.HelperSessionTests.test_progress_plan047_ownership) (kind='paired_env_foreign_output')
----------------------------------------------------------------------
ValueError: stale file record bytes or hash

During handling of the above exception, another exception occurred:

Traceback (most recent call last):
  File "/home/auss/git_repos/samaust/Experiments_4DGS/tests/test_vipe_benchmark_supervisor.py", line 2803, in test_progress_plan047_ownership
    with self.assertRaisesRegex(ValueError,expected_error):h.owned_workload(original_path)
         ~~~~~~~~~~~~~~~~~~~~~~^^^^^^^^^^^^^^^^^^^^^^^^^^^
AssertionError: "output/command binding" does not match "stale file record bytes or hash"

======================================================================
FAIL: test_progress_plan047_ownership (test_vipe_benchmark_supervisor.HelperSessionTests.test_progress_plan047_ownership) (kind='stale_dispatch016')
----------------------------------------------------------------------
ValueError: stale file record bytes or hash

During handling of the above exception, another exception occurred:

Traceback (most recent call last):
  File "/home/auss/git_repos/samaust/Experiments_4DGS/tests/test_vipe_benchmark_supervisor.py", line 2803, in test_progress_plan047_ownership
    with self.assertRaisesRegex(ValueError,expected_error):h.owned_workload(original_path)
         ~~~~~~~~~~~~~~~~~~~~~~^^^^^^^^^^^^^^^^^^^^^^^^^^^
AssertionError: "dispatch/plan/status" does not match "stale file record bytes or hash"

======================================================================
FAIL: test_progress_plan047_ownership (test_vipe_benchmark_supervisor.HelperSessionTests.test_progress_plan047_ownership) (kind='forged_dispatch_env')
----------------------------------------------------------------------
ValueError: stale file record bytes or hash

During handling of the above exception, another exception occurred:

Traceback (most recent call last):
  File "/home/auss/git_repos/samaust/Experiments_4DGS/tests/test_vipe_benchmark_supervisor.py", line 2803, in test_progress_plan047_ownership
    with self.assertRaisesRegex(ValueError,expected_error):h.owned_workload(original_path)
         ~~~~~~~~~~~~~~~~~~~~~~^^^^^^^^^^^^^^^^^^^^^^^^^^^
AssertionError: "dispatch/plan/status" does not match "stale file record bytes or hash"

======================================================================
FAIL: test_progress_plan047_ownership (test_vipe_benchmark_supervisor.HelperSessionTests.test_progress_plan047_ownership) (kind='ancestor_empty')
----------------------------------------------------------------------
ValueError: stale file record bytes or hash

During handling of the above exception, another exception occurred:

Traceback (most recent call last):
  File "/home/auss/git_repos/samaust/Experiments_4DGS/tests/test_vipe_benchmark_supervisor.py", line 2803, in test_progress_plan047_ownership
    with self.assertRaisesRegex(ValueError,expected_error):h.owned_workload(original_path)
         ~~~~~~~~~~~~~~~~~~~~~~^^^^^^^^^^^^^^^^^^^^^^^^^^^
AssertionError: "ancestry termination" does not match "stale file record bytes or hash"

======================================================================
FAIL: test_progress_plan047_ownership (test_vipe_benchmark_supervisor.HelperSessionTests.test_progress_plan047_ownership) (kind='ancestor_truncated')
----------------------------------------------------------------------
ValueError: stale file record bytes or hash

During handling of the above exception, another exception occurred:

Traceback (most recent call last):
  File "/home/auss/git_repos/samaust/Experiments_4DGS/tests/test_vipe_benchmark_supervisor.py", line 2803, in test_progress_plan047_ownership
    with self.assertRaisesRegex(ValueError,expected_error):h.owned_workload(original_path)
         ~~~~~~~~~~~~~~~~~~~~~~^^^^^^^^^^^^^^^^^^^^^^^^^^^
AssertionError: "ancestry termination" does not match "stale file record bytes or hash"

======================================================================
FAIL: test_progress_plan047_ownership (test_vipe_benchmark_supervisor.HelperSessionTests.test_progress_plan047_ownership) (kind='ancestor_cycle')
----------------------------------------------------------------------
ValueError: stale file record bytes or hash

During handling of the above exception, another exception occurred:

Traceback (most recent call last):
  File "/home/auss/git_repos/samaust/Experiments_4DGS/tests/test_vipe_benchmark_supervisor.py", line 2803, in test_progress_plan047_ownership
    with self.assertRaisesRegex(ValueError,expected_error):h.owned_workload(original_path)
         ~~~~~~~~~~~~~~~~~~~~~~^^^^^^^^^^^^^^^^^^^^^^^^^^^
AssertionError: "ancestry" does not match "stale file record bytes or hash"

======================================================================
FAIL: test_progress_plan047_ownership (test_vipe_benchmark_supervisor.HelperSessionTests.test_progress_plan047_ownership) (kind='ancestor_terminal_changed')
----------------------------------------------------------------------
ValueError: stale file record bytes or hash

During handling of the above exception, another exception occurred:

Traceback (most recent call last):
  File "/home/auss/git_repos/samaust/Experiments_4DGS/tests/test_vipe_benchmark_supervisor.py", line 2803, in test_progress_plan047_ownership
    with self.assertRaisesRegex(ValueError,expected_error):h.owned_workload(original_path)
         ~~~~~~~~~~~~~~~~~~~~~~^^^^^^^^^^^^^^^^^^^^^^^^^^^
AssertionError: "ancestry termination" does not match "stale file record bytes or hash"

======================================================================
FAIL: test_progress_plan047_ownership (test_vipe_benchmark_supervisor.HelperSessionTests.test_progress_plan047_ownership) (kind='registry_worker_dispatch')
----------------------------------------------------------------------
Traceback (most recent call last):
  File "/home/auss/git_repos/samaust/Experiments_4DGS/tests/test_vipe_benchmark_supervisor.py", line 2719, in test_progress_plan047_ownership
    result['scenario_secondary_controls']=scenario_secondary_controls(self,entry_root)
                                          ~~~~~~~~~~~~~~~~~~~~~~~~~~~^^^^^^^^^^^^^^^^^
  File "/home/auss/git_repos/samaust/Experiments_4DGS/tests/test_vipe_benchmark_s1_helper_fixtures.py", line 959, in scenario_secondary_controls
    if fault!='destination':test.assertEqual(sum(value=='open' for value in calls),1)
                            ~~~~~~~~~~~~~~~~^^^^^^^^^^^^^^^^^^^^^^^^^^^^^^^^^^^^^^^^^
AssertionError: 2 != 1

======================================================================
FAIL: test_progress_plan047_ownership (test_vipe_benchmark_supervisor.HelperSessionTests.test_progress_plan047_ownership) (kind='wrapper_unproven')
----------------------------------------------------------------------
ValueError: stale file record bytes or hash

During handling of the above exception, another exception occurred:

Traceback (most recent call last):
  File "/home/auss/git_repos/samaust/Experiments_4DGS/tests/test_vipe_benchmark_supervisor.py", line 2803, in test_progress_plan047_ownership
    with self.assertRaisesRegex(ValueError,expected_error):h.owned_workload(original_path)
         ~~~~~~~~~~~~~~~~~~~~~~^^^^^^^^^^^^^^^^^^^^^^^^^^^
AssertionError: "wrapper ownership" does not match "stale file record bytes or hash"

----------------------------------------------------------------------
Ran 73 tests in 22.641s

FAILED (failures=20, errors=245)
