observation_id,model_id,protocol_id,dataset,split,metric,value,unit,direction,input_regime,resolution,crop_mask,depth_range,alignment,training_regime,training_overlap,paper_url,paper_version,table_location,reporting_party,baseline_provenance,hardware,inference_settings,notes
i37-observation-001,i37-depth-pro-paper,i37-protocol-da3-table11-eth3d,ETH3D,unknown,delta1,0.386,ratio,higher,single_RGB; intrinsics handling unspecified per baseline,unknown,unknown,unknown,metric evaluation claimed; exact alignment implementation unknown,generalist metric models; baseline fine-tuning status unknown,DA3 Sec4.4 lists training datasets; no declared target training; baseline overlap unknown,https://arxiv.org/html/2511.10647v1,2511.10647v1,Table11 p21; Sec7.4; row DepthPro,DA3 authors,unknown_copied_or_rerun,unknown,unknown,Protocol incomplete: no split/crop/range/resolution or checkpoint hash provided in Sec7.4. Do not identify unspecified backbone rows with D0/D1/D3.
i37-observation-002,i37-depth-pro-paper,i37-protocol-da3-table11-eth3d,ETH3D,unknown,AbsRel,0.349,ratio,lower,single_RGB; intrinsics handling unspecified per baseline,unknown,unknown,unknown,metric evaluation claimed; exact alignment implementation unknown,generalist metric models; baseline fine-tuning status unknown,DA3 Sec4.4 lists training datasets; no declared target training; baseline overlap unknown,https://arxiv.org/html/2511.10647v1,2511.10647v1,Table11 p21; Sec7.4; row DepthPro,DA3 authors,unknown_copied_or_rerun,unknown,unknown,Protocol incomplete: no split/crop/range/resolution or checkpoint hash provided in Sec7.4. Do not identify unspecified backbone rows with D0/D1/D3.
i37-observation-003,i37-depth-pro-paper,i37-protocol-da3-table11-sun-rgbd,SUN-RGBD,unknown,delta1,0.950,ratio,higher,single_RGB; intrinsics handling unspecified per baseline,unknown,unknown,unknown,metric evaluation claimed; exact alignment implementation unknown,generalist metric models; baseline fine-tuning status unknown,DA3 Sec4.4 lists training datasets; no declared target training; baseline overlap unknown,https://arxiv.org/html/2511.10647v1,2511.10647v1,Table11 p21; Sec7.4; row DepthPro,DA3 authors,unknown_copied_or_rerun,unknown,unknown,Protocol incomplete: no split/crop/range/resolution or checkpoint hash provided in Sec7.4. Do not identify unspecified backbone rows with D0/D1/D3.
i37-observation-004,i37-depth-pro-paper,i37-protocol-da3-table11-sun-rgbd,SUN-RGBD,unknown,AbsRel,0.126,ratio,lower,single_RGB; intrinsics handling unspecified per baseline,unknown,unknown,unknown,metric evaluation claimed; exact alignment implementation unknown,generalist metric models; baseline fine-tuning status unknown,DA3 Sec4.4 lists training datasets; no declared target training; baseline overlap unknown,https://arxiv.org/html/2511.10647v1,2511.10647v1,Table11 p21; Sec7.4; row DepthPro,DA3 authors,unknown_copied_or_rerun,unknown,unknown,Protocol incomplete: no split/crop/range/resolution or checkpoint hash provided in Sec7.4. Do not identify unspecified backbone rows with D0/D1/D3.
i37-observation-005,i37-depth-pro-paper,i37-protocol-da3-table11-diode-indoor,DIODE indoor,unknown,delta1,0.734,ratio,higher,single_RGB; intrinsics handling unspecified per baseline,unknown,unknown,unknown,metric evaluation claimed; exact alignment implementation unknown,generalist metric models; baseline fine-tuning status unknown,DA3 Sec4.4 lists training datasets; no declared target training; baseline overlap unknown,https://arxiv.org/html/2511.10647v1,2511.10647v1,Table11 p21; Sec7.4; row DepthPro,DA3 authors,unknown_copied_or_rerun,unknown,unknown,Protocol incomplete: no split/crop/range/resolution or checkpoint hash provided in Sec7.4. Do not identify unspecified backbone rows with D0/D1/D3.
i37-observation-006,i37-depth-pro-paper,i37-protocol-da3-table11-diode-indoor,DIODE indoor,unknown,AbsRel,0.173,ratio,lower,single_RGB; intrinsics handling unspecified per baseline,unknown,unknown,unknown,metric evaluation claimed; exact alignment implementation unknown,generalist metric models; baseline fine-tuning status unknown,DA3 Sec4.4 lists training datasets; no declared target training; baseline overlap unknown,https://arxiv.org/html/2511.10647v1,2511.10647v1,Table11 p21; Sec7.4; row DepthPro,DA3 authors,unknown_copied_or_rerun,unknown,unknown,Protocol incomplete: no split/crop/range/resolution or checkpoint hash provided in Sec7.4. Do not identify unspecified backbone rows with D0/D1/D3.
i37-observation-007,i37-metric3dv2-unspecified,i37-protocol-da3-table11-eth3d,ETH3D,unknown,delta1,0.830,ratio,higher,single_RGB; intrinsics handling unspecified per baseline,unknown,unknown,unknown,metric evaluation claimed; exact alignment implementation unknown,generalist metric models; baseline fine-tuning status unknown,DA3 Sec4.4 lists training datasets; no declared target training; baseline overlap unknown,https://arxiv.org/html/2511.10647v1,2511.10647v1,Table11 p21; Sec7.4; row Metric3D v2,DA3 authors,unknown_copied_or_rerun,unknown,unknown,Protocol incomplete: no split/crop/range/resolution or checkpoint hash provided in Sec7.4. Do not identify unspecified backbone rows with D0/D1/D3.
i37-observation-008,i37-metric3dv2-unspecified,i37-protocol-da3-table11-eth3d,ETH3D,unknown,AbsRel,0.138,ratio,lower,single_RGB; intrinsics handling unspecified per baseline,unknown,unknown,unknown,metric evaluation claimed; exact alignment implementation unknown,generalist metric models; baseline fine-tuning status unknown,DA3 Sec4.4 lists training datasets; no declared target training; baseline overlap unknown,https://arxiv.org/html/2511.10647v1,2511.10647v1,Table11 p21; Sec7.4; row Metric3D v2,DA3 authors,unknown_copied_or_rerun,unknown,unknown,Protocol incomplete: no split/crop/range/resolution or checkpoint hash provided in Sec7.4. Do not identify unspecified backbone rows with D0/D1/D3.
i37-observation-009,i37-metric3dv2-unspecified,i37-protocol-da3-table11-sun-rgbd,SUN-RGBD,unknown,delta1,0.954,ratio,higher,single_RGB; intrinsics handling unspecified per baseline,unknown,unknown,unknown,metric evaluation claimed; exact alignment implementation unknown,generalist metric models; baseline fine-tuning status unknown,DA3 Sec4.4 lists training datasets; no declared target training; baseline overlap unknown,https://arxiv.org/html/2511.10647v1,2511.10647v1,Table11 p21; Sec7.4; row Metric3D v2,DA3 authors,unknown_copied_or_rerun,unknown,unknown,Protocol incomplete: no split/crop/range/resolution or checkpoint hash provided in Sec7.4. Do not identify unspecified backbone rows with D0/D1/D3.
i37-observation-010,i37-metric3dv2-unspecified,i37-protocol-da3-table11-sun-rgbd,SUN-RGBD,unknown,AbsRel,0.132,ratio,lower,single_RGB; intrinsics handling unspecified per baseline,unknown,unknown,unknown,metric evaluation claimed; exact alignment implementation unknown,generalist metric models; baseline fine-tuning status unknown,DA3 Sec4.4 lists training datasets; no declared target training; baseline overlap unknown,https://arxiv.org/html/2511.10647v1,2511.10647v1,Table11 p21; Sec7.4; row Metric3D v2,DA3 authors,unknown_copied_or_rerun,unknown,unknown,Protocol incomplete: no split/crop/range/resolution or checkpoint hash provided in Sec7.4. Do not identify unspecified backbone rows with D0/D1/D3.
i37-observation-011,i37-metric3dv2-unspecified,i37-protocol-da3-table11-diode-indoor,DIODE indoor,unknown,delta1,0.018,ratio,higher,single_RGB; intrinsics handling unspecified per baseline,unknown,unknown,unknown,metric evaluation claimed; exact alignment implementation unknown,generalist metric models; baseline fine-tuning status unknown,DA3 Sec4.4 lists training datasets; no declared target training; baseline overlap unknown,https://arxiv.org/html/2511.10647v1,2511.10647v1,Table11 p21; Sec7.4; row Metric3D v2,DA3 authors,unknown_copied_or_rerun,unknown,unknown,Protocol incomplete: no split/crop/range/resolution or checkpoint hash provided in Sec7.4. DIODE delta1=0.018 with AbsRel=0.154 is anomalous; both verbatim values confirmed visually in PDF; exclude from ranking.
i37-observation-012,i37-metric3dv2-unspecified,i37-protocol-da3-table11-diode-indoor,DIODE indoor,unknown,AbsRel,0.154,ratio,lower,single_RGB; intrinsics handling unspecified per baseline,unknown,unknown,unknown,metric evaluation claimed; exact alignment implementation unknown,generalist metric models; baseline fine-tuning status unknown,DA3 Sec4.4 lists training datasets; no declared target training; baseline overlap unknown,https://arxiv.org/html/2511.10647v1,2511.10647v1,Table11 p21; Sec7.4; row Metric3D v2,DA3 authors,unknown_copied_or_rerun,unknown,unknown,Protocol incomplete: no split/crop/range/resolution or checkpoint hash provided in Sec7.4. DIODE delta1=0.018 with AbsRel=0.154 is anomalous; both verbatim values confirmed visually in PDF; exclude from ranking.
i37-observation-013,i37-unidepth-v1-unspecified,i37-protocol-da3-table11-eth3d,ETH3D,unknown,delta1,0.234,ratio,higher,single_RGB; intrinsics handling unspecified per baseline,unknown,unknown,unknown,metric evaluation claimed; exact alignment implementation unknown,generalist metric models; baseline fine-tuning status unknown,DA3 Sec4.4 lists training datasets; no declared target training; baseline overlap unknown,https://arxiv.org/html/2511.10647v1,2511.10647v1,Table11 p21; Sec7.4; row UniDepthv1,DA3 authors,unknown_copied_or_rerun,unknown,unknown,Protocol incomplete: no split/crop/range/resolution or checkpoint hash provided in Sec7.4. Do not identify unspecified backbone rows with D0/D1/D3.
i37-observation-014,i37-unidepth-v1-unspecified,i37-protocol-da3-table11-eth3d,ETH3D,unknown,AbsRel,0.464,ratio,lower,single_RGB; intrinsics handling unspecified per baseline,unknown,unknown,unknown,metric evaluation claimed; exact alignment implementation unknown,generalist metric models; baseline fine-tuning status unknown,DA3 Sec4.4 lists training datasets; no declared target training; baseline overlap unknown,https://arxiv.org/html/2511.10647v1,2511.10647v1,Table11 p21; Sec7.4; row UniDepthv1,DA3 authors,unknown_copied_or_rerun,unknown,unknown,Protocol incomplete: no split/crop/range/resolution or checkpoint hash provided in Sec7.4. Do not identify unspecified backbone rows with D0/D1/D3.
i37-observation-015,i37-unidepth-v1-unspecified,i37-protocol-da3-table11-sun-rgbd,SUN-RGBD,unknown,delta1,0.971,ratio,higher,single_RGB; intrinsics handling unspecified per baseline,unknown,unknown,unknown,metric evaluation claimed; exact alignment implementation unknown,generalist metric models; baseline fine-tuning status unknown,DA3 Sec4.4 lists training datasets; no declared target training; baseline overlap unknown,https://arxiv.org/html/2511.10647v1,2511.10647v1,Table11 p21; Sec7.4; row UniDepthv1,DA3 authors,unknown_copied_or_rerun,unknown,unknown,Protocol incomplete: no split/crop/range/resolution or checkpoint hash provided in Sec7.4. Do not identify unspecified backbone rows with D0/D1/D3.
i37-observation-016,i37-unidepth-v1-unspecified,i37-protocol-da3-table11-sun-rgbd,SUN-RGBD,unknown,AbsRel,0.113,ratio,lower,single_RGB; intrinsics handling unspecified per baseline,unknown,unknown,unknown,metric evaluation claimed; exact alignment implementation unknown,generalist metric models; baseline fine-tuning status unknown,DA3 Sec4.4 lists training datasets; no declared target training; baseline overlap unknown,https://arxiv.org/html/2511.10647v1,2511.10647v1,Table11 p21; Sec7.4; row UniDepthv1,DA3 authors,unknown_copied_or_rerun,unknown,unknown,Protocol incomplete: no split/crop/range/resolution or checkpoint hash provided in Sec7.4. Do not identify unspecified backbone rows with D0/D1/D3.
i37-observation-017,i37-unidepth-v1-unspecified,i37-protocol-da3-table11-diode-indoor,DIODE indoor,unknown,delta1,0.570,ratio,higher,single_RGB; intrinsics handling unspecified per baseline,unknown,unknown,unknown,metric evaluation claimed; exact alignment implementation unknown,generalist metric models; baseline fine-tuning status unknown,DA3 Sec4.4 lists training datasets; no declared target training; baseline overlap unknown,https://arxiv.org/html/2511.10647v1,2511.10647v1,Table11 p21; Sec7.4; row UniDepthv1,DA3 authors,unknown_copied_or_rerun,unknown,unknown,Protocol incomplete: no split/crop/range/resolution or checkpoint hash provided in Sec7.4. Do not identify unspecified backbone rows with D0/D1/D3.
i37-observation-018,i37-unidepth-v1-unspecified,i37-protocol-da3-table11-diode-indoor,DIODE indoor,unknown,AbsRel,0.266,ratio,lower,single_RGB; intrinsics handling unspecified per baseline,unknown,unknown,unknown,metric evaluation claimed; exact alignment implementation unknown,generalist metric models; baseline fine-tuning status unknown,DA3 Sec4.4 lists training datasets; no declared target training; baseline overlap unknown,https://arxiv.org/html/2511.10647v1,2511.10647v1,Table11 p21; Sec7.4; row UniDepthv1,DA3 authors,unknown_copied_or_rerun,unknown,unknown,Protocol incomplete: no split/crop/range/resolution or checkpoint hash provided in Sec7.4. Do not identify unspecified backbone rows with D0/D1/D3.
i37-observation-019,i37-unidepth-v2-unspecified,i37-protocol-da3-table11-eth3d,ETH3D,unknown,delta1,0.863,ratio,higher,single_RGB; intrinsics handling unspecified per baseline,unknown,unknown,unknown,metric evaluation claimed; exact alignment implementation unknown,generalist metric models; baseline fine-tuning status unknown,DA3 Sec4.4 lists training datasets; no declared target training; baseline overlap unknown,https://arxiv.org/html/2511.10647v1,2511.10647v1,Table11 p21; Sec7.4; row UniDepthv2,DA3 authors,unknown_copied_or_rerun,unknown,unknown,Protocol incomplete: no split/crop/range/resolution or checkpoint hash provided in Sec7.4. Do not identify unspecified backbone rows with D0/D1/D3.
i37-observation-020,i37-unidepth-v2-unspecified,i37-protocol-da3-table11-eth3d,ETH3D,unknown,AbsRel,0.152,ratio,lower,single_RGB; intrinsics handling unspecified per baseline,unknown,unknown,unknown,metric evaluation claimed; exact alignment implementation unknown,generalist metric models; baseline fine-tuning status unknown,DA3 Sec4.4 lists training datasets; no declared target training; baseline overlap unknown,https://arxiv.org/html/2511.10647v1,2511.10647v1,Table11 p21; Sec7.4; row UniDepthv2,DA3 authors,unknown_copied_or_rerun,unknown,unknown,Protocol incomplete: no split/crop/range/resolution or checkpoint hash provided in Sec7.4. Do not identify unspecified backbone rows with D0/D1/D3.
i37-observation-021,i37-unidepth-v2-unspecified,i37-protocol-da3-table11-sun-rgbd,SUN-RGBD,unknown,delta1,0.977,ratio,higher,single_RGB; intrinsics handling unspecified per baseline,unknown,unknown,unknown,metric evaluation claimed; exact alignment implementation unknown,generalist metric models; baseline fine-tuning status unknown,DA3 Sec4.4 lists training datasets; no declared target training; baseline overlap unknown,https://arxiv.org/html/2511.10647v1,2511.10647v1,Table11 p21; Sec7.4; row UniDepthv2,DA3 authors,unknown_copied_or_rerun,unknown,unknown,Protocol incomplete: no split/crop/range/resolution or checkpoint hash provided in Sec7.4. Do not identify unspecified backbone rows with D0/D1/D3.
i37-observation-022,i37-unidepth-v2-unspecified,i37-protocol-da3-table11-sun-rgbd,SUN-RGBD,unknown,AbsRel,0.111,ratio,lower,single_RGB; intrinsics handling unspecified per baseline,unknown,unknown,unknown,metric evaluation claimed; exact alignment implementation unknown,generalist metric models; baseline fine-tuning status unknown,DA3 Sec4.4 lists training datasets; no declared target training; baseline overlap unknown,https://arxiv.org/html/2511.10647v1,2511.10647v1,Table11 p21; Sec7.4; row UniDepthv2,DA3 authors,unknown_copied_or_rerun,unknown,unknown,Protocol incomplete: no split/crop/range/resolution or checkpoint hash provided in Sec7.4. Do not identify unspecified backbone rows with D0/D1/D3.
i37-observation-023,i37-unidepth-v2-unspecified,i37-protocol-da3-table11-diode-indoor,DIODE indoor,unknown,delta1,0.856,ratio,higher,single_RGB; intrinsics handling unspecified per baseline,unknown,unknown,unknown,metric evaluation claimed; exact alignment implementation unknown,generalist metric models; baseline fine-tuning status unknown,DA3 Sec4.4 lists training datasets; no declared target training; baseline overlap unknown,https://arxiv.org/html/2511.10647v1,2511.10647v1,Table11 p21; Sec7.4; row UniDepthv2,DA3 authors,unknown_copied_or_rerun,unknown,unknown,Protocol incomplete: no split/crop/range/resolution or checkpoint hash provided in Sec7.4. Do not identify unspecified backbone rows with D0/D1/D3.
i37-observation-024,i37-unidepth-v2-unspecified,i37-protocol-da3-table11-diode-indoor,DIODE indoor,unknown,AbsRel,0.123,ratio,lower,single_RGB; intrinsics handling unspecified per baseline,unknown,unknown,unknown,metric evaluation claimed; exact alignment implementation unknown,generalist metric models; baseline fine-tuning status unknown,DA3 Sec4.4 lists training datasets; no declared target training; baseline overlap unknown,https://arxiv.org/html/2511.10647v1,2511.10647v1,Table11 p21; Sec7.4; row UniDepthv2,DA3 authors,unknown_copied_or_rerun,unknown,unknown,Protocol incomplete: no split/crop/range/resolution or checkpoint hash provided in Sec7.4. Do not identify unspecified backbone rows with D0/D1/D3.
i37-observation-025,i37-da3-metric-paper,i37-protocol-da3-table11-eth3d,ETH3D,unknown,delta1,0.917,ratio,higher,single_RGB; intrinsics handling unspecified per baseline,unknown,unknown,unknown,metric evaluation claimed; exact alignment implementation unknown,generalist metric models; baseline fine-tuning status unknown,DA3 Sec4.4 lists training datasets; no declared target training; baseline overlap unknown,https://arxiv.org/html/2511.10647v1,2511.10647v1,Table11 p21; Sec7.4; row DA3-metric,DA3 authors,author_model,unknown,unknown,Protocol incomplete: no split/crop/range/resolution or checkpoint hash provided in Sec7.4. Do not identify unspecified backbone rows with D0/D1/D3.
i37-observation-026,i37-da3-metric-paper,i37-protocol-da3-table11-eth3d,ETH3D,unknown,AbsRel,0.104,ratio,lower,single_RGB; intrinsics handling unspecified per baseline,unknown,unknown,unknown,metric evaluation claimed; exact alignment implementation unknown,generalist metric models; baseline fine-tuning status unknown,DA3 Sec4.4 lists training datasets; no declared target training; baseline overlap unknown,https://arxiv.org/html/2511.10647v1,2511.10647v1,Table11 p21; Sec7.4; row DA3-metric,DA3 authors,author_model,unknown,unknown,Protocol incomplete: no split/crop/range/resolution or checkpoint hash provided in Sec7.4. Do not identify unspecified backbone rows with D0/D1/D3.
i37-observation-027,i37-da3-metric-paper,i37-protocol-da3-table11-sun-rgbd,SUN-RGBD,unknown,delta1,0.973,ratio,higher,single_RGB; intrinsics handling unspecified per baseline,unknown,unknown,unknown,metric evaluation claimed; exact alignment implementation unknown,generalist metric models; baseline fine-tuning status unknown,DA3 Sec4.4 lists training datasets; no declared target training; baseline overlap unknown,https://arxiv.org/html/2511.10647v1,2511.10647v1,Table11 p21; Sec7.4; row DA3-metric,DA3 authors,author_model,unknown,unknown,Protocol incomplete: no split/crop/range/resolution or checkpoint hash provided in Sec7.4. Do not identify unspecified backbone rows with D0/D1/D3.
i37-observation-028,i37-da3-metric-paper,i37-protocol-da3-table11-sun-rgbd,SUN-RGBD,unknown,AbsRel,0.105,ratio,lower,single_RGB; intrinsics handling unspecified per baseline,unknown,unknown,unknown,metric evaluation claimed; exact alignment implementation unknown,generalist metric models; baseline fine-tuning status unknown,DA3 Sec4.4 lists training datasets; no declared target training; baseline overlap unknown,https://arxiv.org/html/2511.10647v1,2511.10647v1,Table11 p21; Sec7.4; row DA3-metric,DA3 authors,author_model,unknown,unknown,Protocol incomplete: no split/crop/range/resolution or checkpoint hash provided in Sec7.4. Do not identify unspecified backbone rows with D0/D1/D3.
i37-observation-029,i37-da3-metric-paper,i37-protocol-da3-table11-diode-indoor,DIODE indoor,unknown,delta1,0.838,ratio,higher,single_RGB; intrinsics handling unspecified per baseline,unknown,unknown,unknown,metric evaluation claimed; exact alignment implementation unknown,generalist metric models; baseline fine-tuning status unknown,DA3 Sec4.4 lists training datasets; no declared target training; baseline overlap unknown,https://arxiv.org/html/2511.10647v1,2511.10647v1,Table11 p21; Sec7.4; row DA3-metric,DA3 authors,author_model,unknown,unknown,Protocol incomplete: no split/crop/range/resolution or checkpoint hash provided in Sec7.4. Do not identify unspecified backbone rows with D0/D1/D3.
i37-observation-030,i37-da3-metric-paper,i37-protocol-da3-table11-diode-indoor,DIODE indoor,unknown,AbsRel,0.128,ratio,lower,single_RGB; intrinsics handling unspecified per baseline,unknown,unknown,unknown,metric evaluation claimed; exact alignment implementation unknown,generalist metric models; baseline fine-tuning status unknown,DA3 Sec4.4 lists training datasets; no declared target training; baseline overlap unknown,https://arxiv.org/html/2511.10647v1,2511.10647v1,Table11 p21; Sec7.4; row DA3-metric,DA3 authors,author_model,unknown,unknown,Protocol incomplete: no split/crop/range/resolution or checkpoint hash provided in Sec7.4. Do not identify unspecified backbone rows with D0/D1/D3.
i37-observation-031,i37-unidepth-v2-large-rgb,i37-protocol-unidepthv2-sun-alignment-unresolved,SUN-RGBD,validation; overlap removal described in official README,delta1,96.4,percent,higher,single_RGB plus GT camera for Metric3Dv2 only,unknown,unknown,unknown,unresolved: SecIV-A says delta1 SSI; TableI labels delta1 without SSI,zero-shot; same checkpoint each dataset; no test augmentation,authors declare unseen; README removes NYUv2 overlap,https://arxiv.org/html/2502.20110v2,2502.20110v2,TableI SecIV p7; row UniDepthV2-Large,UniDepthV2 authors,author_model,unknown,no test-time augmentation,Do not merge with unaligned metric protocols. Model paper Large corresponds architecture; selected checkpoint hash not given.
i37-observation-032,i37-unidepth-v2-large-rgb,i37-protocol-unidepthv2-sun-alignment-unresolved,SUN-RGBD,validation; overlap removal described in official README,AbsRel,6.8,percent,lower,single_RGB plus GT camera for Metric3Dv2 only,unknown,unknown,unknown,unresolved: SecIV-A says delta1 SSI; TableI labels delta1 without SSI,zero-shot; same checkpoint each dataset; no test augmentation,authors declare unseen; README removes NYUv2 overlap,https://arxiv.org/html/2502.20110v2,2502.20110v2,TableI SecIV p7; row UniDepthV2-Large,UniDepthV2 authors,author_model,unknown,no test-time augmentation,Do not merge with unaligned metric protocols. Model paper Large corresponds architecture; selected checkpoint hash not given.
i37-observation-033,i37-depth-pro-paper,i37-protocol-unidepthv2-sun-alignment-unresolved,SUN-RGBD,validation; overlap removal described in official README,delta1,83.1,percent,higher,single_RGB plus GT camera for Metric3Dv2 only,unknown,unknown,unknown,unresolved: SecIV-A says delta1 SSI; TableI labels delta1 without SSI,zero-shot; same checkpoint each dataset; no test augmentation,authors declare unseen; README removes NYUv2 overlap,https://arxiv.org/html/2502.20110v2,2502.20110v2,TableI SecIV p7; row DepthPro,UniDepthV2 authors,rerun_by_reporting_authors,unknown,no test-time augmentation,Do not merge with unaligned metric protocols. Model paper Large corresponds architecture; selected checkpoint hash not given.
i37-observation-034,i37-depth-pro-paper,i37-protocol-unidepthv2-sun-alignment-unresolved,SUN-RGBD,validation; overlap removal described in official README,AbsRel,13.3,percent,lower,single_RGB plus GT camera for Metric3Dv2 only,unknown,unknown,unknown,unresolved: SecIV-A says delta1 SSI; TableI labels delta1 without SSI,zero-shot; same checkpoint each dataset; no test augmentation,authors declare unseen; README removes NYUv2 overlap,https://arxiv.org/html/2502.20110v2,2502.20110v2,TableI SecIV p7; row DepthPro,UniDepthV2 authors,rerun_by_reporting_authors,unknown,no test-time augmentation,Do not merge with unaligned metric protocols. Model paper Large corresponds architecture; selected checkpoint hash not given.
i37-observation-035,i37-metric3dv2-unspecified,i37-protocol-unidepthv2-sun-alignment-unresolved,SUN-RGBD,validation; overlap removal described in official README,delta1,81.2,percent,higher,single_RGB plus GT camera for Metric3Dv2 only,unknown,unknown,unknown,unresolved: SecIV-A says delta1 SSI; TableI labels delta1 without SSI,zero-shot; same checkpoint each dataset; no test augmentation,authors declare unseen; README removes NYUv2 overlap,https://arxiv.org/html/2502.20110v2,2502.20110v2,TableI SecIV p7; row Metric3Dv2,UniDepthV2 authors,rerun_by_reporting_authors,unknown,no test-time augmentation,Do not merge with unaligned metric protocols. Model paper Large corresponds architecture; selected checkpoint hash not given.
i37-observation-036,i37-metric3dv2-unspecified,i37-protocol-unidepthv2-sun-alignment-unresolved,SUN-RGBD,validation; overlap removal described in official README,AbsRel,13.3,percent,lower,single_RGB plus GT camera for Metric3Dv2 only,unknown,unknown,unknown,unresolved: SecIV-A says delta1 SSI; TableI labels delta1 without SSI,zero-shot; same checkpoint each dataset; no test augmentation,authors declare unseen; README removes NYUv2 overlap,https://arxiv.org/html/2502.20110v2,2502.20110v2,TableI SecIV p7; row Metric3Dv2,UniDepthV2 authors,rerun_by_reporting_authors,unknown,no test-time augmentation,Do not merge with unaligned metric protocols. Model paper Large corresponds architecture; selected checkpoint hash not given.
i37-observation-037,i37-metric3dv2-vitl-paper,i37-protocol-metric3dv2-original-nyuv2,NYUv2,654 test samples,delta1,0.975,ratio,higher,single_RGB_with_GT_intrinsics,unknown,unknown,unknown,metric canonical de-normalization; no GT scale fit reported,zero-shot ZS row; exclude FT row,target not used in ZS training per paper,https://arxiv.org/html/2404.15506v4,2404.15506v4,TableI SecIV; Ours ViT-L CSTM_label ZS,Metric3Dv2 authors,author_model,unknown,unknown,"Backbone matches D3; selected vit.raft5.large.py sets iters=8, matching supplement Table1; exact 800k hash equivalence unresolved. Crop/range unknown. Values checked unchanged from v2 to v4 TableI; supplementary Table2 gives test sample counts."
i37-observation-038,i37-metric3dv2-vitl-paper,i37-protocol-metric3dv2-original-nyuv2,NYUv2,654 test samples,AbsRel,0.063,ratio,lower,single_RGB_with_GT_intrinsics,unknown,unknown,unknown,metric canonical de-normalization; no GT scale fit reported,zero-shot ZS row; exclude FT row,target not used in ZS training per paper,https://arxiv.org/html/2404.15506v4,2404.15506v4,TableI SecIV; Ours ViT-L CSTM_label ZS,Metric3Dv2 authors,author_model,unknown,unknown,"Backbone matches D3; selected vit.raft5.large.py sets iters=8, matching supplement Table1; exact 800k hash equivalence unresolved. Crop/range unknown. Values checked unchanged from v2 to v4 TableI; supplementary Table2 gives test sample counts."
i37-observation-039,i37-metric3dv2-vitl-paper,i37-protocol-metric3dv2-original-kitti,KITTI,652 test samples,delta1,0.974,ratio,higher,single_RGB_with_GT_intrinsics,unknown,unknown,unknown,metric canonical de-normalization; no GT scale fit reported,zero-shot ZS row; exclude FT row,target not used in ZS training per paper,https://arxiv.org/html/2404.15506v4,2404.15506v4,TableI SecIV; Ours ViT-L CSTM_label ZS,Metric3Dv2 authors,author_model,unknown,unknown,"Backbone matches D3; selected vit.raft5.large.py sets iters=8, matching supplement Table1; exact 800k hash equivalence unresolved. Crop/range unknown. Values checked unchanged from v2 to v4 TableI; supplementary Table2 gives test sample counts."
i37-observation-040,i37-metric3dv2-vitl-paper,i37-protocol-metric3dv2-original-kitti,KITTI,652 test samples,AbsRel,0.052,ratio,lower,single_RGB_with_GT_intrinsics,unknown,unknown,unknown,metric canonical de-normalization; no GT scale fit reported,zero-shot ZS row; exclude FT row,target not used in ZS training per paper,https://arxiv.org/html/2404.15506v4,2404.15506v4,TableI SecIV; Ours ViT-L CSTM_label ZS,Metric3Dv2 authors,author_model,unknown,unknown,"Backbone matches D3; selected vit.raft5.large.py sets iters=8, matching supplement Table1; exact 800k hash equivalence unresolved. Crop/range unknown. Values checked unchanged from v2 to v4 TableI; supplementary Table2 gives test sample counts."
i37-observation-041,i37-depth-pro-paper,i37-protocol-depthpro-eth3d,ETH3D,454 samples,delta1,41.5,percent,higher,single_RGB; method-specific GT/EXIF/predicted focal,GT 4032x6048,valid GT; Metric3D indoor512x1088 outdoor512x992 crops; bilinear output resize,0.1-200 m,unaligned metric depth,zero-shot claim; Metric3D domain-specific crop exception,authors state test datasets not used; Metric3D crop selected by domain,https://arxiv.org/html/2410.02073v2,2410.02073v2,Table1 Sec4; row Depth Pro,Depth Pro authors,author_model,unknown,unknown,"C.5: Metric3Dv2 giant, not D3; UniDepth V1 ViT-L, not D0/D1. C.6 ETH3D raw images/EXIF differ from UniDepth original evaluation."
i37-observation-042,i37-depth-pro-paper,i37-protocol-depthpro-eth3d,ETH3D,454 samples,AbsRel,0.327,ratio,lower,single_RGB; method-specific GT/EXIF/predicted focal,GT 4032x6048,valid GT; Metric3D indoor512x1088 outdoor512x992 crops; bilinear output resize,0.1-200 m,unaligned metric depth,zero-shot claim; Metric3D domain-specific crop exception,authors state test datasets not used; Metric3D crop selected by domain,https://arxiv.org/html/2410.02073v2,2410.02073v2,Table4 AppendixA.2; row Depth Pro,Depth Pro authors,author_model,unknown,unknown,"C.5: Metric3Dv2 giant, not D3; UniDepth V1 ViT-L, not D0/D1. C.6 ETH3D raw images/EXIF differ from UniDepth original evaluation."
i37-observation-043,i37-depth-pro-paper,i37-protocol-depthpro-sun-rgbd,SUN-RGBD,5050 samples,delta1,89.0,percent,higher,single_RGB; method-specific GT/EXIF/predicted focal,GT 530x730,valid GT; Metric3D indoor512x1088 outdoor512x992 crops; bilinear output resize,0.001-10 m,unaligned metric depth,zero-shot claim; Metric3D domain-specific crop exception,authors state test datasets not used; Metric3D crop selected by domain,https://arxiv.org/html/2410.02073v2,2410.02073v2,Table1 Sec4; row Depth Pro,Depth Pro authors,author_model,unknown,unknown,"C.5: Metric3Dv2 giant, not D3; UniDepth V1 ViT-L, not D0/D1. C.6 ETH3D raw images/EXIF differ from UniDepth original evaluation."
i37-observation-044,i37-depth-pro-paper,i37-protocol-depthpro-sun-rgbd,SUN-RGBD,5050 samples,AbsRel,0.113,ratio,lower,single_RGB; method-specific GT/EXIF/predicted focal,GT 530x730,valid GT; Metric3D indoor512x1088 outdoor512x992 crops; bilinear output resize,0.001-10 m,unaligned metric depth,zero-shot claim; Metric3D domain-specific crop exception,authors state test datasets not used; Metric3D crop selected by domain,https://arxiv.org/html/2410.02073v2,2410.02073v2,Table4 AppendixA.2; row Depth Pro,Depth Pro authors,author_model,unknown,unknown,"C.5: Metric3Dv2 giant, not D3; UniDepth V1 ViT-L, not D0/D1. C.6 ETH3D raw images/EXIF differ from UniDepth original evaluation."
i37-observation-045,i37-metric3dv2-giant,i37-protocol-depthpro-eth3d,ETH3D,454 samples,delta1,87.7,percent,higher,single_RGB; method-specific GT/EXIF/predicted focal,GT 4032x6048,valid GT; Metric3D indoor512x1088 outdoor512x992 crops; bilinear output resize,0.1-200 m,unaligned metric depth,zero-shot claim; Metric3D domain-specific crop exception,authors state test datasets not used; Metric3D crop selected by domain,https://arxiv.org/html/2410.02073v2,2410.02073v2,Table1 Sec4; row Metric3D v2,Depth Pro authors,rerun_by_reporting_authors,unknown,unknown,"C.5: Metric3Dv2 giant, not D3; UniDepth V1 ViT-L, not D0/D1. C.6 ETH3D raw images/EXIF differ from UniDepth original evaluation."
i37-observation-046,i37-metric3dv2-giant,i37-protocol-depthpro-eth3d,ETH3D,454 samples,AbsRel,0.124,ratio,lower,single_RGB; method-specific GT/EXIF/predicted focal,GT 4032x6048,valid GT; Metric3D indoor512x1088 outdoor512x992 crops; bilinear output resize,0.1-200 m,unaligned metric depth,zero-shot claim; Metric3D domain-specific crop exception,authors state test datasets not used; Metric3D crop selected by domain,https://arxiv.org/html/2410.02073v2,2410.02073v2,Table4 AppendixA.2; row Metric3D v2,Depth Pro authors,rerun_by_reporting_authors,unknown,unknown,"C.5: Metric3Dv2 giant, not D3; UniDepth V1 ViT-L, not D0/D1. C.6 ETH3D raw images/EXIF differ from UniDepth original evaluation."
i37-observation-047,i37-metric3dv2-giant,i37-protocol-depthpro-sun-rgbd,SUN-RGBD,5050 samples,delta1,75.6,percent,higher,single_RGB; method-specific GT/EXIF/predicted focal,GT 530x730,valid GT; Metric3D indoor512x1088 outdoor512x992 crops; bilinear output resize,0.001-10 m,unaligned metric depth,zero-shot claim; Metric3D domain-specific crop exception,authors state test datasets not used; Metric3D crop selected by domain,https://arxiv.org/html/2410.02073v2,2410.02073v2,Table1 Sec4; row Metric3D v2,Depth Pro authors,rerun_by_reporting_authors,unknown,unknown,"C.5: Metric3Dv2 giant, not D3; UniDepth V1 ViT-L, not D0/D1. C.6 ETH3D raw images/EXIF differ from UniDepth original evaluation."
i37-observation-048,i37-metric3dv2-giant,i37-protocol-depthpro-sun-rgbd,SUN-RGBD,5050 samples,AbsRel,0.156,ratio,lower,single_RGB; method-specific GT/EXIF/predicted focal,GT 530x730,valid GT; Metric3D indoor512x1088 outdoor512x992 crops; bilinear output resize,0.001-10 m,unaligned metric depth,zero-shot claim; Metric3D domain-specific crop exception,authors state test datasets not used; Metric3D crop selected by domain,https://arxiv.org/html/2410.02073v2,2410.02073v2,Table4 AppendixA.2; row Metric3D v2,Depth Pro authors,rerun_by_reporting_authors,unknown,unknown,"C.5: Metric3Dv2 giant, not D3; UniDepth V1 ViT-L, not D0/D1. C.6 ETH3D raw images/EXIF differ from UniDepth original evaluation."
i37-observation-049,i37-unidepth-v1-vitl,i37-protocol-depthpro-eth3d,ETH3D,454 samples,delta1,25.3,percent,higher,single_RGB; method-specific GT/EXIF/predicted focal,GT 4032x6048,valid GT; Metric3D indoor512x1088 outdoor512x992 crops; bilinear output resize,0.1-200 m,unaligned metric depth,zero-shot claim; Metric3D domain-specific crop exception,authors state test datasets not used; Metric3D crop selected by domain,https://arxiv.org/html/2410.02073v2,2410.02073v2,Table1 Sec4; row UniDepth,Depth Pro authors,rerun_by_reporting_authors,unknown,unknown,"C.5: Metric3Dv2 giant, not D3; UniDepth V1 ViT-L, not D0/D1. C.6 ETH3D raw images/EXIF differ from UniDepth original evaluation."
i37-observation-050,i37-unidepth-v1-vitl,i37-protocol-depthpro-eth3d,ETH3D,454 samples,AbsRel,0.457,ratio,lower,single_RGB; method-specific GT/EXIF/predicted focal,GT 4032x6048,valid GT; Metric3D indoor512x1088 outdoor512x992 crops; bilinear output resize,0.1-200 m,unaligned metric depth,zero-shot claim; Metric3D domain-specific crop exception,authors state test datasets not used; Metric3D crop selected by domain,https://arxiv.org/html/2410.02073v2,2410.02073v2,Table4 AppendixA.2; row UniDepth,Depth Pro authors,rerun_by_reporting_authors,unknown,unknown,"C.5: Metric3Dv2 giant, not D3; UniDepth V1 ViT-L, not D0/D1. C.6 ETH3D raw images/EXIF differ from UniDepth original evaluation."
i37-observation-051,i37-unidepth-v1-vitl,i37-protocol-depthpro-sun-rgbd,SUN-RGBD,5050 samples,delta1,95.8,percent,higher,single_RGB; method-specific GT/EXIF/predicted focal,GT 530x730,valid GT; Metric3D indoor512x1088 outdoor512x992 crops; bilinear output resize,0.001-10 m,unaligned metric depth,zero-shot claim; Metric3D domain-specific crop exception,authors state test datasets not used; Metric3D crop selected by domain,https://arxiv.org/html/2410.02073v2,2410.02073v2,Table1 Sec4; row UniDepth,Depth Pro authors,rerun_by_reporting_authors,unknown,unknown,"C.5: Metric3Dv2 giant, not D3; UniDepth V1 ViT-L, not D0/D1. C.6 ETH3D raw images/EXIF differ from UniDepth original evaluation."
i37-observation-052,i37-unidepth-v1-vitl,i37-protocol-depthpro-sun-rgbd,SUN-RGBD,5050 samples,AbsRel,0.087,ratio,lower,single_RGB; method-specific GT/EXIF/predicted focal,GT 530x730,valid GT; Metric3D indoor512x1088 outdoor512x992 crops; bilinear output resize,0.001-10 m,unaligned metric depth,zero-shot claim; Metric3D domain-specific crop exception,authors state test datasets not used; Metric3D crop selected by domain,https://arxiv.org/html/2410.02073v2,2410.02073v2,Table4 AppendixA.2; row UniDepth,Depth Pro authors,rerun_by_reporting_authors,unknown,unknown,"C.5: Metric3Dv2 giant, not D3; UniDepth V1 ViT-L, not D0/D1. C.6 ETH3D raw images/EXIF differ from UniDepth original evaluation."
i37-observation-053,i37-depth-pro-paper,i37-protocol-depthpro-ibims-boundary,iBims-1,100 images,boundary_F1,0.176,ratio,higher,single_RGB,GT480x640,valid depth boundary pairs,not_applicable,scale-invariant boundary metric; not absolute metric accuracy,zero-shot,test-only per paper,https://arxiv.org/html/2410.02073v2,2410.02073v2,Table2 Sec4; row Depth Pro,Depth Pro authors,author_model,unknown,weighted thresholds 5-25 percent; Sec3.2/C.6,Boundary metric distinct from UniDepth geometric F1.
i37-observation-054,i37-metric3dv2-giant,i37-protocol-depthpro-ibims-boundary,iBims-1,100 images,boundary_F1,0.096,ratio,higher,single_RGB,GT480x640,valid depth boundary pairs,not_applicable,scale-invariant boundary metric; not absolute metric accuracy,zero-shot,test-only per paper,https://arxiv.org/html/2410.02073v2,2410.02073v2,Table2 Sec4; row Metric3D v2,Depth Pro authors,rerun_by_reporting_authors,unknown,weighted thresholds 5-25 percent; Sec3.2/C.6,Boundary metric distinct from UniDepth geometric F1.
i37-observation-055,i37-unidepth-v1-vitl,i37-protocol-depthpro-ibims-boundary,iBims-1,100 images,boundary_F1,0.039,ratio,higher,single_RGB,GT480x640,valid depth boundary pairs,not_applicable,scale-invariant boundary metric; not absolute metric accuracy,zero-shot,test-only per paper,https://arxiv.org/html/2410.02073v2,2410.02073v2,Table2 Sec4; row UniDepth,Depth Pro authors,rerun_by_reporting_authors,unknown,weighted thresholds 5-25 percent; Sec3.2/C.6,Boundary metric distinct from UniDepth geometric F1.
i37-observation-056,i37-unidepth-v2-vitl-moge2,i37-protocol-moge2-eth3d-gt-camera,ETH3D,unknown,AbsRel,15.0,percent,lower,single_RGB_with_GT_intrinsics,unknown,unknown,unknown,none; AppendixA.3 explicitly no alignment/no added clamp,generalist zero-shot evaluation,ETH3D not in listed target-model training datasets; pretrained overlap unknown,https://arxiv.org/html/2507.02546v1,2507.02546v1,TableB.4 AppendixB.4 metric depth w/GT intrinsics; row UniDepth V2,MoGe-2 authors,rerun_by_reporting_authors,unknown,unknown,A.2 specifies ViT-L for both; exact weight hash and dataset crop/resolution unspecified; architectural match only; released native postprocessing may clamp.
i37-observation-057,i37-unidepth-v2-vitl-moge2,i37-protocol-moge2-eth3d-gt-camera,ETH3D,unknown,delta1,85.2,percent,higher,single_RGB_with_GT_intrinsics,unknown,unknown,unknown,none; AppendixA.3 explicitly no alignment/no added clamp,generalist zero-shot evaluation,ETH3D not in listed target-model training datasets; pretrained overlap unknown,https://arxiv.org/html/2507.02546v1,2507.02546v1,TableB.4 AppendixB.4 metric depth w/GT intrinsics; row UniDepth V2,MoGe-2 authors,rerun_by_reporting_authors,unknown,unknown,A.2 specifies ViT-L for both; exact weight hash and dataset crop/resolution unspecified; architectural match only; released native postprocessing may clamp.
i37-observation-058,i37-metric3dv2-vitl-moge2,i37-protocol-moge2-eth3d-gt-camera,ETH3D,unknown,AbsRel,11.8,percent,lower,single_RGB_with_GT_intrinsics,unknown,unknown,unknown,none; AppendixA.3 explicitly no alignment/no added clamp,generalist zero-shot evaluation,ETH3D not in listed target-model training datasets; pretrained overlap unknown,https://arxiv.org/html/2507.02546v1,2507.02546v1,TableB.4 AppendixB.4 metric depth w/GT intrinsics; row Metric3D V2,MoGe-2 authors,rerun_by_reporting_authors,unknown,unknown,A.2 specifies ViT-L for both; exact weight hash and dataset crop/resolution unspecified; architectural match only; released native postprocessing may clamp.
i37-observation-059,i37-metric3dv2-vitl-moge2,i37-protocol-moge2-eth3d-gt-camera,ETH3D,unknown,delta1,88.8,percent,higher,single_RGB_with_GT_intrinsics,unknown,unknown,unknown,none; AppendixA.3 explicitly no alignment/no added clamp,generalist zero-shot evaluation,ETH3D not in listed target-model training datasets; pretrained overlap unknown,https://arxiv.org/html/2507.02546v1,2507.02546v1,TableB.4 AppendixB.4 metric depth w/GT intrinsics; row Metric3D V2,MoGe-2 authors,rerun_by_reporting_authors,unknown,unknown,A.2 specifies ViT-L for both; exact weight hash and dataset crop/resolution unspecified; architectural match only; released native postprocessing may clamp.
i38-observation-001,i38-zoedepth-m12-n,i38-protocol-zoe-sunrgbd-original,SUN RGB-D,5050 evaluation images,AbsRel,0.119,fraction,lower,single RGB; no camera input,384x512 input; predictions resized to original GT,Eigen crop; valid GT,0.001-8 m,metric evaluation; no GT-depth scale fitting described,M12 relative pretraining; NYU metric fine-tuning,SUN marked unseen by authors; mixture includes NYU,https://arxiv.org/html/2302.12288v1,2302.12288v1,Table 3 row ZoeD-M12-N; Appendix A.1 Table 7,ZoeDepth authors,own model,unknown,standard official evaluation,This original-paper protocol differs from later reruns; not combined with their SUN or iBims observations.
i38-observation-002,i38-zoedepth-m12-n,i38-protocol-zoe-sunrgbd-original,SUN RGB-D,5050 evaluation images,delta1,0.864,fraction,higher,single RGB; no camera input,384x512 input; predictions resized to original GT,Eigen crop; valid GT,0.001-8 m,metric evaluation; no GT-depth scale fitting described,M12 relative pretraining; NYU metric fine-tuning,SUN marked unseen by authors; mixture includes NYU,https://arxiv.org/html/2302.12288v1,2302.12288v1,Table 3 row ZoeD-M12-N; Appendix A.1 Table 7,ZoeDepth authors,own model,unknown,standard official evaluation,This original-paper protocol differs from later reruns; not combined with their SUN or iBims observations.
i38-observation-003,i38-zoedepth-m12-nk,i38-protocol-zoe-sunrgbd-original,SUN RGB-D,5050 evaluation images,AbsRel,0.123,fraction,lower,single RGB; no camera input,384x512 input; predictions resized to original GT,Eigen crop; valid GT,0.001-8 m,metric evaluation; no GT-depth scale fitting described,M12 relative pretraining; NYU+KITTI metric fine-tuning,SUN marked unseen by authors; mixture includes NYU,https://arxiv.org/html/2302.12288v1,2302.12288v1,Table 3 row ZoeD-M12-NK; Appendix A.1 Table 7,ZoeDepth authors,own model,unknown,standard official evaluation,This original-paper protocol differs from later reruns; not combined with their SUN or iBims observations.
i38-observation-004,i38-zoedepth-m12-nk,i38-protocol-zoe-sunrgbd-original,SUN RGB-D,5050 evaluation images,delta1,0.856,fraction,higher,single RGB; no camera input,384x512 input; predictions resized to original GT,Eigen crop; valid GT,0.001-8 m,metric evaluation; no GT-depth scale fitting described,M12 relative pretraining; NYU+KITTI metric fine-tuning,SUN marked unseen by authors; mixture includes NYU,https://arxiv.org/html/2302.12288v1,2302.12288v1,Table 3 row ZoeD-M12-NK; Appendix A.1 Table 7,ZoeDepth authors,own model,unknown,standard official evaluation,This original-paper protocol differs from later reruns; not combined with their SUN or iBims observations.
i38-observation-005,i38-moge2-vitl,i38-protocol-moge2-predicted-camera-nyuv2,NYUv2,paper test split; exact image counts unknown,AbsRel,7.33,percent,lower,single RGB; predicted-camera,unknown for accuracy table,valid GT mask; crop not specified in inspected paper,no prediction clamp except method-hardcoded inference; GT valid depth limits unknown,none; Appendix A.3 explicitly forbids alignment for metric depth,mixed synthetic/LiDAR/SfM metric training,NYUv2 and iBims-1 excluded from listed MoGe2 training datasets,https://arxiv.org/html/2507.02546v1,2507.02546v1,Table B.4 Metric depth map wo/ GT intrinsics; Ours row,MoGe-2 authors,own model,unknown,paper default; exact accuracy-table token budget unknown,Do not treat point-map columns as unaligned: they use GT translation. Accuracy settings missing in paper limit reproducibility.
i38-observation-006,i38-moge2-vitl,i38-protocol-moge2-predicted-camera-nyuv2,NYUv2,paper test split; exact image counts unknown,delta1,96.1,percent,higher,single RGB; predicted-camera,unknown for accuracy table,valid GT mask; crop not specified in inspected paper,no prediction clamp except method-hardcoded inference; GT valid depth limits unknown,none; Appendix A.3 explicitly forbids alignment for metric depth,mixed synthetic/LiDAR/SfM metric training,NYUv2 and iBims-1 excluded from listed MoGe2 training datasets,https://arxiv.org/html/2507.02546v1,2507.02546v1,Table B.4 Metric depth map wo/ GT intrinsics; Ours row,MoGe-2 authors,own model,unknown,paper default; exact accuracy-table token budget unknown,Do not treat point-map columns as unaligned: they use GT translation. Accuracy settings missing in paper limit reproducibility.
i38-observation-007,i38-moge2-vitl,i38-protocol-moge2-predicted-camera-ibims-1,iBims-1,paper test split; exact image counts unknown,AbsRel,13.6,percent,lower,single RGB; predicted-camera,unknown for accuracy table,valid GT mask; crop not specified in inspected paper,no prediction clamp except method-hardcoded inference; GT valid depth limits unknown,none; Appendix A.3 explicitly forbids alignment for metric depth,mixed synthetic/LiDAR/SfM metric training,NYUv2 and iBims-1 excluded from listed MoGe2 training datasets,https://arxiv.org/html/2507.02546v1,2507.02546v1,Table B.4 Metric depth map wo/ GT intrinsics; Ours row,MoGe-2 authors,own model,unknown,paper default; exact accuracy-table token budget unknown,Do not treat point-map columns as unaligned: they use GT translation. Accuracy settings missing in paper limit reproducibility.
i38-observation-008,i38-moge2-vitl,i38-protocol-moge2-predicted-camera-ibims-1,iBims-1,paper test split; exact image counts unknown,delta1,83.0,percent,higher,single RGB; predicted-camera,unknown for accuracy table,valid GT mask; crop not specified in inspected paper,no prediction clamp except method-hardcoded inference; GT valid depth limits unknown,none; Appendix A.3 explicitly forbids alignment for metric depth,mixed synthetic/LiDAR/SfM metric training,NYUv2 and iBims-1 excluded from listed MoGe2 training datasets,https://arxiv.org/html/2507.02546v1,2507.02546v1,Table B.4 Metric depth map wo/ GT intrinsics; Ours row,MoGe-2 authors,own model,unknown,paper default; exact accuracy-table token budget unknown,Do not treat point-map columns as unaligned: they use GT translation. Accuracy settings missing in paper limit reproducibility.
i38-observation-009,i38-moge2-vitl-fov,i38-protocol-moge2-gt-camera-nyuv2,NYUv2,paper test split; exact image counts unknown,AbsRel,6.46,percent,lower,single RGB; gt-camera,unknown for accuracy table,valid GT mask; crop not specified in inspected paper,no prediction clamp except method-hardcoded inference; GT valid depth limits unknown,none; Appendix A.3 explicitly forbids alignment for metric depth,mixed synthetic/LiDAR/SfM metric training,NYUv2 and iBims-1 excluded from listed MoGe2 training datasets,https://arxiv.org/html/2507.02546v1,2507.02546v1,Table B.4 Metric depth map w/ GT intrinsics; Ours row,MoGe-2 authors,own model,unknown,paper default; exact accuracy-table token budget unknown,Do not treat point-map columns as unaligned: they use GT translation. Accuracy settings missing in paper limit reproducibility.
i38-observation-010,i38-moge2-vitl-fov,i38-protocol-moge2-gt-camera-nyuv2,NYUv2,paper test split; exact image counts unknown,delta1,96.9,percent,higher,single RGB; gt-camera,unknown for accuracy table,valid GT mask; crop not specified in inspected paper,no prediction clamp except method-hardcoded inference; GT valid depth limits unknown,none; Appendix A.3 explicitly forbids alignment for metric depth,mixed synthetic/LiDAR/SfM metric training,NYUv2 and iBims-1 excluded from listed MoGe2 training datasets,https://arxiv.org/html/2507.02546v1,2507.02546v1,Table B.4 Metric depth map w/ GT intrinsics; Ours row,MoGe-2 authors,own model,unknown,paper default; exact accuracy-table token budget unknown,Do not treat point-map columns as unaligned: they use GT translation. Accuracy settings missing in paper limit reproducibility.
i38-observation-011,i38-moge2-vitl-fov,i38-protocol-moge2-gt-camera-ibims-1,iBims-1,paper test split; exact image counts unknown,AbsRel,9.92,percent,lower,single RGB; gt-camera,unknown for accuracy table,valid GT mask; crop not specified in inspected paper,no prediction clamp except method-hardcoded inference; GT valid depth limits unknown,none; Appendix A.3 explicitly forbids alignment for metric depth,mixed synthetic/LiDAR/SfM metric training,NYUv2 and iBims-1 excluded from listed MoGe2 training datasets,https://arxiv.org/html/2507.02546v1,2507.02546v1,Table B.4 Metric depth map w/ GT intrinsics; Ours row,MoGe-2 authors,own model,unknown,paper default; exact accuracy-table token budget unknown,Do not treat point-map columns as unaligned: they use GT translation. Accuracy settings missing in paper limit reproducibility.
i38-observation-012,i38-moge2-vitl-fov,i38-protocol-moge2-gt-camera-ibims-1,iBims-1,paper test split; exact image counts unknown,delta1,92.4,percent,higher,single RGB; gt-camera,unknown for accuracy table,valid GT mask; crop not specified in inspected paper,no prediction clamp except method-hardcoded inference; GT valid depth limits unknown,none; Appendix A.3 explicitly forbids alignment for metric depth,mixed synthetic/LiDAR/SfM metric training,NYUv2 and iBims-1 excluded from listed MoGe2 training datasets,https://arxiv.org/html/2507.02546v1,2507.02546v1,Table B.4 Metric depth map w/ GT intrinsics; Ours row,MoGe-2 authors,own model,unknown,paper default; exact accuracy-table token budget unknown,Do not treat point-map columns as unaligned: they use GT translation. Accuracy settings missing in paper limit reproducibility.
i38-observation-013,i38-moge2-vitl,i38-protocol-moge3-native-nyuv2,NYUv2,paper zero-shot benchmark; exact image counts unknown,AbsRel,6.90,percent,lower,single RGB; own predicted camera,unknown for accuracy table,valid GT; exact crop unknown,unknown,reported metric depth; no GT scale fit described; explicit clamp/metric-alignment details absent,MoGe mixed-data pretraining; v3 joint real/synthetic base and synthetic refiner training,authors zero-shot claim; no per-row overlap marker; exact pretraining leakage not independently audited,https://arxiv.org/html/2607.17967v2,2607.17967v2,Table C.1 Metric depth map; MoGe-2,MoGe-3 authors,later same-team evaluation; rerun/copy status and exact checkpoint not explicitly identified,unknown,v3 K=3; baseline exact token budget unknown,Different MoGe2 values than 2025 B.4 retained. No claim that baseline checkpoint equals the normal release. Local detail metrics use GT alignment and are not represented as metric-depth evidence.
i38-observation-014,i38-moge2-vitl,i38-protocol-moge3-native-nyuv2,NYUv2,paper zero-shot benchmark; exact image counts unknown,delta1,96.7,percent,higher,single RGB; own predicted camera,unknown for accuracy table,valid GT; exact crop unknown,unknown,reported metric depth; no GT scale fit described; explicit clamp/metric-alignment details absent,MoGe mixed-data pretraining; v3 joint real/synthetic base and synthetic refiner training,authors zero-shot claim; no per-row overlap marker; exact pretraining leakage not independently audited,https://arxiv.org/html/2607.17967v2,2607.17967v2,Table C.1 Metric depth map; MoGe-2,MoGe-3 authors,later same-team evaluation; rerun/copy status and exact checkpoint not explicitly identified,unknown,v3 K=3; baseline exact token budget unknown,Different MoGe2 values than 2025 B.4 retained. No claim that baseline checkpoint equals the normal release. Local detail metrics use GT alignment and are not represented as metric-depth evidence.
i38-observation-015,i38-moge2-vitl,i38-protocol-moge3-native-kitti,KITTI,paper zero-shot benchmark; exact image counts unknown,AbsRel,17.6,percent,lower,single RGB; own predicted camera,unknown for accuracy table,valid GT; exact crop unknown,unknown,reported metric depth; no GT scale fit described; explicit clamp/metric-alignment details absent,MoGe mixed-data pretraining; v3 joint real/synthetic base and synthetic refiner training,authors zero-shot claim; no per-row overlap marker; exact pretraining leakage not independently audited,https://arxiv.org/html/2607.17967v2,2607.17967v2,Table C.1 Metric depth map; MoGe-2,MoGe-3 authors,later same-team evaluation; rerun/copy status and exact checkpoint not explicitly identified,unknown,v3 K=3; baseline exact token budget unknown,Different MoGe2 values than 2025 B.4 retained. No claim that baseline checkpoint equals the normal release. Local detail metrics use GT alignment and are not represented as metric-depth evidence.
i38-observation-016,i38-moge2-vitl,i38-protocol-moge3-native-kitti,KITTI,paper zero-shot benchmark; exact image counts unknown,delta1,64.7,percent,higher,single RGB; own predicted camera,unknown for accuracy table,valid GT; exact crop unknown,unknown,reported metric depth; no GT scale fit described; explicit clamp/metric-alignment details absent,MoGe mixed-data pretraining; v3 joint real/synthetic base and synthetic refiner training,authors zero-shot claim; no per-row overlap marker; exact pretraining leakage not independently audited,https://arxiv.org/html/2607.17967v2,2607.17967v2,Table C.1 Metric depth map; MoGe-2,MoGe-3 authors,later same-team evaluation; rerun/copy status and exact checkpoint not explicitly identified,unknown,v3 K=3; baseline exact token budget unknown,Different MoGe2 values than 2025 B.4 retained. No claim that baseline checkpoint equals the normal release. Local detail metrics use GT alignment and are not represented as metric-depth evidence.
i38-observation-017,i38-moge2-vitl,i38-protocol-moge3-native-ibims-1,iBims-1,paper zero-shot benchmark; exact image counts unknown,AbsRel,14.6,percent,lower,single RGB; own predicted camera,unknown for accuracy table,valid GT; exact crop unknown,unknown,reported metric depth; no GT scale fit described; explicit clamp/metric-alignment details absent,MoGe mixed-data pretraining; v3 joint real/synthetic base and synthetic refiner training,authors zero-shot claim; no per-row overlap marker; exact pretraining leakage not independently audited,https://arxiv.org/html/2607.17967v2,2607.17967v2,Table C.1 Metric depth map; MoGe-2,MoGe-3 authors,later same-team evaluation; rerun/copy status and exact checkpoint not explicitly identified,unknown,v3 K=3; baseline exact token budget unknown,Different MoGe2 values than 2025 B.4 retained. No claim that baseline checkpoint equals the normal release. Local detail metrics use GT alignment and are not represented as metric-depth evidence.
i38-observation-018,i38-moge2-vitl,i38-protocol-moge3-native-ibims-1,iBims-1,paper zero-shot benchmark; exact image counts unknown,delta1,80.5,percent,higher,single RGB; own predicted camera,unknown for accuracy table,valid GT; exact crop unknown,unknown,reported metric depth; no GT scale fit described; explicit clamp/metric-alignment details absent,MoGe mixed-data pretraining; v3 joint real/synthetic base and synthetic refiner training,authors zero-shot claim; no per-row overlap marker; exact pretraining leakage not independently audited,https://arxiv.org/html/2607.17967v2,2607.17967v2,Table C.1 Metric depth map; MoGe-2,MoGe-3 authors,later same-team evaluation; rerun/copy status and exact checkpoint not explicitly identified,unknown,v3 K=3; baseline exact token budget unknown,Different MoGe2 values than 2025 B.4 retained. No claim that baseline checkpoint equals the normal release. Local detail metrics use GT alignment and are not represented as metric-depth evidence.
i38-observation-019,i38-moge3-vitl,i38-protocol-moge3-native-nyuv2,NYUv2,paper zero-shot benchmark; exact image counts unknown,AbsRel,8.43,percent,lower,single RGB; own predicted camera,unknown for accuracy table,valid GT; exact crop unknown,unknown,reported metric depth; no GT scale fit described; explicit clamp/metric-alignment details absent,MoGe mixed-data pretraining; v3 joint real/synthetic base and synthetic refiner training,authors zero-shot claim; no per-row overlap marker; exact pretraining leakage not independently audited,https://arxiv.org/html/2607.17967v2,2607.17967v2,Table C.1 Metric depth map; Ours ViT-L Step 3,MoGe-3 authors,own model,unknown,v3 K=3; baseline exact token budget unknown,Different MoGe2 values than 2025 B.4 retained. No claim that baseline checkpoint equals the normal release. Local detail metrics use GT alignment and are not represented as metric-depth evidence.
i38-observation-020,i38-moge3-vitl,i38-protocol-moge3-native-nyuv2,NYUv2,paper zero-shot benchmark; exact image counts unknown,delta1,95.4,percent,higher,single RGB; own predicted camera,unknown for accuracy table,valid GT; exact crop unknown,unknown,reported metric depth; no GT scale fit described; explicit clamp/metric-alignment details absent,MoGe mixed-data pretraining; v3 joint real/synthetic base and synthetic refiner training,authors zero-shot claim; no per-row overlap marker; exact pretraining leakage not independently audited,https://arxiv.org/html/2607.17967v2,2607.17967v2,Table C.1 Metric depth map; Ours ViT-L Step 3,MoGe-3 authors,own model,unknown,v3 K=3; baseline exact token budget unknown,Different MoGe2 values than 2025 B.4 retained. No claim that baseline checkpoint equals the normal release. Local detail metrics use GT alignment and are not represented as metric-depth evidence.
i38-observation-021,i38-moge3-vitl,i38-protocol-moge3-native-kitti,KITTI,paper zero-shot benchmark; exact image counts unknown,AbsRel,12.6,percent,lower,single RGB; own predicted camera,unknown for accuracy table,valid GT; exact crop unknown,unknown,reported metric depth; no GT scale fit described; explicit clamp/metric-alignment details absent,MoGe mixed-data pretraining; v3 joint real/synthetic base and synthetic refiner training,authors zero-shot claim; no per-row overlap marker; exact pretraining leakage not independently audited,https://arxiv.org/html/2607.17967v2,2607.17967v2,Table C.1 Metric depth map; Ours ViT-L Step 3,MoGe-3 authors,own model,unknown,v3 K=3; baseline exact token budget unknown,Different MoGe2 values than 2025 B.4 retained. No claim that baseline checkpoint equals the normal release. Local detail metrics use GT alignment and are not represented as metric-depth evidence.
i38-observation-022,i38-moge3-vitl,i38-protocol-moge3-native-kitti,KITTI,paper zero-shot benchmark; exact image counts unknown,delta1,85.1,percent,higher,single RGB; own predicted camera,unknown for accuracy table,valid GT; exact crop unknown,unknown,reported metric depth; no GT scale fit described; explicit clamp/metric-alignment details absent,MoGe mixed-data pretraining; v3 joint real/synthetic base and synthetic refiner training,authors zero-shot claim; no per-row overlap marker; exact pretraining leakage not independently audited,https://arxiv.org/html/2607.17967v2,2607.17967v2,Table C.1 Metric depth map; Ours ViT-L Step 3,MoGe-3 authors,own model,unknown,v3 K=3; baseline exact token budget unknown,Different MoGe2 values than 2025 B.4 retained. No claim that baseline checkpoint equals the normal release. Local detail metrics use GT alignment and are not represented as metric-depth evidence.
i38-observation-023,i38-moge3-vitl,i38-protocol-moge3-native-ibims-1,iBims-1,paper zero-shot benchmark; exact image counts unknown,AbsRel,11.7,percent,lower,single RGB; own predicted camera,unknown for accuracy table,valid GT; exact crop unknown,unknown,reported metric depth; no GT scale fit described; explicit clamp/metric-alignment details absent,MoGe mixed-data pretraining; v3 joint real/synthetic base and synthetic refiner training,authors zero-shot claim; no per-row overlap marker; exact pretraining leakage not independently audited,https://arxiv.org/html/2607.17967v2,2607.17967v2,Table C.1 Metric depth map; Ours ViT-L Step 3,MoGe-3 authors,own model,unknown,v3 K=3; baseline exact token budget unknown,Different MoGe2 values than 2025 B.4 retained. No claim that baseline checkpoint equals the normal release. Local detail metrics use GT alignment and are not represented as metric-depth evidence.
i38-observation-024,i38-moge3-vitl,i38-protocol-moge3-native-ibims-1,iBims-1,paper zero-shot benchmark; exact image counts unknown,delta1,88.3,percent,higher,single RGB; own predicted camera,unknown for accuracy table,valid GT; exact crop unknown,unknown,reported metric depth; no GT scale fit described; explicit clamp/metric-alignment details absent,MoGe mixed-data pretraining; v3 joint real/synthetic base and synthetic refiner training,authors zero-shot claim; no per-row overlap marker; exact pretraining leakage not independently audited,https://arxiv.org/html/2607.17967v2,2607.17967v2,Table C.1 Metric depth map; Ours ViT-L Step 3,MoGe-3 authors,own model,unknown,v3 K=3; baseline exact token budget unknown,Different MoGe2 values than 2025 B.4 retained. No claim that baseline checkpoint equals the normal release. Local detail metrics use GT alignment and are not represented as metric-depth evidence.
i38-observation-025,i38-moge3-vitg,i38-protocol-moge3-native-nyuv2,NYUv2,paper zero-shot benchmark; exact image counts unknown,AbsRel,10.5,percent,lower,single RGB; own predicted camera,unknown for accuracy table,valid GT; exact crop unknown,unknown,reported metric depth; no GT scale fit described; explicit clamp/metric-alignment details absent,MoGe mixed-data pretraining; v3 joint real/synthetic base and synthetic refiner training,authors zero-shot claim; no per-row overlap marker; exact pretraining leakage not independently audited,https://arxiv.org/html/2607.17967v2,2607.17967v2,Table C.1 Metric depth map; Ours ViT-G Step 3,MoGe-3 authors,own model,unknown,v3 K=3; baseline exact token budget unknown,Different MoGe2 values than 2025 B.4 retained. No claim that baseline checkpoint equals the normal release. Local detail metrics use GT alignment and are not represented as metric-depth evidence.
i38-observation-026,i38-moge3-vitg,i38-protocol-moge3-native-nyuv2,NYUv2,paper zero-shot benchmark; exact image counts unknown,delta1,94.1,percent,higher,single RGB; own predicted camera,unknown for accuracy table,valid GT; exact crop unknown,unknown,reported metric depth; no GT scale fit described; explicit clamp/metric-alignment details absent,MoGe mixed-data pretraining; v3 joint real/synthetic base and synthetic refiner training,authors zero-shot claim; no per-row overlap marker; exact pretraining leakage not independently audited,https://arxiv.org/html/2607.17967v2,2607.17967v2,Table C.1 Metric depth map; Ours ViT-G Step 3,MoGe-3 authors,own model,unknown,v3 K=3; baseline exact token budget unknown,Different MoGe2 values than 2025 B.4 retained. No claim that baseline checkpoint equals the normal release. Local detail metrics use GT alignment and are not represented as metric-depth evidence.
i38-observation-027,i38-moge3-vitg,i38-protocol-moge3-native-kitti,KITTI,paper zero-shot benchmark; exact image counts unknown,AbsRel,10.7,percent,lower,single RGB; own predicted camera,unknown for accuracy table,valid GT; exact crop unknown,unknown,reported metric depth; no GT scale fit described; explicit clamp/metric-alignment details absent,MoGe mixed-data pretraining; v3 joint real/synthetic base and synthetic refiner training,authors zero-shot claim; no per-row overlap marker; exact pretraining leakage not independently audited,https://arxiv.org/html/2607.17967v2,2607.17967v2,Table C.1 Metric depth map; Ours ViT-G Step 3,MoGe-3 authors,own model,unknown,v3 K=3; baseline exact token budget unknown,Different MoGe2 values than 2025 B.4 retained. No claim that baseline checkpoint equals the normal release. Local detail metrics use GT alignment and are not represented as metric-depth evidence.
i38-observation-028,i38-moge3-vitg,i38-protocol-moge3-native-kitti,KITTI,paper zero-shot benchmark; exact image counts unknown,delta1,85.9,percent,higher,single RGB; own predicted camera,unknown for accuracy table,valid GT; exact crop unknown,unknown,reported metric depth; no GT scale fit described; explicit clamp/metric-alignment details absent,MoGe mixed-data pretraining; v3 joint real/synthetic base and synthetic refiner training,authors zero-shot claim; no per-row overlap marker; exact pretraining leakage not independently audited,https://arxiv.org/html/2607.17967v2,2607.17967v2,Table C.1 Metric depth map; Ours ViT-G Step 3,MoGe-3 authors,own model,unknown,v3 K=3; baseline exact token budget unknown,Different MoGe2 values than 2025 B.4 retained. No claim that baseline checkpoint equals the normal release. Local detail metrics use GT alignment and are not represented as metric-depth evidence.
i38-observation-029,i38-moge3-vitg,i38-protocol-moge3-native-ibims-1,iBims-1,paper zero-shot benchmark; exact image counts unknown,AbsRel,11.0,percent,lower,single RGB; own predicted camera,unknown for accuracy table,valid GT; exact crop unknown,unknown,reported metric depth; no GT scale fit described; explicit clamp/metric-alignment details absent,MoGe mixed-data pretraining; v3 joint real/synthetic base and synthetic refiner training,authors zero-shot claim; no per-row overlap marker; exact pretraining leakage not independently audited,https://arxiv.org/html/2607.17967v2,2607.17967v2,Table C.1 Metric depth map; Ours ViT-G Step 3,MoGe-3 authors,own model,unknown,v3 K=3; baseline exact token budget unknown,Different MoGe2 values than 2025 B.4 retained. No claim that baseline checkpoint equals the normal release. Local detail metrics use GT alignment and are not represented as metric-depth evidence.
i38-observation-030,i38-moge3-vitg,i38-protocol-moge3-native-ibims-1,iBims-1,paper zero-shot benchmark; exact image counts unknown,delta1,87.9,percent,higher,single RGB; own predicted camera,unknown for accuracy table,valid GT; exact crop unknown,unknown,reported metric depth; no GT scale fit described; explicit clamp/metric-alignment details absent,MoGe mixed-data pretraining; v3 joint real/synthetic base and synthetic refiner training,authors zero-shot claim; no per-row overlap marker; exact pretraining leakage not independently audited,https://arxiv.org/html/2607.17967v2,2607.17967v2,Table C.1 Metric depth map; Ours ViT-G Step 3,MoGe-3 authors,own model,unknown,v3 K=3; baseline exact token budget unknown,Different MoGe2 values than 2025 B.4 retained. No claim that baseline checkpoint equals the normal release. Local detail metrics use GT alignment and are not represented as metric-depth evidence.
i38-observation-031,i38-unik3d-vitl,i38-protocol-unidac-predicted-scannet++,ScanNet++,zero-shot test; exact split/count unspecified in inspected paper,AbsRel,0.253,fraction,lower,single RGB; predicted camera,"unknown; paper says follows DAC training setup, not exact test-resolution guarantee",unknown,unknown,metric evaluation; no GT-depth scale fit described; camera-based ERP transforms,UniK3D mixed wide/pinhole data,author zero-shot claim; UniK3D large-FoV training differs; Matterport3D excluded elsewhere due overlap,https://arxiv.org/html/2603.27105v1,2603.27105v1,Table 7; UniK3D,UniDAC authors,baseline evaluated by UniDAC authors; exact rerun script/revision unknown,unknown,AnyCalib plus UCM-to-MEI approximation for predicted UniDAC; native rays for UniK3D,"Known-camera row not ranked against predicted-camera row. Table Dataset Size is training images, not model parameters. Unknown crop/cap limits external comparison."
i38-observation-032,i38-unik3d-vitl,i38-protocol-unidac-predicted-scannet++,ScanNet++,zero-shot test; exact split/count unspecified in inspected paper,delta1,0.651,fraction,higher,single RGB; predicted camera,"unknown; paper says follows DAC training setup, not exact test-resolution guarantee",unknown,unknown,metric evaluation; no GT-depth scale fit described; camera-based ERP transforms,UniK3D mixed wide/pinhole data,author zero-shot claim; UniK3D large-FoV training differs; Matterport3D excluded elsewhere due overlap,https://arxiv.org/html/2603.27105v1,2603.27105v1,Table 7; UniK3D,UniDAC authors,baseline evaluated by UniDAC authors; exact rerun script/revision unknown,unknown,AnyCalib plus UCM-to-MEI approximation for predicted UniDAC; native rays for UniK3D,"Known-camera row not ranked against predicted-camera row. Table Dataset Size is training images, not model parameters. Unknown crop/cap limits external comparison."
i38-observation-033,i38-unik3d-vitl,i38-protocol-unidac-predicted-kitti-360,KITTI-360,zero-shot test; exact split/count unspecified in inspected paper,AbsRel,0.244,fraction,lower,single RGB; predicted camera,"unknown; paper says follows DAC training setup, not exact test-resolution guarantee",unknown,unknown,metric evaluation; no GT-depth scale fit described; camera-based ERP transforms,UniK3D mixed wide/pinhole data,author zero-shot claim; UniK3D large-FoV training differs; Matterport3D excluded elsewhere due overlap,https://arxiv.org/html/2603.27105v1,2603.27105v1,Table 7; UniK3D,UniDAC authors,baseline evaluated by UniDAC authors; exact rerun script/revision unknown,unknown,AnyCalib plus UCM-to-MEI approximation for predicted UniDAC; native rays for UniK3D,"Known-camera row not ranked against predicted-camera row. Table Dataset Size is training images, not model parameters. Unknown crop/cap limits external comparison."
i38-observation-034,i38-unik3d-vitl,i38-protocol-unidac-predicted-kitti-360,KITTI-360,zero-shot test; exact split/count unspecified in inspected paper,delta1,0.817,fraction,higher,single RGB; predicted camera,"unknown; paper says follows DAC training setup, not exact test-resolution guarantee",unknown,unknown,metric evaluation; no GT-depth scale fit described; camera-based ERP transforms,UniK3D mixed wide/pinhole data,author zero-shot claim; UniK3D large-FoV training differs; Matterport3D excluded elsewhere due overlap,https://arxiv.org/html/2603.27105v1,2603.27105v1,Table 7; UniK3D,UniDAC authors,baseline evaluated by UniDAC authors; exact rerun script/revision unknown,unknown,AnyCalib plus UCM-to-MEI approximation for predicted UniDAC; native rays for UniK3D,"Known-camera row not ranked against predicted-camera row. Table Dataset Size is training images, not model parameters. Unknown crop/cap limits external comparison."
i38-observation-035,i38-unidac-vitl-predicted,i38-protocol-unidac-predicted-scannet++,ScanNet++,zero-shot test; exact split/count unspecified in inspected paper,AbsRel,0.104,fraction,lower,single RGB; predicted camera,"unknown; paper says follows DAC training setup, not exact test-resolution guarantee",unknown,unknown,metric evaluation; no GT-depth scale fit described; camera-based ERP transforms,perspective-only mixture including A2D2,author zero-shot claim; UniK3D large-FoV training differs; Matterport3D excluded elsewhere due overlap,https://arxiv.org/html/2603.27105v1,2603.27105v1,Table 7; UniDAC-P + A2D2,UniDAC authors,own model,unknown,AnyCalib plus UCM-to-MEI approximation for predicted UniDAC; native rays for UniK3D,"Known-camera row not ranked against predicted-camera row. Table Dataset Size is training images, not model parameters. Unknown crop/cap limits external comparison."
i38-observation-036,i38-unidac-vitl-predicted,i38-protocol-unidac-predicted-scannet++,ScanNet++,zero-shot test; exact split/count unspecified in inspected paper,delta1,0.917,fraction,higher,single RGB; predicted camera,"unknown; paper says follows DAC training setup, not exact test-resolution guarantee",unknown,unknown,metric evaluation; no GT-depth scale fit described; camera-based ERP transforms,perspective-only mixture including A2D2,author zero-shot claim; UniK3D large-FoV training differs; Matterport3D excluded elsewhere due overlap,https://arxiv.org/html/2603.27105v1,2603.27105v1,Table 7; UniDAC-P + A2D2,UniDAC authors,own model,unknown,AnyCalib plus UCM-to-MEI approximation for predicted UniDAC; native rays for UniK3D,"Known-camera row not ranked against predicted-camera row. Table Dataset Size is training images, not model parameters. Unknown crop/cap limits external comparison."
i38-observation-037,i38-unidac-vitl-predicted,i38-protocol-unidac-predicted-kitti-360,KITTI-360,zero-shot test; exact split/count unspecified in inspected paper,AbsRel,0.154,fraction,lower,single RGB; predicted camera,"unknown; paper says follows DAC training setup, not exact test-resolution guarantee",unknown,unknown,metric evaluation; no GT-depth scale fit described; camera-based ERP transforms,perspective-only mixture including A2D2,author zero-shot claim; UniK3D large-FoV training differs; Matterport3D excluded elsewhere due overlap,https://arxiv.org/html/2603.27105v1,2603.27105v1,Table 7; UniDAC-P + A2D2,UniDAC authors,own model,unknown,AnyCalib plus UCM-to-MEI approximation for predicted UniDAC; native rays for UniK3D,"Known-camera row not ranked against predicted-camera row. Table Dataset Size is training images, not model parameters. Unknown crop/cap limits external comparison."
i38-observation-038,i38-unidac-vitl-predicted,i38-protocol-unidac-predicted-kitti-360,KITTI-360,zero-shot test; exact split/count unspecified in inspected paper,delta1,0.815,fraction,higher,single RGB; predicted camera,"unknown; paper says follows DAC training setup, not exact test-resolution guarantee",unknown,unknown,metric evaluation; no GT-depth scale fit described; camera-based ERP transforms,perspective-only mixture including A2D2,author zero-shot claim; UniK3D large-FoV training differs; Matterport3D excluded elsewhere due overlap,https://arxiv.org/html/2603.27105v1,2603.27105v1,Table 7; UniDAC-P + A2D2,UniDAC authors,own model,unknown,AnyCalib plus UCM-to-MEI approximation for predicted UniDAC; native rays for UniK3D,"Known-camera row not ranked against predicted-camera row. Table Dataset Size is training images, not model parameters. Unknown crop/cap limits external comparison."
i38-observation-039,i38-unidac-vitl-gt,i38-protocol-unidac-gt-scannet++,ScanNet++,zero-shot test; exact split/count unspecified in inspected paper,AbsRel,0.097,fraction,lower,single RGB; GT camera,"unknown; paper says follows DAC training setup, not exact test-resolution guarantee",unknown,unknown,metric evaluation; no GT-depth scale fit described; camera-based ERP transforms,perspective-only mixture including A2D2,author zero-shot claim; UniK3D large-FoV training differs; Matterport3D excluded elsewhere due overlap,https://arxiv.org/html/2603.27105v1,2603.27105v1,Table 7; UniDAC-G + A2D2,UniDAC authors,own model,unknown,AnyCalib plus UCM-to-MEI approximation for predicted UniDAC; native rays for UniK3D,"Known-camera row not ranked against predicted-camera row. Table Dataset Size is training images, not model parameters. Unknown crop/cap limits external comparison."
i38-observation-040,i38-unidac-vitl-gt,i38-protocol-unidac-gt-scannet++,ScanNet++,zero-shot test; exact split/count unspecified in inspected paper,delta1,0.918,fraction,higher,single RGB; GT camera,"unknown; paper says follows DAC training setup, not exact test-resolution guarantee",unknown,unknown,metric evaluation; no GT-depth scale fit described; camera-based ERP transforms,perspective-only mixture including A2D2,author zero-shot claim; UniK3D large-FoV training differs; Matterport3D excluded elsewhere due overlap,https://arxiv.org/html/2603.27105v1,2603.27105v1,Table 7; UniDAC-G + A2D2,UniDAC authors,own model,unknown,AnyCalib plus UCM-to-MEI approximation for predicted UniDAC; native rays for UniK3D,"Known-camera row not ranked against predicted-camera row. Table Dataset Size is training images, not model parameters. Unknown crop/cap limits external comparison."
i38-observation-041,i38-unidac-vitl-gt,i38-protocol-unidac-gt-kitti-360,KITTI-360,zero-shot test; exact split/count unspecified in inspected paper,AbsRel,0.141,fraction,lower,single RGB; GT camera,"unknown; paper says follows DAC training setup, not exact test-resolution guarantee",unknown,unknown,metric evaluation; no GT-depth scale fit described; camera-based ERP transforms,perspective-only mixture including A2D2,author zero-shot claim; UniK3D large-FoV training differs; Matterport3D excluded elsewhere due overlap,https://arxiv.org/html/2603.27105v1,2603.27105v1,Table 7; UniDAC-G + A2D2,UniDAC authors,own model,unknown,AnyCalib plus UCM-to-MEI approximation for predicted UniDAC; native rays for UniK3D,"Known-camera row not ranked against predicted-camera row. Table Dataset Size is training images, not model parameters. Unknown crop/cap limits external comparison."
i38-observation-042,i38-unidac-vitl-gt,i38-protocol-unidac-gt-kitti-360,KITTI-360,zero-shot test; exact split/count unspecified in inspected paper,delta1,0.836,fraction,higher,single RGB; GT camera,"unknown; paper says follows DAC training setup, not exact test-resolution guarantee",unknown,unknown,metric evaluation; no GT-depth scale fit described; camera-based ERP transforms,perspective-only mixture including A2D2,author zero-shot claim; UniK3D large-FoV training differs; Matterport3D excluded elsewhere due overlap,https://arxiv.org/html/2603.27105v1,2603.27105v1,Table 7; UniDAC-G + A2D2,UniDAC authors,own model,unknown,AnyCalib plus UCM-to-MEI approximation for predicted UniDAC; native rays for UniK3D,"Known-camera row not ranked against predicted-camera row. Table Dataset Size is training images, not model parameters. Unknown crop/cap limits external comparison."
i38-observation-043,i38-metricanything-depthmap,i38-protocol-metricanything-native-eth3d,ETH3D,authors unseen test; exact counts/split unknown,AbsRel,0.147,fraction,lower,single RGB plus focal length in released inference; paper evaluation camera source unspecified,unknown for paper evaluation,unknown,unknown for paper; release infer clamps inverse depth,metric claimed; test-time alignment not explicitly described in inspected Sec 4.2.1,student distilled from heterogeneous-source teacher; depth student trained from scratch,Sec 4.2.1 explicitly says no train/validation/hyperparameter use of six test datasets,https://arxiv.org/html/2601.22054v1,2601.22054v1,Table 4 Ours-Student-Depthmap AbsRel / Table 3 Student-DepthMap delta1,MetricAnything authors,own model,unknown,unknown; released focal fallback is not camera prediction,"Retained as native author evidence, not pooled with fully specified protocols. Paper ray-distance wording versus release canonical-inverse-depth formulation unresolved."
i38-observation-044,i38-metricanything-depthmap,i38-protocol-metricanything-native-eth3d,ETH3D,authors unseen test; exact counts/split unknown,delta1,79.9,percent,higher,single RGB plus focal length in released inference; paper evaluation camera source unspecified,unknown for paper evaluation,unknown,unknown for paper; release infer clamps inverse depth,metric claimed; test-time alignment not explicitly described in inspected Sec 4.2.1,student distilled from heterogeneous-source teacher; depth student trained from scratch,Sec 4.2.1 explicitly says no train/validation/hyperparameter use of six test datasets,https://arxiv.org/html/2601.22054v1,2601.22054v1,Table 4 Ours-Student-Depthmap AbsRel / Table 3 Student-DepthMap delta1,MetricAnything authors,own model,unknown,unknown; released focal fallback is not camera prediction,"Retained as native author evidence, not pooled with fully specified protocols. Paper ray-distance wording versus release canonical-inverse-depth formulation unresolved."
i38-observation-045,i38-metricanything-depthmap,i38-protocol-metricanything-native-sun-rgb-d,SUN RGB-D,authors unseen test; exact counts/split unknown,AbsRel,0.085,fraction,lower,single RGB plus focal length in released inference; paper evaluation camera source unspecified,unknown for paper evaluation,unknown,unknown for paper; release infer clamps inverse depth,metric claimed; test-time alignment not explicitly described in inspected Sec 4.2.1,student distilled from heterogeneous-source teacher; depth student trained from scratch,Sec 4.2.1 explicitly says no train/validation/hyperparameter use of six test datasets,https://arxiv.org/html/2601.22054v1,2601.22054v1,Table 4 Ours-Student-Depthmap AbsRel / Table 3 Student-DepthMap delta1,MetricAnything authors,own model,unknown,unknown; released focal fallback is not camera prediction,"Retained as native author evidence, not pooled with fully specified protocols. Paper ray-distance wording versus release canonical-inverse-depth formulation unresolved."
i38-observation-046,i38-metricanything-depthmap,i38-protocol-metricanything-native-sun-rgb-d,SUN RGB-D,authors unseen test; exact counts/split unknown,delta1,97.7,percent,higher,single RGB plus focal length in released inference; paper evaluation camera source unspecified,unknown for paper evaluation,unknown,unknown for paper; release infer clamps inverse depth,metric claimed; test-time alignment not explicitly described in inspected Sec 4.2.1,student distilled from heterogeneous-source teacher; depth student trained from scratch,Sec 4.2.1 explicitly says no train/validation/hyperparameter use of six test datasets,https://arxiv.org/html/2601.22054v1,2601.22054v1,Table 4 Ours-Student-Depthmap AbsRel / Table 3 Student-DepthMap delta1,MetricAnything authors,own model,unknown,unknown; released focal fallback is not camera prediction,"Retained as native author evidence, not pooled with fully specified protocols. Paper ray-distance wording versus release canonical-inverse-depth formulation unresolved."
i38-observation-047,i38-metricanything-depthmap,i38-protocol-metricanything-native-sintel,Sintel,authors unseen test; exact counts/split unknown,AbsRel,0.792,fraction,lower,single RGB plus focal length in released inference; paper evaluation camera source unspecified,unknown for paper evaluation,unknown,unknown for paper; release infer clamps inverse depth,metric claimed; test-time alignment not explicitly described in inspected Sec 4.2.1,student distilled from heterogeneous-source teacher; depth student trained from scratch,Sec 4.2.1 explicitly says no train/validation/hyperparameter use of six test datasets,https://arxiv.org/html/2601.22054v1,2601.22054v1,Table 4 Ours-Student-Depthmap AbsRel / Table 3 Student-DepthMap delta1,MetricAnything authors,own model,unknown,unknown; released focal fallback is not camera prediction,"Retained as native author evidence, not pooled with fully specified protocols. Paper ray-distance wording versus release canonical-inverse-depth formulation unresolved."
i38-observation-048,i38-metricanything-depthmap,i38-protocol-metricanything-native-sintel,Sintel,authors unseen test; exact counts/split unknown,delta1,27.7,percent,higher,single RGB plus focal length in released inference; paper evaluation camera source unspecified,unknown for paper evaluation,unknown,unknown for paper; release infer clamps inverse depth,metric claimed; test-time alignment not explicitly described in inspected Sec 4.2.1,student distilled from heterogeneous-source teacher; depth student trained from scratch,Sec 4.2.1 explicitly says no train/validation/hyperparameter use of six test datasets,https://arxiv.org/html/2601.22054v1,2601.22054v1,Table 4 Ours-Student-Depthmap AbsRel / Table 3 Student-DepthMap delta1,MetricAnything authors,own model,unknown,unknown; released focal fallback is not camera prediction,"Retained as native author evidence, not pooled with fully specified protocols. Paper ray-distance wording versus release canonical-inverse-depth formulation unresolved."
i38-observation-049,i38-zoedepth-m12-nk,i38-protocol-aerialmetric-city-predicted,AerialMetric-Oblique City,Oblique City held-out test; train/test scene split in dataset section,AbsRel,97.1,percent,lower,single RGB; no GT intrinsics,per-model official pipeline; exact evaluation resolution unknown,invalid GT excluded; crop unknown,prediction clipped 0.001-400 m,native metric; no GT-depth alignment described,original released pretrained; zero-shot aerial test,MoGe2-Aerial trained on Oblique training scenes; other models zero-shot aerial,https://arxiv.org/html/2606.29716v1,2606.29716v1,Table 3 Metric depth map w/o GT intrinsics; ZoeDepth,AerialMetric authors,"explicit public-code rerun by independent benchmark authors, Sec 4.1",unknown,per-image metrics averaged; exact commits unreported,"Real numeric zero is a reported threshold score, not missing. Aerial Wild pseudo-label dataset not used in this table. Different training regimes prevent controlled architecture ranking."
i38-observation-050,i38-zoedepth-m12-nk,i38-protocol-aerialmetric-city-predicted,AerialMetric-Oblique City,Oblique City held-out test; train/test scene split in dataset section,delta1,0.0,percent,higher,single RGB; no GT intrinsics,per-model official pipeline; exact evaluation resolution unknown,invalid GT excluded; crop unknown,prediction clipped 0.001-400 m,native metric; no GT-depth alignment described,original released pretrained; zero-shot aerial test,MoGe2-Aerial trained on Oblique training scenes; other models zero-shot aerial,https://arxiv.org/html/2606.29716v1,2606.29716v1,Table 3 Metric depth map w/o GT intrinsics; ZoeDepth,AerialMetric authors,"explicit public-code rerun by independent benchmark authors, Sec 4.1",unknown,per-image metrics averaged; exact commits unreported,"Real numeric zero is a reported threshold score, not missing. Aerial Wild pseudo-label dataset not used in this table. Different training regimes prevent controlled architecture ranking."
i38-observation-051,i38-moge2-vitl-normal,i38-protocol-aerialmetric-city-predicted,AerialMetric-Oblique City,Oblique City held-out test; train/test scene split in dataset section,AbsRel,48.4,percent,lower,single RGB; no GT intrinsics,per-model official pipeline; exact evaluation resolution unknown,invalid GT excluded; crop unknown,prediction clipped 0.001-400 m,native metric; no GT-depth alignment described,original released pretrained; zero-shot aerial test,MoGe2-Aerial trained on Oblique training scenes; other models zero-shot aerial,https://arxiv.org/html/2606.29716v1,2606.29716v1,Table 3 Metric depth map w/o GT intrinsics; MoGe2,AerialMetric authors,"explicit public-code rerun by independent benchmark authors, Sec 4.1",unknown,per-image metrics averaged; exact commits unreported,"Real numeric zero is a reported threshold score, not missing. Aerial Wild pseudo-label dataset not used in this table. Different training regimes prevent controlled architecture ranking. Official AerialMetric README identifies baseline as Ruicheng/moge-2-vitl-normal; paper shortens it to MoGe2-L."
i38-observation-052,i38-moge2-vitl-normal,i38-protocol-aerialmetric-city-predicted,AerialMetric-Oblique City,Oblique City held-out test; train/test scene split in dataset section,delta1,5.1,percent,higher,single RGB; no GT intrinsics,per-model official pipeline; exact evaluation resolution unknown,invalid GT excluded; crop unknown,prediction clipped 0.001-400 m,native metric; no GT-depth alignment described,original released pretrained; zero-shot aerial test,MoGe2-Aerial trained on Oblique training scenes; other models zero-shot aerial,https://arxiv.org/html/2606.29716v1,2606.29716v1,Table 3 Metric depth map w/o GT intrinsics; MoGe2,AerialMetric authors,"explicit public-code rerun by independent benchmark authors, Sec 4.1",unknown,per-image metrics averaged; exact commits unreported,"Real numeric zero is a reported threshold score, not missing. Aerial Wild pseudo-label dataset not used in this table. Different training regimes prevent controlled architecture ranking. Official AerialMetric README identifies baseline as Ruicheng/moge-2-vitl-normal; paper shortens it to MoGe2-L."
i38-observation-053,i38-unidepthv2-vitl-reference,i38-protocol-aerialmetric-city-predicted,AerialMetric-Oblique City,Oblique City held-out test; train/test scene split in dataset section,AbsRel,31.0,percent,lower,single RGB; no GT intrinsics,per-model official pipeline; exact evaluation resolution unknown,invalid GT excluded; crop unknown,prediction clipped 0.001-400 m,native metric; no GT-depth alignment described,original released pretrained; zero-shot aerial test,MoGe2-Aerial trained on Oblique training scenes; other models zero-shot aerial,https://arxiv.org/html/2606.29716v1,2606.29716v1,Table 3 Metric depth map w/o GT intrinsics; UniDepthV2,AerialMetric authors,"explicit public-code rerun by independent benchmark authors, Sec 4.1",unknown,per-image metrics averaged; exact commits unreported,"Real numeric zero is a reported threshold score, not missing. Aerial Wild pseudo-label dataset not used in this table. Different training regimes prevent controlled architecture ranking."
i38-observation-054,i38-unidepthv2-vitl-reference,i38-protocol-aerialmetric-city-predicted,AerialMetric-Oblique City,Oblique City held-out test; train/test scene split in dataset section,delta1,34.1,percent,higher,single RGB; no GT intrinsics,per-model official pipeline; exact evaluation resolution unknown,invalid GT excluded; crop unknown,prediction clipped 0.001-400 m,native metric; no GT-depth alignment described,original released pretrained; zero-shot aerial test,MoGe2-Aerial trained on Oblique training scenes; other models zero-shot aerial,https://arxiv.org/html/2606.29716v1,2606.29716v1,Table 3 Metric depth map w/o GT intrinsics; UniDepthV2,AerialMetric authors,"explicit public-code rerun by independent benchmark authors, Sec 4.1",unknown,per-image metrics averaged; exact commits unreported,"Real numeric zero is a reported threshold score, not missing. Aerial Wild pseudo-label dataset not used in this table. Different training regimes prevent controlled architecture ranking."
i38-observation-055,i38-moge2-aerial,i38-protocol-aerialmetric-city-predicted,AerialMetric-Oblique City,Oblique City held-out test; train/test scene split in dataset section,AbsRel,10.3,percent,lower,single RGB; no GT intrinsics,per-model official pipeline; exact evaluation resolution unknown,invalid GT excluded; crop unknown,prediction clipped 0.001-400 m,native metric; no GT-depth alignment described,aerial LoRA adaptation plus ground-domain mixture,MoGe2-Aerial trained on Oblique training scenes; other models zero-shot aerial,https://arxiv.org/html/2606.29716v1,2606.29716v1,Table 3 Metric depth map w/o GT intrinsics; MoGe2-Aerial,AerialMetric authors,own adapted model,unknown,per-image metrics averaged; exact commits unreported,"Real numeric zero is a reported threshold score, not missing. Aerial Wild pseudo-label dataset not used in this table. Different training regimes prevent controlled architecture ranking."
i38-observation-056,i38-moge2-aerial,i38-protocol-aerialmetric-city-predicted,AerialMetric-Oblique City,Oblique City held-out test; train/test scene split in dataset section,delta1,89.3,percent,higher,single RGB; no GT intrinsics,per-model official pipeline; exact evaluation resolution unknown,invalid GT excluded; crop unknown,prediction clipped 0.001-400 m,native metric; no GT-depth alignment described,aerial LoRA adaptation plus ground-domain mixture,MoGe2-Aerial trained on Oblique training scenes; other models zero-shot aerial,https://arxiv.org/html/2606.29716v1,2606.29716v1,Table 3 Metric depth map w/o GT intrinsics; MoGe2-Aerial,AerialMetric authors,own adapted model,unknown,per-image metrics averaged; exact commits unreported,"Real numeric zero is a reported threshold score, not missing. Aerial Wild pseudo-label dataset not used in this table. Different training regimes prevent controlled architecture ranking."
i38-observation-057,i38-moge2-vitl,i38-protocol-moge3-a100-fp16-700,sampled single images,200 sampled inputs; dataset unspecified,latency,39,ms,lower,single RGB,700x700 native,not_applicable,not_applicable,not_applicable,not_applicable,not_applicable,https://arxiv.org/html/2607.17967v2,2607.17967v2,Table C.4 MoGe-2 (ViT-L) 700^2 row (also Table 2),MoGe-3 authors,paper runtime measurement; possible reuse of MoGe2 2025 table values not specified,single NVIDIA A100,FP16; forward batch 1; full point+depth forward; v3 K=3,"No host extrapolation; external I/O, model loading and compilation inclusion not stated; peak memory not reported for v3."
i38-observation-058,i38-moge3-vitl,i38-protocol-moge3-a100-fp16-700,sampled single images,200 sampled inputs; dataset unspecified,latency,121,ms,lower,single RGB,700x700 native,not_applicable,not_applicable,not_applicable,not_applicable,not_applicable,https://arxiv.org/html/2607.17967v2,2607.17967v2,Table C.4 Ours (ViT-L) 3-step 700^2 row (also Table 2),MoGe-3 authors,paper runtime measurement; possible reuse of MoGe2 2025 table values not specified,single NVIDIA A100,FP16; forward batch 1; full point+depth forward; v3 K=3,"No host extrapolation; external I/O, model loading and compilation inclusion not stated; peak memory not reported for v3."
i38-observation-059,i38-moge3-vitg,i38-protocol-moge3-a100-fp16-700,sampled single images,200 sampled inputs; dataset unspecified,latency,177,ms,lower,single RGB,700x700 native,not_applicable,not_applicable,not_applicable,not_applicable,not_applicable,https://arxiv.org/html/2607.17967v2,2607.17967v2,Table C.4 Ours (ViT-G) 3-step 700^2 row (also Table 2),MoGe-3 authors,paper runtime measurement; possible reuse of MoGe2 2025 table values not specified,single NVIDIA A100,FP16; forward batch 1; full point+depth forward; v3 K=3,"No host extrapolation; external I/O, model loading and compilation inclusion not stated; peak memory not reported for v3."
i39-observation-001,i39-marigold-v1-0,i39-protocol-da2k-ordinal,DA-2K,full annotated benchmark,pairwise_order_accuracy,86.8,percent,higher,single_RGB,varied high-resolution source images; exact per-model inference settings unknown,annotated sparse pixel pairs,not_applicable,not_applicable: ordinal closer/farther; no metric fit,zero-shot,no benchmark supervised training disclosed; foundation pretraining overlap unknown,https://arxiv.org/html/2406.09414v2,2406.09414v2,Table3 row marigold-v1-0,da authors,author benchmark evaluation; baseline checkpoint pin unknown,unknown,unknown,DA-2K selection includes disagreement mining involving evaluated model families; not dense boundary/metric test.
i39-observation-002,i39-dav2-small,i39-protocol-da2k-ordinal,DA-2K,full annotated benchmark,pairwise_order_accuracy,95.3,percent,higher,single_RGB,varied high-resolution source images; exact per-model inference settings unknown,annotated sparse pixel pairs,not_applicable,not_applicable: ordinal closer/farther; no metric fit,zero-shot,no benchmark supervised training disclosed; foundation pretraining overlap unknown,https://arxiv.org/html/2406.09414v2,2406.09414v2,Table3 row dav2-small,da authors,author evaluation,unknown,unknown,DA-2K selection includes disagreement mining involving evaluated model families; not dense boundary/metric test.
i39-observation-003,i39-dav2-large,i39-protocol-da2k-ordinal,DA-2K,full annotated benchmark,pairwise_order_accuracy,97.1,percent,higher,single_RGB,varied high-resolution source images; exact per-model inference settings unknown,annotated sparse pixel pairs,not_applicable,not_applicable: ordinal closer/farther; no metric fit,zero-shot,no benchmark supervised training disclosed; foundation pretraining overlap unknown,https://arxiv.org/html/2406.09414v2,2406.09414v2,Table3 row dav2-large,da authors,author evaluation,unknown,unknown,DA-2K selection includes disagreement mining involving evaluated model families; not dense boundary/metric test.
i39-observation-004,i39-dav2-giant,i39-protocol-da2k-ordinal,DA-2K,full annotated benchmark,pairwise_order_accuracy,97.4,percent,higher,single_RGB,varied high-resolution source images; exact per-model inference settings unknown,annotated sparse pixel pairs,not_applicable,not_applicable: ordinal closer/farther; no metric fit,zero-shot,no benchmark supervised training disclosed; foundation pretraining overlap unknown,https://arxiv.org/html/2406.09414v2,2406.09414v2,Table3 row dav2-giant,da authors,author evaluation,unknown,unknown,DA-2K selection includes disagreement mining involving evaluated model families; not dense boundary/metric test.
i39-observation-005,i39-dav2-small,i39-protocol-dav2-original-nyuv2,NYUv2,unknown,AbsRel,0.053,ratio,lower,single_RGB,short side 518; aspect ratio retained (§B.8 default),unknown,unknown,affine relative evaluation; fit domain/scope not restated in inspected Table2 text,zero-shot,no benchmark supervised training disclosed; foundation pretraining overlap unknown,https://arxiv.org/html/2406.09414v2,2406.09414v2,Table2 row dav2-small,da authors,author evaluation,unknown,unknown,Same-source variant comparison only; crop/mask/cap unresolved; no rank against depth-space Marigold tables.
i39-observation-006,i39-dav2-small,i39-protocol-dav2-original-kitti,KITTI,unknown,AbsRel,0.078,ratio,lower,single_RGB,short side 518; aspect ratio retained (§B.8 default),unknown,unknown,affine relative evaluation; fit domain/scope not restated in inspected Table2 text,zero-shot,no benchmark supervised training disclosed; foundation pretraining overlap unknown,https://arxiv.org/html/2406.09414v2,2406.09414v2,Table2 row dav2-small,da authors,author evaluation,unknown,unknown,Same-source variant comparison only; crop/mask/cap unresolved; no rank against depth-space Marigold tables.
i39-observation-007,i39-dav2-large,i39-protocol-dav2-original-nyuv2,NYUv2,unknown,AbsRel,0.045,ratio,lower,single_RGB,short side 518; aspect ratio retained (§B.8 default),unknown,unknown,affine relative evaluation; fit domain/scope not restated in inspected Table2 text,zero-shot,no benchmark supervised training disclosed; foundation pretraining overlap unknown,https://arxiv.org/html/2406.09414v2,2406.09414v2,Table2 row dav2-large,da authors,author evaluation,unknown,unknown,Same-source variant comparison only; crop/mask/cap unresolved; no rank against depth-space Marigold tables.
i39-observation-008,i39-dav2-large,i39-protocol-dav2-original-kitti,KITTI,unknown,AbsRel,0.074,ratio,lower,single_RGB,short side 518; aspect ratio retained (§B.8 default),unknown,unknown,affine relative evaluation; fit domain/scope not restated in inspected Table2 text,zero-shot,no benchmark supervised training disclosed; foundation pretraining overlap unknown,https://arxiv.org/html/2406.09414v2,2406.09414v2,Table2 row dav2-large,da authors,author evaluation,unknown,unknown,Same-source variant comparison only; crop/mask/cap unresolved; no rank against depth-space Marigold tables.
i39-observation-009,i39-dav2-giant,i39-protocol-dav2-original-nyuv2,NYUv2,unknown,AbsRel,0.044,ratio,lower,single_RGB,short side 518; aspect ratio retained (§B.8 default),unknown,unknown,affine relative evaluation; fit domain/scope not restated in inspected Table2 text,zero-shot,no benchmark supervised training disclosed; foundation pretraining overlap unknown,https://arxiv.org/html/2406.09414v2,2406.09414v2,Table2 row dav2-giant,da authors,author evaluation,unknown,unknown,Same-source variant comparison only; crop/mask/cap unresolved; no rank against depth-space Marigold tables.
i39-observation-010,i39-dav2-giant,i39-protocol-dav2-original-kitti,KITTI,unknown,AbsRel,0.075,ratio,lower,single_RGB,short side 518; aspect ratio retained (§B.8 default),unknown,unknown,affine relative evaluation; fit domain/scope not restated in inspected Table2 text,zero-shot,no benchmark supervised training disclosed; foundation pretraining overlap unknown,https://arxiv.org/html/2406.09414v2,2406.09414v2,Table2 row dav2-giant,da authors,author evaluation,unknown,unknown,Same-source variant comparison only; crop/mask/cap unresolved; no rank against depth-space Marigold tables.
i39-observation-011,i39-marigold-v1-0,i39-protocol-marigold-extension-ls-nyu,NYUv2,official 654 test images,AbsRel,5.5,percent,lower,single_RGB,unknown; evaluation predictions aligned to GT,unknown,unknown,per-image least-squares scale+shift in linear depth,SD2 prior; Hypersim+Virtual KITTI synthetic depth fine-tune; zero-shot NYU,no benchmark supervised training disclosed; foundation pretraining overlap unknown,https://arxiv.org/html/2505.09358v1,2505.09358v1,TableI marigold-v1-0 10x50,m1 authors,author evaluation,unknown,ensemble x steps=10x50; standard VAE; float32,Crop/valid mask/cap not specified in inspected paper prose; do not infer temporal/metric recovery.
i39-observation-012,i39-marigold-v1-0,i39-protocol-marigold-extension-ls-nyu,NYUv2,official 654 test images,delta1,96.4,percent,higher,single_RGB,unknown; evaluation predictions aligned to GT,unknown,unknown,per-image least-squares scale+shift in linear depth,SD2 prior; Hypersim+Virtual KITTI synthetic depth fine-tune; zero-shot NYU,no benchmark supervised training disclosed; foundation pretraining overlap unknown,https://arxiv.org/html/2505.09358v1,2505.09358v1,TableI marigold-v1-0 10x50,m1 authors,author evaluation,unknown,ensemble x steps=10x50; standard VAE; float32,Crop/valid mask/cap not specified in inspected paper prose; do not infer temporal/metric recovery.
i39-observation-013,i39-marigold-v1-1,i39-protocol-marigold-extension-ls-nyu,NYUv2,official 654 test images,AbsRel,5.9,percent,lower,single_RGB,unknown; evaluation predictions aligned to GT,unknown,unknown,per-image least-squares scale+shift in linear depth,SD2 prior; Hypersim+Virtual KITTI synthetic depth fine-tune; zero-shot NYU,no benchmark supervised training disclosed; foundation pretraining overlap unknown,https://arxiv.org/html/2505.09358v1,2505.09358v1,TableI marigold-v1-1 1x1,m1 authors,author evaluation,unknown,ensemble x steps=1x1; standard VAE; float32,Crop/valid mask/cap not specified in inspected paper prose; do not infer temporal/metric recovery.
i39-observation-014,i39-marigold-v1-1,i39-protocol-marigold-extension-ls-nyu,NYUv2,official 654 test images,delta1,96.1,percent,higher,single_RGB,unknown; evaluation predictions aligned to GT,unknown,unknown,per-image least-squares scale+shift in linear depth,SD2 prior; Hypersim+Virtual KITTI synthetic depth fine-tune; zero-shot NYU,no benchmark supervised training disclosed; foundation pretraining overlap unknown,https://arxiv.org/html/2505.09358v1,2505.09358v1,TableI marigold-v1-1 1x1,m1 authors,author evaluation,unknown,ensemble x steps=1x1; standard VAE; float32,Crop/valid mask/cap not specified in inspected paper prose; do not infer temporal/metric recovery.
i39-observation-015,i39-marigold-v1-1,i39-protocol-marigold-extension-ls-nyu,NYUv2,official 654 test images,AbsRel,5.5,percent,lower,single_RGB,unknown; evaluation predictions aligned to GT,unknown,unknown,per-image least-squares scale+shift in linear depth,SD2 prior; Hypersim+Virtual KITTI synthetic depth fine-tune; zero-shot NYU,no benchmark supervised training disclosed; foundation pretraining overlap unknown,https://arxiv.org/html/2505.09358v1,2505.09358v1,TableI marigold-v1-1 10x4,m1 authors,author evaluation,unknown,ensemble x steps=10x4; standard VAE; float32,Crop/valid mask/cap not specified in inspected paper prose; do not infer temporal/metric recovery.
i39-observation-016,i39-marigold-v1-1,i39-protocol-marigold-extension-ls-nyu,NYUv2,official 654 test images,delta1,96.4,percent,higher,single_RGB,unknown; evaluation predictions aligned to GT,unknown,unknown,per-image least-squares scale+shift in linear depth,SD2 prior; Hypersim+Virtual KITTI synthetic depth fine-tune; zero-shot NYU,no benchmark supervised training disclosed; foundation pretraining overlap unknown,https://arxiv.org/html/2505.09358v1,2505.09358v1,TableI marigold-v1-1 10x4,m1 authors,author evaluation,unknown,ensemble x steps=10x4; standard VAE; float32,Crop/valid mask/cap not specified in inspected paper prose; do not infer temporal/metric recovery.
i39-observation-017,i39-marigold-v1-1,i39-protocol-marigold-extension-runtime,not_applicable,not_applicable,latency,0.568,seconds/image,lower,single_RGB,768x768,unknown,unknown,not_applicable,not_applicable,not_applicable,https://arxiv.org/html/2505.09358v1,2505.09358v1,TableII standard v1.1 1x1,m1 authors,author evaluation,RTX 3090,1 step; 1 ensemble; standard VAE; float32,Batch/warmup/compiler details unknown; not host estimate.
i39-observation-018,i39-lotus-d-disparity,i39-protocol-lotus-v5-nyuv2,NYUv2,unknown,AbsRel,5.1,percent,lower,single_RGB,unknown,unknown,unknown,least-squares scale+shift; fit domain/scope not fully specified in Appendix A.2; released Lotus outputs disparity,Hypersim+Virtual KITTI; zero-shot,no benchmark supervised training disclosed; foundation pretraining overlap unknown,https://arxiv.org/html/2409.18124v5,2409.18124v5,Table1 lotus-d-disparity,lotus authors,author evaluation,unknown,one denoiser step for Lotus; ensemble unknown,Paper v5 values; exact released-file correspondence unreported; §A.2 lacks complete crop/cap/split settings.
i39-observation-019,i39-lotus-d-disparity,i39-protocol-lotus-v5-kitti,KITTI,unknown,AbsRel,8.1,percent,lower,single_RGB,unknown,unknown,unknown,least-squares scale+shift; fit domain/scope not fully specified in Appendix A.2; released Lotus outputs disparity,Hypersim+Virtual KITTI; zero-shot,no benchmark supervised training disclosed; foundation pretraining overlap unknown,https://arxiv.org/html/2409.18124v5,2409.18124v5,Table1 lotus-d-disparity,lotus authors,author evaluation,unknown,one denoiser step for Lotus; ensemble unknown,Paper v5 values; exact released-file correspondence unreported; §A.2 lacks complete crop/cap/split settings.
i39-observation-020,i39-lotus-g-disparity,i39-protocol-lotus-v5-nyuv2,NYUv2,unknown,AbsRel,5.4,percent,lower,single_RGB,unknown,unknown,unknown,least-squares scale+shift; fit domain/scope not fully specified in Appendix A.2; released Lotus outputs disparity,Hypersim+Virtual KITTI; zero-shot,no benchmark supervised training disclosed; foundation pretraining overlap unknown,https://arxiv.org/html/2409.18124v5,2409.18124v5,Table1 lotus-g-disparity,lotus authors,author evaluation,unknown,one denoiser step for Lotus; ensemble unknown,Paper v5 values; exact released-file correspondence unreported; §A.2 lacks complete crop/cap/split settings.
i39-observation-021,i39-lotus-g-disparity,i39-protocol-lotus-v5-kitti,KITTI,unknown,AbsRel,8.5,percent,lower,single_RGB,unknown,unknown,unknown,least-squares scale+shift; fit domain/scope not fully specified in Appendix A.2; released Lotus outputs disparity,Hypersim+Virtual KITTI; zero-shot,no benchmark supervised training disclosed; foundation pretraining overlap unknown,https://arxiv.org/html/2409.18124v5,2409.18124v5,Table1 lotus-g-disparity,lotus authors,author evaluation,unknown,one denoiser step for Lotus; ensemble unknown,Paper v5 values; exact released-file correspondence unreported; §A.2 lacks complete crop/cap/split settings.
i39-observation-022,i39-genpercept-lotus-rerun,i39-protocol-lotus-v5-nyuv2,NYUv2,unknown,AbsRel,5.6,percent,lower,single_RGB,unknown,unknown,unknown,least-squares scale+shift; fit domain/scope not fully specified in Appendix A.2; released Lotus outputs disparity,Hypersim+Virtual KITTI; zero-shot,no benchmark supervised training disclosed; foundation pretraining overlap unknown,https://arxiv.org/html/2409.18124v5,2409.18124v5,Table1 genpercept-lotus-rerun,lotus authors,rerun by Lotus authors (§),unknown,one denoiser step for Lotus; ensemble unknown,Paper v5 values; exact released-file correspondence unreported; §A.2 lacks complete crop/cap/split settings.
i39-observation-023,i39-genpercept-lotus-rerun,i39-protocol-lotus-v5-kitti,KITTI,unknown,AbsRel,13.0,percent,lower,single_RGB,unknown,unknown,unknown,least-squares scale+shift; fit domain/scope not fully specified in Appendix A.2; released Lotus outputs disparity,Hypersim+Virtual KITTI; zero-shot,no benchmark supervised training disclosed; foundation pretraining overlap unknown,https://arxiv.org/html/2409.18124v5,2409.18124v5,Table1 genpercept-lotus-rerun,lotus authors,rerun by Lotus authors (§),unknown,one denoiser step for Lotus; ensemble unknown,Paper v5 values; exact released-file correspondence unreported; §A.2 lacks complete crop/cap/split settings.
i39-observation-024,i39-lotus2,i39-protocol-lotus2-ls-nyuv2,NYUv2,unknown,AbsRel,4.1,percent,lower,single_RGB,unknown,unknown,unknown,least-squares scale+shift; representation/scope not fully specified in §V-A4,Hypersim+Virtual KITTI synthetic; zero-shot,no benchmark supervised training disclosed; foundation pretraining overlap unknown,https://arxiv.org/html/2512.01030v1,2512.01030v1,TableI Lotus-2 row,lotus2 authors,author evaluation,unknown,1 core step + 10 sharpener Euler steps; deterministic,Original Lotus-2 evaluation; keep apart from MarigoldV2 RANSAC rerun.
i39-observation-025,i39-lotus2,i39-protocol-lotus2-ls-diode,DIODE,unknown,AbsRel,22.1,percent,lower,single_RGB,unknown,unknown,unknown,least-squares scale+shift; representation/scope not fully specified in §V-A4,Hypersim+Virtual KITTI synthetic; zero-shot,no benchmark supervised training disclosed; foundation pretraining overlap unknown,https://arxiv.org/html/2512.01030v1,2512.01030v1,TableI Lotus-2 row,lotus2 authors,author evaluation,unknown,1 core step + 10 sharpener Euler steps; deterministic,Original Lotus-2 evaluation; keep apart from MarigoldV2 RANSAC rerun.
i39-observation-026,i39-marigold-v2-log-stage2,i39-protocol-marigoldv2-ransac-nyuv2,NYUv2,NYU labeled test; script keeps available predictions,AbsRel,3.6,percent,lower,single_RGB,native image resolution,"Eigen [45:471,41:601] plus valid range",0.1 < GT < 10 m; prediction clipped to valid GT maximum,per-image RANSAC scale+shift in log depth then exponentiation (V2 code ppd_ransac_log),synthetic depth fine-tune; zero-shot,no benchmark supervised training disclosed; foundation pretraining overlap unknown,https://arxiv.org/html/2609.08084v1,2609.08084v1,Table1 marigold-v2-log-stage2,m2 authors,author evaluation,unknown,one pass; 4-bit frozen Qwen DiT + adapters,Paper score; code protocol checked at https://github.com/huawei-bayerlab/marigold-v2/blob/bf21e4ad9fb0ae1376bbfb2ec79e999802f19a85/evaluation/depth/eval.py and build_eval_subsets.py; actual evaluated image count not reported. Do not equate filtered DIODE to older unfiltered tables.
i39-observation-027,i39-marigold-v2-log-stage2,i39-protocol-marigoldv2-ransac-diode,DIODE,DIODE validation indoor+outdoor; script keeps available predictions,AbsRel,5.2,percent,lower,single_RGB,native image resolution,provided valid mask plus range; exclude Sobel |dx|+|dy| >0.3,0.6 < GT < 350 m; prediction clipped to valid GT maximum,per-image RANSAC scale+shift in log depth then exponentiation (V2 code ppd_ransac_log),synthetic depth fine-tune; zero-shot,no benchmark supervised training disclosed; foundation pretraining overlap unknown,https://arxiv.org/html/2609.08084v1,2609.08084v1,Table1 marigold-v2-log-stage2,m2 authors,author evaluation,unknown,one pass; 4-bit frozen Qwen DiT + adapters,Paper score; code protocol checked at https://github.com/huawei-bayerlab/marigold-v2/blob/bf21e4ad9fb0ae1376bbfb2ec79e999802f19a85/evaluation/depth/eval.py and build_eval_subsets.py; actual evaluated image count not reported. Do not equate filtered DIODE to older unfiltered tables.
i39-observation-028,i39-lotus2,i39-protocol-marigoldv2-ransac-nyuv2,NYUv2,unknown,AbsRel,3.7,percent,lower,single_RGB,native image resolution,unknown,unknown,RANSAC to metric GT per paper; baseline fit domain not individually documented,synthetic depth fine-tune; zero-shot,no benchmark supervised training disclosed; foundation pretraining overlap unknown,https://arxiv.org/html/2609.08084v1,2609.08084v1,Table1 lotus2,m2 authors,rerun by Marigold V2 authors,unknown,full Lotus-2; exact sharpener/precision settings not restated,Table percentages retained. Crop/mask/cap/split not fully specified. Different fit-domain evidence prevents a fully controlled ranking.
i39-observation-029,i39-lotus2,i39-protocol-marigoldv2-ransac-diode,DIODE,unknown,AbsRel,6.5,percent,lower,single_RGB,native image resolution,unknown,unknown,RANSAC to metric GT per paper; baseline fit domain not individually documented,synthetic depth fine-tune; zero-shot,no benchmark supervised training disclosed; foundation pretraining overlap unknown,https://arxiv.org/html/2609.08084v1,2609.08084v1,Table1 lotus2,m2 authors,rerun by Marigold V2 authors,unknown,full Lotus-2; exact sharpener/precision settings not restated,Table percentages retained. Crop/mask/cap/split not fully specified. Different fit-domain evidence prevents a fully controlled ranking.
i39-observation-030,i39-marigold-v1-0,i39-protocol-marigold-extension-ls-diode,DIODE,validation indoor+outdoor,AbsRel,30.8,percent,lower,single_RGB,unknown,unknown,unknown,per-image least-squares scale+shift linear depth,zero-shot,no benchmark supervised training disclosed; foundation pretraining overlap unknown,https://arxiv.org/html/2505.09358v1,2505.09358v1,TableI v1.0 10x50,m1 authors,author evaluation,unknown,10 ensemble x 50 DDIM steps,Original extension DIODE row; unlike PPD/V2 copied value 10.0.
i39-observation-031,i39-marigold-v1-0,i39-protocol-marigoldv2-copied-diode,DIODE,unknown,AbsRel,10.0,percent,lower,single_RGB,unknown,unknown,unknown,unknown for copied baseline; source comparison states RANSAC,zero-shot,no benchmark supervised training disclosed; foundation pretraining overlap unknown,https://arxiv.org/html/2609.08084v1,2609.08084v1,Table1 Marigold Depth V1 row,m2 authors,copied from PPD; not a V2 rerun,unknown,unknown,Conflicts with 30.8 in extension; alignment/mask/checkpoint provenance insufficient to reconcile. Not evidence of checkpoint improvement.
i39-observation-032,i39-marigold-v2-log-stage2,i39-protocol-marigoldv2-hypersim-see,Hypersim,test,SEE3,0.352,reported disparity-error scale,lower,single_RGB,unknown,unknown,unknown,edge pixels selected by disparity jump; minimum disparity error in 3x3 GT neighborhood; normalization details unknown,not zero-shot domain: synthetic training includes Hypersim for these methods,test split distinct; same dataset domain in training,https://arxiv.org/html/2609.08084v1,2609.08084v1,Table2 marigold-v2-log-stage2,m2 authors,evaluation by Marigold V2 authors,unknown,unknown,Lower is better; tolerates local edge displacement; exact PPD/InfiniDepth checkpoint not stated in Table2.
i39-observation-033,i39-ppd-1024,i39-protocol-marigoldv2-hypersim-see,Hypersim,test,SEE3,0.404,reported disparity-error scale,lower,single_RGB,unknown,unknown,unknown,edge pixels selected by disparity jump; minimum disparity error in 3x3 GT neighborhood; normalization details unknown,not zero-shot domain: synthetic training includes Hypersim for these methods,test split distinct; same dataset domain in training,https://arxiv.org/html/2609.08084v1,2609.08084v1,Table2 ppd-1024,m2 authors,evaluation by Marigold V2 authors,unknown,unknown,Lower is better; tolerates local edge displacement; exact PPD/InfiniDepth checkpoint not stated in Table2.
i39-observation-034,i39-infinidepth-relative,i39-protocol-marigoldv2-hypersim-see,Hypersim,test,SEE3,0.470,reported disparity-error scale,lower,single_RGB,unknown,unknown,unknown,edge pixels selected by disparity jump; minimum disparity error in 3x3 GT neighborhood; normalization details unknown,not zero-shot domain: synthetic training includes Hypersim for these methods,test split distinct; same dataset domain in training,https://arxiv.org/html/2609.08084v1,2609.08084v1,Table2 infinidepth-relative,m2 authors,evaluation by Marigold V2 authors,unknown,unknown,Lower is better; tolerates local edge displacement; exact PPD/InfiniDepth checkpoint not stated in Table2.
i39-observation-035,i39-marigold-v2-log-stage2,i39-protocol-marigoldv2-runtime-1024,not_applicable,not_applicable,latency,1.9,seconds/image,lower,single_RGB,1024x1024,unknown,unknown,not_applicable,not_applicable,not_applicable,https://arxiv.org/html/2609.08084v1,2609.08084v1,Table6 marigold-v2-log-stage2,m2 authors,author evaluation,single 32GB GPU; model unspecified,one pass; quantized backbone; batch/warmup unknown,No estimate for project host or 960x540; cannot compare directly to RTX3090 timing.
i39-observation-036,i39-marigold-v2-log-stage2,i39-protocol-marigoldv2-runtime-1024,not_applicable,not_applicable,memory,16.9,GB,lower,single_RGB,1024x1024,unknown,unknown,not_applicable,not_applicable,not_applicable,https://arxiv.org/html/2609.08084v1,2609.08084v1,Table6 marigold-v2-log-stage2,m2 authors,author evaluation,single 32GB GPU; model unspecified,one pass; quantized backbone; batch/warmup unknown,No estimate for project host or 960x540; cannot compare directly to RTX3090 timing.
i39-observation-037,i39-lotus2,i39-protocol-marigoldv2-runtime-1024,not_applicable,not_applicable,latency,8.9,seconds/image,lower,single_RGB,1024x1024,unknown,unknown,not_applicable,not_applicable,not_applicable,https://arxiv.org/html/2609.08084v1,2609.08084v1,Table6 lotus2,m2 authors,author evaluation,single 32GB GPU; model unspecified,full method; precise sharpener count not restated; batch/warmup unknown,No estimate for project host or 960x540; cannot compare directly to RTX3090 timing.
i39-observation-038,i39-lotus2,i39-protocol-marigoldv2-runtime-1024,not_applicable,not_applicable,memory,26.1,GB,lower,single_RGB,1024x1024,unknown,unknown,not_applicable,not_applicable,not_applicable,https://arxiv.org/html/2609.08084v1,2609.08084v1,Table6 lotus2,m2 authors,author evaluation,single 32GB GPU; model unspecified,full method; precise sharpener count not restated; batch/warmup unknown,No estimate for project host or 960x540; cannot compare directly to RTX3090 timing.
i39-observation-039,i39-marigold-v1-0,i39-protocol-mdec2025-syns-caveated,SYNS-Patches,whole test split,F_score,17.01,reported table scale (percentage convention),higher,single_RGB,native inference; server bilinear resize to GT,valid LiDAR; edge subset for F_edges; dynamic artifacts manually excluded,unknown,§3 per-image linear-depth LSE scale+shift after disparity inversion; §5 alternatively median scaling; row-specific ambiguity unresolved,off-the-shelf; no challenge fine-tune,no SYNS supervised training disclosed; pretraining overlap unknown,https://openaccess.thecvf.com/content/CVPR2025W/MDEC/papers/Obukhov_The_Fourth_Monocular_Depth_Estimation_Challenge_CVPRW_2025_paper.pdf,CVPRW2025 proceedings version,Table1 p6187 row marigold-v1-0,MDEC2025 challenge authors,external challenge rerun; some authors overlap Marigold,unknown,DDIM 10 steps; ensemble 1,Visually checked PDF Table1. Section3/5 conflict prevents definitive common-alignment ranking; still-image dataset cannot establish moving-player consistency.
i39-observation-040,i39-marigold-v1-0,i39-protocol-mdec2025-syns-caveated,SYNS-Patches,whole test split,F_edges,9.19,reported table scale (percentage convention),higher,single_RGB,native inference; server bilinear resize to GT,valid LiDAR; edge subset for F_edges; dynamic artifacts manually excluded,unknown,§3 per-image linear-depth LSE scale+shift after disparity inversion; §5 alternatively median scaling; row-specific ambiguity unresolved,off-the-shelf; no challenge fine-tune,no SYNS supervised training disclosed; pretraining overlap unknown,https://openaccess.thecvf.com/content/CVPR2025W/MDEC/papers/Obukhov_The_Fourth_Monocular_Depth_Estimation_Challenge_CVPRW_2025_paper.pdf,CVPRW2025 proceedings version,Table1 p6187 row marigold-v1-0,MDEC2025 challenge authors,external challenge rerun; some authors overlap Marigold,unknown,DDIM 10 steps; ensemble 1,Visually checked PDF Table1. Section3/5 conflict prevents definitive common-alignment ranking; still-image dataset cannot establish moving-player consistency.
i39-observation-041,i39-marigold-v1-0,i39-protocol-mdec2025-syns-caveated,SYNS-Patches,whole test split,AbsRel,29.42,reported table scale (percentage convention),lower,single_RGB,native inference; server bilinear resize to GT,valid LiDAR; edge subset for F_edges; dynamic artifacts manually excluded,unknown,§3 per-image linear-depth LSE scale+shift after disparity inversion; §5 alternatively median scaling; row-specific ambiguity unresolved,off-the-shelf; no challenge fine-tune,no SYNS supervised training disclosed; pretraining overlap unknown,https://openaccess.thecvf.com/content/CVPR2025W/MDEC/papers/Obukhov_The_Fourth_Monocular_Depth_Estimation_Challenge_CVPRW_2025_paper.pdf,CVPRW2025 proceedings version,Table1 p6187 row marigold-v1-0,MDEC2025 challenge authors,external challenge rerun; some authors overlap Marigold,unknown,DDIM 10 steps; ensemble 1,Visually checked PDF Table1. Section3/5 conflict prevents definitive common-alignment ranking; still-image dataset cannot establish moving-player consistency.
i39-observation-042,i39-dav2-large-hf,i39-protocol-mdec2025-syns-caveated,SYNS-Patches,whole test split,F_score,14.34,reported table scale (percentage convention),higher,single_RGB,native inference; server bilinear resize to GT,valid LiDAR; edge subset for F_edges; dynamic artifacts manually excluded,unknown,§3 per-image linear-depth LSE scale+shift after disparity inversion; §5 alternatively median scaling; row-specific ambiguity unresolved,off-the-shelf; no challenge fine-tune,no SYNS supervised training disclosed; pretraining overlap unknown,https://openaccess.thecvf.com/content/CVPR2025W/MDEC/papers/Obukhov_The_Fourth_Monocular_Depth_Estimation_Challenge_CVPRW_2025_paper.pdf,CVPRW2025 proceedings version,Table1 p6187 row dav2-large-hf,MDEC2025 challenge authors,external challenge rerun; some authors overlap Marigold,unknown,Large-hf default; precise preprocessing implementation not inspected,Visually checked PDF Table1. Section3/5 conflict prevents definitive common-alignment ranking; still-image dataset cannot establish moving-player consistency.
i39-observation-043,i39-dav2-large-hf,i39-protocol-mdec2025-syns-caveated,SYNS-Patches,whole test split,F_edges,6.72,reported table scale (percentage convention),higher,single_RGB,native inference; server bilinear resize to GT,valid LiDAR; edge subset for F_edges; dynamic artifacts manually excluded,unknown,§3 per-image linear-depth LSE scale+shift after disparity inversion; §5 alternatively median scaling; row-specific ambiguity unresolved,off-the-shelf; no challenge fine-tune,no SYNS supervised training disclosed; pretraining overlap unknown,https://openaccess.thecvf.com/content/CVPR2025W/MDEC/papers/Obukhov_The_Fourth_Monocular_Depth_Estimation_Challenge_CVPRW_2025_paper.pdf,CVPRW2025 proceedings version,Table1 p6187 row dav2-large-hf,MDEC2025 challenge authors,external challenge rerun; some authors overlap Marigold,unknown,Large-hf default; precise preprocessing implementation not inspected,Visually checked PDF Table1. Section3/5 conflict prevents definitive common-alignment ranking; still-image dataset cannot establish moving-player consistency.
i39-observation-044,i39-dav2-large-hf,i39-protocol-mdec2025-syns-caveated,SYNS-Patches,whole test split,AbsRel,33.57,reported table scale (percentage convention),lower,single_RGB,native inference; server bilinear resize to GT,valid LiDAR; edge subset for F_edges; dynamic artifacts manually excluded,unknown,§3 per-image linear-depth LSE scale+shift after disparity inversion; §5 alternatively median scaling; row-specific ambiguity unresolved,off-the-shelf; no challenge fine-tune,no SYNS supervised training disclosed; pretraining overlap unknown,https://openaccess.thecvf.com/content/CVPR2025W/MDEC/papers/Obukhov_The_Fourth_Monocular_Depth_Estimation_Challenge_CVPRW_2025_paper.pdf,CVPRW2025 proceedings version,Table1 p6187 row dav2-large-hf,MDEC2025 challenge authors,external challenge rerun; some authors overlap Marigold,unknown,Large-hf default; precise preprocessing implementation not inspected,Visually checked PDF Table1. Section3/5 conflict prevents definitive common-alignment ranking; still-image dataset cannot establish moving-player consistency.
i40-observation-dc-sintel-AbsRel,i40-depthcrafter-v101,i40-protocol-dc-sintel-sequence,Sintel,23 training-set sequences; around 50 frames,AbsRel,0.270,ratio,lower,RGB video,unknown,unknown,unknown,one scale and shift per sequence,zero-shot; SVD initialization; staged synthetic and realistic depth video training,unknown; no target fine-tuning claimed,https://openaccess.thecvf.com/content/CVPR2025/papers/Hu_DepthCrafter_Generating_Consistent_Long_Depth_Sequences_for_Open-world_Videos_CVPR_2025_paper.pdf,CVPR 2025 camera-ready,Table 1 p2011 row DepthCrafter (Ours),dc paper authors,own evaluation,unknown,unknown,CVPR final scores differ from original release; camera motion/dynamic scenes but no object-mask breakdown
i40-observation-dc-sintel-delta1,i40-depthcrafter-v101,i40-protocol-dc-sintel-sequence,Sintel,23 training-set sequences; around 50 frames,delta1,0.697,ratio,higher,RGB video,unknown,unknown,unknown,one scale and shift per sequence,zero-shot; SVD initialization; staged synthetic and realistic depth video training,unknown; no target fine-tuning claimed,https://openaccess.thecvf.com/content/CVPR2025/papers/Hu_DepthCrafter_Generating_Consistent_Long_Depth_Sequences_for_Open-world_Videos_CVPR_2025_paper.pdf,CVPR 2025 camera-ready,Table 1 p2011 row DepthCrafter (Ours),dc paper authors,own evaluation,unknown,unknown,CVPR final scores differ from original release; camera motion/dynamic scenes but no object-mask breakdown
i40-observation-vda-scannet-vda-large-AbsRel,i40-vda-large,i40-protocol-vda-scannet500,ScanNet,video evaluation; maximum 500 frames; scene IDs in benchmark release,AbsRel,0.089,ratio,lower,RGB video,unknown,unknown,unknown,least squares shared scale/shift in inverse depth across sequence; invert to depth,zero-shot; synthetic + wild binocular video then synthetic + unlabeled image distillation; full non-Syn variant,unknown; no target fine-tuning claimed,https://openaccess.thecvf.com/content/CVPR2025/papers/Chen_Video_Depth_Anything_Consistent_Depth_Estimation_for_Super-Long_Videos_CVPR_2025_paper.pdf,CVPR 2025 camera-ready,Table 1 p22836 row VDA-L (Ours),vda paper authors,own evaluation,unknown,unknown,Resolution model-dependent; crop/depth limits not fully stated in inspected supplement
i40-observation-vda-scannet-vda-large-delta1,i40-vda-large,i40-protocol-vda-scannet500,ScanNet,video evaluation; maximum 500 frames; scene IDs in benchmark release,delta1,0.926,ratio,higher,RGB video,unknown,unknown,unknown,least squares shared scale/shift in inverse depth across sequence; invert to depth,zero-shot; synthetic + wild binocular video then synthetic + unlabeled image distillation; full non-Syn variant,unknown; no target fine-tuning claimed,https://openaccess.thecvf.com/content/CVPR2025/papers/Chen_Video_Depth_Anything_Consistent_Depth_Estimation_for_Super-Long_Videos_CVPR_2025_paper.pdf,CVPR 2025 camera-ready,Table 1 p22836 row VDA-L (Ours),vda paper authors,own evaluation,unknown,unknown,Resolution model-dependent; crop/depth limits not fully stated in inspected supplement
i40-observation-vda-tae-vda-large,i40-vda-large,i40-protocol-vda-scannet170-tae,ScanNet,170-frame temporal benchmark,TAE,0.570,ratio,lower,RGB video,unknown,unknown,unknown,shared sequence inverse-depth affine fit; bidirectional camera reprojection,zero-shot; synthetic + wild binocular video then synthetic + unlabeled image distillation; full non-Syn variant,unknown; no target fine-tuning claimed,https://openaccess.thecvf.com/content/CVPR2025/papers/Chen_Video_Depth_Anything_Consistent_Depth_Estimation_for_Super-Long_Videos_CVPR_2025_paper.pdf,CVPR 2025 camera-ready,Table 1 p22836 Scannet (170 frames) column row VDA-L (Ours),vda paper authors,own evaluation,unknown,unknown,TAE supplement Eq1 average bidirectional AbsRel; visibility mask unknown; no optical-flow dependency disclosed; not a moving-object tracking test
i40-observation-vda-scannet-vda-small-AbsRel,i40-vda-small,i40-protocol-vda-scannet500,ScanNet,video evaluation; maximum 500 frames; scene IDs in benchmark release,AbsRel,0.110,ratio,lower,RGB video,unknown,unknown,unknown,least squares shared scale/shift in inverse depth across sequence; invert to depth,zero-shot; synthetic + wild binocular video then synthetic + unlabeled image distillation; full non-Syn variant,unknown; no target fine-tuning claimed,https://openaccess.thecvf.com/content/CVPR2025/papers/Chen_Video_Depth_Anything_Consistent_Depth_Estimation_for_Super-Long_Videos_CVPR_2025_paper.pdf,CVPR 2025 camera-ready,Table 1 p22836 row VDA-S (Ours),vda paper authors,own evaluation,unknown,unknown,Resolution model-dependent; crop/depth limits not fully stated in inspected supplement
i40-observation-vda-scannet-vda-small-delta1,i40-vda-small,i40-protocol-vda-scannet500,ScanNet,video evaluation; maximum 500 frames; scene IDs in benchmark release,delta1,0.876,ratio,higher,RGB video,unknown,unknown,unknown,least squares shared scale/shift in inverse depth across sequence; invert to depth,zero-shot; synthetic + wild binocular video then synthetic + unlabeled image distillation; full non-Syn variant,unknown; no target fine-tuning claimed,https://openaccess.thecvf.com/content/CVPR2025/papers/Chen_Video_Depth_Anything_Consistent_Depth_Estimation_for_Super-Long_Videos_CVPR_2025_paper.pdf,CVPR 2025 camera-ready,Table 1 p22836 row VDA-S (Ours),vda paper authors,own evaluation,unknown,unknown,Resolution model-dependent; crop/depth limits not fully stated in inspected supplement
i40-observation-vda-tae-vda-small,i40-vda-small,i40-protocol-vda-scannet170-tae,ScanNet,170-frame temporal benchmark,TAE,0.703,ratio,lower,RGB video,unknown,unknown,unknown,shared sequence inverse-depth affine fit; bidirectional camera reprojection,zero-shot; synthetic + wild binocular video then synthetic + unlabeled image distillation; full non-Syn variant,unknown; no target fine-tuning claimed,https://openaccess.thecvf.com/content/CVPR2025/papers/Chen_Video_Depth_Anything_Consistent_Depth_Estimation_for_Super-Long_Videos_CVPR_2025_paper.pdf,CVPR 2025 camera-ready,Table 1 p22836 Scannet (170 frames) column row VDA-S (Ours),vda paper authors,own evaluation,unknown,unknown,TAE supplement Eq1 average bidirectional AbsRel; visibility mask unknown; no optical-flow dependency disclosed; not a moving-object tracking test
i40-observation-vda-scannet-depthcrafter-unspecified-AbsRel,i40-depthcrafter-unspecified,i40-protocol-vda-scannet500,ScanNet,video evaluation; maximum 500 frames; scene IDs in benchmark release,AbsRel,0.169,ratio,lower,RGB video,unknown,unknown,unknown,least squares shared scale/shift in inverse depth across sequence; invert to depth,zero-shot; SVD initialization; staged synthetic and realistic depth video training,unknown; no target fine-tuning claimed,https://openaccess.thecvf.com/content/CVPR2025/papers/Chen_Video_Depth_Anything_Consistent_Depth_Estimation_for_Super-Long_Videos_CVPR_2025_paper.pdf,CVPR 2025 camera-ready,Table 1 p22836 row DepthCrafter,vda paper authors,rerun official inference (supplement section 5),unknown,unknown,Resolution model-dependent; crop/depth limits not fully stated in inspected supplement
i40-observation-vda-scannet-depthcrafter-unspecified-delta1,i40-depthcrafter-unspecified,i40-protocol-vda-scannet500,ScanNet,video evaluation; maximum 500 frames; scene IDs in benchmark release,delta1,0.730,ratio,higher,RGB video,unknown,unknown,unknown,least squares shared scale/shift in inverse depth across sequence; invert to depth,zero-shot; SVD initialization; staged synthetic and realistic depth video training,unknown; no target fine-tuning claimed,https://openaccess.thecvf.com/content/CVPR2025/papers/Chen_Video_Depth_Anything_Consistent_Depth_Estimation_for_Super-Long_Videos_CVPR_2025_paper.pdf,CVPR 2025 camera-ready,Table 1 p22836 row DepthCrafter,vda paper authors,rerun official inference (supplement section 5),unknown,unknown,Resolution model-dependent; crop/depth limits not fully stated in inspected supplement
i40-observation-vda-tae-depthcrafter-unspecified,i40-depthcrafter-unspecified,i40-protocol-vda-scannet170-tae,ScanNet,170-frame temporal benchmark,TAE,0.639,ratio,lower,RGB video,unknown,unknown,unknown,shared sequence inverse-depth affine fit; bidirectional camera reprojection,zero-shot; SVD initialization; staged synthetic and realistic depth video training,unknown; no target fine-tuning claimed,https://openaccess.thecvf.com/content/CVPR2025/papers/Chen_Video_Depth_Anything_Consistent_Depth_Estimation_for_Super-Long_Videos_CVPR_2025_paper.pdf,CVPR 2025 camera-ready,Table 1 p22836 Scannet (170 frames) column row DepthCrafter,vda paper authors,rerun official inference (supplement section 5),unknown,unknown,TAE supplement Eq1 average bidirectional AbsRel; visibility mask unknown; no optical-flow dependency disclosed; not a moving-object tracking test
i40-observation-vda-tae-depthanyvideo,i40-depthanyvideo,i40-protocol-vda-scannet170-tae,ScanNet,170-frame temporal benchmark,TAE,0.967,ratio,lower,RGB video,unknown,unknown,unknown,shared sequence inverse-depth affine fit; bidirectional camera reprojection,zero-shot; SVD initialization; author synthetic game-video pipeline,unknown; no target fine-tuning claimed,https://openaccess.thecvf.com/content/CVPR2025/papers/Chen_Video_Depth_Anything_Consistent_Depth_Estimation_for_Super-Long_Videos_CVPR_2025_paper.pdf,CVPR 2025 camera-ready,Table 1 p22836 Scannet (170 frames) column row DepthAnyVideo,vda paper authors,rerun official inference (supplement section 5),unknown,unknown,TAE supplement Eq1 average bidirectional AbsRel; visibility mask unknown; no optical-flow dependency disclosed; not a moving-object tracking test
i40-observation-vda-speed-vda-small,i40-vda-small,i40-protocol-vda-a100-speed,not_applicable,unknown,latency,9.1,ms/frame,lower,RGB video,518x518,unknown,unknown,not_applicable,not_applicable,not_applicable,https://openaccess.thecvf.com/content/CVPR2025/papers/Chen_Video_Depth_Anything_Consistent_Depth_Estimation_for_Super-Long_Videos_CVPR_2025_paper.pdf,CVPR 2025 camera-ready,Table 3 p22837 row VDA-S (Ours),vda paper authors,unknown unless stated,single A100 GPU,FP32; average per frame; batch/steps/ensemble unknown in timing table,No host-speed implication; offline latency is not time-to-first-frame
i40-observation-vda-speed-vda-large,i40-vda-large,i40-protocol-vda-a100-speed,not_applicable,unknown,latency,67,ms/frame,lower,RGB video,518x518,unknown,unknown,not_applicable,not_applicable,not_applicable,https://openaccess.thecvf.com/content/CVPR2025/papers/Chen_Video_Depth_Anything_Consistent_Depth_Estimation_for_Super-Long_Videos_CVPR_2025_paper.pdf,CVPR 2025 camera-ready,Table 3 p22837 row VDA-L (Ours),vda paper authors,unknown unless stated,single A100 GPU,FP32; average per frame; batch/steps/ensemble unknown in timing table,No host-speed implication; offline latency is not time-to-first-frame
i40-observation-vda-speed-depthcrafter-unspecified,i40-depthcrafter-unspecified,i40-protocol-vda-a100-speed,not_applicable,unknown,latency,910,ms/frame,lower,RGB video,518x518,unknown,unknown,not_applicable,not_applicable,not_applicable,https://openaccess.thecvf.com/content/CVPR2025/papers/Chen_Video_Depth_Anything_Consistent_Depth_Estimation_for_Super-Long_Videos_CVPR_2025_paper.pdf,CVPR 2025 camera-ready,Table 3 p22837 row DepthCrafter,vda paper authors,unknown unless stated,single A100 GPU,FP16; average per frame; batch/steps/ensemble unknown in timing table,No host-speed implication; offline latency is not time-to-first-frame
i40-observation-vda-speed-depthanyvideo,i40-depthanyvideo,i40-protocol-vda-a100-speed,not_applicable,unknown,latency,159,ms/frame,lower,RGB video,518x518,unknown,unknown,not_applicable,not_applicable,not_applicable,https://openaccess.thecvf.com/content/CVPR2025/papers/Chen_Video_Depth_Anything_Consistent_Depth_Estimation_for_Super-Long_Videos_CVPR_2025_paper.pdf,CVPR 2025 camera-ready,Table 3 p22837 row DepthAnyVideo,vda paper authors,unknown unless stated,single A100 GPU,FP16; average per frame; batch/steps/ensemble unknown in timing table,No host-speed implication; offline latency is not time-to-first-frame
i40-observation-chrono-sintel-chronodepth-v1-AbsRel,i40-chronodepth-v1,i40-protocol-chrono-sintel,Sintel,23 training sequences; around 50 frames,AbsRel,0.493,ratio,lower,RGB video,ChronoDepth 576x768; evaluation resize unknown,unknown,unknown,global least-squares scale/shift over video,zero-shot; Hypersim image pretraining then TartanAir/Virtual KITTI2/MVS-Synth video temporal tuning,unknown; no target fine-tuning claimed,https://arxiv.org/html/2406.01493v3,arXiv:2406.01493v3,Table 1 row ChronoDepth (Ours); Sintel AbsRel column,chrono paper authors,own evaluation,unknown,clip10 overlap5; diffusion steps/ensemble unknown here,MFC* uses GT optical flow for moving objects; masks/normalization not resolved; supplementary URL attempted returned 404; do not compare to TAE
i40-observation-chrono-sintel-chronodepth-v1-MFC_gtflow,i40-chronodepth-v1,i40-protocol-chrono-sintel,Sintel,23 training sequences; around 50 frames,MFC_gtflow,0.516,unknown,lower,RGB video,ChronoDepth 576x768; evaluation resize unknown,unknown,unknown,global least-squares scale/shift over video,zero-shot; Hypersim image pretraining then TartanAir/Virtual KITTI2/MVS-Synth video temporal tuning,unknown; no target fine-tuning claimed,https://arxiv.org/html/2406.01493v3,arXiv:2406.01493v3,Table 1 row ChronoDepth (Ours); MFC* column,chrono paper authors,own evaluation,unknown,clip10 overlap5; diffusion steps/ensemble unknown here,MFC* uses GT optical flow for moving objects; masks/normalization not resolved; supplementary URL attempted returned 404; do not compare to TAE; unit/normalization not resolved from main-paper definition
i40-observation-chrono-sintel-depthcrafter-window10-AbsRel,i40-depthcrafter-window10,i40-protocol-chrono-sintel,Sintel,23 training sequences; around 50 frames,AbsRel,0.374,ratio,lower,RGB video,ChronoDepth 576x768; evaluation resize unknown,unknown,unknown,global least-squares scale/shift over video,zero-shot; SVD initialization; staged synthetic and realistic depth video training,unknown; no target fine-tuning claimed,https://arxiv.org/html/2406.01493v3,arXiv:2406.01493v3,Table 1 row DepthCrafter; Sintel AbsRel column,chrono paper authors,rerun with changed window length/overlap (section 4.3),unknown,clip10 overlap5; diffusion steps/ensemble unknown here,MFC* uses GT optical flow for moving objects; masks/normalization not resolved; supplementary URL attempted returned 404; do not compare to TAE
i40-observation-chrono-sintel-depthcrafter-window10-MFC_gtflow,i40-depthcrafter-window10,i40-protocol-chrono-sintel,Sintel,23 training sequences; around 50 frames,MFC_gtflow,0.889,unknown,lower,RGB video,ChronoDepth 576x768; evaluation resize unknown,unknown,unknown,global least-squares scale/shift over video,zero-shot; SVD initialization; staged synthetic and realistic depth video training,unknown; no target fine-tuning claimed,https://arxiv.org/html/2406.01493v3,arXiv:2406.01493v3,Table 1 row DepthCrafter; MFC* column,chrono paper authors,rerun with changed window length/overlap (section 4.3),unknown,clip10 overlap5; diffusion steps/ensemble unknown here,MFC* uses GT optical flow for moving objects; masks/normalization not resolved; supplementary URL attempted returned 404; do not compare to TAE; unit/normalization not resolved from main-paper definition
i40-observation-ovda-bonn-ovda-c16-AbsRel,i40-ovda-c16,i40-protocol-ovda-bonn-firstframe,Bonn,full sequences; mean length1118; no maximum frame cap,AbsRel,0.118,ratio,lower,RGB video,480x640 inference; resize to native480x640,valid depth pixels; other masks unknown,maximum80m,optimal scale/shift on FIRST frame only; fixed for remainder,zero-shot; VDA-S initialization; IRS/PointOdyssey/TartanAir/VKITTI synthetic masked-attention finetuning,unknown; no target fine-tuning claimed,https://arxiv.org/html/2510.09182v1,arXiv:2510.09182v1,Table 1 row Our oVDA,ovda paper authors,authors run online configurations; exact baseline weight revisions unknown,unknown,unknown,Aligned depth accuracy exposes drift but not standalone temporal error; different input resolutions
i40-observation-ovda-bonn-ovda-c16-delta1,i40-ovda-c16,i40-protocol-ovda-bonn-firstframe,Bonn,full sequences; mean length1118; no maximum frame cap,delta1,0.871,ratio,higher,RGB video,480x640 inference; resize to native480x640,valid depth pixels; other masks unknown,maximum80m,optimal scale/shift on FIRST frame only; fixed for remainder,zero-shot; VDA-S initialization; IRS/PointOdyssey/TartanAir/VKITTI synthetic masked-attention finetuning,unknown; no target fine-tuning claimed,https://arxiv.org/html/2510.09182v1,arXiv:2510.09182v1,Table 1 row Our oVDA,ovda paper authors,authors run online configurations; exact baseline weight revisions unknown,unknown,unknown,Aligned depth accuracy exposes drift but not standalone temporal error; different input resolutions
i40-observation-ovda-bonn-flashdepth-small-AbsRel,i40-flashdepth-small,i40-protocol-ovda-bonn-firstframe,Bonn,full sequences; mean length1118; no maximum frame cap,AbsRel,0.116,ratio,lower,RGB video,490x658 inference; resize to native480x640,valid depth pixels; other masks unknown,maximum80m,optimal scale/shift on FIRST frame only; fixed for remainder,zero-shot target evaluation; model pretraining differs,unknown; no target fine-tuning claimed,https://arxiv.org/html/2510.09182v1,arXiv:2510.09182v1,Table 1 row FlashDepth-s,ovda paper authors,authors run online configurations; exact baseline weight revisions unknown,unknown,unknown,Aligned depth accuracy exposes drift but not standalone temporal error; different input resolutions
i40-observation-ovda-bonn-flashdepth-small-delta1,i40-flashdepth-small,i40-protocol-ovda-bonn-firstframe,Bonn,full sequences; mean length1118; no maximum frame cap,delta1,0.848,ratio,higher,RGB video,490x658 inference; resize to native480x640,valid depth pixels; other masks unknown,maximum80m,optimal scale/shift on FIRST frame only; fixed for remainder,zero-shot target evaluation; model pretraining differs,unknown; no target fine-tuning claimed,https://arxiv.org/html/2510.09182v1,arXiv:2510.09182v1,Table 1 row FlashDepth-s,ovda paper authors,authors run online configurations; exact baseline weight revisions unknown,unknown,unknown,Aligned depth accuracy exposes drift but not standalone temporal error; different input resolutions
i40-observation-ovda-bonn-flashdepth-ovda-unspecified-AbsRel,i40-flashdepth-ovda-unspecified,i40-protocol-ovda-bonn-firstframe,Bonn,full sequences; mean length1118; no maximum frame cap,AbsRel,0.131,ratio,lower,RGB video,490x658 inference; resize to native480x640,valid depth pixels; other masks unknown,maximum80m,optimal scale/shift on FIRST frame only; fixed for remainder,zero-shot target evaluation; model pretraining differs,unknown; no target fine-tuning claimed,https://arxiv.org/html/2510.09182v1,arXiv:2510.09182v1,Table 1 row FlashDepth,ovda paper authors,authors run online configurations; exact baseline weight revisions unknown,unknown,unknown,Aligned depth accuracy exposes drift but not standalone temporal error; different input resolutions
i40-observation-ovda-bonn-flashdepth-ovda-unspecified-delta1,i40-flashdepth-ovda-unspecified,i40-protocol-ovda-bonn-firstframe,Bonn,full sequences; mean length1118; no maximum frame cap,delta1,0.789,ratio,higher,RGB video,490x658 inference; resize to native480x640,valid depth pixels; other masks unknown,maximum80m,optimal scale/shift on FIRST frame only; fixed for remainder,zero-shot target evaluation; model pretraining differs,unknown; no target fine-tuning claimed,https://arxiv.org/html/2510.09182v1,arXiv:2510.09182v1,Table 1 row FlashDepth,ovda paper authors,authors run online configurations; exact baseline weight revisions unknown,unknown,unknown,Aligned depth accuracy exposes drift but not standalone temporal error; different input resolutions
i40-observation-ovda-bonn-chronodepth-online4-AbsRel,i40-chronodepth-online4,i40-protocol-ovda-bonn-firstframe,Bonn,full sequences; mean length1118; no maximum frame cap,AbsRel,0.262,ratio,lower,RGB video,480x640 inference; resize to native480x640,valid depth pixels; other masks unknown,maximum80m,optimal scale/shift on FIRST frame only; fixed for remainder,zero-shot; Hypersim image pretraining then TartanAir/Virtual KITTI2/MVS-Synth video temporal tuning,unknown; no target fine-tuning claimed,https://arxiv.org/html/2510.09182v1,arXiv:2510.09182v1,Table 1 row ChronoDepth*,ovda paper authors,authors run online configurations; exact baseline weight revisions unknown,unknown,unknown,Aligned depth accuracy exposes drift but not standalone temporal error; different input resolutions
i40-observation-ovda-bonn-chronodepth-online4-delta1,i40-chronodepth-online4,i40-protocol-ovda-bonn-firstframe,Bonn,full sequences; mean length1118; no maximum frame cap,delta1,0.587,ratio,higher,RGB video,480x640 inference; resize to native480x640,valid depth pixels; other masks unknown,maximum80m,optimal scale/shift on FIRST frame only; fixed for remainder,zero-shot; Hypersim image pretraining then TartanAir/Virtual KITTI2/MVS-Synth video temporal tuning,unknown; no target fine-tuning claimed,https://arxiv.org/html/2510.09182v1,arXiv:2510.09182v1,Table 1 row ChronoDepth*,ovda paper authors,authors run online configurations; exact baseline weight revisions unknown,unknown,unknown,Aligned depth accuracy exposes drift but not standalone temporal error; different input resolutions
i40-observation-ovda-speed-ovda-c16-FPS,i40-ovda-c16,i40-protocol-ovda-a100-speed,not_applicable,unknown,FPS,42,frames/s,higher,RGB video,280x924,unknown,unknown,not_applicable,not_applicable,not_applicable,https://arxiv.org/html/2510.09182v1,arXiv:2510.09182v1,Table 2 row Our oVDA,ovda paper authors,unknown unless stated,NVIDIA A100,5000 frames; precision unknown in Table2; online current-frame processing; no ensemble disclosed,FPS rounded to integer; memory rounded to10MB; distinct from oVDA Jetson FP16 experiment
i40-observation-ovda-speed-ovda-c16-VRAM,i40-ovda-c16,i40-protocol-ovda-a100-speed,not_applicable,unknown,VRAM,0.45,GB,lower,RGB video,280x924,unknown,unknown,not_applicable,not_applicable,not_applicable,https://arxiv.org/html/2510.09182v1,arXiv:2510.09182v1,Table 2 row Our oVDA,ovda paper authors,unknown unless stated,NVIDIA A100,5000 frames; precision unknown in Table2; online current-frame processing; no ensemble disclosed,FPS rounded to integer; memory rounded to10MB; distinct from oVDA Jetson FP16 experiment
i40-observation-ovda-speed-flashdepth-small-FPS,i40-flashdepth-small,i40-protocol-ovda-a100-speed,not_applicable,unknown,FPS,60,frames/s,higher,RGB video,280x924,unknown,unknown,not_applicable,not_applicable,not_applicable,https://arxiv.org/html/2510.09182v1,arXiv:2510.09182v1,Table 2 row FlashDepth-s,ovda paper authors,unknown unless stated,NVIDIA A100,5000 frames; precision unknown in Table2; online current-frame processing; no ensemble disclosed,FPS rounded to integer; memory rounded to10MB; distinct from oVDA Jetson FP16 experiment
i40-observation-ovda-speed-flashdepth-small-VRAM,i40-flashdepth-small,i40-protocol-ovda-a100-speed,not_applicable,unknown,VRAM,0.69,GB,lower,RGB video,280x924,unknown,unknown,not_applicable,not_applicable,not_applicable,https://arxiv.org/html/2510.09182v1,arXiv:2510.09182v1,Table 2 row FlashDepth-s,ovda paper authors,unknown unless stated,NVIDIA A100,5000 frames; precision unknown in Table2; online current-frame processing; no ensemble disclosed,FPS rounded to integer; memory rounded to10MB; distinct from oVDA Jetson FP16 experiment
i40-observation-e3d-bonn-depthcrafter-unspecified-AbsRel,i40-depthcrafter-unspecified,i40-protocol-e3d-bonn-sequence,Bonn,5 scenes; frames30-140 sampled stride2,AbsRel,0.107,ratio,lower,RGB video,native model input; output512x384,unknown,unknown,one global scale/shift per sequence (appendix B.2),zero-shot; SVD initialization; staged synthetic and realistic depth video training,unknown; no target fine-tuning claimed,https://arxiv.org/html/2506.01933v1,arXiv:2506.01933v1,Table3 normalized block row DepthCrafter,e3d paper authors,independent benchmark evaluation; checkpoint identity unknown,unknown,unknown,Do not pool with VDA 500-frame rows; delta stored in original percent unit; reversal retained without causal attribution
i40-observation-e3d-bonn-depthcrafter-unspecified-delta1,i40-depthcrafter-unspecified,i40-protocol-e3d-bonn-sequence,Bonn,5 scenes; frames30-140 sampled stride2,delta1,88.3,percent,higher,RGB video,native model input; output512x384,unknown,unknown,one global scale/shift per sequence (appendix B.2),zero-shot; SVD initialization; staged synthetic and realistic depth video training,unknown; no target fine-tuning claimed,https://arxiv.org/html/2506.01933v1,arXiv:2506.01933v1,Table3 normalized block row DepthCrafter,e3d paper authors,independent benchmark evaluation; checkpoint identity unknown,unknown,unknown,Do not pool with VDA 500-frame rows; delta stored in original percent unit; reversal retained without causal attribution
i40-observation-e3d-bonn-vda-external-unspecified-AbsRel,i40-vda-external-unspecified,i40-protocol-e3d-bonn-sequence,Bonn,5 scenes; frames30-140 sampled stride2,AbsRel,0.268,ratio,lower,RGB video,native model input; output512x384,unknown,unknown,one global scale/shift per sequence (appendix B.2),zero-shot target evaluation; model pretraining differs,unknown; no target fine-tuning claimed,https://arxiv.org/html/2506.01933v1,arXiv:2506.01933v1,Table3 normalized block row VideoDepthAnything,e3d paper authors,independent benchmark evaluation; checkpoint identity unknown,unknown,unknown,Do not pool with VDA 500-frame rows; delta stored in original percent unit; reversal retained without causal attribution
i40-observation-e3d-bonn-vda-external-unspecified-delta1,i40-vda-external-unspecified,i40-protocol-e3d-bonn-sequence,Bonn,5 scenes; frames30-140 sampled stride2,delta1,48.3,percent,higher,RGB video,native model input; output512x384,unknown,unknown,one global scale/shift per sequence (appendix B.2),zero-shot target evaluation; model pretraining differs,unknown; no target fine-tuning claimed,https://arxiv.org/html/2506.01933v1,arXiv:2506.01933v1,Table3 normalized block row VideoDepthAnything,e3d paper authors,independent benchmark evaluation; checkpoint identity unknown,unknown,unknown,Do not pool with VDA 500-frame rows; delta stored in original percent unit; reversal retained without causal attribution
i40-observation-e3d-bonn-depthanyvideo-AbsRel,i40-depthanyvideo,i40-protocol-e3d-bonn-sequence,Bonn,5 scenes; frames30-140 sampled stride2,AbsRel,0.515,ratio,lower,RGB video,native model input; output512x384,unknown,unknown,one global scale/shift per sequence (appendix B.2),zero-shot; SVD initialization; author synthetic game-video pipeline,unknown; no target fine-tuning claimed,https://arxiv.org/html/2506.01933v1,arXiv:2506.01933v1,Table3 normalized block row DepthAnyVideo,e3d paper authors,independent benchmark evaluation; checkpoint identity unknown,unknown,unknown,Do not pool with VDA 500-frame rows; delta stored in original percent unit; reversal retained without causal attribution
i40-observation-e3d-bonn-depthanyvideo-delta1,i40-depthanyvideo,i40-protocol-e3d-bonn-sequence,Bonn,5 scenes; frames30-140 sampled stride2,delta1,25.3,percent,higher,RGB video,native model input; output512x384,unknown,unknown,one global scale/shift per sequence (appendix B.2),zero-shot; SVD initialization; author synthetic game-video pipeline,unknown; no target fine-tuning claimed,https://arxiv.org/html/2506.01933v1,arXiv:2506.01933v1,Table3 normalized block row DepthAnyVideo,e3d paper authors,independent benchmark evaluation; checkpoint identity unknown,unknown,unknown,Do not pool with VDA 500-frame rows; delta stored in original percent unit; reversal retained without causal attribution
i40-observation-gem-tae-gemdepth-dav2,i40-gemdepth-dav2,i40-protocol-gem-scannet110-tae,ScanNet,first20 sequences;110 frames each (section4.3),TAE,0.50,ratio,lower,RGB video,unknown,unknown,unknown,affine depth evaluation; exact scope for TAE not restated; camera reprojection appendix A.3,zero-shot; pose-supervised VKITTI2/TartanAir/PointOdyssey/MVS-Synth/Dynamic Replica then depth refinement with IRS/wild sequences,unknown; no target fine-tuning claimed,https://arxiv.org/html/2605.10525v3,arXiv:2605.10525v3,Table2 row GemDepth-DAv2,gem paper authors,own evaluation,unknown,unknown,Ground-truth intrinsics/extrinsics for bidirectional warping; visibility/occlusion mask unknown; frame count differs from VDA170-frame table
i40-observation-gem-tae-gemdepth-vda,i40-gemdepth-vda,i40-protocol-gem-scannet110-tae,ScanNet,first20 sequences;110 frames each (section4.3),TAE,0.47,ratio,lower,RGB video,unknown,unknown,unknown,affine depth evaluation; exact scope for TAE not restated; camera reprojection appendix A.3,zero-shot; pose-supervised VKITTI2/TartanAir/PointOdyssey/MVS-Synth/Dynamic Replica then depth refinement with IRS/wild sequences,unknown; no target fine-tuning claimed,https://arxiv.org/html/2605.10525v3,arXiv:2605.10525v3,Table2 row GemDepth-VDA,gem paper authors,own evaluation,unknown,unknown,Ground-truth intrinsics/extrinsics for bidirectional warping; visibility/occlusion mask unknown; frame count differs from VDA170-frame table
i40-observation-gem-tae-rollingdepth-v10,i40-rollingdepth-v10,i40-protocol-gem-scannet110-tae,ScanNet,first20 sequences;110 frames each (section4.3),TAE,0.65,ratio,lower,RGB video,unknown,unknown,unknown,affine depth evaluation; exact scope for TAE not restated; camera reprojection appendix A.3,zero-shot target evaluation; model pretraining differs,unknown; no target fine-tuning claimed,https://arxiv.org/html/2605.10525v3,arXiv:2605.10525v3,Table2 row RollingDepth,gem paper authors,unknown copied-versus-rerun; repeated VDA value is not proof of rerun,unknown,unknown,Ground-truth intrinsics/extrinsics for bidirectional warping; visibility/occlusion mask unknown; frame count differs from VDA170-frame table
i40-observation-gem-tae-vda-large,i40-vda-large,i40-protocol-gem-scannet110-tae,ScanNet,first20 sequences;110 frames each (section4.3),TAE,0.57,ratio,lower,RGB video,unknown,unknown,unknown,affine depth evaluation; exact scope for TAE not restated; camera reprojection appendix A.3,zero-shot; synthetic + wild binocular video then synthetic + unlabeled image distillation; full non-Syn variant,unknown; no target fine-tuning claimed,https://arxiv.org/html/2605.10525v3,arXiv:2605.10525v3,Table2 row VideoDepthAnything,gem paper authors,unknown copied-versus-rerun; repeated VDA value is not proof of rerun,unknown,unknown,Ground-truth intrinsics/extrinsics for bidirectional warping; visibility/occlusion mask unknown; frame count differs from VDA170-frame table
i40-observation-dvd-boundary-dvd-v10,i40-dvd-v10,i40-protocol-dvd-scannet-boundary,ScanNet,unknown,B-F1,0.259,ratio,higher,RGB video,unknown,unknown,unknown,unknown for boundary evaluation,zero-shot; Wan2.1 LoRA; TartanAir/Virtual KITTI video and Hypersim/Virtual KITTI images,unknown; no target fine-tuning claimed,https://arxiv.org/html/2603.12250v1,arXiv:2603.12250v1,Table3 B-F1 ScanNet column row DVD(Ours),dvd paper authors,own evaluation,unknown,unknown,Boundary F1; matched-edge precision/recall harmonic mean; tolerances/masks/resolution not sufficiently disclosed here; not temporal metric
i40-observation-dvd-boundary-vda-external-unspecified,i40-vda-external-unspecified,i40-protocol-dvd-scannet-boundary,ScanNet,unknown,B-F1,0.210,ratio,higher,RGB video,unknown,unknown,unknown,unknown for boundary evaluation,zero-shot target evaluation; model pretraining differs,unknown; no target fine-tuning claimed,https://arxiv.org/html/2603.12250v1,arXiv:2603.12250v1,Table3 ScanNet B-F1 column row VDA,dvd paper authors,unknown; paper compares methods without explicit rerun/copy declaration,unknown,unknown,Boundary F1; matched-edge precision/recall harmonic mean; tolerances/masks/resolution not sufficiently disclosed here; not temporal metric
i40-observation-dvd-boundary-depthcrafter-unspecified,i40-depthcrafter-unspecified,i40-protocol-dvd-scannet-boundary,ScanNet,unknown,B-F1,0.173,ratio,higher,RGB video,unknown,unknown,unknown,unknown for boundary evaluation,zero-shot; SVD initialization; staged synthetic and realistic depth video training,unknown; no target fine-tuning claimed,https://arxiv.org/html/2603.12250v1,arXiv:2603.12250v1,Table3 B-F1 ScanNet column row DepthCrafter,dvd paper authors,unknown; paper compares methods without explicit rerun/copy declaration,unknown,unknown,Boundary F1; matched-edge precision/recall harmonic mean; tolerances/masks/resolution not sufficiently disclosed here; not temporal metric
i40-observation-ic-tae-icdepth-paper,i40-icdepth-paper,i40-protocol-ic-scannetpp500-tae,ScanNet++,500-frame sequences; scene IDs unknown,TAE,2.61,ratio,lower,RGB video,unknown,unknown,unknown,unknown for Table3; Table1 uses DepthCrafter evaluator,zero-shot; Wan2.1 initialization; VKITTI/TartanAir/TartanGround/OmniWorld synthetic subsets,unknown; no target fine-tuning claimed,https://arxiv.org/html/2607.01677v1,arXiv:2607.01677v1,Table3 row Ours,ic paper authors,own evaluation,unknown,ICDepth5 sampling steps; baseline steps/ensemble/revisions unknown,TAE name present but exact normalization/visibility masks not given; NOT comparable to ScanNet TAE groups
i40-observation-ic-tae-depthcrafter-unspecified,i40-depthcrafter-unspecified,i40-protocol-ic-scannetpp500-tae,ScanNet++,500-frame sequences; scene IDs unknown,TAE,3.07,ratio,lower,RGB video,unknown,unknown,unknown,unknown for Table3; Table1 uses DepthCrafter evaluator,zero-shot; SVD initialization; staged synthetic and realistic depth video training,unknown; no target fine-tuning claimed,https://arxiv.org/html/2607.01677v1,arXiv:2607.01677v1,Table3 row DepthCrafter,ic paper authors,rerun all baselines explicitly stated section4.1,unknown,ICDepth5 sampling steps; baseline steps/ensemble/revisions unknown,TAE name present but exact normalization/visibility masks not given; NOT comparable to ScanNet TAE groups
i40-observation-ic-tae-depthanyvideo,i40-depthanyvideo,i40-protocol-ic-scannetpp500-tae,ScanNet++,500-frame sequences; scene IDs unknown,TAE,5.69,ratio,lower,RGB video,unknown,unknown,unknown,unknown for Table3; Table1 uses DepthCrafter evaluator,zero-shot; SVD initialization; author synthetic game-video pipeline,unknown; no target fine-tuning claimed,https://arxiv.org/html/2607.01677v1,arXiv:2607.01677v1,Table3 row DepthAnyVideo,ic paper authors,rerun all baselines explicitly stated section4.1,unknown,ICDepth5 sampling steps; baseline steps/ensemble/revisions unknown,TAE name present but exact normalization/visibility masks not given; NOT comparable to ScanNet TAE groups
i41-observation-001,i41-vggt-1b,i41-protocol-da3-dtu-pose-free,DTU,22 evaluation scans,point_cloud_chamfer_distance,2.05,mm,lower,49 RGB views; predicted cameras,unknown; not specified in benchmark section,RMBG2.0 removes background; default referenced depth fusion,unknown,RANSAC evo camera-trajectory alignment to GT for pose-free; known-pose geometry uses supplied GT; exact transform degrees of freedom unspecified in prose,pretrained; no benchmark-specific fine-tuning reported,DA3 training datasets listed in Table 1; no DTU listed; baseline overlap not independently audited,https://arxiv.org/abs/2511.10647v1,2511.10647v1,Table 3 p15; VGGT row; DTU w/o p.,DA3 authors,DA3 author evaluation; baseline rerun implied by new benchmark; exact checkpoint hashes not supplied,unknown,All available DTU views; benchmark nominal cap 100; backgrounds removed,"Reconstruction metric, not pixel-depth AbsRel. Known-pose mode does not prove native camera conditioning for every baseline. MapAnything evaluated release hash unspecified; v1 is chronological candidate only. Not VGGT Table 2 protocol."
i41-observation-002,i41-vggt-1b,i41-protocol-da3-dtu-known-pose,DTU,22 evaluation scans,point_cloud_chamfer_distance,1.44,mm,lower,49 RGB views; GT camera poses supplied to reconstruction,unknown; not specified in benchmark section,RMBG2.0 removes background; default referenced depth fusion,unknown,RANSAC evo camera-trajectory alignment to GT for pose-free; known-pose geometry uses supplied GT; exact transform degrees of freedom unspecified in prose,pretrained; no benchmark-specific fine-tuning reported,DA3 training datasets listed in Table 1; no DTU listed; baseline overlap not independently audited,https://arxiv.org/abs/2511.10647v1,2511.10647v1,Table 3 p15; VGGT row; DTU w/ p.,DA3 authors,DA3 author evaluation; baseline rerun implied by new benchmark; exact checkpoint hashes not supplied,unknown,All available DTU views; benchmark nominal cap 100; backgrounds removed,"Reconstruction metric, not pixel-depth AbsRel. Known-pose mode does not prove native camera conditioning for every baseline. MapAnything evaluated release hash unspecified; v1 is chronological candidate only. Not VGGT Table 2 protocol."
i41-observation-003,i41-da3-giant,i41-protocol-da3-dtu-pose-free,DTU,22 evaluation scans,point_cloud_chamfer_distance,1.85,mm,lower,49 RGB views; predicted cameras,unknown; not specified in benchmark section,RMBG2.0 removes background; default referenced depth fusion,unknown,RANSAC evo camera-trajectory alignment to GT for pose-free; known-pose geometry uses supplied GT; exact transform degrees of freedom unspecified in prose,pretrained; no benchmark-specific fine-tuning reported,DA3 training datasets listed in Table 1; no DTU listed; baseline overlap not independently audited,https://arxiv.org/abs/2511.10647v1,2511.10647v1,Table 3 p15; DA3-Giant row; DTU w/o p.,DA3 authors,DA3 author evaluation; baseline rerun implied by new benchmark; exact checkpoint hashes not supplied,unknown,All available DTU views; benchmark nominal cap 100; backgrounds removed,"Reconstruction metric, not pixel-depth AbsRel. Known-pose mode does not prove native camera conditioning for every baseline. MapAnything evaluated release hash unspecified; v1 is chronological candidate only. Not VGGT Table 2 protocol."
i41-observation-004,i41-da3-giant,i41-protocol-da3-dtu-known-pose,DTU,22 evaluation scans,point_cloud_chamfer_distance,1.85,mm,lower,49 RGB views; GT camera poses supplied to reconstruction,unknown; not specified in benchmark section,RMBG2.0 removes background; default referenced depth fusion,unknown,RANSAC evo camera-trajectory alignment to GT for pose-free; known-pose geometry uses supplied GT; exact transform degrees of freedom unspecified in prose,pretrained; no benchmark-specific fine-tuning reported,DA3 training datasets listed in Table 1; no DTU listed; baseline overlap not independently audited,https://arxiv.org/abs/2511.10647v1,2511.10647v1,Table 3 p15; DA3-Giant row; DTU w/ p.,DA3 authors,DA3 author evaluation; baseline rerun implied by new benchmark; exact checkpoint hashes not supplied,unknown,All available DTU views; benchmark nominal cap 100; backgrounds removed,"Reconstruction metric, not pixel-depth AbsRel. Known-pose mode does not prove native camera conditioning for every baseline. MapAnything evaluated release hash unspecified; v1 is chronological candidate only. Not VGGT Table 2 protocol."
i41-observation-005,i41-da3-large,i41-protocol-da3-dtu-pose-free,DTU,22 evaluation scans,point_cloud_chamfer_distance,2.08,mm,lower,49 RGB views; predicted cameras,unknown; not specified in benchmark section,RMBG2.0 removes background; default referenced depth fusion,unknown,RANSAC evo camera-trajectory alignment to GT for pose-free; known-pose geometry uses supplied GT; exact transform degrees of freedom unspecified in prose,pretrained; no benchmark-specific fine-tuning reported,DA3 training datasets listed in Table 1; no DTU listed; baseline overlap not independently audited,https://arxiv.org/abs/2511.10647v1,2511.10647v1,Table 3 p15; DA3-Large row; DTU w/o p.,DA3 authors,DA3 author evaluation; baseline rerun implied by new benchmark; exact checkpoint hashes not supplied,unknown,All available DTU views; benchmark nominal cap 100; backgrounds removed,"Reconstruction metric, not pixel-depth AbsRel. Known-pose mode does not prove native camera conditioning for every baseline. MapAnything evaluated release hash unspecified; v1 is chronological candidate only. Not VGGT Table 2 protocol."
i41-observation-006,i41-da3-large,i41-protocol-da3-dtu-known-pose,DTU,22 evaluation scans,point_cloud_chamfer_distance,1.23,mm,lower,49 RGB views; GT camera poses supplied to reconstruction,unknown; not specified in benchmark section,RMBG2.0 removes background; default referenced depth fusion,unknown,RANSAC evo camera-trajectory alignment to GT for pose-free; known-pose geometry uses supplied GT; exact transform degrees of freedom unspecified in prose,pretrained; no benchmark-specific fine-tuning reported,DA3 training datasets listed in Table 1; no DTU listed; baseline overlap not independently audited,https://arxiv.org/abs/2511.10647v1,2511.10647v1,Table 3 p15; DA3-Large row; DTU w/ p.,DA3 authors,DA3 author evaluation; baseline rerun implied by new benchmark; exact checkpoint hashes not supplied,unknown,All available DTU views; benchmark nominal cap 100; backgrounds removed,"Reconstruction metric, not pixel-depth AbsRel. Known-pose mode does not prove native camera conditioning for every baseline. MapAnything evaluated release hash unspecified; v1 is chronological candidate only. Not VGGT Table 2 protocol."
i41-observation-007,i41-da3-base,i41-protocol-da3-dtu-pose-free,DTU,22 evaluation scans,point_cloud_chamfer_distance,2.87,mm,lower,49 RGB views; predicted cameras,unknown; not specified in benchmark section,RMBG2.0 removes background; default referenced depth fusion,unknown,RANSAC evo camera-trajectory alignment to GT for pose-free; known-pose geometry uses supplied GT; exact transform degrees of freedom unspecified in prose,pretrained; no benchmark-specific fine-tuning reported,DA3 training datasets listed in Table 1; no DTU listed; baseline overlap not independently audited,https://arxiv.org/abs/2511.10647v1,2511.10647v1,Table 3 p15; DA3-Base row; DTU w/o p.,DA3 authors,DA3 author evaluation; baseline rerun implied by new benchmark; exact checkpoint hashes not supplied,unknown,All available DTU views; benchmark nominal cap 100; backgrounds removed,"Reconstruction metric, not pixel-depth AbsRel. Known-pose mode does not prove native camera conditioning for every baseline. MapAnything evaluated release hash unspecified; v1 is chronological candidate only. Not VGGT Table 2 protocol."
i41-observation-008,i41-da3-base,i41-protocol-da3-dtu-known-pose,DTU,22 evaluation scans,point_cloud_chamfer_distance,2.36,mm,lower,49 RGB views; GT camera poses supplied to reconstruction,unknown; not specified in benchmark section,RMBG2.0 removes background; default referenced depth fusion,unknown,RANSAC evo camera-trajectory alignment to GT for pose-free; known-pose geometry uses supplied GT; exact transform degrees of freedom unspecified in prose,pretrained; no benchmark-specific fine-tuning reported,DA3 training datasets listed in Table 1; no DTU listed; baseline overlap not independently audited,https://arxiv.org/abs/2511.10647v1,2511.10647v1,Table 3 p15; DA3-Base row; DTU w/ p.,DA3 authors,DA3 author evaluation; baseline rerun implied by new benchmark; exact checkpoint hashes not supplied,unknown,All available DTU views; benchmark nominal cap 100; backgrounds removed,"Reconstruction metric, not pixel-depth AbsRel. Known-pose mode does not prove native camera conditioning for every baseline. MapAnything evaluated release hash unspecified; v1 is chronological candidate only. Not VGGT Table 2 protocol."
i41-observation-009,i41-da3-small,i41-protocol-da3-dtu-pose-free,DTU,22 evaluation scans,point_cloud_chamfer_distance,5.83,mm,lower,49 RGB views; predicted cameras,unknown; not specified in benchmark section,RMBG2.0 removes background; default referenced depth fusion,unknown,RANSAC evo camera-trajectory alignment to GT for pose-free; known-pose geometry uses supplied GT; exact transform degrees of freedom unspecified in prose,pretrained; no benchmark-specific fine-tuning reported,DA3 training datasets listed in Table 1; no DTU listed; baseline overlap not independently audited,https://arxiv.org/abs/2511.10647v1,2511.10647v1,Table 3 p15; DA3-Small row; DTU w/o p.,DA3 authors,DA3 author evaluation; baseline rerun implied by new benchmark; exact checkpoint hashes not supplied,unknown,All available DTU views; benchmark nominal cap 100; backgrounds removed,"Reconstruction metric, not pixel-depth AbsRel. Known-pose mode does not prove native camera conditioning for every baseline. MapAnything evaluated release hash unspecified; v1 is chronological candidate only. Not VGGT Table 2 protocol."
i41-observation-010,i41-da3-small,i41-protocol-da3-dtu-known-pose,DTU,22 evaluation scans,point_cloud_chamfer_distance,2.49,mm,lower,49 RGB views; GT camera poses supplied to reconstruction,unknown; not specified in benchmark section,RMBG2.0 removes background; default referenced depth fusion,unknown,RANSAC evo camera-trajectory alignment to GT for pose-free; known-pose geometry uses supplied GT; exact transform degrees of freedom unspecified in prose,pretrained; no benchmark-specific fine-tuning reported,DA3 training datasets listed in Table 1; no DTU listed; baseline overlap not independently audited,https://arxiv.org/abs/2511.10647v1,2511.10647v1,Table 3 p15; DA3-Small row; DTU w/ p.,DA3 authors,DA3 author evaluation; baseline rerun implied by new benchmark; exact checkpoint hashes not supplied,unknown,All available DTU views; benchmark nominal cap 100; backgrounds removed,"Reconstruction metric, not pixel-depth AbsRel. Known-pose mode does not prove native camera conditioning for every baseline. MapAnything evaluated release hash unspecified; v1 is chronological candidate only. Not VGGT Table 2 protocol."
i41-observation-011,i41-pi3,i41-protocol-da3-dtu-pose-free,DTU,22 evaluation scans,point_cloud_chamfer_distance,3.28,mm,lower,49 RGB views; predicted cameras,unknown; not specified in benchmark section,RMBG2.0 removes background; default referenced depth fusion,unknown,RANSAC evo camera-trajectory alignment to GT for pose-free; known-pose geometry uses supplied GT; exact transform degrees of freedom unspecified in prose,pretrained; no benchmark-specific fine-tuning reported,DA3 training datasets listed in Table 1; no DTU listed; baseline overlap not independently audited,https://arxiv.org/abs/2511.10647v1,2511.10647v1,Table 3 p15; Pi3 row; DTU w/o p.,DA3 authors,DA3 author evaluation; baseline rerun implied by new benchmark; exact checkpoint hashes not supplied,unknown,All available DTU views; benchmark nominal cap 100; backgrounds removed,"Reconstruction metric, not pixel-depth AbsRel. Known-pose mode does not prove native camera conditioning for every baseline. MapAnything evaluated release hash unspecified; v1 is chronological candidate only. Not VGGT Table 2 protocol."
i41-observation-012,i41-pi3,i41-protocol-da3-dtu-known-pose,DTU,22 evaluation scans,point_cloud_chamfer_distance,1.72,mm,lower,49 RGB views; GT camera poses supplied to reconstruction,unknown; not specified in benchmark section,RMBG2.0 removes background; default referenced depth fusion,unknown,RANSAC evo camera-trajectory alignment to GT for pose-free; known-pose geometry uses supplied GT; exact transform degrees of freedom unspecified in prose,pretrained; no benchmark-specific fine-tuning reported,DA3 training datasets listed in Table 1; no DTU listed; baseline overlap not independently audited,https://arxiv.org/abs/2511.10647v1,2511.10647v1,Table 3 p15; Pi3 row; DTU w/ p.,DA3 authors,DA3 author evaluation; baseline rerun implied by new benchmark; exact checkpoint hashes not supplied,unknown,All available DTU views; benchmark nominal cap 100; backgrounds removed,"Reconstruction metric, not pixel-depth AbsRel. Known-pose mode does not prove native camera conditioning for every baseline. MapAnything evaluated release hash unspecified; v1 is chronological candidate only. Not VGGT Table 2 protocol."
i41-observation-013,i41-mapanything-da3-unspecified,i41-protocol-da3-dtu-pose-free,DTU,22 evaluation scans,point_cloud_chamfer_distance,7.91,mm,lower,49 RGB views; predicted cameras,unknown; not specified in benchmark section,RMBG2.0 removes background; default referenced depth fusion,unknown,RANSAC evo camera-trajectory alignment to GT for pose-free; known-pose geometry uses supplied GT; exact transform degrees of freedom unspecified in prose,pretrained; no benchmark-specific fine-tuning reported,DA3 training datasets listed in Table 1; no DTU listed; baseline overlap not independently audited,https://arxiv.org/abs/2511.10647v1,2511.10647v1,Table 3 p15; MapAnything row; DTU w/o p.,DA3 authors,DA3 author evaluation; baseline rerun implied by new benchmark; exact checkpoint hashes not supplied,unknown,All available DTU views; benchmark nominal cap 100; backgrounds removed,"Reconstruction metric, not pixel-depth AbsRel. Known-pose mode does not prove native camera conditioning for every baseline. MapAnything evaluated release hash unspecified; v1 is chronological candidate only. Not VGGT Table 2 protocol. Source identity is unpinned; i41-mapanything-v1 remains only a chronological candidate, with no benchmark-to-release attribution."
i41-observation-014,i41-mapanything-da3-unspecified,i41-protocol-da3-dtu-known-pose,DTU,22 evaluation scans,point_cloud_chamfer_distance,3.97,mm,lower,49 RGB views; GT camera poses supplied to reconstruction,unknown; not specified in benchmark section,RMBG2.0 removes background; default referenced depth fusion,unknown,RANSAC evo camera-trajectory alignment to GT for pose-free; known-pose geometry uses supplied GT; exact transform degrees of freedom unspecified in prose,pretrained; no benchmark-specific fine-tuning reported,DA3 training datasets listed in Table 1; no DTU listed; baseline overlap not independently audited,https://arxiv.org/abs/2511.10647v1,2511.10647v1,Table 3 p15; MapAnything row; DTU w/ p.,DA3 authors,DA3 author evaluation; baseline rerun implied by new benchmark; exact checkpoint hashes not supplied,unknown,All available DTU views; benchmark nominal cap 100; backgrounds removed,"Reconstruction metric, not pixel-depth AbsRel. Known-pose mode does not prove native camera conditioning for every baseline. MapAnything evaluated release hash unspecified; v1 is chronological candidate only. Not VGGT Table 2 protocol. Source identity is unpinned; i41-mapanything-v1 remains only a chronological candidate, with no benchmark-to-release attribution."
i41-observation-015,i41-fast3r,i41-protocol-da3-dtu-pose-free,DTU,22 evaluation scans,point_cloud_chamfer_distance,6.88,mm,lower,49 RGB views; predicted cameras,unknown; not specified in benchmark section,RMBG2.0 removes background; default referenced depth fusion,unknown,RANSAC evo camera-trajectory alignment to GT for pose-free; known-pose geometry uses supplied GT; exact transform degrees of freedom unspecified in prose,pretrained; no benchmark-specific fine-tuning reported,DA3 training datasets listed in Table 1; no DTU listed; baseline overlap not independently audited,https://arxiv.org/abs/2511.10647v1,2511.10647v1,Table 3 p15; Fast3R row; DTU w/o p.,DA3 authors,DA3 author evaluation; baseline rerun implied by new benchmark; exact checkpoint hashes not supplied,unknown,All available DTU views; benchmark nominal cap 100; backgrounds removed,"Reconstruction metric, not pixel-depth AbsRel. Known-pose mode does not prove native camera conditioning for every baseline. MapAnything evaluated release hash unspecified; v1 is chronological candidate only. Not VGGT Table 2 protocol."
i41-observation-016,i41-fast3r,i41-protocol-da3-dtu-known-pose,DTU,22 evaluation scans,point_cloud_chamfer_distance,8.20,mm,lower,49 RGB views; GT camera poses supplied to reconstruction,unknown; not specified in benchmark section,RMBG2.0 removes background; default referenced depth fusion,unknown,RANSAC evo camera-trajectory alignment to GT for pose-free; known-pose geometry uses supplied GT; exact transform degrees of freedom unspecified in prose,pretrained; no benchmark-specific fine-tuning reported,DA3 training datasets listed in Table 1; no DTU listed; baseline overlap not independently audited,https://arxiv.org/abs/2511.10647v1,2511.10647v1,Table 3 p15; Fast3R row; DTU w/ p.,DA3 authors,DA3 author evaluation; baseline rerun implied by new benchmark; exact checkpoint hashes not supplied,unknown,All available DTU views; benchmark nominal cap 100; backgrounds removed,"Reconstruction metric, not pixel-depth AbsRel. Known-pose mode does not prove native camera conditioning for every baseline. MapAnything evaluated release hash unspecified; v1 is chronological candidate only. Not VGGT Table 2 protocol."
i41-observation-017,i41-vggt-1b,i41-protocol-da3-eth3d-pose,ETH3D,11 scenes listed in section 6.3,pose_AUC_at_3deg,26.3,percent,higher,RGB all frames; cameras inferred; general cap 100,unknown,not_applicable,not_applicable,relative camera angle errors; not depth alignment,pretrained,unknown,https://arxiv.org/abs/2511.10647v1,2511.10647v1,Table 2 p14; VGGT ETH3D Auc3,DA3 authors,new benchmark baseline evaluation; exact hashes unknown,unknown,minimum of relative rotation/translation accuracy integrated to threshold,Pose metric cannot be used as depth or final-render score.
i41-observation-018,i41-da3-giant,i41-protocol-da3-eth3d-pose,ETH3D,11 scenes listed in section 6.3,pose_AUC_at_3deg,48.4,percent,higher,RGB all frames; cameras inferred; general cap 100,unknown,not_applicable,not_applicable,relative camera angle errors; not depth alignment,pretrained,unknown,https://arxiv.org/abs/2511.10647v1,2511.10647v1,Table 2 p14; DA3-Giant ETH3D Auc3,DA3 authors,new benchmark baseline evaluation; exact hashes unknown,unknown,minimum of relative rotation/translation accuracy integrated to threshold,Pose metric cannot be used as depth or final-render score.
i41-observation-019,i41-pi3,i41-protocol-da3-eth3d-pose,ETH3D,11 scenes listed in section 6.3,pose_AUC_at_3deg,35.2,percent,higher,RGB all frames; cameras inferred; general cap 100,unknown,not_applicable,not_applicable,relative camera angle errors; not depth alignment,pretrained,unknown,https://arxiv.org/abs/2511.10647v1,2511.10647v1,Table 2 p14; Pi3 ETH3D Auc3,DA3 authors,new benchmark baseline evaluation; exact hashes unknown,unknown,minimum of relative rotation/translation accuracy integrated to threshold,Pose metric cannot be used as depth or final-render score.
i41-observation-020,i41-mapanything-da3-unspecified,i41-protocol-da3-eth3d-pose,ETH3D,11 scenes listed in section 6.3,pose_AUC_at_3deg,19.2,percent,higher,RGB all frames; cameras inferred; general cap 100,unknown,not_applicable,not_applicable,relative camera angle errors; not depth alignment,pretrained,unknown,https://arxiv.org/abs/2511.10647v1,2511.10647v1,Table 2 p14; MapAnything ETH3D Auc3,DA3 authors,new benchmark baseline evaluation; exact hashes unknown,unknown,minimum of relative rotation/translation accuracy integrated to threshold,"Pose metric cannot be used as depth or final-render score. Source identity is unpinned; i41-mapanything-v1 remains only a chronological candidate, with no benchmark-to-release attribution."
i41-observation-021,i41-dust3r,i41-protocol-e3d-sparse-dtu-normalized,DTU,RobustMVD protocol; Table S1 110 evaluation items labeled scenes,depth_delta_lt_1_03,75.685,percent,higher,sparse RGB source views; GT intrinsics AND poses used to isolate geometry,native model input; predictions upsampled to original image size; exact dimensions vary,RobustMVD protocol; per-dataset mask details unreported in inspected text,unknown,per-view median depth ratio to GT,released pretrained; independent benchmark,unknown; not claimed uniformly zero-shot,https://arxiv.org/abs/2506.01933v1,2506.01933v1,Table 2 p4; Normalized block; DUSt3R/LSM DTU delta<1.03,E3D-Bench authors (independent),rerun independent benchmark; DUSt3R/LSM shared weights explicitly grouped,unknown,quasi-optimal source-view selection; nearest-view fallback if global alignment fails; complete graph for DUSt3R/MASt3R; count unreported,Known GT cameras and per-view GT scale are extra information. Do not compare to unaligned monocular metric depth. Table AbsRel normalization is not explicit; only percentage delta is transcribed here.
i41-observation-022,i41-dust3r,i41-protocol-e3d-sparse-kitti-normalized,KITTI,RobustMVD protocol; Table S1 93 evaluation items labeled scenes,depth_delta_lt_1_03,39.495,percent,higher,sparse RGB source views; GT intrinsics AND poses used to isolate geometry,native model input; predictions upsampled to original image size; exact dimensions vary,RobustMVD protocol; per-dataset mask details unreported in inspected text,unknown,per-view median depth ratio to GT,released pretrained; independent benchmark,unknown; not claimed uniformly zero-shot,https://arxiv.org/abs/2506.01933v1,2506.01933v1,Table 2 p4; Normalized block; DUSt3R/LSM KITTI delta<1.03,E3D-Bench authors (independent),rerun independent benchmark; DUSt3R/LSM shared weights explicitly grouped,unknown,quasi-optimal source-view selection; nearest-view fallback if global alignment fails; complete graph for DUSt3R/MASt3R; count unreported,Known GT cameras and per-view GT scale are extra information. Do not compare to unaligned monocular metric depth. Table AbsRel normalization is not explicit; only percentage delta is transcribed here.
i41-observation-023,i41-mast3r,i41-protocol-e3d-sparse-dtu-normalized,DTU,RobustMVD protocol; Table S1 110 evaluation items labeled scenes,depth_delta_lt_1_03,68.301,percent,higher,sparse RGB source views; GT intrinsics AND poses used to isolate geometry,native model input; predictions upsampled to original image size; exact dimensions vary,RobustMVD protocol; per-dataset mask details unreported in inspected text,unknown,per-view median depth ratio to GT,released pretrained; independent benchmark,unknown; not claimed uniformly zero-shot,https://arxiv.org/abs/2506.01933v1,2506.01933v1,Table 2 p4; Normalized block; MASt3R DTU delta<1.03,E3D-Bench authors (independent),rerun independent benchmark; DUSt3R/LSM shared weights explicitly grouped,unknown,quasi-optimal source-view selection; nearest-view fallback if global alignment fails; complete graph for DUSt3R/MASt3R; count unreported,Known GT cameras and per-view GT scale are extra information. Do not compare to unaligned monocular metric depth. Table AbsRel normalization is not explicit; only percentage delta is transcribed here.
i41-observation-024,i41-mast3r,i41-protocol-e3d-sparse-kitti-normalized,KITTI,RobustMVD protocol; Table S1 93 evaluation items labeled scenes,depth_delta_lt_1_03,46.805,percent,higher,sparse RGB source views; GT intrinsics AND poses used to isolate geometry,native model input; predictions upsampled to original image size; exact dimensions vary,RobustMVD protocol; per-dataset mask details unreported in inspected text,unknown,per-view median depth ratio to GT,released pretrained; independent benchmark,unknown; not claimed uniformly zero-shot,https://arxiv.org/abs/2506.01933v1,2506.01933v1,Table 2 p4; Normalized block; MASt3R KITTI delta<1.03,E3D-Bench authors (independent),rerun independent benchmark; DUSt3R/LSM shared weights explicitly grouped,unknown,quasi-optimal source-view selection; nearest-view fallback if global alignment fails; complete graph for DUSt3R/MASt3R; count unreported,Known GT cameras and per-view GT scale are extra information. Do not compare to unaligned monocular metric depth. Table AbsRel normalization is not explicit; only percentage delta is transcribed here.
i41-observation-025,i41-vggt-1b,i41-protocol-e3d-sparse-dtu-normalized,DTU,RobustMVD protocol; Table S1 110 evaluation items labeled scenes,depth_delta_lt_1_03,94.305,percent,higher,sparse RGB source views; GT intrinsics AND poses used to isolate geometry,native model input; predictions upsampled to original image size; exact dimensions vary,RobustMVD protocol; per-dataset mask details unreported in inspected text,unknown,per-view median depth ratio to GT,released pretrained; independent benchmark,unknown; not claimed uniformly zero-shot,https://arxiv.org/abs/2506.01933v1,2506.01933v1,Table 2 p4; Normalized block; VGGT DTU delta<1.03,E3D-Bench authors (independent),rerun independent benchmark; DUSt3R/LSM shared weights explicitly grouped,unknown,quasi-optimal source-view selection; nearest-view fallback if global alignment fails; complete graph for DUSt3R/MASt3R; count unreported,Known GT cameras and per-view GT scale are extra information. Do not compare to unaligned monocular metric depth. Table AbsRel normalization is not explicit; only percentage delta is transcribed here.
i41-observation-026,i41-vggt-1b,i41-protocol-e3d-sparse-kitti-normalized,KITTI,RobustMVD protocol; Table S1 93 evaluation items labeled scenes,depth_delta_lt_1_03,41.309,percent,higher,sparse RGB source views; GT intrinsics AND poses used to isolate geometry,native model input; predictions upsampled to original image size; exact dimensions vary,RobustMVD protocol; per-dataset mask details unreported in inspected text,unknown,per-view median depth ratio to GT,released pretrained; independent benchmark,unknown; not claimed uniformly zero-shot,https://arxiv.org/abs/2506.01933v1,2506.01933v1,Table 2 p4; Normalized block; VGGT KITTI delta<1.03,E3D-Bench authors (independent),rerun independent benchmark; DUSt3R/LSM shared weights explicitly grouped,unknown,quasi-optimal source-view selection; nearest-view fallback if global alignment fails; complete graph for DUSt3R/MASt3R; count unreported,Known GT cameras and per-view GT scale are extra information. Do not compare to unaligned monocular metric depth. Table AbsRel normalization is not explicit; only percentage delta is transcribed here.
i41-observation-027,i41-fast3r,i41-protocol-e3d-sparse-dtu-normalized,DTU,RobustMVD protocol; Table S1 110 evaluation items labeled scenes,depth_delta_lt_1_03,62.120,percent,higher,sparse RGB source views; GT intrinsics AND poses used to isolate geometry,native model input; predictions upsampled to original image size; exact dimensions vary,RobustMVD protocol; per-dataset mask details unreported in inspected text,unknown,per-view median depth ratio to GT,released pretrained; independent benchmark,unknown; not claimed uniformly zero-shot,https://arxiv.org/abs/2506.01933v1,2506.01933v1,Table 2 p4; Normalized block; Fast3R DTU delta<1.03,E3D-Bench authors (independent),rerun independent benchmark; DUSt3R/LSM shared weights explicitly grouped,unknown,quasi-optimal source-view selection; nearest-view fallback if global alignment fails; complete graph for DUSt3R/MASt3R; count unreported,Known GT cameras and per-view GT scale are extra information. Do not compare to unaligned monocular metric depth. Table AbsRel normalization is not explicit; only percentage delta is transcribed here.
i41-observation-028,i41-fast3r,i41-protocol-e3d-sparse-kitti-normalized,KITTI,RobustMVD protocol; Table S1 93 evaluation items labeled scenes,depth_delta_lt_1_03,26.734,percent,higher,sparse RGB source views; GT intrinsics AND poses used to isolate geometry,native model input; predictions upsampled to original image size; exact dimensions vary,RobustMVD protocol; per-dataset mask details unreported in inspected text,unknown,per-view median depth ratio to GT,released pretrained; independent benchmark,unknown; not claimed uniformly zero-shot,https://arxiv.org/abs/2506.01933v1,2506.01933v1,Table 2 p4; Normalized block; Fast3R KITTI delta<1.03,E3D-Bench authors (independent),rerun independent benchmark; DUSt3R/LSM shared weights explicitly grouped,unknown,quasi-optimal source-view selection; nearest-view fallback if global alignment fails; complete graph for DUSt3R/MASt3R; count unreported,Known GT cameras and per-view GT scale are extra information. Do not compare to unaligned monocular metric depth. Table AbsRel normalization is not explicit; only percentage delta is transcribed here.
i41-observation-029,i41-vggt-1b,i41-protocol-da3-runtime,unknown,not_applicable,throughput,34.1,frames_per_second,higher,32 RGB images,504x336,unknown,not_applicable,not_applicable,pretrained,not_applicable,https://arxiv.org/abs/2511.10647v1,2511.10647v1,Table 8 p18; VGGT(Reference) Running Speed,DA3 authors,author measurement,NVIDIA A100; caption gives 80GB for capacity test,average per-image speed from one 32-image scene; precision/batch/warmup unspecified,Original paper evaluated models; not 1.1 or host estimates. Current VGGT memory bug fix postdates this table; capacity numbers not promoted to present limits.
i41-observation-030,i41-da3-giant,i41-protocol-da3-runtime,unknown,not_applicable,throughput,37.6,frames_per_second,higher,32 RGB images,504x336,unknown,not_applicable,not_applicable,pretrained,not_applicable,https://arxiv.org/abs/2511.10647v1,2511.10647v1,Table 8 p18; DA3-Giant Running Speed,DA3 authors,author measurement,NVIDIA A100; caption gives 80GB for capacity test,average per-image speed from one 32-image scene; precision/batch/warmup unspecified,Original paper evaluated models; not 1.1 or host estimates. Current VGGT memory bug fix postdates this table; capacity numbers not promoted to present limits.
i41-observation-031,i41-da3-large,i41-protocol-da3-runtime,unknown,not_applicable,throughput,78.37,frames_per_second,higher,32 RGB images,504x336,unknown,not_applicable,not_applicable,pretrained,not_applicable,https://arxiv.org/abs/2511.10647v1,2511.10647v1,Table 8 p18; DA3-Large Running Speed,DA3 authors,author measurement,NVIDIA A100; caption gives 80GB for capacity test,average per-image speed from one 32-image scene; precision/batch/warmup unspecified,Original paper evaluated models; not 1.1 or host estimates. Current VGGT memory bug fix postdates this table; capacity numbers not promoted to present limits.
i41-observation-032,i41-da3-base,i41-protocol-da3-runtime,unknown,not_applicable,throughput,126.5,frames_per_second,higher,32 RGB images,504x336,unknown,not_applicable,not_applicable,pretrained,not_applicable,https://arxiv.org/abs/2511.10647v1,2511.10647v1,Table 8 p18; DA3-Base Running Speed,DA3 authors,author measurement,NVIDIA A100; caption gives 80GB for capacity test,average per-image speed from one 32-image scene; precision/batch/warmup unspecified,Original paper evaluated models; not 1.1 or host estimates. Current VGGT memory bug fix postdates this table; capacity numbers not promoted to present limits.
i41-observation-033,i41-da3-small,i41-protocol-da3-runtime,unknown,not_applicable,throughput,160.5,frames_per_second,higher,32 RGB images,504x336,unknown,not_applicable,not_applicable,pretrained,not_applicable,https://arxiv.org/abs/2511.10647v1,2511.10647v1,Table 8 p18; DA3-Small Running Speed,DA3 authors,author measurement,NVIDIA A100; caption gives 80GB for capacity test,average per-image speed from one 32-image scene; precision/batch/warmup unspecified,Original paper evaluated models; not 1.1 or host estimates. Current VGGT memory bug fix postdates this table; capacity numbers not promoted to present limits.
i41-observation-034,i41-mapanything-crop-unspecified,i41-protocol-uav3dcrop-track-b,UAV3DCrop,Track B; sequence-macro average over eight crop sequences,depth_AbsRel_aligned,0.033,ratio,lower,RGB only; 140 random subsets of 36 views per scene,images downsampled by eight per axis; native source 5280x3956; model preprocessing unspecified,unknown,unknown,per-scene least-squares scale-and-shift for geometry; raw scale for scale metric; Umeyama pose alignment evaluated separately,zero-shot official pretrained; no crop fine-tuning,crop-specific training absent per authors; wider pretraining overlap unknown,https://arxiv.org/abs/2608.06404v1,2608.06404v1,Table 6 p8; MapAnything z-depth AbsRel,UAV3DCrop authors (independent),independent rerun; exact hashes unreported,unknown,subsets averaged by scene then sequence macro-average,"Agricultural photogrammetry/RTK reference, not Basketball. Nonmetric models structurally disadvantaged in raw-scale column; metric and aligned quality kept separate."
i41-observation-035,i41-mapanything-crop-unspecified,i41-protocol-uav3dcrop-track-b,UAV3DCrop,Track B; sequence-macro average over eight crop sequences,scale_AbsRel_unaligned,0.027,ratio,lower,RGB only; 140 random subsets of 36 views per scene,images downsampled by eight per axis; native source 5280x3956; model preprocessing unspecified,unknown,unknown,per-scene least-squares scale-and-shift for geometry; raw scale for scale metric; Umeyama pose alignment evaluated separately,zero-shot official pretrained; no crop fine-tuning,crop-specific training absent per authors; wider pretraining overlap unknown,https://arxiv.org/abs/2608.06404v1,2608.06404v1,Table 6 p8; MapAnything Scale AbsRel,UAV3DCrop authors (independent),independent rerun; exact hashes unreported,unknown,subsets averaged by scene then sequence macro-average,"Agricultural photogrammetry/RTK reference, not Basketball. Nonmetric models structurally disadvantaged in raw-scale column; metric and aligned quality kept separate."
i41-observation-036,i41-vggt-1b,i41-protocol-uav3dcrop-track-b,UAV3DCrop,Track B; sequence-macro average over eight crop sequences,depth_AbsRel_aligned,0.082,ratio,lower,RGB only; 140 random subsets of 36 views per scene,images downsampled by eight per axis; native source 5280x3956; model preprocessing unspecified,unknown,unknown,per-scene least-squares scale-and-shift for geometry; raw scale for scale metric; Umeyama pose alignment evaluated separately,zero-shot official pretrained; no crop fine-tuning,crop-specific training absent per authors; wider pretraining overlap unknown,https://arxiv.org/abs/2608.06404v1,2608.06404v1,Table 6 p8; VGGT z-depth AbsRel,UAV3DCrop authors (independent),independent rerun; exact hashes unreported,unknown,subsets averaged by scene then sequence macro-average,"Agricultural photogrammetry/RTK reference, not Basketball. Nonmetric models structurally disadvantaged in raw-scale column; metric and aligned quality kept separate."
i41-observation-037,i41-vggt-1b,i41-protocol-uav3dcrop-track-b,UAV3DCrop,Track B; sequence-macro average over eight crop sequences,scale_AbsRel_unaligned,0.965,ratio,lower,RGB only; 140 random subsets of 36 views per scene,images downsampled by eight per axis; native source 5280x3956; model preprocessing unspecified,unknown,unknown,per-scene least-squares scale-and-shift for geometry; raw scale for scale metric; Umeyama pose alignment evaluated separately,zero-shot official pretrained; no crop fine-tuning,crop-specific training absent per authors; wider pretraining overlap unknown,https://arxiv.org/abs/2608.06404v1,2608.06404v1,Table 6 p8; VGGT Scale AbsRel,UAV3DCrop authors (independent),independent rerun; exact hashes unreported,unknown,subsets averaged by scene then sequence macro-average,"Agricultural photogrammetry/RTK reference, not Basketball. Nonmetric models structurally disadvantaged in raw-scale column; metric and aligned quality kept separate."
i41-observation-038,i41-pi3,i41-protocol-uav3dcrop-track-b,UAV3DCrop,Track B; sequence-macro average over eight crop sequences,depth_AbsRel_aligned,0.055,ratio,lower,RGB only; 140 random subsets of 36 views per scene,images downsampled by eight per axis; native source 5280x3956; model preprocessing unspecified,unknown,unknown,per-scene least-squares scale-and-shift for geometry; raw scale for scale metric; Umeyama pose alignment evaluated separately,zero-shot official pretrained; no crop fine-tuning,crop-specific training absent per authors; wider pretraining overlap unknown,https://arxiv.org/abs/2608.06404v1,2608.06404v1,Table 6 p8; Pi3 z-depth AbsRel,UAV3DCrop authors (independent),independent rerun; exact hashes unreported,unknown,subsets averaged by scene then sequence macro-average,"Agricultural photogrammetry/RTK reference, not Basketball. Nonmetric models structurally disadvantaged in raw-scale column; metric and aligned quality kept separate."
i41-observation-039,i41-pi3,i41-protocol-uav3dcrop-track-b,UAV3DCrop,Track B; sequence-macro average over eight crop sequences,scale_AbsRel_unaligned,0.963,ratio,lower,RGB only; 140 random subsets of 36 views per scene,images downsampled by eight per axis; native source 5280x3956; model preprocessing unspecified,unknown,unknown,per-scene least-squares scale-and-shift for geometry; raw scale for scale metric; Umeyama pose alignment evaluated separately,zero-shot official pretrained; no crop fine-tuning,crop-specific training absent per authors; wider pretraining overlap unknown,https://arxiv.org/abs/2608.06404v1,2608.06404v1,Table 6 p8; Pi3 Scale AbsRel,UAV3DCrop authors (independent),independent rerun; exact hashes unreported,unknown,subsets averaged by scene then sequence macro-average,"Agricultural photogrammetry/RTK reference, not Basketball. Nonmetric models structurally disadvantaged in raw-scale column; metric and aligned quality kept separate."
i41-observation-040,i41-mast3r,i41-protocol-uav3dcrop-track-b,UAV3DCrop,Track B; sequence-macro average over eight crop sequences,depth_AbsRel_aligned,0.148,ratio,lower,RGB only; 140 random subsets of 36 views per scene,images downsampled by eight per axis; native source 5280x3956; model preprocessing unspecified,unknown,unknown,per-scene least-squares scale-and-shift for geometry; raw scale for scale metric; Umeyama pose alignment evaluated separately,zero-shot official pretrained; no crop fine-tuning,crop-specific training absent per authors; wider pretraining overlap unknown,https://arxiv.org/abs/2608.06404v1,2608.06404v1,Table 6 p8; MASt3R z-depth AbsRel,UAV3DCrop authors (independent),independent rerun; exact hashes unreported,unknown,subsets averaged by scene then sequence macro-average,"Agricultural photogrammetry/RTK reference, not Basketball. Nonmetric models structurally disadvantaged in raw-scale column; metric and aligned quality kept separate."
i41-observation-041,i41-mast3r,i41-protocol-uav3dcrop-track-b,UAV3DCrop,Track B; sequence-macro average over eight crop sequences,scale_AbsRel_unaligned,0.890,ratio,lower,RGB only; 140 random subsets of 36 views per scene,images downsampled by eight per axis; native source 5280x3956; model preprocessing unspecified,unknown,unknown,per-scene least-squares scale-and-shift for geometry; raw scale for scale metric; Umeyama pose alignment evaluated separately,zero-shot official pretrained; no crop fine-tuning,crop-specific training absent per authors; wider pretraining overlap unknown,https://arxiv.org/abs/2608.06404v1,2608.06404v1,Table 6 p8; MASt3R Scale AbsRel,UAV3DCrop authors (independent),independent rerun; exact hashes unreported,unknown,subsets averaged by scene then sequence macro-average,"Agricultural photogrammetry/RTK reference, not Basketball. Nonmetric models structurally disadvantaged in raw-scale column; metric and aligned quality kept separate."
i41-observation-042,i41-omega-paper-1b,i41-protocol-omega-sintel-10frames,Sintel,dynamic benchmark sequences; exact subset unknown,depth_AbsRel,0.097,ratio,lower,10 randomly sampled RGB frames per sequence; inferred cameras,reproduction loader image_resolution=416; original evaluation resolution not explicit,unknown,unknown,depth alignment unspecified in paper section 4.2; no absolute-scale conclusion; pose uses relative angular errors,original pretrained,possible original contamination; impact inconclusive,https://arxiv.org/abs/2605.15195v1,2605.15195v1,Tables 1/2 p8; Ours-1B Sintel,VGGT-Omega authors,author measured; original versus retrained are different runs,unknown,new checkpoint supersedes original for benchmarking; precision unknown,Published dynamic evidence; no explicit occlusion-stratified score. Original result qualified by later disclosure; 10B headline not substituted for 1B release.
i41-observation-043,i41-omega-paper-1b,i41-protocol-omega-sintel-10frames,Sintel,dynamic benchmark sequences; exact subset unknown,pose_AUC_at_3deg,35.3,percent,higher,10 randomly sampled RGB frames per sequence; inferred cameras,reproduction loader image_resolution=416; original evaluation resolution not explicit,unknown,unknown,depth alignment unspecified in paper section 4.2; no absolute-scale conclusion; pose uses relative angular errors,original pretrained,possible original contamination; impact inconclusive,https://arxiv.org/abs/2605.15195v1,2605.15195v1,Tables 1/2 p8; Ours-1B Sintel,VGGT-Omega authors,author measured; original versus retrained are different runs,unknown,new checkpoint supersedes original for benchmarking; precision unknown,Published dynamic evidence; no explicit occlusion-stratified score. Original result qualified by later disclosure; 10B headline not substituted for 1B release.
i41-observation-044,i41-omega-reproduction,i41-protocol-omega-sintel-10frames,Sintel,dynamic benchmark sequences; exact subset unknown,depth_AbsRel,0.094,ratio,lower,10 randomly sampled RGB frames per sequence; inferred cameras,reproduction loader image_resolution=416; original evaluation resolution not explicit,unknown,unknown,depth alignment unspecified in paper section 4.2; no absolute-scale conclusion; pose uses relative angular errors,retrained August 2026 with revised recipe,authors rechecked overlap; independent audit absent,https://github.com/facebookresearch/vggt-omega/blob/48b23c8ce72c9a8fcf987f0d7f43d8e4870759f6/reproduction.md,48b23c8ce72c9a8fcf987f0d7f43d8e4870759f6,Primary benchmarks; Retrained VGGT-Omega Sintel,VGGT-Omega authors,author measured; original versus retrained are different runs,unknown,new checkpoint supersedes original for benchmarking; precision unknown,Published dynamic evidence; no explicit occlusion-stratified score. Original result qualified by later disclosure; 10B headline not substituted for 1B release.
i41-observation-045,i41-omega-reproduction,i41-protocol-omega-sintel-10frames,Sintel,dynamic benchmark sequences; exact subset unknown,pose_AUC_at_3deg,35.5,percent,higher,10 randomly sampled RGB frames per sequence; inferred cameras,reproduction loader image_resolution=416; original evaluation resolution not explicit,unknown,unknown,depth alignment unspecified in paper section 4.2; no absolute-scale conclusion; pose uses relative angular errors,retrained August 2026 with revised recipe,authors rechecked overlap; independent audit absent,https://github.com/facebookresearch/vggt-omega/blob/48b23c8ce72c9a8fcf987f0d7f43d8e4870759f6/reproduction.md,48b23c8ce72c9a8fcf987f0d7f43d8e4870759f6,Primary benchmarks; Retrained VGGT-Omega Sintel,VGGT-Omega authors,author measured; original versus retrained are different runs,unknown,new checkpoint supersedes original for benchmarking; precision unknown,Published dynamic evidence; no explicit occlusion-stratified score. Original result qualified by later disclosure; 10B headline not substituted for 1B release.
i42-observation-001,i42-dav2-small,i42-protocol-efficientdepth-nyuv2,NYUv2,MiDaS evaluation scripts; exact split revision unknown,AbsRel,.035,ratio,lower,single RGB image,author preprocessing per Sec4.2; EfficientDepth736x736; DA V2 native preprocessing,"unknown (MiDaS scripts cited, revision/crop not specified)",unknown,MiDaS-style affine-invariant evaluation; exact fitting implementation/revision unknown,zero-shot author designation; datasets in Table1,evaluation datasets separate per Table1; exact duplicate audit unknown,https://arxiv.org/html/2509.22527v1,arXiv2509.22527v1,Table2 NYUv2 AbsRel row; DA V2 Small column,EfficientDepth authors,rerun by reporting authors; Sec4.2,not_applicable,single image; feed-forward; no SimpleBoost; batch/precision unknown,Provisional within-paper comparison; unspecified evaluation details block cross-paper ranking; metric-scale interpretation invalid.
i42-observation-002,i42-dav2-small,i42-protocol-efficientdepth-eth3d,ETH3D,MiDaS evaluation scripts; exact split revision unknown,AbsRel,.0767,ratio,lower,single RGB image,author preprocessing per Sec4.2; EfficientDepth736x736; DA V2 native preprocessing,"unknown (MiDaS scripts cited, revision/crop not specified)",unknown,MiDaS-style affine-invariant evaluation; exact fitting implementation/revision unknown,zero-shot author designation; datasets in Table1,evaluation datasets separate per Table1; exact duplicate audit unknown,https://arxiv.org/html/2509.22527v1,arXiv2509.22527v1,Table2 ETH3D AbsRel row; DA V2 Small column,EfficientDepth authors,rerun by reporting authors; Sec4.2,not_applicable,single image; feed-forward; no SimpleBoost; batch/precision unknown,Provisional within-paper comparison; unspecified evaluation details block cross-paper ranking; metric-scale interpretation invalid.
i42-observation-003,i42-dav2-small,i42-protocol-efficientdepth-time,500 varying-resolution images,author timing collection; images not identified,latency,.048,s/image,lower,single RGB image,variable collection; method-specific preprocessing as quality evaluation,not_applicable,not_applicable,not_applicable,not_applicable,not_applicable,https://arxiv.org/html/2509.22527v1,arXiv2509.22527v1,Table3 A40 average speed row; dav2-small,EfficientDepth authors,rerun; Sec4.3,single A40 on AWS,pre/post included; image load excluded; no SimpleBoost; precision/batch unknown; one image/view; one feed-forward pass,Do not copy BF16 training precision into inference field. Peak memory unreported.
i42-observation-004,i42-efficientdepth-stage3,i42-protocol-efficientdepth-nyuv2,NYUv2,MiDaS evaluation scripts; exact split revision unknown,AbsRel,.029,ratio,lower,single RGB image,author preprocessing per Sec4.2; EfficientDepth736x736; DA V2 native preprocessing,"unknown (MiDaS scripts cited, revision/crop not specified)",unknown,MiDaS-style affine-invariant evaluation; exact fitting implementation/revision unknown,zero-shot author designation; datasets in Table1,evaluation datasets separate per Table1; exact duplicate audit unknown,https://arxiv.org/html/2509.22527v1,arXiv2509.22527v1,Table2 NYUv2 AbsRel row; Ours Stage3 column,EfficientDepth authors,rerun by reporting authors; Sec4.2,not_applicable,single image; feed-forward; no SimpleBoost; batch/precision unknown,Provisional within-paper comparison; unspecified evaluation details block cross-paper ranking; metric-scale interpretation invalid.
i42-observation-005,i42-efficientdepth-stage3,i42-protocol-efficientdepth-eth3d,ETH3D,MiDaS evaluation scripts; exact split revision unknown,AbsRel,.0729,ratio,lower,single RGB image,author preprocessing per Sec4.2; EfficientDepth736x736; DA V2 native preprocessing,"unknown (MiDaS scripts cited, revision/crop not specified)",unknown,MiDaS-style affine-invariant evaluation; exact fitting implementation/revision unknown,zero-shot author designation; datasets in Table1,evaluation datasets separate per Table1; exact duplicate audit unknown,https://arxiv.org/html/2509.22527v1,arXiv2509.22527v1,Table2 ETH3D AbsRel row; Ours Stage3 column,EfficientDepth authors,rerun by reporting authors; Sec4.2,not_applicable,single image; feed-forward; no SimpleBoost; batch/precision unknown,Provisional within-paper comparison; unspecified evaluation details block cross-paper ranking; metric-scale interpretation invalid.
i42-observation-006,i42-efficientdepth-stage3,i42-protocol-efficientdepth-time,500 varying-resolution images,author timing collection; images not identified,latency,.055,s/image,lower,single RGB image,variable collection; method-specific preprocessing as quality evaluation,not_applicable,not_applicable,not_applicable,not_applicable,not_applicable,https://arxiv.org/html/2509.22527v1,arXiv2509.22527v1,Table3 A40 average speed row; efficientdepth-stage3,EfficientDepth authors,rerun; Sec4.3,single A40 on AWS,pre/post included; image load excluded; no SimpleBoost; precision/batch unknown; one image/view; one feed-forward pass,Do not copy BF16 training precision into inference field. Peak memory unreported.
i42-observation-007,i42-midas-swin2-tiny,i42-protocol-midas-square-eth,ETH3D,MiDaS evaluation; exact image list unknown,AbsRel,.111,ratio,lower,single RGB image,256x256,square resize; valid-mask details not restated,unknown,relative inverse-depth evaluation; Sec4.1 cites MiDaS,5+12 dataset mix; ETH3D zero-shot,NYUv2/KITTI trained; ETH3D not in stated train mix,https://arxiv.org/pdf/2307.14460v1,arXiv2307.14460v1,Table1 p8 square resolution midas-swin2-tiny row,MiDaS authors,own model evaluation,not_applicable,feed-forward; no refinement,Table uses rounded paper values; do not substitute README precision or overall improvement.
i42-observation-008,i42-midas-swin2-tiny,i42-protocol-midas-time,author timing,not_applicable,throughput,64,frames/s,higher,single RGB image,256x256,not_applicable,not_applicable,not_applicable,not_applicable,not_applicable,https://arxiv.org/pdf/2307.14460v1,arXiv2307.14460v1,Table1 FPS column; Fig1 GPU caption,MiDaS authors,own measurement,RTX3090,square native input; precision/batch/prepost/peak memory unknown,Different resolution prevents matched-pixel speed ranking; no inference-time conversion made.
i42-observation-009,i42-midas-levit,i42-protocol-midas-square-eth,ETH3D,MiDaS evaluation; exact image list unknown,AbsRel,.121,ratio,lower,single RGB image,224x224,square resize; valid-mask details not restated,unknown,relative inverse-depth evaluation; Sec4.1 cites MiDaS,5+12 dataset mix; ETH3D zero-shot,NYUv2/KITTI trained; ETH3D not in stated train mix,https://arxiv.org/pdf/2307.14460v1,arXiv2307.14460v1,Table1 p8 square resolution midas-levit row,MiDaS authors,own model evaluation,not_applicable,feed-forward; no refinement,Table uses rounded paper values; do not substitute README precision or overall improvement.
i42-observation-010,i42-midas-levit,i42-protocol-midas-time,author timing,not_applicable,throughput,73,frames/s,higher,single RGB image,224x224,not_applicable,not_applicable,not_applicable,not_applicable,not_applicable,https://arxiv.org/pdf/2307.14460v1,arXiv2307.14460v1,Table1 FPS column; Fig1 GPU caption,MiDaS authors,own measurement,RTX3090,square native input; precision/batch/prepost/peak memory unknown,Different resolution prevents matched-pixel speed ranking; no inference-time conversion made.
i42-observation-011,i42-litedepth,i42-protocol-mai2022,MAI&AIM2022,hidden online test,si-RMSE,.311,log-depth error,lower,single RGB image,input/output480x640; internal downsample128x160,unknown official server mask,unknown,si-RMSE scale invariant; RMSE alignment unknown,challenge supervised,same challenge domain; no exact duplicate audit,https://arxiv.org/html/2209.00961v1,arXiv2209.00961v1,Table1 rank2 Zhenyu Li,challenge online server; reported by LiteDepth authors,official challenge evaluation,not_applicable,submitted TFLite model; precision unknown,Not comparable with zero-shot relative foundation evaluations.
i42-observation-012,i42-litedepth,i42-protocol-mai2022,MAI&AIM2022,hidden online test,RMSE,3.79,dataset depth units,lower,single RGB image,input/output480x640; internal downsample128x160,unknown official server mask,unknown,si-RMSE scale invariant; RMSE alignment unknown,challenge supervised,same challenge domain; no exact duplicate audit,https://arxiv.org/html/2209.00961v1,arXiv2209.00961v1,Table1 rank2 Zhenyu Li,challenge online server; reported by LiteDepth authors,official challenge evaluation,not_applicable,submitted TFLite model; precision unknown,Not comparable with zero-shot relative foundation evaluations.
i42-observation-013,i42-litedepth,i42-protocol-mai2022-time,MAI2022 timing,not_applicable,latency,37,ms/image,lower,single RGB image,480x640 input/output,not_applicable,not_applicable,not_applicable,not_applicable,not_applicable,https://arxiv.org/html/2209.00961v1,arXiv2209.00961v1,Table1 rank2; Sec3.1; Table3 merged normalization row,LiteDepth authors/challenge,challenge model,Raspberry Pi4,normalization merged in first convolution; TFLite; batch/precision/thread count/peak memory unknown,No GPU extrapolation; output upsampling is part of network.
i42-observation-014,i42-infinidepth-rgb,i42-protocol-infini-synth4k1-hf,Synth4K-1 CyberPunk2077,author synthetic benchmark; exact image list unknown,delta1-high-frequency,67.5,percent,higher,single RGB image,504x896 RGB;3840x2160 depth query,high-frequency geometric mask AppendixB.1; no crop stated,unknown,per-image scale-and-shift to ground truth,synthetic-only depth training; Synth4K held-out designation,Synth4K not in stated training list; exact duplicates unknown,https://arxiv.org/html/2601.03252v1,arXiv2601.03252v1,Table1 High-Freq Details Ours row Synth4K-1 delta1; AppendixB.1/C.1,InfiniDepth authors,own evaluation,not_applicable,RGB-only; no sparse depth or MoGe2 scale recovery in relative benchmark,Detail metric beyond output pixel count; not unaligned metric scale. Comparative large-baseline identities not extracted here.
i42-observation-015,i42-infinidepth-rgb,i42-protocol-infini-time,author timing,not_applicable,latency,.16,s/image,lower,single RGB image,504x672 single image,not_applicable,not_applicable,not_applicable,not_applicable,not_applicable,https://arxiv.org/html/2601.03252v1,arXiv2601.03252v1,Table6 Ours; AppendixA.5,InfiniDepth authors,own measurement,unknown,entire model per Table6 caption; precision/batch/prepost unknown; optional MoGe2/DA3 not stated included,"15M in same table is decoder-only, unlike runtime. Not full4K-query timing; memory unreported."
i42-observation-016,i42-zoe-u4k,i42-protocol-pf-u4k,UnrealStereo4K,UnrealStereo4K test; exact list referenced to dataset protocol,RMSE,1.2887,m,lower,single RGB image,2160x3840 output;540x960 patches; base input resized,valid GT; boundary mask for SEE; exact crop not stated,unknown,no test-time GT alignment stated; metric output,trained on target dataset; coarse then fine/fusion,same dataset domain; test disjoint by protocol; duplicate audit unknown,https://openaccess.thecvf.com/content/CVPR2024/papers/Li_PatchFusion_An_End-to-End_Tile-Based_Framework_for_High-Resolution_Monocular_Metric_Depth_CVPR_2024_paper.pdf,CVPR2024 camera-ready,Table1 p10022 zoe-u4k row; Sec4.1/4.2,PatchFusion authors,target-trained evaluation by reporting authors,not_applicable,single RGB; patch count variant-specific; no video/view fusion,"SEE is soft-edge disparity error, not D3R or BR; lower better. Do not use zero-shot interpretation."
i42-observation-017,i42-zoe-u4k,i42-protocol-pf-u4k,UnrealStereo4K,UnrealStereo4K test; exact list referenced to dataset protocol,SEE,.9144,boundary disparity error,lower,single RGB image,2160x3840 output;540x960 patches; base input resized,valid GT; boundary mask for SEE; exact crop not stated,unknown,no test-time GT alignment stated; metric output,trained on target dataset; coarse then fine/fusion,same dataset domain; test disjoint by protocol; duplicate audit unknown,https://openaccess.thecvf.com/content/CVPR2024/papers/Li_PatchFusion_An_End-to-End_Tile-Based_Framework_for_High-Resolution_Monocular_Metric_Depth_CVPR_2024_paper.pdf,CVPR2024 camera-ready,Table1 p10022 zoe-u4k row; Sec4.1/4.2,PatchFusion authors,target-trained evaluation by reporting authors,not_applicable,single RGB; patch count variant-specific; no video/view fusion,"SEE is soft-edge disparity error, not D3R or BR; lower better. Do not use zero-shot interpretation."
i42-observation-018,i42-patchfusion-p16,i42-protocol-pf-u4k,UnrealStereo4K,UnrealStereo4K test; exact list referenced to dataset protocol,RMSE,1.0878,m,lower,single RGB image,2160x3840 output;540x960 patches; base input resized,valid GT; boundary mask for SEE; exact crop not stated,unknown,no test-time GT alignment stated; metric output,trained on target dataset; coarse then fine/fusion,same dataset domain; test disjoint by protocol; duplicate audit unknown,https://openaccess.thecvf.com/content/CVPR2024/papers/Li_PatchFusion_An_End-to-End_Tile-Based_Framework_for_High-Resolution_Monocular_Metric_Depth_CVPR_2024_paper.pdf,CVPR2024 camera-ready,Table1 p10022 patchfusion-p16 row; Sec4.1/4.2,PatchFusion authors,target-trained evaluation by reporting authors,not_applicable,single RGB; patch count variant-specific; no video/view fusion,"SEE is soft-edge disparity error, not D3R or BR; lower better. Do not use zero-shot interpretation."
i42-observation-019,i42-patchfusion-p16,i42-protocol-pf-u4k,UnrealStereo4K,UnrealStereo4K test; exact list referenced to dataset protocol,SEE,.8382,boundary disparity error,lower,single RGB image,2160x3840 output;540x960 patches; base input resized,valid GT; boundary mask for SEE; exact crop not stated,unknown,no test-time GT alignment stated; metric output,trained on target dataset; coarse then fine/fusion,same dataset domain; test disjoint by protocol; duplicate audit unknown,https://openaccess.thecvf.com/content/CVPR2024/papers/Li_PatchFusion_An_End-to-End_Tile-Based_Framework_for_High-Resolution_Monocular_Metric_Depth_CVPR_2024_paper.pdf,CVPR2024 camera-ready,Table1 p10022 patchfusion-p16 row; Sec4.1/4.2,PatchFusion authors,target-trained evaluation by reporting authors,not_applicable,single RGB; patch count variant-specific; no video/view fusion,"SEE is soft-edge disparity error, not D3R or BR; lower better. Do not use zero-shot interpretation."
i42-observation-020,i42-patchfusion-r128,i42-protocol-pf-u4k,UnrealStereo4K,UnrealStereo4K test; exact list referenced to dataset protocol,RMSE,1.0655,m,lower,single RGB image,2160x3840 output;540x960 patches; base input resized,valid GT; boundary mask for SEE; exact crop not stated,unknown,no test-time GT alignment stated; metric output,trained on target dataset; coarse then fine/fusion,same dataset domain; test disjoint by protocol; duplicate audit unknown,https://openaccess.thecvf.com/content/CVPR2024/papers/Li_PatchFusion_An_End-to-End_Tile-Based_Framework_for_High-Resolution_Monocular_Metric_Depth_CVPR_2024_paper.pdf,CVPR2024 camera-ready,Table1 p10022 patchfusion-r128 row; Sec4.1/4.2,PatchFusion authors,target-trained evaluation by reporting authors,not_applicable,single RGB; patch count variant-specific; no video/view fusion,"SEE is soft-edge disparity error, not D3R or BR; lower better. Do not use zero-shot interpretation."
i42-observation-021,i42-patchfusion-r128,i42-protocol-pf-u4k,UnrealStereo4K,UnrealStereo4K test; exact list referenced to dataset protocol,SEE,.8488,boundary disparity error,lower,single RGB image,2160x3840 output;540x960 patches; base input resized,valid GT; boundary mask for SEE; exact crop not stated,unknown,no test-time GT alignment stated; metric output,trained on target dataset; coarse then fine/fusion,same dataset domain; test disjoint by protocol; duplicate audit unknown,https://openaccess.thecvf.com/content/CVPR2024/papers/Li_PatchFusion_An_End-to-End_Tile-Based_Framework_for_High-Resolution_Monocular_Metric_Depth_CVPR_2024_paper.pdf,CVPR2024 camera-ready,Table1 p10022 patchfusion-r128 row; Sec4.1/4.2,PatchFusion authors,target-trained evaluation by reporting authors,not_applicable,single RGB; patch count variant-specific; no video/view fusion,"SEE is soft-edge disparity error, not D3R or BR; lower better. Do not use zero-shot interpretation."
i42-observation-022,i42-patchfusion-p16,i42-protocol-pf-time,UnrealStereo4K timing,not_applicable,latency,2.782,s/image,lower,single RGB image,2160x3840;16 patches540x960,not_applicable,not_applicable,not_applicable,not_applicable,not_applicable,https://openaccess.thecvf.com/content/CVPR2024/papers/Li_PatchFusion_An_End-to-End_Tile-Based_Framework_for_High-Resolution_Monocular_Metric_Depth_CVPR_2024_paper.pdf,CVPR2024 camera-ready,Table2 p10023 full P16 row10; Sec4.3,PatchFusion authors,own model,single A100,P16 fusion; coarse inclusion/prepost/precision/patch-batch/peak memory unknown,Not comparable to PRV2 refiner-only table or PRO4090 timing.
i42-observation-023,i42-pf-dagger,i42-protocol-prv2-u4k,UnrealStereo4K,test,RMSE,1.064,m,lower,single RGB image,2160x3840;16 patches540x960,valid GT; SEE boundary mask; exact crop unknown,unknown,metric output; no test-time GT alignment stated,target-data training; aligned pretraining,same U4K domain; exact duplicate audit unknown,https://arxiv.org/html/2501.01121v1,arXiv2501.01121v1,Table1 P16 pf-dagger row; caption; Sec4.4,PatchRefinerV2 authors,authors retrain baselines with aligned fine-branch pretraining (dagger),not_applicable,coarse ZoeDepth plus refiner; P16,Not a full pipeline compute comparison. Boundary gain is not monotonic with model size (M versus E versus C).
i42-observation-024,i42-pf-dagger,i42-protocol-prv2-u4k,UnrealStereo4K,test,SEE,.855,boundary disparity error,lower,single RGB image,2160x3840;16 patches540x960,valid GT; SEE boundary mask; exact crop unknown,unknown,metric output; no test-time GT alignment stated,target-data training; aligned pretraining,same U4K domain; exact duplicate audit unknown,https://arxiv.org/html/2501.01121v1,arXiv2501.01121v1,Table1 P16 pf-dagger row; caption; Sec4.4,PatchRefinerV2 authors,authors retrain baselines with aligned fine-branch pretraining (dagger),not_applicable,coarse ZoeDepth plus refiner; P16,Not a full pipeline compute comparison. Boundary gain is not monotonic with model size (M versus E versus C).
i42-observation-025,i42-pf-dagger,i42-protocol-prv2-u4k-time,UnrealStereo4K,test,refiner_latency,3.44,s/image,lower,single RGB image,2160x3840;16 patches540x960,not_applicable,not_applicable,not_applicable,target-data training; aligned pretraining,same U4K domain; exact duplicate audit unknown,https://arxiv.org/html/2501.01121v1,arXiv2501.01121v1,Table1 P16 pf-dagger row; caption; Sec4.4,PatchRefinerV2 authors,authors retrain baselines with aligned fine-branch pretraining (dagger),A100,refiner/fine branch ONLY; coarse excluded; precision/patch batching/prepost/peak memory unknown,Not a full pipeline compute comparison. Boundary gain is not monotonic with model size (M versus E versus C).
i42-observation-026,i42-pr-dagger,i42-protocol-prv2-u4k,UnrealStereo4K,test,RMSE,.941,m,lower,single RGB image,2160x3840;16 patches540x960,valid GT; SEE boundary mask; exact crop unknown,unknown,metric output; no test-time GT alignment stated,target-data training; aligned pretraining,same U4K domain; exact duplicate audit unknown,https://arxiv.org/html/2501.01121v1,arXiv2501.01121v1,Table1 P16 pr-dagger row; caption; Sec4.4,PatchRefinerV2 authors,authors retrain baselines with aligned fine-branch pretraining (dagger),not_applicable,coarse ZoeDepth plus refiner; P16,Not a full pipeline compute comparison. Boundary gain is not monotonic with model size (M versus E versus C).
i42-observation-027,i42-pr-dagger,i42-protocol-prv2-u4k,UnrealStereo4K,test,SEE,.771,boundary disparity error,lower,single RGB image,2160x3840;16 patches540x960,valid GT; SEE boundary mask; exact crop unknown,unknown,metric output; no test-time GT alignment stated,target-data training; aligned pretraining,same U4K domain; exact duplicate audit unknown,https://arxiv.org/html/2501.01121v1,arXiv2501.01121v1,Table1 P16 pr-dagger row; caption; Sec4.4,PatchRefinerV2 authors,authors retrain baselines with aligned fine-branch pretraining (dagger),not_applicable,coarse ZoeDepth plus refiner; P16,Not a full pipeline compute comparison. Boundary gain is not monotonic with model size (M versus E versus C).
i42-observation-028,i42-pr-dagger,i42-protocol-prv2-u4k-time,UnrealStereo4K,test,refiner_latency,1.45,s/image,lower,single RGB image,2160x3840;16 patches540x960,not_applicable,not_applicable,not_applicable,target-data training; aligned pretraining,same U4K domain; exact duplicate audit unknown,https://arxiv.org/html/2501.01121v1,arXiv2501.01121v1,Table1 P16 pr-dagger row; caption; Sec4.4,PatchRefinerV2 authors,authors retrain baselines with aligned fine-branch pretraining (dagger),A100,refiner/fine branch ONLY; coarse excluded; precision/patch batching/prepost/peak memory unknown,Not a full pipeline compute comparison. Boundary gain is not monotonic with model size (M versus E versus C).
i42-observation-029,i42-prv2-m,i42-protocol-prv2-u4k,UnrealStereo4K,test,RMSE,1.003,m,lower,single RGB image,2160x3840;16 patches540x960,valid GT; SEE boundary mask; exact crop unknown,unknown,metric output; no test-time GT alignment stated,target-data training; aligned pretraining,same U4K domain; exact duplicate audit unknown,https://arxiv.org/html/2501.01121v1,arXiv2501.01121v1,Table1 P16 prv2-m row; caption; Sec4.4,PatchRefinerV2 authors,authors retrain baselines with aligned fine-branch pretraining (dagger),not_applicable,coarse ZoeDepth plus refiner; P16,Not a full pipeline compute comparison. Boundary gain is not monotonic with model size (M versus E versus C).
i42-observation-030,i42-prv2-m,i42-protocol-prv2-u4k,UnrealStereo4K,test,SEE,.832,boundary disparity error,lower,single RGB image,2160x3840;16 patches540x960,valid GT; SEE boundary mask; exact crop unknown,unknown,metric output; no test-time GT alignment stated,target-data training; aligned pretraining,same U4K domain; exact duplicate audit unknown,https://arxiv.org/html/2501.01121v1,arXiv2501.01121v1,Table1 P16 prv2-m row; caption; Sec4.4,PatchRefinerV2 authors,authors retrain baselines with aligned fine-branch pretraining (dagger),not_applicable,coarse ZoeDepth plus refiner; P16,Not a full pipeline compute comparison. Boundary gain is not monotonic with model size (M versus E versus C).
i42-observation-031,i42-prv2-m,i42-protocol-prv2-u4k-time,UnrealStereo4K,test,refiner_latency,.32,s/image,lower,single RGB image,2160x3840;16 patches540x960,not_applicable,not_applicable,not_applicable,target-data training; aligned pretraining,same U4K domain; exact duplicate audit unknown,https://arxiv.org/html/2501.01121v1,arXiv2501.01121v1,Table1 P16 prv2-m row; caption; Sec4.4,PatchRefinerV2 authors,authors retrain baselines with aligned fine-branch pretraining (dagger),A100,refiner/fine branch ONLY; coarse excluded; precision/patch batching/prepost/peak memory unknown,Not a full pipeline compute comparison. Boundary gain is not monotonic with model size (M versus E versus C).
i42-observation-032,i42-prv2-e,i42-protocol-prv2-u4k,UnrealStereo4K,test,RMSE,.948,m,lower,single RGB image,2160x3840;16 patches540x960,valid GT; SEE boundary mask; exact crop unknown,unknown,metric output; no test-time GT alignment stated,target-data training; aligned pretraining,same U4K domain; exact duplicate audit unknown,https://arxiv.org/html/2501.01121v1,arXiv2501.01121v1,Table1 P16 prv2-e row; caption; Sec4.4,PatchRefinerV2 authors,authors retrain baselines with aligned fine-branch pretraining (dagger),not_applicable,coarse ZoeDepth plus refiner; P16,Not a full pipeline compute comparison. Boundary gain is not monotonic with model size (M versus E versus C).
i42-observation-033,i42-prv2-e,i42-protocol-prv2-u4k,UnrealStereo4K,test,SEE,.816,boundary disparity error,lower,single RGB image,2160x3840;16 patches540x960,valid GT; SEE boundary mask; exact crop unknown,unknown,metric output; no test-time GT alignment stated,target-data training; aligned pretraining,same U4K domain; exact duplicate audit unknown,https://arxiv.org/html/2501.01121v1,arXiv2501.01121v1,Table1 P16 prv2-e row; caption; Sec4.4,PatchRefinerV2 authors,authors retrain baselines with aligned fine-branch pretraining (dagger),not_applicable,coarse ZoeDepth plus refiner; P16,Not a full pipeline compute comparison. Boundary gain is not monotonic with model size (M versus E versus C).
i42-observation-034,i42-prv2-e,i42-protocol-prv2-u4k-time,UnrealStereo4K,test,refiner_latency,.57,s/image,lower,single RGB image,2160x3840;16 patches540x960,not_applicable,not_applicable,not_applicable,target-data training; aligned pretraining,same U4K domain; exact duplicate audit unknown,https://arxiv.org/html/2501.01121v1,arXiv2501.01121v1,Table1 P16 prv2-e row; caption; Sec4.4,PatchRefinerV2 authors,authors retrain baselines with aligned fine-branch pretraining (dagger),A100,refiner/fine branch ONLY; coarse excluded; precision/patch batching/prepost/peak memory unknown,Not a full pipeline compute comparison. Boundary gain is not monotonic with model size (M versus E versus C).
i42-observation-035,i42-prv2-c,i42-protocol-prv2-u4k,UnrealStereo4K,test,RMSE,.884,m,lower,single RGB image,2160x3840;16 patches540x960,valid GT; SEE boundary mask; exact crop unknown,unknown,metric output; no test-time GT alignment stated,target-data training; aligned pretraining,same U4K domain; exact duplicate audit unknown,https://arxiv.org/html/2501.01121v1,arXiv2501.01121v1,Table1 P16 prv2-c row; caption; Sec4.4,PatchRefinerV2 authors,authors retrain baselines with aligned fine-branch pretraining (dagger),not_applicable,coarse ZoeDepth plus refiner; P16,Not a full pipeline compute comparison. Boundary gain is not monotonic with model size (M versus E versus C).
i42-observation-036,i42-prv2-c,i42-protocol-prv2-u4k,UnrealStereo4K,test,SEE,.787,boundary disparity error,lower,single RGB image,2160x3840;16 patches540x960,valid GT; SEE boundary mask; exact crop unknown,unknown,metric output; no test-time GT alignment stated,target-data training; aligned pretraining,same U4K domain; exact duplicate audit unknown,https://arxiv.org/html/2501.01121v1,arXiv2501.01121v1,Table1 P16 prv2-c row; caption; Sec4.4,PatchRefinerV2 authors,authors retrain baselines with aligned fine-branch pretraining (dagger),not_applicable,coarse ZoeDepth plus refiner; P16,Not a full pipeline compute comparison. Boundary gain is not monotonic with model size (M versus E versus C).
i42-observation-037,i42-prv2-c,i42-protocol-prv2-u4k-time,UnrealStereo4K,test,refiner_latency,.62,s/image,lower,single RGB image,2160x3840;16 patches540x960,not_applicable,not_applicable,not_applicable,target-data training; aligned pretraining,same U4K domain; exact duplicate audit unknown,https://arxiv.org/html/2501.01121v1,arXiv2501.01121v1,Table1 P16 prv2-c row; caption; Sec4.4,PatchRefinerV2 authors,authors retrain baselines with aligned fine-branch pretraining (dagger),A100,refiner/fine branch ONLY; coarse excluded; precision/patch batching/prepost/peak memory unknown,Not a full pipeline compute comparison. Boundary gain is not monotonic with model size (M versus E versus C).
i42-observation-038,i42-pro-da2,i42-protocol-pro-middle14,Middlebury2014,Middle14; exact split unknown,AbsRel,.0287,ratio,lower,single RGB image,DA2 base518x518; high-res patch output; exact native evaluation size unknown,unknown,unknown,relative benchmark; released metric utility scale/shift fits disparity; per-dataset entrypoint not traced,refiner trained UnrealStereo4K; real evaluation zero-shot,base DA2 web pseudo data; exact contamination unknown,https://openaccess.thecvf.com/content/ICCV2025/papers/Kwon_One_Look_is_Enough_Seamless_Patchwise_Refinement_for_Zero-Shot_Monocular_ICCV_2025_paper.pdf,ICCV2025 camera-ready,Table1 PRO(Ours) row Middle14 columns,PRO authors,own evaluation; comparator PF/PR retrained DA2,not_applicable,P16; one RGB image; no camera calibration input,Source-attributed only; unknown alignment/crop prevents pooling with PF U4K or unrelated Middlebury scores.
i42-observation-039,i42-pro-da2,i42-protocol-pro-middle14,Middlebury2014,Middle14; exact split unknown,D3R,.0803,ratio,lower,single RGB image,DA2 base518x518; high-res patch output; exact native evaluation size unknown,unknown,unknown,relative benchmark; released metric utility scale/shift fits disparity; per-dataset entrypoint not traced,refiner trained UnrealStereo4K; real evaluation zero-shot,base DA2 web pseudo data; exact contamination unknown,https://openaccess.thecvf.com/content/ICCV2025/papers/Kwon_One_Look_is_Enough_Seamless_Patchwise_Refinement_for_Zero-Shot_Monocular_ICCV_2025_paper.pdf,ICCV2025 camera-ready,Table1 PRO(Ours) row Middle14 columns,PRO authors,own evaluation; comparator PF/PR retrained DA2,not_applicable,P16; one RGB image; no camera calibration input,Source-attributed only; unknown alignment/crop prevents pooling with PF U4K or unrelated Middlebury scores.
