model_id,family,variant,category,input_regime,output_semantics,camera_requirements,parameters,release_status,paper_url,paper_version,code_url,code_revision,weights_url,weights_revision,environment,release_paper_difference,notes
i37-d1,UniDepth,V2 ViT-L14 standalone D1,monocular_metric,single_RGB_with_supplied_intrinsics,camera_z_metric_depth_m,optional K; supplied in project,unknown,public_ungated_metadata_verified_no_weight_download,https://arxiv.org/html/2502.20110v2,2502.20110v2,https://github.com/lpiccinelli-eth/UniDepth,8d8cfe4c7ee15297099983607febf0d4f32eb3d6,https://huggingface.co/lpiccinelli/unidepth-v2-vitl14/blob/52b349b514bd8b47642f67ac78cb7b5dc5c51dd9/model.safetensors,52b349b514bd8b47642f67ac78cb7b5dc5c51dd9,Linux; Python 3.10+; CUDA 11.8+; torch/xformers ABI compatibility; README notes requirements not fully tested outside documented setup,Same weight serialization as D0; supplied K and historical wrapper differences mean no standalone local score inferred.,Identity: configs/vipe-alternatives/components-v1.json; snapshot sources rechecked 2026-09-30. Same weight serialization as D0; supplied K and historical wrapper differences mean no standalone local score inferred.
i37-d2,Depth Anything 3,DA3METRIC-LARGE D2,monocular_metric,single_RGB_with_supplied_intrinsics,camera_z_metric_depth_m,processed focal required for metric conversion,unknown,public_ungated_metadata_verified_no_weight_download,https://arxiv.org/html/2511.10647v1,2511.10647v1,https://github.com/ByteDance-Seed/Depth-Anything-3,3d835ec1a5802d64a8b8b15f817a1ab54809bfe4,https://huggingface.co/depth-anything/DA3METRIC-LARGE/blob/4010e39f3634a45bc60553321fb49fb760bd594e/model.safetensors,4010e39f3634a45bc60553321fb49fb760bd594e,Python >=3.9 <=3.13; torch>=2; numpy<2; xformers; pyproject includes export/tool dependencies,Metric canonical depth requires processed focal /300; not DA3-LARGE/DA3NESTED/DA3MONO.,Identity: configs/vipe-alternatives/components-v1.json; snapshot sources rechecked 2026-09-30. Metric canonical depth requires processed focal /300; not DA3-LARGE/DA3NESTED/DA3MONO.
i37-d3,Metric3D,v2 ViT-L raft5 D3,monocular_metric,single_RGB_with_supplied_intrinsics,camera_z_metric_depth_m,resized fx required for metric conversion,unknown,public_ungated_metadata_verified_no_weight_download,https://arxiv.org/html/2404.15506v4,2404.15506v4,https://github.com/YvanYin/Metric3D,eb5b6fac0dc155e4e52f576e304fbf11655ff339,https://huggingface.co/JUGGHM/Metric3D/blob/80d2d1410afb4b23cd9d18c6be9144483d4b70b6/metric_depth_vit_large_800k.pth,80d2d1410afb4b23cd9d18c6be9144483d4b70b6,requirements_v2.txt: torch 2.0.1; torchvision 0.15.2; numpy 1.23.1; xformers 0.0.21; mmcv,"Selected 800k release vit.raft5.large.py explicitly sets iters=8, matching paper supplement Table1; exact paper checkpoint hash remains undisclosed.","Identity: configs/vipe-alternatives/components-v1.json; snapshot sources rechecked 2026-09-30. Selected 800k release vit.raft5.large.py explicitly sets iters=8, matching paper supplement Table1; exact paper checkpoint hash remains undisclosed."
i37-d4,Depth Pro,native depth_pro.pt D4,monocular_metric,single_RGB_with_supplied_intrinsics,camera_z_metric_depth_m,optional focal; supplied in project,unknown,public_ungated_metadata_verified_no_weight_download,https://arxiv.org/html/2410.02073v2,2410.02073v2,https://github.com/apple/ml-depth-pro,9e65e4dbe9568d23c546fcec53302b10445e109e,https://huggingface.co/apple/DepthPro/blob/ccd1350a774eb2248bcdfb3be430e38f1d3087ef/depth_pro.pt,ccd1350a774eb2248bcdfb3be430e38f1d3087ef,README Python 3.9; torch; torchvision; timm; numpy<2; pillow_heif,Selected native weights; supplied fx bypasses focal estimation; README license conflict with HF asset license.,Identity: configs/vipe-alternatives/components-v1.json; snapshot sources rechecked 2026-09-30. Selected native weights; supplied fx bypasses focal estimation; README license conflict with HF asset license.
i37-d0,UniDepth,V2-L through historical ViPE UniDepth2Model type l,monocular_metric,single_RGB_with_supplied_intrinsics,camera_z_metric_depth_m,historical calibrated K; project implementation control,unknown,historical_local_wrapper_control,https://arxiv.org/html/2502.20110v2,2502.20110v2,https://github.com/nv-tlabs/vipe,unknown,https://huggingface.co/lpiccinelli/unidepth-v2-vitl14/blob/52b349b514bd8b47642f67ac78cb7b5dc5c51dd9/model.safetensors,52b349b514bd8b47642f67ac78cb7b5dc5c51dd9,Historical project E0 runtime; not recreated; see components-v1.json,No paper evaluates this project wrapper; no wrapper-specific benchmark observations.,"Exact control identity from components-v1.json settings.D0; wrapper revision not re-audited. Same family/weight serialization as D1, not UniDepth V1."
i37-unidepth-v2-large-rgb,UniDepth,V2-Large paper RGB-only,monocular_metric,single_RGB,metric_depth,predicted camera,unknown,paper_evaluation_identity,https://arxiv.org/html/2502.20110v2,2502.20110v2,unknown,unknown,unknown,unknown,unknown,Paper identity retained separately; no exact evaluated weight hash disclosed.,Do not equate this paper row with project adapter settings or exact selected asset.
i37-unidepth-v2-unspecified,UniDepth,V2 backbone unspecified DA3 comparison,monocular_metric,single_RGB_camera_mode_unknown,metric_depth,unknown,unknown,paper_evaluation_identity,https://arxiv.org/html/2511.10647v1,2511.10647v1,unknown,unknown,unknown,unknown,unknown,Paper identity retained separately; no exact evaluated weight hash disclosed.,Do not equate this paper row with project adapter settings or exact selected asset.
i37-unidepth-v1-unspecified,UniDepth,V1 backbone unspecified DA3 comparison,monocular_metric,single_RGB_camera_mode_unknown,metric_depth,unknown,unknown,paper_evaluation_identity,https://arxiv.org/html/2511.10647v1,2511.10647v1,unknown,unknown,unknown,unknown,unknown,Paper identity retained separately; no exact evaluated weight hash disclosed.,Do not equate this paper row with project adapter settings or exact selected asset.
i37-metric3dv2-unspecified,Metric3D,v2 backbone unspecified DA3/UniDepth comparisons,monocular_metric,single_RGB_with_supplied_intrinsics,metric_depth,GT camera for metric conversion,unknown,paper_evaluation_identity,https://arxiv.org/html/2511.10647v1,2511.10647v1,unknown,unknown,unknown,unknown,unknown,Paper identity retained separately; no exact evaluated weight hash disclosed.,Do not equate this paper row with project adapter settings or exact selected asset.
i37-da3-metric-paper,Depth Anything 3,DA3-metric final paper row,monocular_metric,single_RGB_with_supplied_intrinsics,metric_depth,canonical focal conversion,unknown,paper_evaluation_identity,https://arxiv.org/html/2511.10647v1,2511.10647v1,unknown,unknown,unknown,unknown,unknown,Paper identity retained separately; no exact evaluated weight hash disclosed.,Do not equate this paper row with project adapter settings or exact selected asset.
i37-metric3dv2-vitl-paper,Metric3D,v2 ViT-L CSTM_label ZS paper,monocular_metric,single_RGB_with_supplied_intrinsics,metric_depth,GT camera,unknown,paper_evaluation_identity,https://arxiv.org/html/2404.15506v4,2404.15506v4,unknown,unknown,unknown,unknown,unknown,Paper identity retained separately; no exact evaluated weight hash disclosed.,Do not equate this paper row with project adapter settings or exact selected asset.
i37-metric3dv2-giant,Metric3D,v2 giant in Depth Pro evaluation,monocular_metric,single_RGB_with_supplied_intrinsics,metric_depth,GT camera; domain-specific crop,unknown,paper_evaluation_identity,https://arxiv.org/html/2410.02073v2,2410.02073v2,unknown,unknown,unknown,unknown,unknown,Paper identity retained separately; no exact evaluated weight hash disclosed.,Do not equate this paper row with project adapter settings or exact selected asset.
i37-unidepth-v1-vitl,UniDepth,V1 ViT-L in Depth Pro evaluation,monocular_metric,single_RGB,metric_depth,camera prediction; evaluation EXIF handling noted,unknown,paper_evaluation_identity,https://arxiv.org/html/2410.02073v2,2410.02073v2,unknown,unknown,unknown,unknown,unknown,Paper identity retained separately; no exact evaluated weight hash disclosed.,Do not equate this paper row with project adapter settings or exact selected asset.
i37-depth-pro-paper,Depth Pro,native paper model; camera handling evaluator-dependent,monocular_metric,single_RGB_optional_focal,metric_depth,predicted or metadata focal; not project supplied-K mode,unknown,paper_evaluation_identity,https://arxiv.org/html/2410.02073v2,2410.02073v2,unknown,unknown,unknown,unknown,unknown,Paper identity retained separately; no exact evaluated weight hash disclosed.,Do not equate this paper row with project adapter settings or exact selected asset.
i37-unidepth-v2-vitl-moge2,UniDepth,V2 ViT-L in MoGe-2 evaluation,monocular_metric,single_RGB_with_GT_intrinsics,metric_depth,GT camera,unknown,paper_evaluation_identity,https://arxiv.org/html/2507.02546v1,2507.02546v1,unknown,unknown,unknown,unknown,unknown,MoGe-2 Appendix A.2 identifies the ViT-L backbone; exact evaluated code revision and weight asset/hash are unspecified.,Architectural relation to i37-d1 only; does not inherit its selected code or weight artifact. MoGe-2 Table B.4 metric-depth evaluation with GT intrinsics; no alignment or added clamp per Appendix A.3.
i37-metric3dv2-vitl-moge2,Metric3D,v2 ViT-L in MoGe-2 evaluation,monocular_metric,single_RGB_with_GT_intrinsics,metric_depth,GT camera,unknown,paper_evaluation_identity,https://arxiv.org/html/2507.02546v1,2507.02546v1,unknown,unknown,unknown,unknown,unknown,MoGe-2 Appendix A.2 identifies the ViT-L backbone; exact evaluated code revision and weight asset/hash are unspecified.,Architectural relation to i37-d3 only; does not inherit its selected code or weight artifact. MoGe-2 Table B.4 metric-depth evaluation with GT intrinsics; no alignment or added clamp per Appendix A.3.
i37-lead-moge2,MoGe,MoGe-2,monocular_metric,unknown,unknown,unknown,unknown,discovery_lead_handed_to_category,https://arxiv.org/html/2507.02546v1,2507.02546v1,https://github.com/microsoft/MoGe,unknown,unknown,unknown,unknown,not_applicable,Discovery only; no commercial or checkpoint claims. See search log disposition; not a fully audited candidate in this section.
i37-lead-zoedepth,ZoeDepth,ZoeD-M12-NK,monocular_metric,unknown,unknown,unknown,unknown,discovery_lead_handed_to_category,https://arxiv.org/html/2302.12288v1,2302.12288v1,https://github.com/isl-org/ZoeDepth,unknown,unknown,unknown,unknown,not_applicable,Discovery only; no commercial or checkpoint claims. See search log disposition; not a fully audited candidate in this section.
i37-lead-zerodepth,ZeroDepth,ZeroDepth,monocular_metric,unknown,unknown,unknown,unknown,discovery_lead_handed_to_category,https://arxiv.org/abs/2306.17253,2306.17253,https://github.com/TRI-ML/vidar,unknown,unknown,unknown,unknown,not_applicable,Discovery only; no commercial or checkpoint claims. See search log disposition; not a fully audited candidate in this section.
i37-lead-marigold,Marigold,original / journal extension,relative_diffusion,unknown,unknown,unknown,unknown,discovery_lead_handed_to_category,https://arxiv.org/abs/2505.09358v1,2505.09358v1,https://github.com/prs-eth/Marigold,unknown,unknown,unknown,unknown,not_applicable,Discovery only; no commercial or checkpoint claims. See search log disposition; not a fully audited candidate in this section.
i37-lead-marigold-v2,Marigold,V2,relative_diffusion,unknown,unknown,unknown,unknown,discovery_lead_handed_to_category,https://arxiv.org/abs/2609.08084,2609.08084,https://github.com/huawei-bayerlab/marigold-v2,unknown,unknown,unknown,unknown,not_applicable,Discovery only; no commercial or checkpoint claims. See search log disposition; not a fully audited candidate in this section.
i37-lead-depthcrafter,DepthCrafter,original,video,unknown,unknown,unknown,unknown,discovery_lead_handed_to_category,https://arxiv.org/abs/2409.02095v2,2409.02095v2,https://github.com/Tencent/DepthCrafter,unknown,unknown,unknown,unknown,not_applicable,Discovery only; no commercial or checkpoint claims. See search log disposition; not a fully audited candidate in this section.
i37-lead-gemdepth,GemDepth,ICML 2026,video,unknown,unknown,unknown,unknown,discovery_lead_handed_to_category,unknown,unknown,https://github.com/Yuecheng919/GemDepth,unknown,unknown,unknown,unknown,not_applicable,Discovery only; no commercial or checkpoint claims. See search log disposition; not a fully audited candidate in this section.
i37-lead-dvd,DVD,Deterministic Video Depth,video,unknown,unknown,unknown,unknown,discovery_lead_handed_to_category,unknown,unknown,https://github.com/EnVision-Research/DVD,unknown,unknown,unknown,unknown,not_applicable,Discovery only; no commercial or checkpoint claims. See search log disposition; not a fully audited candidate in this section.
i37-lead-vggt,VGGT,original,multi_view,unknown,unknown,unknown,unknown,discovery_lead_handed_to_category,https://arxiv.org/abs/2503.11651v1,2503.11651v1,https://github.com/facebookresearch/vggt,unknown,unknown,unknown,unknown,not_applicable,Discovery only; no commercial or checkpoint claims. See search log disposition; not a fully audited candidate in this section.
i37-lead-mapanything,MapAnything,original,multi_view,unknown,unknown,unknown,unknown,discovery_lead_handed_to_category,unknown,unknown,https://github.com/facebookresearch/map-anything,unknown,unknown,unknown,unknown,not_applicable,Discovery only; no commercial or checkpoint claims. See search log disposition; not a fully audited candidate in this section.
i37-lead-patchfusion,PatchFusion,original,high_resolution,unknown,unknown,unknown,unknown,discovery_lead_handed_to_category,https://arxiv.org/abs/2312.02284v1,2312.02284v1,unknown,unknown,unknown,unknown,unknown,not_applicable,Discovery only; no commercial or checkpoint claims. See search log disposition; not a fully audited candidate in this section.
i37-lead-patchrefiner,PatchRefiner,original,high_resolution,unknown,unknown,unknown,unknown,discovery_lead_handed_to_category,unknown,unknown,unknown,unknown,unknown,unknown,unknown,not_applicable,Discovery only; no commercial or checkpoint claims. See search log disposition; not a fully audited candidate in this section.
i37-lead-depthfm,DepthFM,original,relative_diffusion,unknown,unknown,unknown,unknown,discovery_lead_handed_to_category,unknown,unknown,https://depthfm.github.io/,unknown,unknown,unknown,unknown,not_applicable,Discovery only; no commercial or checkpoint claims. See search log disposition; not a fully audited candidate in this section.
i37-lead-midas,MiDaS,family,relative,unknown,unknown,unknown,unknown,discovery_lead_handed_to_category,unknown,unknown,https://github.com/isl-org/MiDaS,unknown,unknown,unknown,unknown,not_applicable,Discovery only; no commercial or checkpoint claims. See search log disposition; not a fully audited candidate in this section.
i37-lead-dav2-small,Depth Anything,V2 Small HF conversion,efficient_relative,unknown,unknown,unknown,unknown,discovery_lead_handed_to_category,unknown,unknown,https://github.com/DepthAnything/Depth-Anything-V2,unknown,unknown,unknown,unknown,not_applicable,Discovery only; no commercial or checkpoint claims. See search log disposition; not a fully audited candidate in this section.
i37-lead-newcrfs,NeWCRFs,original,monocular_metric,unknown,unknown,unknown,unknown,discovery_lead_handed_to_category,https://arxiv.org/abs/2203.01502,2203.01502,https://github.com/aliyun/NeWCRFs,unknown,unknown,unknown,unknown,not_applicable,Discovery only; no commercial or checkpoint claims. See search log disposition; not a fully audited candidate in this section.
i37-lead-geomvsnet,GeoMVSNet,original,multi_view,unknown,unknown,unknown,unknown,discovery_lead_handed_to_category,unknown,unknown,unknown,unknown,unknown,unknown,unknown,not_applicable,Discovery only; no commercial or checkpoint claims. See search log disposition; not a fully audited candidate in this section.
i37-lead-md4all,md4all,robust adverse conditions,robustness,unknown,unknown,unknown,unknown,discovery_lead_handed_to_category,unknown,unknown,https://md4all.github.io/,unknown,unknown,unknown,unknown,not_applicable,Discovery only; no commercial or checkpoint claims. See search log disposition; not a fully audited candidate in this section.
i37-lead-nvds,NVDS,Neural Video Depth Stabilizer,video,unknown,unknown,unknown,unknown,discovery_lead_handed_to_category,unknown,unknown,https://github.com/RaymondWang987/NVDS,unknown,unknown,unknown,unknown,not_applicable,Discovery only; no commercial or checkpoint claims. See search log disposition; not a fully audited candidate in this section.
i38-moge2-vitl,MoGe,MoGe-2 ViT-L predicted camera,monocular metric,single RGB,metric OpenCV camera point map; depth is camera-z; no normal-head claim for original checkpoint,predicts focal/FoV; centered pinhole reconstruction,326M paper full ViT-L; normal release parameter count not independently checked,released; public HF model.pt listed,https://arxiv.org/html/2507.02546v1,2507.02546v1; 2025-07-03,https://github.com/microsoft/MoGe,74fbce054ebed49800de42d0ad0e83495065719a,https://huggingface.co/Ruicheng/moge-2-vitl,39c4d5e957afe587e04eec59dc2bcc3be5ecd968,PyTorch; DINOv2; current repository uses uv; version-specific optional dependencies,normal-head release is a separate artifact; no assumption that every paper baseline uses it; paper ablations use ViT-B,"Paper Sec 2 explicitly defines depth as z-channel. HF/code revisions checked via metadata, not weight execution. Base HF lastModified 2025-06-10; normal 2026-09-02. Same family and weights for FoV mode."
i38-moge2-vitl-fov,MoGe,MoGe-2 ViT-L supplied FoV,monocular metric,single RGB,metric OpenCV camera point map; depth is camera-z; no normal-head claim for original checkpoint,known horizontal FoV; not general full distorted-camera intrinsics,326M paper full ViT-L; normal release parameter count not independently checked,released; public HF model.pt listed,https://arxiv.org/html/2507.02546v1,2507.02546v1; 2025-07-03,https://github.com/microsoft/MoGe,74fbce054ebed49800de42d0ad0e83495065719a,https://huggingface.co/Ruicheng/moge-2-vitl,39c4d5e957afe587e04eec59dc2bcc3be5ecd968,PyTorch; DINOv2; current repository uses uv; version-specific optional dependencies,normal-head release is a separate artifact; no assumption that every paper baseline uses it; paper ablations use ViT-B,"Paper Sec 2 explicitly defines depth as z-channel. HF/code revisions checked via metadata, not weight execution. Base HF lastModified 2025-06-10; normal 2026-09-02. Same family and weights for FoV mode."
i38-moge2-vitl-normal,MoGe,MoGe-2 ViT-L normal release,monocular metric,single RGB,metric OpenCV camera point map; depth is camera-z; optional normals,predicted camera; optional known horizontal FoV,326M paper full ViT-L; normal release parameter count not independently checked,released; public HF model.pt listed,https://arxiv.org/html/2507.02546v1,2507.02546v1; 2025-07-03,https://github.com/microsoft/MoGe,74fbce054ebed49800de42d0ad0e83495065719a,https://huggingface.co/Ruicheng/moge-2-vitl-normal,cb0e8bbd6b1e243589717c78e750b1ba4c093acf,PyTorch; DINOv2; current repository uses uv; version-specific optional dependencies,normal-head release is a separate artifact; no assumption that every paper baseline uses it; paper ablations use ViT-B,"Paper Sec 2 explicitly defines depth as z-channel. HF/code revisions checked via metadata, not weight execution. Base HF lastModified 2025-06-10; normal 2026-09-02. Same family and weights for FoV mode."
i38-moge3-vitl,MoGe,MoGe-3 ViT-L; 3 SSR iterations,monocular metric,single RGB,metric camera point map and camera-z depth; normals; predicted camera,RGB-only predicted camera; optional FoV in repository,unknown,released; public model.pt listed; HF lastModified 2026-09-02,https://arxiv.org/html/2607.17967v2,2607.17967v2; 2026-07-21,https://github.com/microsoft/MoGe,74fbce054ebed49800de42d0ad0e83495065719a,https://huggingface.co/Ruicheng/moge-3-vitl,184008f877d7ad1ad4c2cd2182a9bd1f63d0e5be,PyTorch; DINOv2; sparse convolution backend required for v3; README offers CUDA-specific extras,paper promises future release; by cutoff official repository and both checkpoints exist; no byte-identical paper checkpoint attestation,Same MoGe lineage; sparse volumetric refiner and jointly tuned base distinguish from v2. Step-0 ablation is not the shipped 3-step evaluation.
i38-moge3-vitg,MoGe,MoGe-3 ViT-G; 3 SSR iterations,monocular metric,single RGB,metric camera point map and camera-z depth; normals; predicted camera,RGB-only predicted camera; optional FoV in repository,unknown,released; public model.pt listed; HF lastModified 2026-09-02,https://arxiv.org/html/2607.17967v2,2607.17967v2; 2026-07-21,https://github.com/microsoft/MoGe,74fbce054ebed49800de42d0ad0e83495065719a,https://huggingface.co/Ruicheng/moge-3-vitg,6ef26c5a4b4148dab5ccaacdb08b72dc66380475,PyTorch; DINOv2; sparse convolution backend required for v3; README offers CUDA-specific extras,paper promises future release; by cutoff official repository and both checkpoints exist; no byte-identical paper checkpoint attestation,Same MoGe lineage; sparse volumetric refiner and jointly tuned base distinguish from v2. Step-0 ablation is not the shipped 3-step evaluation.
i38-zoedepth-m12-n,ZoeDepth,ZoeD-M12-N,monocular metric,single RGB,metric depth; NYU/KITTI camera-z convention; no inferred camera,no external intrinsics input in official infer API,unknown,released; GitHub v1.0 asset ZoeD_M12_N.pt listed,https://arxiv.org/html/2302.12288v1,2302.12288v1; 2023-02-23,https://github.com/isl-org/ZoeDepth,d87f17b2f5fdcb174cf4fb115491f4a6c60de152,https://github.com/isl-org/ZoeDepth/releases/download/v1.0/ZoeD_M12_N.pt,v1.0; asset name exact; file digest unknown,official environment.yml; torch hub; MiDaS/BEiT backbone,N and K are domain-specific single heads; NK has routing and two heads; distinct training variants,"Exact asset https://github.com/isl-org/ZoeDepth/releases/download/v1.0/ZoeD_M12_N.pt ; release 2023-02-27. Release tag v1.0; no content hash inspected. NYU and KITTI are training data, not zero-shot tests."
i38-zoedepth-m12-k,ZoeDepth,ZoeD-M12-K,monocular metric,single RGB,metric depth; NYU/KITTI camera-z convention; no inferred camera,no external intrinsics input in official infer API,unknown,released; GitHub v1.0 asset ZoeD_M12_K.pt listed,https://arxiv.org/html/2302.12288v1,2302.12288v1; 2023-02-23,https://github.com/isl-org/ZoeDepth,d87f17b2f5fdcb174cf4fb115491f4a6c60de152,https://github.com/isl-org/ZoeDepth/releases/download/v1.0/ZoeD_M12_K.pt,v1.0; asset name exact; file digest unknown,official environment.yml; torch hub; MiDaS/BEiT backbone,N and K are domain-specific single heads; NK has routing and two heads; distinct training variants,"Exact asset https://github.com/isl-org/ZoeDepth/releases/download/v1.0/ZoeD_M12_K.pt ; release 2023-02-27. Release tag v1.0; no content hash inspected. NYU and KITTI are training data, not zero-shot tests."
i38-zoedepth-m12-nk,ZoeDepth,ZoeD-M12-NK,monocular metric,single RGB,metric depth; NYU/KITTI camera-z convention; no inferred camera,no external intrinsics input in official infer API,unknown,released; GitHub v1.0 asset ZoeD_M12_NK.pt listed,https://arxiv.org/html/2302.12288v1,2302.12288v1; 2023-02-23,https://github.com/isl-org/ZoeDepth,d87f17b2f5fdcb174cf4fb115491f4a6c60de152,https://github.com/isl-org/ZoeDepth/releases/download/v1.0/ZoeD_M12_NK.pt,v1.0; asset name exact; file digest unknown,official environment.yml; torch hub; MiDaS/BEiT backbone,N and K are domain-specific single heads; NK has routing and two heads; distinct training variants,"Exact asset https://github.com/isl-org/ZoeDepth/releases/download/v1.0/ZoeD_M12_NK.pt ; release 2023-02-27. Release tag v1.0; no content hash inspected. NYU and KITTI are training data, not zero-shot tests."
i38-unik3d-vitl,UniK3D,ViT-L predicted rays,monocular metric,single RGB,metric Euclidean radial distance and unit rays; camera-coordinate point map; do not substitute radial distance for camera-z,predicts general camera rays; accepts full camera model/rays in separate optional mode,unknown,released; public safetensors and pytorch_model.bin listed,https://arxiv.org/html/2503.16591v1,2503.16591v1; 2025-03-20,https://github.com/lpiccinelli-eth/UniK3D,29f7862f3c3ee79c53ef0153dfc901ce511df575,https://huggingface.co/lpiccinelli/unik3d-vitl,008aa54308b8bc142f74c9c7b098833aaede06bd,Linux; Python 3.10+; CUDA 11.8+ recommended by README,small/base/large releases; only large retained for detailed comparison; supplied-ray mode is not inferred-ray results,Paper Sec 3.1 and README input modes. HF card has no license field.
i38-dac-swinl-indoor,DAC,Swin-L indoor,monocular metric,single RGB,Euclidean ray distance in ERP representation; convert to z using rays for pinhole workflow,full camera calibration/model for image-to-ERP transform,unknown,released; dac_swinl_indoor.pt listed,https://arxiv.org/html/2501.02464v2,2501.02464v2,https://github.com/yuliangguo/depth_any_camera,371ee299429257bb9a27d1e23b7dc53670e37023,https://huggingface.co/yuliangguo/depth-any-camera,06560ec524cfaf867dc097012543dd0e152a36c1,Python 3.9; PyTorch; ERP transforms,separate indoor/outdoor and ResNet101 releases; not the unified DAC-U retraining in UniDAC paper,Exact HF file dac_swinl_indoor.pt . Paper Sec 5.1 specifies radial output. No universal one-model claim.
i38-dac-swinl-outdoor,DAC,Swin-L outdoor,monocular metric,single RGB,Euclidean ray distance in ERP representation; convert to z using rays for pinhole workflow,full camera calibration/model for image-to-ERP transform,unknown,released; dac_swinl_outdoor.pt listed,https://arxiv.org/html/2501.02464v2,2501.02464v2,https://github.com/yuliangguo/depth_any_camera,371ee299429257bb9a27d1e23b7dc53670e37023,https://huggingface.co/yuliangguo/depth-any-camera,06560ec524cfaf867dc097012543dd0e152a36c1,Python 3.9; PyTorch; ERP transforms,separate indoor/outdoor and ResNet101 releases; not the unified DAC-U retraining in UniDAC paper,Exact HF file dac_swinl_outdoor.pt . Paper Sec 5.1 specifies radial output. No universal one-model claim.
i38-dac-unified-swinl,DAC,DAC-U Swin-L retrained by UniDAC authors,monocular metric,single RGB,ERP radial metric depth,full intrinsics/camera model for ERP,unknown,paper baseline; exact retrained checkpoint not found in UniDAC HF listing,https://arxiv.org/html/2603.27105v1,2603.27105v1; 2026-03-28,https://github.com/girish1511/UniDAC,9ddfc1f4cea68e08273ec9bca037f2ef9e1aa90e,unknown,unknown,UniDAC paper training setup,not an original DAC released checkpoint; paper Sec 5.1 explicitly says authors trained it,Training-set size values differ within UniDAC paper; do not treat table Dataset Size as parameter count.
i38-unidac-vitl-gt,UniDAC,ViT-L; gt camera; full mixture including A2D2,monocular metric,single RGB,metric ERP depth/radial range following DAC representation; derive camera-z from rays,known full camera model,unknown,released unidac.pt; public HF listing; unknown-camera demo added 2026-05-27,https://arxiv.org/html/2603.27105v1,2603.27105v1; 2026-03-28,https://github.com/girish1511/UniDAC,9ddfc1f4cea68e08273ec9bca037f2ef9e1aa90e,https://huggingface.co/girish1511/UniDAC,97339d315fb2eab216586fee9a213de5ed20ba95,Python 3.10.18; PyTorch; DINOv3; AnyCalib needed only for predicted-camera route,HF card lacks experiment/config description; exact mapping of checkpoint to all Table 7 training variants unresolved,Paper Tables 1/8 and Sec 5.1 give inconsistent training-image totals; preserve as source discrepancy. Supplied-camera and predicted-camera results must be separate.
i38-unidac-vitl-predicted,UniDAC,ViT-L; predicted camera; full mixture including A2D2,monocular metric,single RGB,metric ERP depth/radial range following DAC representation; derive camera-z from rays,AnyCalib predicted intrinsics; UCM-to-MEI approximation for KITTI-360,unknown,released unidac.pt; public HF listing; unknown-camera demo added 2026-05-27,https://arxiv.org/html/2603.27105v1,2603.27105v1; 2026-03-28,https://github.com/girish1511/UniDAC,9ddfc1f4cea68e08273ec9bca037f2ef9e1aa90e,https://huggingface.co/girish1511/UniDAC,97339d315fb2eab216586fee9a213de5ed20ba95,Python 3.10.18; PyTorch; DINOv3; AnyCalib needed only for predicted-camera route,HF card lacks experiment/config description; exact mapping of checkpoint to all Table 7 training variants unresolved,Paper Tables 1/8 and Sec 5.1 give inconsistent training-image totals; preserve as source discrepancy. Supplied-camera and predicted-camera results must be separate.
i38-metricanything-depthmap,MetricAnything,Student-depthmap,monocular metric,single RGB,"metric depth; paper Sec 4.2.1 calls ray distance, release implements focal-scaled canonical inverse depth; z/range contract unresolved",focal length in pixels; CLI JSON fx/manual override; width fallback; direct infer default differs,876.66M official release README,released public student_depthmap.pt listed,https://arxiv.org/html/2601.22054v1,2601.22054v1; 2026-01-29,https://github.com/metric-anything/metric-anything,616a5e6762f5fc40d1a4ef990fee04c800532f59,https://huggingface.co/yjh001/metricanything_student_depthmap,cae9b4eb052e827048c9b385366c6d0dce83fb01,PyTorch; student-specific requirements; depth code acknowledges Depth Pro; point code uses MoGe-2,separate distillation architectures; PointMap explicitly fine-tuned MoGe-2; not a new independent point architecture,Depth CLI fallback is image width but direct infer f_px=None uses 1000; never characterize fallback as camera estimation. Teacher needs sparse metric input and is not this RGB student.
i38-metricanything-pointmap,MetricAnything,Student-pointmap,monocular metric,single RGB,metric OpenCV point map; depth z-channel via MoGe-2,RGB-only predicted intrinsics; MoGe-2-derived,326M official release README,released public student_pointmap.pt listed,https://arxiv.org/html/2601.22054v1,2601.22054v1; 2026-01-29,https://github.com/metric-anything/metric-anything,616a5e6762f5fc40d1a4ef990fee04c800532f59,https://huggingface.co/yjh001/metricanything_student_pointmap,8f1f08c53c683d4e19864601dfaf78515f29a63b,PyTorch; student-specific requirements; depth code acknowledges Depth Pro; point code uses MoGe-2,separate distillation architectures; PointMap explicitly fine-tuned MoGe-2; not a new independent point architecture,Depth CLI fallback is image width but direct infer f_px=None uses 1000; never characterize fallback as camera estimation. Teacher needs sparse metric input and is not this RGB student.
i38-metricanything-teacher,MetricAnything,prompted teacher,monocular metric,single RGB,metric depth with sparse metric conditioning,RGB plus sparse depth,unknown,TBD/coming soon in official README; no public teacher checkpoint verified,https://arxiv.org/html/2601.22054v1,2601.22054v1; 2026-01-29,https://github.com/metric-anything/metric-anything,616a5e6762f5fc40d1a4ef990fee04c800532f59,unknown,unknown,unknown,paper pretraining/completion results not student results,Sensor-dependent cross-category exclusion; no numerical teacher result included.
i38-moge2-aerial,MoGe,MoGe2-Aerial LoRA adaptation,monocular metric,single RGB,metric point map and camera-z depth inherited from MoGe-2,predicted or supplied FoV; only predicted-camera observations retained here,unknown,official README links MoGe2-Aerial checkpoint; weight bytes not downloaded,https://arxiv.org/html/2606.29716v1,2606.29716v1; 2026-06-29,https://github.com/kuieless/AerialMetric,2ec0e6c6d252796ab3b454ebecf60ab53df87fd3,https://huggingface.co/datasets/Kuiee/AerialMetric-ECCV2026,unknown,Python 3.10; MoGe2; PyTorch,aerial fine-tuning changes training distribution; not a new independent model family,README checkpoint link and licensing checked; adaptation uses Oblique training plus synthetic and ground-domain data. Do not equate aerial test improvement with Basketball improvement. Official README baseline specifically links moge-2-vitl-normal.
i38-zerodepth-unified,ZeroDepth,unified official hub checkpoint,monocular metric,single RGB,metric depth; exact z/radial contract not inspected,RGB plus full 3x3 intrinsics,unknown,released hubconf.py points to ZeroDepth_unified.ckpt; binary access not probed,https://arxiv.org/abs/2306.17253,2306.17253; paper version for benchmark extraction not used,https://github.com/TRI-ML/vidar,unknown,https://tri-ml-public.s3.amazonaws.com/github/vidar/models/ZeroDepth_unified.ckpt,unknown,VIDAR/PyTorch,older geometric-embedding baseline; no local measurement; exact code pin not collected,Official asset https://tri-ml-public.s3.amazonaws.com/github/vidar/models/ZeroDepth_unified.ckpt; useful full-intrinsics comparator but code NC and separate weight terms unresolved.
i38-dmd-fov,DMD,FoV-conditioned diffusion,monocular metric,single RGB,metric depth; exact z/range convention not inspected,FoV conditioning,unknown,paper/project available; exact official usable weights not identified in inspected project page,https://arxiv.org/html/2312.13252v1,2312.13252v1; 2023-12-20,unknown,unknown,unknown,unknown,unknown,"not Marigold; metric-conditioned diffusion; retained as research lead, not install-ready shortlist",https://diffusion-vision.github.io/dmd/ ; cross-category relative/diffusion section lead. No numerical claims imported.
i38-sm4depth,SM4Depth,Swin variant; exact checkpoint unresolved,monocular metric,single RGB,metric depth; exact z/range convention unresolved,multi-camera metric method; exact API not inspected,unknown,paper-linked mRobotit fork README still says code coming soon while describing inference; exact usable artifact unresolved,https://arxiv.org/abs/2403.08556v2,2403.08556v2; 2024-08-15,https://github.com/1hao-Liu/SM4Depth,unknown,unknown,unknown,README suggests Python 3.8; legacy PyTorch,paper-linked repository is a fork of 1hao-Liu; not counted twice,https://github.com/mRobotit/SM4Depth ; screened older alternative; release ambiguity limits immediate shortlist; no extracted score.
i38-unidepthv2-vitl-reference,UniDepth,V2-L reference from AerialMetric,monocular metric,single RGB,metric depth with predicted camera,RGB-only mode used here,unknown,reference D1 family; detailed release/license audit owned by issue 37,https://arxiv.org/abs/2502.20110,baseline identity from AerialMetric 2606.29716v1 Sec 4.1,https://github.com/lpiccinelli-eth/UniDepth,unknown,unknown,unknown,unknown,AerialMetric explicitly identifies V2-L; do not import other paper protocols,Included only to make independent benchmark comparison resolvable; no additional family count.
i39-dav2-small,Depth Anything V2,ViT-S relative student,monocular_relative,single_RGB,affine-invariant inverse depth,none for relative inference,unknown,released_public,https://arxiv.org/html/2406.09414v2,2406.09414v2,https://github.com/DepthAnything/Depth-Anything-V2,a561b849ebae10a6f5ef49e26c83cbbcd36c71bf,https://huggingface.co/depth-anything/Depth-Anything-V2-Small,03876f8651c73a60fe4c2c48294e09fcb6838fcf,Python; PyTorch; see pinned official README; no installation verified,unknown,Commercial shortlist. Metric fine-tunes are different releases. Code snapshot commit date 2026-03-24. HF repository created 2024-06-13; snapshot modified 2024-07-08; gated=false. Repository creation is not proof of public weight first-release date.
i39-dav2-large,Depth Anything V2,ViT-L relative student,monocular_relative,single_RGB,affine-invariant inverse depth,none for relative inference,unknown,released_public,https://arxiv.org/html/2406.09414v2,2406.09414v2,https://github.com/DepthAnything/Depth-Anything-V2,a561b849ebae10a6f5ef49e26c83cbbcd36c71bf,https://huggingface.co/depth-anything/Depth-Anything-V2-Large,cbbb86a30ce19b5684b7a05155dc7e6cbc7685b9,Python; PyTorch; see pinned official README; no installation verified,unknown,Research comparison; NC weights. DA-2K original author measurements. Code snapshot commit date 2026-03-24. HF repository created 2024-06-13; snapshot modified 2024-07-08; gated=false. Repository creation is not proof of public weight first-release date.
i39-dav2-large-hf,Depth Anything V2,ViT-L Hugging Face Transformers conversion,monocular_relative,single_RGB,affine-invariant inverse depth,none for relative inference,unknown,released_public,https://arxiv.org/html/2406.09414v2,2406.09414v2,https://github.com/DepthAnything/Depth-Anything-V2,a561b849ebae10a6f5ef49e26c83cbbcd36c71bf,https://huggingface.co/depth-anything/Depth-Anything-V2-Large-hf,7581137eff8d4e94f6e796d3baea0e9fa79b22d2,Python; PyTorch; see pinned official README; no installation verified,Official README notes OpenCV versus Pillow upsampling differences.,MDEC2025 explicitly uses this conversion. Do not equate numerical outputs with original implementation. Code snapshot commit date 2026-03-24. HF repository created 2024-06-20; snapshot modified 2024-07-05; gated=false. Repository creation is not proof of public weight first-release date.
i39-dav2-giant,Depth Anything V2,ViT-G relative student,monocular_relative,single_RGB,affine-invariant inverse depth,none for relative inference,unknown,paper_results_no_verified_public_weights,https://arxiv.org/html/2406.09414v2,2406.09414v2,https://github.com/DepthAnything/Depth-Anything-V2,a561b849ebae10a6f5ef49e26c83cbbcd36c71bf,unknown,unknown,Python; PyTorch; see pinned official README; no installation verified,unknown,Pinned official README still says Coming soon. Unverified endpoint is not evidence of a gated release. Code snapshot commit date 2026-03-24.
i39-dav2-metric-hypersim-large,Depth Anything V2,ViT-L Hypersim metric fine-tune,monocular_relative,single_RGB,metric depth,none for relative inference,unknown,screened_metric_cross_reference,https://arxiv.org/html/2406.09414v2,2406.09414v2,https://github.com/DepthAnything/Depth-Anything-V2,a561b849ebae10a6f5ef49e26c83cbbcd36c71bf,unknown,unknown,Python; PyTorch; see pinned official README; no installation verified,unknown,Separate from relative student; metric category owns detailed audit. No relative score assigned. Code snapshot commit date 2026-03-24.
i39-marigold-v1-0,Marigold,depth-v1-0,monocular_relative,single_RGB,affine-invariant linear camera-z depth,none for relative inference,unknown,released_public,https://arxiv.org/html/2505.09358v1,2505.09358v1,https://github.com/prs-eth/Marigold,2bfbdeae5d10a50b71f1ba20c865d46e480f6010,https://huggingface.co/prs-eth/marigold-depth-v1-0,f4fc453d7d217cbe30ddcad3eb311d1ad9a11c4c,README tested Ubuntu22.04; Python3.10.12; CUDA11.7; RTX3090; requirements.txt; no local validation,unknown,Original paper arXiv:2312.02145v2 (2024-04-03); extension published 2025-05-14. Historic and MDEC baseline. Code snapshot commit date 2026-09-06. HF repository created 2023-12-05; snapshot modified 2025-05-20; gated=false. Repository creation is not proof of public weight first-release date.
i39-marigold-v1-1,Marigold,depth-v1-1 standard VAE,monocular_relative,single_RGB,affine-invariant linear camera-z depth,none for relative inference,unknown,released_public,https://arxiv.org/html/2505.09358v1,2505.09358v1,https://github.com/prs-eth/Marigold,2bfbdeae5d10a50b71f1ba20c865d46e480f6010,https://huggingface.co/prs-eth/marigold-depth-v1-1,9571e7123e258cf052b4e54241f17971c290e9a8,README tested Ubuntu22.04; Python3.10.12; CUDA11.7; RTX3090; requirements.txt; no local validation,v1.1 changes augmentation and scheduler; not the CVPR2024 v1.0 checkpoint.,LCM-compatible release; inference ensemble and steps must accompany scores. Code snapshot commit date 2026-09-06. HF repository created 2024-12-12; snapshot modified 2025-05-20; gated=false. Repository creation is not proof of public weight first-release date.
i39-marigold-v2-log-stage2,Marigold V2,depth/Log-stage2,monocular_relative,single_RGB,affine-invariant log depth,none for relative inference,unknown,released_public,https://arxiv.org/html/2609.08084v1,2609.08084v1,https://github.com/huawei-bayerlab/marigold-v2,bf21e4ad9fb0ae1376bbfb2ec79e999802f19a85,https://huggingface.co/huawei-bayerlab/marigold-v2-0,cdf9810fb690886391a63aec012b5f501064fb0d,Linux; Python3.10; CUDA GPU; setup CUDA12.8 wheels; first-load 4-bit quantization; no local validation,Official default corresponds to Stage2 log-depth paper model; repository snapshot is not artifact hash.,2026-09-08 preprint within cutoff; Qwen-Image-Edit-2509 frozen base plus adapters and tuned decoder. Default Stage2; Uniform-base and Disparity-base are ablations. Code snapshot commit date 2026-09-29. HF repository created 2026-08-27; snapshot modified 2026-09-13; gated=false. Repository creation is not proof of public weight first-release date.
i39-lotus-d-disparity,Lotus,lotus-depth-d-v2-0-disparity,monocular_relative,single_RGB,affine-invariant disparity/inverse depth,none for relative inference,unknown,released_public,https://arxiv.org/html/2409.18124v5,2409.18124v5,https://github.com/EnVision-Research/Lotus,b737e12238d2a41fc582ee8c6c6b1104d318d799,https://huggingface.co/jingheya/lotus-depth-d-v2-0-disparity,10b3e82cbb999274f69982d518d5abfdbe5f7fe8,README tested Ubuntu20.04; Python3.10; CUDA12.3; A800-SXM4-80GB (not minimum claim),Card names disparity release; old d-v1-1 was depth space. Exact release-to-table checkpoint hash unreported.,Deterministic; final paper v5 differs from v2 draft scores. Code snapshot commit date 2025-11-28. HF repository created 2024-11-13; snapshot modified 2025-03-31; gated=false. Repository creation is not proof of public weight first-release date.
i39-lotus-g-disparity,Lotus,lotus-depth-g-v2-1-disparity,monocular_relative,single_RGB,affine-invariant disparity/inverse depth,none for relative inference,unknown,released_public,https://arxiv.org/html/2409.18124v5,2409.18124v5,https://github.com/EnVision-Research/Lotus,b737e12238d2a41fc582ee8c6c6b1104d318d799,https://huggingface.co/jingheya/lotus-depth-g-v2-1-disparity,5a6f234319ae90f4bdf1b2d326a575e2715eb40d,README tested Ubuntu20.04; Python3.10; CUDA12.3; A800-SXM4-80GB (not minimum claim),Current release v2-1 not pinned in paper; paper row mapped by named family/mode only.,Stochastic one-step; uncertainty samples do not establish video stability. Code snapshot commit date 2025-11-28. HF repository created 2025-01-16; snapshot modified 2025-03-31; gated=false. Repository creation is not proof of public weight first-release date.
i39-lotus-d-depth-old,Lotus,lotus-depth-d-v1-1,monocular_relative,single_RGB,affine-invariant linear depth,none for relative inference,unknown,released_public,https://arxiv.org/html/2409.18124v5,2409.18124v5,https://github.com/EnVision-Research/Lotus,b737e12238d2a41fc582ee8c6c6b1104d318d799,https://huggingface.co/jingheya/lotus-depth-d-v1-1,18f3f52f495ac63934a7c07f4286fce663fbadf4,README tested Ubuntu20.04; Python3.10; CUDA12.3; A800-SXM4-80GB (not minimum claim),unknown,Screened legacy checkpoint; do not substitute for final disparity model. Code snapshot commit date 2025-11-28. HF repository created 2024-10-06; snapshot modified 2024-10-06; gated=false. Repository creation is not proof of public weight first-release date.
i39-lotus2,Lotus-2,depth core predictor plus detail sharpener,monocular_relative,single_RGB,affine-invariant depth; released representation requires config check,none for relative inference,unknown,released_public,https://arxiv.org/html/2512.01030v1,2512.01030v1,https://github.com/EnVision-Research/Lotus-2,2d5e4522f7213611184fd31992d0fac17ec36035,https://huggingface.co/jingheya/Lotus-2,ea34cdb31ef9829f6966eb387c43e22a0fe9faf2,README: Ubuntu20.04; Python3.10; CUDA12.3; at least 40GB GPU memory; gated FLUX.1-dev access,Core-only ablation is not full method; current adapter-to-paper exact file hash unreported.,Public adapters; required FLUX.1-dev backbone gated. One core step plus ten sharpener steps in paper. Code snapshot commit date 2026-04-25. HF repository created 2025-10-07; snapshot modified 2025-12-10; gated=false. Repository creation is not proof of public weight first-release date.
i39-genpercept-depth,GenPercept,main-paper depth v2 collection,monocular_relative,single_RGB,depth and disparity heads are separate,none for relative inference,unknown,released_public,https://arxiv.org/html/2403.06090v3,2403.06090v3,https://github.com/aim-uofa/GenPercept,7cff083bee566e88f0c82259eb7c62c94dd1dca1,https://huggingface.co/guangkaixu/genpercept-models,98c7111ff55539963ea5e4d9fc8cdd92411e99c1,Python3.10 conda; requirements.txt; editable package; separate SD2.1/task weights,unknown,unet_depth_v2 / unet_disparity_v2 and DPT decoder variants must remain distinct; not enough table-to-file mapping to assign a single release score. Code snapshot commit date 2025-01-24. HF repository created 2024-04-06; snapshot modified 2024-10-24; gated=false. Repository creation is not proof of public weight first-release date.
i39-genpercept-lotus-rerun,GenPercept,Lotus Table1 74K rerun; exact checkpoint unknown,monocular_relative,single_RGB,relative depth; rerun output domain unknown,none for relative inference,unknown,reported_rerun_variant_unresolved,https://arxiv.org/html/2403.06090v3,2403.06090v3,https://github.com/aim-uofa/GenPercept,7cff083bee566e88f0c82259eb7c62c94dd1dca1,unknown,unknown,Python3.10 conda; requirements.txt; editable package; separate SD2.1/task weights,unknown,Rerun row is not assumed identical to released main-paper 90K configuration. Code snapshot commit date 2025-01-24.
i39-ppd-1024,Pixel-Perfect Depth,as identified in Marigold V2 comparison; exact artifact unresolved,monocular_relative,single_RGB,relative log depth,none for relative inference,unknown,screened_cross_category,https://arxiv.org/html/2510.07316v2,2510.07316v2,unknown,unknown,unknown,unknown,Python; PyTorch; see pinned official README; no installation verified,unknown,Later contender retained; fine-grained release/licensing audit belongs to efficient/high-resolution section. No blanket commercial recommendation.
i39-infinidepth-relative,InfiniDepth,as identified in Marigold V2 comparison; exact artifact unresolved,monocular_relative,single_RGB,relative depth; implicit continuous decoder,none for relative inference,unknown,screened_cross_category,https://arxiv.org/html/2601.03252v1,2601.03252v1,unknown,unknown,unknown,unknown,Python; PyTorch; see pinned official README; no installation verified,unknown,Later contender retained; fine-grained release/licensing audit belongs to efficient/high-resolution section. No blanket commercial recommendation.
i39-fe2e,FE2E,as identified in Marigold V2 comparison; exact artifact unresolved,monocular_relative,single_RGB,relative depth,none for relative inference,unknown,screened_not_shortlisted,https://arxiv.org/html/2509.04338v1,2509.04338v1,unknown,unknown,unknown,unknown,Python; PyTorch; see pinned official README; no installation verified,unknown,Original paper screened from Marigold V2 table. Full release/licensing audit remains a coverage gap; no high-resolution-section coverage assumed.
i39-midas,MiDaS,historical/discovery baseline,monocular_relative,single_RGB,affine-invariant inverse depth,none for relative inference,unknown,screened_not_shortlisted,https://arxiv.org/abs/1907.01341v3,1907.01341v3,unknown,unknown,unknown,unknown,Python; PyTorch; see pinned official README; no installation verified,unknown,Retained as comparison-table discovery; exact release and license not audited; no numeric result assigned.
i39-dpt,DPT,historical/discovery baseline,monocular_relative,single_RGB,relative inverse depth,none for relative inference,unknown,screened_not_shortlisted,https://arxiv.org/abs/2103.13413v1,2103.13413v1,unknown,unknown,unknown,unknown,Python; PyTorch; see pinned official README; no installation verified,unknown,Retained as comparison-table discovery; exact release and license not audited; no numeric result assigned.
i39-depthfm,DepthFM,historical/discovery baseline,monocular_relative,single_RGB,relative depth,none for relative inference,unknown,screened_not_shortlisted,https://arxiv.org/abs/2403.13788v1,2403.13788v1,unknown,unknown,unknown,unknown,Python; PyTorch; see pinned official README; no installation verified,unknown,Retained as comparison-table discovery; exact release and license not audited; no numeric result assigned.
i39-geowizard,GeoWizard,historical/discovery baseline,monocular_relative,single_RGB,relative depth and normals,none for relative inference,unknown,screened_not_shortlisted,https://arxiv.org/abs/2403.12013v1,2403.12013v1,unknown,unknown,unknown,unknown,Python; PyTorch; see pinned official README; no installation verified,unknown,Retained as comparison-table discovery; exact release and license not audited; no numeric result assigned.
i40-depthcrafter-v101,DepthCrafter,v1.0.1,video,monocular RGB video,relative inverse depth/disparity,no supplied poses/intrinsics for inference,unknown,released; inspected metadata only,https://openaccess.thecvf.com/content/CVPR2025/papers/Hu_DepthCrafter_Generating_Consistent_Long_Depth_Sequences_for_Open-world_Videos_CVPR_2025_paper.pdf,CVPR 2025 camera-ready,https://github.com/Tencent/DepthCrafter,e5186120a71ecb56b69f9e89654198b4eadfaf60,https://huggingface.co/tencent/DepthCrafter,f2207fa67e799d3cac41b0a051bb051401137a5b,Python 3.10; torch; diffusers; SVD-XT base dependency,CVPR camera-ready Table 1 matches v1.0.1 README values; original release scores differ,Release 2024-11-26; up to 110-frame offline windows; overlapping noisy latent initialization and interpolation for longer clips. RGB only. Relative disparity normalized over video.
i40-depthcrafter-unspecified,DepthCrafter,external benchmark checkpoint unspecified,video,monocular RGB video,relative depth; scale and shift ambiguous,no supplied poses/intrinsics for inference,unknown,benchmark identity unresolved,https://openaccess.thecvf.com/content/CVPR2025/papers/Hu_DepthCrafter_Generating_Consistent_Long_Depth_Sequences_for_Open-world_Videos_CVPR_2025_paper.pdf,CVPR 2025 camera-ready,https://github.com/Tencent/DepthCrafter,e5186120a71ecb56b69f9e89654198b4eadfaf60,https://huggingface.co/tencent/DepthCrafter,unknown,unknown,Do not assign third-party values to v1.0.1,Keep external author rows separate from verified v1.0.1 release; actual checkpoint revision not stated.
i40-depthcrafter-window10,DepthCrafter,ChronoDepth rerun with clip=10 overlap=5,video,monocular RGB video,relative depth; scale and shift ambiguous,no supplied poses/intrinsics for inference,unknown,benchmark configuration,https://arxiv.org/html/2406.01493v3,arXiv:2406.01493v3,https://github.com/Tencent/DepthCrafter,unknown,unknown,unknown,unknown,unknown,Modified baseline inference for streamed comparison; sees buffered new frames; not default long-window DepthCrafter.
i40-vda-small,Video Depth Anything,Relative Small,video,monocular RGB video,relative inverse depth,no supplied poses/intrinsics for inference,unknown,released; inspected metadata only,https://openaccess.thecvf.com/content/CVPR2025/papers/Chen_Video_Depth_Anything_Consistent_Depth_Estimation_for_Super-Long_Videos_CVPR_2025_paper.pdf,CVPR 2025 camera-ready,https://github.com/DepthAnything/Video-Depth-Anything,4f5ae23172ba60fd7bc11ef671cca678842c7072,https://huggingface.co/depth-anything/Video-Depth-Anything-Small,256875362cff76724b920335dfb4b29dd611f66e,Python 3.10; PyTorch; requirements.txt,Paper Syn variants are separate training configurations; checkpoint mapping not assumed,Offline default: 32-frame windows; 8 overlaps and 2 keyframes; first frame retained; affine matching and overlap interpolation. Future frames within window required. Experimental streaming added 2025-07-03 is a separate inference mode without separate weights.
i40-vda-base,Video Depth Anything,Relative Base,video,monocular RGB video,relative inverse depth,no supplied poses/intrinsics for inference,unknown,released; inspected metadata only,https://openaccess.thecvf.com/content/CVPR2025/papers/Chen_Video_Depth_Anything_Consistent_Depth_Estimation_for_Super-Long_Videos_CVPR_2025_paper.pdf,CVPR 2025 camera-ready,https://github.com/DepthAnything/Video-Depth-Anything,4f5ae23172ba60fd7bc11ef671cca678842c7072,https://huggingface.co/depth-anything/Video-Depth-Anything-Base,7231d0c6e260f54f103eba5005d01f6efa4f43db,Python 3.10; PyTorch; requirements.txt,Paper Syn variants are separate training configurations; checkpoint mapping not assumed,Offline default: 32-frame windows; 8 overlaps and 2 keyframes; first frame retained; affine matching and overlap interpolation. Future frames within window required. Experimental streaming added 2025-07-03 is a separate inference mode without separate weights.
i40-vda-large,Video Depth Anything,Relative Large,video,monocular RGB video,relative inverse depth,no supplied poses/intrinsics for inference,unknown,released; inspected metadata only,https://openaccess.thecvf.com/content/CVPR2025/papers/Chen_Video_Depth_Anything_Consistent_Depth_Estimation_for_Super-Long_Videos_CVPR_2025_paper.pdf,CVPR 2025 camera-ready,https://github.com/DepthAnything/Video-Depth-Anything,4f5ae23172ba60fd7bc11ef671cca678842c7072,https://huggingface.co/depth-anything/Video-Depth-Anything-Large,7aafbcb5c6af0bac741aad2b6471894fb4761afa,Python 3.10; PyTorch; requirements.txt,Paper Syn variants are separate training configurations; checkpoint mapping not assumed,Offline default: 32-frame windows; 8 overlaps and 2 keyframes; first frame retained; affine matching and overlap interpolation. Future frames within window required. Experimental streaming added 2025-07-03 is a separate inference mode without separate weights.
i40-vda-metric-small,Video Depth Anything,Metric Small,video,monocular RGB video,metric depth (release claim; camera-z/ray convention not separately established),no supplied poses/intrinsics for inference,unknown,released; inspected metadata only,https://openaccess.thecvf.com/content/CVPR2025/papers/Chen_Video_Depth_Anything_Consistent_Depth_Estimation_for_Super-Long_Videos_CVPR_2025_paper.pdf,CVPR 2025 camera-ready,https://github.com/DepthAnything/Video-Depth-Anything,4f5ae23172ba60fd7bc11ef671cca678842c7072,https://huggingface.co/depth-anything/Metric-Video-Depth-Anything-Small,273d090f2ce17df50c2872d82c8322c45da5b4dd,Python 3.10; PyTorch; requirements.txt,Metric models added 2025-01-22; trained on Virtual KITTI and IRS; no unaligned metric video scores extracted here,Offline default: 32-frame windows; 8 overlaps and 2 keyframes; first frame retained; affine matching and overlap interpolation. Future frames within window required. Experimental streaming added 2025-07-03 is a separate inference mode without separate weights.
i40-vda-metric-base,Video Depth Anything,Metric Base,video,monocular RGB video,metric depth (release claim; camera-z/ray convention not separately established),no supplied poses/intrinsics for inference,unknown,released; inspected metadata only,https://openaccess.thecvf.com/content/CVPR2025/papers/Chen_Video_Depth_Anything_Consistent_Depth_Estimation_for_Super-Long_Videos_CVPR_2025_paper.pdf,CVPR 2025 camera-ready,https://github.com/DepthAnything/Video-Depth-Anything,4f5ae23172ba60fd7bc11ef671cca678842c7072,https://huggingface.co/depth-anything/Metric-Video-Depth-Anything-Base,f6a245abad4b5a5b0d26722c8e1767ef310c547d,Python 3.10; PyTorch; requirements.txt,Metric models added 2025-01-22; trained on Virtual KITTI and IRS; no unaligned metric video scores extracted here,Offline default: 32-frame windows; 8 overlaps and 2 keyframes; first frame retained; affine matching and overlap interpolation. Future frames within window required. Experimental streaming added 2025-07-03 is a separate inference mode without separate weights.
i40-vda-metric-large,Video Depth Anything,Metric Large,video,monocular RGB video,metric depth (release claim; camera-z/ray convention not separately established),no supplied poses/intrinsics for inference,unknown,released; inspected metadata only,https://openaccess.thecvf.com/content/CVPR2025/papers/Chen_Video_Depth_Anything_Consistent_Depth_Estimation_for_Super-Long_Videos_CVPR_2025_paper.pdf,CVPR 2025 camera-ready,https://github.com/DepthAnything/Video-Depth-Anything,4f5ae23172ba60fd7bc11ef671cca678842c7072,https://huggingface.co/depth-anything/Metric-Video-Depth-Anything-Large,607fcdbd454b95c3bd39abbd3054142869a527d3,Python 3.10; PyTorch; requirements.txt,Metric models added 2025-01-22; trained on Virtual KITTI and IRS; no unaligned metric video scores extracted here,Offline default: 32-frame windows; 8 overlaps and 2 keyframes; first frame retained; affine matching and overlap interpolation. Future frames within window required. Experimental streaming added 2025-07-03 is a separate inference mode without separate weights.
i40-vda-external-unspecified,Video Depth Anything,external table without backbone/checkpoint identity,video,monocular RGB video,relative depth; scale and shift ambiguous,no supplied poses/intrinsics for inference,unknown,benchmark identity unresolved,https://openaccess.thecvf.com/content/CVPR2025/papers/Chen_Video_Depth_Anything_Consistent_Depth_Estimation_for_Super-Long_Videos_CVPR_2025_paper.pdf,CVPR 2025 camera-ready,https://github.com/DepthAnything/Video-Depth-Anything,4f5ae23172ba60fd7bc11ef671cca678842c7072,unknown,unknown,unknown,unknown,ICDepth/E3D/DVD rows omit exact released backbone/revision; not silently assigned to Large.
i40-chronodepth-v1,ChronoDepth,v1 release; paper final context-aware method,video,monocular RGB video,relative depth; scale and shift ambiguous,no supplied poses/intrinsics for inference,unknown,released; inspected metadata only,https://arxiv.org/html/2406.01493v3,arXiv:2406.01493v3,https://github.com/jiahao-shao1/ChronoDepth,2580e891eb33a5c3a95eab27b745f64ac28b3514,https://huggingface.co/jhshao/ChronoDepth-v1,8ed51301cb97ec7a61a94a1bff1f7a107f73e9e8,Python; diffusers; SVD-XT base separately loaded,v1 mapping to every external baseline is unreported; original ChronoDepth pipeline retained upstream,"New implementation/UNet release 2024-12-03. Paper inference uses clip 10, overlap 5; context-aware diffusion. Buffered streaming, not strict one-current-frame causality. Earlier original HF pipeline is a different release."
i40-chronodepth-online4,ChronoDepth,oVDA rerun: one new frame; context 4,video,monocular RGB video,relative depth; scale and shift ambiguous,no supplied poses/intrinsics for inference,unknown,benchmark configuration,https://arxiv.org/html/2510.09182v1,arXiv:2510.09182v1,https://github.com/jiahao-shao1/ChronoDepth,unknown,unknown,unknown,unknown,unknown,Strict online evaluation modification in oVDA Table 1 footnote; not original paper clip settings.
i40-depthanyvideo,Depth Any Video,released SVD-derived video model,video,monocular RGB video,relative depth; scale and shift ambiguous,no supplied poses/intrinsics for inference,unknown,released; inspected metadata only,https://arxiv.org/html/2410.10815v2,arXiv:2410.10815v2,https://github.com/Nightmare-n/DepthAnyVideo,3592f8c5e427327a31cf1f3775e69cc3f2f26309,https://huggingface.co/hhyangcs/depth-any-video,d6e980bffd583f9ae3cd590d454c0779dc879396,Python 3.10; modified Diffusers; SVD VAE,Paper ensemble 20 versus default inference not asserting identical ensemble; external baselines omit revision,"Offline batch inference with temporal interpolation; VDA comparison caps usable video at 192 frames. Current run_infer defaults 32 frames, overlap 6, 3 denoise steps; these are not a verified 192-frame hard release limit. Paper benchmark uses ensemble 20."
i40-rollingdepth-v10,RollingDepth,rollingdepth-v1-0; paper/full presets,video,monocular RGB video,relative depth; scale and shift ambiguous,no supplied poses/intrinsics for inference,unknown,released; inspected metadata only,https://share.phys.ethz.ch/~pf/bingkedata/rollingdepth/doc/RollingDepth_arxiv_v1.pdf,author-hosted arXiv v1 PDF,https://github.com/prs-eth/RollingDepth,c233765fb7adf9682442a9fbef3eb07212bb70fd,https://huggingface.co/prs-eth/rollingdepth-v1-0,45c3a33d1e0c0b60493fb7028d2324b5d7556460,modified Diffusers; PyAV/FFmpeg; Stable Diffusion 2 components,Preset affects quality/compute; external table preset unknown,"Offline overlapping snippets at several temporal dilations, global scale-shift alignment and optional refinement; arbitrary video length claim, practical memory limit unknown. Presets fast/fast1024/full/paper share checkpoint."
i40-flashdepth-full,FlashDepth,FlashDepth (Full),video,monocular RGB video,relative depth; scale and shift ambiguous,no supplied poses/intrinsics for inference,unknown,released; inspected metadata only,https://openaccess.thecvf.com/content/ICCV2025/papers/Chou_FlashDepth_Real-time_Streaming_Video_Depth_Estimation_at_2K_Resolution_ICCV_2025_paper.pdf,ICCV 2025 camera-ready,https://github.com/Eyeline-Labs/FlashDepth,3e08f313b9f1b08efde5e6ebacc671a173cb9f36,https://huggingface.co/Eyeline-Labs/FlashDepth,1f01deaf2d0ff99cd65a72d272bd212d18ee296d,Python 3.11; PyTorch 2.4; local Mamba build,"Three distinct checkpoints: iter_43002 (Full), iter_10001 (L), iter_14001 (S); online VDA external row FlashDepth may not distinguish Full/L",Causal streaming; one new RGB frame with persistent Mamba state. Full combines less frequent low-resolution large features with small per-frame model. No supplied geometry.
i40-flashdepth-large,FlashDepth,FlashDepth-L,video,monocular RGB video,relative depth; scale and shift ambiguous,no supplied poses/intrinsics for inference,unknown,released; inspected metadata only,https://openaccess.thecvf.com/content/ICCV2025/papers/Chou_FlashDepth_Real-time_Streaming_Video_Depth_Estimation_at_2K_Resolution_ICCV_2025_paper.pdf,ICCV 2025 camera-ready,https://github.com/Eyeline-Labs/FlashDepth,3e08f313b9f1b08efde5e6ebacc671a173cb9f36,https://huggingface.co/Eyeline-Labs/FlashDepth,1f01deaf2d0ff99cd65a72d272bd212d18ee296d,Python 3.11; PyTorch 2.4; local Mamba build,"Three distinct checkpoints: iter_43002 (Full), iter_10001 (L), iter_14001 (S); online VDA external row FlashDepth may not distinguish Full/L",Causal streaming; one new RGB frame with persistent Mamba state. Full combines less frequent low-resolution large features with small per-frame model. No supplied geometry.
i40-flashdepth-small,FlashDepth,FlashDepth-S,video,monocular RGB video,relative depth; scale and shift ambiguous,no supplied poses/intrinsics for inference,unknown,released; inspected metadata only,https://openaccess.thecvf.com/content/ICCV2025/papers/Chou_FlashDepth_Real-time_Streaming_Video_Depth_Estimation_at_2K_Resolution_ICCV_2025_paper.pdf,ICCV 2025 camera-ready,https://github.com/Eyeline-Labs/FlashDepth,3e08f313b9f1b08efde5e6ebacc671a173cb9f36,https://huggingface.co/Eyeline-Labs/FlashDepth,1f01deaf2d0ff99cd65a72d272bd212d18ee296d,Python 3.11; PyTorch 2.4; local Mamba build,"Three distinct checkpoints: iter_43002 (Full), iter_10001 (L), iter_14001 (S); online VDA external row FlashDepth may not distinguish Full/L",Causal streaming; one new RGB frame with persistent Mamba state. Full combines less frequent low-resolution large features with small per-frame model. No supplied geometry.
i40-flashdepth-ovda-unspecified,FlashDepth,oVDA Table 1 row FlashDepth,video,monocular RGB video,relative depth; scale and shift ambiguous,no supplied poses/intrinsics for inference,unknown,benchmark identity unresolved,https://arxiv.org/html/2510.09182v1,arXiv:2510.09182v1,https://github.com/Eyeline-Labs/FlashDepth,4173c24e22f528062a0cf8ae235c58a5d4376a74,unknown,unknown,unknown,unknown,External row does not resolve Full versus L. Keep separate from exact FlashDepth-S row.
i40-ovda-c16,Online Video Depth Anything,oVDA-small-c16,video,monocular RGB video,relative depth; scale and shift ambiguous,no supplied poses/intrinsics for inference,unknown,released; inspected metadata only,https://arxiv.org/html/2510.09182v1,arXiv:2510.09182v1,https://github.com/FriedFeid/OnlineVideoDepthAnything,4173c24e22f528062a0cf8ae235c58a5d4376a74,https://huggingface.co/FriedFeid/oVDA,9eda2255e19c51dd1989b9c08b886e665f15007e,Python 3.10; torch 2.4.1; CUDA 12.1; optional ONNX/TensorRT compilation,Different model/training/license from VDA experimental training-free streaming,Causal current-frame inference; cache of 16 frames; no future frames; fixed memory context. Code/weights released 2026-03-09; c8 also linked but not scored here.
i40-gemdepth-dav2,GemDepth,GemDepth-DAv2 ViT-L,video,monocular RGB video,relative disparity; paper metrics affine-aligned,no supplied poses; internal camera-pose prediction; known cameras used in evaluation,unknown,paper variant; mapping to released gemdepth.pth unresolved,https://arxiv.org/html/2605.10525v3,arXiv:2605.10525v3,https://github.com/Yuecheng919/GemDepth,652865b0ed20e727784a6b77314da1dca2f14e36,https://huggingface.co/YuechengLiu/GemDepth,unknown,unknown,Do not attach both paper variants to the single unlabeled weight,Paper distinct trained variant; 32-frame training windows; offline temporal attention; predicts internal camera poses. Release offers one gemdepth.pth without a clear variant label.
i40-gemdepth-vda,GemDepth,GemDepth-VDA ViT-L,video,monocular RGB video,relative disparity; paper metrics affine-aligned,no supplied poses; internal camera-pose prediction; known cameras used in evaluation,unknown,paper variant; mapping to released gemdepth.pth unresolved,https://arxiv.org/html/2605.10525v3,arXiv:2605.10525v3,https://github.com/Yuecheng919/GemDepth,652865b0ed20e727784a6b77314da1dca2f14e36,https://huggingface.co/YuechengLiu/GemDepth,unknown,unknown,Do not attach both paper variants to the single unlabeled weight,Paper distinct trained variant; 32-frame training windows; offline temporal attention; predicts internal camera poses. Release offers one gemdepth.pth without a clear variant label.
i40-gemdepth-release,GemDepth,gemdepth.pth (paper variant unmapped),video,monocular RGB video,relative depth; internal pose cues,no supplied poses/intrinsics for inference,unknown,released; inspected metadata only,https://arxiv.org/html/2605.10525v3,arXiv:2605.10525v3,https://github.com/Yuecheng919/GemDepth,652865b0ed20e727784a6b77314da1dca2f14e36,https://huggingface.co/YuechengLiu/GemDepth,d1666672985d9bd91971b6c16434cbe226f161f7,unknown,Unlabeled released artifact; cannot choose GemDepth-VDA paper row automatically,Public checkpoint and MIT model card verified. Paper large DAv2/VDA ancestry is a material license qualification.
i40-dvd-v10,DVD,v1.0,video,monocular RGB video,relative depth; scale and shift ambiguous,no supplied poses/intrinsics for inference,unknown,released; inspected metadata only,https://arxiv.org/html/2603.12250v1,arXiv:2603.12250v1,https://github.com/EnVision-Research/DVD,62f52d16faa2cac10e31eb7815ece6e61d5449ec,https://huggingface.co/FayeHongfeiZhang/DVD,769534dec2d77f8da3667719568fbe57fe69cd9b,Wan2.1; DiffSynth; requirements.txt,March 2026 paper/default v1.0; exact benchmark weight hash not stated,Offline deterministic Wan2.1 regression; paper window 45 and stride 9; overlapping affine alignment for longer videos; camera input not required.
i40-dvd-v11,DVD,v1.1,video,monocular RGB video,relative depth; scale and shift ambiguous,no supplied poses/intrinsics for inference,unknown,released; inspected metadata only,https://arxiv.org/html/2603.12250v1,arXiv:2603.12250v1,https://github.com/EnVision-Research/DVD,62f52d16faa2cac10e31eb7815ece6e61d5449ec,https://huggingface.co/FayeHongfeiZhang/DVD,769534dec2d77f8da3667719568fbe57fe69cd9b,Wan2.1; DiffSynth; requirements.txt,v1.1 released 2026-04-07 with reflective-surface and consistency claims; March paper results not transferred to v1.1,Offline deterministic Wan2.1 regression; paper window 45 and stride 9; overlapping affine alignment for longer videos; camera input not required.
i40-icdepth-paper,ICDepth,Wan2.1 1.3B based paper model,video,monocular RGB video,relative depth; scale and shift ambiguous,no supplied poses/intrinsics for inference,unknown,paper/project demos; official code/weights not located,https://arxiv.org/html/2607.01677v1,arXiv:2607.01677v1,unknown,unknown,unknown,unknown,unknown,Project page links paper/results but no checkpoint; unrelated similarly named GitHub repo excluded,Offline RGB video; training clips 21-77 frames; inference 5 diffusion steps. Long-sequence stitching details and maximum release clip length unknown.
i40-stabledpt-paper,StableDPT,paper model,video,monocular RGB video,relative depth; scale and shift ambiguous,no supplied poses/intrinsics for inference,unknown,paper; official weights not located,https://arxiv.org/html/2601.02793v1,arXiv:2601.02793v1,unknown,unknown,unknown,unknown,unknown,No numbers used; paper Tables 1-2 screened for later temporal evidence,Offline global keyframes spanning whole video; future context required; arbitrary-length inference claim. Later comparison retrains VDA on matched public data rather than released VDA.
i40-vdpp-v10,VDPP,v1.0 postprocessor,video,sequence of estimated depth maps,relative depth; scale and shift ambiguous,inherits upstream estimator requirements,unknown,code and release checkpoint linked,https://arxiv.org/abs/2604.06665v2,arXiv:2604.06665v2,https://github.com/injun-baek/VDPP,unknown,https://github.com/injun-baek/VDPP/releases/tag/v1.0,v1.0,Python 3.10; CUDA 12.6,Speed excludes or includes upstream estimator depending on protocol; no score extracted,"Depth-only input; requires upstream per-frame depth model; RGB route is composite pipeline. Retained expansion lead, not direct RGB standalone comparator."
i41-vggt-1b,VGGT,VGGT-1B original,multi-view_geometry,RGB 1..N unordered views,arbitrary-scale camera-z depth; first-camera point maps; poses,predicts intrinsics and extrinsics,~1.2B paper section 3.4,released,https://arxiv.org/abs/2503.11651v1,2503.11651v1,https://github.com/facebookresearch/vggt,a288dd0f14786c93483e45524328726ab7b1b4ce,https://huggingface.co/facebook/VGGT-1B,860abec7937da0a4c03c41d3c269c366e82abdf9,PyTorch; repository dependencies; not installed or executed,Exact evaluated checkpoint hash unreported; release linkage is family/variant-level.,Static/common-scene geometry; simultaneous multi-camera use is a project inference; no synchronization tolerance or Basketball evaluation reported. Dynamic tracking uses separately fine-tuned backbone (paper Fig.5); not dynamic depth validation. Code revision date 2026-05-19T03:39:35Z. HF metadata lastModified 2025-03-17T12:18:15.000Z; gated=False.
i41-vggt-commercial,VGGT,VGGT-1B-Commercial,multi-view_geometry,RGB 1..N views,arbitrary-scale depth/points/poses,predicted,unknown,gated_release,https://arxiv.org/abs/2503.11651v1,2503.11651v1,https://github.com/facebookresearch/vggt,a288dd0f14786c93483e45524328726ab7b1b4ce,https://huggingface.co/facebook/VGGT-1B-Commercial,ebb29a532abe92960eeb6903a5530f16990ef4ab,PyTorch; repository dependencies; not installed or executed,Different 2025-07 commercial checkpoint; author claims similar performance; no transfer of original paper scores.,Static/common-scene geometry; simultaneous multi-camera use is a project inference; no synchronization tolerance or Basketball evaluation reported. Code revision date 2026-05-19T03:39:35Z. HF metadata lastModified 2025-09-17T17:03:56.000Z; gated=manual.
i41-da3-giant,Depth Anything 3,DA3-GIANT,multi-view_geometry,RGB 1..N images; optional known cameras,arbitrary-scale camera-z depth and rays/poses,intrinsics and extrinsics predicted or optional supplied,unknown,released,https://arxiv.org/abs/2511.10647v1,2511.10647v1,https://github.com/ByteDance-Seed/Depth-Anything-3,3d835ec1a5802d64a8b8b15f817a1ab54809bfe4,https://huggingface.co/depth-anything/DA3-GIANT,7cd62ae9315b9dff094d2d300e4ad012640607dd,PyTorch; repository dependencies; not installed or executed,Original Giant/Large/Nested deprecated in current README.,Static/common-scene geometry; simultaneous multi-camera use is a project inference; no synchronization tolerance or Basketball evaluation reported. Nested is not D2 DA3METRIC-LARGE. Original paper dates 2025-11-13; released parameter metadata not substituted for paper counts. Code revision date 2026-07-27T06:03:55Z. HF metadata lastModified 2025-11-13T18:41:29.000Z; gated=False.
i41-da3-large,Depth Anything 3,DA3-LARGE,multi-view_geometry,RGB 1..N images; optional known cameras,arbitrary-scale camera-z depth and rays/poses,intrinsics and extrinsics predicted or optional supplied,unknown,released,https://arxiv.org/abs/2511.10647v1,2511.10647v1,https://github.com/ByteDance-Seed/Depth-Anything-3,3d835ec1a5802d64a8b8b15f817a1ab54809bfe4,https://huggingface.co/depth-anything/DA3-LARGE,c54c26b16ec04d218e8d584ecf4bce082a9fcc20,PyTorch; repository dependencies; not installed or executed,Original Giant/Large/Nested deprecated in current README.,Static/common-scene geometry; simultaneous multi-camera use is a project inference; no synchronization tolerance or Basketball evaluation reported. Nested is not D2 DA3METRIC-LARGE. Original paper dates 2025-11-13; released parameter metadata not substituted for paper counts. Code revision date 2026-07-27T06:03:55Z. HF metadata lastModified 2025-11-19T14:03:32.000Z; gated=False.
i41-da3-base,Depth Anything 3,DA3-BASE,multi-view_geometry,RGB 1..N images; optional known cameras,arbitrary-scale camera-z depth and rays/poses,intrinsics and extrinsics predicted or optional supplied,unknown,released,https://arxiv.org/abs/2511.10647v1,2511.10647v1,https://github.com/ByteDance-Seed/Depth-Anything-3,3d835ec1a5802d64a8b8b15f817a1ab54809bfe4,https://huggingface.co/depth-anything/DA3-BASE,f4a6c9b3c95e41c82048423d3493a81ec3fa810e,PyTorch; repository dependencies; not installed or executed,"Paper versus release parameter counts differ; paper table retained as evaluated identity, exact binary equivalence unknown.",Static/common-scene geometry; simultaneous multi-camera use is a project inference; no synchronization tolerance or Basketball evaluation reported. Nested is not D2 DA3METRIC-LARGE. Original paper dates 2025-11-13; released parameter metadata not substituted for paper counts. Code revision date 2026-07-27T06:03:55Z. HF metadata lastModified 2025-11-15T16:34:50.000Z; gated=False.
i41-da3-small,Depth Anything 3,DA3-SMALL,multi-view_geometry,RGB 1..N images; optional known cameras,arbitrary-scale camera-z depth and rays/poses,intrinsics and extrinsics predicted or optional supplied,unknown,released,https://arxiv.org/abs/2511.10647v1,2511.10647v1,https://github.com/ByteDance-Seed/Depth-Anything-3,3d835ec1a5802d64a8b8b15f817a1ab54809bfe4,https://huggingface.co/depth-anything/DA3-SMALL,e08cab65ca0ec38e7826075418411ab90cab4da3,PyTorch; repository dependencies; not installed or executed,"Paper versus release parameter counts differ; paper table retained as evaluated identity, exact binary equivalence unknown.",Static/common-scene geometry; simultaneous multi-camera use is a project inference; no synchronization tolerance or Basketball evaluation reported. Nested is not D2 DA3METRIC-LARGE. Original paper dates 2025-11-13; released parameter metadata not substituted for paper counts. Code revision date 2026-07-27T06:03:55Z. HF metadata lastModified 2025-11-13T18:44:51.000Z; gated=False.
i41-da3-giant-1-1,Depth Anything 3,DA3-GIANT-1.1,multi-view_geometry,RGB 1..N images; optional known cameras,arbitrary-scale camera-z depth and rays/poses,intrinsics and extrinsics predicted or optional supplied,unknown,released,https://arxiv.org/abs/2511.10647v1,2511.10647v1,https://github.com/ByteDance-Seed/Depth-Anything-3,3d835ec1a5802d64a8b8b15f817a1ab54809bfe4,https://huggingface.co/depth-anything/DA3-GIANT-1.1,72ee9f89ce4e50d704e9d55ee9c646ec8dc25a19,PyTorch; repository dependencies; not installed or executed,Retrained after training bug; do not transfer v1 paper scores.,Static/common-scene geometry; simultaneous multi-camera use is a project inference; no synchronization tolerance or Basketball evaluation reported. Nested is not D2 DA3METRIC-LARGE. Original paper dates 2025-11-13; released parameter metadata not substituted for paper counts. Code revision date 2026-07-27T06:03:55Z. HF metadata lastModified 2025-12-11T12:56:08.000Z; gated=False.
i41-da3-large-1-1,Depth Anything 3,DA3-LARGE-1.1,multi-view_geometry,RGB 1..N images; optional known cameras,arbitrary-scale camera-z depth and rays/poses,intrinsics and extrinsics predicted or optional supplied,unknown,released,https://arxiv.org/abs/2511.10647v1,2511.10647v1,https://github.com/ByteDance-Seed/Depth-Anything-3,3d835ec1a5802d64a8b8b15f817a1ab54809bfe4,https://huggingface.co/depth-anything/DA3-LARGE-1.1,0e109ae307c5982f319a67cf6f9f99ccdc0ec97c,PyTorch; repository dependencies; not installed or executed,Retrained after training bug; do not transfer v1 paper scores.,Static/common-scene geometry; simultaneous multi-camera use is a project inference; no synchronization tolerance or Basketball evaluation reported. Nested is not D2 DA3METRIC-LARGE. Original paper dates 2025-11-13; released parameter metadata not substituted for paper counts. Code revision date 2026-07-27T06:03:55Z. HF metadata lastModified 2025-12-11T12:55:38.000Z; gated=False.
i41-da3-nested,Depth Anything 3,DA3NESTED-GIANT-LARGE,multi-view_geometry,RGB 1..N images; optional known cameras,metric camera-z depth using nested metric scaler,intrinsics and extrinsics predicted or optional supplied,unknown,released,https://arxiv.org/abs/2511.10647v1,2511.10647v1,https://github.com/ByteDance-Seed/Depth-Anything-3,3d835ec1a5802d64a8b8b15f817a1ab54809bfe4,https://huggingface.co/depth-anything/DA3NESTED-GIANT-LARGE,8615eefb62f2db4f8d6ebaa59160086981672829,PyTorch; repository dependencies; not installed or executed,Original Giant/Large/Nested deprecated in current README.,Static/common-scene geometry; simultaneous multi-camera use is a project inference; no synchronization tolerance or Basketball evaluation reported. Nested is not D2 DA3METRIC-LARGE. Original paper dates 2025-11-13; released parameter metadata not substituted for paper counts. Code revision date 2026-07-27T06:03:55Z. HF metadata lastModified 2025-11-13T11:36:25.000Z; gated=False.
i41-da3-nested-1-1,Depth Anything 3,DA3NESTED-GIANT-LARGE-1.1,multi-view_geometry,RGB 1..N images; optional known cameras,metric camera-z depth using nested metric scaler,intrinsics and extrinsics predicted or optional supplied,unknown,released,https://arxiv.org/abs/2511.10647v1,2511.10647v1,https://github.com/ByteDance-Seed/Depth-Anything-3,3d835ec1a5802d64a8b8b15f817a1ab54809bfe4,https://huggingface.co/depth-anything/DA3NESTED-GIANT-LARGE-1.1,b2359bdf726fb44ef62acca04d629dcf158053e7,PyTorch; repository dependencies; not installed or executed,Retrained after training bug; do not transfer v1 paper scores.,Static/common-scene geometry; simultaneous multi-camera use is a project inference; no synchronization tolerance or Basketball evaluation reported. Nested is not D2 DA3METRIC-LARGE. Original paper dates 2025-11-13; released parameter metadata not substituted for paper counts. Code revision date 2026-07-27T06:03:55Z. HF metadata lastModified 2025-12-11T12:54:39.000Z; gated=False.
i41-mapanything-v1,MapAnything,map-anything-v1,multi-view_geometry,RGB 1..N; optional intrinsics/poses/depth,metric ray depth plus rays/poses/scale; camera-z depth available,optional known intrinsics/poses; otherwise inferred,unknown,released,https://arxiv.org/abs/2509.13414v1,2509.13414v1,https://github.com/facebookresearch/map-anything,3d10cf7a3016fc0f9bb13a071ee66c47b10be0d9,https://huggingface.co/facebook/map-anything-v1,515f332b34d0751c262da4a625327b6110db8f66,PyTorch; repository dependencies; not installed or executed,September 2025 release archived as -v1; closest release to paper; precise evaluation hash unknown.,Static/common-scene geometry; simultaneous multi-camera use is a project inference; no synchronization tolerance or Basketball evaluation reported. Apache variant trained on different permissively licensed subset; no transfer from NC scores. Sparse/dense depth input modes require extra inputs and are not the proposed RGB route. Code revision date 2026-08-07T19:34:31Z. HF metadata lastModified 2025-12-19T14:47:10.000Z; gated=False.
i41-mapanything-apache-v1,MapAnything,map-anything-apache-v1,multi-view_geometry,RGB 1..N; optional intrinsics/poses/depth,metric ray depth plus rays/poses/scale; camera-z depth available,optional known intrinsics/poses; otherwise inferred,unknown,released,https://arxiv.org/abs/2509.13414v1,2509.13414v1,https://github.com/facebookresearch/map-anything,3d10cf7a3016fc0f9bb13a071ee66c47b10be0d9,https://huggingface.co/facebook/map-anything-apache-v1,59bcb2c461d5439939f91e5608877db5c58363eb,PyTorch; repository dependencies; not installed or executed,September 2025 release archived as -v1; closest release to paper; precise evaluation hash unknown.,Static/common-scene geometry; simultaneous multi-camera use is a project inference; no synchronization tolerance or Basketball evaluation reported. Apache variant trained on different permissively licensed subset; no transfer from NC scores. Sparse/dense depth input modes require extra inputs and are not the proposed RGB route. Code revision date 2026-08-07T19:34:31Z. HF metadata lastModified 2025-12-19T14:46:21.000Z; gated=False.
i41-mapanything-current,MapAnything,map-anything,multi-view_geometry,RGB 1..N; optional intrinsics/poses/depth,metric ray depth plus rays/poses/scale; camera-z depth available,optional known intrinsics/poses; otherwise inferred,unknown,released,https://arxiv.org/abs/2509.13414v1,2509.13414v1,https://github.com/facebookresearch/map-anything,3d10cf7a3016fc0f9bb13a071ee66c47b10be0d9,https://huggingface.co/facebook/map-anything,a1d87e9086706fb9974f3be5a3e3a0ca5401c5aa,PyTorch; repository dependencies; not installed or executed,January 2026 revised release; do not transfer September 2025 or DA3 paper scores.,Static/common-scene geometry; simultaneous multi-camera use is a project inference; no synchronization tolerance or Basketball evaluation reported. Apache variant trained on different permissively licensed subset; no transfer from NC scores. Sparse/dense depth input modes require extra inputs and are not the proposed RGB route. Code revision date 2026-08-07T19:34:31Z. HF metadata lastModified 2026-01-20T22:31:23.000Z; gated=False.
i41-mapanything-apache-current,MapAnything,map-anything-apache,multi-view_geometry,RGB 1..N; optional intrinsics/poses/depth,metric ray depth plus rays/poses/scale; camera-z depth available,optional known intrinsics/poses; otherwise inferred,unknown,released,https://arxiv.org/abs/2509.13414v1,2509.13414v1,https://github.com/facebookresearch/map-anything,3d10cf7a3016fc0f9bb13a071ee66c47b10be0d9,https://huggingface.co/facebook/map-anything-apache,00f9c245bbcb60522d1ed7f9e9d88462c6e3f38a,PyTorch; repository dependencies; not installed or executed,January 2026 revised release; do not transfer September 2025 or DA3 paper scores.,Static/common-scene geometry; simultaneous multi-camera use is a project inference; no synchronization tolerance or Basketball evaluation reported. Apache variant trained on different permissively licensed subset; no transfer from NC scores. Sparse/dense depth input modes require extra inputs and are not the proposed RGB route. Code revision date 2026-08-07T19:34:31Z. HF metadata lastModified 2026-02-04T17:08:09.000Z; gated=False.
i41-pi3,Pi3,original Pi3,multi-view_geometry,unordered RGB 1..N,scale-invariant local/global point maps and poses,no cameras required; inferred,unknown,released,https://arxiv.org/abs/2507.13347v1,2507.13347v1,https://github.com/yyfz/Pi3,9fa3ddb3f8d53041f8b2738df404f62223bbaa7b,https://huggingface.co/yyfz233/Pi3,ae722e7039287d0c8fde9f11f197f804f44b510c,PyTorch; repository dependencies; not installed or executed,Exact evaluated checkpoint hash unreported; release linkage is family/variant-level.,Static/common-scene geometry; simultaneous multi-camera use is a project inference; no synchronization tolerance or Basketball evaluation reported. HF card and current author weight-license statements conflict. Code revision date 2026-05-18T07:35:25Z. HF metadata lastModified 2025-07-19T06:42:26.000Z; gated=False.
i41-pi3x,Pi3,Pi3X engineering update,multi-view_geometry,RGB 1..N; optional cameras/depth,approximate metric geometry (author claim),optional known cameras/depth,unknown,released,https://arxiv.org/abs/2507.13347v1,2507.13347v1,https://github.com/yyfz/Pi3,9fa3ddb3f8d53041f8b2738df404f62223bbaa7b,https://huggingface.co/yyfz233/Pi3X,bb1deea4d7423de5b30691739cb451a3f57dc1d5,PyTorch; repository dependencies; not installed or executed,December 2025 engineering update; original Pi3 paper scores do not apply.,Static/common-scene geometry; simultaneous multi-camera use is a project inference; no synchronization tolerance or Basketball evaluation reported. Code revision date 2026-05-18T07:35:25Z. HF metadata lastModified 2026-03-11T02:16:49.000Z; gated=False.
i41-dust3r,DUSt3R,ViTLarge_BaseDecoder_512_dpt,multi-view_geometry,RGB pairs; larger sets via global alignment,arbitrary-scale point maps; z-depth via projection,unknown cameras inferred; evaluation may supply GT,unknown,released,https://arxiv.org/abs/2312.14132v1,2312.14132v1,https://github.com/naver/dust3r,4c24a6ebf04809f2cfe59915e51779c8984aaa40,https://huggingface.co/naver/DUSt3R_ViTLarge_BaseDecoder_512_dpt,61c57447d7b0adc8a1a30b2b0adec7a8935aa2a3,PyTorch; repository dependencies; not installed or executed,Exact evaluated checkpoint hash unreported; release linkage is family/variant-level.,Static/common-scene geometry; simultaneous multi-camera use is a project inference; no synchronization tolerance or Basketball evaluation reported. Code revision date 2025-07-01T12:36:01Z. HF metadata lastModified 2024-07-12T12:38:36.000Z; gated=False.
i41-mast3r,MASt3R,ViTLarge_BaseDecoder_512_catmlpdpt_metric,multi-view_geometry,RGB pairs; larger sets via alignment,metric-trained point maps and matching descriptors,unknown cameras inferred; calibrated triangulation is a separate mode,unknown,released,https://arxiv.org/abs/2406.09756v1,2406.09756v1,https://github.com/naver/mast3r,f5209afc300cec36239a7ac992263f36847bbba0,https://huggingface.co/naver/MASt3R_ViTLarge_BaseDecoder_512_catmlpdpt_metric,06e7259f34c3060f322df5cb0c7b9094f57e41fc,PyTorch; repository dependencies; not installed or executed,Exact evaluated checkpoint hash unreported; release linkage is family/variant-level.,Static/common-scene geometry; simultaneous multi-camera use is a project inference; no synchronization tolerance or Basketball evaluation reported. Metric training does not ensure accurate unseen-scene absolute scale. Code revision date 2025-06-30T07:07:34Z. HF metadata lastModified 2024-07-18T09:09:59.000Z; gated=False.
i41-fast3r,Fast3R,ViT_Large_512,multi-view_geometry,RGB N views in feed-forward pass,arbitrary-scale point maps and cameras,no required cameras,unknown,released,https://arxiv.org/abs/2501.13928v1,2501.13928v1,https://github.com/facebookresearch/fast3r,33104d4b5b8df43795ecded236194958bbdac572,https://huggingface.co/jedyang97/Fast3R_ViT_Large_512,a2c770b768ceb3a53c36c4f7a3619db0413dc3a1,PyTorch; repository dependencies; not installed or executed,Exact evaluated checkpoint hash unreported; release linkage is family/variant-level.,Static/common-scene geometry; simultaneous multi-camera use is a project inference; no synchronization tolerance or Basketball evaluation reported. Code revision date 2025-05-07T04:15:13Z. HF metadata lastModified 2025-03-07T10:19:31.000Z; gated=False.
i41-omega-paper-1b,VGGT-Omega,Ours-1B paper,multi-view_geometry,RGB 1..N views; static or dynamic,camera-z depth and cameras; no demonstrated absolute scale,predicts cameras,unknown,superseded_paper_evaluation,https://arxiv.org/abs/2605.15195v1,2605.15195v1,https://github.com/facebookresearch/vggt-omega,48b23c8ce72c9a8fcf987f0d7f43d8e4870759f6,unknown,unknown,PyTorch; repository dependencies; not installed or executed,Original benchmark result; potential contamination risk disclosed September 2026; superseded for benchmarking.,Dynamic-aware training; no Basketball/synchronization validation. Paper 10B winner is not the released 1B model. Code revision date 2026-09-22T23:55:22Z. HF metadata lastModified 2026-09-08T22:03:04.000Z; gated=manual.
i41-omega-512,VGGT-Omega,VGGT-Omega-1B-512,multi-view_geometry,RGB 1..N views; static or dynamic,camera-z depth and cameras; no demonstrated absolute scale,predicts cameras,unknown,gated_release,https://arxiv.org/abs/2605.15195v1,2605.15195v1,https://github.com/facebookresearch/vggt-omega,48b23c8ce72c9a8fcf987f0d7f43d8e4870759f6,https://huggingface.co/facebook/VGGT-Omega/blob/1041e80fc0e911235d3426b0a3d9a81075111a53/vggt_omega_1b_512.pt,1041e80fc0e911235d3426b0a3d9a81075111a53,PyTorch; repository dependencies; not installed or executed,May 2026 release for in-the-wild use; authors explicitly say no benchmarking.,Dynamic-aware training; no Basketball/synchronization validation. Paper 10B winner is not the released 1B model. Code revision date 2026-09-22T23:55:22Z. HF metadata lastModified 2026-09-08T22:03:04.000Z; gated=manual.
i41-omega-reproduction,VGGT-Omega,VGGT-Omega-1B-416-Reproduction,multi-view_geometry,RGB 1..N views; static or dynamic,camera-z depth and cameras; no demonstrated absolute scale,predicts cameras,unknown,gated_release,https://arxiv.org/abs/2605.15195v1,2605.15195v1,https://github.com/facebookresearch/vggt-omega,48b23c8ce72c9a8fcf987f0d7f43d8e4870759f6,https://huggingface.co/facebook/VGGT-Omega/blob/1041e80fc0e911235d3426b0a3d9a81075111a53/vggt_omega_1b_416_reproduce.pt,1041e80fc0e911235d3426b0a3d9a81075111a53,PyTorch; repository dependencies; not installed or executed,September 2026 replacement retrained on overlap-rechecked data; different recipe and qualitative behavior; see reproduction.md.,Dynamic-aware training; no Basketball/synchronization validation. Paper 10B winner is not the released 1B model. Code revision date 2026-09-22T23:55:22Z. HF metadata lastModified 2026-09-08T22:03:04.000Z; gated=manual.
i41-pow3r,Pow3R,discovery-only; not pinned,discovery_lead,RGB pair with optional calibration/depth priors,unknown,unknown,unknown,not_audited,https://arxiv.org/abs/2503.17316v1,2503.17316v1,unknown,unknown,unknown,unknown,unknown,unknown,retain secondary calibrated-input lead; sensor-free route exists; depth-assisted gains excluded from RGB comparisons
i41-must3r,MUSt3R,discovery-only; not pinned,discovery_lead,RGB multiple views,unknown,unknown,unknown,not_audited,https://arxiv.org/abs/2503.01661v1,2503.01661v1,unknown,unknown,unknown,unknown,unknown,unknown,retain secondary common-frame reconstruction family; quantitative deep comparison bounded to representative contenders
i41-worldmirror,WorldMirror,discovery-only; not pinned,discovery_lead,RGB multi-view with optional priors,unknown,unknown,unknown,not_audited,https://arxiv.org/abs/2510.10726v1,2510.10726v1,unknown,unknown,unknown,unknown,unknown,unknown,retain secondary any-prior family; no release/performance claim beyond inspected abstract
i41-mvsnet,MVSNet,discovery-only; not pinned,discovery_lead,calibrated RGB multi-view,unknown,unknown,unknown,not_audited,https://arxiv.org/abs/1804.02505v1,1804.02505v1,unknown,unknown,unknown,unknown,unknown,unknown,known-camera baseline from VGGT Table 2; potentially applicable after calibrated-view preparation; not inherently unavailable
i41-geomvsnet,GeoMVSNet,discovery-only; not pinned,discovery_lead,calibrated RGB multi-view,unknown,unknown,unknown,not_audited,https://openaccess.thecvf.com/content/CVPR2023/papers/Zhang_GeoMVSNet_Learning_Multi-View_Stereo_With_Geometry_Perception_CVPR_2023_paper.pdf,CVPR2023 accepted open-access version,unknown,unknown,unknown,unknown,unknown,unknown,known-camera geometry baseline; different information regime; not ranked with unknown-camera models
i41-cut3r,CUT3R,discovery-only; not pinned,discovery_lead,RGB sequential views,unknown,unknown,unknown,not_audited,https://arxiv.org/abs/2501.12387v1,2501.12387v1,unknown,unknown,unknown,unknown,unknown,unknown,cross-category video lead; independent benchmark row screened; detailed video analysis delegated to issue 40
i41-monst3r,MonST3R,discovery-only; not pinned,discovery_lead,dynamic RGB video,unknown,unknown,unknown,not_audited,https://arxiv.org/abs/2410.03825v1,2410.03825v1,unknown,unknown,unknown,unknown,unknown,unknown,cross-category video lead; issue 40 owns detailed assessment
i41-spann3r,Spann3R,discovery-only; not pinned,discovery_lead,ordered RGB sequence,unknown,unknown,unknown,not_audited,https://arxiv.org/abs/2408.16061v1,2408.16061v1,unknown,unknown,unknown,unknown,unknown,unknown,discovered E3D Table 1; recurrent geometry lead; secondary disposition
i41-geometrycrafter,GeometryCrafter,discovery-only; not pinned,discovery_lead,RGB video,unknown,unknown,unknown,not_audited,https://arxiv.org/abs/2504.01016v1,2504.01016v1,unknown,unknown,unknown,unknown,unknown,unknown,cross-category diffusion/video; issue 40
i41-s-must3r,S-MUSt3R,discovery-only; not pinned,discovery_lead,RGB sliding multi-view,unknown,unknown,unknown,not_audited,https://arxiv.org/abs/2602.04517v1,2602.04517v1,unknown,unknown,unknown,unknown,unknown,unknown,late 2026 discovery lead; not deeply audited
i41-worldmirror2,WorldMirror 2.0,discovery-only; not pinned,discovery_lead,RGB multi-view,unknown,unknown,unknown,not_audited,unknown,unknown,unknown,unknown,unknown,unknown,unknown,unknown,later release lead from official HY-World-2.0 source; not deeply audited; no commercial permission inferred
i41-mapanything-crop-unspecified,MapAnything,UAV3DCrop official pretrained variant unspecified,multi-view_geometry,36 RGB images per subset,metric geometry,RGB only; reference reserved for scoring,unknown,evaluated_release_identity_unresolved,https://arxiv.org/abs/2608.06404v1,2608.06404v1,unknown,unknown,unknown,unknown,unknown,Paper does not pin original/Apache/v1/current checkpoint; scores must not transfer to commercial shortlist.,Independent evaluation record only; exact license unresolved because checkpoint identity absent.
i41-mapanything-da3-unspecified,MapAnything,DA3 paper MapAnything comparison variant unspecified,multi-view_geometry,DTU 49 RGB views with/without supplied poses; ETH3D RGB views with cameras inferred,metric geometry,Comparison mode differs: inferred cameras versus GT poses for reconstruction,unknown,evaluated_release_identity_unresolved,https://arxiv.org/abs/2511.10647v1,2511.10647v1,unknown,unknown,unknown,unknown,unknown,DA3 Tables 2/3 do not pin the evaluated MapAnything checkpoint; no exact binary linkage established.,"Source-specific comparison identity. i41-mapanything-v1 is a chronological release candidate only, not an established match. Benchmark does not establish checkpoint license or commercial permission."
i42-dav2-small,Depth Anything V2,ViT-S relative; depth_anything_v2_vits.pth,efficient,single RGB image,affine-invariant inverse depth,none,24.8M (official README),released; ungated,https://arxiv.org/html/2406.09414v2,arXiv2406.09414v2,https://github.com/DepthAnything/Depth-Anything-V2,a561b849ebae10a6f5ef49e26c83cbbcd36c71bf,https://huggingface.co/depth-anything/Depth-Anything-V2-Small,03876f8651c73a60fe4c2c48294e09fcb6838fcf,PyTorch; OpenCV; requirements.txt at pinned code,Official OpenCV and HF Pillow upsampling can differ; metric Table4 checkpoints are not this relative model,Default shorter side 518 with aspect retained and dimensions multiple of14; prediction resized to original HxW. Larger input option does not itself demonstrate extra detail; no base/refiner stages.
i42-dav2-small-hypersim,Depth Anything V2,ViT-S metric indoor Hypersim; depth_anything_v2_metric_hypersim_vits.pth,efficient,single RGB image,metric depth; indoor head,none,24.8M (official small architecture),released; ungated,https://arxiv.org/html/2406.09414v2,arXiv2406.09414v2,https://github.com/DepthAnything/Depth-Anything-V2,a561b849ebae10a6f5ef49e26c83cbbcd36c71bf,https://huggingface.co/depth-anything/Depth-Anything-V2-Metric-Hypersim-Small,3bc65d4e14a6786a61acec16453c50e12bf5f338,PyTorch; metric_depth subdirectory,Released Hypersim checkpoint is NOT NYUv2-finetuned Table4 ViT-S model; no Table4 score attached,Single feed-forward model; default518 input and resized original output. Domain-specific metric alternative; check indoor range before later testing.
i42-efficientdepth-stage3,EfficientDepth,MiT-B5 + convolution decoder + bimodal disparity head; Stage3,efficient,single RGB image,affine-invariant disparity,none,unknown (encoder named; total not stated),paper inspected; author checkpoint/code not located,https://arxiv.org/html/2509.22527v1,arXiv2509.22527v1 (2025-09-26),unknown,unknown,unknown,unknown,paper PyTorch; inference precision unknown,No verified released Stage3 artifact,"736x736 primary inference size with aspect-preserving resize/padding; no SimpleBoost in Table3. Reference16 is generic Segmentation Models PyTorch implementation, not proof of model release."
i42-efficientdepth-stage3-boost,EfficientDepth,Stage3 + SimpleBoost,high_resolution_refinement,single RGB image,affine-invariant disparity; patches scale/shift fitted to coarse prediction,none,unknown,paper-only verified; exact release unknown,https://arxiv.org/html/2509.22527v1,arXiv2509.22527v1,unknown,unknown,unknown,unknown,unknown,unknown,SimpleBoost uses overlapping patches aligned to full-image prediction then blending; no learned refiner. Table5 Stage3+ applies only where a side exceeds960. Separate from Stage3 timings.
i42-litedepth,LiteDepth,MAI2022 Zhenyu Li submission; MobileNetV3,efficient,single RGB image,supervised monocular depth; metric scale transfer unknown,none,unknown,code available; README incomplete; exact challenge checkpoint not located,https://arxiv.org/html/2209.00961v1,arXiv2209.00961v1 (2022-09-02),https://github.com/zhyever/LiteDepth,958cf4ea12060e80eacf08a0f4077003db9d9d11,unknown,unknown,Python3.7; PyTorch1.8; ONNX->TensorFlow2.5->TFLite (author README),Do not equate source configs to submitted TFLite checkpoint,480x640 input resized128x160; paper says decoder32x64 (inconsistent with stated4x downsample); upsampled480x640 output. No boundary evidence proving recovery of detail at output size.
i42-midas-swin2-tiny,MiDaS v3.1,SwinV2-T / dpt_swin2_tiny_256.pt,efficient,single RGB image,affine-invariant inverse depth,none,42M,released GitHub v3_1 assets,https://arxiv.org/pdf/2307.14460v1,arXiv2307.14460v1 (2023-07-26),https://github.com/isl-org/MiDaS,454597711a62eabcbf7d1e89f3fb9f569051ac9b,https://github.com/isl-org/MiDaS/releases/tag/v3_1,v3_1 asset name in variant; binary digest unknown,PyTorch; pinned environment.yml,Use paper table precision; README aggregate improvement numbers differ,Square-only native inference 256x256; output resized to original image. Table1 KITTI/NYU starred as non-zero-shot; do not call full table zero-shot.
i42-midas-levit,MiDaS v3.1,LeViT224 / dpt_levit_224.pt,efficient,single RGB image,affine-invariant inverse depth,none,51M,released GitHub v3_1 assets,https://arxiv.org/pdf/2307.14460v1,arXiv2307.14460v1 (2023-07-26),https://github.com/isl-org/MiDaS,454597711a62eabcbf7d1e89f3fb9f569051ac9b,https://github.com/isl-org/MiDaS/releases/tag/v3_1,v3_1 asset name in variant; binary digest unknown,PyTorch; pinned environment.yml,Use paper table precision; README aggregate improvement numbers differ,Square-only native inference 224x224; output resized to original image. Table1 KITTI/NYU starred as non-zero-shot; do not call full table zero-shot.
i42-fastdepth,FastDepth,MobileNet-NNConv5 pruned (ICRA2019),efficient,single RGB image,NYUv2 supervised depth; cross-domain metric validity unknown,none,unknown,author code and MIT-hosted model links; assets not downloaded,https://arxiv.org/abs/1903.03273v1,arXiv1903.03273v1 (2019-03-08),https://github.com/dwofk/fast-depth,e68492011609c9bfb7de6d402da5d1d201d95bd9,http://datasets.lids.mit.edu/fastdepth/results/,unknown,legacy PyTorch; TVM compilation,Compiled TX2 models and training checkpoint differ; no numeric observation extracted here,Historical mobile architecture discovered from LiteDepth reference41; not shortlisted over released modern foundation Small model. No host timing estimate.
i42-infinidepth-rgb,InfiniDepth,DINOv3 ViT-L + implicit decoder; infinidepth.ckpt,high_resolution,single RGB image,affine-invariant log-depth in RGB-only paper; optional MoGe2 restores scale in release,none,15M decoder only (Table6); encoder excluded,released; ungated,https://arxiv.org/html/2601.03252v1,arXiv2601.03252v1 (2026-01-06),https://github.com/zju3dv/InfiniDepth,669a9b8354fb0f3f2f73814207ebdd519dc5c6d3,https://huggingface.co/ritianyu/InfiniDepth,b387ad877e922468fcd85190f24e5b78b28dcd66,Python3.10; PyTorch2.9; xformers; MoGe for metric restoration; optional gsplat,Current wrapper adds MoGe2 metric scaling and optional DA3 sequence alignment; not evidence of RGB-only absolute scale,"Paper Synth4K input504x896; query output3840x2160 directly; real input/output504x672. Same encoded image, arbitrary decoder coordinates. RGB+sensor model is separate, not included."
i42-ppd-da2,Pixel-Perfect Depth,DA2 semantics; ppd.pth + depth_anything_v2_vitl.pth,high_resolution_diffusion,single RGB image,relative depth; optional MoGe2 metric scale/intrinsics recovery,none,500M (README; dependency inclusion unspecified),released; DA2 HF; MoGe2 Google Drive linked in README,https://arxiv.org/abs/2510.07316,NeurIPS2025; release Dec2025 MoGe2 differs,https://github.com/gangweix/pixel-perfect-depth,427a86f5882aa3f7233c1b94fbdccce87f1c8313,https://huggingface.co/gangweix/Pixel-Perfect-Depth,be33763bc1bc1c581869a20ffde66c36b304b1a7,PyTorch; sampling steps configurable; default20 in run_point_cloud.py,MoGe2 semantics update separate from original DA2 checkpoint; no score transplanted between them,Training1024x768; native configurable inference; output bilinearly resized original HxW. Screened here; relative-category evidence owns detailed comparison; no guarantee of temporal consistency from run_video name.
i42-ppd-moge2,Pixel-Perfect Depth,MoGe2 semantics; ppd_moge.pth + moge2.pt,high_resolution_diffusion,single RGB image,relative depth; optional MoGe2 metric scale/intrinsics recovery,none,500M (README; dependency inclusion unspecified),released; DA2 HF; MoGe2 Google Drive linked in README,https://arxiv.org/abs/2510.07316,NeurIPS2025; release Dec2025 MoGe2 differs,https://github.com/gangweix/pixel-perfect-depth,427a86f5882aa3f7233c1b94fbdccce87f1c8313,unknown,unknown,PyTorch; sampling steps configurable; default20 in run_point_cloud.py,MoGe2 semantics update separate from original DA2 checkpoint; no score transplanted between them,Training1024x768; native configurable inference; output bilinearly resized original HxW. Screened here; relative-category evidence owns detailed comparison; no guarantee of temporal consistency from run_video name.
i42-optigeo,OptiGeo,screened paper variant,efficient,single RGB image,unknown,none,unknown,release not verified in category pass,https://arxiv.org/abs/2608.29881v1,arXiv2608.29881v1,unknown,unknown,unknown,unknown,unknown,unknown,Screened Aug30 2026 preprint: compact optical-robustness student. No verified release/license in this bounded pass; no commercial shortlist or copied abstract timing.
i42-xidepth,XiDepth,screened paper variant,efficient,single RGB image,unknown,none,unknown,release not verified in category pass,https://arxiv.org/abs/2608.03666v1,arXiv2608.03666v1,unknown,unknown,unknown,unknown,unknown,unknown,Screened Aug4 2026 preprint; KITTI self-supervised mobile network. Driving domain; Basketball transfer and exact release unresolved.
i42-moge3-vitl,MoGe-3,ViT-L + SSR,high_resolution_refinement,single RGB image,unknown,none,unknown,cross-reference issue38,https://arxiv.org/abs/2607.17967v1,arXiv2607.17967v1,unknown,unknown,unknown,unknown,unknown,unknown,Cross-reference issue38 exact ViT-L inventory: sparse3D refinement of coarse foundation pointmap. Main metric/release/license audit owned by issue38; no score transplanted here.
i42-zoe-u4k,ZoeDepth,coarse; target-trained U4K baseline in PatchFusion,high_resolution_baseline,single RGB image,metric depth,none,unknown,base code available; exact target-trained checkpoint identity unresolved,https://openaccess.thecvf.com/content/CVPR2024/papers/Li_PatchFusion_An_End-to-End_Tile-Based_Framework_for_High-Resolution_Monocular_Metric_Depth_CVPR_2024_paper.pdf,CVPR2024 camera-ready,https://github.com/isl-org/ZoeDepth,d87f17b2f5fdcb174cf4fb115491f4a6c60de152,unknown,unknown,PyTorch; ZoeDepth,Not stock ZoeD_NK zero-shot checkpoint,Full image resized to base estimator input; upsampled high-resolution output; no refiner. Used only as compatible PF paper control.
i42-patchfusion-p16,PatchFusion,ZoeDepth + PatchFusion P16,high_resolution_refinement,single RGB image,metric depth; global coarse scale guides patch fusion,none,unknown,released combined HF ZoeDepth checkpoint; variant-training match unresolved,https://openaccess.thecvf.com/content/CVPR2024/papers/Li_PatchFusion_An_End-to-End_Tile-Based_Framework_for_High-Resolution_Monocular_Metric_Depth_CVPR_2024_paper.pdf,CVPR2024 camera-ready,https://github.com/zhyever/PatchFusion,ab6814fe52d99cec7f0ac831fb3a8bfd4e8b7ff8,https://huggingface.co/Zhyever/patchfusion_zoedepth,dd370f4b1231b32a6f5610e5089a420f55ddc268,PyTorch; ZoeDepth; author environment.yml,HF combined inference release; exact target-trained U4K Table1 checkpoint equivalence not asserted,U4K2160x3840; patches540x960; coarse and fine ZoeDepth plus learned fusion and G2L; P16 regular tiles; R128 adds to P49. CAI assembles high-resolution output; no GT alignment stated.
i42-patchfusion-r128,PatchFusion,ZoeDepth + PatchFusion P49+R128 (177 patches),high_resolution_refinement,single RGB image,metric depth; global coarse scale guides patch fusion,none,unknown,released combined HF ZoeDepth checkpoint; variant-training match unresolved,https://openaccess.thecvf.com/content/CVPR2024/papers/Li_PatchFusion_An_End-to-End_Tile-Based_Framework_for_High-Resolution_Monocular_Metric_Depth_CVPR_2024_paper.pdf,CVPR2024 camera-ready,https://github.com/zhyever/PatchFusion,ab6814fe52d99cec7f0ac831fb3a8bfd4e8b7ff8,https://huggingface.co/Zhyever/patchfusion_zoedepth,dd370f4b1231b32a6f5610e5089a420f55ddc268,PyTorch; ZoeDepth; author environment.yml,HF combined inference release; exact target-trained U4K Table1 checkpoint equivalence not asserted,U4K2160x3840; patches540x960; coarse and fine ZoeDepth plus learned fusion and G2L; P16 regular tiles; R128 adds to P49. CAI assembles high-resolution output; no GT alignment stated.
i42-pf-dagger,PatchFusion,Zoe coarse + PF dagger P16,high_resolution_refinement,single RGB image,metric depth; coarse-base scale,none,432.7M additional,paper dagger baseline; released artifact correspondence unresolved,https://arxiv.org/html/2501.01121v1,arXiv2501.01121v1 (2025-01-02),https://github.com/zhyever/PatchFusion,ab6814fe52d99cec7f0ac831fb3a8bfd4e8b7ff8,unknown,unknown,PyTorch; ZoeDepth coarse; author install instructions,v1 results; released ICLR2026 artifacts not established identical; dagger removes fine-branch nonpublic MiDaS pretraining,"Input2160x3840;16 patches540x960; coarse-base plus refinement. Parameters/timing are ADDITIONAL refiner only. Dagger is pretraining alignment, not GT alignment."
i42-pr-dagger,PatchRefiner,Zoe coarse + PR dagger P16,high_resolution_refinement,single RGB image,metric depth; coarse-base scale,none,369.0M additional,paper dagger baseline; released artifact correspondence unresolved,https://arxiv.org/html/2501.01121v1,arXiv2501.01121v1 (2025-01-02),https://github.com/zhyever/PatchRefiner,b2e747716a697a106e26ee6890b34ad7dcc89d10,unknown,unknown,PyTorch; ZoeDepth coarse; author install instructions,v1 results; released ICLR2026 artifacts not established identical; dagger removes fine-branch nonpublic MiDaS pretraining,"Input2160x3840;16 patches540x960; coarse-base plus refinement. Parameters/timing are ADDITIONAL refiner only. Dagger is pretraining alignment, not GT alignment."
i42-prv2-m,PatchRefiner V2,Zoe coarse + MobileNet-Small refiner P16,high_resolution_refinement,single RGB image,metric depth; coarse-base scale,none,47.0M additional,PRV2 U4K/CS release announced2026-02-17; exact M/E/C mapping unresolved,https://arxiv.org/html/2501.01121v1,arXiv2501.01121v1 (2025-01-02),https://github.com/zhyever/PatchRefinerV2,7f6341c58c12d98743edb8769d0471fbf9f17e62,https://drive.google.com/drive/folders/122ftVbSHBOgGcVv6fXY3rbpM69pID_82,unknown,PyTorch; ZoeDepth coarse; author install instructions,v1 results; released ICLR2026 artifacts not established identical; dagger removes fine-branch nonpublic MiDaS pretraining,"Input2160x3840;16 patches540x960; coarse-base plus refinement. Parameters/timing are ADDITIONAL refiner only. Dagger is pretraining alignment, not GT alignment."
i42-prv2-e,PatchRefiner V2,Zoe coarse + EfficientNet-B5 refiner P16,high_resolution_refinement,single RGB image,metric depth; coarse-base scale,none,72.1M additional,PRV2 U4K/CS release announced2026-02-17; exact M/E/C mapping unresolved,https://arxiv.org/html/2501.01121v1,arXiv2501.01121v1 (2025-01-02),https://github.com/zhyever/PatchRefinerV2,7f6341c58c12d98743edb8769d0471fbf9f17e62,https://drive.google.com/drive/folders/122ftVbSHBOgGcVv6fXY3rbpM69pID_82,unknown,PyTorch; ZoeDepth coarse; author install instructions,v1 results; released ICLR2026 artifacts not established identical; dagger removes fine-branch nonpublic MiDaS pretraining,"Input2160x3840;16 patches540x960; coarse-base plus refinement. Parameters/timing are ADDITIONAL refiner only. Dagger is pretraining alignment, not GT alignment."
i42-prv2-c,PatchRefiner V2,Zoe coarse + ConvNeXt-Large refiner P16,high_resolution_refinement,single RGB image,metric depth; coarse-base scale,none,245.8M additional,PRV2 U4K/CS release announced2026-02-17; exact M/E/C mapping unresolved,https://arxiv.org/html/2501.01121v1,arXiv2501.01121v1 (2025-01-02),https://github.com/zhyever/PatchRefinerV2,7f6341c58c12d98743edb8769d0471fbf9f17e62,https://drive.google.com/drive/folders/122ftVbSHBOgGcVv6fXY3rbpM69pID_82,unknown,PyTorch; ZoeDepth coarse; author install instructions,v1 results; released ICLR2026 artifacts not established identical; dagger removes fine-branch nonpublic MiDaS pretraining,"Input2160x3840;16 patches540x960; coarse-base plus refinement. Parameters/timing are ADDITIONAL refiner only. Dagger is pretraining alignment, not GT alignment."
i42-boosting-midas,BoostingDepth,MiDaS + learned pix2pix merge; adaptive patches,high_resolution_refinement,single RGB image,relative disparity; base dependent,none,unknown,code and merge weight link released,https://yaksoy.github.io/papers/CVPR21-HighResDepth.pdf,CVPR2021 camera-ready,https://github.com/compphoto/BoostingMonocularDepth,fa16de03ec985c74aa4a0109b7235d78a4e598e7,https://github.com/compphoto/BoostingMonocularDepth,unknown,legacy PyTorch; MiDaS and pix2pix,PatchFusion/PRO retrained Boosting baselines differ from original model,"Coarse/high-res base estimates plus adaptive patch estimates and learned merge; output arbitrary spatial size, no intrinsic metric scale. Original comparison uses disparity RMSE/D3R."
i42-pro-da2,PRO,PRO.pth + Depth Anything V2 Large; P16,high_resolution_refinement,single RGB image,relative depth; base DA2 scale ambiguity,none,unknown,code and Dropbox PRO.pth released,https://openaccess.thecvf.com/content/ICCV2025/papers/Kwon_One_Look_is_Enough_Seamless_Patchwise_Refinement_for_Zero-Shot_Monocular_ICCV_2025_paper.pdf,ICCV2025 camera-ready,https://github.com/KAIST-VICLab/One-Look-is-Enough,42aff9ab05c7a3e5e982892115941811ff262e8e,https://www.dropbox.com/scl/fi/otwh4ne7s69zzb8s9qt32/PRO.pth?rlkey=gs9dbomwtgyoyets3moha83yq&st=3cmbmp6k&dl=0,unknown,PyTorch; DA V2 Large; multiple patches,PRO paper rebuilds all high-res models with DA2; not original ZoeDepth PF results,Base input518x518; whole-image global context cached once; patch refinement. Aligned real-data evaluation does not establish metric scale; exact evaluator crop/alignment requires trace before pooling.
i42-hyden-moge2,HyDen,MoGeV2-Large-Metric-Point,high_resolution,single RGB image,metric 3D point map,none,unknown,author README release2026-05-21; exact pin not audited,https://openreview.net/forum?id=2eL6yXLCh8,ICLR2026; source screen,https://github.com/facebookresearch/metadepth,unknown,unknown,unknown,unknown,unknown,Dual CNN+ViT encoder; bounded final lead. No headline speed multiplier extracted; precision/resolution/combination/license audit delegated to consolidated gap review.
i42-yolo26n-depth,YOLO26,n-depth released log-head,efficient,single RGB image,relative log-depth; metric output needs fitted two-parameter calibration,none,unknown,official release linked; historical revision unpinned,https://docs.ultralytics.com/tasks/depth,mutable official docs accessed2026-09-30,unknown,unknown,unknown,unknown,unknown,unknown,Official docs identify TTA/log-least-squares accuracy vs inference-only latency with no shared DA2 accuracy protocol. Numeric claims withheld pending cutoff pin; current banner mentions unreleasedYOLO27.
