test_assignment_survives_sam_and_pair_propagation (test_vipe_benchmark_s1_semantics.S1SemanticsTests.test_assignment_survives_sam_and_pair_propagation) ... ok
test_contract_rejects_missing_or_tampered_assignment (test_vipe_benchmark_s1_semantics.S1SemanticsTests.test_contract_rejects_missing_or_tampered_assignment) ... ok
test_empty_combined_disagreement_tie_and_subword_sum (test_vipe_benchmark_s1_semantics.S1SemanticsTests.test_empty_combined_disagreement_tie_and_subword_sum) ... ok
test_invalid_evidence_and_unamended_contract (test_vipe_benchmark_s1_semantics.S1SemanticsTests.test_invalid_evidence_and_unamended_contract) ... ok
test_native_query_alignment_and_full_evidence (test_vipe_benchmark_s1_semantics.S1SemanticsTests.test_native_query_alignment_and_full_evidence) ... ok

----------------------------------------------------------------------
Ran 5 tests in 0.014s

OK
test_collection_rereads_same_size_same_mtime (test_vipe_benchmark_s1_recovery.DeclarationCacheTests.test_collection_rereads_same_size_same_mtime) ... ok
test_collection_warm_cache_does_not_hide_deletion (test_vipe_benchmark_s1_recovery.DeclarationCacheTests.test_collection_warm_cache_does_not_hide_deletion) ... ok
test_exact_text_and_module_keys (test_vipe_benchmark_s1_recovery.DeclarationCacheTests.test_exact_text_and_module_keys) ... ok
test_invalid_inputs_are_not_cached (test_vipe_benchmark_s1_recovery.DeclarationCacheTests.test_invalid_inputs_are_not_cached) ... ok
test_lru_bound_and_eviction (test_vipe_benchmark_s1_recovery.DeclarationCacheTests.test_lru_bound_and_eviction) ... ok
test_repeated_exact_key_reuses_parse (test_vipe_benchmark_s1_recovery.DeclarationCacheTests.test_repeated_exact_key_reuses_parse) ... ok
test_returned_mutation_isolation (test_vipe_benchmark_s1_recovery.DeclarationCacheTests.test_returned_mutation_isolation) ... ok
test_alignment_layout_pre_forward_and_no_stale_capture (test_vipe_benchmark_s1_recovery.FailureEvidenceTests.test_alignment_layout_pre_forward_and_no_stale_capture) ... ok
test_first_result_failure_stops_before_second_input (test_vipe_benchmark_s1_recovery.FailureEvidenceTests.test_first_result_failure_stops_before_second_input) ... ok
test_direct_script_declaration_lookup (test_vipe_benchmark_s1_recovery.NumericalEnvelopeTests.test_direct_script_declaration_lookup) ... ok
test_produced_and_qualified_numerical_rows (test_vipe_benchmark_s1_recovery.NumericalEnvelopeTests.test_produced_and_qualified_numerical_rows) ... ok
test_sum_and_allocator_boundaries (test_vipe_benchmark_s1_recovery.NumericalEnvelopeTests.test_sum_and_allocator_boundaries) ... ok
test_terminal_and_resolver_numerical_mutations (test_vipe_benchmark_s1_recovery.NumericalEnvelopeTests.test_terminal_and_resolver_numerical_mutations) ... ERROR
test_typed_numerical_fields (test_vipe_benchmark_s1_recovery.NumericalEnvelopeTests.test_typed_numerical_fields) ... ok
test_accounting_mutations (test_vipe_benchmark_s1_recovery.ReceiptContractTests.test_accounting_mutations) ... ok
test_artifact_record_matrix (test_vipe_benchmark_s1_recovery.ReceiptContractTests.test_artifact_record_matrix) ... ok
test_binding_mutations (test_vipe_benchmark_s1_recovery.ReceiptContractTests.test_binding_mutations) ... ok
test_callback_mutations (test_vipe_benchmark_s1_recovery.ReceiptContractTests.test_callback_mutations) ... ok
test_declaration_parser_mutations (test_vipe_benchmark_s1_recovery.ReceiptContractTests.test_declaration_parser_mutations) ... ok
test_execution_mutations (test_vipe_benchmark_s1_recovery.ReceiptContractTests.test_execution_mutations) ... ok
test_legacy_receipts_rejected (test_vipe_benchmark_s1_recovery.ReceiptContractTests.test_legacy_receipts_rejected) ... ok
test_positive_complete_fixture (test_vipe_benchmark_s1_recovery.ReceiptContractTests.test_positive_complete_fixture) ... ok
test_stdio_sentinels_bind_creation_semantics (test_vipe_benchmark_s1_recovery.ReceiptContractTests.test_stdio_sentinels_bind_creation_semantics) ... ok
test_typed_primitive_callbacks (test_vipe_benchmark_s1_recovery.ReceiptContractTests.test_typed_primitive_callbacks) ... ok
test_acceptance_and_historical_authority (test_vipe_benchmark_s1_recovery.ReservationClockTests.test_acceptance_and_historical_authority) ... ERROR
test_context_matrix (test_vipe_benchmark_s1_recovery.ReservationClockTests.test_context_matrix) ... ok
test_failure_reconciliation (test_vipe_benchmark_s1_recovery.ReservationClockTests.test_failure_reconciliation) ... ok
test_identical_reuse_and_conflicts (test_vipe_benchmark_s1_recovery.ReservationClockTests.test_identical_reuse_and_conflicts) ... ok
test_phase_boundaries (test_vipe_benchmark_s1_recovery.ReservationClockTests.test_phase_boundaries) ... ok
test_real_segment_publication_barriers (test_vipe_benchmark_s1_recovery.ReservationClockTests.test_real_segment_publication_barriers) ... ok
test_worker_bootstrap (test_vipe_benchmark_s1_recovery.ReservationClockTests.test_worker_bootstrap) ... ok
test_binding_historical_versus_canonical_and_no_mutation (test_vipe_benchmark_s1_recovery.S1RecoveryTests.test_binding_historical_versus_canonical_and_no_mutation) ... ok
test_changed_prerequisite_records_rejected (test_vipe_benchmark_s1_recovery.S1RecoveryTests.test_changed_prerequisite_records_rejected) ... ok
test_exhausted_state (test_vipe_benchmark_s1_recovery.S1RecoveryTests.test_exhausted_state) ... ok
test_live_cleanup_active_and_exhausted_state (test_vipe_benchmark_s1_recovery.S1RecoveryTests.test_live_cleanup_active_and_exhausted_state) ... ok
test_reduced_cumulative_deadline (test_vipe_benchmark_s1_recovery.S1RecoveryTests.test_reduced_cumulative_deadline) ... ok
test_reduced_remaining_time_and_mutation_at_reservation_lock (test_vipe_benchmark_s1_recovery.S1RecoveryTests.test_reduced_remaining_time_and_mutation_at_reservation_lock) ... ok
test_registered_authorization_and_validation_mutation_block (test_vipe_benchmark_s1_recovery.S1RecoveryTests.test_registered_authorization_and_validation_mutation_block) ... ok
test_registration_needs_admission_duplicate_and_reservation_consumes_once (test_vipe_benchmark_s1_recovery.S1RecoveryTests.test_registration_needs_admission_duplicate_and_reservation_consumes_once) ... ok
test_result_requires_supervised_cleanup_and_exact_membership (test_vipe_benchmark_s1_recovery.S1RecoveryTests.test_result_requires_supervised_cleanup_and_exact_membership) ... ERROR
test_source_requalification_preserves_allocation_and_binds_reservation (test_vipe_benchmark_s1_recovery.S1RecoveryTests.test_source_requalification_preserves_allocation_and_binds_reservation) ... ok
test_source_requalification_rejects_scope_and_snapshot_changes_without_append (test_vipe_benchmark_s1_recovery.S1RecoveryTests.test_source_requalification_rejects_scope_and_snapshot_changes_without_append) ... ok
test_typed_scope_schema_branch_and_second_identity (test_vipe_benchmark_s1_recovery.S1RecoveryTests.test_typed_scope_schema_branch_and_second_identity) ... ok
test_validation_missing_extra_duplicate_aliased_stale_and_failed_receipts (test_vipe_benchmark_s1_recovery.S1RecoveryTests.test_validation_missing_extra_duplicate_aliased_stale_and_failed_receipts) ... ok

======================================================================
ERROR: test_terminal_and_resolver_numerical_mutations (test_vipe_benchmark_s1_recovery.NumericalEnvelopeTests.test_terminal_and_resolver_numerical_mutations)
----------------------------------------------------------------------
Traceback (most recent call last):
  File "/home/auss/git_repos/samaust/Experiments_4DGS/scripts/vipe_benchmark/supervisor.py", line 446, in supervise
    process = create_owned_process('supervisor worker',subprocess.Popen,command, deadline=run_deadline if is_s1 else None, stdout=log, stderr=subprocess.STDOUT,
                               start_new_session=True, env=env)
  File "/home/auss/git_repos/samaust/Experiments_4DGS/scripts/vipe_benchmark/s1_helper_session.py", line 1593, in create_owned_process
    handle=create(*checked[2],**checked[3])
  File "/usr/lib/python3.14/unittest/mock.py", line 1176, in __call__
    return self._mock_call(*args, **kwargs)
           ~~~~~~~~~~~~~~~^^^^^^^^^^^^^^^^^
  File "/usr/lib/python3.14/unittest/mock.py", line 1180, in _mock_call
    return self._execute_mock_call(*args, **kwargs)
           ~~~~~~~~~~~~~~~~~~~~~~~^^^^^^^^^^^^^^^^^
  File "/usr/lib/python3.14/unittest/mock.py", line 1247, in _execute_mock_call
    result = effect(*args, **kwargs)
  File "/home/auss/git_repos/samaust/Experiments_4DGS/tests/test_vipe_benchmark_s1_recovery.py", line 457, in worker
    request=read_json(command[command.index('--request')+1])
                              ~~~~~~~~~~~~~^^^^^^^^^^^^^
ValueError: tuple.index(x): x not in tuple

The above exception was the direct cause of the following exception:

Traceback (most recent call last):
  File "/home/auss/git_repos/samaust/Experiments_4DGS/tests/test_vipe_benchmark_s1_recovery.py", line 2535, in test_terminal_and_resolver_numerical_mutations
    _, request, record = fixture.run_controller()
                         ~~~~~~~~~~~~~~~~~~~~~~^^
  File "/home/auss/git_repos/samaust/Experiments_4DGS/tests/test_vipe_benchmark_s1_recovery.py", line 520, in run_controller
    execute_s1_recovery(self.root,docs,self.config,auth)
    ~~~~~~~~~~~~~~~~~~~^^^^^^^^^^^^^^^^^^^^^^^^^^^^^^^^^
  File "/home/auss/git_repos/samaust/Experiments_4DGS/scripts/vipe_benchmark/execution.py", line 669, in execute_s1_recovery
    return dispatch(local, docs, config, component_recovery_request(local, config, JOB))
  File "/home/auss/git_repos/samaust/Experiments_4DGS/scripts/vipe_benchmark/execution.py", line 545, in dispatch
    result = supervise(ledger, job, command, local / 'jobs' / suffix,
        evidence=evidence,
        sample_resources=s1_sampling_operation(local) if job == 'S1-calibration-recovery-001' else lambda: resources(local, gpu=device_monitored),
        validate_result=validate, poll_seconds=.1 if job == 'S1-calibration-recovery-001' else 2., checkpoint=checkpoint, resume_checkpoint=resume_checkpoint,
        terminal_publisher=publish if job == 'S1-calibration-recovery-001' else None, terminal_docs=docs)
  File "/home/auss/git_repos/samaust/Experiments_4DGS/scripts/vipe_benchmark/supervisor.py", line 607, in supervise
    raise failure from primary_exception
vipe_benchmark.supervisor.SupervisionFailure: ValueError: tuple.index(x): x not in tuple

======================================================================
ERROR: test_acceptance_and_historical_authority (test_vipe_benchmark_s1_recovery.ReservationClockTests.test_acceptance_and_historical_authority)
----------------------------------------------------------------------
Traceback (most recent call last):
  File "/home/auss/git_repos/samaust/Experiments_4DGS/scripts/vipe_benchmark/supervisor.py", line 446, in supervise
    process = create_owned_process('supervisor worker',subprocess.Popen,command, deadline=run_deadline if is_s1 else None, stdout=log, stderr=subprocess.STDOUT,
                               start_new_session=True, env=env)
  File "/home/auss/git_repos/samaust/Experiments_4DGS/scripts/vipe_benchmark/s1_helper_session.py", line 1593, in create_owned_process
    handle=create(*checked[2],**checked[3])
  File "/usr/lib/python3.14/unittest/mock.py", line 1176, in __call__
    return self._mock_call(*args, **kwargs)
           ~~~~~~~~~~~~~~~^^^^^^^^^^^^^^^^^
  File "/usr/lib/python3.14/unittest/mock.py", line 1180, in _mock_call
    return self._execute_mock_call(*args, **kwargs)
           ~~~~~~~~~~~~~~~~~~~~~~~^^^^^^^^^^^^^^^^^
  File "/usr/lib/python3.14/unittest/mock.py", line 1247, in _execute_mock_call
    result = effect(*args, **kwargs)
  File "/home/auss/git_repos/samaust/Experiments_4DGS/tests/test_vipe_benchmark_s1_recovery.py", line 457, in worker
    request=read_json(command[command.index('--request')+1])
                              ~~~~~~~~~~~~~^^^^^^^^^^^^^
ValueError: tuple.index(x): x not in tuple

The above exception was the direct cause of the following exception:

Traceback (most recent call last):
  File "/home/auss/git_repos/samaust/Experiments_4DGS/tests/test_vipe_benchmark_s1_recovery.py", line 2392, in test_acceptance_and_historical_authority
    _,request,record=fixture.run_controller(); clock=fixture.clock
                     ~~~~~~~~~~~~~~~~~~~~~~^^
  File "/home/auss/git_repos/samaust/Experiments_4DGS/tests/test_vipe_benchmark_s1_recovery.py", line 520, in run_controller
    execute_s1_recovery(self.root,docs,self.config,auth)
    ~~~~~~~~~~~~~~~~~~~^^^^^^^^^^^^^^^^^^^^^^^^^^^^^^^^^
  File "/home/auss/git_repos/samaust/Experiments_4DGS/scripts/vipe_benchmark/execution.py", line 669, in execute_s1_recovery
    return dispatch(local, docs, config, component_recovery_request(local, config, JOB))
  File "/home/auss/git_repos/samaust/Experiments_4DGS/scripts/vipe_benchmark/execution.py", line 545, in dispatch
    result = supervise(ledger, job, command, local / 'jobs' / suffix,
        evidence=evidence,
        sample_resources=s1_sampling_operation(local) if job == 'S1-calibration-recovery-001' else lambda: resources(local, gpu=device_monitored),
        validate_result=validate, poll_seconds=.1 if job == 'S1-calibration-recovery-001' else 2., checkpoint=checkpoint, resume_checkpoint=resume_checkpoint,
        terminal_publisher=publish if job == 'S1-calibration-recovery-001' else None, terminal_docs=docs)
  File "/home/auss/git_repos/samaust/Experiments_4DGS/scripts/vipe_benchmark/supervisor.py", line 607, in supervise
    raise failure from primary_exception
vipe_benchmark.supervisor.SupervisionFailure: ValueError: tuple.index(x): x not in tuple

======================================================================
ERROR: test_result_requires_supervised_cleanup_and_exact_membership (test_vipe_benchmark_s1_recovery.S1RecoveryTests.test_result_requires_supervised_cleanup_and_exact_membership)
----------------------------------------------------------------------
Traceback (most recent call last):
  File "/home/auss/git_repos/samaust/Experiments_4DGS/scripts/vipe_benchmark/supervisor.py", line 446, in supervise
    process = create_owned_process('supervisor worker',subprocess.Popen,command, deadline=run_deadline if is_s1 else None, stdout=log, stderr=subprocess.STDOUT,
                               start_new_session=True, env=env)
  File "/home/auss/git_repos/samaust/Experiments_4DGS/scripts/vipe_benchmark/s1_helper_session.py", line 1593, in create_owned_process
    handle=create(*checked[2],**checked[3])
  File "/usr/lib/python3.14/unittest/mock.py", line 1176, in __call__
    return self._mock_call(*args, **kwargs)
           ~~~~~~~~~~~~~~~^^^^^^^^^^^^^^^^^
  File "/usr/lib/python3.14/unittest/mock.py", line 1180, in _mock_call
    return self._execute_mock_call(*args, **kwargs)
           ~~~~~~~~~~~~~~~~~~~~~~~^^^^^^^^^^^^^^^^^
  File "/usr/lib/python3.14/unittest/mock.py", line 1247, in _execute_mock_call
    result = effect(*args, **kwargs)
  File "/home/auss/git_repos/samaust/Experiments_4DGS/tests/test_vipe_benchmark_s1_recovery.py", line 457, in worker
    request=read_json(command[command.index('--request')+1])
                              ~~~~~~~~~~~~~^^^^^^^^^^^^^
ValueError: tuple.index(x): x not in tuple

The above exception was the direct cause of the following exception:

Traceback (most recent call last):
  File "/home/auss/git_repos/samaust/Experiments_4DGS/tests/test_vipe_benchmark_s1_recovery.py", line 550, in test_result_requires_supervised_cleanup_and_exact_membership
    auth,request,result=self.run_controller()
                        ~~~~~~~~~~~~~~~~~~~^^
  File "/home/auss/git_repos/samaust/Experiments_4DGS/tests/test_vipe_benchmark_s1_recovery.py", line 520, in run_controller
    execute_s1_recovery(self.root,docs,self.config,auth)
    ~~~~~~~~~~~~~~~~~~~^^^^^^^^^^^^^^^^^^^^^^^^^^^^^^^^^
  File "/home/auss/git_repos/samaust/Experiments_4DGS/scripts/vipe_benchmark/execution.py", line 669, in execute_s1_recovery
    return dispatch(local, docs, config, component_recovery_request(local, config, JOB))
  File "/home/auss/git_repos/samaust/Experiments_4DGS/scripts/vipe_benchmark/execution.py", line 545, in dispatch
    result = supervise(ledger, job, command, local / 'jobs' / suffix,
        evidence=evidence,
        sample_resources=s1_sampling_operation(local) if job == 'S1-calibration-recovery-001' else lambda: resources(local, gpu=device_monitored),
        validate_result=validate, poll_seconds=.1 if job == 'S1-calibration-recovery-001' else 2., checkpoint=checkpoint, resume_checkpoint=resume_checkpoint,
        terminal_publisher=publish if job == 'S1-calibration-recovery-001' else None, terminal_docs=docs)
  File "/home/auss/git_repos/samaust/Experiments_4DGS/scripts/vipe_benchmark/supervisor.py", line 607, in supervise
    raise failure from primary_exception
vipe_benchmark.supervisor.SupervisionFailure: ValueError: tuple.index(x): x not in tuple

----------------------------------------------------------------------
Ran 44 tests in 48.866s

FAILED (errors=3)
test_grounding_uses_native_caption_thresholds_and_float_boxes (test_vipe_benchmark_backends.AssetAndDetectorTests.test_grounding_uses_native_caption_thresholds_and_float_boxes) ... ok
test_missing_assets_fail_before_torch_import (test_vipe_benchmark_backends.AssetAndDetectorTests.test_missing_assets_fail_before_torch_import) ... ok
test_phrase_ambiguity_and_capacity_fail_before_casting (test_vipe_benchmark_backends.AssetAndDetectorTests.test_phrase_ambiguity_and_capacity_fail_before_casting) ... ok
test_rtdetr_threshold_equality_label_names_and_processor (test_vipe_benchmark_backends.AssetAndDetectorTests.test_rtdetr_threshold_equality_label_names_and_processor) ... ok
test_source_pin_and_snapshot_contents_are_not_inferred_from_directory_name (test_vipe_benchmark_backends.AssetAndDetectorTests.test_source_pin_and_snapshot_contents_are_not_inferred_from_directory_name) ... ok
test_d0_preserves_native_centered_K_and_float_invocation (test_vipe_benchmark_backends.DepthTests.test_d0_preserves_native_centered_K_and_float_invocation) ... ok
test_da3_invalid_support_is_not_interpolated_and_double_scaling_fails (test_vipe_benchmark_backends.DepthTests.test_da3_invalid_support_is_not_interpolated_and_double_scaling_fails) ... ok
test_da3_uses_processor_K_once_no_pose_alignment_and_missing_confidence (test_vipe_benchmark_backends.DepthTests.test_da3_uses_processor_K_once_no_pose_alignment_and_missing_confidence) ... ok
test_depth_pro_focal_device_tensor_native_inversion_and_no_extra_factor (test_vipe_benchmark_backends.DepthTests.test_depth_pro_focal_device_tensor_native_inversion_and_no_extra_factor) ... ok
test_metric3d_resized_focal_unpad_and_native_clamp (test_vipe_benchmark_backends.DepthTests.test_metric3d_resized_focal_unpad_and_native_clamp) ... ok
test_unidepth_byte_nchw_K_and_actual_dimensions (test_vipe_benchmark_backends.DepthTests.test_unidepth_byte_nchw_K_and_actual_dimensions) ... ok
test_d1_native_constructor_only_uses_explicit_snapshot_and_bilinear (test_vipe_benchmark_backends.FactoryTests.test_d1_native_constructor_only_uses_explicit_snapshot_and_bilinear) ... ok
test_metric3d_hub_is_local_and_never_fetches_pretrained_URL (test_vipe_benchmark_backends.FactoryTests.test_metric3d_hub_is_local_and_never_fetches_pretrained_URL) ... ok
test_sam2_requires_native_extension_and_disables_build_compilation (test_vipe_benchmark_backends.FactoryTests.test_sam2_requires_native_extension_and_disables_build_compilation) ... ok
test_sam3_missing_required_weight_stops_before_processor_and_restores_loader (test_vipe_benchmark_backends.FactoryTests.test_sam3_missing_required_weight_stops_before_processor_and_restores_loader) ... ok
test_sam3_preserves_native_key_selection_records_extras_and_moves_cuda_index (test_vipe_benchmark_backends.FactoryTests.test_sam3_preserves_native_key_selection_records_extras_and_moves_cuda_index) ... ok
test_sam3_serial_and_perflib_overrides_are_checked_without_fallback (test_vipe_benchmark_backends.FactoryTests.test_sam3_serial_and_perflib_overrides_are_checked_without_fallback) ... ok
test_sam3_unobserved_or_repeated_checkpoint_load_cannot_qualify (test_vipe_benchmark_backends.FactoryTests.test_sam3_unobserved_or_repeated_checkpoint_load_cannot_qualify) ... ok
test_fresh_trackers_reuse_stable_checkpoint_cache_keys (test_vipe_benchmark_backends.HistoricalCacheBindingTests.test_fresh_trackers_reuse_stable_checkpoint_cache_keys) ... ok
test_s0_observes_native_scores_without_changing_invocation (test_vipe_benchmark_backends.LegacyAndSAM3Tests.test_s0_observes_native_scores_without_changing_invocation) ... ok
test_s1_native_box_refinement_tiny_masks_merge_and_tracking (test_vipe_benchmark_backends.LegacyAndSAM3Tests.test_s1_native_box_refinement_tiny_masks_merge_and_tracking) ... ok
test_sam3_separate_concepts_native_births_and_score_ties (test_vipe_benchmark_backends.LegacyAndSAM3Tests.test_sam3_separate_concepts_native_births_and_score_ties) ... ok
test_constructor_failure_restores_cwd_and_native_builder (test_vipe_benchmark_backends.S1NativeBridgeTests.test_constructor_failure_restores_cwd_and_native_builder) ... ok
test_constructor_rejects_changed_arguments_and_unsupervised_temporary_root (test_vipe_benchmark_backends.S1NativeBridgeTests.test_constructor_rejects_changed_arguments_and_unsupervised_temporary_root) ... ok
test_constructor_removes_only_inert_argument_and_contains_native_config_writes (test_vipe_benchmark_backends.S1NativeBridgeTests.test_constructor_removes_only_inert_argument_and_contains_native_config_writes) ... ok
test_memory_update_uses_exact_native_nearest_grid_and_keeps_original_export (test_vipe_benchmark_backends.S1NativeBridgeTests.test_memory_update_uses_exact_native_nearest_grid_and_keeps_original_export) ... ok
test_native_palette_import_preserves_seed_state_on_success_and_failure (test_vipe_benchmark_backends.S1NativeBridgeTests.test_native_palette_import_preserves_seed_state_on_success_and_failure) ... ok
test_native_wrapper_argument_drift_is_rejected_before_engine_construction (test_vipe_benchmark_backends.S1NativeBridgeTests.test_native_wrapper_argument_drift_is_rejected_before_engine_construction) ... ok
test_pair_bridge_rejects_extra_frames_reference_and_propagation (test_vipe_benchmark_backends.S1NativeBridgeTests.test_pair_bridge_rejects_extra_frames_reference_and_propagation) ... ok
test_pair_bridge_rejects_missing_resets_and_singleton_tracking (test_vipe_benchmark_backends.S1NativeBridgeTests.test_pair_bridge_rejects_missing_resets_and_singleton_tracking) ... ok
test_empty_keyframe_never_runs_successor_detector (test_vipe_benchmark_backends.SAM2Tests.test_empty_keyframe_never_runs_successor_detector) ... ok
test_incomplete_propagation_fails_and_resets (test_vipe_benchmark_backends.SAM2Tests.test_incomplete_propagation_fails_and_resets) ... ok
test_native_postprocessing_skip_fails_pair_and_resets_before_export (test_vipe_benchmark_backends.SAM2Tests.test_native_postprocessing_skip_fails_pair_and_resets_before_export) ... ok
test_pair_reset_highest_iou_original_grid_overlap_and_static (test_vipe_benchmark_backends.SAM2Tests.test_pair_reset_highest_iou_original_grid_overlap_and_static) ... ok
test_source_frames_not_internal_indices_or_cross_role_context (test_vipe_benchmark_backends.SAM2Tests.test_source_frames_not_internal_indices_or_cross_role_context) ... ok

----------------------------------------------------------------------
Ran 35 tests in 0.050s

OK
test_duplicate_missing_and_wrong_grid (test_vipe_benchmark_contracts.AccessTests.test_duplicate_missing_and_wrong_grid) ... ok
test_exact_protocol_counts_and_order (test_vipe_benchmark_contracts.AccessTests.test_exact_protocol_counts_and_order) ... ok
test_hash_change_and_exclusive_output (test_vipe_benchmark_contracts.AccessTests.test_hash_change_and_exclusive_output) ... ok
test_heldout_final_window_wrong_branch_and_pair_rejected (test_vipe_benchmark_contracts.AccessTests.test_heldout_final_window_wrong_branch_and_pair_rejected) ... ok
test_motion_context_roles_and_ends (test_vipe_benchmark_contracts.AccessTests.test_motion_context_roles_and_ends) ... ok
test_pair_contexts_are_distinct_without_weakening_historical_guard (test_vipe_benchmark_contracts.AccessTests.test_pair_contexts_are_distinct_without_weakening_historical_guard) ... ok
test_prohibited_spelling_and_symlink_rejected_without_reading (test_vipe_benchmark_contracts.AccessTests.test_prohibited_spelling_and_symlink_rejected_without_reading) ... ok
test_camera_z_range_and_exactly_one_metric_conversion (test_vipe_benchmark_contracts.ArrayTests.test_camera_z_range_and_exactly_one_metric_conversion) ... ok
test_invalid_depth_nan_contract (test_vipe_benchmark_contracts.ArrayTests.test_invalid_depth_nan_contract) ... ok
test_nonuniform_crop_pad_and_half_pixel_analytic (test_vipe_benchmark_contracts.ArrayTests.test_nonuniform_crop_pad_and_half_pixel_analytic) ... ok
test_overlap_greatest_logit_then_score_then_index (test_vipe_benchmark_contracts.ArrayTests.test_overlap_greatest_logit_then_score_then_index) ... ok
test_radial_remap_against_independent_formula (test_vipe_benchmark_contracts.ArrayTests.test_radial_remap_against_independent_formula) ... ok
test_scaled_camera_projection_and_normalization (test_vipe_benchmark_contracts.ArrayTests.test_scaled_camera_projection_and_normalization) ... ok
test_sparse_cv_quantized_support_including_borders (test_vipe_benchmark_contracts.ArrayTests.test_sparse_cv_quantized_support_including_borders) ... ok
test_static_polarity_semantics_invalid_and_capacity (test_vipe_benchmark_contracts.ArrayTests.test_static_polarity_semantics_invalid_and_capacity) ... ok

----------------------------------------------------------------------
Ran 15 tests in 0.011s

OK
test_recipe_is_derived_from_original_and_missing_prerequisites_block (test_vipe_benchmark_component_recovery.ComponentRecoveryTests.test_recipe_is_derived_from_original_and_missing_prerequisites_block) ... ok
test_scope_validation_and_cumulative_cap_are_not_relaxed (test_vipe_benchmark_component_recovery.ComponentRecoveryTests.test_scope_validation_and_cumulative_cap_are_not_relaxed) ... ok
test_successful_recovery_preserves_failure_and_requires_registered_valid_result (test_vipe_benchmark_component_recovery.ComponentRecoveryTests.test_successful_recovery_preserves_failure_and_requires_registered_valid_result) ... ok

----------------------------------------------------------------------
Ran 3 tests in 0.022s

OK
test_invalid_json_never_publishes_partial_evidence (test_vipe_benchmark_execution.AtomicEvidenceTests.test_invalid_json_never_publishes_partial_evidence) ... ok
test_model_attempts_cannot_use_aggregation_resume (test_vipe_benchmark_execution.CheckpointTests.test_model_attempts_cannot_use_aggregation_resume) ... ok
test_three_stages_consume_one_aggregate_attempt_and_charge_only_active_wall (test_vipe_benchmark_execution.CheckpointTests.test_three_stages_consume_one_aggregate_attempt_and_charge_only_active_wall) ... ok
test_annotation_result_and_aggregate_checkpoint_bind_successful_parent (test_vipe_benchmark_execution.FrozenHandoffTests.test_annotation_result_and_aggregate_checkpoint_bind_successful_parent) ... ok
test_completed_report_is_returned_without_readmission_or_another_pass (test_vipe_benchmark_execution.FrozenHandoffTests.test_completed_report_is_returned_without_readmission_or_another_pass) ... ok
test_failed_readonly_qualification_still_charges_elapsed_cpu (test_vipe_benchmark_execution.FrozenHandoffTests.test_failed_readonly_qualification_still_charges_elapsed_cpu) ... ok
test_orphaned_passing_scale_cannot_admit_check_and_completed_scale_cannot_change (test_vipe_benchmark_execution.FrozenHandoffTests.test_orphaned_passing_scale_cannot_admit_check_and_completed_scale_cannot_change) ... ok
test_worker_error_cannot_override_supervisor_exclusivity_stop (test_vipe_benchmark_execution.FrozenHandoffTests.test_worker_error_cannot_override_supervisor_exclusivity_stop) ... ok
test_worker_retains_grid_identity_and_validates_first_output_before_continuing (test_vipe_benchmark_execution.SegmentationWorkerTests.test_worker_retains_grid_identity_and_validates_first_output_before_continuing) ... ok
test_revision_and_path_traversal_are_checked_before_extracting (test_vipe_benchmark_execution.SourceArchiveTests.test_revision_and_path_traversal_are_checked_before_extracting) ... ok

----------------------------------------------------------------------
Ran 10 tests in 0.066s

OK
test_artifact_allowance_limits_next_read (test_vipe_benchmark_budgets.BudgetTests.test_artifact_allowance_limits_next_read) ... ok
test_artifact_hardlinks_count_once_with_allocated_blocks (test_vipe_benchmark_budgets.BudgetTests.test_artifact_hardlinks_count_once_with_allocated_blocks) ... ok
test_cancelled_waiting_lock_does_not_enter_download_scope (test_vipe_benchmark_budgets.BudgetTests.test_cancelled_waiting_lock_does_not_enter_download_scope) ... ok
test_concurrent_rename_is_rescanned_instead_of_losing_storage (test_vipe_benchmark_budgets.BudgetTests.test_concurrent_rename_is_rescanned_instead_of_losing_storage) ... ok
test_counted_output_cannot_escape_the_run (test_vipe_benchmark_budgets.BudgetTests.test_counted_output_cannot_escape_the_run) ... ok
test_direct_actual_counter_cannot_decrease_or_change_output (test_vipe_benchmark_budgets.BudgetTests.test_direct_actual_counter_cannot_decrease_or_change_output) ... ok
test_direct_file_inside_cache_is_not_also_a_package_proxy (test_vipe_benchmark_budgets.BudgetTests.test_direct_file_inside_cache_is_not_also_a_package_proxy) ... ok
test_direct_progress_baseline_does_not_double_charge_own_flushed_chunk (test_vipe_benchmark_budgets.BudgetTests.test_direct_progress_baseline_does_not_double_charge_own_flushed_chunk) ... ok
test_direct_reservation_survives_failure_receipt_with_fewer_known_bytes (test_vipe_benchmark_budgets.BudgetTests.test_direct_reservation_survives_failure_receipt_with_fewer_known_bytes) ... ok
test_duplicate_identity_and_negative_counts_fail_closed (test_vipe_benchmark_budgets.BudgetTests.test_duplicate_identity_and_negative_counts_fail_closed) ... ok
test_exact_sixty_gib_cap_requires_no_large_fixture (test_vipe_benchmark_budgets.BudgetTests.test_exact_sixty_gib_cap_requires_no_large_fixture) ... ok
test_failed_and_successful_receipts_retain_all_received_bytes (test_vipe_benchmark_budgets.BudgetTests.test_failed_and_successful_receipts_retain_all_received_bytes) ... ok
test_historical_reservation_does_not_mask_new_attempt_local_bytes (test_vipe_benchmark_budgets.BudgetTests.test_historical_reservation_does_not_mask_new_attempt_local_bytes) ... ok
test_incomplete_receipts_fail_closed (test_vipe_benchmark_budgets.BudgetTests.test_incomplete_receipts_fail_closed) ... ok
test_intent_bridges_partial_rename_and_receipt_publication_once (test_vipe_benchmark_budgets.BudgetTests.test_intent_bridges_partial_rename_and_receipt_publication_once) ... ok
test_legacy_teacher_partial_covered_but_later_growth_charged (test_vipe_benchmark_budgets.BudgetTests.test_legacy_teacher_partial_covered_but_later_growth_charged) ... ok
test_lock_caches_scan_but_charges_every_intervening_read (test_vipe_benchmark_budgets.BudgetTests.test_lock_caches_scan_but_charges_every_intervening_read) ... ok
test_negative_count_is_not_silently_ignored (test_vipe_benchmark_budgets.BudgetTests.test_negative_count_is_not_silently_ignored) ... ok
test_nested_scope_indexes_are_fresh_and_preserve_publication_charges (test_vipe_benchmark_budgets.BudgetTests.test_nested_scope_indexes_are_fresh_and_preserve_publication_charges) ... ok
test_new_attempt_on_same_path_adds_bytes_to_historical_failure (test_vipe_benchmark_budgets.BudgetTests.test_new_attempt_on_same_path_adds_bytes_to_historical_failure) ... ok
test_orphan_partial_is_charged (test_vipe_benchmark_budgets.BudgetTests.test_orphan_partial_is_charged) ... ok
test_package_orphan_partial_uses_retained_cache_scope_once (test_vipe_benchmark_budgets.BudgetTests.test_package_orphan_partial_uses_retained_cache_scope_once) ... ok
test_progress_without_final_receipt_or_payload_keeps_crash_charge (test_vipe_benchmark_budgets.BudgetTests.test_progress_without_final_receipt_or_payload_keeps_crash_charge) ... ok
test_received_but_unwritten_bytes_reduce_next_read (test_vipe_benchmark_budgets.BudgetTests.test_received_but_unwritten_bytes_reduce_next_read) ... ok
test_retained_failed_partial_is_not_counted_twice (test_vipe_benchmark_budgets.BudgetTests.test_retained_failed_partial_is_not_counted_twice) ... ok
test_slow_snapshot_still_reuses_inventory_and_charges_pending_bytes (test_vipe_benchmark_budgets.BudgetTests.test_slow_snapshot_still_reuses_inventory_and_charges_pending_bytes) ... ok
test_successful_direct_flush_replaces_reservation_with_actual_bytes_once (test_vipe_benchmark_budgets.BudgetTests.test_successful_direct_flush_replaces_reservation_with_actual_bytes_once) ... ok
test_symlinks_and_prompts_directories_are_not_traversed (test_vipe_benchmark_budgets.BudgetTests.test_symlinks_and_prompts_directories_are_not_traversed) ... ok
test_two_transfer_threads_cannot_spend_the_same_remaining_bytes (test_vipe_benchmark_budgets.BudgetTests.test_two_transfer_threads_cannot_spend_the_same_remaining_bytes) ... ok
test_unreceipted_teacher_output_is_counted_during_publication_gap (test_vipe_benchmark_budgets.BudgetTests.test_unreceipted_teacher_output_is_counted_during_publication_gap) ... ok
test_uv_local_growth_obeys_max_without_double_charging_cache (test_vipe_benchmark_budgets.BudgetTests.test_uv_local_growth_obeys_max_without_double_charging_cache) ... ok
test_uv_uses_larger_wire_or_retained_package_scope (test_vipe_benchmark_budgets.BudgetTests.test_uv_uses_larger_wire_or_retained_package_scope) ... ok

----------------------------------------------------------------------
Ran 32 tests in 0.336s

OK
test_bootstrap_failure_and_eof_preserve_child (test_vipe_benchmark_supervisor.HelperIntegrationTests.test_bootstrap_failure_and_eof_preserve_child) ... ok
test_cleanup_failures (test_vipe_benchmark_supervisor.HelperIntegrationTests.test_cleanup_failures) ... ok
test_cleanup_matrix (test_vipe_benchmark_supervisor.HelperIntegrationTests.test_cleanup_matrix) ... ok
test_foreign_only_pid (test_vipe_benchmark_supervisor.HelperIntegrationTests.test_foreign_only_pid) ... ok
test_importable_guarded_file_control (test_vipe_benchmark_supervisor.HelperIntegrationTests.test_importable_guarded_file_control) ... ERROR
test_mixed_owned_foreign_pid (test_vipe_benchmark_supervisor.HelperIntegrationTests.test_mixed_owned_foreign_pid) ... ERROR
test_owned_live_pid (test_vipe_benchmark_supervisor.HelperIntegrationTests.test_owned_live_pid) ... ERROR
test_owned_unreaped_exited_pid (test_vipe_benchmark_supervisor.HelperIntegrationTests.test_owned_unreaped_exited_pid) ... ERROR
test_prelaunch_empty_ownership (test_vipe_benchmark_supervisor.HelperIntegrationTests.test_prelaunch_empty_ownership) ... ERROR
test_primary_survives_secondary_cleanup_error (test_vipe_benchmark_supervisor.HelperIntegrationTests.test_primary_survives_secondary_cleanup_error) ... ok
test_real_close_repeated_and_descendant_cleanup (test_vipe_benchmark_supervisor.HelperIntegrationTests.test_real_close_repeated_and_descendant_cleanup) ... ERROR
test_spawn_constant_reaped_under_actual_runner (test_vipe_benchmark_supervisor.HelperIntegrationTests.test_spawn_constant_reaped_under_actual_runner) ... ERROR
test_supervisor_worker_context_and_consumed_cleanup_stop (test_vipe_benchmark_supervisor.HelperIntegrationTests.test_supervisor_worker_context_and_consumed_cleanup_stop) ... FAIL
test_bounded_traces_counters_and_authority (test_vipe_benchmark_supervisor.HelperSessionTests.test_bounded_traces_counters_and_authority) ... ok
test_census_immutable_identity_mutations (test_vipe_benchmark_supervisor.HelperSessionTests.test_census_immutable_identity_mutations) ... ok
test_combined_duplex_and_same_turn_bounds (test_vipe_benchmark_supervisor.HelperSessionTests.test_combined_duplex_and_same_turn_bounds) ... ok
test_control_primitive_and_frame_mutations (test_vipe_benchmark_supervisor.HelperSessionTests.test_control_primitive_and_frame_mutations) ... ok
test_envelope_correlation_mutations (test_vipe_benchmark_supervisor.HelperSessionTests.test_envelope_correlation_mutations) ... ok
test_exact_frame_bounds_and_trailing_data (test_vipe_benchmark_supervisor.HelperSessionTests.test_exact_frame_bounds_and_trailing_data) ... ok
test_l01_ready_reuse (test_vipe_benchmark_supervisor.HelperSessionTests.test_l01_ready_reuse) ... ERROR
test_l02_ready_and_sample_before_reserve (test_vipe_benchmark_supervisor.HelperSessionTests.test_l02_ready_and_sample_before_reserve) ... ERROR
test_l03_owner_bootstrap_block (test_vipe_benchmark_supervisor.HelperSessionTests.test_l03_owner_bootstrap_block) ... ok
test_l04_child_before_ready_block (test_vipe_benchmark_supervisor.HelperSessionTests.test_l04_child_before_ready_block) ... FAIL
test_l05_error_after_spawn (test_vipe_benchmark_supervisor.HelperSessionTests.test_l05_error_after_spawn) ... FAIL
test_l06_late_ready (test_vipe_benchmark_supervisor.HelperSessionTests.test_l06_late_ready) ... FAIL
test_l07_cancel_during_spawn (test_vipe_benchmark_supervisor.HelperSessionTests.test_l07_cancel_during_spawn) ... FAIL
test_l08_late_owner_retained (test_vipe_benchmark_supervisor.HelperSessionTests.test_l08_late_owner_retained) ... FAIL
test_l09_partial_header (test_vipe_benchmark_supervisor.HelperSessionTests.test_l09_partial_header) ... FAIL
test_l10_stalled_body (test_vipe_benchmark_supervisor.HelperSessionTests.test_l10_stalled_body) ... FAIL
test_l11_eof_midframe (test_vipe_benchmark_supervisor.HelperSessionTests.test_l11_eof_midframe) ... FAIL
test_l12_stalled_request_reader (test_vipe_benchmark_supervisor.HelperSessionTests.test_l12_stalled_request_reader) ... ERROR
test_l13_oversized_frame (test_vipe_benchmark_supervisor.HelperSessionTests.test_l13_oversized_frame) ... FAIL
test_l14_wrong_correlation (test_vipe_benchmark_supervisor.HelperSessionTests.test_l14_wrong_correlation) ... FAIL
test_l15_sample_deadline (test_vipe_benchmark_supervisor.HelperSessionTests.test_l15_sample_deadline) ... ERROR
test_l16_phase_deadline (test_vipe_benchmark_supervisor.HelperSessionTests.test_l16_phase_deadline) ... ERROR
test_l17_post_task_acquisition (test_vipe_benchmark_supervisor.HelperSessionTests.test_l17_post_task_acquisition) ... ERROR
test_l18_descendant_and_foreign_sentinel (test_vipe_benchmark_supervisor.HelperSessionTests.test_l18_descendant_and_foreign_sentinel) ... ERROR
test_l19_term_resistance (test_vipe_benchmark_supervisor.HelperSessionTests.test_l19_term_resistance) ... ERROR
test_l20_exit_during_transport (test_vipe_benchmark_supervisor.HelperSessionTests.test_l20_exit_during_transport) ... ERROR
test_l21_enumeration_failure (test_vipe_benchmark_supervisor.HelperSessionTests.test_l21_enumeration_failure) ... ERROR
test_l22_signal_failure (test_vipe_benchmark_supervisor.HelperSessionTests.test_l22_signal_failure) ... ERROR
test_l23_reap_failure (test_vipe_benchmark_supervisor.HelperSessionTests.test_l23_reap_failure) ... ERROR
test_l24_summary_reference_adapter (test_vipe_benchmark_supervisor.HelperSessionTests.test_l24_summary_reference_adapter) ... ERROR
test_l25_delayed_actual_reserve (test_vipe_benchmark_supervisor.HelperSessionTests.test_l25_delayed_actual_reserve) ... ERROR
test_l26_equal_actual_reserve (test_vipe_benchmark_supervisor.HelperSessionTests.test_l26_equal_actual_reserve) ... ERROR
test_l27_encoder_early_response (test_vipe_benchmark_supervisor.HelperSessionTests.test_l27_encoder_early_response) ... ERROR
test_l28_partial_early_response (test_vipe_benchmark_supervisor.HelperSessionTests.test_l28_partial_early_response) ... ERROR
test_l29_readable_sample_equality (test_vipe_benchmark_supervisor.HelperSessionTests.test_l29_readable_sample_equality) ... ERROR
test_l30_readable_phase_equality (test_vipe_benchmark_supervisor.HelperSessionTests.test_l30_readable_phase_equality) ... ERROR
test_l31_live_worker_bracket_and_foreign (test_vipe_benchmark_supervisor.HelperSessionTests.test_l31_live_worker_bracket_and_foreign) ... ERROR
test_l32_unreaped_worker_pin (test_vipe_benchmark_supervisor.HelperSessionTests.test_l32_unreaped_worker_pin) ... ERROR
test_l33_blocked_census_refuses_stale (test_vipe_benchmark_supervisor.HelperSessionTests.test_l33_blocked_census_refuses_stale) ... ERROR
test_l34_enumeration_error_empty_sample (test_vipe_benchmark_supervisor.HelperSessionTests.test_l34_enumeration_error_empty_sample) ... ERROR
test_l35_exited_leader_live_descendant (test_vipe_benchmark_supervisor.HelperSessionTests.test_l35_exited_leader_live_descendant) ... ERROR
test_l36_ambiguous_native_start_retained (test_vipe_benchmark_supervisor.HelperSessionTests.test_l36_ambiguous_native_start_retained) ... FAIL
test_partial_constructor_boundaries (test_vipe_benchmark_supervisor.HelperSessionTests.test_partial_constructor_boundaries) ... ok
test_progress_closed_inventory_and_faults (test_vipe_benchmark_supervisor.HelperSessionTests.test_progress_closed_inventory_and_faults) ... ok
test_progress_metadata_mutations (test_vipe_benchmark_supervisor.HelperSessionTests.test_progress_metadata_mutations) ... ok
test_progress_p01_worker_deadline (test_vipe_benchmark_supervisor.HelperSessionTests.test_progress_p01_worker_deadline) ... ERROR
test_progress_p02_reconcile_interruption (test_vipe_benchmark_supervisor.HelperSessionTests.test_progress_p02_reconcile_interruption) ... ERROR
test_progress_p03_helper_death (test_vipe_benchmark_supervisor.HelperSessionTests.test_progress_p03_helper_death) ... ERROR
test_progress_p04_failed_final_sample (test_vipe_benchmark_supervisor.HelperSessionTests.test_progress_p04_failed_final_sample) ... ERROR
test_progress_p05_interrupted_publisher (test_vipe_benchmark_supervisor.HelperSessionTests.test_progress_p05_interrupted_publisher) ... ERROR
test_progress_p06_blocked_owner (test_vipe_benchmark_supervisor.HelperSessionTests.test_progress_p06_blocked_owner) ... ERROR
test_progress_plan046_inventory (test_vipe_benchmark_supervisor.HelperSessionTests.test_progress_plan046_inventory) ... ok
test_progress_plan046_launch_deadline (test_vipe_benchmark_supervisor.HelperSessionTests.test_progress_plan046_launch_deadline) ... 
  test_progress_plan046_launch_deadline (test_vipe_benchmark_supervisor.HelperSessionTests.test_progress_plan046_launch_deadline) (kind='before', offset=-0.001) ... FAIL
test_progress_plan046_ownership (test_vipe_benchmark_supervisor.HelperSessionTests.test_progress_plan046_ownership) ... ERROR
test_progress_plan046_protocol (test_vipe_benchmark_supervisor.HelperSessionTests.test_progress_plan046_protocol) ... ok
test_progress_plan046_publication_faults (test_vipe_benchmark_supervisor.HelperSessionTests.test_progress_plan046_publication_faults) ... ok
test_progress_plan046_summary (test_vipe_benchmark_supervisor.HelperSessionTests.test_progress_plan046_summary) ... ok
test_progress_plan046_worker_authority (test_vipe_benchmark_supervisor.HelperSessionTests.test_progress_plan046_worker_authority) ... ok
test_progress_plan047_alias_inventory (test_vipe_benchmark_supervisor.HelperSessionTests.test_progress_plan047_alias_inventory) ... ok
test_progress_plan047_cancellation (test_vipe_benchmark_supervisor.HelperSessionTests.test_progress_plan047_cancellation) ... ok
test_progress_plan047_complete_final_sample (test_vipe_benchmark_supervisor.HelperSessionTests.test_progress_plan047_complete_final_sample) ... 
  test_progress_plan047_complete_final_sample (test_vipe_benchmark_supervisor.HelperSessionTests.test_progress_plan047_complete_final_sample) (kind='success') ... ERROR
  test_progress_plan047_complete_final_sample (test_vipe_benchmark_supervisor.HelperSessionTests.test_progress_plan047_complete_final_sample) (kind='final_sample_failure') ... ERROR
test_progress_plan047_deadline_steps (test_vipe_benchmark_supervisor.HelperSessionTests.test_progress_plan047_deadline_steps) ... 
  test_progress_plan047_deadline_steps (test_vipe_benchmark_supervisor.HelperSessionTests.test_progress_plan047_deadline_steps) (operation='worker_popen', when='before') ... FAIL
  test_progress_plan047_deadline_steps (test_vipe_benchmark_supervisor.HelperSessionTests.test_progress_plan047_deadline_steps) (operation='worker_popen', when='equal') ... FAIL
  test_progress_plan047_deadline_steps (test_vipe_benchmark_supervisor.HelperSessionTests.test_progress_plan047_deadline_steps) (operation='worker_popen', when='after') ... FAIL
test_progress_plan047_limits (test_vipe_benchmark_supervisor.HelperSessionTests.test_progress_plan047_limits) ... ok
test_progress_plan047_nested (test_vipe_benchmark_supervisor.HelperSessionTests.test_progress_plan047_nested) ... ok
test_progress_plan047_ownership (test_vipe_benchmark_supervisor.HelperSessionTests.test_progress_plan047_ownership) ... ERROR
test_progress_plan047_publication_faults (test_vipe_benchmark_supervisor.HelperSessionTests.test_progress_plan047_publication_faults) ... ok
test_progress_plan047_recovery (test_vipe_benchmark_supervisor.HelperSessionTests.test_progress_plan047_recovery) ... ok
test_progress_plan047_result_summary (test_vipe_benchmark_supervisor.HelperSessionTests.test_progress_plan047_result_summary) ... ok
test_progress_plan047_state_authority (test_vipe_benchmark_supervisor.HelperSessionTests.test_progress_plan047_state_authority) ... ok
test_progress_plan048_pure_memo (test_vipe_benchmark_supervisor.HelperSessionTests.test_progress_plan048_pure_memo) ... ok
test_progress_strict_primitives (test_vipe_benchmark_supervisor.HelperSessionTests.test_progress_strict_primitives) ... ok
test_resource_field_mutations (test_vipe_benchmark_supervisor.HelperSessionTests.test_resource_field_mutations) ... ok
test_sample_typed_timing_mutations (test_vipe_benchmark_supervisor.HelperSessionTests.test_sample_typed_timing_mutations) ... ok
test_append_chain_detects_changed_history (test_vipe_benchmark_supervisor.SupervisorTests.test_append_chain_detects_changed_history) ... ok
test_child_survival_invalidates_parent_success_and_is_cleaned_up (test_vipe_benchmark_supervisor.SupervisorTests.test_child_survival_invalidates_parent_success_and_is_cleaned_up) ... FAIL
test_completed_worker_is_not_dispatched_again (test_vipe_benchmark_supervisor.SupervisorTests.test_completed_worker_is_not_dispatched_again) ... ERROR
test_concurrent_reservation_has_one_winner (test_vipe_benchmark_supervisor.SupervisorTests.test_concurrent_reservation_has_one_winner) ... ERROR
test_explicit_resume_reopens_unstarted_slots_only (test_vipe_benchmark_supervisor.SupervisorTests.test_explicit_resume_reopens_unstarted_slots_only) ... ok
test_foreign_gpu_pid_still_fails_and_preserves_ownership_evidence (test_vipe_benchmark_supervisor.SupervisorTests.test_foreign_gpu_pid_still_fails_and_preserves_ownership_evidence) ... FAIL
test_gpu_sample_of_exited_unreaped_worker_keeps_true_group_ownership (test_vipe_benchmark_supervisor.SupervisorTests.test_gpu_sample_of_exited_unreaped_worker_keeps_true_group_ownership) ... ERROR
test_interruption_cleans_owned_process_group (test_vipe_benchmark_supervisor.SupervisorTests.test_interruption_cleans_owned_process_group) ... FAIL
test_missing_result_and_nonzero_exit_consume_attempts (test_vipe_benchmark_supervisor.SupervisorTests.test_missing_result_and_nonzero_exit_consume_attempts) ... FAIL
test_native_kernel_caches_stay_in_monitored_attempt_and_override_external_paths (test_vipe_benchmark_supervisor.SupervisorTests.test_native_kernel_caches_stay_in_monitored_attempt_and_override_external_paths) ... ERROR
test_preexisting_resource_cap_never_spends_an_attempt (test_vipe_benchmark_supervisor.SupervisorTests.test_preexisting_resource_cap_never_spends_an_attempt) ... ok
test_restart_does_not_relaunch_unfinished_attempt (test_vipe_benchmark_supervisor.SupervisorTests.test_restart_does_not_relaunch_unfinished_attempt) ... ok
test_simulated_memory_and_foreign_gpu_process (test_vipe_benchmark_supervisor.SupervisorTests.test_simulated_memory_and_foreign_gpu_process) ... FAIL
test_simulated_storage_cap_stops_worker (test_vipe_benchmark_supervisor.SupervisorTests.test_simulated_storage_cap_stops_worker) ... FAIL
test_timeout_kills_sigterm_ignoring_group_within_allocation (test_vipe_benchmark_supervisor.SupervisorTests.test_timeout_kills_sigterm_ignoring_group_within_allocation) ... FAIL

======================================================================
ERROR: test_importable_guarded_file_control (test_vipe_benchmark_supervisor.HelperIntegrationTests.test_importable_guarded_file_control)
----------------------------------------------------------------------
Traceback (most recent call last):
  File "/home/auss/git_repos/samaust/Experiments_4DGS/tests/test_vipe_benchmark_supervisor.py", line 867, in test_importable_guarded_file_control
    if process is not None:retire_fixture_processes([process],sys.exception())
                           ~~~~~~~~~~~~~~~~~~~~~~~~^^^^^^^^^^^^^^^^^^^^^^^^^^^
  File "/home/auss/git_repos/samaust/Experiments_4DGS/tests/test_vipe_benchmark_s1_helper_fixtures.py", line 880, in retire_fixture_processes
    if primary is None:raise failure
                       ^^^^^^^^^^^^^
  File "/home/auss/git_repos/samaust/Experiments_4DGS/tests/test_vipe_benchmark_s1_helper_fixtures.py", line 872, in retire_fixture_processes
    raise ValueError('fixture matching handle retirement not durable')
ValueError: fixture matching handle retirement not durable
owned fixture retirement: ValueError('fixture matching handle retirement not durable')

======================================================================
ERROR: test_mixed_owned_foreign_pid (test_vipe_benchmark_supervisor.HelperIntegrationTests.test_mixed_owned_foreign_pid)
----------------------------------------------------------------------
Traceback (most recent call last):
  File "/home/auss/git_repos/samaust/Experiments_4DGS/tests/test_vipe_benchmark_supervisor.py", line 942, in test_mixed_owned_foreign_pid
    worker = self.worker('import time; time.sleep(10)')
  File "/home/auss/git_repos/samaust/Experiments_4DGS/tests/test_vipe_benchmark_supervisor.py", line 898, in worker
    process=fixture_process_launch('existing helper-test worker',[sys.executable,'-c',code],start_new_session=True)
  File "/home/auss/git_repos/samaust/Experiments_4DGS/tests/test_vipe_benchmark_s1_helper_fixtures.py", line 888, in fixture_process_launch
    process=create_owned_process(event,subprocess.Popen,command,**kwargs)
  File "/home/auss/git_repos/samaust/Experiments_4DGS/scripts/vipe_benchmark/s1_helper_session.py", line 1583, in create_owned_process
    observed=predispatch_owned(event)
  File "/home/auss/git_repos/samaust/Experiments_4DGS/scripts/vipe_benchmark/s1_helper_session.py", line 1572, in predispatch_owned
    observed=owned_workload(os.environ['S1_OWNED_ROOT_NOTE'])
  File "/home/auss/git_repos/samaust/Experiments_4DGS/scripts/vipe_benchmark/s1_helper_session.py", line 1886, in owned_workload
    no_timeout_launch(dict(path=str(note_path),bytes=len(raw),sha256=hashlib.sha256(raw).hexdigest()),anchor['directory'],diagnostic=note['kind']=='diagnostic')
    ~~~~~~~~~~~~~~~~~^^^^^^^^^^^^^^^^^^^^^^^^^^^^^^^^^^^^^^^^^^^^^^^^^^^^^^^^^^^^^^^^^^^^^^^^^^^^^^^^^^^^^^^^^^^^^^^^^^^^^^^^^^^^^^^^^^^^^^^^^^^^^^^^^^^^^^^^^^^
  File "/home/auss/git_repos/samaust/Experiments_4DGS/scripts/vipe_benchmark/s1_validation_contract.py", line 802, in no_timeout_launch
    validate_job_ledger(note,proof)
    ~~~~~~~~~~~~~~~~~~~^^^^^^^^^^^^
  File "/home/auss/git_repos/samaust/Experiments_4DGS/scripts/vipe_benchmark/s1_validation_contract.py", line 497, in validate_job_ledger
    require(creator['pid'] in (note['ownership_root']['pid'],runner_pid),'root created by driver or runner')
    ~~~~~~~^^^^^^^^^^^^^^^^^^^^^^^^^^^^^^^^^^^^^^^^^^^^^^^^^^^^^^^^^^^^^^^^^^^^^^^^^^^^^^^^^^^^^^^^^^^^^^^^^
  File "/home/auss/git_repos/samaust/Experiments_4DGS/scripts/vipe_benchmark/s1_validation_contract.py", line 30, in require
    raise ValueError(message)
ValueError: root created by driver or runner

======================================================================
ERROR: test_owned_live_pid (test_vipe_benchmark_supervisor.HelperIntegrationTests.test_owned_live_pid)
----------------------------------------------------------------------
Traceback (most recent call last):
  File "/home/auss/git_repos/samaust/Experiments_4DGS/tests/test_vipe_benchmark_supervisor.py", line 917, in test_owned_live_pid
    self.owned()
    ~~~~~~~~~~^^
  File "/home/auss/git_repos/samaust/Experiments_4DGS/tests/test_vipe_benchmark_supervisor.py", line 903, in owned
    worker = self.worker('pass' if exited else 'import time; time.sleep(10)')
  File "/home/auss/git_repos/samaust/Experiments_4DGS/tests/test_vipe_benchmark_supervisor.py", line 898, in worker
    process=fixture_process_launch('existing helper-test worker',[sys.executable,'-c',code],start_new_session=True)
  File "/home/auss/git_repos/samaust/Experiments_4DGS/tests/test_vipe_benchmark_s1_helper_fixtures.py", line 888, in fixture_process_launch
    process=create_owned_process(event,subprocess.Popen,command,**kwargs)
  File "/home/auss/git_repos/samaust/Experiments_4DGS/scripts/vipe_benchmark/s1_helper_session.py", line 1583, in create_owned_process
    observed=predispatch_owned(event)
  File "/home/auss/git_repos/samaust/Experiments_4DGS/scripts/vipe_benchmark/s1_helper_session.py", line 1572, in predispatch_owned
    observed=owned_workload(os.environ['S1_OWNED_ROOT_NOTE'])
  File "/home/auss/git_repos/samaust/Experiments_4DGS/scripts/vipe_benchmark/s1_helper_session.py", line 1886, in owned_workload
    no_timeout_launch(dict(path=str(note_path),bytes=len(raw),sha256=hashlib.sha256(raw).hexdigest()),anchor['directory'],diagnostic=note['kind']=='diagnostic')
    ~~~~~~~~~~~~~~~~~^^^^^^^^^^^^^^^^^^^^^^^^^^^^^^^^^^^^^^^^^^^^^^^^^^^^^^^^^^^^^^^^^^^^^^^^^^^^^^^^^^^^^^^^^^^^^^^^^^^^^^^^^^^^^^^^^^^^^^^^^^^^^^^^^^^^^^^^^^^
  File "/home/auss/git_repos/samaust/Experiments_4DGS/scripts/vipe_benchmark/s1_validation_contract.py", line 802, in no_timeout_launch
    validate_job_ledger(note,proof)
    ~~~~~~~~~~~~~~~~~~~^^^^^^^^^^^^
  File "/home/auss/git_repos/samaust/Experiments_4DGS/scripts/vipe_benchmark/s1_validation_contract.py", line 497, in validate_job_ledger
    require(creator['pid'] in (note['ownership_root']['pid'],runner_pid),'root created by driver or runner')
    ~~~~~~~^^^^^^^^^^^^^^^^^^^^^^^^^^^^^^^^^^^^^^^^^^^^^^^^^^^^^^^^^^^^^^^^^^^^^^^^^^^^^^^^^^^^^^^^^^^^^^^^^
  File "/home/auss/git_repos/samaust/Experiments_4DGS/scripts/vipe_benchmark/s1_validation_contract.py", line 30, in require
    raise ValueError(message)
ValueError: root created by driver or runner

======================================================================
ERROR: test_owned_unreaped_exited_pid (test_vipe_benchmark_supervisor.HelperIntegrationTests.test_owned_unreaped_exited_pid)
----------------------------------------------------------------------
Traceback (most recent call last):
  File "/home/auss/git_repos/samaust/Experiments_4DGS/tests/test_vipe_benchmark_supervisor.py", line 920, in test_owned_unreaped_exited_pid
    self.owned(exited=True)
    ~~~~~~~~~~^^^^^^^^^^^^^
  File "/home/auss/git_repos/samaust/Experiments_4DGS/tests/test_vipe_benchmark_supervisor.py", line 903, in owned
    worker = self.worker('pass' if exited else 'import time; time.sleep(10)')
  File "/home/auss/git_repos/samaust/Experiments_4DGS/tests/test_vipe_benchmark_supervisor.py", line 898, in worker
    process=fixture_process_launch('existing helper-test worker',[sys.executable,'-c',code],start_new_session=True)
  File "/home/auss/git_repos/samaust/Experiments_4DGS/tests/test_vipe_benchmark_s1_helper_fixtures.py", line 888, in fixture_process_launch
    process=create_owned_process(event,subprocess.Popen,command,**kwargs)
  File "/home/auss/git_repos/samaust/Experiments_4DGS/scripts/vipe_benchmark/s1_helper_session.py", line 1583, in create_owned_process
    observed=predispatch_owned(event)
  File "/home/auss/git_repos/samaust/Experiments_4DGS/scripts/vipe_benchmark/s1_helper_session.py", line 1572, in predispatch_owned
    observed=owned_workload(os.environ['S1_OWNED_ROOT_NOTE'])
  File "/home/auss/git_repos/samaust/Experiments_4DGS/scripts/vipe_benchmark/s1_helper_session.py", line 1886, in owned_workload
    no_timeout_launch(dict(path=str(note_path),bytes=len(raw),sha256=hashlib.sha256(raw).hexdigest()),anchor['directory'],diagnostic=note['kind']=='diagnostic')
    ~~~~~~~~~~~~~~~~~^^^^^^^^^^^^^^^^^^^^^^^^^^^^^^^^^^^^^^^^^^^^^^^^^^^^^^^^^^^^^^^^^^^^^^^^^^^^^^^^^^^^^^^^^^^^^^^^^^^^^^^^^^^^^^^^^^^^^^^^^^^^^^^^^^^^^^^^^^^
  File "/home/auss/git_repos/samaust/Experiments_4DGS/scripts/vipe_benchmark/s1_validation_contract.py", line 802, in no_timeout_launch
    validate_job_ledger(note,proof)
    ~~~~~~~~~~~~~~~~~~~^^^^^^^^^^^^
  File "/home/auss/git_repos/samaust/Experiments_4DGS/scripts/vipe_benchmark/s1_validation_contract.py", line 497, in validate_job_ledger
    require(creator['pid'] in (note['ownership_root']['pid'],runner_pid),'root created by driver or runner')
    ~~~~~~~^^^^^^^^^^^^^^^^^^^^^^^^^^^^^^^^^^^^^^^^^^^^^^^^^^^^^^^^^^^^^^^^^^^^^^^^^^^^^^^^^^^^^^^^^^^^^^^^^
  File "/home/auss/git_repos/samaust/Experiments_4DGS/scripts/vipe_benchmark/s1_validation_contract.py", line 30, in require
    raise ValueError(message)
ValueError: root created by driver or runner

======================================================================
ERROR: test_prelaunch_empty_ownership (test_vipe_benchmark_supervisor.HelperIntegrationTests.test_prelaunch_empty_ownership)
----------------------------------------------------------------------
Traceback (most recent call last):
  File "/home/auss/git_repos/samaust/Experiments_4DGS/scripts/vipe_benchmark/supervisor.py", line 283, in monitored_call
    session.await_ready()
    ~~~~~~~~~~~~~~~~~~~^^
  File "/home/auss/git_repos/samaust/Experiments_4DGS/scripts/vipe_benchmark/s1_helper_session.py", line 2405, in await_ready
    self.tick(end); time.sleep(min(.005,max(0.,end-time.monotonic())))
    ~~~~~~~~~^^^^^
  File "/home/auss/git_repos/samaust/Experiments_4DGS/scripts/vipe_benchmark/s1_helper_session.py", line 2320, in tick
    if self.owner.cancelled or self.poisoned: raise RuntimeError('S1 helper session poisoned: '+str(list(self.owner.errors)))
                                              ^^^^^^^^^^^^^^^^^^^^^^^^^^^^^^^^^^^^^^^^^^^^^^^^^^^^^^^^^^^^^^^^^^^^^^^^^^^^^^^
RuntimeError: S1 helper session poisoned: [{'error_class': 'ValueError', 'message': 'root created by driver or runner', 'phase': 'startup'}]

The above exception was the direct cause of the following exception:

Traceback (most recent call last):
  File "/home/auss/git_repos/samaust/Experiments_4DGS/tests/test_vipe_benchmark_supervisor.py", line 946, in test_prelaunch_empty_ownership
    self.assertEqual(self.call(phase='prelaunch'),37)
                     ~~~~~~~~~^^^^^^^^^^^^^^^^^^^
  File "/home/auss/git_repos/samaust/Experiments_4DGS/tests/test_vipe_benchmark_supervisor.py", line 848, in call
    return self.sup.monitored_call(self.operation, self.time.monotonic()+kwargs.pop('seconds', 2),
           ~~~~~~~~~~~~~~~~~~~~~~~^^^^^^^^^^^^^^^^^^^^^^^^^^^^^^^^^^^^^^^^^^^^^^^^^^^^^^^^^^^^^^^^
        self.sampler, self.config, kwargs.pop('peak', {}), lifecycle=self.life, **kwargs)
        ^^^^^^^^^^^^^^^^^^^^^^^^^^^^^^^^^^^^^^^^^^^^^^^^^^^^^^^^^^^^^^^^^^^^^^^^^^^^^^^^^
  File "/home/auss/git_repos/samaust/Experiments_4DGS/scripts/vipe_benchmark/supervisor.py", line 330, in monitored_call
    raise primary from exc
vipe_benchmark.supervisor.HelperFailure: RuntimeError: S1 helper session poisoned: [{'error_class': 'ValueError', 'message': 'root created by driver or runner', 'phase': 'startup'}]
HelperCleanupUncertain: helper cleanup not confirmed

======================================================================
ERROR: test_real_close_repeated_and_descendant_cleanup (test_vipe_benchmark_supervisor.HelperIntegrationTests.test_real_close_repeated_and_descendant_cleanup)
----------------------------------------------------------------------
Traceback (most recent call last):
  File "/home/auss/git_repos/samaust/Experiments_4DGS/tests/test_vipe_benchmark_supervisor.py", line 1043, in test_real_close_repeated_and_descendant_cleanup
    process = self.worker(nested_worker_code(10,parent_wait=True))
  File "/home/auss/git_repos/samaust/Experiments_4DGS/tests/test_vipe_benchmark_supervisor.py", line 898, in worker
    process=fixture_process_launch('existing helper-test worker',[sys.executable,'-c',code],start_new_session=True)
  File "/home/auss/git_repos/samaust/Experiments_4DGS/tests/test_vipe_benchmark_s1_helper_fixtures.py", line 888, in fixture_process_launch
    process=create_owned_process(event,subprocess.Popen,command,**kwargs)
  File "/home/auss/git_repos/samaust/Experiments_4DGS/scripts/vipe_benchmark/s1_helper_session.py", line 1583, in create_owned_process
    observed=predispatch_owned(event)
  File "/home/auss/git_repos/samaust/Experiments_4DGS/scripts/vipe_benchmark/s1_helper_session.py", line 1572, in predispatch_owned
    observed=owned_workload(os.environ['S1_OWNED_ROOT_NOTE'])
  File "/home/auss/git_repos/samaust/Experiments_4DGS/scripts/vipe_benchmark/s1_helper_session.py", line 1886, in owned_workload
    no_timeout_launch(dict(path=str(note_path),bytes=len(raw),sha256=hashlib.sha256(raw).hexdigest()),anchor['directory'],diagnostic=note['kind']=='diagnostic')
    ~~~~~~~~~~~~~~~~~^^^^^^^^^^^^^^^^^^^^^^^^^^^^^^^^^^^^^^^^^^^^^^^^^^^^^^^^^^^^^^^^^^^^^^^^^^^^^^^^^^^^^^^^^^^^^^^^^^^^^^^^^^^^^^^^^^^^^^^^^^^^^^^^^^^^^^^^^^^
  File "/home/auss/git_repos/samaust/Experiments_4DGS/scripts/vipe_benchmark/s1_validation_contract.py", line 802, in no_timeout_launch
    validate_job_ledger(note,proof)
    ~~~~~~~~~~~~~~~~~~~^^^^^^^^^^^^
  File "/home/auss/git_repos/samaust/Experiments_4DGS/scripts/vipe_benchmark/s1_validation_contract.py", line 497, in validate_job_ledger
    require(creator['pid'] in (note['ownership_root']['pid'],runner_pid),'root created by driver or runner')
    ~~~~~~~^^^^^^^^^^^^^^^^^^^^^^^^^^^^^^^^^^^^^^^^^^^^^^^^^^^^^^^^^^^^^^^^^^^^^^^^^^^^^^^^^^^^^^^^^^^^^^^^^
  File "/home/auss/git_repos/samaust/Experiments_4DGS/scripts/vipe_benchmark/s1_validation_contract.py", line 30, in require
    raise ValueError(message)
ValueError: root created by driver or runner

======================================================================
ERROR: test_spawn_constant_reaped_under_actual_runner (test_vipe_benchmark_supervisor.HelperIntegrationTests.test_spawn_constant_reaped_under_actual_runner)
----------------------------------------------------------------------
Traceback (most recent call last):
  File "/home/auss/git_repos/samaust/Experiments_4DGS/scripts/vipe_benchmark/supervisor.py", line 283, in monitored_call
    session.await_ready()
    ~~~~~~~~~~~~~~~~~~~^^
  File "/home/auss/git_repos/samaust/Experiments_4DGS/scripts/vipe_benchmark/s1_helper_session.py", line 2405, in await_ready
    self.tick(end); time.sleep(min(.005,max(0.,end-time.monotonic())))
    ~~~~~~~~~^^^^^
  File "/home/auss/git_repos/samaust/Experiments_4DGS/scripts/vipe_benchmark/s1_helper_session.py", line 2320, in tick
    if self.owner.cancelled or self.poisoned: raise RuntimeError('S1 helper session poisoned: '+str(list(self.owner.errors)))
                                              ^^^^^^^^^^^^^^^^^^^^^^^^^^^^^^^^^^^^^^^^^^^^^^^^^^^^^^^^^^^^^^^^^^^^^^^^^^^^^^^
RuntimeError: S1 helper session poisoned: [{'error_class': 'ValueError', 'message': 'root created by driver or runner', 'phase': 'startup'}]

The above exception was the direct cause of the following exception:

Traceback (most recent call last):
  File "/home/auss/git_repos/samaust/Experiments_4DGS/tests/test_vipe_benchmark_supervisor.py", line 852, in test_spawn_constant_reaped_under_actual_runner
    self.assertEqual(self.call(), 37)
                     ~~~~~~~~~^^
  File "/home/auss/git_repos/samaust/Experiments_4DGS/tests/test_vipe_benchmark_supervisor.py", line 848, in call
    return self.sup.monitored_call(self.operation, self.time.monotonic()+kwargs.pop('seconds', 2),
           ~~~~~~~~~~~~~~~~~~~~~~~^^^^^^^^^^^^^^^^^^^^^^^^^^^^^^^^^^^^^^^^^^^^^^^^^^^^^^^^^^^^^^^^
        self.sampler, self.config, kwargs.pop('peak', {}), lifecycle=self.life, **kwargs)
        ^^^^^^^^^^^^^^^^^^^^^^^^^^^^^^^^^^^^^^^^^^^^^^^^^^^^^^^^^^^^^^^^^^^^^^^^^^^^^^^^^
  File "/home/auss/git_repos/samaust/Experiments_4DGS/scripts/vipe_benchmark/supervisor.py", line 330, in monitored_call
    raise primary from exc
vipe_benchmark.supervisor.HelperFailure: RuntimeError: S1 helper session poisoned: [{'error_class': 'ValueError', 'message': 'root created by driver or runner', 'phase': 'startup'}]
HelperCleanupUncertain: helper cleanup not confirmed

======================================================================
ERROR: test_l01_ready_reuse (test_vipe_benchmark_supervisor.HelperSessionTests.test_l01_ready_reuse)
----------------------------------------------------------------------
Traceback (most recent call last):
  File "/home/auss/git_repos/samaust/Experiments_4DGS/tests/test_vipe_benchmark_supervisor.py", line 1291, in test_l01_ready_reuse
    session.await_ready()
    ~~~~~~~~~~~~~~~~~~~^^
  File "/home/auss/git_repos/samaust/Experiments_4DGS/tests/test_vipe_benchmark_supervisor.py", line 1165, in observed
    result=operation(*args,**kwargs);return result
  File "/home/auss/git_repos/samaust/Experiments_4DGS/scripts/vipe_benchmark/s1_helper_session.py", line 2405, in await_ready
    self.tick(end); time.sleep(min(.005,max(0.,end-time.monotonic())))
    ~~~~~~~~~^^^^^
  File "/home/auss/git_repos/samaust/Experiments_4DGS/tests/test_vipe_benchmark_supervisor.py", line 1165, in observed
    result=operation(*args,**kwargs);return result
  File "/home/auss/git_repos/samaust/Experiments_4DGS/scripts/vipe_benchmark/s1_helper_session.py", line 2320, in tick
    if self.owner.cancelled or self.poisoned: raise RuntimeError('S1 helper session poisoned: '+str(list(self.owner.errors)))
                                              ^^^^^^^^^^^^^^^^^^^^^^^^^^^^^^^^^^^^^^^^^^^^^^^^^^^^^^^^^^^^^^^^^^^^^^^^^^^^^^^
RuntimeError: S1 helper session poisoned: [{'error_class': 'ValueError', 'message': 'root created by driver or runner', 'phase': 'startup'}]
timing_or_cleanup_check_0: AssertionError: False is not true : {'scenario': 'L01', 'mode': 'normal', 'constructor_entry': 201465.858748026, 'action_cutoff': 201467.858748026, 'safety_cutoff': 201468.858748026, 'constructor_end': 201465.912729121, 't0': 201465.858768743, 'ready_deadline': 201466.858768743, 'setup_deadline': 201467.858768743, 'setup_cleanup_deadline': 201468.858768743, 'action_end': 201465.968339295, 'end': 201466.073933553, 'execution_seconds': 0.10959126902162097, 'cleanup_seconds': 0.10559425799874589, 'cleanup_confirmed': False, 'records': {'work': {'role': 'work', 'state': 'spawning', 'pid': None}, 'sample': {'role': 'sample', 'state': 'pending', 'pid': None}}, 'errors': [{'error_class': 'ValueError', 'message': 'root created by driver or runner', 'phase': 'startup'}], 'signals': [], 'ticks': [201465.858768743, 201465.912738932, 201465.917829915, 201465.92710745, 201465.938382313, 201465.943471712, 201465.948563789, 201465.953647279, 201465.96088698, 201465.968315642], 'events': [{'event': 'fixture_spawn_entry', 'role': 'work', 'observed': 201465.880653977, 'ready_deadline': 201466.858768743}], 'trace_facts': {'capacity': 256, 'total': 1, 'dropped': 0, 'saturated': False, 'first': 201465.880655806, 'last': 201465.880655806}, 'tick_facts': {'capacity': 128, 'total': 10, 'dropped': 0, 'saturated': False, 'first': 201465.858773482, 'last': 201465.968316194}, 'owner_error_facts': {'capacity': 32, 'total': 1, 'dropped': 0, 'saturated': False, 'first': 201465.968291402, 'last': 201465.968291402}, 'owner_signal_facts': {'capacity': 128, 'total': 0, 'dropped': 0, 'saturated': False, 'first': None, 'last': None}, 'request_counts': {'work': {'dispatch': 0, 'response': 0}, 'sample': {'dispatch': 0, 'response': 0}}, 'census_request_count': 0, 'max_gap': 0.05397018900839612, 'max_turn': 2.3926986614242196e-05, 'call_observations': [{'operation': 'tick', 'entered': 201465.91273794, 'deadline': 201466.858768743, 'returned': 201465.912763212, 'confirmed': None, 'error': None, 'ready_before': [], 'ready_after': []}, {'operation': 'tick', 'entered': 201

======================================================================
ERROR: test_l02_ready_and_sample_before_reserve (test_vipe_benchmark_supervisor.HelperSessionTests.test_l02_ready_and_sample_before_reserve)
----------------------------------------------------------------------
Traceback (most recent call last):
  File "/home/auss/git_repos/samaust/Experiments_4DGS/scripts/vipe_benchmark/supervisor.py", line 283, in monitored_call
    session.await_ready()
    ~~~~~~~~~~~~~~~~~~~^^
  File "/home/auss/git_repos/samaust/Experiments_4DGS/tests/test_vipe_benchmark_supervisor.py", line 1165, in observed
    result=operation(*args,**kwargs);return result
  File "/home/auss/git_repos/samaust/Experiments_4DGS/scripts/vipe_benchmark/s1_helper_session.py", line 2405, in await_ready
    self.tick(end); time.sleep(min(.005,max(0.,end-time.monotonic())))
    ~~~~~~~~~^^^^^
  File "/home/auss/git_repos/samaust/Experiments_4DGS/tests/test_vipe_benchmark_supervisor.py", line 1165, in observed
    result=operation(*args,**kwargs);return result
  File "/home/auss/git_repos/samaust/Experiments_4DGS/scripts/vipe_benchmark/s1_helper_session.py", line 2320, in tick
    if self.owner.cancelled or self.poisoned: raise RuntimeError('S1 helper session poisoned: '+str(list(self.owner.errors)))
                                              ^^^^^^^^^^^^^^^^^^^^^^^^^^^^^^^^^^^^^^^^^^^^^^^^^^^^^^^^^^^^^^^^^^^^^^^^^^^^^^^
RuntimeError: S1 helper session poisoned: [{'error_class': 'ValueError', 'message': 'root created by driver or runner', 'phase': 'startup'}]

The above exception was the direct cause of the following exception:

Traceback (most recent call last):
  File "/home/auss/git_repos/samaust/Experiments_4DGS/tests/test_vipe_benchmark_supervisor.py", line 1311, in test_l02_ready_and_sample_before_reserve
    value=sup.monitored_call(self.sampler,session.setup_deadline,self.sampler,load(),{},lifecycle=life,phase='initial_sample')
  File "/home/auss/git_repos/samaust/Experiments_4DGS/scripts/vipe_benchmark/supervisor.py", line 330, in monitored_call
    raise primary from exc
vipe_benchmark.supervisor.HelperFailure: RuntimeError: S1 helper session poisoned: [{'error_class': 'ValueError', 'message': 'root created by driver or runner', 'phase': 'startup'}]
HelperCleanupUncertain: helper cleanup not confirmed
timing_or_cleanup_check_0: AssertionError: False is not true : {'scenario': 'L02', 'mode': 'normal', 'constructor_entry': 201466.074838856, 'action_cutoff': 201468.074838856, 'safety_cutoff': 201469.074838856, 'constructor_end': 201466.129584895, 't0': 201466.074860063, 'ready_deadline': 201467.074860063, 'setup_deadline': 201468.074860063, 'setup_cleanup_deadline': 201469.074860063, 'action_end': 201469.086468446, 'end': 201469.117807856, 'execution_seconds': 3.011629590007942, 'cleanup_seconds': 0.03133940999396145, 'cleanup_confirmed': False, 'records': {'work': {'role': 'work', 'state': 'spawning', 'pid': None}, 'sample': {'role': 'sample', 'state': 'pending', 'pid': None}}, 'errors': [{'error_class': 'ValueError', 'message': 'root created by driver or runner', 'phase': 'startup'}], 'signals': [], 'ticks': [201466.074860063, 201466.130641485, 201466.135730998, 201466.144942106, 201466.15550872, 201466.160622918, 201466.165697357, 201466.170777775, 201466.178503495, 201466.186045713, 201466.191136319], 'events': [{'event': 'fixture_spawn_entry', 'role': 'work', 'observed': 201466.096661835, 'ready_deadline': 201467.074860063}], 'trace_facts': {'capacity': 256, 'total': 1, 'dropped': 0, 'saturated': False, 'first': 201466.09666488, 'last': 201466.09666488}, 'tick_facts': {'capacity': 128, 'total': 11, 'dropped': 0, 'saturated': False, 'first': 201466.074864428, 'last': 201466.191136628}, 'owner_error_facts': {'capacity': 32, 'total': 1, 'dropped': 0, 'saturated': False, 'first': 201466.186381818, 'last': 201466.186381818}, 'owner_signal_facts': {'capacity': 128, 'total': 0, 'dropped': 0, 'saturated': False, 'first': None, 'last': None}, 'request_counts': {'work': {'dispatch': 0, 'response': 0}, 'sample': {'dispatch': 0, 'response': 0}}, 'census_request_count': 0, 'max_gap': 0.05578142200829461, 'max_turn': 2.3089000023901463e-05, 'call_observations': [{'operation': 'tick', 'entered': 201466.130640779, 'deadline': 201467.074860063, 'returned': 201466.130665369, 'confirmed': None, 'error': None, 'ready_before': [], 'ready_after': []}, {'operation': 'tick'
timing_or_cleanup_check_1: AssertionError: 3.011629590007942 not less than or equal to 2
timing_or_cleanup_check_3: AssertionError: 3.0429690000019036 not less than or equal to 3

======================================================================
ERROR: test_l12_stalled_request_reader (test_vipe_benchmark_supervisor.HelperSessionTests.test_l12_stalled_request_reader)
----------------------------------------------------------------------
Traceback (most recent call last):
  File "/home/auss/git_repos/samaust/Experiments_4DGS/tests/test_vipe_benchmark_supervisor.py", line 1364, in test_l12_stalled_request_reader
    session.await_ready()
    ~~~~~~~~~~~~~~~~~~~^^
  File "/home/auss/git_repos/samaust/Experiments_4DGS/tests/test_vipe_benchmark_supervisor.py", line 1165, in observed
    result=operation(*args,**kwargs);return result
  File "/home/auss/git_repos/samaust/Experiments_4DGS/scripts/vipe_benchmark/s1_helper_session.py", line 2405, in await_ready
    self.tick(end); time.sleep(min(.005,max(0.,end-time.monotonic())))
    ~~~~~~~~~^^^^^
  File "/home/auss/git_repos/samaust/Experiments_4DGS/tests/test_vipe_benchmark_supervisor.py", line 1165, in observed
    result=operation(*args,**kwargs);return result
  File "/home/auss/git_repos/samaust/Experiments_4DGS/scripts/vipe_benchmark/s1_helper_session.py", line 2320, in tick
    if self.owner.cancelled or self.poisoned: raise RuntimeError('S1 helper session poisoned: '+str(list(self.owner.errors)))
                                              ^^^^^^^^^^^^^^^^^^^^^^^^^^^^^^^^^^^^^^^^^^^^^^^^^^^^^^^^^^^^^^^^^^^^^^^^^^^^^^^
RuntimeError: S1 helper session poisoned: [{'error_class': 'ValueError', 'message': 'root created by driver or runner', 'phase': 'startup'}]
timing_or_cleanup_check_0: AssertionError: False is not true : {'scenario': 'L12', 'mode': 'stalled_reader', 'constructor_entry': 201471.54993632, 'action_cutoff': 201473.54993632, 'safety_cutoff': 201474.54993632, 'constructor_end': 201471.611766088, 't0': 201471.549958783, 'ready_deadline': 201472.549958783, 'setup_deadline': 201473.549958783, 'setup_cleanup_deadline': 201474.549958783, 'action_end': 201471.673540047, 'end': 201471.787915236, 'execution_seconds': 0.12360372699913569, 'cleanup_seconds': 0.1143751890049316, 'cleanup_confirmed': False, 'records': {'work': {'role': 'work', 'state': 'spawning', 'pid': None}, 'sample': {'role': 'sample', 'state': 'pending', 'pid': None}}, 'errors': [{'error_class': 'ValueError', 'message': 'root created by driver or runner', 'phase': 'startup'}], 'signals': [], 'ticks': [201471.549958783, 201471.61177355, 201471.616866809, 201471.625900741, 201471.636743439, 201471.641868411, 201471.647004808, 201471.65236026, 201471.65970244, 201471.668453549, 201471.673524088], 'events': [{'event': 'fixture_spawn_entry', 'role': 'work', 'observed': 201471.574623319, 'ready_deadline': 201472.549958783}], 'trace_facts': {'capacity': 256, 'total': 1, 'dropped': 0, 'saturated': False, 'first': 201471.574624625, 'last': 201471.574624625}, 'tick_facts': {'capacity': 128, 'total': 11, 'dropped': 0, 'saturated': False, 'first': 201471.549963018, 'last': 201471.673524556}, 'owner_error_facts': {'capacity': 32, 'total': 1, 'dropped': 0, 'saturated': False, 'first': 201471.668786412, 'last': 201471.668786412}, 'owner_signal_facts': {'capacity': 128, 'total': 0, 'dropped': 0, 'saturated': False, 'first': None, 'last': None}, 'request_counts': {'work': {'dispatch': 0, 'response': 0}, 'sample': {'dispatch': 0, 'response': 0}}, 'census_request_count': 0, 'max_gap': 0.06181476698839106, 'max_turn': 0.00023021301603876054, 'call_observations': [{'operation': 'tick', 'entered': 201471.611773025, 'deadline': 201472.549958783, 'returned': 201471.611797536, 'confirmed': None, 'error': None, 'ready_before': [], 'ready_after': []}, {'operation': 

======================================================================
ERROR: test_l15_sample_deadline (test_vipe_benchmark_supervisor.HelperSessionTests.test_l15_sample_deadline)
----------------------------------------------------------------------
Traceback (most recent call last):
  File "/home/auss/git_repos/samaust/Experiments_4DGS/tests/test_vipe_benchmark_supervisor.py", line 1380, in test_l15_sample_deadline
    session.await_ready()
    ~~~~~~~~~~~~~~~~~~~^^
  File "/home/auss/git_repos/samaust/Experiments_4DGS/tests/test_vipe_benchmark_supervisor.py", line 1165, in observed
    result=operation(*args,**kwargs);return result
  File "/home/auss/git_repos/samaust/Experiments_4DGS/scripts/vipe_benchmark/s1_helper_session.py", line 2405, in await_ready
    self.tick(end); time.sleep(min(.005,max(0.,end-time.monotonic())))
    ~~~~~~~~~^^^^^
  File "/home/auss/git_repos/samaust/Experiments_4DGS/tests/test_vipe_benchmark_supervisor.py", line 1165, in observed
    result=operation(*args,**kwargs);return result
  File "/home/auss/git_repos/samaust/Experiments_4DGS/scripts/vipe_benchmark/s1_helper_session.py", line 2320, in tick
    if self.owner.cancelled or self.poisoned: raise RuntimeError('S1 helper session poisoned: '+str(list(self.owner.errors)))
                                              ^^^^^^^^^^^^^^^^^^^^^^^^^^^^^^^^^^^^^^^^^^^^^^^^^^^^^^^^^^^^^^^^^^^^^^^^^^^^^^^
RuntimeError: S1 helper session poisoned: [{'error_class': 'ValueError', 'message': 'root created by driver or runner', 'phase': 'startup'}]
timing_or_cleanup_check_0: AssertionError: False is not true : {'scenario': 'L15', 'mode': 'sample_late', 'constructor_entry': 201472.360417716, 'action_cutoff': 201474.360417716, 'safety_cutoff': 201475.360417716, 'constructor_end': 201472.4254073, 't0': 201472.360438869, 'ready_deadline': 201473.360438869, 'setup_deadline': 201474.360438869, 'setup_cleanup_deadline': 201475.360438869, 'action_end': 201472.486526653, 'end': 201472.61135346, 'execution_seconds': 0.12610893699456938, 'cleanup_seconds': 0.12482680700486526, 'cleanup_confirmed': False, 'records': {'work': {'role': 'work', 'state': 'spawning', 'pid': None}, 'sample': {'role': 'sample', 'state': 'pending', 'pid': None}}, 'errors': [{'error_class': 'ValueError', 'message': 'root created by driver or runner', 'phase': 'startup'}], 'signals': [], 'ticks': [201472.360438869, 201472.425414134, 201472.430496916, 201472.439368194, 201472.450544544, 201472.455617091, 201472.460683938, 201472.465751645, 201472.470831885, 201472.481406622, 201472.486509854], 'events': [{'event': 'fixture_spawn_entry', 'role': 'work', 'observed': 201472.386197679, 'ready_deadline': 201473.360438869}], 'trace_facts': {'capacity': 256, 'total': 1, 'dropped': 0, 'saturated': False, 'first': 201472.386199168, 'last': 201472.386199168}, 'tick_facts': {'capacity': 128, 'total': 11, 'dropped': 0, 'saturated': False, 'first': 201472.360442796, 'last': 201472.486510212}, 'owner_error_facts': {'capacity': 32, 'total': 1, 'dropped': 0, 'saturated': False, 'first': 201472.484045675, 'last': 201472.484045675}, 'owner_signal_facts': {'capacity': 128, 'total': 0, 'dropped': 0, 'saturated': False, 'first': None, 'last': None}, 'request_counts': {'work': {'dispatch': 0, 'response': 0}, 'sample': {'dispatch': 0, 'response': 0}}, 'census_request_count': 0, 'max_gap': 0.0649752650060691, 'max_turn': 3.6504992749542e-05, 'call_observations': [{'operation': 'tick', 'entered': 201472.425413501, 'deadline': 201473.360438869, 'returned': 201472.425437951, 'confirmed': None, 'error': None, 'ready_before': [], 'ready_after': []}, {'operation': 'ti

======================================================================
ERROR: test_l16_phase_deadline (test_vipe_benchmark_supervisor.HelperSessionTests.test_l16_phase_deadline)
----------------------------------------------------------------------
Traceback (most recent call last):
  File "/home/auss/git_repos/samaust/Experiments_4DGS/tests/test_vipe_benchmark_supervisor.py", line 1386, in test_l16_phase_deadline
    session.await_ready()
    ~~~~~~~~~~~~~~~~~~~^^
  File "/home/auss/git_repos/samaust/Experiments_4DGS/tests/test_vipe_benchmark_supervisor.py", line 1165, in observed
    result=operation(*args,**kwargs);return result
  File "/home/auss/git_repos/samaust/Experiments_4DGS/scripts/vipe_benchmark/s1_helper_session.py", line 2405, in await_ready
    self.tick(end); time.sleep(min(.005,max(0.,end-time.monotonic())))
    ~~~~~~~~~^^^^^
  File "/home/auss/git_repos/samaust/Experiments_4DGS/tests/test_vipe_benchmark_supervisor.py", line 1165, in observed
    result=operation(*args,**kwargs);return result
  File "/home/auss/git_repos/samaust/Experiments_4DGS/scripts/vipe_benchmark/s1_helper_session.py", line 2320, in tick
    if self.owner.cancelled or self.poisoned: raise RuntimeError('S1 helper session poisoned: '+str(list(self.owner.errors)))
                                              ^^^^^^^^^^^^^^^^^^^^^^^^^^^^^^^^^^^^^^^^^^^^^^^^^^^^^^^^^^^^^^^^^^^^^^^^^^^^^^^
RuntimeError: S1 helper session poisoned: [{'error_class': 'ValueError', 'message': 'root created by driver or runner', 'phase': 'startup'}]
timing_or_cleanup_check_0: AssertionError: False is not true : {'scenario': 'L16', 'mode': 'phase_late', 'constructor_entry': 201472.612236571, 'action_cutoff': 201474.612236571, 'safety_cutoff': 201475.612236571, 'constructor_end': 201472.677589254, 't0': 201472.612257989, 'ready_deadline': 201473.612257989, 'setup_deadline': 201474.612257989, 'setup_cleanup_deadline': 201475.612257989, 'action_end': 201472.741675026, 'end': 201472.861712317, 'execution_seconds': 0.12943845498375595, 'cleanup_seconds': 0.1200372910243459, 'cleanup_confirmed': False, 'records': {'work': {'role': 'work', 'state': 'spawning', 'pid': None}, 'sample': {'role': 'sample', 'state': 'pending', 'pid': None}}, 'errors': [{'error_class': 'ValueError', 'message': 'root created by driver or runner', 'phase': 'startup'}], 'signals': [], 'ticks': [201472.612257989, 201472.677596698, 201472.682744981, 201472.692373263, 201472.703428826, 201472.708509456, 201472.713578355, 201472.718825832, 201472.726972937, 201472.736584996, 201472.741657861], 'events': [{'event': 'fixture_spawn_entry', 'role': 'work', 'observed': 201472.638721063, 'ready_deadline': 201473.612257989}], 'trace_facts': {'capacity': 256, 'total': 1, 'dropped': 0, 'saturated': False, 'first': 201472.638723255, 'last': 201472.638723255}, 'tick_facts': {'capacity': 128, 'total': 11, 'dropped': 0, 'saturated': False, 'first': 201472.61226253, 'last': 201472.741658306}, 'owner_error_facts': {'capacity': 32, 'total': 1, 'dropped': 0, 'saturated': False, 'first': 201472.736918499, 'last': 201472.736918499}, 'owner_signal_facts': {'capacity': 128, 'total': 0, 'dropped': 0, 'saturated': False, 'first': None, 'last': None}, 'request_counts': {'work': {'dispatch': 0, 'response': 0}, 'sample': {'dispatch': 0, 'response': 0}}, 'census_request_count': 0, 'max_gap': 0.06533870898419991, 'max_turn': 0.00012660500942729414, 'call_observations': [{'operation': 'tick', 'entered': 201472.677596123, 'deadline': 201473.612257989, 'returned': 201472.677619982, 'confirmed': None, 'error': None, 'ready_before': [], 'ready_after': []}, {'operation':

======================================================================
ERROR: test_l17_post_task_acquisition (test_vipe_benchmark_supervisor.HelperSessionTests.test_l17_post_task_acquisition)
----------------------------------------------------------------------
Traceback (most recent call last):
  File "/home/auss/git_repos/samaust/Experiments_4DGS/tests/test_vipe_benchmark_supervisor.py", line 1391, in test_l17_post_task_acquisition
    session.await_ready()
    ~~~~~~~~~~~~~~~~~~~^^
  File "/home/auss/git_repos/samaust/Experiments_4DGS/tests/test_vipe_benchmark_supervisor.py", line 1165, in observed
    result=operation(*args,**kwargs);return result
  File "/home/auss/git_repos/samaust/Experiments_4DGS/scripts/vipe_benchmark/s1_helper_session.py", line 2405, in await_ready
    self.tick(end); time.sleep(min(.005,max(0.,end-time.monotonic())))
    ~~~~~~~~~^^^^^
  File "/home/auss/git_repos/samaust/Experiments_4DGS/tests/test_vipe_benchmark_supervisor.py", line 1165, in observed
    result=operation(*args,**kwargs);return result
  File "/home/auss/git_repos/samaust/Experiments_4DGS/scripts/vipe_benchmark/s1_helper_session.py", line 2320, in tick
    if self.owner.cancelled or self.poisoned: raise RuntimeError('S1 helper session poisoned: '+str(list(self.owner.errors)))
                                              ^^^^^^^^^^^^^^^^^^^^^^^^^^^^^^^^^^^^^^^^^^^^^^^^^^^^^^^^^^^^^^^^^^^^^^^^^^^^^^^
RuntimeError: S1 helper session poisoned: [{'error_class': 'ValueError', 'message': 'root created by driver or runner', 'phase': 'startup'}]
timing_or_cleanup_check_0: AssertionError: False is not true : {'scenario': 'L17', 'mode': 'post_task', 'constructor_entry': 201472.862581444, 'action_cutoff': 201474.862581444, 'safety_cutoff': 201475.862581444, 'constructor_end': 201472.928248314, 't0': 201472.862603484, 'ready_deadline': 201473.862603484, 'setup_deadline': 201474.862603484, 'setup_cleanup_deadline': 201475.862603484, 'action_end': 201472.991029659, 'end': 201473.117296883, 'execution_seconds': 0.12844821499311365, 'cleanup_seconds': 0.1262672239972744, 'cleanup_confirmed': False, 'records': {'work': {'role': 'work', 'state': 'spawning', 'pid': None}, 'sample': {'role': 'sample', 'state': 'pending', 'pid': None}}, 'errors': [{'error_class': 'ValueError', 'message': 'root created by driver or runner', 'phase': 'startup'}], 'signals': [], 'ticks': [201472.862603484, 201472.928255246, 201472.933340265, 201472.943465283, 201472.954704214, 201472.959799098, 201472.964984432, 201472.970092197, 201472.975198613, 201472.985934857, 201472.99100904], 'events': [{'event': 'fixture_spawn_entry', 'role': 'work', 'observed': 201472.888728991, 'ready_deadline': 201473.862603484}], 'trace_facts': {'capacity': 256, 'total': 1, 'dropped': 0, 'saturated': False, 'first': 201472.888730528, 'last': 201472.888730528}, 'tick_facts': {'capacity': 128, 'total': 11, 'dropped': 0, 'saturated': False, 'first': 201472.862607961, 'last': 201472.991009724}, 'owner_error_facts': {'capacity': 32, 'total': 1, 'dropped': 0, 'saturated': False, 'first': 201472.988959705, 'last': 201472.988959705}, 'owner_signal_facts': {'capacity': 128, 'total': 0, 'dropped': 0, 'saturated': False, 'first': None, 'last': None}, 'request_counts': {'work': {'dispatch': 0, 'response': 0}, 'sample': {'dispatch': 0, 'response': 0}}, 'census_request_count': 0, 'max_gap': 0.0656517619790975, 'max_turn': 4.6478991862386465e-05, 'call_observations': [{'operation': 'tick', 'entered': 201472.92825467, 'deadline': 201473.862603484, 'returned': 201472.928279404, 'confirmed': None, 'error': None, 'ready_before': [], 'ready_after': []}, {'operation': 't

======================================================================
ERROR: test_l18_descendant_and_foreign_sentinel (test_vipe_benchmark_supervisor.HelperSessionTests.test_l18_descendant_and_foreign_sentinel)
----------------------------------------------------------------------
Traceback (most recent call last):
  File "/home/auss/git_repos/samaust/Experiments_4DGS/tests/test_vipe_benchmark_supervisor.py", line 1409, in test_l18_descendant_and_foreign_sentinel
    session.await_ready()
    ~~~~~~~~~~~~~~~~~~~^^
  File "/home/auss/git_repos/samaust/Experiments_4DGS/tests/test_vipe_benchmark_supervisor.py", line 1165, in observed
    result=operation(*args,**kwargs);return result
  File "/home/auss/git_repos/samaust/Experiments_4DGS/scripts/vipe_benchmark/s1_helper_session.py", line 2405, in await_ready
    self.tick(end); time.sleep(min(.005,max(0.,end-time.monotonic())))
    ~~~~~~~~~^^^^^
  File "/home/auss/git_repos/samaust/Experiments_4DGS/tests/test_vipe_benchmark_supervisor.py", line 1165, in observed
    result=operation(*args,**kwargs);return result
  File "/home/auss/git_repos/samaust/Experiments_4DGS/scripts/vipe_benchmark/s1_helper_session.py", line 2320, in tick
    if self.owner.cancelled or self.poisoned: raise RuntimeError('S1 helper session poisoned: '+str(list(self.owner.errors)))
                                              ^^^^^^^^^^^^^^^^^^^^^^^^^^^^^^^^^^^^^^^^^^^^^^^^^^^^^^^^^^^^^^^^^^^^^^^^^^^^^^^
RuntimeError: S1 helper session poisoned: [{'error_class': 'ValueError', 'message': 'root created by driver or runner', 'phase': 'startup'}]
timing_or_cleanup_check_0: AssertionError: False is not true : {'scenario': 'L18', 'mode': 'descendant', 'constructor_entry': 201473.118168515, 'action_cutoff': 201475.118168515, 'safety_cutoff': 201476.118168515, 'constructor_end': 201473.185918331, 't0': 201473.118189871, 'ready_deadline': 201474.118189871, 'setup_deadline': 201475.118189871, 'setup_cleanup_deadline': 201476.118189871, 'action_end': 201473.247704944, 'end': 201473.377246417, 'execution_seconds': 0.1295364289835561, 'cleanup_seconds': 0.1295414729975164, 'cleanup_confirmed': False, 'records': {'work': {'role': 'work', 'state': 'spawning', 'pid': None}, 'sample': {'role': 'sample', 'state': 'pending', 'pid': None}}, 'errors': [{'error_class': 'ValueError', 'message': 'root created by driver or runner', 'phase': 'startup'}], 'signals': [], 'ticks': [201473.118189871, 201473.185926524, 201473.19101374, 201473.200173548, 201473.21137523, 201473.216467927, 201473.221557256, 201473.226642931, 201473.231745589, 201473.242592638, 201473.247686137], 'events': [{'event': 'fixture_spawn_entry', 'role': 'work', 'observed': 201473.145263575, 'ready_deadline': 201474.118189871}], 'trace_facts': {'capacity': 256, 'total': 1, 'dropped': 0, 'saturated': False, 'first': 201473.145265029, 'last': 201473.145265029}, 'tick_facts': {'capacity': 128, 'total': 11, 'dropped': 0, 'saturated': False, 'first': 201473.118195518, 'last': 201473.247686704}, 'owner_error_facts': {'capacity': 32, 'total': 1, 'dropped': 0, 'saturated': False, 'first': 201473.246019933, 'last': 201473.246019933}, 'owner_signal_facts': {'capacity': 128, 'total': 0, 'dropped': 0, 'saturated': False, 'first': None, 'last': None}, 'request_counts': {'work': {'dispatch': 0, 'response': 0}, 'sample': {'dispatch': 0, 'response': 0}}, 'census_request_count': 0, 'max_gap': 0.06773665299988352, 'max_turn': 2.6686000637710094e-05, 'call_observations': [{'operation': 'tick', 'entered': 201473.185925811, 'deadline': 201474.118189871, 'returned': 201473.185954288, 'confirmed': None, 'error': None, 'ready_before': [], 'ready_after': []}, {'operation': '

======================================================================
ERROR: test_l19_term_resistance (test_vipe_benchmark_supervisor.HelperSessionTests.test_l19_term_resistance)
----------------------------------------------------------------------
Traceback (most recent call last):
  File "/home/auss/git_repos/samaust/Experiments_4DGS/tests/test_vipe_benchmark_supervisor.py", line 1434, in test_l19_term_resistance
    session.await_ready()
    ~~~~~~~~~~~~~~~~~~~^^
  File "/home/auss/git_repos/samaust/Experiments_4DGS/tests/test_vipe_benchmark_supervisor.py", line 1165, in observed
    result=operation(*args,**kwargs);return result
  File "/home/auss/git_repos/samaust/Experiments_4DGS/scripts/vipe_benchmark/s1_helper_session.py", line 2405, in await_ready
    self.tick(end); time.sleep(min(.005,max(0.,end-time.monotonic())))
    ~~~~~~~~~^^^^^
  File "/home/auss/git_repos/samaust/Experiments_4DGS/tests/test_vipe_benchmark_supervisor.py", line 1165, in observed
    result=operation(*args,**kwargs);return result
  File "/home/auss/git_repos/samaust/Experiments_4DGS/scripts/vipe_benchmark/s1_helper_session.py", line 2320, in tick
    if self.owner.cancelled or self.poisoned: raise RuntimeError('S1 helper session poisoned: '+str(list(self.owner.errors)))
                                              ^^^^^^^^^^^^^^^^^^^^^^^^^^^^^^^^^^^^^^^^^^^^^^^^^^^^^^^^^^^^^^^^^^^^^^^^^^^^^^^
RuntimeError: S1 helper session poisoned: [{'error_class': 'ValueError', 'message': 'root created by driver or runner', 'phase': 'startup'}]
timing_or_cleanup_check_0: AssertionError: False is not true : {'scenario': 'L19', 'mode': 'ignore_term', 'constructor_entry': 201473.378116189, 'action_cutoff': 201475.378116189, 'safety_cutoff': 201476.378116189, 'constructor_end': 201473.446680951, 't0': 201473.378139237, 'ready_deadline': 201474.378139237, 'setup_deadline': 201475.378139237, 'setup_cleanup_deadline': 201476.378139237, 'action_end': 201473.509094505, 'end': 201473.649422113, 'execution_seconds': 0.1309783159813378, 'cleanup_seconds': 0.14032760800910182, 'cleanup_confirmed': False, 'records': {'work': {'role': 'work', 'state': 'spawning', 'pid': None}, 'sample': {'role': 'sample', 'state': 'pending', 'pid': None}}, 'errors': [{'error_class': 'ValueError', 'message': 'root created by driver or runner', 'phase': 'startup'}], 'signals': [], 'ticks': [201473.378139237, 201473.446688299, 201473.451776629, 201473.461089456, 201473.472191471, 201473.477262942, 201473.482356385, 201473.487445953, 201473.492600269, 201473.503986552, 201473.509075312], 'events': [{'event': 'fixture_spawn_entry', 'role': 'work', 'observed': 201473.40570462, 'ready_deadline': 201474.378139237}], 'trace_facts': {'capacity': 256, 'total': 1, 'dropped': 0, 'saturated': False, 'first': 201473.405706065, 'last': 201473.405706065}, 'tick_facts': {'capacity': 128, 'total': 11, 'dropped': 0, 'saturated': False, 'first': 201473.378143482, 'last': 201473.509075882}, 'owner_error_facts': {'capacity': 32, 'total': 1, 'dropped': 0, 'saturated': False, 'first': 201473.507325552, 'last': 201473.507325552}, 'owner_signal_facts': {'capacity': 128, 'total': 0, 'dropped': 0, 'saturated': False, 'first': None, 'last': None}, 'request_counts': {'work': {'dispatch': 0, 'response': 0}, 'sample': {'dispatch': 0, 'response': 0}}, 'census_request_count': 0, 'max_gap': 0.06854906200896949, 'max_turn': 2.6206020265817642e-05, 'call_observations': [{'operation': 'tick', 'entered': 201473.446686979, 'deadline': 201474.378139237, 'returned': 201473.446712012, 'confirmed': None, 'error': None, 'ready_before': [], 'ready_after': []}, {'operation'

======================================================================
ERROR: test_l20_exit_during_transport (test_vipe_benchmark_supervisor.HelperSessionTests.test_l20_exit_during_transport)
----------------------------------------------------------------------
Traceback (most recent call last):
  File "/home/auss/git_repos/samaust/Experiments_4DGS/tests/test_vipe_benchmark_supervisor.py", line 1441, in test_l20_exit_during_transport
    session.await_ready()
    ~~~~~~~~~~~~~~~~~~~^^
  File "/home/auss/git_repos/samaust/Experiments_4DGS/tests/test_vipe_benchmark_supervisor.py", line 1165, in observed
    result=operation(*args,**kwargs);return result
  File "/home/auss/git_repos/samaust/Experiments_4DGS/scripts/vipe_benchmark/s1_helper_session.py", line 2405, in await_ready
    self.tick(end); time.sleep(min(.005,max(0.,end-time.monotonic())))
    ~~~~~~~~~^^^^^
  File "/home/auss/git_repos/samaust/Experiments_4DGS/tests/test_vipe_benchmark_supervisor.py", line 1165, in observed
    result=operation(*args,**kwargs);return result
  File "/home/auss/git_repos/samaust/Experiments_4DGS/scripts/vipe_benchmark/s1_helper_session.py", line 2320, in tick
    if self.owner.cancelled or self.poisoned: raise RuntimeError('S1 helper session poisoned: '+str(list(self.owner.errors)))
                                              ^^^^^^^^^^^^^^^^^^^^^^^^^^^^^^^^^^^^^^^^^^^^^^^^^^^^^^^^^^^^^^^^^^^^^^^^^^^^^^^
RuntimeError: S1 helper session poisoned: [{'error_class': 'ValueError', 'message': 'root created by driver or runner', 'phase': 'startup'}]
timing_or_cleanup_check_0: AssertionError: False is not true : {'scenario': 'L20', 'mode': 'exit_transport', 'constructor_entry': 201473.650271397, 'action_cutoff': 201475.650271397, 'safety_cutoff': 201476.650271397, 'constructor_end': 201473.719569034, 't0': 201473.650292057, 'ready_deadline': 201474.650292057, 'setup_deadline': 201475.650292057, 'setup_cleanup_deadline': 201476.650292057, 'action_end': 201473.782048279, 'end': 201473.915842021, 'execution_seconds': 0.1317768820154015, 'cleanup_seconds': 0.13379374198848382, 'cleanup_confirmed': False, 'records': {'work': {'role': 'work', 'state': 'spawning', 'pid': None}, 'sample': {'role': 'sample', 'state': 'pending', 'pid': None}}, 'errors': [{'error_class': 'ValueError', 'message': 'root created by driver or runner', 'phase': 'startup'}], 'signals': [], 'ticks': [201473.650292057, 201473.719579777, 201473.724681585, 201473.73353219, 201473.744891854, 201473.750030681, 201473.755120197, 201473.760248188, 201473.76545876, 201473.776866548, 201473.78202605], 'events': [{'event': 'fixture_spawn_entry', 'role': 'work', 'observed': 201473.677885009, 'ready_deadline': 201474.650292057}], 'trace_facts': {'capacity': 256, 'total': 1, 'dropped': 0, 'saturated': False, 'first': 201473.677886411, 'last': 201473.677886411}, 'tick_facts': {'capacity': 128, 'total': 11, 'dropped': 0, 'saturated': False, 'first': 201473.650296465, 'last': 201473.782026784}, 'owner_error_facts': {'capacity': 32, 'total': 1, 'dropped': 0, 'saturated': False, 'first': 201473.780258403, 'last': 201473.780258403}, 'owner_signal_facts': {'capacity': 128, 'total': 0, 'dropped': 0, 'saturated': False, 'first': None, 'last': None}, 'request_counts': {'work': {'dispatch': 0, 'response': 0}, 'sample': {'dispatch': 0, 'response': 0}}, 'census_request_count': 0, 'max_gap': 0.06928772001992911, 'max_turn': 3.071100218221545e-05, 'call_observations': [{'operation': 'tick', 'entered': 201473.719578722, 'deadline': 201474.650292057, 'returned': 201473.719611198, 'confirmed': None, 'error': None, 'ready_before': [], 'ready_after': []}, {'operation'

======================================================================
ERROR: test_l21_enumeration_failure (test_vipe_benchmark_supervisor.HelperSessionTests.test_l21_enumeration_failure)
----------------------------------------------------------------------
Traceback (most recent call last):
  File "/home/auss/git_repos/samaust/Experiments_4DGS/tests/test_vipe_benchmark_supervisor.py", line 1456, in test_l21_enumeration_failure
    def test_l21_enumeration_failure(self): self.failed_cleanup('L21','enumeration_failure')
                                            ~~~~~~~~~~~~~~~~~~~^^^^^^^^^^^^^^^^^^^^^^^^^^^^^
  File "/home/auss/git_repos/samaust/Experiments_4DGS/tests/test_vipe_benchmark_supervisor.py", line 1447, in failed_cleanup
    session.await_ready()
    ~~~~~~~~~~~~~~~~~~~^^
  File "/home/auss/git_repos/samaust/Experiments_4DGS/tests/test_vipe_benchmark_supervisor.py", line 1165, in observed
    result=operation(*args,**kwargs);return result
  File "/home/auss/git_repos/samaust/Experiments_4DGS/scripts/vipe_benchmark/s1_helper_session.py", line 2405, in await_ready
    self.tick(end); time.sleep(min(.005,max(0.,end-time.monotonic())))
    ~~~~~~~~~^^^^^
  File "/home/auss/git_repos/samaust/Experiments_4DGS/tests/test_vipe_benchmark_supervisor.py", line 1165, in observed
    result=operation(*args,**kwargs);return result
  File "/home/auss/git_repos/samaust/Experiments_4DGS/scripts/vipe_benchmark/s1_helper_session.py", line 2320, in tick
    if self.owner.cancelled or self.poisoned: raise RuntimeError('S1 helper session poisoned: '+str(list(self.owner.errors)))
                                              ^^^^^^^^^^^^^^^^^^^^^^^^^^^^^^^^^^^^^^^^^^^^^^^^^^^^^^^^^^^^^^^^^^^^^^^^^^^^^^^
RuntimeError: S1 helper session poisoned: [{'error_class': 'ValueError', 'message': 'root created by driver or runner', 'phase': 'startup'}, {'error_class': 'OSError', 'message': 'fixture enumeration failure', 'phase': 'helper_cleanup'}]
timing_or_cleanup_check_0: AssertionError: False is not true : {'scenario': 'L21', 'mode': 'enumeration_failure', 'constructor_entry': 201473.916748178, 'action_cutoff': 201475.916748178, 'safety_cutoff': 201476.916748178, 'constructor_end': 201473.986214372, 't0': 201473.916771132, 'ready_deadline': 201474.916771132, 'setup_deadline': 201475.916771132, 'setup_cleanup_deadline': 201476.916771132, 'action_end': 201474.051859201, 'end': 201474.178867613, 'execution_seconds': 0.13511102300253697, 'cleanup_seconds': 0.12700841200421564, 'cleanup_confirmed': False, 'records': {'work': {'role': 'work', 'state': 'spawning', 'pid': None}, 'sample': {'role': 'sample', 'state': 'pending', 'pid': None}}, 'errors': [{'error_class': 'ValueError', 'message': 'root created by driver or runner', 'phase': 'startup'}, {'error_class': 'OSError', 'message': 'fixture enumeration failure', 'phase': 'helper_cleanup'}], 'signals': [], 'ticks': [201473.916771132, 201473.98622185, 201473.991305907, 201474.000452345, 201474.011719522, 201474.016802928, 201474.021872542, 201474.026936113, 201474.032030684, 201474.043342246, 201474.051838454], 'events': [{'event': 'fixture_spawn_entry', 'role': 'work', 'observed': 201473.944164514, 'ready_deadline': 201474.916771132}], 'trace_facts': {'capacity': 256, 'total': 1, 'dropped': 0, 'saturated': False, 'first': 201473.944166004, 'last': 201473.944166004}, 'tick_facts': {'capacity': 128, 'total': 11, 'dropped': 0, 'saturated': False, 'first': 201473.916775463, 'last': 201474.051838772}, 'owner_error_facts': {'capacity': 32, 'total': 2, 'dropped': 0, 'saturated': False, 'first': 201474.047111002, 'last': 201474.04712085}, 'owner_signal_facts': {'capacity': 128, 'total': 0, 'dropped': 0, 'saturated': False, 'first': None, 'last': None}, 'request_counts': {'work': {'dispatch': 0, 'response': 0}, 'sample': {'dispatch': 0, 'response': 0}}, 'census_request_count': 0, 'max_gap': 0.06945071800146252, 'max_turn': 0.00343446500482969, 'call_observations': [{'operation': 'tick', 'entered': 201473.98622115, 'deadline': 201474.916771132, 'returned': 201

======================================================================
ERROR: test_l22_signal_failure (test_vipe_benchmark_supervisor.HelperSessionTests.test_l22_signal_failure)
----------------------------------------------------------------------
Traceback (most recent call last):
  File "/home/auss/git_repos/samaust/Experiments_4DGS/tests/test_vipe_benchmark_supervisor.py", line 1457, in test_l22_signal_failure
    def test_l22_signal_failure(self): self.failed_cleanup('L22','signal_failure')
                                       ~~~~~~~~~~~~~~~~~~~^^^^^^^^^^^^^^^^^^^^^^^^
  File "/home/auss/git_repos/samaust/Experiments_4DGS/tests/test_vipe_benchmark_supervisor.py", line 1447, in failed_cleanup
    session.await_ready()
    ~~~~~~~~~~~~~~~~~~~^^
  File "/home/auss/git_repos/samaust/Experiments_4DGS/tests/test_vipe_benchmark_supervisor.py", line 1165, in observed
    result=operation(*args,**kwargs);return result
  File "/home/auss/git_repos/samaust/Experiments_4DGS/scripts/vipe_benchmark/s1_helper_session.py", line 2405, in await_ready
    self.tick(end); time.sleep(min(.005,max(0.,end-time.monotonic())))
    ~~~~~~~~~^^^^^
  File "/home/auss/git_repos/samaust/Experiments_4DGS/tests/test_vipe_benchmark_supervisor.py", line 1165, in observed
    result=operation(*args,**kwargs);return result
  File "/home/auss/git_repos/samaust/Experiments_4DGS/scripts/vipe_benchmark/s1_helper_session.py", line 2320, in tick
    if self.owner.cancelled or self.poisoned: raise RuntimeError('S1 helper session poisoned: '+str(list(self.owner.errors)))
                                              ^^^^^^^^^^^^^^^^^^^^^^^^^^^^^^^^^^^^^^^^^^^^^^^^^^^^^^^^^^^^^^^^^^^^^^^^^^^^^^^
RuntimeError: S1 helper session poisoned: [{'error_class': 'ValueError', 'message': 'root created by driver or runner', 'phase': 'startup'}]
timing_or_cleanup_check_0: AssertionError: False is not true : {'scenario': 'L22', 'mode': 'signal_failure', 'constructor_entry': 201474.179864211, 'action_cutoff': 201476.179864211, 'safety_cutoff': 201477.179864211, 'constructor_end': 201474.251578929, 't0': 201474.179886658, 'ready_deadline': 201475.179886658, 'setup_deadline': 201476.179886658, 'setup_cleanup_deadline': 201477.179886658, 'action_end': 201474.317520415, 'end': 201474.447758149, 'execution_seconds': 0.13765620399499312, 'cleanup_seconds': 0.13023773400345817, 'cleanup_confirmed': False, 'records': {'work': {'role': 'work', 'state': 'spawning', 'pid': None}, 'sample': {'role': 'sample', 'state': 'pending', 'pid': None}}, 'errors': [{'error_class': 'ValueError', 'message': 'root created by driver or runner', 'phase': 'startup'}], 'signals': [], 'ticks': [201474.179886658, 201474.251586338, 201474.256668719, 201474.265727193, 201474.276996359, 201474.282069976, 201474.28718585, 201474.292267093, 201474.297332343, 201474.309144145, 201474.317504855], 'events': [{'event': 'fixture_spawn_entry', 'role': 'work', 'observed': 201474.209308478, 'ready_deadline': 201475.179886658}], 'trace_facts': {'capacity': 256, 'total': 1, 'dropped': 0, 'saturated': False, 'first': 201474.209309457, 'last': 201474.209309457}, 'tick_facts': {'capacity': 128, 'total': 11, 'dropped': 0, 'saturated': False, 'first': 201474.179891272, 'last': 201474.317505215}, 'owner_error_facts': {'capacity': 32, 'total': 1, 'dropped': 0, 'saturated': False, 'first': 201474.312750074, 'last': 201474.312750074}, 'owner_signal_facts': {'capacity': 128, 'total': 0, 'dropped': 0, 'saturated': False, 'first': None, 'last': None}, 'request_counts': {'work': {'dispatch': 0, 'response': 0}, 'sample': {'dispatch': 0, 'response': 0}}, 'census_request_count': 0, 'max_gap': 0.07169968000380322, 'max_turn': 0.003301092016045004, 'call_observations': [{'operation': 'tick', 'entered': 201474.251585708, 'deadline': 201475.179886658, 'returned': 201474.251610526, 'confirmed': None, 'error': None, 'ready_before': [], 'ready_after': []}, {'operatio

======================================================================
ERROR: test_l23_reap_failure (test_vipe_benchmark_supervisor.HelperSessionTests.test_l23_reap_failure)
----------------------------------------------------------------------
Traceback (most recent call last):
  File "/home/auss/git_repos/samaust/Experiments_4DGS/tests/test_vipe_benchmark_supervisor.py", line 1458, in test_l23_reap_failure
    def test_l23_reap_failure(self): self.failed_cleanup('L23','reap_failure')
                                     ~~~~~~~~~~~~~~~~~~~^^^^^^^^^^^^^^^^^^^^^^
  File "/home/auss/git_repos/samaust/Experiments_4DGS/tests/test_vipe_benchmark_supervisor.py", line 1447, in failed_cleanup
    session.await_ready()
    ~~~~~~~~~~~~~~~~~~~^^
  File "/home/auss/git_repos/samaust/Experiments_4DGS/tests/test_vipe_benchmark_supervisor.py", line 1165, in observed
    result=operation(*args,**kwargs);return result
  File "/home/auss/git_repos/samaust/Experiments_4DGS/scripts/vipe_benchmark/s1_helper_session.py", line 2405, in await_ready
    self.tick(end); time.sleep(min(.005,max(0.,end-time.monotonic())))
    ~~~~~~~~~^^^^^
  File "/home/auss/git_repos/samaust/Experiments_4DGS/tests/test_vipe_benchmark_supervisor.py", line 1165, in observed
    result=operation(*args,**kwargs);return result
  File "/home/auss/git_repos/samaust/Experiments_4DGS/scripts/vipe_benchmark/s1_helper_session.py", line 2320, in tick
    if self.owner.cancelled or self.poisoned: raise RuntimeError('S1 helper session poisoned: '+str(list(self.owner.errors)))
                                              ^^^^^^^^^^^^^^^^^^^^^^^^^^^^^^^^^^^^^^^^^^^^^^^^^^^^^^^^^^^^^^^^^^^^^^^^^^^^^^^
RuntimeError: S1 helper session poisoned: [{'error_class': 'ValueError', 'message': 'root created by driver or runner', 'phase': 'startup'}]
timing_or_cleanup_check_0: AssertionError: False is not true : {'scenario': 'L23', 'mode': 'reap_failure', 'constructor_entry': 201474.448686194, 'action_cutoff': 201476.448686194, 'safety_cutoff': 201477.448686194, 'constructor_end': 201474.521470581, 't0': 201474.448710614, 'ready_deadline': 201475.448710614, 'setup_deadline': 201476.448710614, 'setup_cleanup_deadline': 201477.448710614, 'action_end': 201474.58483464, 'end': 201474.722427669, 'execution_seconds': 0.1361484460067004, 'cleanup_seconds': 0.13759302900871262, 'cleanup_confirmed': False, 'records': {'work': {'role': 'work', 'state': 'spawning', 'pid': None}, 'sample': {'role': 'sample', 'state': 'pending', 'pid': None}}, 'errors': [{'error_class': 'ValueError', 'message': 'root created by driver or runner', 'phase': 'startup'}], 'signals': [], 'ticks': [201474.448710614, 201474.521479748, 201474.526574988, 201474.536317448, 201474.547616132, 201474.552709983, 201474.557794139, 201474.562863, 201474.567936261, 201474.579735368, 201474.584816492], 'events': [{'event': 'fixture_spawn_entry', 'role': 'work', 'observed': 201474.477166802, 'ready_deadline': 201475.448710614}], 'trace_facts': {'capacity': 256, 'total': 1, 'dropped': 0, 'saturated': False, 'first': 201474.477168125, 'last': 201474.477168125}, 'tick_facts': {'capacity': 128, 'total': 11, 'dropped': 0, 'saturated': False, 'first': 201474.448715574, 'last': 201474.584817052}, 'owner_error_facts': {'capacity': 32, 'total': 1, 'dropped': 0, 'saturated': False, 'first': 201474.583516198, 'last': 201474.583516198}, 'owner_signal_facts': {'capacity': 128, 'total': 0, 'dropped': 0, 'saturated': False, 'first': None, 'last': None}, 'request_counts': {'work': {'dispatch': 0, 'response': 0}, 'sample': {'dispatch': 0, 'response': 0}}, 'census_request_count': 0, 'max_gap': 0.0727691339852754, 'max_turn': 2.901200787164271e-05, 'call_observations': [{'operation': 'tick', 'entered': 201474.52147909, 'deadline': 201475.448710614, 'returned': 201474.52150958, 'confirmed': None, 'error': None, 'ready_before': [], 'ready_after': []}, {'operation': 'tic

======================================================================
ERROR: test_l24_summary_reference_adapter (test_vipe_benchmark_supervisor.HelperSessionTests.test_l24_summary_reference_adapter)
----------------------------------------------------------------------
Traceback (most recent call last):
  File "/home/auss/git_repos/samaust/Experiments_4DGS/tests/test_vipe_benchmark_supervisor.py", line 1469, in test_l24_summary_reference_adapter
    session.await_ready()
    ~~~~~~~~~~~~~~~~~~~^^
  File "/home/auss/git_repos/samaust/Experiments_4DGS/tests/test_vipe_benchmark_supervisor.py", line 1165, in observed
    result=operation(*args,**kwargs);return result
  File "/home/auss/git_repos/samaust/Experiments_4DGS/scripts/vipe_benchmark/s1_helper_session.py", line 2405, in await_ready
    self.tick(end); time.sleep(min(.005,max(0.,end-time.monotonic())))
    ~~~~~~~~~^^^^^
  File "/home/auss/git_repos/samaust/Experiments_4DGS/tests/test_vipe_benchmark_supervisor.py", line 1165, in observed
    result=operation(*args,**kwargs);return result
  File "/home/auss/git_repos/samaust/Experiments_4DGS/scripts/vipe_benchmark/s1_helper_session.py", line 2320, in tick
    if self.owner.cancelled or self.poisoned: raise RuntimeError('S1 helper session poisoned: '+str(list(self.owner.errors)))
                                              ^^^^^^^^^^^^^^^^^^^^^^^^^^^^^^^^^^^^^^^^^^^^^^^^^^^^^^^^^^^^^^^^^^^^^^^^^^^^^^^
RuntimeError: S1 helper session poisoned: [{'error_class': 'ValueError', 'message': 'root created by driver or runner', 'phase': 'startup'}]
timing_or_cleanup_check_0: AssertionError: False is not true : {'scenario': 'L24', 'mode': 'artifact', 'constructor_entry': 201475.049181592, 'action_cutoff': 201477.049181592, 'safety_cutoff': 201478.049181592, 'constructor_end': 201475.12245335, 't0': 201475.049206832, 'ready_deadline': 201476.049206832, 'setup_deadline': 201477.049206832, 'setup_cleanup_deadline': 201478.049206832, 'action_end': 201475.190178628, 'end': 201475.323486818, 'execution_seconds': 0.14099703598185442, 'cleanup_seconds': 0.13330819000839256, 'cleanup_confirmed': False, 'records': {'work': {'role': 'work', 'state': 'spawning', 'pid': None}, 'sample': {'role': 'sample', 'state': 'pending', 'pid': None}}, 'errors': [{'error_class': 'ValueError', 'message': 'root created by driver or runner', 'phase': 'startup'}], 'signals': [], 'ticks': [201475.049206832, 201475.122461674, 201475.127551665, 201475.138047255, 201475.149306227, 201475.154401364, 201475.159488489, 201475.164572561, 201475.169672209, 201475.17493121, 201475.18507603, 201475.190159817], 'events': [{'event': 'fixture_spawn_entry', 'role': 'work', 'observed': 201475.078990271, 'ready_deadline': 201476.049206832}], 'trace_facts': {'capacity': 256, 'total': 1, 'dropped': 0, 'saturated': False, 'first': 201475.07899174, 'last': 201475.07899174}, 'tick_facts': {'capacity': 128, 'total': 12, 'dropped': 0, 'saturated': False, 'first': 201475.049212145, 'last': 201475.190160414}, 'owner_error_facts': {'capacity': 32, 'total': 1, 'dropped': 0, 'saturated': False, 'first': 201475.186427249, 'last': 201475.186427249}, 'owner_signal_facts': {'capacity': 128, 'total': 0, 'dropped': 0, 'saturated': False, 'first': None, 'last': None}, 'request_counts': {'work': {'dispatch': 0, 'response': 0}, 'sample': {'dispatch': 0, 'response': 0}}, 'census_request_count': 0, 'max_gap': 0.07325484202010557, 'max_turn': 2.781400689855218e-05, 'call_observations': [{'operation': 'tick', 'entered': 201475.12246103, 'deadline': 201476.049206832, 'returned': 201475.122485392, 'confirmed': None, 'error': None, 'ready_before': [], 'ready_after': []}, {'

======================================================================
ERROR: test_l25_delayed_actual_reserve (test_vipe_benchmark_supervisor.HelperSessionTests.test_l25_delayed_actual_reserve)
----------------------------------------------------------------------
Traceback (most recent call last):
  File "/home/auss/git_repos/samaust/Experiments_4DGS/scripts/vipe_benchmark/supervisor.py", line 283, in monitored_call
    session.await_ready()
    ~~~~~~~~~~~~~~~~~~~^^
  File "/home/auss/git_repos/samaust/Experiments_4DGS/tests/test_vipe_benchmark_supervisor.py", line 1165, in observed
    result=operation(*args,**kwargs);return result
  File "/home/auss/git_repos/samaust/Experiments_4DGS/scripts/vipe_benchmark/s1_helper_session.py", line 2405, in await_ready
    self.tick(end); time.sleep(min(.005,max(0.,end-time.monotonic())))
    ~~~~~~~~~^^^^^
  File "/home/auss/git_repos/samaust/Experiments_4DGS/tests/test_vipe_benchmark_supervisor.py", line 1165, in observed
    result=operation(*args,**kwargs);return result
  File "/home/auss/git_repos/samaust/Experiments_4DGS/scripts/vipe_benchmark/s1_helper_session.py", line 2320, in tick
    if self.owner.cancelled or self.poisoned: raise RuntimeError('S1 helper session poisoned: '+str(list(self.owner.errors)))
                                              ^^^^^^^^^^^^^^^^^^^^^^^^^^^^^^^^^^^^^^^^^^^^^^^^^^^^^^^^^^^^^^^^^^^^^^^^^^^^^^^
RuntimeError: S1 helper session poisoned: [{'error_class': 'ValueError', 'message': 'root created by driver or runner', 'phase': 'startup'}]

The above exception was the direct cause of the following exception:

Traceback (most recent call last):
  File "/home/auss/git_repos/samaust/Experiments_4DGS/tests/test_vipe_benchmark_supervisor.py", line 1513, in test_l25_delayed_actual_reserve
    def test_l25_delayed_actual_reserve(self): self.admission_rejected('L25',False)
                                               ~~~~~~~~~~~~~~~~~~~~~~~^^^^^^^^^^^^^
  File "/home/auss/git_repos/samaust/Experiments_4DGS/tests/test_vipe_benchmark_supervisor.py", line 1504, in admission_rejected
    sup.supervise(Disposable(),'S1-calibration-recovery-001',['unused'],Path(temp)/'out',evidence={},sample_resources=self.sampler)
    ~~~~~~~~~~~~~^^^^^^^^^^^^^^^^^^^^^^^^^^^^^^^^^^^^^^^^^^^^^^^^^^^^^^^^^^^^^^^^^^^^^^^^^^^^^^^^^^^^^^^^^^^^^^^^^^^^^^^^^^^^^^^^^^
  File "/home/auss/git_repos/samaust/Experiments_4DGS/scripts/vipe_benchmark/supervisor.py", line 368, in supervise
    initial = (monitored_call(sampler, time.monotonic()+2., sampler, ledger.config, peak,
               ~~~~~~~~~~~~~~^^^^^^^^^^^^^^^^^^^^^^^^^^^^^^^^^^^^^^^^^^^^^^^^^^^^^^^^^^^^
                              lifecycle=lifecycle, phase='initial_sample') if is_s1 else sampler())
                              ^^^^^^^^^^^^^^^^^^^^^^^^^^^^^^^^^^^^^^^^^^^^
  File "/home/auss/git_repos/samaust/Experiments_4DGS/scripts/vipe_benchmark/supervisor.py", line 330, in monitored_call
    raise primary from exc
vipe_benchmark.supervisor.HelperFailure: RuntimeError: S1 helper session poisoned: [{'error_class': 'ValueError', 'message': 'root created by driver or runner', 'phase': 'startup'}]
HelperCleanupUncertain: helper cleanup not confirmed
pre-reservation helper cleanup not confirmed
timing_or_cleanup_check_0: AssertionError: False is not true : {'scenario': 'L25', 'mode': 'normal', 'constructor_entry': 201475.325376552, 'action_cutoff': 201477.325376552, 'safety_cutoff': 201478.325376552, 'constructor_end': 201475.397615113, 't0': 201475.325398658, 'ready_deadline': 201475.475398658, 'setup_deadline': 201475.62539865798, 'setup_cleanup_deadline': 201475.825398658, 'action_end': 201475.882993055, 'end': 201475.925159368, 'execution_seconds': 0.5576165030070115, 'cleanup_seconds': 0.042166312981862575, 'cleanup_confirmed': False, 'records': {'work': {'role': 'work', 'state': 'spawning', 'pid': None}, 'sample': {'role': 'sample', 'state': 'pending', 'pid': None}}, 'errors': [{'error_class': 'ValueError', 'message': 'root created by driver or runner', 'phase': 'startup'}], 'signals': [], 'ticks': [201475.325398658, 201475.39895382, 201475.404007111, 201475.413266107, 201475.424460293, 201475.429548007, 201475.434616568, 201475.43968849, 201475.444755656, 201475.456451693, 201475.461520757], 'events': [{'event': 'fixture_spawn_entry', 'role': 'work', 'observed': 201475.354365182, 'ready_deadline': 201475.475398658}], 'trace_facts': {'capacity': 256, 'total': 1, 'dropped': 0, 'saturated': False, 'first': 201475.354366818, 'last': 201475.354366818}, 'tick_facts': {'capacity': 128, 'total': 11, 'dropped': 0, 'saturated': False, 'first': 201475.325403335, 'last': 201475.461520989}, 'owner_error_facts': {'capacity': 32, 'total': 1, 'dropped': 0, 'saturated': False, 'first': 201475.460604726, 'last': 201475.460604726}, 'owner_signal_facts': {'capacity': 128, 'total': 0, 'dropped': 0, 'saturated': False, 'first': None, 'last': None}, 'request_counts': {'work': {'dispatch': 0, 'response': 0}, 'sample': {'dispatch': 0, 'response': 0}}, 'census_request_count': 0, 'max_gap': 0.07355516200186685, 'max_turn': 2.4634005967527628e-05, 'call_observations': [{'operation': 'tick', 'entered': 201475.398953077, 'deadline': 201475.475398658, 'returned': 201475.398973613, 'confirmed': None, 'error': None, 'ready_before': [], 'ready_after': []}, {'operation': '

======================================================================
ERROR: test_l26_equal_actual_reserve (test_vipe_benchmark_supervisor.HelperSessionTests.test_l26_equal_actual_reserve)
----------------------------------------------------------------------
Traceback (most recent call last):
  File "/home/auss/git_repos/samaust/Experiments_4DGS/scripts/vipe_benchmark/supervisor.py", line 283, in monitored_call
    session.await_ready()
    ~~~~~~~~~~~~~~~~~~~^^
  File "/home/auss/git_repos/samaust/Experiments_4DGS/tests/test_vipe_benchmark_supervisor.py", line 1165, in observed
    result=operation(*args,**kwargs);return result
  File "/home/auss/git_repos/samaust/Experiments_4DGS/scripts/vipe_benchmark/s1_helper_session.py", line 2405, in await_ready
    self.tick(end); time.sleep(min(.005,max(0.,end-time.monotonic())))
    ~~~~~~~~~^^^^^
  File "/home/auss/git_repos/samaust/Experiments_4DGS/tests/test_vipe_benchmark_supervisor.py", line 1165, in observed
    result=operation(*args,**kwargs);return result
  File "/home/auss/git_repos/samaust/Experiments_4DGS/scripts/vipe_benchmark/s1_helper_session.py", line 2320, in tick
    if self.owner.cancelled or self.poisoned: raise RuntimeError('S1 helper session poisoned: '+str(list(self.owner.errors)))
                                              ^^^^^^^^^^^^^^^^^^^^^^^^^^^^^^^^^^^^^^^^^^^^^^^^^^^^^^^^^^^^^^^^^^^^^^^^^^^^^^^
RuntimeError: S1 helper session poisoned: [{'error_class': 'ValueError', 'message': 'root created by driver or runner', 'phase': 'startup'}]

The above exception was the direct cause of the following exception:

Traceback (most recent call last):
  File "/home/auss/git_repos/samaust/Experiments_4DGS/tests/test_vipe_benchmark_supervisor.py", line 1514, in test_l26_equal_actual_reserve
    def test_l26_equal_actual_reserve(self): self.admission_rejected('L26',True)
                                             ~~~~~~~~~~~~~~~~~~~~~~~^^^^^^^^^^^^
  File "/home/auss/git_repos/samaust/Experiments_4DGS/tests/test_vipe_benchmark_supervisor.py", line 1504, in admission_rejected
    sup.supervise(Disposable(),'S1-calibration-recovery-001',['unused'],Path(temp)/'out',evidence={},sample_resources=self.sampler)
    ~~~~~~~~~~~~~^^^^^^^^^^^^^^^^^^^^^^^^^^^^^^^^^^^^^^^^^^^^^^^^^^^^^^^^^^^^^^^^^^^^^^^^^^^^^^^^^^^^^^^^^^^^^^^^^^^^^^^^^^^^^^^^^^
  File "/home/auss/git_repos/samaust/Experiments_4DGS/scripts/vipe_benchmark/supervisor.py", line 368, in supervise
    initial = (monitored_call(sampler, time.monotonic()+2., sampler, ledger.config, peak,
               ~~~~~~~~~~~~~~^^^^^^^^^^^^^^^^^^^^^^^^^^^^^^^^^^^^^^^^^^^^^^^^^^^^^^^^^^^^
                              lifecycle=lifecycle, phase='initial_sample') if is_s1 else sampler())
                              ^^^^^^^^^^^^^^^^^^^^^^^^^^^^^^^^^^^^^^^^^^^^
  File "/home/auss/git_repos/samaust/Experiments_4DGS/scripts/vipe_benchmark/supervisor.py", line 330, in monitored_call
    raise primary from exc
vipe_benchmark.supervisor.HelperFailure: RuntimeError: S1 helper session poisoned: [{'error_class': 'ValueError', 'message': 'root created by driver or runner', 'phase': 'startup'}]
HelperCleanupUncertain: helper cleanup not confirmed
pre-reservation helper cleanup not confirmed
timing_or_cleanup_check_0: AssertionError: False is not true : {'scenario': 'L26', 'mode': 'normal', 'constructor_entry': 201475.926426207, 'action_cutoff': 201477.926426207, 'safety_cutoff': 201478.926426207, 'constructor_end': 201476.000415498, 't0': 201475.926448305, 'ready_deadline': 201476.076448305, 'setup_deadline': 201476.22644830498, 'setup_cleanup_deadline': 201476.426448305, 'action_end': 201476.489055293, 'end': 201476.531075129, 'execution_seconds': 0.5626290859945584, 'cleanup_seconds': 0.042019835993414745, 'cleanup_confirmed': False, 'records': {'work': {'role': 'work', 'state': 'spawning', 'pid': None}, 'sample': {'role': 'sample', 'state': 'pending', 'pid': None}}, 'errors': [{'error_class': 'ValueError', 'message': 'root created by driver or runner', 'phase': 'startup'}], 'signals': [], 'ticks': [201475.926448305, 201476.001809417, 201476.00690063, 201476.011972096, 201476.01981167, 201476.030890228, 201476.038499559, 201476.043584435, 201476.04872439, 201476.056531215, 201476.066679589, 201476.071763945], 'events': [{'event': 'fixture_spawn_entry', 'role': 'work', 'observed': 201475.95626806, 'ready_deadline': 201476.076448305}], 'trace_facts': {'capacity': 256, 'total': 1, 'dropped': 0, 'saturated': False, 'first': 201475.956270018, 'last': 201475.956270018}, 'tick_facts': {'capacity': 128, 'total': 12, 'dropped': 0, 'saturated': False, 'first': 201475.926452925, 'last': 201476.071764967}, 'owner_error_facts': {'capacity': 32, 'total': 1, 'dropped': 0, 'saturated': False, 'first': 201476.067758822, 'last': 201476.067758822}, 'owner_signal_facts': {'capacity': 128, 'total': 0, 'dropped': 0, 'saturated': False, 'first': None, 'last': None}, 'request_counts': {'work': {'dispatch': 0, 'response': 0}, 'sample': {'dispatch': 0, 'response': 0}}, 'census_request_count': 0, 'max_gap': 0.07536111201625317, 'max_turn': 0.0025152589951176196, 'call_observations': [{'operation': 'tick', 'entered': 201476.00180893, 'deadline': 201476.076448305, 'returned': 201476.001828761, 'confirmed': None, 'error': None, 'ready_before': [], 'ready_after': []}, {

======================================================================
ERROR: test_l27_encoder_early_response (test_vipe_benchmark_supervisor.HelperSessionTests.test_l27_encoder_early_response)
----------------------------------------------------------------------
Traceback (most recent call last):
  File "/home/auss/git_repos/samaust/Experiments_4DGS/tests/test_vipe_benchmark_supervisor.py", line 1542, in test_l27_encoder_early_response
    def test_l27_encoder_early_response(self): self.early_response('L27','early_encoder')
                                               ~~~~~~~~~~~~~~~~~~~^^^^^^^^^^^^^^^^^^^^^^^
  File "/home/auss/git_repos/samaust/Experiments_4DGS/tests/test_vipe_benchmark_supervisor.py", line 1521, in early_response
    session.await_ready(); wire=session.wires['work']
    ~~~~~~~~~~~~~~~~~~~^^
  File "/home/auss/git_repos/samaust/Experiments_4DGS/tests/test_vipe_benchmark_supervisor.py", line 1165, in observed
    result=operation(*args,**kwargs);return result
  File "/home/auss/git_repos/samaust/Experiments_4DGS/scripts/vipe_benchmark/s1_helper_session.py", line 2405, in await_ready
    self.tick(end); time.sleep(min(.005,max(0.,end-time.monotonic())))
    ~~~~~~~~~^^^^^
  File "/home/auss/git_repos/samaust/Experiments_4DGS/tests/test_vipe_benchmark_supervisor.py", line 1165, in observed
    result=operation(*args,**kwargs);return result
  File "/home/auss/git_repos/samaust/Experiments_4DGS/scripts/vipe_benchmark/s1_helper_session.py", line 2320, in tick
    if self.owner.cancelled or self.poisoned: raise RuntimeError('S1 helper session poisoned: '+str(list(self.owner.errors)))
                                              ^^^^^^^^^^^^^^^^^^^^^^^^^^^^^^^^^^^^^^^^^^^^^^^^^^^^^^^^^^^^^^^^^^^^^^^^^^^^^^^
RuntimeError: S1 helper session poisoned: [{'error_class': 'ValueError', 'message': 'root created by driver or runner', 'phase': 'startup'}]
timing_or_cleanup_check_0: AssertionError: False is not true : {'scenario': 'L27', 'mode': 'early_encoder', 'constructor_entry': 201476.532426294, 'action_cutoff': 201478.532426294, 'safety_cutoff': 201479.532426294, 'constructor_end': 201476.607195953, 't0': 201476.532447896, 'ready_deadline': 201477.532447896, 'setup_deadline': 201478.532447896, 'setup_cleanup_deadline': 201479.532447896, 'action_end': 201476.669975912, 'end': 201476.809914616, 'execution_seconds': 0.13754961799713783, 'cleanup_seconds': 0.13993870400008745, 'cleanup_confirmed': False, 'records': {'work': {'role': 'work', 'state': 'spawning', 'pid': None}, 'sample': {'role': 'sample', 'state': 'pending', 'pid': None}}, 'errors': [{'error_class': 'ValueError', 'message': 'root created by driver or runner', 'phase': 'startup'}], 'signals': [], 'ticks': [201476.532447896, 201476.607202787, 201476.612293111, 201476.621586149, 201476.632684244, 201476.63777687, 201476.642855849, 201476.647966891, 201476.653051804, 201476.664813165, 201476.669958355], 'events': [{'event': 'fixture_spawn_entry', 'role': 'work', 'observed': 201476.562410039, 'ready_deadline': 201477.532447896}], 'trace_facts': {'capacity': 256, 'total': 1, 'dropped': 0, 'saturated': False, 'first': 201476.562410974, 'last': 201476.562410974}, 'tick_facts': {'capacity': 128, 'total': 11, 'dropped': 0, 'saturated': False, 'first': 201476.532452115, 'last': 201476.669958944}, 'owner_error_facts': {'capacity': 32, 'total': 1, 'dropped': 0, 'saturated': False, 'first': 201476.669198477, 'last': 201476.669198477}, 'owner_signal_facts': {'capacity': 128, 'total': 0, 'dropped': 0, 'saturated': False, 'first': None, 'last': None}, 'request_counts': {'work': {'dispatch': 0, 'response': 0}, 'sample': {'dispatch': 0, 'response': 0}}, 'census_request_count': 0, 'max_gap': 0.07475489101489075, 'max_turn': 2.2666994482278824e-05, 'call_observations': [{'operation': 'tick', 'entered': 201476.607202083, 'deadline': 201477.532447896, 'returned': 201476.607226538, 'confirmed': None, 'error': None, 'ready_before': [], 'ready_after': []}, {'operati

======================================================================
ERROR: test_l28_partial_early_response (test_vipe_benchmark_supervisor.HelperSessionTests.test_l28_partial_early_response)
----------------------------------------------------------------------
Traceback (most recent call last):
  File "/home/auss/git_repos/samaust/Experiments_4DGS/tests/test_vipe_benchmark_supervisor.py", line 1543, in test_l28_partial_early_response
    def test_l28_partial_early_response(self): self.early_response('L28','early_partial')
                                               ~~~~~~~~~~~~~~~~~~~^^^^^^^^^^^^^^^^^^^^^^^
  File "/home/auss/git_repos/samaust/Experiments_4DGS/tests/test_vipe_benchmark_supervisor.py", line 1521, in early_response
    session.await_ready(); wire=session.wires['work']
    ~~~~~~~~~~~~~~~~~~~^^
  File "/home/auss/git_repos/samaust/Experiments_4DGS/tests/test_vipe_benchmark_supervisor.py", line 1165, in observed
    result=operation(*args,**kwargs);return result
  File "/home/auss/git_repos/samaust/Experiments_4DGS/scripts/vipe_benchmark/s1_helper_session.py", line 2405, in await_ready
    self.tick(end); time.sleep(min(.005,max(0.,end-time.monotonic())))
    ~~~~~~~~~^^^^^
  File "/home/auss/git_repos/samaust/Experiments_4DGS/tests/test_vipe_benchmark_supervisor.py", line 1165, in observed
    result=operation(*args,**kwargs);return result
  File "/home/auss/git_repos/samaust/Experiments_4DGS/scripts/vipe_benchmark/s1_helper_session.py", line 2320, in tick
    if self.owner.cancelled or self.poisoned: raise RuntimeError('S1 helper session poisoned: '+str(list(self.owner.errors)))
                                              ^^^^^^^^^^^^^^^^^^^^^^^^^^^^^^^^^^^^^^^^^^^^^^^^^^^^^^^^^^^^^^^^^^^^^^^^^^^^^^^
RuntimeError: S1 helper session poisoned: [{'error_class': 'ValueError', 'message': 'root created by driver or runner', 'phase': 'startup'}]
timing_or_cleanup_check_0: AssertionError: False is not true : {'scenario': 'L28', 'mode': 'early_partial', 'constructor_entry': 201476.811185485, 'action_cutoff': 201478.811185485, 'safety_cutoff': 201479.811185485, 'constructor_end': 201476.887765805, 't0': 201476.811207617, 'ready_deadline': 201477.811207617, 'setup_deadline': 201478.811207617, 'setup_cleanup_deadline': 201479.811207617, 'action_end': 201476.954388957, 'end': 201477.096630971, 'execution_seconds': 0.1432034719910007, 'cleanup_seconds': 0.14224201400065795, 'cleanup_confirmed': False, 'records': {'work': {'role': 'work', 'state': 'spawning', 'pid': None}, 'sample': {'role': 'sample', 'state': 'pending', 'pid': None}}, 'errors': [{'error_class': 'ValueError', 'message': 'root created by driver or runner', 'phase': 'startup'}], 'signals': [], 'ticks': [201476.811207617, 201476.88777474, 201476.892862723, 201476.90178748, 201476.913020238, 201476.918436689, 201476.923505467, 201476.928570655, 201476.933635577, 201476.939179487, 201476.949306389, 201476.954372538], 'events': [{'event': 'fixture_spawn_entry', 'role': 'work', 'observed': 201476.84163053, 'ready_deadline': 201477.811207617}], 'trace_facts': {'capacity': 256, 'total': 1, 'dropped': 0, 'saturated': False, 'first': 201476.841632304, 'last': 201476.841632304}, 'tick_facts': {'capacity': 128, 'total': 12, 'dropped': 0, 'saturated': False, 'first': 201476.811212575, 'last': 201476.954372918}, 'owner_error_facts': {'capacity': 32, 'total': 1, 'dropped': 0, 'saturated': False, 'first': 201476.95118719, 'last': 201476.95118719}, 'owner_signal_facts': {'capacity': 128, 'total': 0, 'dropped': 0, 'saturated': False, 'first': None, 'last': None}, 'request_counts': {'work': {'dispatch': 0, 'response': 0}, 'sample': {'dispatch': 0, 'response': 0}}, 'census_request_count': 0, 'max_gap': 0.07656712300376967, 'max_turn': 4.669500049203634e-05, 'call_observations': [{'operation': 'tick', 'entered': 201476.887774142, 'deadline': 201477.811207617, 'returned': 201476.887799066, 'confirmed': None, 'error': None, 'ready_before': [], 'ready_after': []

======================================================================
ERROR: test_l29_readable_sample_equality (test_vipe_benchmark_supervisor.HelperSessionTests.test_l29_readable_sample_equality)
----------------------------------------------------------------------
Traceback (most recent call last):
  File "/home/auss/git_repos/samaust/Experiments_4DGS/tests/test_vipe_benchmark_supervisor.py", line 1572, in test_l29_readable_sample_equality
    def test_l29_readable_sample_equality(self): self.readable_equal('L29',1.2)
                                                 ~~~~~~~~~~~~~~~~~~~^^^^^^^^^^^
  File "/home/auss/git_repos/samaust/Experiments_4DGS/tests/test_vipe_benchmark_supervisor.py", line 1547, in readable_equal
    session.await_ready()
    ~~~~~~~~~~~~~~~~~~~^^
  File "/home/auss/git_repos/samaust/Experiments_4DGS/tests/test_vipe_benchmark_supervisor.py", line 1165, in observed
    result=operation(*args,**kwargs);return result
  File "/home/auss/git_repos/samaust/Experiments_4DGS/scripts/vipe_benchmark/s1_helper_session.py", line 2405, in await_ready
    self.tick(end); time.sleep(min(.005,max(0.,end-time.monotonic())))
    ~~~~~~~~~^^^^^
  File "/home/auss/git_repos/samaust/Experiments_4DGS/tests/test_vipe_benchmark_supervisor.py", line 1165, in observed
    result=operation(*args,**kwargs);return result
  File "/home/auss/git_repos/samaust/Experiments_4DGS/scripts/vipe_benchmark/s1_helper_session.py", line 2320, in tick
    if self.owner.cancelled or self.poisoned: raise RuntimeError('S1 helper session poisoned: '+str(list(self.owner.errors)))
                                              ^^^^^^^^^^^^^^^^^^^^^^^^^^^^^^^^^^^^^^^^^^^^^^^^^^^^^^^^^^^^^^^^^^^^^^^^^^^^^^^
RuntimeError: S1 helper session poisoned: [{'error_class': 'ValueError', 'message': 'root created by driver or runner', 'phase': 'startup'}]
timing_or_cleanup_check_0: AssertionError: False is not true : {'scenario': 'L29', 'mode': 'normal', 'constructor_entry': 201477.097774475, 'action_cutoff': 201479.097774475, 'safety_cutoff': 201480.097774475, 'constructor_end': 201477.174522961, 't0': 201477.097796542, 'ready_deadline': 201478.097796542, 'setup_deadline': 201479.097796542, 'setup_cleanup_deadline': 201480.097796542, 'action_end': 201477.241431049, 'end': 201477.381147497, 'execution_seconds': 0.14365657401503995, 'cleanup_seconds': 0.1397164480003994, 'cleanup_confirmed': False, 'records': {'work': {'role': 'work', 'state': 'spawning', 'pid': None}, 'sample': {'role': 'sample', 'state': 'pending', 'pid': None}}, 'errors': [{'error_class': 'ValueError', 'message': 'root created by driver or runner', 'phase': 'startup'}], 'signals': [], 'ticks': [201477.097796542, 201477.174529688, 201477.179617455, 201477.188567183, 201477.199868395, 201477.205173301, 201477.210247443, 201477.215316333, 201477.220385718, 201477.225939761, 201477.236317353, 201477.241397706], 'events': [{'event': 'fixture_spawn_entry', 'role': 'work', 'observed': 201477.128062301, 'ready_deadline': 201478.097796542}], 'trace_facts': {'capacity': 256, 'total': 1, 'dropped': 0, 'saturated': False, 'first': 201477.128063908, 'last': 201477.128063908}, 'tick_facts': {'capacity': 128, 'total': 12, 'dropped': 0, 'saturated': False, 'first': 201477.097801206, 'last': 201477.241398246}, 'owner_error_facts': {'capacity': 32, 'total': 1, 'dropped': 0, 'saturated': False, 'first': 201477.238055461, 'last': 201477.238055461}, 'owner_signal_facts': {'capacity': 128, 'total': 0, 'dropped': 0, 'saturated': False, 'first': None, 'last': None}, 'request_counts': {'work': {'dispatch': 0, 'response': 0}, 'sample': {'dispatch': 0, 'response': 0}}, 'census_request_count': 0, 'max_gap': 0.07673314600833692, 'max_turn': 0.00026609899941831827, 'call_observations': [{'operation': 'tick', 'entered': 201477.174529215, 'deadline': 201478.097796542, 'returned': 201477.174553784, 'confirmed': None, 'error': None, 'ready_before': [], 'ready_after': []}

======================================================================
ERROR: test_l30_readable_phase_equality (test_vipe_benchmark_supervisor.HelperSessionTests.test_l30_readable_phase_equality)
----------------------------------------------------------------------
Traceback (most recent call last):
  File "/home/auss/git_repos/samaust/Experiments_4DGS/tests/test_vipe_benchmark_supervisor.py", line 1573, in test_l30_readable_phase_equality
    def test_l30_readable_phase_equality(self): self.readable_equal('L30',.2)
                                                ~~~~~~~~~~~~~~~~~~~^^^^^^^^^^
  File "/home/auss/git_repos/samaust/Experiments_4DGS/tests/test_vipe_benchmark_supervisor.py", line 1547, in readable_equal
    session.await_ready()
    ~~~~~~~~~~~~~~~~~~~^^
  File "/home/auss/git_repos/samaust/Experiments_4DGS/tests/test_vipe_benchmark_supervisor.py", line 1165, in observed
    result=operation(*args,**kwargs);return result
  File "/home/auss/git_repos/samaust/Experiments_4DGS/scripts/vipe_benchmark/s1_helper_session.py", line 2405, in await_ready
    self.tick(end); time.sleep(min(.005,max(0.,end-time.monotonic())))
    ~~~~~~~~~^^^^^
  File "/home/auss/git_repos/samaust/Experiments_4DGS/tests/test_vipe_benchmark_supervisor.py", line 1165, in observed
    result=operation(*args,**kwargs);return result
  File "/home/auss/git_repos/samaust/Experiments_4DGS/scripts/vipe_benchmark/s1_helper_session.py", line 2320, in tick
    if self.owner.cancelled or self.poisoned: raise RuntimeError('S1 helper session poisoned: '+str(list(self.owner.errors)))
                                              ^^^^^^^^^^^^^^^^^^^^^^^^^^^^^^^^^^^^^^^^^^^^^^^^^^^^^^^^^^^^^^^^^^^^^^^^^^^^^^^
RuntimeError: S1 helper session poisoned: [{'error_class': 'ValueError', 'message': 'root created by driver or runner', 'phase': 'startup'}]
timing_or_cleanup_check_0: AssertionError: False is not true : {'scenario': 'L30', 'mode': 'normal', 'constructor_entry': 201477.382134396, 'action_cutoff': 201479.382134396, 'safety_cutoff': 201480.382134396, 'constructor_end': 201477.47018652, 't0': 201477.382155818, 'ready_deadline': 201478.382155818, 'setup_deadline': 201479.382155818, 'setup_cleanup_deadline': 201480.382155818, 'action_end': 201477.536640684, 'end': 201477.684639464, 'execution_seconds': 0.15450628800317645, 'cleanup_seconds': 0.1479987799830269, 'cleanup_confirmed': False, 'records': {'work': {'role': 'work', 'state': 'spawning', 'pid': None}, 'sample': {'role': 'sample', 'state': 'pending', 'pid': None}}, 'errors': [{'error_class': 'ValueError', 'message': 'root created by driver or runner', 'phase': 'startup'}], 'signals': [], 'ticks': [201477.382155818, 201477.47019402, 201477.475361258, 201477.484190016, 201477.495360961, 201477.500705635, 201477.505833503, 201477.510922356, 201477.515995307, 201477.521438367, 201477.531557757, 201477.536623658], 'events': [{'event': 'fixture_spawn_entry', 'role': 'work', 'observed': 201477.422977783, 'ready_deadline': 201478.382155818}], 'trace_facts': {'capacity': 256, 'total': 1, 'dropped': 0, 'saturated': False, 'first': 201477.422979229, 'last': 201477.422979229}, 'tick_facts': {'capacity': 128, 'total': 12, 'dropped': 0, 'saturated': False, 'first': 201477.382160263, 'last': 201477.536624005}, 'owner_error_facts': {'capacity': 32, 'total': 1, 'dropped': 0, 'saturated': False, 'first': 201477.53378363, 'last': 201477.53378363}, 'owner_signal_facts': {'capacity': 128, 'total': 0, 'dropped': 0, 'saturated': False, 'first': None, 'last': None}, 'request_counts': {'work': {'dispatch': 0, 'response': 0}, 'sample': {'dispatch': 0, 'response': 0}}, 'census_request_count': 0, 'max_gap': 0.08803820199682377, 'max_turn': 2.3455009795725346e-05, 'call_observations': [{'operation': 'tick', 'entered': 201477.470193488, 'deadline': 201478.382155818, 'returned': 201477.470218472, 'confirmed': None, 'error': None, 'ready_before': [], 'ready_after': []}, {'

======================================================================
ERROR: test_l31_live_worker_bracket_and_foreign (test_vipe_benchmark_supervisor.HelperSessionTests.test_l31_live_worker_bracket_and_foreign)
----------------------------------------------------------------------
Traceback (most recent call last):
  File "/home/auss/git_repos/samaust/Experiments_4DGS/tests/test_vipe_benchmark_supervisor.py", line 1607, in test_l31_live_worker_bracket_and_foreign
    session.await_ready()
    ~~~~~~~~~~~~~~~~~~~^^
  File "/home/auss/git_repos/samaust/Experiments_4DGS/tests/test_vipe_benchmark_supervisor.py", line 1165, in observed
    result=operation(*args,**kwargs);return result
  File "/home/auss/git_repos/samaust/Experiments_4DGS/scripts/vipe_benchmark/s1_helper_session.py", line 2405, in await_ready
    self.tick(end); time.sleep(min(.005,max(0.,end-time.monotonic())))
    ~~~~~~~~~^^^^^
  File "/home/auss/git_repos/samaust/Experiments_4DGS/tests/test_vipe_benchmark_supervisor.py", line 1165, in observed
    result=operation(*args,**kwargs);return result
  File "/home/auss/git_repos/samaust/Experiments_4DGS/scripts/vipe_benchmark/s1_helper_session.py", line 2320, in tick
    if self.owner.cancelled or self.poisoned: raise RuntimeError('S1 helper session poisoned: '+str(list(self.owner.errors)))
                                              ^^^^^^^^^^^^^^^^^^^^^^^^^^^^^^^^^^^^^^^^^^^^^^^^^^^^^^^^^^^^^^^^^^^^^^^^^^^^^^^
RuntimeError: S1 helper session poisoned: [{'error_class': 'ValueError', 'message': 'root created by driver or runner', 'phase': 'startup'}]
timing_or_cleanup_check_0: AssertionError: False is not true : {'scenario': 'L31', 'mode': 'normal', 'constructor_entry': 201477.685609458, 'action_cutoff': 201479.685609458, 'safety_cutoff': 201480.685609458, 'constructor_end': 201477.763802722, 't0': 201477.68563274, 'ready_deadline': 201478.68563274, 'setup_deadline': 201479.68563274, 'setup_cleanup_deadline': 201480.68563274, 'action_end': 201477.829870982, 'end': 201477.977793241, 'execution_seconds': 0.14426152399391867, 'cleanup_seconds': 0.147922258998733, 'cleanup_confirmed': False, 'records': {'work': {'role': 'work', 'state': 'spawning', 'pid': None}, 'sample': {'role': 'sample', 'state': 'pending', 'pid': None}}, 'errors': [{'error_class': 'ValueError', 'message': 'root created by driver or runner', 'phase': 'startup'}], 'signals': [], 'ticks': [201477.68563274, 201477.763809672, 201477.768904847, 201477.777886158, 201477.789193422, 201477.794308078, 201477.799382253, 201477.804453317, 201477.809517727, 201477.814661103, 201477.824780043, 201477.829852628], 'events': [{'event': 'fixture_spawn_entry', 'role': 'work', 'observed': 201477.716696707, 'ready_deadline': 201478.68563274}], 'trace_facts': {'capacity': 256, 'total': 1, 'dropped': 0, 'saturated': False, 'first': 201477.716698611, 'last': 201477.716698611}, 'tick_facts': {'capacity': 128, 'total': 12, 'dropped': 0, 'saturated': False, 'first': 201477.685637721, 'last': 201477.829852913}, 'owner_error_facts': {'capacity': 32, 'total': 1, 'dropped': 0, 'saturated': False, 'first': 201477.828221463, 'last': 201477.828221463}, 'owner_signal_facts': {'capacity': 128, 'total': 0, 'dropped': 0, 'saturated': False, 'first': None, 'last': None}, 'request_counts': {'work': {'dispatch': 0, 'response': 0}, 'sample': {'dispatch': 0, 'response': 0}}, 'census_request_count': 0, 'max_gap': 0.07817693200195208, 'max_turn': 2.990098437294364e-05, 'call_observations': [{'operation': 'tick', 'entered': 201477.763809094, 'deadline': 201478.68563274, 'returned': 201477.763840369, 'confirmed': None, 'error': None, 'ready_before': [], 'ready_after': []}, {'opera

======================================================================
ERROR: test_l32_unreaped_worker_pin (test_vipe_benchmark_supervisor.HelperSessionTests.test_l32_unreaped_worker_pin)
----------------------------------------------------------------------
Traceback (most recent call last):
  File "/home/auss/git_repos/samaust/Experiments_4DGS/tests/test_vipe_benchmark_supervisor.py", line 1622, in test_l32_unreaped_worker_pin
    session.await_ready()
    ~~~~~~~~~~~~~~~~~~~^^
  File "/home/auss/git_repos/samaust/Experiments_4DGS/tests/test_vipe_benchmark_supervisor.py", line 1165, in observed
    result=operation(*args,**kwargs);return result
  File "/home/auss/git_repos/samaust/Experiments_4DGS/scripts/vipe_benchmark/s1_helper_session.py", line 2405, in await_ready
    self.tick(end); time.sleep(min(.005,max(0.,end-time.monotonic())))
    ~~~~~~~~~^^^^^
  File "/home/auss/git_repos/samaust/Experiments_4DGS/tests/test_vipe_benchmark_supervisor.py", line 1165, in observed
    result=operation(*args,**kwargs);return result
  File "/home/auss/git_repos/samaust/Experiments_4DGS/scripts/vipe_benchmark/s1_helper_session.py", line 2320, in tick
    if self.owner.cancelled or self.poisoned: raise RuntimeError('S1 helper session poisoned: '+str(list(self.owner.errors)))
                                              ^^^^^^^^^^^^^^^^^^^^^^^^^^^^^^^^^^^^^^^^^^^^^^^^^^^^^^^^^^^^^^^^^^^^^^^^^^^^^^^
RuntimeError: S1 helper session poisoned: [{'error_class': 'ValueError', 'message': 'root created by driver or runner', 'phase': 'startup'}]
timing_or_cleanup_check_0: AssertionError: False is not true : {'scenario': 'L32', 'mode': 'normal', 'constructor_entry': 201477.978702702, 'action_cutoff': 201479.978702702, 'safety_cutoff': 201480.978702702, 'constructor_end': 201478.058385256, 't0': 201477.978724532, 'ready_deadline': 201478.978724532, 'setup_deadline': 201479.978724532, 'setup_cleanup_deadline': 201480.978724532, 'action_end': 201478.127367081, 'end': 201478.271974746, 'execution_seconds': 0.14866437899763696, 'cleanup_seconds': 0.14460766498814337, 'cleanup_confirmed': False, 'records': {'work': {'role': 'work', 'state': 'spawning', 'pid': None}, 'sample': {'role': 'sample', 'state': 'pending', 'pid': None}}, 'errors': [{'error_class': 'ValueError', 'message': 'root created by driver or runner', 'phase': 'startup'}], 'signals': [], 'ticks': [201477.978724532, 201478.058391976, 201478.063481273, 201478.072146057, 201478.08339891, 201478.088622421, 201478.09375408, 201478.098883584, 201478.104015585, 201478.117076305, 201478.122264787, 201478.127351364], 'events': [{'event': 'fixture_spawn_entry', 'role': 'work', 'observed': 201478.010226146, 'ready_deadline': 201478.978724532}], 'trace_facts': {'capacity': 256, 'total': 1, 'dropped': 0, 'saturated': False, 'first': 201478.010227036, 'last': 201478.010227036}, 'tick_facts': {'capacity': 128, 'total': 12, 'dropped': 0, 'saturated': False, 'first': 201477.978729965, 'last': 201478.127351755}, 'owner_error_facts': {'capacity': 32, 'total': 1, 'dropped': 0, 'saturated': False, 'first': 201478.122636109, 'last': 201478.122636109}, 'owner_signal_facts': {'capacity': 128, 'total': 0, 'dropped': 0, 'saturated': False, 'first': None, 'last': None}, 'request_counts': {'work': {'dispatch': 0, 'response': 0}, 'sample': {'dispatch': 0, 'response': 0}}, 'census_request_count': 0, 'max_gap': 0.07966744399163872, 'max_turn': 2.46330164372921e-05, 'call_observations': [{'operation': 'tick', 'entered': 201478.058391425, 'deadline': 201478.978724532, 'returned': 201478.058415356, 'confirmed': None, 'error': None, 'ready_before': [], 'ready_after': []}, {

======================================================================
ERROR: test_l33_blocked_census_refuses_stale (test_vipe_benchmark_supervisor.HelperSessionTests.test_l33_blocked_census_refuses_stale)
----------------------------------------------------------------------
Traceback (most recent call last):
  File "/home/auss/git_repos/samaust/Experiments_4DGS/tests/test_vipe_benchmark_supervisor.py", line 1635, in test_l33_blocked_census_refuses_stale
    session.await_ready()
    ~~~~~~~~~~~~~~~~~~~^^
  File "/home/auss/git_repos/samaust/Experiments_4DGS/tests/test_vipe_benchmark_supervisor.py", line 1165, in observed
    result=operation(*args,**kwargs);return result
  File "/home/auss/git_repos/samaust/Experiments_4DGS/scripts/vipe_benchmark/s1_helper_session.py", line 2405, in await_ready
    self.tick(end); time.sleep(min(.005,max(0.,end-time.monotonic())))
    ~~~~~~~~~^^^^^
  File "/home/auss/git_repos/samaust/Experiments_4DGS/tests/test_vipe_benchmark_supervisor.py", line 1165, in observed
    result=operation(*args,**kwargs);return result
  File "/home/auss/git_repos/samaust/Experiments_4DGS/scripts/vipe_benchmark/s1_helper_session.py", line 2320, in tick
    if self.owner.cancelled or self.poisoned: raise RuntimeError('S1 helper session poisoned: '+str(list(self.owner.errors)))
                                              ^^^^^^^^^^^^^^^^^^^^^^^^^^^^^^^^^^^^^^^^^^^^^^^^^^^^^^^^^^^^^^^^^^^^^^^^^^^^^^^
RuntimeError: S1 helper session poisoned: [{'error_class': 'ValueError', 'message': 'root created by driver or runner', 'phase': 'startup'}]
timing_or_cleanup_check_0: AssertionError: False is not true : {'scenario': 'L33', 'mode': 'census_block', 'constructor_entry': 201478.272843449, 'action_cutoff': 201480.272843449, 'safety_cutoff': 201481.272843449, 'constructor_end': 201478.351687658, 't0': 201478.272863855, 'ready_deadline': 201479.272863855, 'setup_deadline': 201480.272863855, 'setup_cleanup_deadline': 201481.272863855, 'action_end': 201478.418986377, 'end': 201478.568683813, 'execution_seconds': 0.1461429279879667, 'cleanup_seconds': 0.14969743601977825, 'cleanup_confirmed': False, 'records': {'work': {'role': 'work', 'state': 'spawning', 'pid': None}, 'sample': {'role': 'sample', 'state': 'pending', 'pid': None}}, 'errors': [{'error_class': 'ValueError', 'message': 'root created by driver or runner', 'phase': 'startup'}], 'signals': [], 'ticks': [201478.272863855, 201478.351694581, 201478.35683522, 201478.365724534, 201478.376900463, 201478.381992773, 201478.38706833, 201478.392152539, 201478.397258271, 201478.403553477, 201478.413900074, 201478.418970891], 'events': [{'event': 'fixture_spawn_entry', 'role': 'work', 'observed': 201478.304459803, 'ready_deadline': 201479.272863855}], 'trace_facts': {'capacity': 256, 'total': 1, 'dropped': 0, 'saturated': False, 'first': 201478.304461329, 'last': 201478.304461329}, 'tick_facts': {'capacity': 128, 'total': 12, 'dropped': 0, 'saturated': False, 'first': 201478.272867926, 'last': 201478.418971224}, 'owner_error_facts': {'capacity': 32, 'total': 1, 'dropped': 0, 'saturated': False, 'first': 201478.416218678, 'last': 201478.416218678}, 'owner_signal_facts': {'capacity': 128, 'total': 0, 'dropped': 0, 'saturated': False, 'first': None, 'last': None}, 'request_counts': {'work': {'dispatch': 0, 'response': 0}, 'sample': {'dispatch': 0, 'response': 0}}, 'census_request_count': 0, 'max_gap': 0.07883072600816377, 'max_turn': 0.00023420399520546198, 'call_observations': [{'operation': 'tick', 'entered': 201478.351694034, 'deadline': 201479.272863855, 'returned': 201478.351719361, 'confirmed': None, 'error': None, 'ready_before': [], 'ready_after':

======================================================================
ERROR: test_l34_enumeration_error_empty_sample (test_vipe_benchmark_supervisor.HelperSessionTests.test_l34_enumeration_error_empty_sample)
----------------------------------------------------------------------
Traceback (most recent call last):
  File "/home/auss/git_repos/samaust/Experiments_4DGS/tests/test_vipe_benchmark_supervisor.py", line 1656, in test_l34_enumeration_error_empty_sample
    session.await_ready();session.owner.armed=True
    ~~~~~~~~~~~~~~~~~~~^^
  File "/home/auss/git_repos/samaust/Experiments_4DGS/tests/test_vipe_benchmark_supervisor.py", line 1165, in observed
    result=operation(*args,**kwargs);return result
  File "/home/auss/git_repos/samaust/Experiments_4DGS/scripts/vipe_benchmark/s1_helper_session.py", line 2405, in await_ready
    self.tick(end); time.sleep(min(.005,max(0.,end-time.monotonic())))
    ~~~~~~~~~^^^^^
  File "/home/auss/git_repos/samaust/Experiments_4DGS/tests/test_vipe_benchmark_supervisor.py", line 1165, in observed
    result=operation(*args,**kwargs);return result
  File "/home/auss/git_repos/samaust/Experiments_4DGS/scripts/vipe_benchmark/s1_helper_session.py", line 2320, in tick
    if self.owner.cancelled or self.poisoned: raise RuntimeError('S1 helper session poisoned: '+str(list(self.owner.errors)))
                                              ^^^^^^^^^^^^^^^^^^^^^^^^^^^^^^^^^^^^^^^^^^^^^^^^^^^^^^^^^^^^^^^^^^^^^^^^^^^^^^^
RuntimeError: S1 helper session poisoned: [{'error_class': 'ValueError', 'message': 'root created by driver or runner', 'phase': 'startup'}]
timing_or_cleanup_check_0: AssertionError: False is not true : {'scenario': 'L34', 'mode': 'census_error', 'constructor_entry': 201478.569551298, 'action_cutoff': 201480.569551298, 'safety_cutoff': 201481.569551298, 'constructor_end': 201478.650431194, 't0': 201478.569572407, 'ready_deadline': 201479.569572407, 'setup_deadline': 201480.569572407, 'setup_cleanup_deadline': 201481.569572407, 'action_end': 201478.724020803, 'end': 201478.875560049, 'execution_seconds': 0.15446950501063839, 'cleanup_seconds': 0.1515392459987197, 'cleanup_confirmed': False, 'records': {'work': {'role': 'work', 'state': 'spawning', 'pid': None}, 'sample': {'role': 'sample', 'state': 'pending', 'pid': None}}, 'errors': [{'error_class': 'ValueError', 'message': 'root created by driver or runner', 'phase': 'startup'}], 'signals': [], 'ticks': [201478.569572407, 201478.650440395, 201478.655527119, 201478.660642146, 201478.670733706, 201478.681895626, 201478.687383724, 201478.692471028, 201478.697581725, 201478.702663343, 201478.708662424, 201478.718853197, 201478.723997117], 'events': [{'event': 'fixture_spawn_entry', 'role': 'work', 'observed': 201478.601387141, 'ready_deadline': 201479.569572407}], 'trace_facts': {'capacity': 256, 'total': 1, 'dropped': 0, 'saturated': False, 'first': 201478.601389125, 'last': 201478.601389125}, 'tick_facts': {'capacity': 128, 'total': 13, 'dropped': 0, 'saturated': False, 'first': 201478.569577571, 'last': 201478.723997719}, 'owner_error_facts': {'capacity': 32, 'total': 1, 'dropped': 0, 'saturated': False, 'first': 201478.721929867, 'last': 201478.721929867}, 'owner_signal_facts': {'capacity': 128, 'total': 0, 'dropped': 0, 'saturated': False, 'first': None, 'last': None}, 'request_counts': {'work': {'dispatch': 0, 'response': 0}, 'sample': {'dispatch': 0, 'response': 0}}, 'census_request_count': 0, 'max_gap': 0.0808679879992269, 'max_turn': 2.613200922496617e-05, 'call_observations': [{'operation': 'tick', 'entered': 201478.650439735, 'deadline': 201479.569572407, 'returned': 201478.650467296, 'confirmed': None, 'error': None, 'ready_before': 

======================================================================
ERROR: test_l35_exited_leader_live_descendant (test_vipe_benchmark_supervisor.HelperSessionTests.test_l35_exited_leader_live_descendant)
----------------------------------------------------------------------
Traceback (most recent call last):
  File "/home/auss/git_repos/samaust/Experiments_4DGS/tests/test_vipe_benchmark_supervisor.py", line 1670, in test_l35_exited_leader_live_descendant
    session.await_ready()
    ~~~~~~~~~~~~~~~~~~~^^
  File "/home/auss/git_repos/samaust/Experiments_4DGS/tests/test_vipe_benchmark_supervisor.py", line 1165, in observed
    result=operation(*args,**kwargs);return result
  File "/home/auss/git_repos/samaust/Experiments_4DGS/scripts/vipe_benchmark/s1_helper_session.py", line 2405, in await_ready
    self.tick(end); time.sleep(min(.005,max(0.,end-time.monotonic())))
    ~~~~~~~~~^^^^^
  File "/home/auss/git_repos/samaust/Experiments_4DGS/tests/test_vipe_benchmark_supervisor.py", line 1165, in observed
    result=operation(*args,**kwargs);return result
  File "/home/auss/git_repos/samaust/Experiments_4DGS/scripts/vipe_benchmark/s1_helper_session.py", line 2320, in tick
    if self.owner.cancelled or self.poisoned: raise RuntimeError('S1 helper session poisoned: '+str(list(self.owner.errors)))
                                              ^^^^^^^^^^^^^^^^^^^^^^^^^^^^^^^^^^^^^^^^^^^^^^^^^^^^^^^^^^^^^^^^^^^^^^^^^^^^^^^
RuntimeError: S1 helper session poisoned: [{'error_class': 'ValueError', 'message': 'root created by driver or runner', 'phase': 'startup'}]
timing_or_cleanup_check_0: AssertionError: False is not true : {'scenario': 'L35', 'mode': 'normal', 'constructor_entry': 201478.876454007, 'action_cutoff': 201480.876454007, 'safety_cutoff': 201481.876454007, 'constructor_end': 201478.956988656, 't0': 201478.876474148, 'ready_deadline': 201479.876474148, 'setup_deadline': 201480.876474148, 'setup_cleanup_deadline': 201481.876474148, 'action_end': 201479.025340078, 'end': 201479.179648385, 'execution_seconds': 0.1488860709941946, 'cleanup_seconds': 0.15430830701370724, 'cleanup_confirmed': False, 'records': {'work': {'role': 'work', 'state': 'spawning', 'pid': None}, 'sample': {'role': 'sample', 'state': 'pending', 'pid': None}}, 'errors': [{'error_class': 'ValueError', 'message': 'root created by driver or runner', 'phase': 'startup'}], 'signals': [], 'ticks': [201478.876474148, 201478.95709241, 201478.962181516, 201478.971514156, 201478.982907057, 201478.988237285, 201478.993308594, 201478.998382074, 201479.003833092, 201479.010028114, 201479.020152573, 201479.02521699], 'events': [{'event': 'fixture_spawn_entry', 'role': 'work', 'observed': 201478.908872538, 'ready_deadline': 201479.876474148}], 'trace_facts': {'capacity': 256, 'total': 1, 'dropped': 0, 'saturated': False, 'first': 201478.908874261, 'last': 201478.908874261}, 'tick_facts': {'capacity': 128, 'total': 12, 'dropped': 0, 'saturated': False, 'first': 201478.876478385, 'last': 201479.025217261}, 'owner_error_facts': {'capacity': 32, 'total': 1, 'dropped': 0, 'saturated': False, 'first': 201479.023304219, 'last': 201479.023304219}, 'owner_signal_facts': {'capacity': 128, 'total': 0, 'dropped': 0, 'saturated': False, 'first': None, 'last': None}, 'request_counts': {'work': {'dispatch': 0, 'response': 0}, 'sample': {'dispatch': 0, 'response': 0}}, 'census_request_count': 0, 'max_gap': 0.08061826199991629, 'max_turn': 2.3215980036184192e-05, 'call_observations': [{'operation': 'tick', 'entered': 201478.957091794, 'deadline': 201479.876474148, 'returned': 201478.957116339, 'confirmed': None, 'error': None, 'ready_before': [], 'ready_after': []}, 

======================================================================
ERROR: test_progress_p01_worker_deadline (test_vipe_benchmark_supervisor.HelperSessionTests.test_progress_p01_worker_deadline)
----------------------------------------------------------------------
Traceback (most recent call last):
  File "/home/auss/git_repos/samaust/Experiments_4DGS/tests/test_vipe_benchmark_supervisor.py", line 2027, in test_progress_p01_worker_deadline
    def test_progress_p01_worker_deadline(self):self.progress_scenario('P01','progress_worker',supervised=True)
                                                ~~~~~~~~~~~~~~~~~~~~~~^^^^^^^^^^^^^^^^^^^^^^^^^^^^^^^^^^^^^^^^^
  File "/home/auss/git_repos/samaust/Experiments_4DGS/tests/test_vipe_benchmark_supervisor.py", line 1779, in progress_scenario
    with self.scenario(label,mode) as session, tempfile.TemporaryDirectory() as temp:
         ~~~~~~~~~~~~~^^^^^^^^^^^^
  File "/usr/lib/python3.14/contextlib.py", line 141, in __enter__
    return next(self.gen)
  File "/home/auss/git_repos/samaust/Experiments_4DGS/tests/test_vipe_benchmark_supervisor.py", line 1153, in owned
    session(mode,instance=current,**bounds)
    ~~~~~~~^^^^^^^^^^^^^^^^^^^^^^^^^^^^^^^^
  File "/home/auss/git_repos/samaust/Experiments_4DGS/tests/test_vipe_benchmark_s1_helper_fixtures.py", line 69, in session
    instance.__init__(owner_factory=Selected, **kwargs)
    ~~~~~~~~~~~~~~~~~^^^^^^^^^^^^^^^^^^^^^^^^^^^^^^^^^^
  File "/home/auss/git_repos/samaust/Experiments_4DGS/scripts/vipe_benchmark/s1_helper_session.py", line 2163, in __init__
    self.job_thread=reserve_job_root('H','Session owner thread',allow_descendant=False) if os.environ.get('S1_JOB_LEDGER') else None
                    ~~~~~~~~~~~~~~~~^^^^^^^^^^^^^^^^^^^^^^^^^^^^^^^^^^^^^^^^^^^^^^^^^^^
  File "/home/auss/git_repos/samaust/Experiments_4DGS/scripts/vipe_benchmark/s1_helper_session.py", line 1054, in reserve_job_root
    append_job_event('root-reserved',dict(token=token,role=role,label=label,creator=creator),guard=guard)
    ~~~~~~~~~~~~~~~~^^^^^^^^^^^^^^^^^^^^^^^^^^^^^^^^^^^^^^^^^^^^^^^^^^^^^^^^^^^^^^^^^^^^^^^^^^^^^^^^^^^^^
  File "/home/auss/git_repos/samaust/Experiments_4DGS/scripts/vipe_benchmark/s1_helper_session.py", line 728, in append_job_event
    replacement=guard(state)
  File "/home/auss/git_repos/samaust/Experiments_4DGS/scripts/vipe_benchmark/s1_helper_session.py", line 1050, in guard
    raise ValueError('job root capacity')
ValueError: job root capacity
timing_or_cleanup_check_0: AssertionError: False is not true : {'scenario': 'P01', 'mode': 'progress_worker', 'constructor_entry': 201479.628772628, 'action_cutoff': 201481.628772628, 'safety_cutoff': 201482.628772628, 'progress_final_outcome': {'event': 'progress_final_outcome', 'label': 'P01', 'phase': 'startup_or_fixture_preparation', 'primary': {'error_class': 'ValueError', 'message': 'job root capacity'}, 'secondary': [], 'reference': None, 'cleanup_confirmed': False, 'observed': 201479.644800874, 'causal_status': 'actual startup failure; no inferred EPERM cause'}, 'action_end': 201479.644794569, 'end': 201479.644800874, 'execution_seconds': 0.016021941002691165, 'cleanup_seconds': 6.304995622485876e-06, 'cleanup_confirmed': False, 'records': {'work': {'role': 'work', 'state': 'pending', 'pid': None}, 'sample': {'role': 'sample', 'state': 'pending', 'pid': None}}, 'errors': [], 'signals': [], 'ticks': [201479.628795997], 'events': [{'event': 'progress_final_outcome', 'label': 'P01', 'phase': 'startup_or_fixture_preparation', 'primary': {'error_class': 'ValueError', 'message': 'job root capacity'}, 'secondary': [], 'reference': None, 'cleanup_confirmed': False, 'observed': 201479.644800874, 'causal_status': 'actual startup failure; no inferred EPERM cause'}], 'trace_facts': {'capacity': 256, 'total': 1, 'dropped': 0, 'saturated': False, 'first': 201479.644808488, 'last': 201479.644808488}, 'tick_facts': {'capacity': 128, 'total': 1, 'dropped': 0, 'saturated': False, 'first': 201479.628801392, 'last': 201479.628801392}, 'owner_error_facts': {'capacity': 32, 'total': 0, 'dropped': 0, 'saturated': False, 'first': None, 'last': None}, 'owner_signal_facts': {'capacity': 128, 'total': 0, 'dropped': 0, 'saturated': False, 'first': None, 'last': None}, 'request_counts': {'work': {'dispatch': 0, 'response': 0}, 'sample': {'dispatch': 0, 'response': 0}}, 'census_request_count': 0, 'max_gap': 0.0, 'max_turn': 0.0, 'call_observations': [], 'call_observation_facts': {'capacity': 128, 'total': 0, 'dropped': 0, 'saturated': False, 'first': None, 'last': None}, 'timi

======================================================================
ERROR: test_progress_p02_reconcile_interruption (test_vipe_benchmark_supervisor.HelperSessionTests.test_progress_p02_reconcile_interruption)
----------------------------------------------------------------------
Traceback (most recent call last):
  File "/home/auss/git_repos/samaust/Experiments_4DGS/tests/test_vipe_benchmark_supervisor.py", line 2028, in test_progress_p02_reconcile_interruption
    def test_progress_p02_reconcile_interruption(self):self.progress_scenario('P02','progress_block')
                                                       ~~~~~~~~~~~~~~~~~~~~~~^^^^^^^^^^^^^^^^^^^^^^^^
  File "/home/auss/git_repos/samaust/Experiments_4DGS/tests/test_vipe_benchmark_supervisor.py", line 1779, in progress_scenario
    with self.scenario(label,mode) as session, tempfile.TemporaryDirectory() as temp:
         ~~~~~~~~~~~~~^^^^^^^^^^^^
  File "/usr/lib/python3.14/contextlib.py", line 141, in __enter__
    return next(self.gen)
  File "/home/auss/git_repos/samaust/Experiments_4DGS/tests/test_vipe_benchmark_supervisor.py", line 1153, in owned
    session(mode,instance=current,**bounds)
    ~~~~~~~^^^^^^^^^^^^^^^^^^^^^^^^^^^^^^^^
  File "/home/auss/git_repos/samaust/Experiments_4DGS/tests/test_vipe_benchmark_s1_helper_fixtures.py", line 69, in session
    instance.__init__(owner_factory=Selected, **kwargs)
    ~~~~~~~~~~~~~~~~~^^^^^^^^^^^^^^^^^^^^^^^^^^^^^^^^^^
  File "/home/auss/git_repos/samaust/Experiments_4DGS/scripts/vipe_benchmark/s1_helper_session.py", line 2163, in __init__
    self.job_thread=reserve_job_root('H','Session owner thread',allow_descendant=False) if os.environ.get('S1_JOB_LEDGER') else None
                    ~~~~~~~~~~~~~~~~^^^^^^^^^^^^^^^^^^^^^^^^^^^^^^^^^^^^^^^^^^^^^^^^^^^
  File "/home/auss/git_repos/samaust/Experiments_4DGS/scripts/vipe_benchmark/s1_helper_session.py", line 1054, in reserve_job_root
    append_job_event('root-reserved',dict(token=token,role=role,label=label,creator=creator),guard=guard)
    ~~~~~~~~~~~~~~~~^^^^^^^^^^^^^^^^^^^^^^^^^^^^^^^^^^^^^^^^^^^^^^^^^^^^^^^^^^^^^^^^^^^^^^^^^^^^^^^^^^^^^
  File "/home/auss/git_repos/samaust/Experiments_4DGS/scripts/vipe_benchmark/s1_helper_session.py", line 728, in append_job_event
    replacement=guard(state)
  File "/home/auss/git_repos/samaust/Experiments_4DGS/scripts/vipe_benchmark/s1_helper_session.py", line 1050, in guard
    raise ValueError('job root capacity')
ValueError: job root capacity
timing_or_cleanup_check_0: AssertionError: False is not true : {'scenario': 'P02', 'mode': 'progress_block', 'constructor_entry': 201479.645873022, 'action_cutoff': 201481.645873022, 'safety_cutoff': 201482.645873022, 'progress_final_outcome': {'event': 'progress_final_outcome', 'label': 'P02', 'phase': 'startup_or_fixture_preparation', 'primary': {'error_class': 'ValueError', 'message': 'job root capacity'}, 'secondary': [], 'reference': None, 'cleanup_confirmed': False, 'observed': 201479.661585775, 'causal_status': 'actual startup failure; no inferred EPERM cause'}, 'action_end': 201479.661580454, 'end': 201479.661585775, 'execution_seconds': 0.015707432001363486, 'cleanup_seconds': 5.3209951147437096e-06, 'cleanup_confirmed': False, 'records': {'work': {'role': 'work', 'state': 'pending', 'pid': None}, 'sample': {'role': 'sample', 'state': 'pending', 'pid': None}}, 'errors': [], 'signals': [], 'ticks': [201479.645893299], 'events': [{'event': 'progress_final_outcome', 'label': 'P02', 'phase': 'startup_or_fixture_preparation', 'primary': {'error_class': 'ValueError', 'message': 'job root capacity'}, 'secondary': [], 'reference': None, 'cleanup_confirmed': False, 'observed': 201479.661585775, 'causal_status': 'actual startup failure; no inferred EPERM cause'}], 'trace_facts': {'capacity': 256, 'total': 1, 'dropped': 0, 'saturated': False, 'first': 201479.661591894, 'last': 201479.661591894}, 'tick_facts': {'capacity': 128, 'total': 1, 'dropped': 0, 'saturated': False, 'first': 201479.645897517, 'last': 201479.645897517}, 'owner_error_facts': {'capacity': 32, 'total': 0, 'dropped': 0, 'saturated': False, 'first': None, 'last': None}, 'owner_signal_facts': {'capacity': 128, 'total': 0, 'dropped': 0, 'saturated': False, 'first': None, 'last': None}, 'request_counts': {'work': {'dispatch': 0, 'response': 0}, 'sample': {'dispatch': 0, 'response': 0}}, 'census_request_count': 0, 'max_gap': 0.0, 'max_turn': 0.0, 'call_observations': [], 'call_observation_facts': {'capacity': 128, 'total': 0, 'dropped': 0, 'saturated': False, 'first': None, 'last': None}, 'timi

======================================================================
ERROR: test_progress_p03_helper_death (test_vipe_benchmark_supervisor.HelperSessionTests.test_progress_p03_helper_death)
----------------------------------------------------------------------
Traceback (most recent call last):
  File "/home/auss/git_repos/samaust/Experiments_4DGS/tests/test_vipe_benchmark_supervisor.py", line 2029, in test_progress_p03_helper_death
    def test_progress_p03_helper_death(self):self.progress_scenario('P03','progress_death')
                                             ~~~~~~~~~~~~~~~~~~~~~~^^^^^^^^^^^^^^^^^^^^^^^^
  File "/home/auss/git_repos/samaust/Experiments_4DGS/tests/test_vipe_benchmark_supervisor.py", line 1779, in progress_scenario
    with self.scenario(label,mode) as session, tempfile.TemporaryDirectory() as temp:
         ~~~~~~~~~~~~~^^^^^^^^^^^^
  File "/usr/lib/python3.14/contextlib.py", line 141, in __enter__
    return next(self.gen)
  File "/home/auss/git_repos/samaust/Experiments_4DGS/tests/test_vipe_benchmark_supervisor.py", line 1153, in owned
    session(mode,instance=current,**bounds)
    ~~~~~~~^^^^^^^^^^^^^^^^^^^^^^^^^^^^^^^^
  File "/home/auss/git_repos/samaust/Experiments_4DGS/tests/test_vipe_benchmark_s1_helper_fixtures.py", line 69, in session
    instance.__init__(owner_factory=Selected, **kwargs)
    ~~~~~~~~~~~~~~~~~^^^^^^^^^^^^^^^^^^^^^^^^^^^^^^^^^^
  File "/home/auss/git_repos/samaust/Experiments_4DGS/scripts/vipe_benchmark/s1_helper_session.py", line 2163, in __init__
    self.job_thread=reserve_job_root('H','Session owner thread',allow_descendant=False) if os.environ.get('S1_JOB_LEDGER') else None
                    ~~~~~~~~~~~~~~~~^^^^^^^^^^^^^^^^^^^^^^^^^^^^^^^^^^^^^^^^^^^^^^^^^^^
  File "/home/auss/git_repos/samaust/Experiments_4DGS/scripts/vipe_benchmark/s1_helper_session.py", line 1054, in reserve_job_root
    append_job_event('root-reserved',dict(token=token,role=role,label=label,creator=creator),guard=guard)
    ~~~~~~~~~~~~~~~~^^^^^^^^^^^^^^^^^^^^^^^^^^^^^^^^^^^^^^^^^^^^^^^^^^^^^^^^^^^^^^^^^^^^^^^^^^^^^^^^^^^^^
  File "/home/auss/git_repos/samaust/Experiments_4DGS/scripts/vipe_benchmark/s1_helper_session.py", line 728, in append_job_event
    replacement=guard(state)
  File "/home/auss/git_repos/samaust/Experiments_4DGS/scripts/vipe_benchmark/s1_helper_session.py", line 1050, in guard
    raise ValueError('job root capacity')
ValueError: job root capacity
timing_or_cleanup_check_0: AssertionError: False is not true : {'scenario': 'P03', 'mode': 'progress_death', 'constructor_entry': 201479.662486581, 'action_cutoff': 201481.662486581, 'safety_cutoff': 201482.662486581, 'progress_final_outcome': {'event': 'progress_final_outcome', 'label': 'P03', 'phase': 'startup_or_fixture_preparation', 'primary': {'error_class': 'ValueError', 'message': 'job root capacity'}, 'secondary': [], 'reference': None, 'cleanup_confirmed': False, 'observed': 201479.678268139, 'causal_status': 'actual startup failure; no inferred EPERM cause'}, 'action_end': 201479.67826364, 'end': 201479.678268139, 'execution_seconds': 0.01577705901581794, 'cleanup_seconds': 4.498986527323723e-06, 'cleanup_confirmed': False, 'records': {'work': {'role': 'work', 'state': 'pending', 'pid': None}, 'sample': {'role': 'sample', 'state': 'pending', 'pid': None}}, 'errors': [], 'signals': [], 'ticks': [201479.662505199], 'events': [{'event': 'progress_final_outcome', 'label': 'P03', 'phase': 'startup_or_fixture_preparation', 'primary': {'error_class': 'ValueError', 'message': 'job root capacity'}, 'secondary': [], 'reference': None, 'cleanup_confirmed': False, 'observed': 201479.678268139, 'causal_status': 'actual startup failure; no inferred EPERM cause'}], 'trace_facts': {'capacity': 256, 'total': 1, 'dropped': 0, 'saturated': False, 'first': 201479.678273773, 'last': 201479.678273773}, 'tick_facts': {'capacity': 128, 'total': 1, 'dropped': 0, 'saturated': False, 'first': 201479.662509324, 'last': 201479.662509324}, 'owner_error_facts': {'capacity': 32, 'total': 0, 'dropped': 0, 'saturated': False, 'first': None, 'last': None}, 'owner_signal_facts': {'capacity': 128, 'total': 0, 'dropped': 0, 'saturated': False, 'first': None, 'last': None}, 'request_counts': {'work': {'dispatch': 0, 'response': 0}, 'sample': {'dispatch': 0, 'response': 0}}, 'census_request_count': 0, 'max_gap': 0.0, 'max_turn': 0.0, 'call_observations': [], 'call_observation_facts': {'capacity': 128, 'total': 0, 'dropped': 0, 'saturated': False, 'first': None, 'last': None}, 'timing_

======================================================================
ERROR: test_progress_p04_failed_final_sample (test_vipe_benchmark_supervisor.HelperSessionTests.test_progress_p04_failed_final_sample)
----------------------------------------------------------------------
Traceback (most recent call last):
  File "/home/auss/git_repos/samaust/Experiments_4DGS/tests/test_vipe_benchmark_supervisor.py", line 2030, in test_progress_p04_failed_final_sample
    def test_progress_p04_failed_final_sample(self):self.progress_scenario('P04','progress_final',supervised=True)
                                                    ~~~~~~~~~~~~~~~~~~~~~~^^^^^^^^^^^^^^^^^^^^^^^^^^^^^^^^^^^^^^^^
  File "/home/auss/git_repos/samaust/Experiments_4DGS/tests/test_vipe_benchmark_supervisor.py", line 1779, in progress_scenario
    with self.scenario(label,mode) as session, tempfile.TemporaryDirectory() as temp:
         ~~~~~~~~~~~~~^^^^^^^^^^^^
  File "/usr/lib/python3.14/contextlib.py", line 141, in __enter__
    return next(self.gen)
  File "/home/auss/git_repos/samaust/Experiments_4DGS/tests/test_vipe_benchmark_supervisor.py", line 1153, in owned
    session(mode,instance=current,**bounds)
    ~~~~~~~^^^^^^^^^^^^^^^^^^^^^^^^^^^^^^^^
  File "/home/auss/git_repos/samaust/Experiments_4DGS/tests/test_vipe_benchmark_s1_helper_fixtures.py", line 69, in session
    instance.__init__(owner_factory=Selected, **kwargs)
    ~~~~~~~~~~~~~~~~~^^^^^^^^^^^^^^^^^^^^^^^^^^^^^^^^^^
  File "/home/auss/git_repos/samaust/Experiments_4DGS/scripts/vipe_benchmark/s1_helper_session.py", line 2163, in __init__
    self.job_thread=reserve_job_root('H','Session owner thread',allow_descendant=False) if os.environ.get('S1_JOB_LEDGER') else None
                    ~~~~~~~~~~~~~~~~^^^^^^^^^^^^^^^^^^^^^^^^^^^^^^^^^^^^^^^^^^^^^^^^^^^
  File "/home/auss/git_repos/samaust/Experiments_4DGS/scripts/vipe_benchmark/s1_helper_session.py", line 1054, in reserve_job_root
    append_job_event('root-reserved',dict(token=token,role=role,label=label,creator=creator),guard=guard)
    ~~~~~~~~~~~~~~~~^^^^^^^^^^^^^^^^^^^^^^^^^^^^^^^^^^^^^^^^^^^^^^^^^^^^^^^^^^^^^^^^^^^^^^^^^^^^^^^^^^^^^
  File "/home/auss/git_repos/samaust/Experiments_4DGS/scripts/vipe_benchmark/s1_helper_session.py", line 728, in append_job_event
    replacement=guard(state)
  File "/home/auss/git_repos/samaust/Experiments_4DGS/scripts/vipe_benchmark/s1_helper_session.py", line 1050, in guard
    raise ValueError('job root capacity')
ValueError: job root capacity
timing_or_cleanup_check_0: AssertionError: False is not true : {'scenario': 'P04', 'mode': 'progress_final', 'constructor_entry': 201479.679154732, 'action_cutoff': 201481.679154732, 'safety_cutoff': 201482.679154732, 'progress_final_outcome': {'event': 'progress_final_outcome', 'label': 'P04', 'phase': 'startup_or_fixture_preparation', 'primary': {'error_class': 'ValueError', 'message': 'job root capacity'}, 'secondary': [], 'reference': None, 'cleanup_confirmed': False, 'observed': 201479.694987874, 'causal_status': 'actual startup failure; no inferred EPERM cause'}, 'action_end': 201479.694982213, 'end': 201479.694987874, 'execution_seconds': 0.015827480994630605, 'cleanup_seconds': 5.6610151659697294e-06, 'cleanup_confirmed': False, 'records': {'work': {'role': 'work', 'state': 'pending', 'pid': None}, 'sample': {'role': 'sample', 'state': 'pending', 'pid': None}}, 'errors': [], 'signals': [], 'ticks': [201479.679172561], 'events': [{'event': 'progress_final_outcome', 'label': 'P04', 'phase': 'startup_or_fixture_preparation', 'primary': {'error_class': 'ValueError', 'message': 'job root capacity'}, 'secondary': [], 'reference': None, 'cleanup_confirmed': False, 'observed': 201479.694987874, 'causal_status': 'actual startup failure; no inferred EPERM cause'}], 'trace_facts': {'capacity': 256, 'total': 1, 'dropped': 0, 'saturated': False, 'first': 201479.694993127, 'last': 201479.694993127}, 'tick_facts': {'capacity': 128, 'total': 1, 'dropped': 0, 'saturated': False, 'first': 201479.67917618, 'last': 201479.67917618}, 'owner_error_facts': {'capacity': 32, 'total': 0, 'dropped': 0, 'saturated': False, 'first': None, 'last': None}, 'owner_signal_facts': {'capacity': 128, 'total': 0, 'dropped': 0, 'saturated': False, 'first': None, 'last': None}, 'request_counts': {'work': {'dispatch': 0, 'response': 0}, 'sample': {'dispatch': 0, 'response': 0}}, 'census_request_count': 0, 'max_gap': 0.0, 'max_turn': 0.0, 'call_observations': [], 'call_observation_facts': {'capacity': 128, 'total': 0, 'dropped': 0, 'saturated': False, 'first': None, 'last': None}, 'timing

======================================================================
ERROR: test_progress_p05_interrupted_publisher (test_vipe_benchmark_supervisor.HelperSessionTests.test_progress_p05_interrupted_publisher)
----------------------------------------------------------------------
Traceback (most recent call last):
  File "/home/auss/git_repos/samaust/Experiments_4DGS/tests/test_vipe_benchmark_supervisor.py", line 2031, in test_progress_p05_interrupted_publisher
    def test_progress_p05_interrupted_publisher(self):self.progress_scenario('P05','progress_torn')
                                                      ~~~~~~~~~~~~~~~~~~~~~~^^^^^^^^^^^^^^^^^^^^^^^
  File "/home/auss/git_repos/samaust/Experiments_4DGS/tests/test_vipe_benchmark_supervisor.py", line 1779, in progress_scenario
    with self.scenario(label,mode) as session, tempfile.TemporaryDirectory() as temp:
         ~~~~~~~~~~~~~^^^^^^^^^^^^
  File "/usr/lib/python3.14/contextlib.py", line 141, in __enter__
    return next(self.gen)
  File "/home/auss/git_repos/samaust/Experiments_4DGS/tests/test_vipe_benchmark_supervisor.py", line 1153, in owned
    session(mode,instance=current,**bounds)
    ~~~~~~~^^^^^^^^^^^^^^^^^^^^^^^^^^^^^^^^
  File "/home/auss/git_repos/samaust/Experiments_4DGS/tests/test_vipe_benchmark_s1_helper_fixtures.py", line 69, in session
    instance.__init__(owner_factory=Selected, **kwargs)
    ~~~~~~~~~~~~~~~~~^^^^^^^^^^^^^^^^^^^^^^^^^^^^^^^^^^
  File "/home/auss/git_repos/samaust/Experiments_4DGS/scripts/vipe_benchmark/s1_helper_session.py", line 2163, in __init__
    self.job_thread=reserve_job_root('H','Session owner thread',allow_descendant=False) if os.environ.get('S1_JOB_LEDGER') else None
                    ~~~~~~~~~~~~~~~~^^^^^^^^^^^^^^^^^^^^^^^^^^^^^^^^^^^^^^^^^^^^^^^^^^^
  File "/home/auss/git_repos/samaust/Experiments_4DGS/scripts/vipe_benchmark/s1_helper_session.py", line 1054, in reserve_job_root
    append_job_event('root-reserved',dict(token=token,role=role,label=label,creator=creator),guard=guard)
    ~~~~~~~~~~~~~~~~^^^^^^^^^^^^^^^^^^^^^^^^^^^^^^^^^^^^^^^^^^^^^^^^^^^^^^^^^^^^^^^^^^^^^^^^^^^^^^^^^^^^^
  File "/home/auss/git_repos/samaust/Experiments_4DGS/scripts/vipe_benchmark/s1_helper_session.py", line 728, in append_job_event
    replacement=guard(state)
  File "/home/auss/git_repos/samaust/Experiments_4DGS/scripts/vipe_benchmark/s1_helper_session.py", line 1050, in guard
    raise ValueError('job root capacity')
ValueError: job root capacity
timing_or_cleanup_check_0: AssertionError: False is not true : {'scenario': 'P05', 'mode': 'progress_torn', 'constructor_entry': 201479.695968594, 'action_cutoff': 201481.695968594, 'safety_cutoff': 201482.695968594, 'progress_final_outcome': {'event': 'progress_final_outcome', 'label': 'P05', 'phase': 'startup_or_fixture_preparation', 'primary': {'error_class': 'ValueError', 'message': 'job root capacity'}, 'secondary': [], 'reference': None, 'cleanup_confirmed': False, 'observed': 201479.711732538, 'causal_status': 'actual startup failure; no inferred EPERM cause'}, 'action_end': 201479.71172804, 'end': 201479.711732538, 'execution_seconds': 0.015759446017909795, 'cleanup_seconds': 4.497996997088194e-06, 'cleanup_confirmed': False, 'records': {'work': {'role': 'work', 'state': 'pending', 'pid': None}, 'sample': {'role': 'sample', 'state': 'pending', 'pid': None}}, 'errors': [], 'signals': [], 'ticks': [201479.695987763], 'events': [{'event': 'progress_final_outcome', 'label': 'P05', 'phase': 'startup_or_fixture_preparation', 'primary': {'error_class': 'ValueError', 'message': 'job root capacity'}, 'secondary': [], 'reference': None, 'cleanup_confirmed': False, 'observed': 201479.711732538, 'causal_status': 'actual startup failure; no inferred EPERM cause'}], 'trace_facts': {'capacity': 256, 'total': 1, 'dropped': 0, 'saturated': False, 'first': 201479.711738543, 'last': 201479.711738543}, 'tick_facts': {'capacity': 128, 'total': 1, 'dropped': 0, 'saturated': False, 'first': 201479.695992372, 'last': 201479.695992372}, 'owner_error_facts': {'capacity': 32, 'total': 0, 'dropped': 0, 'saturated': False, 'first': None, 'last': None}, 'owner_signal_facts': {'capacity': 128, 'total': 0, 'dropped': 0, 'saturated': False, 'first': None, 'last': None}, 'request_counts': {'work': {'dispatch': 0, 'response': 0}, 'sample': {'dispatch': 0, 'response': 0}}, 'census_request_count': 0, 'max_gap': 0.0, 'max_turn': 0.0, 'call_observations': [], 'call_observation_facts': {'capacity': 128, 'total': 0, 'dropped': 0, 'saturated': False, 'first': None, 'last': None}, 'timing_

======================================================================
ERROR: test_progress_p06_blocked_owner (test_vipe_benchmark_supervisor.HelperSessionTests.test_progress_p06_blocked_owner)
----------------------------------------------------------------------
Traceback (most recent call last):
  File "/home/auss/git_repos/samaust/Experiments_4DGS/tests/test_vipe_benchmark_supervisor.py", line 2032, in test_progress_p06_blocked_owner
    def test_progress_p06_blocked_owner(self):self.progress_scenario('P06','progress_normal')
                                              ~~~~~~~~~~~~~~~~~~~~~~^^^^^^^^^^^^^^^^^^^^^^^^^
  File "/home/auss/git_repos/samaust/Experiments_4DGS/tests/test_vipe_benchmark_supervisor.py", line 1779, in progress_scenario
    with self.scenario(label,mode) as session, tempfile.TemporaryDirectory() as temp:
         ~~~~~~~~~~~~~^^^^^^^^^^^^
  File "/usr/lib/python3.14/contextlib.py", line 141, in __enter__
    return next(self.gen)
  File "/home/auss/git_repos/samaust/Experiments_4DGS/tests/test_vipe_benchmark_supervisor.py", line 1153, in owned
    session(mode,instance=current,**bounds)
    ~~~~~~~^^^^^^^^^^^^^^^^^^^^^^^^^^^^^^^^
  File "/home/auss/git_repos/samaust/Experiments_4DGS/tests/test_vipe_benchmark_s1_helper_fixtures.py", line 69, in session
    instance.__init__(owner_factory=Selected, **kwargs)
    ~~~~~~~~~~~~~~~~~^^^^^^^^^^^^^^^^^^^^^^^^^^^^^^^^^^
  File "/home/auss/git_repos/samaust/Experiments_4DGS/scripts/vipe_benchmark/s1_helper_session.py", line 2163, in __init__
    self.job_thread=reserve_job_root('H','Session owner thread',allow_descendant=False) if os.environ.get('S1_JOB_LEDGER') else None
                    ~~~~~~~~~~~~~~~~^^^^^^^^^^^^^^^^^^^^^^^^^^^^^^^^^^^^^^^^^^^^^^^^^^^
  File "/home/auss/git_repos/samaust/Experiments_4DGS/scripts/vipe_benchmark/s1_helper_session.py", line 1054, in reserve_job_root
    append_job_event('root-reserved',dict(token=token,role=role,label=label,creator=creator),guard=guard)
    ~~~~~~~~~~~~~~~~^^^^^^^^^^^^^^^^^^^^^^^^^^^^^^^^^^^^^^^^^^^^^^^^^^^^^^^^^^^^^^^^^^^^^^^^^^^^^^^^^^^^^
  File "/home/auss/git_repos/samaust/Experiments_4DGS/scripts/vipe_benchmark/s1_helper_session.py", line 728, in append_job_event
    replacement=guard(state)
  File "/home/auss/git_repos/samaust/Experiments_4DGS/scripts/vipe_benchmark/s1_helper_session.py", line 1050, in guard
    raise ValueError('job root capacity')
ValueError: job root capacity
timing_or_cleanup_check_0: AssertionError: False is not true : {'scenario': 'P06', 'mode': 'progress_normal', 'constructor_entry': 201479.71271267, 'action_cutoff': 201481.71271267, 'safety_cutoff': 201482.71271267, 'progress_final_outcome': {'event': 'progress_final_outcome', 'label': 'P06', 'phase': 'startup_or_fixture_preparation', 'primary': {'error_class': 'ValueError', 'message': 'job root capacity'}, 'secondary': [], 'reference': None, 'cleanup_confirmed': False, 'observed': 201479.728601389, 'causal_status': 'actual startup failure; no inferred EPERM cause'}, 'action_end': 201479.728596036, 'end': 201479.728601389, 'execution_seconds': 0.015883365995250642, 'cleanup_seconds': 5.353009328246117e-06, 'cleanup_confirmed': False, 'records': {'work': {'role': 'work', 'state': 'pending', 'pid': None}, 'sample': {'role': 'sample', 'state': 'pending', 'pid': None}}, 'errors': [], 'signals': [], 'ticks': [201479.712732411], 'events': [{'event': 'progress_final_outcome', 'label': 'P06', 'phase': 'startup_or_fixture_preparation', 'primary': {'error_class': 'ValueError', 'message': 'job root capacity'}, 'secondary': [], 'reference': None, 'cleanup_confirmed': False, 'observed': 201479.728601389, 'causal_status': 'actual startup failure; no inferred EPERM cause'}], 'trace_facts': {'capacity': 256, 'total': 1, 'dropped': 0, 'saturated': False, 'first': 201479.728606329, 'last': 201479.728606329}, 'tick_facts': {'capacity': 128, 'total': 1, 'dropped': 0, 'saturated': False, 'first': 201479.712736679, 'last': 201479.712736679}, 'owner_error_facts': {'capacity': 32, 'total': 0, 'dropped': 0, 'saturated': False, 'first': None, 'last': None}, 'owner_signal_facts': {'capacity': 128, 'total': 0, 'dropped': 0, 'saturated': False, 'first': None, 'last': None}, 'request_counts': {'work': {'dispatch': 0, 'response': 0}, 'sample': {'dispatch': 0, 'response': 0}}, 'census_request_count': 0, 'max_gap': 0.0, 'max_turn': 0.0, 'call_observations': [], 'call_observation_facts': {'capacity': 128, 'total': 0, 'dropped': 0, 'saturated': False, 'first': None, 'last': None}, 'timing_

======================================================================
ERROR: test_progress_plan046_ownership (test_vipe_benchmark_supervisor.HelperSessionTests.test_progress_plan046_ownership)
----------------------------------------------------------------------
Traceback (most recent call last):
  File "/home/auss/git_repos/samaust/Experiments_4DGS/tests/test_vipe_benchmark_supervisor.py", line 2266, in test_progress_plan046_ownership
    good=h.owned_workload(os.environ['S1_OWNED_ROOT_NOTE'])
  File "/home/auss/git_repos/samaust/Experiments_4DGS/scripts/vipe_benchmark/s1_helper_session.py", line 1886, in owned_workload
    no_timeout_launch(dict(path=str(note_path),bytes=len(raw),sha256=hashlib.sha256(raw).hexdigest()),anchor['directory'],diagnostic=note['kind']=='diagnostic')
    ~~~~~~~~~~~~~~~~~^^^^^^^^^^^^^^^^^^^^^^^^^^^^^^^^^^^^^^^^^^^^^^^^^^^^^^^^^^^^^^^^^^^^^^^^^^^^^^^^^^^^^^^^^^^^^^^^^^^^^^^^^^^^^^^^^^^^^^^^^^^^^^^^^^^^^^^^^^^
  File "/home/auss/git_repos/samaust/Experiments_4DGS/scripts/vipe_benchmark/s1_validation_contract.py", line 802, in no_timeout_launch
    validate_job_ledger(note,proof)
    ~~~~~~~~~~~~~~~~~~~^^^^^^^^^^^^
  File "/home/auss/git_repos/samaust/Experiments_4DGS/scripts/vipe_benchmark/s1_validation_contract.py", line 497, in validate_job_ledger
    require(creator['pid'] in (note['ownership_root']['pid'],runner_pid),'root created by driver or runner')
    ~~~~~~~^^^^^^^^^^^^^^^^^^^^^^^^^^^^^^^^^^^^^^^^^^^^^^^^^^^^^^^^^^^^^^^^^^^^^^^^^^^^^^^^^^^^^^^^^^^^^^^^^
  File "/home/auss/git_repos/samaust/Experiments_4DGS/scripts/vipe_benchmark/s1_validation_contract.py", line 30, in require
    raise ValueError(message)
ValueError: root created by driver or runner

======================================================================
ERROR: test_progress_plan047_complete_final_sample (test_vipe_benchmark_supervisor.HelperSessionTests.test_progress_plan047_complete_final_sample) (kind='success')
----------------------------------------------------------------------
Traceback (most recent call last):
  File "/home/auss/git_repos/samaust/Experiments_4DGS/scripts/vipe_benchmark/supervisor.py", line 442, in supervise
    owned=predispatch_owned('supervisor worker')
  File "/home/auss/git_repos/samaust/Experiments_4DGS/scripts/vipe_benchmark/s1_helper_session.py", line 1572, in predispatch_owned
    observed=owned_workload(os.environ['S1_OWNED_ROOT_NOTE'])
  File "/home/auss/git_repos/samaust/Experiments_4DGS/scripts/vipe_benchmark/s1_helper_session.py", line 1886, in owned_workload
    no_timeout_launch(dict(path=str(note_path),bytes=len(raw),sha256=hashlib.sha256(raw).hexdigest()),anchor['directory'],diagnostic=note['kind']=='diagnostic')
    ~~~~~~~~~~~~~~~~~^^^^^^^^^^^^^^^^^^^^^^^^^^^^^^^^^^^^^^^^^^^^^^^^^^^^^^^^^^^^^^^^^^^^^^^^^^^^^^^^^^^^^^^^^^^^^^^^^^^^^^^^^^^^^^^^^^^^^^^^^^^^^^^^^^^^^^^^^^^
  File "/home/auss/git_repos/samaust/Experiments_4DGS/scripts/vipe_benchmark/s1_validation_contract.py", line 802, in no_timeout_launch
    validate_job_ledger(note,proof)
    ~~~~~~~~~~~~~~~~~~~^^^^^^^^^^^^
  File "/home/auss/git_repos/samaust/Experiments_4DGS/scripts/vipe_benchmark/s1_validation_contract.py", line 497, in validate_job_ledger
    require(creator['pid'] in (note['ownership_root']['pid'],runner_pid),'root created by driver or runner')
    ~~~~~~~^^^^^^^^^^^^^^^^^^^^^^^^^^^^^^^^^^^^^^^^^^^^^^^^^^^^^^^^^^^^^^^^^^^^^^^^^^^^^^^^^^^^^^^^^^^^^^^^^
  File "/home/auss/git_repos/samaust/Experiments_4DGS/scripts/vipe_benchmark/s1_validation_contract.py", line 30, in require
    raise ValueError(message)
ValueError: root created by driver or runner

The above exception was the direct cause of the following exception:

Traceback (most recent call last):
  File "/home/auss/git_repos/samaust/Experiments_4DGS/tests/test_vipe_benchmark_supervisor.py", line 3145, in test_progress_plan047_complete_final_sample
    sup.supervise(Ledger(),full.reservation['job_id'],full.command,full.output,evidence=full.binding,sample_resources=self.sampler,validate_result=lambda output:None,terminal_publisher=True,terminal_docs=docs)
    ~~~~~~~~~~~~~^^^^^^^^^^^^^^^^^^^^^^^^^^^^^^^^^^^^^^^^^^^^^^^^^^^^^^^^^^^^^^^^^^^^^^^^^^^^^^^^^^^^^^^^^^^^^^^^^^^^^^^^^^^^^^^^^^^^^^^^^^^^^^^^^^^^^^^^^^^^^^^^^^^^^^^^^^^^^^^^^^^^^^^^^^^^^^^^^^^^^^^^^^^^^^^^
  File "/home/auss/git_repos/samaust/Experiments_4DGS/scripts/vipe_benchmark/supervisor.py", line 607, in supervise
    raise failure from primary_exception
vipe_benchmark.supervisor.SupervisionFailure: ValueError: root created by driver or runner

======================================================================
ERROR: test_progress_plan047_complete_final_sample (test_vipe_benchmark_supervisor.HelperSessionTests.test_progress_plan047_complete_final_sample) (kind='final_sample_failure')
----------------------------------------------------------------------
Traceback (most recent call last):
  File "/home/auss/git_repos/samaust/Experiments_4DGS/tests/test_vipe_benchmark_supervisor.py", line 3142, in test_progress_plan047_complete_final_sample
    with self.assertRaises(sup.SupervisionFailure) as caught:sup.supervise(Ledger(),full.reservation['job_id'],full.command,full.output,evidence=full.binding,sample_resources=self.sampler,validate_result=lambda output:None,terminal_publisher=True,terminal_docs=docs)
                                                             ~~~~~~~~~~~~~^^^^^^^^^^^^^^^^^^^^^^^^^^^^^^^^^^^^^^^^^^^^^^^^^^^^^^^^^^^^^^^^^^^^^^^^^^^^^^^^^^^^^^^^^^^^^^^^^^^^^^^^^^^^^^^^^^^^^^^^^^^^^^^^^^^^^^^^^^^^^^^^^^^^^^^^^^^^^^^^^^^^^^^^^^^^^^^^^^^^^^^^^^^^^^^^
  File "/home/auss/git_repos/samaust/Experiments_4DGS/scripts/vipe_benchmark/supervisor.py", line 358, in supervise
    raise ValueError('refusing to overwrite incomplete or previous output')
ValueError: refusing to overwrite incomplete or previous output

======================================================================
ERROR: test_progress_plan047_ownership (test_vipe_benchmark_supervisor.HelperSessionTests.test_progress_plan047_ownership)
----------------------------------------------------------------------
Traceback (most recent call last):
  File "/home/auss/git_repos/samaust/Experiments_4DGS/tests/test_vipe_benchmark_supervisor.py", line 2835, in test_progress_plan047_ownership
    baseline=h.owned_workload(original_path)
  File "/home/auss/git_repos/samaust/Experiments_4DGS/scripts/vipe_benchmark/s1_helper_session.py", line 1886, in owned_workload
    no_timeout_launch(dict(path=str(note_path),bytes=len(raw),sha256=hashlib.sha256(raw).hexdigest()),anchor['directory'],diagnostic=note['kind']=='diagnostic')
    ~~~~~~~~~~~~~~~~~^^^^^^^^^^^^^^^^^^^^^^^^^^^^^^^^^^^^^^^^^^^^^^^^^^^^^^^^^^^^^^^^^^^^^^^^^^^^^^^^^^^^^^^^^^^^^^^^^^^^^^^^^^^^^^^^^^^^^^^^^^^^^^^^^^^^^^^^^^^
  File "/home/auss/git_repos/samaust/Experiments_4DGS/scripts/vipe_benchmark/s1_validation_contract.py", line 802, in no_timeout_launch
    validate_job_ledger(note,proof)
    ~~~~~~~~~~~~~~~~~~~^^^^^^^^^^^^
  File "/home/auss/git_repos/samaust/Experiments_4DGS/scripts/vipe_benchmark/s1_validation_contract.py", line 497, in validate_job_ledger
    require(creator['pid'] in (note['ownership_root']['pid'],runner_pid),'root created by driver or runner')
    ~~~~~~~^^^^^^^^^^^^^^^^^^^^^^^^^^^^^^^^^^^^^^^^^^^^^^^^^^^^^^^^^^^^^^^^^^^^^^^^^^^^^^^^^^^^^^^^^^^^^^^^^
  File "/home/auss/git_repos/samaust/Experiments_4DGS/scripts/vipe_benchmark/s1_validation_contract.py", line 30, in require
    raise ValueError(message)
ValueError: root created by driver or runner

======================================================================
ERROR: test_completed_worker_is_not_dispatched_again (test_vipe_benchmark_supervisor.SupervisorTests.test_completed_worker_is_not_dispatched_again)
----------------------------------------------------------------------
Traceback (most recent call last):
  File "/home/auss/git_repos/samaust/Experiments_4DGS/scripts/vipe_benchmark/supervisor.py", line 446, in supervise
    process = create_owned_process('supervisor worker',subprocess.Popen,command, deadline=run_deadline if is_s1 else None, stdout=log, stderr=subprocess.STDOUT,
                               start_new_session=True, env=env)
  File "/home/auss/git_repos/samaust/Experiments_4DGS/scripts/vipe_benchmark/s1_helper_session.py", line 1583, in create_owned_process
    observed=predispatch_owned(event)
  File "/home/auss/git_repos/samaust/Experiments_4DGS/scripts/vipe_benchmark/s1_helper_session.py", line 1572, in predispatch_owned
    observed=owned_workload(os.environ['S1_OWNED_ROOT_NOTE'])
  File "/home/auss/git_repos/samaust/Experiments_4DGS/scripts/vipe_benchmark/s1_helper_session.py", line 1886, in owned_workload
    no_timeout_launch(dict(path=str(note_path),bytes=len(raw),sha256=hashlib.sha256(raw).hexdigest()),anchor['directory'],diagnostic=note['kind']=='diagnostic')
    ~~~~~~~~~~~~~~~~~^^^^^^^^^^^^^^^^^^^^^^^^^^^^^^^^^^^^^^^^^^^^^^^^^^^^^^^^^^^^^^^^^^^^^^^^^^^^^^^^^^^^^^^^^^^^^^^^^^^^^^^^^^^^^^^^^^^^^^^^^^^^^^^^^^^^^^^^^^^
  File "/home/auss/git_repos/samaust/Experiments_4DGS/scripts/vipe_benchmark/s1_validation_contract.py", line 802, in no_timeout_launch
    validate_job_ledger(note,proof)
    ~~~~~~~~~~~~~~~~~~~^^^^^^^^^^^^
  File "/home/auss/git_repos/samaust/Experiments_4DGS/scripts/vipe_benchmark/s1_validation_contract.py", line 497, in validate_job_ledger
    require(creator['pid'] in (note['ownership_root']['pid'],runner_pid),'root created by driver or runner')
    ~~~~~~~^^^^^^^^^^^^^^^^^^^^^^^^^^^^^^^^^^^^^^^^^^^^^^^^^^^^^^^^^^^^^^^^^^^^^^^^^^^^^^^^^^^^^^^^^^^^^^^^^
  File "/home/auss/git_repos/samaust/Experiments_4DGS/scripts/vipe_benchmark/s1_validation_contract.py", line 30, in require
    raise ValueError(message)
ValueError: root created by driver or runner

The above exception was the direct cause of the following exception:

Traceback (most recent call last):
  File "/home/auss/git_repos/samaust/Experiments_4DGS/tests/test_vipe_benchmark_supervisor.py", line 43, in test_completed_worker_is_not_dispatched_again
    self.assertEqual(self.run_worker(code)['status'], 'complete')
                     ~~~~~~~~~~~~~~~^^^^^^
  File "/home/auss/git_repos/samaust/Experiments_4DGS/tests/test_vipe_benchmark_supervisor.py", line 37, in run_worker
    return supervise(self.ledger, 'prepare', self.command(code), self.root / 'output',
                     evidence={'kind': 'disposable CPU fixture; not a model evaluation'},
                     validate_result=self.validate, poll_seconds=.02, **kwargs)
  File "/home/auss/git_repos/samaust/Experiments_4DGS/scripts/vipe_benchmark/supervisor.py", line 607, in supervise
    raise failure from primary_exception
vipe_benchmark.supervisor.SupervisionFailure: ValueError: root created by driver or runner

======================================================================
ERROR: test_concurrent_reservation_has_one_winner (test_vipe_benchmark_supervisor.SupervisorTests.test_concurrent_reservation_has_one_winner)
----------------------------------------------------------------------
Traceback (most recent call last):
  File "/home/auss/git_repos/samaust/Experiments_4DGS/tests/test_vipe_benchmark_supervisor.py", line 211, in test_concurrent_reservation_has_one_winner
    process=fixture_process_launch('existing reservation race',command,stdout=subprocess.DEVNULL,stderr=subprocess.DEVNULL)
  File "/home/auss/git_repos/samaust/Experiments_4DGS/tests/test_vipe_benchmark_s1_helper_fixtures.py", line 888, in fixture_process_launch
    process=create_owned_process(event,subprocess.Popen,command,**kwargs)
  File "/home/auss/git_repos/samaust/Experiments_4DGS/scripts/vipe_benchmark/s1_helper_session.py", line 1583, in create_owned_process
    observed=predispatch_owned(event)
  File "/home/auss/git_repos/samaust/Experiments_4DGS/scripts/vipe_benchmark/s1_helper_session.py", line 1572, in predispatch_owned
    observed=owned_workload(os.environ['S1_OWNED_ROOT_NOTE'])
  File "/home/auss/git_repos/samaust/Experiments_4DGS/scripts/vipe_benchmark/s1_helper_session.py", line 1886, in owned_workload
    no_timeout_launch(dict(path=str(note_path),bytes=len(raw),sha256=hashlib.sha256(raw).hexdigest()),anchor['directory'],diagnostic=note['kind']=='diagnostic')
    ~~~~~~~~~~~~~~~~~^^^^^^^^^^^^^^^^^^^^^^^^^^^^^^^^^^^^^^^^^^^^^^^^^^^^^^^^^^^^^^^^^^^^^^^^^^^^^^^^^^^^^^^^^^^^^^^^^^^^^^^^^^^^^^^^^^^^^^^^^^^^^^^^^^^^^^^^^^^
  File "/home/auss/git_repos/samaust/Experiments_4DGS/scripts/vipe_benchmark/s1_validation_contract.py", line 802, in no_timeout_launch
    validate_job_ledger(note,proof)
    ~~~~~~~~~~~~~~~~~~~^^^^^^^^^^^^
  File "/home/auss/git_repos/samaust/Experiments_4DGS/scripts/vipe_benchmark/s1_validation_contract.py", line 497, in validate_job_ledger
    require(creator['pid'] in (note['ownership_root']['pid'],runner_pid),'root created by driver or runner')
    ~~~~~~~^^^^^^^^^^^^^^^^^^^^^^^^^^^^^^^^^^^^^^^^^^^^^^^^^^^^^^^^^^^^^^^^^^^^^^^^^^^^^^^^^^^^^^^^^^^^^^^^^
  File "/home/auss/git_repos/samaust/Experiments_4DGS/scripts/vipe_benchmark/s1_validation_contract.py", line 30, in require
    raise ValueError(message)
ValueError: root created by driver or runner

======================================================================
ERROR: test_gpu_sample_of_exited_unreaped_worker_keeps_true_group_ownership (test_vipe_benchmark_supervisor.SupervisorTests.test_gpu_sample_of_exited_unreaped_worker_keeps_true_group_ownership)
----------------------------------------------------------------------
Traceback (most recent call last):
  File "/home/auss/git_repos/samaust/Experiments_4DGS/scripts/vipe_benchmark/supervisor.py", line 446, in supervise
    process = create_owned_process('supervisor worker',subprocess.Popen,command, deadline=run_deadline if is_s1 else None, stdout=log, stderr=subprocess.STDOUT,
                               start_new_session=True, env=env)
  File "/home/auss/git_repos/samaust/Experiments_4DGS/scripts/vipe_benchmark/s1_helper_session.py", line 1583, in create_owned_process
    observed=predispatch_owned(event)
  File "/home/auss/git_repos/samaust/Experiments_4DGS/scripts/vipe_benchmark/s1_helper_session.py", line 1572, in predispatch_owned
    observed=owned_workload(os.environ['S1_OWNED_ROOT_NOTE'])
  File "/home/auss/git_repos/samaust/Experiments_4DGS/scripts/vipe_benchmark/s1_helper_session.py", line 1886, in owned_workload
    no_timeout_launch(dict(path=str(note_path),bytes=len(raw),sha256=hashlib.sha256(raw).hexdigest()),anchor['directory'],diagnostic=note['kind']=='diagnostic')
    ~~~~~~~~~~~~~~~~~^^^^^^^^^^^^^^^^^^^^^^^^^^^^^^^^^^^^^^^^^^^^^^^^^^^^^^^^^^^^^^^^^^^^^^^^^^^^^^^^^^^^^^^^^^^^^^^^^^^^^^^^^^^^^^^^^^^^^^^^^^^^^^^^^^^^^^^^^^^
  File "/home/auss/git_repos/samaust/Experiments_4DGS/scripts/vipe_benchmark/s1_validation_contract.py", line 802, in no_timeout_launch
    validate_job_ledger(note,proof)
    ~~~~~~~~~~~~~~~~~~~^^^^^^^^^^^^
  File "/home/auss/git_repos/samaust/Experiments_4DGS/scripts/vipe_benchmark/s1_validation_contract.py", line 497, in validate_job_ledger
    require(creator['pid'] in (note['ownership_root']['pid'],runner_pid),'root created by driver or runner')
    ~~~~~~~^^^^^^^^^^^^^^^^^^^^^^^^^^^^^^^^^^^^^^^^^^^^^^^^^^^^^^^^^^^^^^^^^^^^^^^^^^^^^^^^^^^^^^^^^^^^^^^^^
  File "/home/auss/git_repos/samaust/Experiments_4DGS/scripts/vipe_benchmark/s1_validation_contract.py", line 30, in require
    raise ValueError(message)
ValueError: root created by driver or runner

The above exception was the direct cause of the following exception:

Traceback (most recent call last):
  File "/home/auss/git_repos/samaust/Experiments_4DGS/tests/test_vipe_benchmark_supervisor.py", line 161, in test_gpu_sample_of_exited_unreaped_worker_keeps_true_group_ownership
    self.assertEqual(self.run_worker(code, sample_resources=sample)['status'], 'complete')
                     ~~~~~~~~~~~~~~~^^^^^^^^^^^^^^^^^^^^^^^^^^^^^^^
  File "/home/auss/git_repos/samaust/Experiments_4DGS/tests/test_vipe_benchmark_supervisor.py", line 37, in run_worker
    return supervise(self.ledger, 'prepare', self.command(code), self.root / 'output',
                     evidence={'kind': 'disposable CPU fixture; not a model evaluation'},
                     validate_result=self.validate, poll_seconds=.02, **kwargs)
  File "/home/auss/git_repos/samaust/Experiments_4DGS/scripts/vipe_benchmark/supervisor.py", line 607, in supervise
    raise failure from primary_exception
vipe_benchmark.supervisor.SupervisionFailure: ValueError: root created by driver or runner

======================================================================
ERROR: test_native_kernel_caches_stay_in_monitored_attempt_and_override_external_paths (test_vipe_benchmark_supervisor.SupervisorTests.test_native_kernel_caches_stay_in_monitored_attempt_and_override_external_paths)
----------------------------------------------------------------------
Traceback (most recent call last):
  File "/home/auss/git_repos/samaust/Experiments_4DGS/scripts/vipe_benchmark/supervisor.py", line 446, in supervise
    process = create_owned_process('supervisor worker',subprocess.Popen,command, deadline=run_deadline if is_s1 else None, stdout=log, stderr=subprocess.STDOUT,
                               start_new_session=True, env=env)
  File "/home/auss/git_repos/samaust/Experiments_4DGS/scripts/vipe_benchmark/s1_helper_session.py", line 1583, in create_owned_process
    observed=predispatch_owned(event)
  File "/home/auss/git_repos/samaust/Experiments_4DGS/scripts/vipe_benchmark/s1_helper_session.py", line 1572, in predispatch_owned
    observed=owned_workload(os.environ['S1_OWNED_ROOT_NOTE'])
  File "/home/auss/git_repos/samaust/Experiments_4DGS/scripts/vipe_benchmark/s1_helper_session.py", line 1886, in owned_workload
    no_timeout_launch(dict(path=str(note_path),bytes=len(raw),sha256=hashlib.sha256(raw).hexdigest()),anchor['directory'],diagnostic=note['kind']=='diagnostic')
    ~~~~~~~~~~~~~~~~~^^^^^^^^^^^^^^^^^^^^^^^^^^^^^^^^^^^^^^^^^^^^^^^^^^^^^^^^^^^^^^^^^^^^^^^^^^^^^^^^^^^^^^^^^^^^^^^^^^^^^^^^^^^^^^^^^^^^^^^^^^^^^^^^^^^^^^^^^^^
  File "/home/auss/git_repos/samaust/Experiments_4DGS/scripts/vipe_benchmark/s1_validation_contract.py", line 802, in no_timeout_launch
    validate_job_ledger(note,proof)
    ~~~~~~~~~~~~~~~~~~~^^^^^^^^^^^^
  File "/home/auss/git_repos/samaust/Experiments_4DGS/scripts/vipe_benchmark/s1_validation_contract.py", line 497, in validate_job_ledger
    require(creator['pid'] in (note['ownership_root']['pid'],runner_pid),'root created by driver or runner')
    ~~~~~~~^^^^^^^^^^^^^^^^^^^^^^^^^^^^^^^^^^^^^^^^^^^^^^^^^^^^^^^^^^^^^^^^^^^^^^^^^^^^^^^^^^^^^^^^^^^^^^^^^
  File "/home/auss/git_repos/samaust/Experiments_4DGS/scripts/vipe_benchmark/s1_validation_contract.py", line 30, in require
    raise ValueError(message)
ValueError: root created by driver or runner

The above exception was the direct cause of the following exception:

Traceback (most recent call last):
  File "/home/auss/git_repos/samaust/Experiments_4DGS/tests/test_vipe_benchmark_supervisor.py", line 63, in test_native_kernel_caches_stay_in_monitored_attempt_and_override_external_paths
    self.run_worker(code, sample_resources=lambda: dict(artifact_bytes=directory_bytes(self.root)))
    ~~~~~~~~~~~~~~~^^^^^^^^^^^^^^^^^^^^^^^^^^^^^^^^^^^^^^^^^^^^^^^^^^^^^^^^^^^^^^^^^^^^^^^^^^^^^^^^
  File "/home/auss/git_repos/samaust/Experiments_4DGS/tests/test_vipe_benchmark_supervisor.py", line 37, in run_worker
    return supervise(self.ledger, 'prepare', self.command(code), self.root / 'output',
                     evidence={'kind': 'disposable CPU fixture; not a model evaluation'},
                     validate_result=self.validate, poll_seconds=.02, **kwargs)
  File "/home/auss/git_repos/samaust/Experiments_4DGS/scripts/vipe_benchmark/supervisor.py", line 607, in supervise
    raise failure from primary_exception
vipe_benchmark.supervisor.SupervisionFailure: ValueError: root created by driver or runner

======================================================================
FAIL: test_supervisor_worker_context_and_consumed_cleanup_stop (test_vipe_benchmark_supervisor.HelperIntegrationTests.test_supervisor_worker_context_and_consumed_cleanup_stop)
----------------------------------------------------------------------
Traceback (most recent call last):
  File "/home/auss/git_repos/samaust/Experiments_4DGS/tests/test_vipe_benchmark_supervisor.py", line 1117, in test_supervisor_worker_context_and_consumed_cleanup_stop
    self.assertEqual(len(transported),1)
    ~~~~~~~~~~~~~~~~^^^^^^^^^^^^^^^^^^^^
AssertionError: 0 != 1

======================================================================
FAIL: test_l04_child_before_ready_block (test_vipe_benchmark_supervisor.HelperSessionTests.test_l04_child_before_ready_block)
----------------------------------------------------------------------
Traceback (most recent call last):
  File "/home/auss/git_repos/samaust/Experiments_4DGS/tests/test_vipe_benchmark_supervisor.py", line 1338, in test_l04_child_before_ready_block
    def test_l04_child_before_ready_block(self): self.reject_ready('L04','child_block')
                                                 ~~~~~~~~~~~~~~~~~^^^^^^^^^^^^^^^^^^^^^
  File "/home/auss/git_repos/samaust/Experiments_4DGS/tests/test_vipe_benchmark_supervisor.py", line 1273, in reject_ready
    self.assertTrue(session.close(session.cleanup_deadline))
    ~~~~~~~~~~~~~~~^^^^^^^^^^^^^^^^^^^^^^^^^^^^^^^^^^^^^^^^^
AssertionError: False is not true
timing_or_cleanup_check_0: AssertionError: False is not true : {'scenario': 'L04', 'mode': 'child_block', 'constructor_entry': 201469.400943803, 'action_cutoff': 201471.400943803, 'safety_cutoff': 201472.400943803, 'constructor_end': 201469.457097233, 't0': 201469.400966538, 'ready_deadline': 201469.480966538, 'setup_deadline': 201469.580966538, 'setup_cleanup_deadline': 201469.700966538, 'action_end': 201469.623392432, 'end': 201469.656120409, 'execution_seconds': 0.22244862900697626, 'cleanup_seconds': 0.03272797699901275, 'cleanup_confirmed': False, 'records': {'work': {'role': 'work', 'state': 'spawning', 'pid': None}, 'sample': {'role': 'sample', 'state': 'pending', 'pid': None}}, 'errors': [{'error_class': 'ValueError', 'message': 'root created by driver or runner', 'phase': 'startup'}], 'signals': [], 'ticks': [201469.400966538, 201469.457112885, 201469.46221215, 201469.471280745, 201469.481822219], 'events': [{'event': 'fixture_spawn_entry', 'role': 'work', 'observed': 201469.423546019, 'ready_deadline': 201469.480966538}], 'trace_facts': {'capacity': 256, 'total': 1, 'dropped': 0, 'saturated': False, 'first': 201469.423547408, 'last': 201469.423547408}, 'tick_facts': {'capacity': 128, 'total': 5, 'dropped': 0, 'saturated': False, 'first': 201469.400971106, 'last': 201469.481822759}, 'owner_error_facts': {'capacity': 32, 'total': 1, 'dropped': 0, 'saturated': False, 'first': 201469.512617995, 'last': 201469.512617995}, 'owner_signal_facts': {'capacity': 128, 'total': 0, 'dropped': 0, 'saturated': False, 'first': None, 'last': None}, 'request_counts': {'work': {'dispatch': 0, 'response': 0}, 'sample': {'dispatch': 0, 'response': 0}}, 'census_request_count': 0, 'max_gap': 0.05614634699304588, 'max_turn': 2.359700738452375e-05, 'call_observations': [{'operation': 'tick', 'entered': 201469.457111845, 'deadline': 201469.480966538, 'returned': 201469.45713723, 'confirmed': None, 'error': None, 'ready_before': [], 'ready_after': []}, {'operation': 'tick', 'entered': 201469.462210141, 'deadline': 201469.480966538, 'returned': 201469.462234676, 'confirmed'

======================================================================
FAIL: test_l05_error_after_spawn (test_vipe_benchmark_supervisor.HelperSessionTests.test_l05_error_after_spawn)
----------------------------------------------------------------------
Traceback (most recent call last):
  File "/home/auss/git_repos/samaust/Experiments_4DGS/tests/test_vipe_benchmark_supervisor.py", line 1339, in test_l05_error_after_spawn
    def test_l05_error_after_spawn(self): self.reject_ready('L05','identity_failure')
                                          ~~~~~~~~~~~~~~~~~^^^^^^^^^^^^^^^^^^^^^^^^^^
  File "/home/auss/git_repos/samaust/Experiments_4DGS/tests/test_vipe_benchmark_supervisor.py", line 1273, in reject_ready
    self.assertTrue(session.close(session.cleanup_deadline))
    ~~~~~~~~~~~~~~~^^^^^^^^^^^^^^^^^^^^^^^^^^^^^^^^^^^^^^^^^
AssertionError: False is not true
timing_or_cleanup_check_0: AssertionError: False is not true : {'scenario': 'L05', 'mode': 'identity_failure', 'constructor_entry': 201469.656792891, 'action_cutoff': 201471.656792891, 'safety_cutoff': 201472.656792891, 'constructor_end': 201469.715946362, 't0': 201469.656814071, 'ready_deadline': 201469.736814071, 'setup_deadline': 201469.836814071, 'setup_cleanup_deadline': 201469.956814071, 'action_end': 201469.882989445, 'end': 201469.916118036, 'execution_seconds': 0.22619655399466865, 'cleanup_seconds': 0.03312859099241905, 'cleanup_confirmed': False, 'records': {'work': {'role': 'work', 'state': 'spawning', 'pid': None}, 'sample': {'role': 'sample', 'state': 'pending', 'pid': None}}, 'errors': [{'error_class': 'ValueError', 'message': 'root created by driver or runner', 'phase': 'startup'}], 'signals': [], 'ticks': [201469.656814071, 201469.715963492, 201469.721075595, 201469.729957564, 201469.741799266], 'events': [{'event': 'fixture_spawn_entry', 'role': 'work', 'observed': 201469.679607837, 'ready_deadline': 201469.736814071}], 'trace_facts': {'capacity': 256, 'total': 1, 'dropped': 0, 'saturated': False, 'first': 201469.679609413, 'last': 201469.679609413}, 'tick_facts': {'capacity': 128, 'total': 5, 'dropped': 0, 'saturated': False, 'first': 201469.656818577, 'last': 201469.741799818}, 'owner_error_facts': {'capacity': 32, 'total': 1, 'dropped': 0, 'saturated': False, 'first': 201469.771367431, 'last': 201469.771367431}, 'owner_signal_facts': {'capacity': 128, 'total': 0, 'dropped': 0, 'saturated': False, 'first': None, 'last': None}, 'request_counts': {'work': {'dispatch': 0, 'response': 0}, 'sample': {'dispatch': 0, 'response': 0}}, 'census_request_count': 0, 'max_gap': 0.059149420994799584, 'max_turn': 3.1956005841493607e-05, 'call_observations': [{'operation': 'tick', 'entered': 201469.715962703, 'deadline': 201469.736814071, 'returned': 201469.715996649, 'confirmed': None, 'error': None, 'ready_before': [], 'ready_after': []}, {'operation': 'tick', 'entered': 201469.721073391, 'deadline': 201469.736814071, 'returned': 201469.721101672, 'c

======================================================================
FAIL: test_l06_late_ready (test_vipe_benchmark_supervisor.HelperSessionTests.test_l06_late_ready)
----------------------------------------------------------------------
Traceback (most recent call last):
  File "/home/auss/git_repos/samaust/Experiments_4DGS/tests/test_vipe_benchmark_supervisor.py", line 1340, in test_l06_late_ready
    def test_l06_late_ready(self): self.reject_ready('L06','late_ready')
                                   ~~~~~~~~~~~~~~~~~^^^^^^^^^^^^^^^^^^^^
  File "/home/auss/git_repos/samaust/Experiments_4DGS/tests/test_vipe_benchmark_supervisor.py", line 1273, in reject_ready
    self.assertTrue(session.close(session.cleanup_deadline))
    ~~~~~~~~~~~~~~~^^^^^^^^^^^^^^^^^^^^^^^^^^^^^^^^^^^^^^^^^
AssertionError: False is not true
timing_or_cleanup_check_0: AssertionError: False is not true : {'scenario': 'L06', 'mode': 'late_ready', 'constructor_entry': 201469.916758334, 'action_cutoff': 201471.916758334, 'safety_cutoff': 201472.916758334, 'constructor_end': 201469.985979986, 't0': 201469.916781828, 'ready_deadline': 201469.996781828, 'setup_deadline': 201470.096781828, 'setup_cleanup_deadline': 201470.216781828, 'action_end': 201470.15911257, 'end': 201470.1953464, 'execution_seconds': 0.24235423599020578, 'cleanup_seconds': 0.03623383000376634, 'cleanup_confirmed': False, 'records': {'work': {'role': 'work', 'state': 'spawning', 'pid': None}, 'sample': {'role': 'sample', 'state': 'pending', 'pid': None}}, 'errors': [{'error_class': 'ValueError', 'message': 'root created by driver or runner', 'phase': 'startup'}], 'signals': [], 'ticks': [201469.916781828, 201469.985994665, 201469.991105579, 201470.003208976], 'events': [{'event': 'fixture_spawn_entry', 'role': 'work', 'observed': 201469.95066964, 'ready_deadline': 201469.996781828}], 'trace_facts': {'capacity': 256, 'total': 1, 'dropped': 0, 'saturated': False, 'first': 201469.950670834, 'last': 201469.950670834}, 'tick_facts': {'capacity': 128, 'total': 4, 'dropped': 0, 'saturated': False, 'first': 201469.916786164, 'last': 201470.003209649}, 'owner_error_facts': {'capacity': 32, 'total': 1, 'dropped': 0, 'saturated': False, 'first': 201470.045741659, 'last': 201470.045741659}, 'owner_signal_facts': {'capacity': 128, 'total': 0, 'dropped': 0, 'saturated': False, 'first': None, 'last': None}, 'request_counts': {'work': {'dispatch': 0, 'response': 0}, 'sample': {'dispatch': 0, 'response': 0}}, 'census_request_count': 0, 'max_gap': 0.06921283699921332, 'max_turn': 2.9950984753668308e-05, 'call_observations': [{'operation': 'tick', 'entered': 201469.985993807, 'deadline': 201469.996781828, 'returned': 201469.986025892, 'confirmed': None, 'error': None, 'ready_before': [], 'ready_after': []}, {'operation': 'tick', 'entered': 201469.991104666, 'deadline': 201469.996781828, 'returned': 201469.991117928, 'confirmed': None, 'error': Non

======================================================================
FAIL: test_l07_cancel_during_spawn (test_vipe_benchmark_supervisor.HelperSessionTests.test_l07_cancel_during_spawn)
----------------------------------------------------------------------
Traceback (most recent call last):
  File "/home/auss/git_repos/samaust/Experiments_4DGS/tests/test_vipe_benchmark_supervisor.py", line 1341, in test_l07_cancel_during_spawn
    def test_l07_cancel_during_spawn(self): self.reject_ready('L07','held_spawn')
                                            ~~~~~~~~~~~~~~~~~^^^^^^^^^^^^^^^^^^^^
  File "/home/auss/git_repos/samaust/Experiments_4DGS/tests/test_vipe_benchmark_supervisor.py", line 1273, in reject_ready
    self.assertTrue(session.close(session.cleanup_deadline))
    ~~~~~~~~~~~~~~~^^^^^^^^^^^^^^^^^^^^^^^^^^^^^^^^^^^^^^^^^
AssertionError: False is not true
timing_or_cleanup_check_0: AssertionError: False is not true : {'scenario': 'L07', 'mode': 'held_spawn', 'constructor_entry': 201470.196027466, 'action_cutoff': 201472.196027466, 'safety_cutoff': 201473.196027466, 'constructor_end': 201470.255748206, 't0': 201470.196050072, 'ready_deadline': 201470.276050072, 'setup_deadline': 201470.376050072, 'setup_cleanup_deadline': 201470.496050072, 'action_end': 201470.427361001, 'end': 201470.460787222, 'execution_seconds': 0.23133353498997167, 'cleanup_seconds': 0.0334262209944427, 'cleanup_confirmed': False, 'records': {'work': {'role': 'work', 'state': 'spawning', 'pid': None}, 'sample': {'role': 'sample', 'state': 'pending', 'pid': None}}, 'errors': [{'error_class': 'ValueError', 'message': 'root created by driver or runner', 'phase': 'startup'}], 'signals': [], 'ticks': [201470.196050072, 201470.255762809, 201470.260852047, 201470.27012288, 201470.282159924], 'events': [{'event': 'fixture_spawn_entry', 'role': 'work', 'observed': 201470.220425353, 'ready_deadline': 201470.276050072}], 'trace_facts': {'capacity': 256, 'total': 1, 'dropped': 0, 'saturated': False, 'first': 201470.220426932, 'last': 201470.220426932}, 'tick_facts': {'capacity': 128, 'total': 5, 'dropped': 0, 'saturated': False, 'first': 201470.196054852, 'last': 201470.282160219}, 'owner_error_facts': {'capacity': 32, 'total': 1, 'dropped': 0, 'saturated': False, 'first': 201470.312698523, 'last': 201470.312698523}, 'owner_signal_facts': {'capacity': 128, 'total': 0, 'dropped': 0, 'saturated': False, 'first': None, 'last': None}, 'request_counts': {'work': {'dispatch': 0, 'response': 0}, 'sample': {'dispatch': 0, 'response': 0}}, 'census_request_count': 0, 'max_gap': 0.059712737012887374, 'max_turn': 2.3632979718968272e-05, 'call_observations': [{'operation': 'tick', 'entered': 201470.255762274, 'deadline': 201470.276050072, 'returned': 201470.255785178, 'confirmed': None, 'error': None, 'ready_before': [], 'ready_after': []}, {'operation': 'tick', 'entered': 201470.26084978, 'deadline': 201470.276050072, 'returned': 201470.26087653, 'confirmed':

======================================================================
FAIL: test_l08_late_owner_retained (test_vipe_benchmark_supervisor.HelperSessionTests.test_l08_late_owner_retained)
----------------------------------------------------------------------
Traceback (most recent call last):
  File "/home/auss/git_repos/samaust/Experiments_4DGS/tests/test_vipe_benchmark_supervisor.py", line 1348, in test_l08_late_owner_retained
    self.assertTrue(any(event['event']=='opaque_spawn_return_held' and event['mode']=='late_spawn' for event in session.events))
    ~~~~~~~~~~~~~~~^^^^^^^^^^^^^^^^^^^^^^^^^^^^^^^^^^^^^^^^^^^^^^^^^^^^^^^^^^^^^^^^^^^^^^^^^^^^^^^^^^^^^^^^^^^^^^^^^^^^^^^^^^^^^
AssertionError: False is not true
timing_or_cleanup_check_0: AssertionError: False is not true : {'scenario': 'L08', 'mode': 'late_spawn', 'constructor_entry': 201470.461412867, 'action_cutoff': 201472.461412867, 'safety_cutoff': 201473.461412867, 'constructor_end': 201470.520698907, 't0': 201470.461435338, 'ready_deadline': 201470.52143533799, 'setup_deadline': 201470.58143533798, 'setup_cleanup_deadline': 201470.661435338, 'action_end': 201470.694040345, 'end': 201470.728655074, 'execution_seconds': 0.23262747799162753, 'cleanup_seconds': 0.034614728996530175, 'cleanup_confirmed': False, 'records': {'work': {'role': 'work', 'state': 'spawning', 'pid': None}, 'sample': {'role': 'sample', 'state': 'pending', 'pid': None}}, 'errors': [{'error_class': 'ValueError', 'message': 'root created by driver or runner', 'phase': 'startup'}], 'signals': [], 'ticks': [201470.461435338, 201470.520710891, 201470.521490079], 'events': [{'event': 'fixture_spawn_entry', 'role': 'work', 'observed': 201470.484768693, 'ready_deadline': 201470.52143533799}], 'trace_facts': {'capacity': 256, 'total': 1, 'dropped': 0, 'saturated': False, 'first': 201470.484770165, 'last': 201470.484770165}, 'tick_facts': {'capacity': 128, 'total': 3, 'dropped': 0, 'saturated': False, 'first': 201470.461440157, 'last': 201470.521490307}, 'owner_error_facts': {'capacity': 32, 'total': 1, 'dropped': 0, 'saturated': False, 'first': 201470.578508074, 'last': 201470.578508074}, 'owner_signal_facts': {'capacity': 128, 'total': 0, 'dropped': 0, 'saturated': False, 'first': None, 'last': None}, 'request_counts': {'work': {'dispatch': 0, 'response': 0}, 'sample': {'dispatch': 0, 'response': 0}}, 'census_request_count': 0, 'max_gap': 0.059275553008774295, 'max_turn': 2.2997992346063256e-05, 'call_observations': [{'operation': 'tick', 'entered': 201470.520710369, 'deadline': 201470.52143533799, 'returned': 201470.520734653, 'confirmed': None, 'error': None, 'ready_before': [], 'ready_after': []}, {'operation': 'tick', 'entered': 201470.521489541, 'deadline': 201470.52143533799, 'returned': 201470.5214939, 'confirmed': None, 'error': 'Timeou

======================================================================
FAIL: test_l09_partial_header (test_vipe_benchmark_supervisor.HelperSessionTests.test_l09_partial_header)
----------------------------------------------------------------------
Traceback (most recent call last):
  File "/home/auss/git_repos/samaust/Experiments_4DGS/tests/test_vipe_benchmark_supervisor.py", line 1357, in test_l09_partial_header
    def test_l09_partial_header(self): self.reject_ready('L09','partial_header')
                                       ~~~~~~~~~~~~~~~~~^^^^^^^^^^^^^^^^^^^^^^^^
  File "/home/auss/git_repos/samaust/Experiments_4DGS/tests/test_vipe_benchmark_supervisor.py", line 1273, in reject_ready
    self.assertTrue(session.close(session.cleanup_deadline))
    ~~~~~~~~~~~~~~~^^^^^^^^^^^^^^^^^^^^^^^^^^^^^^^^^^^^^^^^^
AssertionError: False is not true
timing_or_cleanup_check_0: AssertionError: False is not true : {'scenario': 'L09', 'mode': 'partial_header', 'constructor_entry': 201470.729282515, 'action_cutoff': 201472.729282515, 'safety_cutoff': 201473.729282515, 'constructor_end': 201470.792465186, 't0': 201470.729305775, 'ready_deadline': 201470.80930577498, 'setup_deadline': 201470.90930577499, 'setup_cleanup_deadline': 201471.02930577498, 'action_end': 201470.967736297, 'end': 201471.002810639, 'execution_seconds': 0.2384537819889374, 'cleanup_seconds': 0.03507434201310389, 'cleanup_confirmed': False, 'records': {'work': {'role': 'work', 'state': 'spawning', 'pid': None}, 'sample': {'role': 'sample', 'state': 'pending', 'pid': None}}, 'errors': [{'error_class': 'ValueError', 'message': 'root created by driver or runner', 'phase': 'startup'}], 'signals': [], 'ticks': [201470.729305775, 201470.792479524, 201470.797568942, 201470.80623054, 201470.817372621], 'events': [{'event': 'fixture_spawn_entry', 'role': 'work', 'observed': 201470.753574949, 'ready_deadline': 201470.80930577498}], 'trace_facts': {'capacity': 256, 'total': 1, 'dropped': 0, 'saturated': False, 'first': 201470.753576311, 'last': 201470.753576311}, 'tick_facts': {'capacity': 128, 'total': 5, 'dropped': 0, 'saturated': False, 'first': 201470.729309829, 'last': 201470.817373313}, 'owner_error_facts': {'capacity': 32, 'total': 1, 'dropped': 0, 'saturated': False, 'first': 201470.848917347, 'last': 201470.848917347}, 'owner_signal_facts': {'capacity': 128, 'total': 0, 'dropped': 0, 'saturated': False, 'first': None, 'last': None}, 'request_counts': {'work': {'dispatch': 0, 'response': 0}, 'sample': {'dispatch': 0, 'response': 0}}, 'census_request_count': 0, 'max_gap': 0.06317374901846051, 'max_turn': 2.4982989998534322e-05, 'call_observations': [{'operation': 'tick', 'entered': 201470.792478937, 'deadline': 201470.80930577498, 'returned': 201470.792505691, 'confirmed': None, 'error': None, 'ready_before': [], 'ready_after': []}, {'operation': 'tick', 'entered': 201470.797567797, 'deadline': 201470.80930577498, 'returned': 201470.797586

======================================================================
FAIL: test_l10_stalled_body (test_vipe_benchmark_supervisor.HelperSessionTests.test_l10_stalled_body)
----------------------------------------------------------------------
Traceback (most recent call last):
  File "/home/auss/git_repos/samaust/Experiments_4DGS/tests/test_vipe_benchmark_supervisor.py", line 1358, in test_l10_stalled_body
    def test_l10_stalled_body(self): self.reject_ready('L10','stalled_body')
                                     ~~~~~~~~~~~~~~~~~^^^^^^^^^^^^^^^^^^^^^^
  File "/home/auss/git_repos/samaust/Experiments_4DGS/tests/test_vipe_benchmark_supervisor.py", line 1273, in reject_ready
    self.assertTrue(session.close(session.cleanup_deadline))
    ~~~~~~~~~~~~~~~^^^^^^^^^^^^^^^^^^^^^^^^^^^^^^^^^^^^^^^^^
AssertionError: False is not true
timing_or_cleanup_check_0: AssertionError: False is not true : {'scenario': 'L10', 'mode': 'stalled_body', 'constructor_entry': 201471.003473412, 'action_cutoff': 201473.003473412, 'safety_cutoff': 201474.003473412, 'constructor_end': 201471.064031303, 't0': 201471.003495965, 'ready_deadline': 201471.083495965, 'setup_deadline': 201471.183495965, 'setup_cleanup_deadline': 201471.303495965, 'action_end': 201471.244045252, 'end': 201471.278745815, 'execution_seconds': 0.2405718399968464, 'cleanup_seconds': 0.03470056300284341, 'cleanup_confirmed': False, 'records': {'work': {'role': 'work', 'state': 'spawning', 'pid': None}, 'sample': {'role': 'sample', 'state': 'pending', 'pid': None}}, 'errors': [{'error_class': 'ValueError', 'message': 'root created by driver or runner', 'phase': 'startup'}], 'signals': [], 'ticks': [201471.003495965, 201471.064045531, 201471.069148272, 201471.074229413, 201471.082839518, 201471.083653701], 'events': [{'event': 'fixture_spawn_entry', 'role': 'work', 'observed': 201471.027698269, 'ready_deadline': 201471.083495965}], 'trace_facts': {'capacity': 256, 'total': 1, 'dropped': 0, 'saturated': False, 'first': 201471.027699517, 'last': 201471.027699517}, 'tick_facts': {'capacity': 128, 'total': 6, 'dropped': 0, 'saturated': False, 'first': 201471.003500666, 'last': 201471.08365385}, 'owner_error_facts': {'capacity': 32, 'total': 1, 'dropped': 0, 'saturated': False, 'first': 201471.125952259, 'last': 201471.125952259}, 'owner_signal_facts': {'capacity': 128, 'total': 0, 'dropped': 0, 'saturated': False, 'first': None, 'last': None}, 'request_counts': {'work': {'dispatch': 0, 'response': 0}, 'sample': {'dispatch': 0, 'response': 0}}, 'census_request_count': 0, 'max_gap': 0.06054956599837169, 'max_turn': 2.1149986423552036e-05, 'call_observations': [{'operation': 'tick', 'entered': 201471.06404499, 'deadline': 201471.083495965, 'returned': 201471.064067466, 'confirmed': None, 'error': None, 'ready_before': [], 'ready_after': []}, {'operation': 'tick', 'entered': 201471.06914614, 'deadline': 201471.083495965, 'returned': 201471.0691

======================================================================
FAIL: test_l11_eof_midframe (test_vipe_benchmark_supervisor.HelperSessionTests.test_l11_eof_midframe)
----------------------------------------------------------------------
Traceback (most recent call last):
  File "/home/auss/git_repos/samaust/Experiments_4DGS/tests/test_vipe_benchmark_supervisor.py", line 1359, in test_l11_eof_midframe
    def test_l11_eof_midframe(self): self.reject_ready('L11','eof_frame')
                                     ~~~~~~~~~~~~~~~~~^^^^^^^^^^^^^^^^^^^
  File "/home/auss/git_repos/samaust/Experiments_4DGS/tests/test_vipe_benchmark_supervisor.py", line 1273, in reject_ready
    self.assertTrue(session.close(session.cleanup_deadline))
    ~~~~~~~~~~~~~~~^^^^^^^^^^^^^^^^^^^^^^^^^^^^^^^^^^^^^^^^^
AssertionError: False is not true
timing_or_cleanup_check_0: AssertionError: False is not true : {'scenario': 'L11', 'mode': 'eof_frame', 'constructor_entry': 201471.279406601, 'action_cutoff': 201473.279406601, 'safety_cutoff': 201474.279406601, 'constructor_end': 201471.339684003, 't0': 201471.27942823, 'ready_deadline': 201471.35942822997, 'setup_deadline': 201471.45942822998, 'setup_cleanup_deadline': 201471.57942822998, 'action_end': 201471.514031146, 'end': 201471.549290227, 'execution_seconds': 0.234624545002589, 'cleanup_seconds': 0.03525908099254593, 'cleanup_confirmed': False, 'records': {'work': {'role': 'work', 'state': 'spawning', 'pid': None}, 'sample': {'role': 'sample', 'state': 'pending', 'pid': None}}, 'errors': [{'error_class': 'ValueError', 'message': 'root created by driver or runner', 'phase': 'startup'}], 'signals': [], 'ticks': [201471.27942823, 201471.339699905, 201471.344831861, 201471.354009879, 201471.365274951], 'events': [{'event': 'fixture_spawn_entry', 'role': 'work', 'observed': 201471.303837794, 'ready_deadline': 201471.35942822997}], 'trace_facts': {'capacity': 256, 'total': 1, 'dropped': 0, 'saturated': False, 'first': 201471.303839116, 'last': 201471.303839116}, 'tick_facts': {'capacity': 128, 'total': 5, 'dropped': 0, 'saturated': False, 'first': 201471.279432951, 'last': 201471.365275528}, 'owner_error_facts': {'capacity': 32, 'total': 1, 'dropped': 0, 'saturated': False, 'first': 201471.39689222, 'last': 201471.39689222}, 'owner_signal_facts': {'capacity': 128, 'total': 0, 'dropped': 0, 'saturated': False, 'first': None, 'last': None}, 'request_counts': {'work': {'dispatch': 0, 'response': 0}, 'sample': {'dispatch': 0, 'response': 0}}, 'census_request_count': 0, 'max_gap': 0.06027167499996722, 'max_turn': 2.6407011318951845e-05, 'call_observations': [{'operation': 'tick', 'entered': 201471.339699229, 'deadline': 201471.35942822997, 'returned': 201471.339727073, 'confirmed': None, 'error': None, 'ready_before': [], 'ready_after': []}, {'operation': 'tick', 'entered': 201471.344829923, 'deadline': 201471.35942822997, 'returned': 201471.34485387, 'conf

======================================================================
FAIL: test_l13_oversized_frame (test_vipe_benchmark_supervisor.HelperSessionTests.test_l13_oversized_frame)
----------------------------------------------------------------------
Traceback (most recent call last):
  File "/home/auss/git_repos/samaust/Experiments_4DGS/tests/test_vipe_benchmark_supervisor.py", line 1375, in test_l13_oversized_frame
    def test_l13_oversized_frame(self): self.reject_ready('L13','oversized')
                                        ~~~~~~~~~~~~~~~~~^^^^^^^^^^^^^^^^^^^
  File "/home/auss/git_repos/samaust/Experiments_4DGS/tests/test_vipe_benchmark_supervisor.py", line 1273, in reject_ready
    self.assertTrue(session.close(session.cleanup_deadline))
    ~~~~~~~~~~~~~~~^^^^^^^^^^^^^^^^^^^^^^^^^^^^^^^^^^^^^^^^^
AssertionError: False is not true
timing_or_cleanup_check_0: AssertionError: False is not true : {'scenario': 'L13', 'mode': 'oversized', 'constructor_entry': 201471.78878217, 'action_cutoff': 201473.78878217, 'safety_cutoff': 201474.78878217, 'constructor_end': 201471.851218133, 't0': 201471.788803934, 'ready_deadline': 201471.868803934, 'setup_deadline': 201471.968803934, 'setup_cleanup_deadline': 201472.088803934, 'action_end': 201472.038714168, 'end': 201472.074856085, 'execution_seconds': 0.2499319979979191, 'cleanup_seconds': 0.03614191699307412, 'cleanup_confirmed': False, 'records': {'work': {'role': 'work', 'state': 'spawning', 'pid': None}, 'sample': {'role': 'sample', 'state': 'pending', 'pid': None}}, 'errors': [{'error_class': 'ValueError', 'message': 'root created by driver or runner', 'phase': 'startup'}], 'signals': [], 'ticks': [201471.788803934, 201471.851233498, 201471.856318472, 201471.86144585, 201471.870007743], 'events': [{'event': 'fixture_spawn_entry', 'role': 'work', 'observed': 201471.813844209, 'ready_deadline': 201471.868803934}], 'trace_facts': {'capacity': 256, 'total': 1, 'dropped': 0, 'saturated': False, 'first': 201471.813845734, 'last': 201471.813845734}, 'tick_facts': {'capacity': 128, 'total': 5, 'dropped': 0, 'saturated': False, 'first': 201471.788808742, 'last': 201471.8700084}, 'owner_error_facts': {'capacity': 32, 'total': 1, 'dropped': 0, 'saturated': False, 'first': 201471.914353779, 'last': 201471.914353779}, 'owner_signal_facts': {'capacity': 128, 'total': 0, 'dropped': 0, 'saturated': False, 'first': None, 'last': None}, 'request_counts': {'work': {'dispatch': 0, 'response': 0}, 'sample': {'dispatch': 0, 'response': 0}}, 'census_request_count': 0, 'max_gap': 0.06242956398637034, 'max_turn': 2.485301229171455e-05, 'call_observations': [{'operation': 'tick', 'entered': 201471.851232897, 'deadline': 201471.868803934, 'returned': 201471.851259116, 'confirmed': None, 'error': None, 'ready_before': [], 'ready_after': []}, {'operation': 'tick', 'entered': 201471.856317746, 'deadline': 201471.868803934, 'returned': 201471.856329095, 'confirmed': None,

======================================================================
FAIL: test_l14_wrong_correlation (test_vipe_benchmark_supervisor.HelperSessionTests.test_l14_wrong_correlation)
----------------------------------------------------------------------
Traceback (most recent call last):
  File "/home/auss/git_repos/samaust/Experiments_4DGS/tests/test_vipe_benchmark_supervisor.py", line 1376, in test_l14_wrong_correlation
    def test_l14_wrong_correlation(self): self.reject_ready('L14','wrong_role')
                                          ~~~~~~~~~~~~~~~~~^^^^^^^^^^^^^^^^^^^^
  File "/home/auss/git_repos/samaust/Experiments_4DGS/tests/test_vipe_benchmark_supervisor.py", line 1273, in reject_ready
    self.assertTrue(session.close(session.cleanup_deadline))
    ~~~~~~~~~~~~~~~^^^^^^^^^^^^^^^^^^^^^^^^^^^^^^^^^^^^^^^^^
AssertionError: False is not true
timing_or_cleanup_check_0: AssertionError: False is not true : {'scenario': 'L14', 'mode': 'wrong_role', 'constructor_entry': 201472.075502271, 'action_cutoff': 201474.075502271, 'safety_cutoff': 201475.075502271, 'constructor_end': 201472.13862356, 't0': 201472.075524608, 'ready_deadline': 201472.15552460798, 'setup_deadline': 201472.255524608, 'setup_cleanup_deadline': 201472.37552460798, 'action_end': 201472.322927312, 'end': 201472.359779514, 'execution_seconds': 0.24742504098685458, 'cleanup_seconds': 0.03685220199986361, 'cleanup_confirmed': False, 'records': {'work': {'role': 'work', 'state': 'spawning', 'pid': None}, 'sample': {'role': 'sample', 'state': 'pending', 'pid': None}}, 'errors': [{'error_class': 'ValueError', 'message': 'root created by driver or runner', 'phase': 'startup'}], 'signals': [], 'ticks': [201472.075524608, 201472.13863912, 201472.143734459, 201472.152784644, 201472.163999093], 'events': [{'event': 'fixture_spawn_entry', 'role': 'work', 'observed': 201472.100800295, 'ready_deadline': 201472.15552460798}], 'trace_facts': {'capacity': 256, 'total': 1, 'dropped': 0, 'saturated': False, 'first': 201472.10080176, 'last': 201472.10080176}, 'tick_facts': {'capacity': 128, 'total': 5, 'dropped': 0, 'saturated': False, 'first': 201472.075529254, 'last': 201472.163999846}, 'owner_error_facts': {'capacity': 32, 'total': 1, 'dropped': 0, 'saturated': False, 'first': 201472.196521472, 'last': 201472.196521472}, 'owner_signal_facts': {'capacity': 128, 'total': 0, 'dropped': 0, 'saturated': False, 'first': None, 'last': None}, 'request_counts': {'work': {'dispatch': 0, 'response': 0}, 'sample': {'dispatch': 0, 'response': 0}}, 'census_request_count': 0, 'max_gap': 0.06311451201327145, 'max_turn': 2.9633985832333565e-05, 'call_observations': [{'operation': 'tick', 'entered': 201472.138638543, 'deadline': 201472.15552460798, 'returned': 201472.138667189, 'confirmed': None, 'error': None, 'ready_before': [], 'ready_after': []}, {'operation': 'tick', 'entered': 201472.143733029, 'deadline': 201472.15552460798, 'returned': 201472.14376508, 'con

======================================================================
FAIL: test_l36_ambiguous_native_start_retained (test_vipe_benchmark_supervisor.HelperSessionTests.test_l36_ambiguous_native_start_retained)
----------------------------------------------------------------------
Traceback (most recent call last):
  File "/home/auss/git_repos/samaust/Experiments_4DGS/tests/test_vipe_benchmark_supervisor.py", line 1724, in test_l36_ambiguous_native_start_retained
    self.assertTrue(acquired)
    ~~~~~~~~~~~~~~~^^^^^^^^^^
AssertionError: [] is not true
L36 secondary: {'operation': 'retire_acquired', 'error_class': 'ValueError', 'message': 'different job handle'}
L36 secondary: {'operation': 'original_cleanup_assertions', 'error_class': 'AssertionError', 'message': 'False is not true'}

======================================================================
FAIL: test_progress_plan046_launch_deadline (test_vipe_benchmark_supervisor.HelperSessionTests.test_progress_plan046_launch_deadline) (kind='before', offset=-0.001)
----------------------------------------------------------------------
Traceback (most recent call last):
  File "/home/auss/git_repos/samaust/Experiments_4DGS/tests/test_vipe_benchmark_supervisor.py", line 2248, in test_progress_plan046_launch_deadline
    self.assertEqual(len(started),1 if case['kind']=='before' else 0)
    ~~~~~~~~~~~~~~~~^^^^^^^^^^^^^^^^^^^^^^^^^^^^^^^^^^^^^^^^^^^^^^^^^
AssertionError: 0 != 1

======================================================================
FAIL: test_progress_plan047_deadline_steps (test_vipe_benchmark_supervisor.HelperSessionTests.test_progress_plan047_deadline_steps) (operation='worker_popen', when='before')
----------------------------------------------------------------------
Traceback (most recent call last):
  File "/home/auss/git_repos/samaust/Experiments_4DGS/tests/test_vipe_benchmark_supervisor.py", line 3838, in test_progress_plan047_deadline_steps
    self.assertEqual(len(started),0 if expected_late else 1);observed=outcome['error']
    ~~~~~~~~~~~~~~~~^^^^^^^^^^^^^^^^^^^^^^^^^^^^^^^^^^^^^^^^
AssertionError: 0 != 1

======================================================================
FAIL: test_progress_plan047_deadline_steps (test_vipe_benchmark_supervisor.HelperSessionTests.test_progress_plan047_deadline_steps) (operation='worker_popen', when='equal')
----------------------------------------------------------------------
Traceback (most recent call last):
  File "/home/auss/git_repos/samaust/Experiments_4DGS/tests/test_vipe_benchmark_supervisor.py", line 3891, in test_progress_plan047_deadline_steps
    self.assertIn(name,before_controls)
    ~~~~~~~~~~~~~^^^^^^^^^^^^^^^^^^^^^^
AssertionError: 'worker_popen' not found in {'checkpoint_write': {'spec': {'target': {'operation': 'write', 'stage': 'write', 'phase': 'checkpoint'}, 'successor': {'operation': 'flush', 'stage': 'flush', 'phase': 'checkpoint'}}, 'target': [{'role': 'target', 'operation': 'write', 'stage': 'write', 'entered': 205055.69485184102, 'completed': True, 'exited': 205055.69485184102}], 'successor': [{'role': 'successor', 'operation': 'flush', 'stage': 'flush', 'entered': 205055.69485184102, 'completed': True, 'exited': 205055.69485184102}], 'predecessor': {'operation': 'checkpoint/fdopen', 'entered_before': 201485.788323063, 'returned_at': 205055.69485184102}}, 'checkpoint_flush': {'spec': {'target': {'operation': 'flush', 'stage': 'flush', 'phase': 'checkpoint'}, 'successor': {'operation': 'fsync', 'stage': 'file_fsync', 'phase': 'checkpoint'}}, 'target': [{'role': 'target', 'operation': 'flush', 'stage': 'flush', 'entered': 205055.993581915, 'completed': True, 'exited': 205055.993581915}], 'successor': [{'role': 'successor', 'operation': 'fsync', 'stage': 'file_fsync', 'entered': 205055.993581915, 'completed': True, 'exited': 205055.993581915}], 'predecessor': {'operation': 'write/write', 'entered_before': 201486.089375939, 'returned_at': 205055.993581915}}, 'checkpoint_fsync': {'spec': {'target': {'operation': 'fsync', 'stage': 'file_fsync', 'phase': 'checkpoint'}, 'successor': {'operation': 'close', 'stage': 'close', 'phase': 'checkpoint'}}, 'target': [{'role': 'target', 'operation': 'fsync', 'stage': 'file_fsync', 'entered': 205056.295550384, 'completed': True, 'exited': 205056.295550384}], 'successor': [{'role': 'successor', 'operation': 'close', 'stage': 'close', 'entered': 205056.295550384, 'completed': True, 'exited': 205056.295550384}], 'predecessor': {'operation': 'flush/flush', 'entered_before': 201486.390423929, 'returned_at': 205056.295550384}}, 'checkpoint_close': {'spec': {'target': {'operation': 'close', 'stage': 'close', 'phase': 'checkpoint'}, 'successor': {'operation': 'read_bytes', 'stage': 'close_readback', 'phase': 'checkpoint'}}, 'target': [{'role': 'target', 'operation': 'close', 'stage': 'close', 'entered': 205056.59744646502, 'completed': True, 'exited': 205056.59744646502}], 'successor': [{'role': 'successor', 'operation': 'read_bytes', 'stage': 'close_readback', 'entered': 205056.59744646502, 'completed': True, 'exited': 205056.59744646502}], 'predecessor': {'operation': 'file_fsync/fsync', 'entered_before': 201486.696799724, 'returned_at': 205056.59744646502}}, 'checkpoint_readback': {'spec': {'target': {'operation': 'read_bytes', 'stage': 'close_readback', 'phase': 'checkpoint'}, 'successor': {'operation': 'record', 'stage': 'close_readback', 'phase': 'checkpoint'}}, 'target': [{'role': 'target', 'operation': 'read_bytes', 'stage': 'close_readback', 'entered': 205056.90403096302, 'completed': True, 'exited': 205056.90403096302}], 'successor': [{'role': 'successor', 'operation': 'record', 'stage': 'close_readback', 'entered': 205056.90403096302, 'completed': True, 'exited': 205056.90403096302}], 'predecessor': {'operation': 'close/close', 'entered_before': 201486.999182048, 'returned_at': 205056.90403096302}}, 'head_write': {'spec': {'target': {'operation': 'write', 'stage': 'write', 'phase': 'head'}, 'successor': {'operation': 'flush', 'stage': 'flush', 'phase': 'head'}}, 'target': [{'role': 'target', 'operation': 'write', 'stage': 'write', 'entered': 205057.205933621, 'completed': True, 'exited': 205057.205933621}], 'successor': [{'role': 'successor', 'operation': 'flush', 'stage': 'flush', 'entered': 205057.205933621, 'completed': True, 'exited': 205057.205933621}], 'predecessor': {'operation': 'head/fdopen', 'entered_before': 201487.301193586, 'returned_at': 205057.205933621}}, 'head_flush': {'spec': {'target': {'operation': 'flush', 'stage': 'flush', 'phase': 'head'}, 'successor': {'operation': 'fsync', 'stage': 'file_fsync', 'phase': 'head'}}, 'target': [{'role': 'target', 'operation': 'flush', 'stage': 'flush', 'entered': 205057.521293772, 'completed': True, 'exited': 205057.521293772}], 'successor': [{'role': 'successor', 'operation': 'fsync', 'stage': 'file_fsync', 'entered': 205057.521293772, 'completed': True, 'exited': 205057.521293772}], 'predecessor': {'operation': 'write/write', 'entered_before': 201487.617844413, 'returned_at': 205057.521293772}}, 'head_fsync': {'spec': {'target': {'operation': 'fsync', 'stage': 'file_fsync', 'phase': 'head'}, 'successor': {'operation': 'close', 'stage': 'close', 'phase': 'head'}}, 'target': [{'role': 'target', 'operation': 'fsync', 'stage': 'file_fsync', 'entered': 205057.832263605, 'completed': True, 'exited': 205057.832263605}], 'successor': [{'role': 'successor', 'operation': 'close', 'stage': 'close', 'entered': 205057.832263605, 'completed': True, 'exited': 205057.832263605}], 'predecessor': {'operation': 'flush/flush', 'entered_before': 201487.928553803, 'returned_at': 205057.832263605}}, 'head_close': {'spec': {'target': {'operation': 'close', 'stage': 'close', 'phase': 'head'}, 'successor': {'operation': 'read_bytes', 'stage': 'close_readback', 'phase': 'head'}}, 'target': [{'role': 'target', 'operation': 'close', 'stage': 'close', 'entered': 205058.14452037902, 'completed': True, 'exited': 205058.14452037902}], 'successor': [{'role': 'successor', 'operation': 'read_bytes', 'stage': 'close_readback', 'entered': 205058.14452037902, 'completed': True, 'exited': 205058.14452037902}], 'predecessor': {'operation': 'file_fsync/fsync', 'entered_before': 201488.24076206, 'returned_at': 205058.14452037902}}, 'head_readback': {'spec': {'target': {'operation': 'read_bytes', 'stage': 'close_readback', 'phase': 'head'}, 'successor': {'operation': 'record', 'stage': 'close_readback', 'phase': 'head'}}, 'target': [{'role': 'target', 'operation': 'read_bytes', 'stage': 'close_readback', 'entered': 205058.47777576902, 'completed': True, 'exited': 205058.47777576902}], 'successor': [{'role': 'successor', 'operation': 'record', 'stage': 'close_readback', 'entered': 205058.47777576902, 'completed': True, 'exited': 205058.47777576902}], 'predecessor': {'operation': 'close/close', 'entered_before': 201488.574839434, 'returned_at': 205058.47777576902}}, 'generation_install': {'spec': {'target': {'module': 'os', 'operation': 'link'}, 'successor': {'module': 'os', 'operation': 'unlink'}}, 'target': [{'role': 'target', 'operation': 'link', 'entered': 205058.792831674, 'stage': 'generation_install', 'completed': True, 'exited': 205058.792831674}], 'successor': [{'role': 'successor', 'operation': 'unlink', 'entered': 205058.792831674, 'stage': 'generation_install', 'completed': True, 'exited': 205058.792831674}], 'predecessor': {'operation': '/tmp/tmpyruk3x_w/30/jobs/S1-progress-f916c98fb2534820aaecc1e95a6ab8f0/worker/checkpoint.tmp/durable_write_return', 'entered_before': 201488.891222926, 'returned_at': 205058.792831674}}, 'generation_dir_fsync': {'spec': {'target': {'module': 'vipe_benchmark.s1_progress', 'operation': 'fsync_dir'}, 'successor': {'module': 'vipe_benchmark.s1_progress', 'operation': 'record'}}, 'target': [{'role': 'target', 'operation': 'fsync_dir', 'entered': 205059.100822033, 'stage': 'generation_directory_fsync', 'completed': True, 'exited': 205059.100822033}], 'successor': [{'role': 'successor', 'operation': 'record', 'entered': 205059.100822033, 'stage': 'generation_directory_fsync', 'completed': True, 'exited': 205059.100822033}], 'predecessor': {'operation': 'generation_install/unlink', 'entered_before': 201489.194903798, 'returned_at': 205059.100822033}}, 'generation_reopen_hash': {'spec': {'target': {'module': 'vipe_benchmark.s1_progress', 'operation': 'read_record'}, 'successor': {'module': 'vipe_benchmark.s1_progress', 'operation': 'encode'}}, 'target': [{'role': 'target', 'operation': 'read_record', 'entered': 205059.407745717, 'stage': 'generation_reopen_hash', 'completed': True, 'exited': 205059.407745717}], 'successor': [{'role': 'successor', 'operation': 'encode', 'entered': 205059.407745717, 'stage': 'generation_reopen_hash', 'completed': True, 'exited': 205059.407745717}], 'predecessor': {'operation': 'generation_directory_fsync/record', 'entered_before': 201489.50278062, 'returned_at': 205059.407745717}}, 'head_install': {'spec': {'target': {'module': 'os', 'operation': 'replace'}, 'successor': {'module': 'vipe_benchmark.s1_progress', 'operation': 'fsync_dir'}}, 'target': [{'role': 'target', 'operation': 'replace', 'entered': 205059.71856052402, 'stage': 'head_install', 'completed': True, 'exited': 205059.71856052402}], 'successor': [{'role': 'successor', 'operation': 'fsync_dir', 'entered': 205059.71856052402, 'stage': 'head_directory_fsync', 'completed': True, 'exited': 205059.71856052402}], 'predecessor': {'operation': '/tmp/tmpyruk3x_w/39/jobs/S1-progress-eb025b8de001440caaa48dc38cf38f5a/worker/head.tmp/durable_write_return', 'entered_before': 201489.817226322, 'returned_at': 205059.71856052402}}, 'head_dir_fsync': {'spec': {'target': {'module': 'vipe_benchmark.s1_progress', 'operation': 'fsync_dir'}, 'successor': {'module': 'vipe_benchmark.s1_progress', 'operation': 'record'}}, 'target': [{'role': 'target', 'operation': 'fsync_dir', 'entered': 205060.034478607, 'stage': 'head_directory_fsync', 'completed': True, 'exited': 205060.034478607}], 'successor': [{'role': 'successor', 'operation': 'record', 'entered': 205060.034478607, 'stage': 'head_directory_fsync', 'completed': True, 'exited': 205060.034478607}], 'predecessor': {'operation': 'head_install/replace', 'entered_before': 201490.12972398, 'returned_at': 205060.034478607}}, 'final_head_read': {'spec': {'target': {'module': 'vipe_benchmark.s1_progress', 'operation': 'read_record'}, 'successor': {'module': 'vipe_benchmark.s1_progress', 'operation': 'read_record'}}, 'target': [{'role': 'target', 'operation': 'read_record', 'entered': 205060.344624262, 'stage': 'final_head_read', 'completed': True, 'exited': 205060.344624262}], 'successor': [{'role': 'successor', 'operation': 'read_record', 'entered': 205060.344624262, 'stage': 'final_generation_read', 'completed': True, 'exited': 205060.344624262}], 'predecessor': {'operation': 'head_directory_fsync/record', 'entered_before': 201490.440774283, 'returned_at': 205060.344624262}}, 'final_generation_read': {'spec': {'target': {'module': 'vipe_benchmark.s1_progress', 'operation': 'read_record'}, 'successor': {'module': 'vipe_benchmark.s1_progress', 'operation': 'encode'}}, 'target': [{'role': 'target', 'operation': 'read_record', 'entered': 205060.666259066, 'stage': 'final_generation_read', 'completed': True, 'exited': 205060.666259066}], 'successor': [{'role': 'successor', 'operation': 'encode', 'entered': 205060.666259066, 'stage': 'final_generation_read', 'completed': True, 'exited': 205060.666259066}], 'predecessor': {'operation': 'final_head_read/read_record', 'entered_before': 201490.769206617, 'returned_at': 205060.666259066}}, 'notice_send': {'spec': {'target': {'operation': 'publisher.sendto'}, 'successor': {'module': 'vipe_benchmark.s1_progress', 'operation': 'receive'}}, 'target': [{'role': 'target', 'operation': 'sendto', 'entered': 205060.98675378002, 'stage': 'notice_send', 'completed': True, 'exited': 205060.98675378002}], 'successor': [{'role': 'successor', 'operation': 'receive', 'entered': 205060.98675378002, 'stage': 'notice_receive', 'completed': True, 'exited': 205060.98675378002}, {'role': 'successor', 'operation': 'receive', 'entered': 205060.98675378002, 'stage': 'ack_receipt', 'completed': True, 'exited': 205060.98675378002}], 'predecessor': {'operation': 's1-progress-notice/v1/encode', 'entered_before': 205060.73775378, 'returned_at': 205060.98675378002}}, 'owner_retention': {'spec': {'target': {'module': 'RetainedProgress', 'operation': 'acknowledge'}, 'successor': {'module': 'RetainedProgress', 'operation': 'retain'}}, 'target': [{'role': 'target', 'operation': 'acknowledge', 'entered': 205061.327087962, 'stage': 'retention:after', 'completed': True, 'exited': 205061.327087962}], 'successor': [{'role': 'successor', 'operation': 'retain', 'entered': 205061.327087962, 'stage': 'retention:after', 'completed': True, 'exited': 205061.327087962}], 'predecessor': {'operation': 's1-progress-ack/v1/encode', 'entered_before': 205061.078087962, 'returned_at': 205061.327087962}}, 'ack_send': {'spec': {'target': {'operation': 'owner.sendto'}, 'successor': {'module': 'vipe_benchmark.s1_progress', 'operation': 'receive'}}, 'target': [{'role': 'target', 'operation': 'sendto', 'entered': 205061.65069886902, 'stage': 'ack_send', 'completed': True, 'exited': 205061.65069886902}], 'successor': [{'role': 'successor', 'operation': 'receive', 'entered': 205061.65069886902, 'stage': 'ack_receipt', 'completed': True, 'exited': 205061.65069886902}], 'predecessor': {'operation': 'RetainedProgress.retain', 'entered_before': 205061.401698869, 'returned_at': 205061.65069886902}}, 'ack_receipt': {'spec': {'target': {'operation': 'ack_correlation', 'stage': 'ack_receipt:after'}, 'successor': {'operation': 'Publisher._publish diagnostics encode', 'stage': 'ack_receipt:after', 'after_target': True}, 'unrelated': {'operation': 'encode', 'classification': 'separately_recorded_not_successor'}}, 'target': [{'role': 'target', 'operation': 'ack_correlation', 'entered': 205061.974036289, 'stage': 'ack_receipt:after', 'completed': True, 'exited': 205061.974036289}], 'successor': [{'role': 'successor', 'operation': 'encode', 'stage': 'ack_receipt:after', 'publisher_diagnostics': True, 'after_target': True, 'entered': 205061.974036289, 'completed': True, 'exited': 205061.974036289}], 'predecessor': {'operation': 'matching_ack_receive', 'entered_before': 205061.725036289, 'returned_at': 205061.974036289}}, 'array_npy': {'spec': {'target': {'module': 'numpy', 'operation': 'save'}, 'successor': {'module': 'DeadlineSink', 'operation': 'write'}}, 'target': [{'role': 'target', 'operation': 'save', 'entered': 205062.292857235, 'stage': '', 'completed': True, 'exited': 205062.292857235}], 'successor': [{'role': 'successor', 'operation': 'write', 'entered': 205062.292857235, 'stage': '', 'completed': True, 'exited': 205062.292857235}, {'role': 'successor', 'operation': 'write', 'entered': 205062.292857235, 'stage': '', 'completed': True, 'exited': 205062.292857235}], 'predecessor': {'operation': 'array_unbuffered_open_return', 'entered_before': 201492.388947454, 'returned_at': 205062.292857235}}, 'array_png': {'spec': {'target': {'module': 'cv2', 'operation': 'imencode'}, 'successor': {'module': 'vipe_benchmark.s1_progress', 'operation': 'write_exclusive'}}, 'target': [{'role': 'target', 'operation': 'imencode', 'entered': 205062.58515175202, 'stage': '', 'completed': True, 'exited': 205062.58515175202}], 'successor': [{'role': 'successor', 'operation': 'write_exclusive', 'entered': 205062.58515175202, 'stage': '', 'completed': True, 'exited': 205062.58515175202}], 'predecessor': {'operation': 'png_destination_stat_return', 'entered_before': 201492.682041929, 'returned_at': 205062.58515175202}}, 'npz_member': {'spec': {'target': {'module': 'ZipFile', 'operation': 'open'}, 'successor': {'module': 'numpy.lib.format', 'operation': 'write_array'}}, 'target': [{'role': 'target', 'operation': 'open', 'entered': 205062.879309087, 'stage': '', 'completed': True, 'exited': 205062.879309087}], 'successor': [{'role': 'successor', 'operation': 'write_array', 'entered': 205062.879309087, 'stage': '', 'completed': True, 'exited': 205062.879309087}], 'predecessor': {'operation': 'second_npz_array_conversion_return_before_member_open', 'entered_before': 201492.974526143, 'returned_at': 205062.879309087}}, 'npz_finalize': {'spec': {'target': {'module': 'ZipFile', 'operation': 'close'}, 'successor': {'module': 'DeadlineSink', 'operation': 'write'}}, 'target': [{'role': 'target', 'operation': 'close', 'entered': 205063.172045599, 'stage': '', 'completed': True, 'exited': 205063.172045599}], 'successor': [{'role': 'successor', 'operation': 'write', 'entered': 205063.172045599, 'stage': '', 'completed': True, 'exited': 205063.172045599}, {'role': 'successor', 'operation': 'write', 'entered': 205063.172045599, 'stage': '', 'completed': True, 'exited': 205063.172045599}, {'role': 'successor', 'operation': 'write', 'entered': 205063.172045599, 'stage': '', 'completed': True, 'exited': 205063.172045599}, {'role': 'successor', 'operation': 'write', 'entered': 205063.172045599, 'stage': '', 'completed': True, 'exited': 205063.172045599}, {'role': 'successor', 'operation': 'write', 'entered': 205063.172045599, 'stage': '', 'completed': True, 'exited': 205063.172045599}, {'role': 'successor', 'operation': 'write', 'entered': 205063.172045599, 'stage': '', 'completed': True, 'exited': 205063.172045599}, {'role': 'successor', 'operation': 'write', 'entered': 205063.172045599, 'stage': '', 'completed': True, 'exited': 205063.172045599}, {'role': 'successor', 'operation': 'write', 'entered': 205063.172045599, 'stage': '', 'completed': True, 'exited': 205063.172045599}, {'role': 'successor', 'operation': 'write', 'entered': 205063.172045599, 'stage': '', 'completed': True, 'exited': 205063.172045599}, {'role': 'successor', 'operation': 'write', 'entered': 205063.172045599, 'stage': '', 'completed': True, 'exited': 205063.172045599}], 'predecessor': {'operation': 'npz_member_2_close_return', 'entered_before': 201493.270005687, 'returned_at': 205063.172045599}}, 'array_hash': {'spec': {'target': {'module': 'vipe_benchmark.s1_progress', 'operation': 'checked_file_record'}, 'successor': {'module': 'vipe_benchmark.s1_progress', 'operation': 'read_bytes'}}, 'target': [{'role': 'target', 'operation': 'checked_file_record', 'entered': 205063.46881351, 'stage': '', 'completed': True, 'exited': 205063.46881351}], 'successor': [{'role': 'successor', 'operation': 'read_bytes', 'entered': 205063.46881351, 'stage': '', 'completed': True, 'exited': 205063.46881351}], 'predecessor': {'operation': 'array_normal_close_return_before_hash', 'entered_before': 201493.564065563, 'returned_at': 205063.46881351}}, 'produced_json': {'spec': {'target': {'module': 'vipe_benchmark.s1_progress', 'operation': 'encode'}, 'successor': {'module': 'vipe_benchmark.s1_progress', 'operation': 'write_exclusive'}}, 'target': [{'role': 'target', 'operation': 'encode', 'entered': 205063.766895423, 'stage': '', 'completed': True, 'exited': 205063.766895423}, {'role': 'target', 'operation': 'encode', 'entered': 205063.766895423, 'stage': '', 'completed': True, 'exited': 205063.766895423}, {'role': 'target', 'operation': 'encode', 'entered': 205063.766895423, 'stage': '', 'completed': True, 'exited': 205063.766895423}, {'role': 'target', 'operation': 'encode', 'entered': 205063.766895423, 'stage': '', 'completed': True, 'exited': 205063.766895423}], 'successor': [{'role': 'successor', 'operation': 'write_exclusive', 'entered': 205063.766895423, 'stage': '', 'completed': True, 'exited': 205063.766895423}], 'predecessor': {'operation': 'input_manifest_read_and_parse_return', 'entered_before': 201493.861918636, 'returned_at': 205063.766895423}}, 'produced_read': {'spec': {'target': {'module': 'vipe_benchmark.s1_progress', 'operation': 'read_record'}, 'successor': {'module': 'vipe_benchmark.s1_evidence', 'operation': 'produced_row'}}, 'target': [{'role': 'target', 'operation': 'read_record', 'entered': 205064.210944333, 'stage': '', 'completed': True, 'exited': 205064.210944333}], 'successor': [{'role': 'successor', 'operation': 'produced_row', 'entered': 205064.210944333, 'stage': '', 'completed': True, 'exited': 205064.210944333}], 'predecessor': {'operation': 'produced_row_durable_write_return', 'entered_before': 201494.304838577, 'returned_at': 205064.210944333}}, 'produced_guard': {'spec': {'target': {'module': 'vipe_benchmark.s1_evidence', 'operation': 'produced_row'}, 'successor': {'module': 'Publisher', 'operation': 'seal'}}, 'target': [{'role': 'target', 'operation': 'produced_row', 'entered': 205064.620275411, 'stage': '', 'completed': True, 'exited': 205064.620275411}], 'successor': [{'role': 'successor', 'operation': 'seal', 'entered': 205064.620275411, 'stage': '', 'completed': True, 'exited': 205064.620275411}, {'role': 'successor', 'operation': 'seal', 'entered': 205064.620275411, 'stage': '', 'completed': True, 'exited': 205064.620275411}], 'predecessor': {'operation': 'produced_row_read_hash_parse_return', 'entered_before': 201494.718771085, 'returned_at': 205064.620275411}}, 'qualified_guard': {'spec': {'target': {'module': 'vipe_benchmark.s1_evidence', 'operation': 'qualify_row'}, 'successor': {'module': 'vipe_benchmark.s1_progress', 'operation': 'write_exclusive'}}, 'target': [{'role': 'target', 'operation': 'qualify_row', 'entered': 205065.03271004802, 'stage': '', 'completed': True, 'exited': 205065.03271004802}], 'successor': [{'role': 'successor', 'operation': 'write_exclusive', 'entered': 205065.03271004802, 'stage': '', 'completed': True, 'exited': 205065.03271004802}], 'predecessor': {'operation': 'produced_guard_seal_ack_return', 'entered_before': 201495.125544209, 'returned_at': 205065.03271004802}}, 'first_guard': {'spec': {'target': {'module': 'vipe_benchmark.s1_evidence', 'operation': 'verify_first'}, 'successor': {'module': 'vipe_benchmark.s1_evidence', 'operation': 'qualify_runtime'}}, 'target': [{'role': 'target', 'operation': 'verify_first', 'entered': 205065.50332280202, 'stage': '', 'completed': True, 'exited': 205065.50332280202}], 'successor': [{'role': 'successor', 'operation': 'qualify_runtime', 'entered': 205065.50332280202, 'stage': '', 'completed': True, 'exited': 205065.50332280202}], 'predecessor': {'operation': 'first_metadata_read_parse_return', 'entered_before': 201495.596769649, 'returned_at': 205065.50332280202}}, 'runtime_guard': {'spec': {'target': {'module': 'vipe_benchmark.s1_evidence', 'operation': 'qualify_runtime'}, 'successor': {'module': 'vipe_benchmark.s1_recovery', 'operation': 'strict_record'}}, 'target': [{'role': 'target', 'operation': 'qualify_runtime', 'entered': 205066.53995992002, 'stage': '', 'completed': True, 'exited': 205066.53995992002}], 'successor': [{'role': 'successor', 'operation': 'strict_record', 'entered': 205066.53995992002, 'stage': '', 'completed': True, 'exited': 205066.53995992002}, {'role': 'successor', 'operation': 'strict_record', 'entered': 205066.53995992002, 'stage': '', 'completed': True, 'exited': 205066.53995992002}, {'role': 'successor', 'operation': 'strict_record', 'entered': 205066.53995992002, 'stage': '', 'completed': True, 'exited': 205066.53995992002}, {'role': 'successor', 'operation': 'strict_record', 'entered': 205066.53995992002, 'stage': '', 'completed': True, 'exited': 205066.53995992002}, {'role': 'successor', 'operation': 'strict_record', 'entered': 205066.53995992002, 'stage': '', 'completed': True, 'exited': 205066.53995992002}, {'role': 'successor', 'operation': 'strict_record', 'entered': 205066.53995992002, 'stage': '', 'completed': True, 'exited': 205066.53995992002}, {'role': 'successor', 'operation': 'strict_record', 'entered': 205066.53995992002, 'stage': '', 'completed': True, 'exited': 205066.53995992002}, {'role': 'successor', 'operation': 'strict_record', 'entered': 205066.53995992002, 'stage': '', 'completed': True, 'exited': 205066.53995992002}, {'role': 'successor', 'operation': 'strict_record', 'entered': 205066.53995992002, 'stage': '', 'completed': True, 'exited': 205066.53995992002}, {'role': 'successor', 'operation': 'strict_record', 'entered': 205066.53995992002, 'stage': '', 'completed': True, 'exited': 205066.53995992002}, {'role': 'successor', 'operation': 'strict_record', 'entered': 205066.53995992002, 'stage': '', 'completed': True, 'exited': 205066.53995992002}, {'role': 'successor', 'operation': 'strict_record', 'entered': 205066.53995992002, 'stage': '', 'completed': True, 'exited': 205066.53995992002}, {'role': 'successor', 'operation': 'strict_record', 'entered': 205066.53995992002, 'stage': '', 'completed': True, 'exited': 205066.53995992002}, {'role': 'successor', 'operation': 'strict_record', 'entered': 205066.53995992002, 'stage': '', 'completed': True, 'exited': 205066.53995992002}, {'role': 'successor', 'operation': 'strict_record', 'entered': 205066.53995992002, 'stage': '', 'completed': True, 'exited': 205066.53995992002}, {'role': 'successor', 'operation': 'strict_record', 'entered': 205066.53995992002, 'stage': '', 'completed': True, 'exited': 205066.53995992002}, {'role': 'successor', 'operation': 'strict_record', 'entered': 205066.53995992002, 'stage': '', 'completed': True, 'exited': 205066.53995992002}, {'role': 'successor', 'operation': 'strict_record', 'entered': 205066.53995992002, 'stage': '', 'completed': True, 'exited': 205066.53995992002}, {'role': 'successor', 'operation': 'strict_record', 'entered': 205066.53995992002, 'stage': '', 'completed': True, 'exited': 205066.53995992002}, {'role': 'successor', 'operation': 'strict_record', 'entered': 205066.53995992002, 'stage': '', 'completed': True, 'exited': 205066.53995992002}, {'role': 'successor', 'operation': 'strict_record', 'entered': 205066.53995992002, 'stage': '', 'completed': True, 'exited': 205066.53995992002}, {'role': 'successor', 'operation': 'strict_record', 'entered': 205066.53995992002, 'stage': '', 'completed': True, 'exited': 205066.53995992002}, {'role': 'successor', 'operation': 'strict_record', 'entered': 205066.53995992002, 'stage': '', 'completed': True, 'exited': 205066.53995992002}, {'role': 'successor', 'operation': 'strict_record', 'entered': 205066.53995992002, 'stage': '', 'completed': True, 'exited': 205066.53995992002}, {'role': 'successor', 'operation': 'strict_record', 'entered': 205066.53995992002, 'stage': '', 'completed': True, 'exited': 205066.53995992002}], 'predecessor': {'operation': 'runtime_metadata_read_parse_return', 'entered_before': 201496.634650541, 'returned_at': 205066.53995992002}}, 'reuse_after_read': {'spec': {'target': {'module': 'vipe_benchmark.s1_evidence', 'operation': 'verify_first'}, 'successor': {'module': 'vipe_benchmark.s1_evidence', 'operation': 'qualify_runtime'}}, 'target': [{'role': 'target', 'operation': 'verify_first', 'entered': 205067.044026259, 'stage': '', 'completed': True, 'exited': 205067.044026259}, {'role': 'target', 'operation': 'verify_first', 'entered': 205067.044026259, 'stage': '', 'completed': True, 'exited': 205067.044026259}], 'successor': [{'role': 'successor', 'operation': 'qualify_runtime', 'entered': 205067.044026259, 'stage': '', 'completed': True, 'exited': 205067.044026259}, {'role': 'successor', 'operation': 'qualify_runtime', 'entered': 205067.044026259, 'stage': '', 'completed': True, 'exited': 205067.044026259}], 'predecessor': {'operation': 'first_metadata_read_parse_return', 'entered_before': 201497.133035104, 'returned_at': 205067.044026259}}, 'cleanup_next_array': {'spec': {'target': {'module': 'numpy', 'operation': 'asanyarray'}, 'successor': {'module': 'ZipFile', 'operation': 'open'}}, 'target': [{'role': 'target', 'operation': 'asanyarray', 'entered': 205068.102739797, 'stage': '', 'completed': True, 'exited': 205068.102739797}], 'successor': [{'role': 'successor', 'operation': 'open', 'entered': 205068.102739797, 'stage': '', 'completed': True, 'exited': 205068.102739797}], 'predecessor': {'operation': 'npz_member_1_close_return', 'entered_before': 201498.195826986, 'returned_at': 205068.102739797}}, 'accept_after_read': {'spec': {'target': {'module': 'vipe_benchmark.s1_evidence', 'operation': 'validate_result'}, 'successor': {'module': 'vipe_benchmark.s1_evidence', 'operation': 'verify_first'}}, 'target': [{'role': 'target', 'operation': 'validate_result', 'entered': 205068.810783936, 'stage': '', 'completed': True, 'exited': 205068.810783936}], 'successor': [{'role': 'successor', 'operation': 'verify_first', 'entered': 205068.810783936, 'stage': '', 'completed': True, 'exited': 205068.810783936}], 'predecessor': {'operation': 'accepted_request_read_parse_return', 'entered_before': 201498.487864821, 'returned_at': 205068.810783936}}, 'complete_after_read': {'spec': {'target': {'module': 'vipe_benchmark.s1_evidence', 'operation': 'evidence_counts'}, 'successor': {'module': 'vipe_benchmark.s1_evidence', 'operation': 'qualify_runtime'}}, 'target': [{'role': 'target', 'operation': 'evidence_counts', 'entered': 205068.810783936, 'stage': '', 'completed': True, 'exited': 205068.810783936}], 'successor': [{'role': 'successor', 'operation': 'qualify_runtime', 'entered': 205068.810783936, 'stage': '', 'completed': True, 'exited': 205068.810783936}, {'role': 'successor', 'operation': 'qualify_runtime', 'entered': 205068.810783936, 'stage': '', 'completed': True, 'exited': 205068.810783936}], 'predecessor': {'operation': 'acceptance_metadata_read_parse_return', 'entered_before': 201519.504179661, 'returned_at': 205068.810783936}}, 'next_input': {'spec': {'target': {'operation': 'load_rgb(frame62)'}, 'successor': {'operation': 'frame62 valid/native/raw'}}, 'target': [{'operation': 'load_rgb(frame62)', 'entered': 201635.958166424, 'completed': True, 'exited': 201635.958166424}], 'successor': [{'operation': 'frame62_valid_array', 'entered': 201635.958166424, 'record': {'path': '/tmp/tmprmwdv4qi/valid.npy', 'sha256': 'a67cf6012a57f3530aeb9524b85e40171bfb0fcdaa6dbc66e95356a30dcfc6a3', 'bytes': 518528}, 'context': 'second_input_validation'}], 'predecessor': {'operation': 'segment_frame50_print_return_before_frame62', 'entered_before': 201569.459166424, 'returned_at': 201635.958166424}}}

======================================================================
FAIL: test_progress_plan047_deadline_steps (test_vipe_benchmark_supervisor.HelperSessionTests.test_progress_plan047_deadline_steps) (operation='worker_popen', when='after')
----------------------------------------------------------------------
Traceback (most recent call last):
  File "/home/auss/git_repos/samaust/Experiments_4DGS/tests/test_vipe_benchmark_supervisor.py", line 3891, in test_progress_plan047_deadline_steps
    self.assertIn(name,before_controls)
    ~~~~~~~~~~~~~^^^^^^^^^^^^^^^^^^^^^^
AssertionError: 'worker_popen' not found in {'checkpoint_write': {'spec': {'target': {'operation': 'write', 'stage': 'write', 'phase': 'checkpoint'}, 'successor': {'operation': 'flush', 'stage': 'flush', 'phase': 'checkpoint'}}, 'target': [{'role': 'target', 'operation': 'write', 'stage': 'write', 'entered': 205055.69485184102, 'completed': True, 'exited': 205055.69485184102}], 'successor': [{'role': 'successor', 'operation': 'flush', 'stage': 'flush', 'entered': 205055.69485184102, 'completed': True, 'exited': 205055.69485184102}], 'predecessor': {'operation': 'checkpoint/fdopen', 'entered_before': 201485.788323063, 'returned_at': 205055.69485184102}}, 'checkpoint_flush': {'spec': {'target': {'operation': 'flush', 'stage': 'flush', 'phase': 'checkpoint'}, 'successor': {'operation': 'fsync', 'stage': 'file_fsync', 'phase': 'checkpoint'}}, 'target': [{'role': 'target', 'operation': 'flush', 'stage': 'flush', 'entered': 205055.993581915, 'completed': True, 'exited': 205055.993581915}], 'successor': [{'role': 'successor', 'operation': 'fsync', 'stage': 'file_fsync', 'entered': 205055.993581915, 'completed': True, 'exited': 205055.993581915}], 'predecessor': {'operation': 'write/write', 'entered_before': 201486.089375939, 'returned_at': 205055.993581915}}, 'checkpoint_fsync': {'spec': {'target': {'operation': 'fsync', 'stage': 'file_fsync', 'phase': 'checkpoint'}, 'successor': {'operation': 'close', 'stage': 'close', 'phase': 'checkpoint'}}, 'target': [{'role': 'target', 'operation': 'fsync', 'stage': 'file_fsync', 'entered': 205056.295550384, 'completed': True, 'exited': 205056.295550384}], 'successor': [{'role': 'successor', 'operation': 'close', 'stage': 'close', 'entered': 205056.295550384, 'completed': True, 'exited': 205056.295550384}], 'predecessor': {'operation': 'flush/flush', 'entered_before': 201486.390423929, 'returned_at': 205056.295550384}}, 'checkpoint_close': {'spec': {'target': {'operation': 'close', 'stage': 'close', 'phase': 'checkpoint'}, 'successor': {'operation': 'read_bytes', 'stage': 'close_readback', 'phase': 'checkpoint'}}, 'target': [{'role': 'target', 'operation': 'close', 'stage': 'close', 'entered': 205056.59744646502, 'completed': True, 'exited': 205056.59744646502}], 'successor': [{'role': 'successor', 'operation': 'read_bytes', 'stage': 'close_readback', 'entered': 205056.59744646502, 'completed': True, 'exited': 205056.59744646502}], 'predecessor': {'operation': 'file_fsync/fsync', 'entered_before': 201486.696799724, 'returned_at': 205056.59744646502}}, 'checkpoint_readback': {'spec': {'target': {'operation': 'read_bytes', 'stage': 'close_readback', 'phase': 'checkpoint'}, 'successor': {'operation': 'record', 'stage': 'close_readback', 'phase': 'checkpoint'}}, 'target': [{'role': 'target', 'operation': 'read_bytes', 'stage': 'close_readback', 'entered': 205056.90403096302, 'completed': True, 'exited': 205056.90403096302}], 'successor': [{'role': 'successor', 'operation': 'record', 'stage': 'close_readback', 'entered': 205056.90403096302, 'completed': True, 'exited': 205056.90403096302}], 'predecessor': {'operation': 'close/close', 'entered_before': 201486.999182048, 'returned_at': 205056.90403096302}}, 'head_write': {'spec': {'target': {'operation': 'write', 'stage': 'write', 'phase': 'head'}, 'successor': {'operation': 'flush', 'stage': 'flush', 'phase': 'head'}}, 'target': [{'role': 'target', 'operation': 'write', 'stage': 'write', 'entered': 205057.205933621, 'completed': True, 'exited': 205057.205933621}], 'successor': [{'role': 'successor', 'operation': 'flush', 'stage': 'flush', 'entered': 205057.205933621, 'completed': True, 'exited': 205057.205933621}], 'predecessor': {'operation': 'head/fdopen', 'entered_before': 201487.301193586, 'returned_at': 205057.205933621}}, 'head_flush': {'spec': {'target': {'operation': 'flush', 'stage': 'flush', 'phase': 'head'}, 'successor': {'operation': 'fsync', 'stage': 'file_fsync', 'phase': 'head'}}, 'target': [{'role': 'target', 'operation': 'flush', 'stage': 'flush', 'entered': 205057.521293772, 'completed': True, 'exited': 205057.521293772}], 'successor': [{'role': 'successor', 'operation': 'fsync', 'stage': 'file_fsync', 'entered': 205057.521293772, 'completed': True, 'exited': 205057.521293772}], 'predecessor': {'operation': 'write/write', 'entered_before': 201487.617844413, 'returned_at': 205057.521293772}}, 'head_fsync': {'spec': {'target': {'operation': 'fsync', 'stage': 'file_fsync', 'phase': 'head'}, 'successor': {'operation': 'close', 'stage': 'close', 'phase': 'head'}}, 'target': [{'role': 'target', 'operation': 'fsync', 'stage': 'file_fsync', 'entered': 205057.832263605, 'completed': True, 'exited': 205057.832263605}], 'successor': [{'role': 'successor', 'operation': 'close', 'stage': 'close', 'entered': 205057.832263605, 'completed': True, 'exited': 205057.832263605}], 'predecessor': {'operation': 'flush/flush', 'entered_before': 201487.928553803, 'returned_at': 205057.832263605}}, 'head_close': {'spec': {'target': {'operation': 'close', 'stage': 'close', 'phase': 'head'}, 'successor': {'operation': 'read_bytes', 'stage': 'close_readback', 'phase': 'head'}}, 'target': [{'role': 'target', 'operation': 'close', 'stage': 'close', 'entered': 205058.14452037902, 'completed': True, 'exited': 205058.14452037902}], 'successor': [{'role': 'successor', 'operation': 'read_bytes', 'stage': 'close_readback', 'entered': 205058.14452037902, 'completed': True, 'exited': 205058.14452037902}], 'predecessor': {'operation': 'file_fsync/fsync', 'entered_before': 201488.24076206, 'returned_at': 205058.14452037902}}, 'head_readback': {'spec': {'target': {'operation': 'read_bytes', 'stage': 'close_readback', 'phase': 'head'}, 'successor': {'operation': 'record', 'stage': 'close_readback', 'phase': 'head'}}, 'target': [{'role': 'target', 'operation': 'read_bytes', 'stage': 'close_readback', 'entered': 205058.47777576902, 'completed': True, 'exited': 205058.47777576902}], 'successor': [{'role': 'successor', 'operation': 'record', 'stage': 'close_readback', 'entered': 205058.47777576902, 'completed': True, 'exited': 205058.47777576902}], 'predecessor': {'operation': 'close/close', 'entered_before': 201488.574839434, 'returned_at': 205058.47777576902}}, 'generation_install': {'spec': {'target': {'module': 'os', 'operation': 'link'}, 'successor': {'module': 'os', 'operation': 'unlink'}}, 'target': [{'role': 'target', 'operation': 'link', 'entered': 205058.792831674, 'stage': 'generation_install', 'completed': True, 'exited': 205058.792831674}], 'successor': [{'role': 'successor', 'operation': 'unlink', 'entered': 205058.792831674, 'stage': 'generation_install', 'completed': True, 'exited': 205058.792831674}], 'predecessor': {'operation': '/tmp/tmpyruk3x_w/30/jobs/S1-progress-f916c98fb2534820aaecc1e95a6ab8f0/worker/checkpoint.tmp/durable_write_return', 'entered_before': 201488.891222926, 'returned_at': 205058.792831674}}, 'generation_dir_fsync': {'spec': {'target': {'module': 'vipe_benchmark.s1_progress', 'operation': 'fsync_dir'}, 'successor': {'module': 'vipe_benchmark.s1_progress', 'operation': 'record'}}, 'target': [{'role': 'target', 'operation': 'fsync_dir', 'entered': 205059.100822033, 'stage': 'generation_directory_fsync', 'completed': True, 'exited': 205059.100822033}], 'successor': [{'role': 'successor', 'operation': 'record', 'entered': 205059.100822033, 'stage': 'generation_directory_fsync', 'completed': True, 'exited': 205059.100822033}], 'predecessor': {'operation': 'generation_install/unlink', 'entered_before': 201489.194903798, 'returned_at': 205059.100822033}}, 'generation_reopen_hash': {'spec': {'target': {'module': 'vipe_benchmark.s1_progress', 'operation': 'read_record'}, 'successor': {'module': 'vipe_benchmark.s1_progress', 'operation': 'encode'}}, 'target': [{'role': 'target', 'operation': 'read_record', 'entered': 205059.407745717, 'stage': 'generation_reopen_hash', 'completed': True, 'exited': 205059.407745717}], 'successor': [{'role': 'successor', 'operation': 'encode', 'entered': 205059.407745717, 'stage': 'generation_reopen_hash', 'completed': True, 'exited': 205059.407745717}], 'predecessor': {'operation': 'generation_directory_fsync/record', 'entered_before': 201489.50278062, 'returned_at': 205059.407745717}}, 'head_install': {'spec': {'target': {'module': 'os', 'operation': 'replace'}, 'successor': {'module': 'vipe_benchmark.s1_progress', 'operation': 'fsync_dir'}}, 'target': [{'role': 'target', 'operation': 'replace', 'entered': 205059.71856052402, 'stage': 'head_install', 'completed': True, 'exited': 205059.71856052402}], 'successor': [{'role': 'successor', 'operation': 'fsync_dir', 'entered': 205059.71856052402, 'stage': 'head_directory_fsync', 'completed': True, 'exited': 205059.71856052402}], 'predecessor': {'operation': '/tmp/tmpyruk3x_w/39/jobs/S1-progress-eb025b8de001440caaa48dc38cf38f5a/worker/head.tmp/durable_write_return', 'entered_before': 201489.817226322, 'returned_at': 205059.71856052402}}, 'head_dir_fsync': {'spec': {'target': {'module': 'vipe_benchmark.s1_progress', 'operation': 'fsync_dir'}, 'successor': {'module': 'vipe_benchmark.s1_progress', 'operation': 'record'}}, 'target': [{'role': 'target', 'operation': 'fsync_dir', 'entered': 205060.034478607, 'stage': 'head_directory_fsync', 'completed': True, 'exited': 205060.034478607}], 'successor': [{'role': 'successor', 'operation': 'record', 'entered': 205060.034478607, 'stage': 'head_directory_fsync', 'completed': True, 'exited': 205060.034478607}], 'predecessor': {'operation': 'head_install/replace', 'entered_before': 201490.12972398, 'returned_at': 205060.034478607}}, 'final_head_read': {'spec': {'target': {'module': 'vipe_benchmark.s1_progress', 'operation': 'read_record'}, 'successor': {'module': 'vipe_benchmark.s1_progress', 'operation': 'read_record'}}, 'target': [{'role': 'target', 'operation': 'read_record', 'entered': 205060.344624262, 'stage': 'final_head_read', 'completed': True, 'exited': 205060.344624262}], 'successor': [{'role': 'successor', 'operation': 'read_record', 'entered': 205060.344624262, 'stage': 'final_generation_read', 'completed': True, 'exited': 205060.344624262}], 'predecessor': {'operation': 'head_directory_fsync/record', 'entered_before': 201490.440774283, 'returned_at': 205060.344624262}}, 'final_generation_read': {'spec': {'target': {'module': 'vipe_benchmark.s1_progress', 'operation': 'read_record'}, 'successor': {'module': 'vipe_benchmark.s1_progress', 'operation': 'encode'}}, 'target': [{'role': 'target', 'operation': 'read_record', 'entered': 205060.666259066, 'stage': 'final_generation_read', 'completed': True, 'exited': 205060.666259066}], 'successor': [{'role': 'successor', 'operation': 'encode', 'entered': 205060.666259066, 'stage': 'final_generation_read', 'completed': True, 'exited': 205060.666259066}], 'predecessor': {'operation': 'final_head_read/read_record', 'entered_before': 201490.769206617, 'returned_at': 205060.666259066}}, 'notice_send': {'spec': {'target': {'operation': 'publisher.sendto'}, 'successor': {'module': 'vipe_benchmark.s1_progress', 'operation': 'receive'}}, 'target': [{'role': 'target', 'operation': 'sendto', 'entered': 205060.98675378002, 'stage': 'notice_send', 'completed': True, 'exited': 205060.98675378002}], 'successor': [{'role': 'successor', 'operation': 'receive', 'entered': 205060.98675378002, 'stage': 'notice_receive', 'completed': True, 'exited': 205060.98675378002}, {'role': 'successor', 'operation': 'receive', 'entered': 205060.98675378002, 'stage': 'ack_receipt', 'completed': True, 'exited': 205060.98675378002}], 'predecessor': {'operation': 's1-progress-notice/v1/encode', 'entered_before': 205060.73775378, 'returned_at': 205060.98675378002}}, 'owner_retention': {'spec': {'target': {'module': 'RetainedProgress', 'operation': 'acknowledge'}, 'successor': {'module': 'RetainedProgress', 'operation': 'retain'}}, 'target': [{'role': 'target', 'operation': 'acknowledge', 'entered': 205061.327087962, 'stage': 'retention:after', 'completed': True, 'exited': 205061.327087962}], 'successor': [{'role': 'successor', 'operation': 'retain', 'entered': 205061.327087962, 'stage': 'retention:after', 'completed': True, 'exited': 205061.327087962}], 'predecessor': {'operation': 's1-progress-ack/v1/encode', 'entered_before': 205061.078087962, 'returned_at': 205061.327087962}}, 'ack_send': {'spec': {'target': {'operation': 'owner.sendto'}, 'successor': {'module': 'vipe_benchmark.s1_progress', 'operation': 'receive'}}, 'target': [{'role': 'target', 'operation': 'sendto', 'entered': 205061.65069886902, 'stage': 'ack_send', 'completed': True, 'exited': 205061.65069886902}], 'successor': [{'role': 'successor', 'operation': 'receive', 'entered': 205061.65069886902, 'stage': 'ack_receipt', 'completed': True, 'exited': 205061.65069886902}], 'predecessor': {'operation': 'RetainedProgress.retain', 'entered_before': 205061.401698869, 'returned_at': 205061.65069886902}}, 'ack_receipt': {'spec': {'target': {'operation': 'ack_correlation', 'stage': 'ack_receipt:after'}, 'successor': {'operation': 'Publisher._publish diagnostics encode', 'stage': 'ack_receipt:after', 'after_target': True}, 'unrelated': {'operation': 'encode', 'classification': 'separately_recorded_not_successor'}}, 'target': [{'role': 'target', 'operation': 'ack_correlation', 'entered': 205061.974036289, 'stage': 'ack_receipt:after', 'completed': True, 'exited': 205061.974036289}], 'successor': [{'role': 'successor', 'operation': 'encode', 'stage': 'ack_receipt:after', 'publisher_diagnostics': True, 'after_target': True, 'entered': 205061.974036289, 'completed': True, 'exited': 205061.974036289}], 'predecessor': {'operation': 'matching_ack_receive', 'entered_before': 205061.725036289, 'returned_at': 205061.974036289}}, 'array_npy': {'spec': {'target': {'module': 'numpy', 'operation': 'save'}, 'successor': {'module': 'DeadlineSink', 'operation': 'write'}}, 'target': [{'role': 'target', 'operation': 'save', 'entered': 205062.292857235, 'stage': '', 'completed': True, 'exited': 205062.292857235}], 'successor': [{'role': 'successor', 'operation': 'write', 'entered': 205062.292857235, 'stage': '', 'completed': True, 'exited': 205062.292857235}, {'role': 'successor', 'operation': 'write', 'entered': 205062.292857235, 'stage': '', 'completed': True, 'exited': 205062.292857235}], 'predecessor': {'operation': 'array_unbuffered_open_return', 'entered_before': 201492.388947454, 'returned_at': 205062.292857235}}, 'array_png': {'spec': {'target': {'module': 'cv2', 'operation': 'imencode'}, 'successor': {'module': 'vipe_benchmark.s1_progress', 'operation': 'write_exclusive'}}, 'target': [{'role': 'target', 'operation': 'imencode', 'entered': 205062.58515175202, 'stage': '', 'completed': True, 'exited': 205062.58515175202}], 'successor': [{'role': 'successor', 'operation': 'write_exclusive', 'entered': 205062.58515175202, 'stage': '', 'completed': True, 'exited': 205062.58515175202}], 'predecessor': {'operation': 'png_destination_stat_return', 'entered_before': 201492.682041929, 'returned_at': 205062.58515175202}}, 'npz_member': {'spec': {'target': {'module': 'ZipFile', 'operation': 'open'}, 'successor': {'module': 'numpy.lib.format', 'operation': 'write_array'}}, 'target': [{'role': 'target', 'operation': 'open', 'entered': 205062.879309087, 'stage': '', 'completed': True, 'exited': 205062.879309087}], 'successor': [{'role': 'successor', 'operation': 'write_array', 'entered': 205062.879309087, 'stage': '', 'completed': True, 'exited': 205062.879309087}], 'predecessor': {'operation': 'second_npz_array_conversion_return_before_member_open', 'entered_before': 201492.974526143, 'returned_at': 205062.879309087}}, 'npz_finalize': {'spec': {'target': {'module': 'ZipFile', 'operation': 'close'}, 'successor': {'module': 'DeadlineSink', 'operation': 'write'}}, 'target': [{'role': 'target', 'operation': 'close', 'entered': 205063.172045599, 'stage': '', 'completed': True, 'exited': 205063.172045599}], 'successor': [{'role': 'successor', 'operation': 'write', 'entered': 205063.172045599, 'stage': '', 'completed': True, 'exited': 205063.172045599}, {'role': 'successor', 'operation': 'write', 'entered': 205063.172045599, 'stage': '', 'completed': True, 'exited': 205063.172045599}, {'role': 'successor', 'operation': 'write', 'entered': 205063.172045599, 'stage': '', 'completed': True, 'exited': 205063.172045599}, {'role': 'successor', 'operation': 'write', 'entered': 205063.172045599, 'stage': '', 'completed': True, 'exited': 205063.172045599}, {'role': 'successor', 'operation': 'write', 'entered': 205063.172045599, 'stage': '', 'completed': True, 'exited': 205063.172045599}, {'role': 'successor', 'operation': 'write', 'entered': 205063.172045599, 'stage': '', 'completed': True, 'exited': 205063.172045599}, {'role': 'successor', 'operation': 'write', 'entered': 205063.172045599, 'stage': '', 'completed': True, 'exited': 205063.172045599}, {'role': 'successor', 'operation': 'write', 'entered': 205063.172045599, 'stage': '', 'completed': True, 'exited': 205063.172045599}, {'role': 'successor', 'operation': 'write', 'entered': 205063.172045599, 'stage': '', 'completed': True, 'exited': 205063.172045599}, {'role': 'successor', 'operation': 'write', 'entered': 205063.172045599, 'stage': '', 'completed': True, 'exited': 205063.172045599}], 'predecessor': {'operation': 'npz_member_2_close_return', 'entered_before': 201493.270005687, 'returned_at': 205063.172045599}}, 'array_hash': {'spec': {'target': {'module': 'vipe_benchmark.s1_progress', 'operation': 'checked_file_record'}, 'successor': {'module': 'vipe_benchmark.s1_progress', 'operation': 'read_bytes'}}, 'target': [{'role': 'target', 'operation': 'checked_file_record', 'entered': 205063.46881351, 'stage': '', 'completed': True, 'exited': 205063.46881351}], 'successor': [{'role': 'successor', 'operation': 'read_bytes', 'entered': 205063.46881351, 'stage': '', 'completed': True, 'exited': 205063.46881351}], 'predecessor': {'operation': 'array_normal_close_return_before_hash', 'entered_before': 201493.564065563, 'returned_at': 205063.46881351}}, 'produced_json': {'spec': {'target': {'module': 'vipe_benchmark.s1_progress', 'operation': 'encode'}, 'successor': {'module': 'vipe_benchmark.s1_progress', 'operation': 'write_exclusive'}}, 'target': [{'role': 'target', 'operation': 'encode', 'entered': 205063.766895423, 'stage': '', 'completed': True, 'exited': 205063.766895423}, {'role': 'target', 'operation': 'encode', 'entered': 205063.766895423, 'stage': '', 'completed': True, 'exited': 205063.766895423}, {'role': 'target', 'operation': 'encode', 'entered': 205063.766895423, 'stage': '', 'completed': True, 'exited': 205063.766895423}, {'role': 'target', 'operation': 'encode', 'entered': 205063.766895423, 'stage': '', 'completed': True, 'exited': 205063.766895423}], 'successor': [{'role': 'successor', 'operation': 'write_exclusive', 'entered': 205063.766895423, 'stage': '', 'completed': True, 'exited': 205063.766895423}], 'predecessor': {'operation': 'input_manifest_read_and_parse_return', 'entered_before': 201493.861918636, 'returned_at': 205063.766895423}}, 'produced_read': {'spec': {'target': {'module': 'vipe_benchmark.s1_progress', 'operation': 'read_record'}, 'successor': {'module': 'vipe_benchmark.s1_evidence', 'operation': 'produced_row'}}, 'target': [{'role': 'target', 'operation': 'read_record', 'entered': 205064.210944333, 'stage': '', 'completed': True, 'exited': 205064.210944333}], 'successor': [{'role': 'successor', 'operation': 'produced_row', 'entered': 205064.210944333, 'stage': '', 'completed': True, 'exited': 205064.210944333}], 'predecessor': {'operation': 'produced_row_durable_write_return', 'entered_before': 201494.304838577, 'returned_at': 205064.210944333}}, 'produced_guard': {'spec': {'target': {'module': 'vipe_benchmark.s1_evidence', 'operation': 'produced_row'}, 'successor': {'module': 'Publisher', 'operation': 'seal'}}, 'target': [{'role': 'target', 'operation': 'produced_row', 'entered': 205064.620275411, 'stage': '', 'completed': True, 'exited': 205064.620275411}], 'successor': [{'role': 'successor', 'operation': 'seal', 'entered': 205064.620275411, 'stage': '', 'completed': True, 'exited': 205064.620275411}, {'role': 'successor', 'operation': 'seal', 'entered': 205064.620275411, 'stage': '', 'completed': True, 'exited': 205064.620275411}], 'predecessor': {'operation': 'produced_row_read_hash_parse_return', 'entered_before': 201494.718771085, 'returned_at': 205064.620275411}}, 'qualified_guard': {'spec': {'target': {'module': 'vipe_benchmark.s1_evidence', 'operation': 'qualify_row'}, 'successor': {'module': 'vipe_benchmark.s1_progress', 'operation': 'write_exclusive'}}, 'target': [{'role': 'target', 'operation': 'qualify_row', 'entered': 205065.03271004802, 'stage': '', 'completed': True, 'exited': 205065.03271004802}], 'successor': [{'role': 'successor', 'operation': 'write_exclusive', 'entered': 205065.03271004802, 'stage': '', 'completed': True, 'exited': 205065.03271004802}], 'predecessor': {'operation': 'produced_guard_seal_ack_return', 'entered_before': 201495.125544209, 'returned_at': 205065.03271004802}}, 'first_guard': {'spec': {'target': {'module': 'vipe_benchmark.s1_evidence', 'operation': 'verify_first'}, 'successor': {'module': 'vipe_benchmark.s1_evidence', 'operation': 'qualify_runtime'}}, 'target': [{'role': 'target', 'operation': 'verify_first', 'entered': 205065.50332280202, 'stage': '', 'completed': True, 'exited': 205065.50332280202}], 'successor': [{'role': 'successor', 'operation': 'qualify_runtime', 'entered': 205065.50332280202, 'stage': '', 'completed': True, 'exited': 205065.50332280202}], 'predecessor': {'operation': 'first_metadata_read_parse_return', 'entered_before': 201495.596769649, 'returned_at': 205065.50332280202}}, 'runtime_guard': {'spec': {'target': {'module': 'vipe_benchmark.s1_evidence', 'operation': 'qualify_runtime'}, 'successor': {'module': 'vipe_benchmark.s1_recovery', 'operation': 'strict_record'}}, 'target': [{'role': 'target', 'operation': 'qualify_runtime', 'entered': 205066.53995992002, 'stage': '', 'completed': True, 'exited': 205066.53995992002}], 'successor': [{'role': 'successor', 'operation': 'strict_record', 'entered': 205066.53995992002, 'stage': '', 'completed': True, 'exited': 205066.53995992002}, {'role': 'successor', 'operation': 'strict_record', 'entered': 205066.53995992002, 'stage': '', 'completed': True, 'exited': 205066.53995992002}, {'role': 'successor', 'operation': 'strict_record', 'entered': 205066.53995992002, 'stage': '', 'completed': True, 'exited': 205066.53995992002}, {'role': 'successor', 'operation': 'strict_record', 'entered': 205066.53995992002, 'stage': '', 'completed': True, 'exited': 205066.53995992002}, {'role': 'successor', 'operation': 'strict_record', 'entered': 205066.53995992002, 'stage': '', 'completed': True, 'exited': 205066.53995992002}, {'role': 'successor', 'operation': 'strict_record', 'entered': 205066.53995992002, 'stage': '', 'completed': True, 'exited': 205066.53995992002}, {'role': 'successor', 'operation': 'strict_record', 'entered': 205066.53995992002, 'stage': '', 'completed': True, 'exited': 205066.53995992002}, {'role': 'successor', 'operation': 'strict_record', 'entered': 205066.53995992002, 'stage': '', 'completed': True, 'exited': 205066.53995992002}, {'role': 'successor', 'operation': 'strict_record', 'entered': 205066.53995992002, 'stage': '', 'completed': True, 'exited': 205066.53995992002}, {'role': 'successor', 'operation': 'strict_record', 'entered': 205066.53995992002, 'stage': '', 'completed': True, 'exited': 205066.53995992002}, {'role': 'successor', 'operation': 'strict_record', 'entered': 205066.53995992002, 'stage': '', 'completed': True, 'exited': 205066.53995992002}, {'role': 'successor', 'operation': 'strict_record', 'entered': 205066.53995992002, 'stage': '', 'completed': True, 'exited': 205066.53995992002}, {'role': 'successor', 'operation': 'strict_record', 'entered': 205066.53995992002, 'stage': '', 'completed': True, 'exited': 205066.53995992002}, {'role': 'successor', 'operation': 'strict_record', 'entered': 205066.53995992002, 'stage': '', 'completed': True, 'exited': 205066.53995992002}, {'role': 'successor', 'operation': 'strict_record', 'entered': 205066.53995992002, 'stage': '', 'completed': True, 'exited': 205066.53995992002}, {'role': 'successor', 'operation': 'strict_record', 'entered': 205066.53995992002, 'stage': '', 'completed': True, 'exited': 205066.53995992002}, {'role': 'successor', 'operation': 'strict_record', 'entered': 205066.53995992002, 'stage': '', 'completed': True, 'exited': 205066.53995992002}, {'role': 'successor', 'operation': 'strict_record', 'entered': 205066.53995992002, 'stage': '', 'completed': True, 'exited': 205066.53995992002}, {'role': 'successor', 'operation': 'strict_record', 'entered': 205066.53995992002, 'stage': '', 'completed': True, 'exited': 205066.53995992002}, {'role': 'successor', 'operation': 'strict_record', 'entered': 205066.53995992002, 'stage': '', 'completed': True, 'exited': 205066.53995992002}, {'role': 'successor', 'operation': 'strict_record', 'entered': 205066.53995992002, 'stage': '', 'completed': True, 'exited': 205066.53995992002}, {'role': 'successor', 'operation': 'strict_record', 'entered': 205066.53995992002, 'stage': '', 'completed': True, 'exited': 205066.53995992002}, {'role': 'successor', 'operation': 'strict_record', 'entered': 205066.53995992002, 'stage': '', 'completed': True, 'exited': 205066.53995992002}, {'role': 'successor', 'operation': 'strict_record', 'entered': 205066.53995992002, 'stage': '', 'completed': True, 'exited': 205066.53995992002}, {'role': 'successor', 'operation': 'strict_record', 'entered': 205066.53995992002, 'stage': '', 'completed': True, 'exited': 205066.53995992002}], 'predecessor': {'operation': 'runtime_metadata_read_parse_return', 'entered_before': 201496.634650541, 'returned_at': 205066.53995992002}}, 'reuse_after_read': {'spec': {'target': {'module': 'vipe_benchmark.s1_evidence', 'operation': 'verify_first'}, 'successor': {'module': 'vipe_benchmark.s1_evidence', 'operation': 'qualify_runtime'}}, 'target': [{'role': 'target', 'operation': 'verify_first', 'entered': 205067.044026259, 'stage': '', 'completed': True, 'exited': 205067.044026259}, {'role': 'target', 'operation': 'verify_first', 'entered': 205067.044026259, 'stage': '', 'completed': True, 'exited': 205067.044026259}], 'successor': [{'role': 'successor', 'operation': 'qualify_runtime', 'entered': 205067.044026259, 'stage': '', 'completed': True, 'exited': 205067.044026259}, {'role': 'successor', 'operation': 'qualify_runtime', 'entered': 205067.044026259, 'stage': '', 'completed': True, 'exited': 205067.044026259}], 'predecessor': {'operation': 'first_metadata_read_parse_return', 'entered_before': 201497.133035104, 'returned_at': 205067.044026259}}, 'cleanup_next_array': {'spec': {'target': {'module': 'numpy', 'operation': 'asanyarray'}, 'successor': {'module': 'ZipFile', 'operation': 'open'}}, 'target': [{'role': 'target', 'operation': 'asanyarray', 'entered': 205068.102739797, 'stage': '', 'completed': True, 'exited': 205068.102739797}], 'successor': [{'role': 'successor', 'operation': 'open', 'entered': 205068.102739797, 'stage': '', 'completed': True, 'exited': 205068.102739797}], 'predecessor': {'operation': 'npz_member_1_close_return', 'entered_before': 201498.195826986, 'returned_at': 205068.102739797}}, 'accept_after_read': {'spec': {'target': {'module': 'vipe_benchmark.s1_evidence', 'operation': 'validate_result'}, 'successor': {'module': 'vipe_benchmark.s1_evidence', 'operation': 'verify_first'}}, 'target': [{'role': 'target', 'operation': 'validate_result', 'entered': 205068.810783936, 'stage': '', 'completed': True, 'exited': 205068.810783936}], 'successor': [{'role': 'successor', 'operation': 'verify_first', 'entered': 205068.810783936, 'stage': '', 'completed': True, 'exited': 205068.810783936}], 'predecessor': {'operation': 'accepted_request_read_parse_return', 'entered_before': 201498.487864821, 'returned_at': 205068.810783936}}, 'complete_after_read': {'spec': {'target': {'module': 'vipe_benchmark.s1_evidence', 'operation': 'evidence_counts'}, 'successor': {'module': 'vipe_benchmark.s1_evidence', 'operation': 'qualify_runtime'}}, 'target': [{'role': 'target', 'operation': 'evidence_counts', 'entered': 205068.810783936, 'stage': '', 'completed': True, 'exited': 205068.810783936}], 'successor': [{'role': 'successor', 'operation': 'qualify_runtime', 'entered': 205068.810783936, 'stage': '', 'completed': True, 'exited': 205068.810783936}, {'role': 'successor', 'operation': 'qualify_runtime', 'entered': 205068.810783936, 'stage': '', 'completed': True, 'exited': 205068.810783936}], 'predecessor': {'operation': 'acceptance_metadata_read_parse_return', 'entered_before': 201519.504179661, 'returned_at': 205068.810783936}}, 'next_input': {'spec': {'target': {'operation': 'load_rgb(frame62)'}, 'successor': {'operation': 'frame62 valid/native/raw'}}, 'target': [{'operation': 'load_rgb(frame62)', 'entered': 201635.958166424, 'completed': True, 'exited': 201635.958166424}], 'successor': [{'operation': 'frame62_valid_array', 'entered': 201635.958166424, 'record': {'path': '/tmp/tmprmwdv4qi/valid.npy', 'sha256': 'a67cf6012a57f3530aeb9524b85e40171bfb0fcdaa6dbc66e95356a30dcfc6a3', 'bytes': 518528}, 'context': 'second_input_validation'}], 'predecessor': {'operation': 'segment_frame50_print_return_before_frame62', 'entered_before': 201569.459166424, 'returned_at': 201635.958166424}}}

======================================================================
FAIL: test_child_survival_invalidates_parent_success_and_is_cleaned_up (test_vipe_benchmark_supervisor.SupervisorTests.test_child_survival_invalidates_parent_success_and_is_cleaned_up)
----------------------------------------------------------------------
Traceback (most recent call last):
  File "/home/auss/git_repos/samaust/Experiments_4DGS/scripts/vipe_benchmark/supervisor.py", line 446, in supervise
    process = create_owned_process('supervisor worker',subprocess.Popen,command, deadline=run_deadline if is_s1 else None, stdout=log, stderr=subprocess.STDOUT,
                               start_new_session=True, env=env)
  File "/home/auss/git_repos/samaust/Experiments_4DGS/scripts/vipe_benchmark/s1_helper_session.py", line 1583, in create_owned_process
    observed=predispatch_owned(event)
  File "/home/auss/git_repos/samaust/Experiments_4DGS/scripts/vipe_benchmark/s1_helper_session.py", line 1572, in predispatch_owned
    observed=owned_workload(os.environ['S1_OWNED_ROOT_NOTE'])
  File "/home/auss/git_repos/samaust/Experiments_4DGS/scripts/vipe_benchmark/s1_helper_session.py", line 1886, in owned_workload
    no_timeout_launch(dict(path=str(note_path),bytes=len(raw),sha256=hashlib.sha256(raw).hexdigest()),anchor['directory'],diagnostic=note['kind']=='diagnostic')
    ~~~~~~~~~~~~~~~~~^^^^^^^^^^^^^^^^^^^^^^^^^^^^^^^^^^^^^^^^^^^^^^^^^^^^^^^^^^^^^^^^^^^^^^^^^^^^^^^^^^^^^^^^^^^^^^^^^^^^^^^^^^^^^^^^^^^^^^^^^^^^^^^^^^^^^^^^^^^
  File "/home/auss/git_repos/samaust/Experiments_4DGS/scripts/vipe_benchmark/s1_validation_contract.py", line 802, in no_timeout_launch
    validate_job_ledger(note,proof)
    ~~~~~~~~~~~~~~~~~~~^^^^^^^^^^^^
  File "/home/auss/git_repos/samaust/Experiments_4DGS/scripts/vipe_benchmark/s1_validation_contract.py", line 497, in validate_job_ledger
    require(creator['pid'] in (note['ownership_root']['pid'],runner_pid),'root created by driver or runner')
    ~~~~~~~^^^^^^^^^^^^^^^^^^^^^^^^^^^^^^^^^^^^^^^^^^^^^^^^^^^^^^^^^^^^^^^^^^^^^^^^^^^^^^^^^^^^^^^^^^^^^^^^^
  File "/home/auss/git_repos/samaust/Experiments_4DGS/scripts/vipe_benchmark/s1_validation_contract.py", line 30, in require
    raise ValueError(message)
ValueError: root created by driver or runner

The above exception was the direct cause of the following exception:

vipe_benchmark.supervisor.SupervisionFailure: ValueError: root created by driver or runner

During handling of the above exception, another exception occurred:

Traceback (most recent call last):
  File "/home/auss/git_repos/samaust/Experiments_4DGS/tests/test_vipe_benchmark_supervisor.py", line 88, in test_child_survival_invalidates_parent_success_and_is_cleaned_up
    with self.assertRaisesRegex(RuntimeError, 'live child'):
         ~~~~~~~~~~~~~~~~~~~~~~^^^^^^^^^^^^^^^^^^^^^^^^^^^^
AssertionError: "live child" does not match "ValueError: root created by driver or runner"

======================================================================
FAIL: test_foreign_gpu_pid_still_fails_and_preserves_ownership_evidence (test_vipe_benchmark_supervisor.SupervisorTests.test_foreign_gpu_pid_still_fails_and_preserves_ownership_evidence)
----------------------------------------------------------------------
Traceback (most recent call last):
  File "/home/auss/git_repos/samaust/Experiments_4DGS/scripts/vipe_benchmark/supervisor.py", line 446, in supervise
    process = create_owned_process('supervisor worker',subprocess.Popen,command, deadline=run_deadline if is_s1 else None, stdout=log, stderr=subprocess.STDOUT,
                               start_new_session=True, env=env)
  File "/home/auss/git_repos/samaust/Experiments_4DGS/scripts/vipe_benchmark/s1_helper_session.py", line 1583, in create_owned_process
    observed=predispatch_owned(event)
  File "/home/auss/git_repos/samaust/Experiments_4DGS/scripts/vipe_benchmark/s1_helper_session.py", line 1572, in predispatch_owned
    observed=owned_workload(os.environ['S1_OWNED_ROOT_NOTE'])
  File "/home/auss/git_repos/samaust/Experiments_4DGS/scripts/vipe_benchmark/s1_helper_session.py", line 1886, in owned_workload
    no_timeout_launch(dict(path=str(note_path),bytes=len(raw),sha256=hashlib.sha256(raw).hexdigest()),anchor['directory'],diagnostic=note['kind']=='diagnostic')
    ~~~~~~~~~~~~~~~~~^^^^^^^^^^^^^^^^^^^^^^^^^^^^^^^^^^^^^^^^^^^^^^^^^^^^^^^^^^^^^^^^^^^^^^^^^^^^^^^^^^^^^^^^^^^^^^^^^^^^^^^^^^^^^^^^^^^^^^^^^^^^^^^^^^^^^^^^^^^
  File "/home/auss/git_repos/samaust/Experiments_4DGS/scripts/vipe_benchmark/s1_validation_contract.py", line 802, in no_timeout_launch
    validate_job_ledger(note,proof)
    ~~~~~~~~~~~~~~~~~~~^^^^^^^^^^^^
  File "/home/auss/git_repos/samaust/Experiments_4DGS/scripts/vipe_benchmark/s1_validation_contract.py", line 497, in validate_job_ledger
    require(creator['pid'] in (note['ownership_root']['pid'],runner_pid),'root created by driver or runner')
    ~~~~~~~^^^^^^^^^^^^^^^^^^^^^^^^^^^^^^^^^^^^^^^^^^^^^^^^^^^^^^^^^^^^^^^^^^^^^^^^^^^^^^^^^^^^^^^^^^^^^^^^^
  File "/home/auss/git_repos/samaust/Experiments_4DGS/scripts/vipe_benchmark/s1_validation_contract.py", line 30, in require
    raise ValueError(message)
ValueError: root created by driver or runner

The above exception was the direct cause of the following exception:

vipe_benchmark.supervisor.SupervisionFailure: ValueError: root created by driver or runner

During handling of the above exception, another exception occurred:

Traceback (most recent call last):
  File "/home/auss/git_repos/samaust/Experiments_4DGS/tests/test_vipe_benchmark_supervisor.py", line 166, in test_foreign_gpu_pid_still_fails_and_preserves_ownership_evidence
    with self.assertRaisesRegex(SupervisionFailure, 'exclusive GPU access lost'):
         ~~~~~~~~~~~~~~~~~~~~~~^^^^^^^^^^^^^^^^^^^^^^^^^^^^^^^^^^^^^^^^^^^^^^^^^
AssertionError: "exclusive GPU access lost" does not match "ValueError: root created by driver or runner"

======================================================================
FAIL: test_interruption_cleans_owned_process_group (test_vipe_benchmark_supervisor.SupervisorTests.test_interruption_cleans_owned_process_group)
----------------------------------------------------------------------
Traceback (most recent call last):
  File "/home/auss/git_repos/samaust/Experiments_4DGS/scripts/vipe_benchmark/supervisor.py", line 446, in supervise
    process = create_owned_process('supervisor worker',subprocess.Popen,command, deadline=run_deadline if is_s1 else None, stdout=log, stderr=subprocess.STDOUT,
                               start_new_session=True, env=env)
  File "/home/auss/git_repos/samaust/Experiments_4DGS/scripts/vipe_benchmark/s1_helper_session.py", line 1583, in create_owned_process
    observed=predispatch_owned(event)
  File "/home/auss/git_repos/samaust/Experiments_4DGS/scripts/vipe_benchmark/s1_helper_session.py", line 1572, in predispatch_owned
    observed=owned_workload(os.environ['S1_OWNED_ROOT_NOTE'])
  File "/home/auss/git_repos/samaust/Experiments_4DGS/scripts/vipe_benchmark/s1_helper_session.py", line 1886, in owned_workload
    no_timeout_launch(dict(path=str(note_path),bytes=len(raw),sha256=hashlib.sha256(raw).hexdigest()),anchor['directory'],diagnostic=note['kind']=='diagnostic')
    ~~~~~~~~~~~~~~~~~^^^^^^^^^^^^^^^^^^^^^^^^^^^^^^^^^^^^^^^^^^^^^^^^^^^^^^^^^^^^^^^^^^^^^^^^^^^^^^^^^^^^^^^^^^^^^^^^^^^^^^^^^^^^^^^^^^^^^^^^^^^^^^^^^^^^^^^^^^^
  File "/home/auss/git_repos/samaust/Experiments_4DGS/scripts/vipe_benchmark/s1_validation_contract.py", line 802, in no_timeout_launch
    validate_job_ledger(note,proof)
    ~~~~~~~~~~~~~~~~~~~^^^^^^^^^^^^
  File "/home/auss/git_repos/samaust/Experiments_4DGS/scripts/vipe_benchmark/s1_validation_contract.py", line 497, in validate_job_ledger
    require(creator['pid'] in (note['ownership_root']['pid'],runner_pid),'root created by driver or runner')
    ~~~~~~~^^^^^^^^^^^^^^^^^^^^^^^^^^^^^^^^^^^^^^^^^^^^^^^^^^^^^^^^^^^^^^^^^^^^^^^^^^^^^^^^^^^^^^^^^^^^^^^^^
  File "/home/auss/git_repos/samaust/Experiments_4DGS/scripts/vipe_benchmark/s1_validation_contract.py", line 30, in require
    raise ValueError(message)
ValueError: root created by driver or runner

The above exception was the direct cause of the following exception:

vipe_benchmark.supervisor.SupervisionFailure: ValueError: root created by driver or runner

During handling of the above exception, another exception occurred:

Traceback (most recent call last):
  File "/home/auss/git_repos/samaust/Experiments_4DGS/tests/test_vipe_benchmark_supervisor.py", line 114, in test_interruption_cleans_owned_process_group
    with self.assertRaisesRegex(RuntimeError, 'InterruptedError'):
         ~~~~~~~~~~~~~~~~~~~~~~^^^^^^^^^^^^^^^^^^^^^^^^^^^^^^^^^^
AssertionError: "InterruptedError" does not match "ValueError: root created by driver or runner"

======================================================================
FAIL: test_missing_result_and_nonzero_exit_consume_attempts (test_vipe_benchmark_supervisor.SupervisorTests.test_missing_result_and_nonzero_exit_consume_attempts)
----------------------------------------------------------------------
Traceback (most recent call last):
  File "/home/auss/git_repos/samaust/Experiments_4DGS/scripts/vipe_benchmark/supervisor.py", line 446, in supervise
    process = create_owned_process('supervisor worker',subprocess.Popen,command, deadline=run_deadline if is_s1 else None, stdout=log, stderr=subprocess.STDOUT,
                               start_new_session=True, env=env)
  File "/home/auss/git_repos/samaust/Experiments_4DGS/scripts/vipe_benchmark/s1_helper_session.py", line 1583, in create_owned_process
    observed=predispatch_owned(event)
  File "/home/auss/git_repos/samaust/Experiments_4DGS/scripts/vipe_benchmark/s1_helper_session.py", line 1572, in predispatch_owned
    observed=owned_workload(os.environ['S1_OWNED_ROOT_NOTE'])
  File "/home/auss/git_repos/samaust/Experiments_4DGS/scripts/vipe_benchmark/s1_helper_session.py", line 1886, in owned_workload
    no_timeout_launch(dict(path=str(note_path),bytes=len(raw),sha256=hashlib.sha256(raw).hexdigest()),anchor['directory'],diagnostic=note['kind']=='diagnostic')
    ~~~~~~~~~~~~~~~~~^^^^^^^^^^^^^^^^^^^^^^^^^^^^^^^^^^^^^^^^^^^^^^^^^^^^^^^^^^^^^^^^^^^^^^^^^^^^^^^^^^^^^^^^^^^^^^^^^^^^^^^^^^^^^^^^^^^^^^^^^^^^^^^^^^^^^^^^^^^
  File "/home/auss/git_repos/samaust/Experiments_4DGS/scripts/vipe_benchmark/s1_validation_contract.py", line 802, in no_timeout_launch
    validate_job_ledger(note,proof)
    ~~~~~~~~~~~~~~~~~~~^^^^^^^^^^^^
  File "/home/auss/git_repos/samaust/Experiments_4DGS/scripts/vipe_benchmark/s1_validation_contract.py", line 497, in validate_job_ledger
    require(creator['pid'] in (note['ownership_root']['pid'],runner_pid),'root created by driver or runner')
    ~~~~~~~^^^^^^^^^^^^^^^^^^^^^^^^^^^^^^^^^^^^^^^^^^^^^^^^^^^^^^^^^^^^^^^^^^^^^^^^^^^^^^^^^^^^^^^^^^^^^^^^^
  File "/home/auss/git_repos/samaust/Experiments_4DGS/scripts/vipe_benchmark/s1_validation_contract.py", line 30, in require
    raise ValueError(message)
ValueError: root created by driver or runner

The above exception was the direct cause of the following exception:

vipe_benchmark.supervisor.SupervisionFailure: ValueError: root created by driver or runner

During handling of the above exception, another exception occurred:

Traceback (most recent call last):
  File "/home/auss/git_repos/samaust/Experiments_4DGS/tests/test_vipe_benchmark_supervisor.py", line 106, in test_missing_result_and_nonzero_exit_consume_attempts
    with self.assertRaisesRegex(RuntimeError, 'FileNotFoundError'):
         ~~~~~~~~~~~~~~~~~~~~~~^^^^^^^^^^^^^^^^^^^^^^^^^^^^^^^^^^^
AssertionError: "FileNotFoundError" does not match "ValueError: root created by driver or runner"

======================================================================
FAIL: test_simulated_memory_and_foreign_gpu_process (test_vipe_benchmark_supervisor.SupervisorTests.test_simulated_memory_and_foreign_gpu_process)
----------------------------------------------------------------------
Traceback (most recent call last):
  File "/home/auss/git_repos/samaust/Experiments_4DGS/scripts/vipe_benchmark/supervisor.py", line 446, in supervise
    process = create_owned_process('supervisor worker',subprocess.Popen,command, deadline=run_deadline if is_s1 else None, stdout=log, stderr=subprocess.STDOUT,
                               start_new_session=True, env=env)
  File "/home/auss/git_repos/samaust/Experiments_4DGS/scripts/vipe_benchmark/s1_helper_session.py", line 1583, in create_owned_process
    observed=predispatch_owned(event)
  File "/home/auss/git_repos/samaust/Experiments_4DGS/scripts/vipe_benchmark/s1_helper_session.py", line 1572, in predispatch_owned
    observed=owned_workload(os.environ['S1_OWNED_ROOT_NOTE'])
  File "/home/auss/git_repos/samaust/Experiments_4DGS/scripts/vipe_benchmark/s1_helper_session.py", line 1886, in owned_workload
    no_timeout_launch(dict(path=str(note_path),bytes=len(raw),sha256=hashlib.sha256(raw).hexdigest()),anchor['directory'],diagnostic=note['kind']=='diagnostic')
    ~~~~~~~~~~~~~~~~~^^^^^^^^^^^^^^^^^^^^^^^^^^^^^^^^^^^^^^^^^^^^^^^^^^^^^^^^^^^^^^^^^^^^^^^^^^^^^^^^^^^^^^^^^^^^^^^^^^^^^^^^^^^^^^^^^^^^^^^^^^^^^^^^^^^^^^^^^^^
  File "/home/auss/git_repos/samaust/Experiments_4DGS/scripts/vipe_benchmark/s1_validation_contract.py", line 802, in no_timeout_launch
    validate_job_ledger(note,proof)
    ~~~~~~~~~~~~~~~~~~~^^^^^^^^^^^^
  File "/home/auss/git_repos/samaust/Experiments_4DGS/scripts/vipe_benchmark/s1_validation_contract.py", line 497, in validate_job_ledger
    require(creator['pid'] in (note['ownership_root']['pid'],runner_pid),'root created by driver or runner')
    ~~~~~~~^^^^^^^^^^^^^^^^^^^^^^^^^^^^^^^^^^^^^^^^^^^^^^^^^^^^^^^^^^^^^^^^^^^^^^^^^^^^^^^^^^^^^^^^^^^^^^^^^
  File "/home/auss/git_repos/samaust/Experiments_4DGS/scripts/vipe_benchmark/s1_validation_contract.py", line 30, in require
    raise ValueError(message)
ValueError: root created by driver or runner

The above exception was the direct cause of the following exception:

vipe_benchmark.supervisor.SupervisionFailure: ValueError: root created by driver or runner

During handling of the above exception, another exception occurred:

Traceback (most recent call last):
  File "/home/auss/git_repos/samaust/Experiments_4DGS/tests/test_vipe_benchmark_supervisor.py", line 138, in test_simulated_memory_and_foreign_gpu_process
    with self.assertRaisesRegex(SupervisionFailure, 'memory ceiling') as failure:
         ~~~~~~~~~~~~~~~~~~~~~~^^^^^^^^^^^^^^^^^^^^^^^^^^^^^^^^^^^^^^
AssertionError: "memory ceiling" does not match "ValueError: root created by driver or runner"

======================================================================
FAIL: test_simulated_storage_cap_stops_worker (test_vipe_benchmark_supervisor.SupervisorTests.test_simulated_storage_cap_stops_worker)
----------------------------------------------------------------------
Traceback (most recent call last):
  File "/home/auss/git_repos/samaust/Experiments_4DGS/scripts/vipe_benchmark/supervisor.py", line 446, in supervise
    process = create_owned_process('supervisor worker',subprocess.Popen,command, deadline=run_deadline if is_s1 else None, stdout=log, stderr=subprocess.STDOUT,
                               start_new_session=True, env=env)
  File "/home/auss/git_repos/samaust/Experiments_4DGS/scripts/vipe_benchmark/s1_helper_session.py", line 1583, in create_owned_process
    observed=predispatch_owned(event)
  File "/home/auss/git_repos/samaust/Experiments_4DGS/scripts/vipe_benchmark/s1_helper_session.py", line 1572, in predispatch_owned
    observed=owned_workload(os.environ['S1_OWNED_ROOT_NOTE'])
  File "/home/auss/git_repos/samaust/Experiments_4DGS/scripts/vipe_benchmark/s1_helper_session.py", line 1886, in owned_workload
    no_timeout_launch(dict(path=str(note_path),bytes=len(raw),sha256=hashlib.sha256(raw).hexdigest()),anchor['directory'],diagnostic=note['kind']=='diagnostic')
    ~~~~~~~~~~~~~~~~~^^^^^^^^^^^^^^^^^^^^^^^^^^^^^^^^^^^^^^^^^^^^^^^^^^^^^^^^^^^^^^^^^^^^^^^^^^^^^^^^^^^^^^^^^^^^^^^^^^^^^^^^^^^^^^^^^^^^^^^^^^^^^^^^^^^^^^^^^^^
  File "/home/auss/git_repos/samaust/Experiments_4DGS/scripts/vipe_benchmark/s1_validation_contract.py", line 802, in no_timeout_launch
    validate_job_ledger(note,proof)
    ~~~~~~~~~~~~~~~~~~~^^^^^^^^^^^^
  File "/home/auss/git_repos/samaust/Experiments_4DGS/scripts/vipe_benchmark/s1_validation_contract.py", line 497, in validate_job_ledger
    require(creator['pid'] in (note['ownership_root']['pid'],runner_pid),'root created by driver or runner')
    ~~~~~~~^^^^^^^^^^^^^^^^^^^^^^^^^^^^^^^^^^^^^^^^^^^^^^^^^^^^^^^^^^^^^^^^^^^^^^^^^^^^^^^^^^^^^^^^^^^^^^^^^
  File "/home/auss/git_repos/samaust/Experiments_4DGS/scripts/vipe_benchmark/s1_validation_contract.py", line 30, in require
    raise ValueError(message)
ValueError: root created by driver or runner

The above exception was the direct cause of the following exception:

vipe_benchmark.supervisor.SupervisionFailure: ValueError: root created by driver or runner

During handling of the above exception, another exception occurred:

Traceback (most recent call last):
  File "/home/auss/git_repos/samaust/Experiments_4DGS/tests/test_vipe_benchmark_supervisor.py", line 123, in test_simulated_storage_cap_stops_worker
    with self.assertRaisesRegex(RuntimeError, 'storage ceiling'):
         ~~~~~~~~~~~~~~~~~~~~~~^^^^^^^^^^^^^^^^^^^^^^^^^^^^^^^^^
AssertionError: "storage ceiling" does not match "ValueError: root created by driver or runner"

======================================================================
FAIL: test_timeout_kills_sigterm_ignoring_group_within_allocation (test_vipe_benchmark_supervisor.SupervisorTests.test_timeout_kills_sigterm_ignoring_group_within_allocation)
----------------------------------------------------------------------
Traceback (most recent call last):
  File "/home/auss/git_repos/samaust/Experiments_4DGS/scripts/vipe_benchmark/supervisor.py", line 446, in supervise
    process = create_owned_process('supervisor worker',subprocess.Popen,command, deadline=run_deadline if is_s1 else None, stdout=log, stderr=subprocess.STDOUT,
                               start_new_session=True, env=env)
  File "/home/auss/git_repos/samaust/Experiments_4DGS/scripts/vipe_benchmark/s1_helper_session.py", line 1583, in create_owned_process
    observed=predispatch_owned(event)
  File "/home/auss/git_repos/samaust/Experiments_4DGS/scripts/vipe_benchmark/s1_helper_session.py", line 1572, in predispatch_owned
    observed=owned_workload(os.environ['S1_OWNED_ROOT_NOTE'])
  File "/home/auss/git_repos/samaust/Experiments_4DGS/scripts/vipe_benchmark/s1_helper_session.py", line 1886, in owned_workload
    no_timeout_launch(dict(path=str(note_path),bytes=len(raw),sha256=hashlib.sha256(raw).hexdigest()),anchor['directory'],diagnostic=note['kind']=='diagnostic')
    ~~~~~~~~~~~~~~~~~^^^^^^^^^^^^^^^^^^^^^^^^^^^^^^^^^^^^^^^^^^^^^^^^^^^^^^^^^^^^^^^^^^^^^^^^^^^^^^^^^^^^^^^^^^^^^^^^^^^^^^^^^^^^^^^^^^^^^^^^^^^^^^^^^^^^^^^^^^^
  File "/home/auss/git_repos/samaust/Experiments_4DGS/scripts/vipe_benchmark/s1_validation_contract.py", line 802, in no_timeout_launch
    validate_job_ledger(note,proof)
    ~~~~~~~~~~~~~~~~~~~^^^^^^^^^^^^
  File "/home/auss/git_repos/samaust/Experiments_4DGS/scripts/vipe_benchmark/s1_validation_contract.py", line 497, in validate_job_ledger
    require(creator['pid'] in (note['ownership_root']['pid'],runner_pid),'root created by driver or runner')
    ~~~~~~~^^^^^^^^^^^^^^^^^^^^^^^^^^^^^^^^^^^^^^^^^^^^^^^^^^^^^^^^^^^^^^^^^^^^^^^^^^^^^^^^^^^^^^^^^^^^^^^^^
  File "/home/auss/git_repos/samaust/Experiments_4DGS/scripts/vipe_benchmark/s1_validation_contract.py", line 30, in require
    raise ValueError(message)
ValueError: root created by driver or runner

The above exception was the direct cause of the following exception:

vipe_benchmark.supervisor.SupervisionFailure: ValueError: root created by driver or runner

During handling of the above exception, another exception occurred:

Traceback (most recent call last):
  File "/home/auss/git_repos/samaust/Experiments_4DGS/tests/test_vipe_benchmark_supervisor.py", line 76, in test_timeout_kills_sigterm_ignoring_group_within_allocation
    with self.assertRaisesRegex(RuntimeError, 'deadline'):
         ~~~~~~~~~~~~~~~~~~~~~~^^^^^^^^^^^^^^^^^^^^^^^^^^
AssertionError: "deadline" does not match "ValueError: root created by driver or runner"

----------------------------------------------------------------------
Ran 101 tests in 162.436s

FAILED (failures=23, errors=45)
test_correct_hash_cannot_authorize_an_unlisted_input (test_vipe_benchmark_review_annotations.IntegrityTests.test_correct_hash_cannot_authorize_an_unlisted_input) ... ok
test_corrupt_file_and_validly_rehashed_footprint_corruption_are_rejected (test_vipe_benchmark_review_annotations.IntegrityTests.test_corrupt_file_and_validly_rehashed_footprint_corruption_are_rejected) ... ok
test_grid_and_empty_changing_layer_cannot_silently_change (test_vipe_benchmark_review_annotations.IntegrityTests.test_grid_and_empty_changing_layer_cannot_silently_change) ... ok
test_semantic_and_feature_uncertainty_cannot_be_promoted (test_vipe_benchmark_review_annotations.IntegrityTests.test_semantic_and_feature_uncertainty_cannot_be_promoted) ... ok
test_valid_proxy_preserves_unknowns_and_does_not_claim_visual_review (test_vipe_benchmark_review_annotations.IntegrityTests.test_valid_proxy_preserves_unknowns_and_does_not_claim_visual_review) ... ok
test_duplicate_pair_and_uncovered_visible_identity_are_rejected (test_vipe_benchmark_review_annotations.PairTests.test_duplicate_pair_and_uncovered_visible_identity_are_rejected) ... ok
test_atomic_exclusive_publication_never_replaces_existing_evidence (test_vipe_benchmark_review_annotations.PublicationTests.test_atomic_exclusive_publication_never_replaces_existing_evidence) ... ok
test_visual_claim_requires_actual_attestation_and_bound_inspected_file (test_vipe_benchmark_review_annotations.PublicationTests.test_visual_claim_requires_actual_attestation_and_bound_inspected_file) ... ok

----------------------------------------------------------------------
Ran 8 tests in 0.152s

OK
