test_assignment_survives_sam_and_pair_propagation (test_vipe_benchmark_s1_semantics.S1SemanticsTests.test_assignment_survives_sam_and_pair_propagation) ... ok
test_contract_rejects_missing_or_tampered_assignment (test_vipe_benchmark_s1_semantics.S1SemanticsTests.test_contract_rejects_missing_or_tampered_assignment) ... ok
test_empty_combined_disagreement_tie_and_subword_sum (test_vipe_benchmark_s1_semantics.S1SemanticsTests.test_empty_combined_disagreement_tie_and_subword_sum) ... ok
test_invalid_evidence_and_unamended_contract (test_vipe_benchmark_s1_semantics.S1SemanticsTests.test_invalid_evidence_and_unamended_contract) ... ok
test_native_query_alignment_and_full_evidence (test_vipe_benchmark_s1_semantics.S1SemanticsTests.test_native_query_alignment_and_full_evidence) ... ok

----------------------------------------------------------------------
Ran 5 tests in 0.014s

OK
test_collection_rereads_same_size_same_mtime (test_vipe_benchmark_s1_recovery.DeclarationCacheTests.test_collection_rereads_same_size_same_mtime) ... ok
test_collection_warm_cache_does_not_hide_deletion (test_vipe_benchmark_s1_recovery.DeclarationCacheTests.test_collection_warm_cache_does_not_hide_deletion) ... ok
test_exact_text_and_module_keys (test_vipe_benchmark_s1_recovery.DeclarationCacheTests.test_exact_text_and_module_keys) ... ok
test_invalid_inputs_are_not_cached (test_vipe_benchmark_s1_recovery.DeclarationCacheTests.test_invalid_inputs_are_not_cached) ... ok
test_lru_bound_and_eviction (test_vipe_benchmark_s1_recovery.DeclarationCacheTests.test_lru_bound_and_eviction) ... ok
test_repeated_exact_key_reuses_parse (test_vipe_benchmark_s1_recovery.DeclarationCacheTests.test_repeated_exact_key_reuses_parse) ... ok
test_returned_mutation_isolation (test_vipe_benchmark_s1_recovery.DeclarationCacheTests.test_returned_mutation_isolation) ... ok
test_alignment_layout_pre_forward_and_no_stale_capture (test_vipe_benchmark_s1_recovery.FailureEvidenceTests.test_alignment_layout_pre_forward_and_no_stale_capture) ... ok
test_first_result_failure_stops_before_second_input (test_vipe_benchmark_s1_recovery.FailureEvidenceTests.test_first_result_failure_stops_before_second_input) ... ok
test_direct_script_declaration_lookup (test_vipe_benchmark_s1_recovery.NumericalEnvelopeTests.test_direct_script_declaration_lookup) ... ok
test_produced_and_qualified_numerical_rows (test_vipe_benchmark_s1_recovery.NumericalEnvelopeTests.test_produced_and_qualified_numerical_rows) ... ok
test_sum_and_allocator_boundaries (test_vipe_benchmark_s1_recovery.NumericalEnvelopeTests.test_sum_and_allocator_boundaries) ... ok
test_terminal_and_resolver_numerical_mutations (test_vipe_benchmark_s1_recovery.NumericalEnvelopeTests.test_terminal_and_resolver_numerical_mutations) ... ok
test_typed_numerical_fields (test_vipe_benchmark_s1_recovery.NumericalEnvelopeTests.test_typed_numerical_fields) ... ok
test_accounting_mutations (test_vipe_benchmark_s1_recovery.ReceiptContractTests.test_accounting_mutations) ... ok
test_artifact_record_matrix (test_vipe_benchmark_s1_recovery.ReceiptContractTests.test_artifact_record_matrix) ... ok
test_binding_mutations (test_vipe_benchmark_s1_recovery.ReceiptContractTests.test_binding_mutations) ... ok
test_callback_mutations (test_vipe_benchmark_s1_recovery.ReceiptContractTests.test_callback_mutations) ... ok
test_cleanup_uses_callers_phase_deadline_with_fixture_cap (test_vipe_benchmark_s1_recovery.ReceiptContractTests.test_cleanup_uses_callers_phase_deadline_with_fixture_cap) ... ok
test_declaration_parser_mutations (test_vipe_benchmark_s1_recovery.ReceiptContractTests.test_declaration_parser_mutations) ... ok
test_execution_mutations (test_vipe_benchmark_s1_recovery.ReceiptContractTests.test_execution_mutations) ... ok
test_legacy_receipts_rejected (test_vipe_benchmark_s1_recovery.ReceiptContractTests.test_legacy_receipts_rejected) ... ok
test_nested_job_creator_requires_live_registered_incarnation (test_vipe_benchmark_s1_recovery.ReceiptContractTests.test_nested_job_creator_requires_live_registered_incarnation) ... ok
test_positive_complete_fixture (test_vipe_benchmark_s1_recovery.ReceiptContractTests.test_positive_complete_fixture) ... ok
test_stdio_sentinels_bind_creation_semantics (test_vipe_benchmark_s1_recovery.ReceiptContractTests.test_stdio_sentinels_bind_creation_semantics) ... ok
test_typed_primitive_callbacks (test_vipe_benchmark_s1_recovery.ReceiptContractTests.test_typed_primitive_callbacks) ... ok
test_acceptance_and_historical_authority (test_vipe_benchmark_s1_recovery.ReservationClockTests.test_acceptance_and_historical_authority) ... ok
test_context_matrix (test_vipe_benchmark_s1_recovery.ReservationClockTests.test_context_matrix) ... ok
test_failure_reconciliation (test_vipe_benchmark_s1_recovery.ReservationClockTests.test_failure_reconciliation) ... ok
test_identical_reuse_and_conflicts (test_vipe_benchmark_s1_recovery.ReservationClockTests.test_identical_reuse_and_conflicts) ... ok
test_phase_boundaries (test_vipe_benchmark_s1_recovery.ReservationClockTests.test_phase_boundaries) ... ok
test_real_segment_publication_barriers (test_vipe_benchmark_s1_recovery.ReservationClockTests.test_real_segment_publication_barriers) ... ok
test_worker_bootstrap (test_vipe_benchmark_s1_recovery.ReservationClockTests.test_worker_bootstrap) ... ok
test_binding_historical_versus_canonical_and_no_mutation (test_vipe_benchmark_s1_recovery.S1RecoveryTests.test_binding_historical_versus_canonical_and_no_mutation) ... ok
test_changed_prerequisite_records_rejected (test_vipe_benchmark_s1_recovery.S1RecoveryTests.test_changed_prerequisite_records_rejected) ... ok
test_exhausted_state (test_vipe_benchmark_s1_recovery.S1RecoveryTests.test_exhausted_state) ... ok
test_live_cleanup_active_and_exhausted_state (test_vipe_benchmark_s1_recovery.S1RecoveryTests.test_live_cleanup_active_and_exhausted_state) ... ok
test_reduced_cumulative_deadline (test_vipe_benchmark_s1_recovery.S1RecoveryTests.test_reduced_cumulative_deadline) ... ok
test_reduced_remaining_time_and_mutation_at_reservation_lock (test_vipe_benchmark_s1_recovery.S1RecoveryTests.test_reduced_remaining_time_and_mutation_at_reservation_lock) ... ok
test_registered_authorization_and_validation_mutation_block (test_vipe_benchmark_s1_recovery.S1RecoveryTests.test_registered_authorization_and_validation_mutation_block) ... ok
test_registration_needs_admission_duplicate_and_reservation_consumes_once (test_vipe_benchmark_s1_recovery.S1RecoveryTests.test_registration_needs_admission_duplicate_and_reservation_consumes_once) ... ok
test_result_requires_supervised_cleanup_and_exact_membership (test_vipe_benchmark_s1_recovery.S1RecoveryTests.test_result_requires_supervised_cleanup_and_exact_membership) ... ok
test_source_requalification_preserves_allocation_and_binds_reservation (test_vipe_benchmark_s1_recovery.S1RecoveryTests.test_source_requalification_preserves_allocation_and_binds_reservation) ... ok
test_source_requalification_rejects_scope_and_snapshot_changes_without_append (test_vipe_benchmark_s1_recovery.S1RecoveryTests.test_source_requalification_rejects_scope_and_snapshot_changes_without_append) ... ok
test_typed_scope_schema_branch_and_second_identity (test_vipe_benchmark_s1_recovery.S1RecoveryTests.test_typed_scope_schema_branch_and_second_identity) ... ok
test_validation_missing_extra_duplicate_aliased_stale_and_failed_receipts (test_vipe_benchmark_s1_recovery.S1RecoveryTests.test_validation_missing_extra_duplicate_aliased_stale_and_failed_receipts) ... ok

----------------------------------------------------------------------
Ran 46 tests in 149.892s

OK
test_grounding_uses_native_caption_thresholds_and_float_boxes (test_vipe_benchmark_backends.AssetAndDetectorTests.test_grounding_uses_native_caption_thresholds_and_float_boxes) ... ok
test_missing_assets_fail_before_torch_import (test_vipe_benchmark_backends.AssetAndDetectorTests.test_missing_assets_fail_before_torch_import) ... ok
test_phrase_ambiguity_and_capacity_fail_before_casting (test_vipe_benchmark_backends.AssetAndDetectorTests.test_phrase_ambiguity_and_capacity_fail_before_casting) ... ok
test_rtdetr_threshold_equality_label_names_and_processor (test_vipe_benchmark_backends.AssetAndDetectorTests.test_rtdetr_threshold_equality_label_names_and_processor) ... ok
test_source_pin_and_snapshot_contents_are_not_inferred_from_directory_name (test_vipe_benchmark_backends.AssetAndDetectorTests.test_source_pin_and_snapshot_contents_are_not_inferred_from_directory_name) ... ok
test_d0_preserves_native_centered_K_and_float_invocation (test_vipe_benchmark_backends.DepthTests.test_d0_preserves_native_centered_K_and_float_invocation) ... ok
test_da3_invalid_support_is_not_interpolated_and_double_scaling_fails (test_vipe_benchmark_backends.DepthTests.test_da3_invalid_support_is_not_interpolated_and_double_scaling_fails) ... ok
test_da3_uses_processor_K_once_no_pose_alignment_and_missing_confidence (test_vipe_benchmark_backends.DepthTests.test_da3_uses_processor_K_once_no_pose_alignment_and_missing_confidence) ... ok
test_depth_pro_focal_device_tensor_native_inversion_and_no_extra_factor (test_vipe_benchmark_backends.DepthTests.test_depth_pro_focal_device_tensor_native_inversion_and_no_extra_factor) ... ok
test_metric3d_resized_focal_unpad_and_native_clamp (test_vipe_benchmark_backends.DepthTests.test_metric3d_resized_focal_unpad_and_native_clamp) ... ok
test_unidepth_byte_nchw_K_and_actual_dimensions (test_vipe_benchmark_backends.DepthTests.test_unidepth_byte_nchw_K_and_actual_dimensions) ... ok
test_d1_native_constructor_only_uses_explicit_snapshot_and_bilinear (test_vipe_benchmark_backends.FactoryTests.test_d1_native_constructor_only_uses_explicit_snapshot_and_bilinear) ... ok
test_metric3d_hub_is_local_and_never_fetches_pretrained_URL (test_vipe_benchmark_backends.FactoryTests.test_metric3d_hub_is_local_and_never_fetches_pretrained_URL) ... ok
test_sam2_requires_native_extension_and_disables_build_compilation (test_vipe_benchmark_backends.FactoryTests.test_sam2_requires_native_extension_and_disables_build_compilation) ... ok
test_sam3_missing_required_weight_stops_before_processor_and_restores_loader (test_vipe_benchmark_backends.FactoryTests.test_sam3_missing_required_weight_stops_before_processor_and_restores_loader) ... ok
test_sam3_preserves_native_key_selection_records_extras_and_moves_cuda_index (test_vipe_benchmark_backends.FactoryTests.test_sam3_preserves_native_key_selection_records_extras_and_moves_cuda_index) ... ok
test_sam3_serial_and_perflib_overrides_are_checked_without_fallback (test_vipe_benchmark_backends.FactoryTests.test_sam3_serial_and_perflib_overrides_are_checked_without_fallback) ... ok
test_sam3_unobserved_or_repeated_checkpoint_load_cannot_qualify (test_vipe_benchmark_backends.FactoryTests.test_sam3_unobserved_or_repeated_checkpoint_load_cannot_qualify) ... ok
test_fresh_trackers_reuse_stable_checkpoint_cache_keys (test_vipe_benchmark_backends.HistoricalCacheBindingTests.test_fresh_trackers_reuse_stable_checkpoint_cache_keys) ... ok
test_s0_observes_native_scores_without_changing_invocation (test_vipe_benchmark_backends.LegacyAndSAM3Tests.test_s0_observes_native_scores_without_changing_invocation) ... ok
test_s1_native_box_refinement_tiny_masks_merge_and_tracking (test_vipe_benchmark_backends.LegacyAndSAM3Tests.test_s1_native_box_refinement_tiny_masks_merge_and_tracking) ... ok
test_sam3_separate_concepts_native_births_and_score_ties (test_vipe_benchmark_backends.LegacyAndSAM3Tests.test_sam3_separate_concepts_native_births_and_score_ties) ... ok
test_constructor_failure_restores_cwd_and_native_builder (test_vipe_benchmark_backends.S1NativeBridgeTests.test_constructor_failure_restores_cwd_and_native_builder) ... ok
test_constructor_rejects_changed_arguments_and_unsupervised_temporary_root (test_vipe_benchmark_backends.S1NativeBridgeTests.test_constructor_rejects_changed_arguments_and_unsupervised_temporary_root) ... ok
test_constructor_removes_only_inert_argument_and_contains_native_config_writes (test_vipe_benchmark_backends.S1NativeBridgeTests.test_constructor_removes_only_inert_argument_and_contains_native_config_writes) ... ok
test_memory_update_uses_exact_native_nearest_grid_and_keeps_original_export (test_vipe_benchmark_backends.S1NativeBridgeTests.test_memory_update_uses_exact_native_nearest_grid_and_keeps_original_export) ... ok
test_native_palette_import_preserves_seed_state_on_success_and_failure (test_vipe_benchmark_backends.S1NativeBridgeTests.test_native_palette_import_preserves_seed_state_on_success_and_failure) ... ok
test_native_wrapper_argument_drift_is_rejected_before_engine_construction (test_vipe_benchmark_backends.S1NativeBridgeTests.test_native_wrapper_argument_drift_is_rejected_before_engine_construction) ... ok
test_pair_bridge_rejects_extra_frames_reference_and_propagation (test_vipe_benchmark_backends.S1NativeBridgeTests.test_pair_bridge_rejects_extra_frames_reference_and_propagation) ... ok
test_pair_bridge_rejects_missing_resets_and_singleton_tracking (test_vipe_benchmark_backends.S1NativeBridgeTests.test_pair_bridge_rejects_missing_resets_and_singleton_tracking) ... ok
test_empty_keyframe_never_runs_successor_detector (test_vipe_benchmark_backends.SAM2Tests.test_empty_keyframe_never_runs_successor_detector) ... ok
test_incomplete_propagation_fails_and_resets (test_vipe_benchmark_backends.SAM2Tests.test_incomplete_propagation_fails_and_resets) ... ok
test_native_postprocessing_skip_fails_pair_and_resets_before_export (test_vipe_benchmark_backends.SAM2Tests.test_native_postprocessing_skip_fails_pair_and_resets_before_export) ... ok
test_pair_reset_highest_iou_original_grid_overlap_and_static (test_vipe_benchmark_backends.SAM2Tests.test_pair_reset_highest_iou_original_grid_overlap_and_static) ... ok
test_source_frames_not_internal_indices_or_cross_role_context (test_vipe_benchmark_backends.SAM2Tests.test_source_frames_not_internal_indices_or_cross_role_context) ... ok

----------------------------------------------------------------------
Ran 35 tests in 0.053s

OK
test_duplicate_missing_and_wrong_grid (test_vipe_benchmark_contracts.AccessTests.test_duplicate_missing_and_wrong_grid) ... ok
test_exact_protocol_counts_and_order (test_vipe_benchmark_contracts.AccessTests.test_exact_protocol_counts_and_order) ... ok
test_hash_change_and_exclusive_output (test_vipe_benchmark_contracts.AccessTests.test_hash_change_and_exclusive_output) ... ok
test_heldout_final_window_wrong_branch_and_pair_rejected (test_vipe_benchmark_contracts.AccessTests.test_heldout_final_window_wrong_branch_and_pair_rejected) ... ok
test_motion_context_roles_and_ends (test_vipe_benchmark_contracts.AccessTests.test_motion_context_roles_and_ends) ... ok
test_pair_contexts_are_distinct_without_weakening_historical_guard (test_vipe_benchmark_contracts.AccessTests.test_pair_contexts_are_distinct_without_weakening_historical_guard) ... ok
test_prohibited_spelling_and_symlink_rejected_without_reading (test_vipe_benchmark_contracts.AccessTests.test_prohibited_spelling_and_symlink_rejected_without_reading) ... ok
test_camera_z_range_and_exactly_one_metric_conversion (test_vipe_benchmark_contracts.ArrayTests.test_camera_z_range_and_exactly_one_metric_conversion) ... ok
test_invalid_depth_nan_contract (test_vipe_benchmark_contracts.ArrayTests.test_invalid_depth_nan_contract) ... ok
test_nonuniform_crop_pad_and_half_pixel_analytic (test_vipe_benchmark_contracts.ArrayTests.test_nonuniform_crop_pad_and_half_pixel_analytic) ... ok
test_overlap_greatest_logit_then_score_then_index (test_vipe_benchmark_contracts.ArrayTests.test_overlap_greatest_logit_then_score_then_index) ... ok
test_radial_remap_against_independent_formula (test_vipe_benchmark_contracts.ArrayTests.test_radial_remap_against_independent_formula) ... ok
test_scaled_camera_projection_and_normalization (test_vipe_benchmark_contracts.ArrayTests.test_scaled_camera_projection_and_normalization) ... ok
test_sparse_cv_quantized_support_including_borders (test_vipe_benchmark_contracts.ArrayTests.test_sparse_cv_quantized_support_including_borders) ... ok
test_static_polarity_semantics_invalid_and_capacity (test_vipe_benchmark_contracts.ArrayTests.test_static_polarity_semantics_invalid_and_capacity) ... ok

----------------------------------------------------------------------
Ran 15 tests in 0.011s

OK
test_recipe_is_derived_from_original_and_missing_prerequisites_block (test_vipe_benchmark_component_recovery.ComponentRecoveryTests.test_recipe_is_derived_from_original_and_missing_prerequisites_block) ... ok
test_scope_validation_and_cumulative_cap_are_not_relaxed (test_vipe_benchmark_component_recovery.ComponentRecoveryTests.test_scope_validation_and_cumulative_cap_are_not_relaxed) ... ok
test_successful_recovery_preserves_failure_and_requires_registered_valid_result (test_vipe_benchmark_component_recovery.ComponentRecoveryTests.test_successful_recovery_preserves_failure_and_requires_registered_valid_result) ... ok

----------------------------------------------------------------------
Ran 3 tests in 0.023s

OK
test_invalid_json_never_publishes_partial_evidence (test_vipe_benchmark_execution.AtomicEvidenceTests.test_invalid_json_never_publishes_partial_evidence) ... ok
test_model_attempts_cannot_use_aggregation_resume (test_vipe_benchmark_execution.CheckpointTests.test_model_attempts_cannot_use_aggregation_resume) ... ok
test_three_stages_consume_one_aggregate_attempt_and_charge_only_active_wall (test_vipe_benchmark_execution.CheckpointTests.test_three_stages_consume_one_aggregate_attempt_and_charge_only_active_wall) ... ok
test_annotation_result_and_aggregate_checkpoint_bind_successful_parent (test_vipe_benchmark_execution.FrozenHandoffTests.test_annotation_result_and_aggregate_checkpoint_bind_successful_parent) ... ok
test_completed_report_is_returned_without_readmission_or_another_pass (test_vipe_benchmark_execution.FrozenHandoffTests.test_completed_report_is_returned_without_readmission_or_another_pass) ... ok
test_failed_readonly_qualification_still_charges_elapsed_cpu (test_vipe_benchmark_execution.FrozenHandoffTests.test_failed_readonly_qualification_still_charges_elapsed_cpu) ... ok
test_orphaned_passing_scale_cannot_admit_check_and_completed_scale_cannot_change (test_vipe_benchmark_execution.FrozenHandoffTests.test_orphaned_passing_scale_cannot_admit_check_and_completed_scale_cannot_change) ... ok
test_worker_error_cannot_override_supervisor_exclusivity_stop (test_vipe_benchmark_execution.FrozenHandoffTests.test_worker_error_cannot_override_supervisor_exclusivity_stop) ... ok
test_worker_retains_grid_identity_and_validates_first_output_before_continuing (test_vipe_benchmark_execution.SegmentationWorkerTests.test_worker_retains_grid_identity_and_validates_first_output_before_continuing) ... ok
test_revision_and_path_traversal_are_checked_before_extracting (test_vipe_benchmark_execution.SourceArchiveTests.test_revision_and_path_traversal_are_checked_before_extracting) ... ok

----------------------------------------------------------------------
Ran 10 tests in 0.070s

OK
test_artifact_allowance_limits_next_read (test_vipe_benchmark_budgets.BudgetTests.test_artifact_allowance_limits_next_read) ... ok
test_artifact_hardlinks_count_once_with_allocated_blocks (test_vipe_benchmark_budgets.BudgetTests.test_artifact_hardlinks_count_once_with_allocated_blocks) ... ok
test_cancelled_waiting_lock_does_not_enter_download_scope (test_vipe_benchmark_budgets.BudgetTests.test_cancelled_waiting_lock_does_not_enter_download_scope) ... ok
test_concurrent_rename_is_rescanned_instead_of_losing_storage (test_vipe_benchmark_budgets.BudgetTests.test_concurrent_rename_is_rescanned_instead_of_losing_storage) ... ok
test_counted_output_cannot_escape_the_run (test_vipe_benchmark_budgets.BudgetTests.test_counted_output_cannot_escape_the_run) ... ok
test_direct_actual_counter_cannot_decrease_or_change_output (test_vipe_benchmark_budgets.BudgetTests.test_direct_actual_counter_cannot_decrease_or_change_output) ... ok
test_direct_file_inside_cache_is_not_also_a_package_proxy (test_vipe_benchmark_budgets.BudgetTests.test_direct_file_inside_cache_is_not_also_a_package_proxy) ... ok
test_direct_progress_baseline_does_not_double_charge_own_flushed_chunk (test_vipe_benchmark_budgets.BudgetTests.test_direct_progress_baseline_does_not_double_charge_own_flushed_chunk) ... ok
test_direct_reservation_survives_failure_receipt_with_fewer_known_bytes (test_vipe_benchmark_budgets.BudgetTests.test_direct_reservation_survives_failure_receipt_with_fewer_known_bytes) ... ok
test_duplicate_identity_and_negative_counts_fail_closed (test_vipe_benchmark_budgets.BudgetTests.test_duplicate_identity_and_negative_counts_fail_closed) ... ok
test_exact_sixty_gib_cap_requires_no_large_fixture (test_vipe_benchmark_budgets.BudgetTests.test_exact_sixty_gib_cap_requires_no_large_fixture) ... ok
test_failed_and_successful_receipts_retain_all_received_bytes (test_vipe_benchmark_budgets.BudgetTests.test_failed_and_successful_receipts_retain_all_received_bytes) ... ok
test_historical_reservation_does_not_mask_new_attempt_local_bytes (test_vipe_benchmark_budgets.BudgetTests.test_historical_reservation_does_not_mask_new_attempt_local_bytes) ... ok
test_incomplete_receipts_fail_closed (test_vipe_benchmark_budgets.BudgetTests.test_incomplete_receipts_fail_closed) ... ok
test_intent_bridges_partial_rename_and_receipt_publication_once (test_vipe_benchmark_budgets.BudgetTests.test_intent_bridges_partial_rename_and_receipt_publication_once) ... ok
test_legacy_teacher_partial_covered_but_later_growth_charged (test_vipe_benchmark_budgets.BudgetTests.test_legacy_teacher_partial_covered_but_later_growth_charged) ... ok
test_lock_caches_scan_but_charges_every_intervening_read (test_vipe_benchmark_budgets.BudgetTests.test_lock_caches_scan_but_charges_every_intervening_read) ... ok
test_negative_count_is_not_silently_ignored (test_vipe_benchmark_budgets.BudgetTests.test_negative_count_is_not_silently_ignored) ... ok
test_nested_scope_indexes_are_fresh_and_preserve_publication_charges (test_vipe_benchmark_budgets.BudgetTests.test_nested_scope_indexes_are_fresh_and_preserve_publication_charges) ... ok
test_new_attempt_on_same_path_adds_bytes_to_historical_failure (test_vipe_benchmark_budgets.BudgetTests.test_new_attempt_on_same_path_adds_bytes_to_historical_failure) ... ok
test_orphan_partial_is_charged (test_vipe_benchmark_budgets.BudgetTests.test_orphan_partial_is_charged) ... ok
test_package_orphan_partial_uses_retained_cache_scope_once (test_vipe_benchmark_budgets.BudgetTests.test_package_orphan_partial_uses_retained_cache_scope_once) ... ok
test_progress_without_final_receipt_or_payload_keeps_crash_charge (test_vipe_benchmark_budgets.BudgetTests.test_progress_without_final_receipt_or_payload_keeps_crash_charge) ... ok
test_received_but_unwritten_bytes_reduce_next_read (test_vipe_benchmark_budgets.BudgetTests.test_received_but_unwritten_bytes_reduce_next_read) ... ok
test_retained_failed_partial_is_not_counted_twice (test_vipe_benchmark_budgets.BudgetTests.test_retained_failed_partial_is_not_counted_twice) ... ok
test_slow_snapshot_still_reuses_inventory_and_charges_pending_bytes (test_vipe_benchmark_budgets.BudgetTests.test_slow_snapshot_still_reuses_inventory_and_charges_pending_bytes) ... ok
test_successful_direct_flush_replaces_reservation_with_actual_bytes_once (test_vipe_benchmark_budgets.BudgetTests.test_successful_direct_flush_replaces_reservation_with_actual_bytes_once) ... ok
test_symlinks_and_prompts_directories_are_not_traversed (test_vipe_benchmark_budgets.BudgetTests.test_symlinks_and_prompts_directories_are_not_traversed) ... ok
test_two_transfer_threads_cannot_spend_the_same_remaining_bytes (test_vipe_benchmark_budgets.BudgetTests.test_two_transfer_threads_cannot_spend_the_same_remaining_bytes) ... ok
test_unreceipted_teacher_output_is_counted_during_publication_gap (test_vipe_benchmark_budgets.BudgetTests.test_unreceipted_teacher_output_is_counted_during_publication_gap) ... ok
test_uv_local_growth_obeys_max_without_double_charging_cache (test_vipe_benchmark_budgets.BudgetTests.test_uv_local_growth_obeys_max_without_double_charging_cache) ... ok
test_uv_uses_larger_wire_or_retained_package_scope (test_vipe_benchmark_budgets.BudgetTests.test_uv_uses_larger_wire_or_retained_package_scope) ... ok

----------------------------------------------------------------------
Ran 32 tests in 0.426s

OK
test_bootstrap_failure_and_eof_preserve_child (test_vipe_benchmark_supervisor.HelperIntegrationTests.test_bootstrap_failure_and_eof_preserve_child) ... ok
test_cleanup_failures (test_vipe_benchmark_supervisor.HelperIntegrationTests.test_cleanup_failures) ... ok
test_cleanup_matrix (test_vipe_benchmark_supervisor.HelperIntegrationTests.test_cleanup_matrix) ... ok
test_foreign_only_pid (test_vipe_benchmark_supervisor.HelperIntegrationTests.test_foreign_only_pid) ... ok
test_importable_guarded_file_control (test_vipe_benchmark_supervisor.HelperIntegrationTests.test_importable_guarded_file_control) ... ERROR
test_mixed_owned_foreign_pid (test_vipe_benchmark_supervisor.HelperIntegrationTests.test_mixed_owned_foreign_pid) ... ok
test_owned_live_pid (test_vipe_benchmark_supervisor.HelperIntegrationTests.test_owned_live_pid) ... ok
test_owned_unreaped_exited_pid (test_vipe_benchmark_supervisor.HelperIntegrationTests.test_owned_unreaped_exited_pid) ... ok
test_prelaunch_empty_ownership (test_vipe_benchmark_supervisor.HelperIntegrationTests.test_prelaunch_empty_ownership) ... ERROR
test_primary_survives_secondary_cleanup_error (test_vipe_benchmark_supervisor.HelperIntegrationTests.test_primary_survives_secondary_cleanup_error) ... ok
test_real_close_repeated_and_descendant_cleanup (test_vipe_benchmark_supervisor.HelperIntegrationTests.test_real_close_repeated_and_descendant_cleanup) ... ERROR
test_real_close_repeated_and_descendant_cleanup (test_vipe_benchmark_supervisor.HelperIntegrationTests.test_real_close_repeated_and_descendant_cleanup) ... ERROR
test_spawn_constant_reaped_under_actual_runner (test_vipe_benchmark_supervisor.HelperIntegrationTests.test_spawn_constant_reaped_under_actual_runner) ... ERROR
test_supervisor_worker_context_and_consumed_cleanup_stop (test_vipe_benchmark_supervisor.HelperIntegrationTests.test_supervisor_worker_context_and_consumed_cleanup_stop) ... FAIL
test_bounded_traces_counters_and_authority (test_vipe_benchmark_supervisor.HelperSessionTests.test_bounded_traces_counters_and_authority) ... ok
test_census_immutable_identity_mutations (test_vipe_benchmark_supervisor.HelperSessionTests.test_census_immutable_identity_mutations) ... ok
test_combined_duplex_and_same_turn_bounds (test_vipe_benchmark_supervisor.HelperSessionTests.test_combined_duplex_and_same_turn_bounds) ... ok
test_control_primitive_and_frame_mutations (test_vipe_benchmark_supervisor.HelperSessionTests.test_control_primitive_and_frame_mutations) ... ok
test_envelope_correlation_mutations (test_vipe_benchmark_supervisor.HelperSessionTests.test_envelope_correlation_mutations) ... ok
test_exact_frame_bounds_and_trailing_data (test_vipe_benchmark_supervisor.HelperSessionTests.test_exact_frame_bounds_and_trailing_data) ... ok
test_l01_ready_reuse (test_vipe_benchmark_supervisor.HelperSessionTests.test_l01_ready_reuse) ... ERROR
test_l02_ready_and_sample_before_reserve (test_vipe_benchmark_supervisor.HelperSessionTests.test_l02_ready_and_sample_before_reserve) ... ERROR
test_l03_owner_bootstrap_block (test_vipe_benchmark_supervisor.HelperSessionTests.test_l03_owner_bootstrap_block) ... FAIL
test_l04_child_before_ready_block (test_vipe_benchmark_supervisor.HelperSessionTests.test_l04_child_before_ready_block) ... FAIL
test_l05_error_after_spawn (test_vipe_benchmark_supervisor.HelperSessionTests.test_l05_error_after_spawn) ... FAIL
test_l06_late_ready (test_vipe_benchmark_supervisor.HelperSessionTests.test_l06_late_ready) ... FAIL
test_l07_cancel_during_spawn (test_vipe_benchmark_supervisor.HelperSessionTests.test_l07_cancel_during_spawn) ... FAIL
test_l08_late_owner_retained (test_vipe_benchmark_supervisor.HelperSessionTests.test_l08_late_owner_retained) ... FAIL
test_l09_partial_header (test_vipe_benchmark_supervisor.HelperSessionTests.test_l09_partial_header) ... FAIL
test_l10_stalled_body (test_vipe_benchmark_supervisor.HelperSessionTests.test_l10_stalled_body) ... FAIL
test_l11_eof_midframe (test_vipe_benchmark_supervisor.HelperSessionTests.test_l11_eof_midframe) ... FAIL
test_l12_stalled_request_reader (test_vipe_benchmark_supervisor.HelperSessionTests.test_l12_stalled_request_reader) ... ERROR
test_l13_oversized_frame (test_vipe_benchmark_supervisor.HelperSessionTests.test_l13_oversized_frame) ... FAIL
test_l14_wrong_correlation (test_vipe_benchmark_supervisor.HelperSessionTests.test_l14_wrong_correlation) ... FAIL
test_l15_sample_deadline (test_vipe_benchmark_supervisor.HelperSessionTests.test_l15_sample_deadline) ... ERROR
test_l16_phase_deadline (test_vipe_benchmark_supervisor.HelperSessionTests.test_l16_phase_deadline) ... ERROR
test_l17_post_task_acquisition (test_vipe_benchmark_supervisor.HelperSessionTests.test_l17_post_task_acquisition) ... ERROR
test_l18_descendant_and_foreign_sentinel (test_vipe_benchmark_supervisor.HelperSessionTests.test_l18_descendant_and_foreign_sentinel) ... ERROR
test_l19_term_resistance (test_vipe_benchmark_supervisor.HelperSessionTests.test_l19_term_resistance) ... ERROR
test_l20_exit_during_transport (test_vipe_benchmark_supervisor.HelperSessionTests.test_l20_exit_during_transport) ... ERROR
test_l21_enumeration_failure (test_vipe_benchmark_supervisor.HelperSessionTests.test_l21_enumeration_failure) ... ERROR
test_l22_signal_failure (test_vipe_benchmark_supervisor.HelperSessionTests.test_l22_signal_failure) ... ERROR
test_l23_reap_failure (test_vipe_benchmark_supervisor.HelperSessionTests.test_l23_reap_failure) ... ERROR
test_l24_summary_reference_adapter (test_vipe_benchmark_supervisor.HelperSessionTests.test_l24_summary_reference_adapter) ... ERROR
test_l25_delayed_actual_reserve (test_vipe_benchmark_supervisor.HelperSessionTests.test_l25_delayed_actual_reserve) ... FAIL
test_l26_equal_actual_reserve (test_vipe_benchmark_supervisor.HelperSessionTests.test_l26_equal_actual_reserve) ... FAIL
test_l27_encoder_early_response (test_vipe_benchmark_supervisor.HelperSessionTests.test_l27_encoder_early_response) ... ERROR
test_l28_partial_early_response (test_vipe_benchmark_supervisor.HelperSessionTests.test_l28_partial_early_response) ... ERROR
test_l29_readable_sample_equality (test_vipe_benchmark_supervisor.HelperSessionTests.test_l29_readable_sample_equality) ... ERROR
test_l30_readable_phase_equality (test_vipe_benchmark_supervisor.HelperSessionTests.test_l30_readable_phase_equality) ... ERROR
test_l31_live_worker_bracket_and_foreign (test_vipe_benchmark_supervisor.HelperSessionTests.test_l31_live_worker_bracket_and_foreign) ... ERROR
test_l32_unreaped_worker_pin (test_vipe_benchmark_supervisor.HelperSessionTests.test_l32_unreaped_worker_pin) ... ERROR
test_l33_blocked_census_refuses_stale (test_vipe_benchmark_supervisor.HelperSessionTests.test_l33_blocked_census_refuses_stale) ... ERROR
test_l34_enumeration_error_empty_sample (test_vipe_benchmark_supervisor.HelperSessionTests.test_l34_enumeration_error_empty_sample) ... ERROR
test_l35_exited_leader_live_descendant (test_vipe_benchmark_supervisor.HelperSessionTests.test_l35_exited_leader_live_descendant) ... ERROR
test_l36_ambiguous_native_start_retained (test_vipe_benchmark_supervisor.HelperSessionTests.test_l36_ambiguous_native_start_retained) ... FAIL
test_partial_constructor_boundaries (test_vipe_benchmark_supervisor.HelperSessionTests.test_partial_constructor_boundaries) ... FAIL
test_progress_closed_inventory_and_faults (test_vipe_benchmark_supervisor.HelperSessionTests.test_progress_closed_inventory_and_faults) ... ok
test_progress_metadata_mutations (test_vipe_benchmark_supervisor.HelperSessionTests.test_progress_metadata_mutations) ... ok
test_progress_p01_worker_deadline (test_vipe_benchmark_supervisor.HelperSessionTests.test_progress_p01_worker_deadline) ... ERROR
test_progress_p02_reconcile_interruption (test_vipe_benchmark_supervisor.HelperSessionTests.test_progress_p02_reconcile_interruption) ... ERROR
test_progress_p03_helper_death (test_vipe_benchmark_supervisor.HelperSessionTests.test_progress_p03_helper_death) ... ERROR
test_progress_p04_failed_final_sample (test_vipe_benchmark_supervisor.HelperSessionTests.test_progress_p04_failed_final_sample) ... ERROR
test_progress_p05_interrupted_publisher (test_vipe_benchmark_supervisor.HelperSessionTests.test_progress_p05_interrupted_publisher) ... ERROR
test_progress_p06_blocked_owner (test_vipe_benchmark_supervisor.HelperSessionTests.test_progress_p06_blocked_owner) ... ERROR
test_progress_plan046_inventory (test_vipe_benchmark_supervisor.HelperSessionTests.test_progress_plan046_inventory) ... ok
test_progress_plan046_launch_deadline (test_vipe_benchmark_supervisor.HelperSessionTests.test_progress_plan046_launch_deadline) ... 
  test_progress_plan046_launch_deadline (test_vipe_benchmark_supervisor.HelperSessionTests.test_progress_plan046_launch_deadline) (kind='before', offset=-0.001) ... FAIL
test_progress_plan046_ownership (test_vipe_benchmark_supervisor.HelperSessionTests.test_progress_plan046_ownership) ... ok
test_progress_plan046_protocol (test_vipe_benchmark_supervisor.HelperSessionTests.test_progress_plan046_protocol) ... ok
test_progress_plan046_publication_faults (test_vipe_benchmark_supervisor.HelperSessionTests.test_progress_plan046_publication_faults) ... ok
test_progress_plan046_summary (test_vipe_benchmark_supervisor.HelperSessionTests.test_progress_plan046_summary) ... ok
test_progress_plan046_worker_authority (test_vipe_benchmark_supervisor.HelperSessionTests.test_progress_plan046_worker_authority) ... ok
test_progress_plan047_alias_inventory (test_vipe_benchmark_supervisor.HelperSessionTests.test_progress_plan047_alias_inventory) ... ok
test_progress_plan047_cancellation (test_vipe_benchmark_supervisor.HelperSessionTests.test_progress_plan047_cancellation) ... ok
test_progress_plan047_complete_final_sample (test_vipe_benchmark_supervisor.HelperSessionTests.test_progress_plan047_complete_final_sample) ... 
  test_progress_plan047_complete_final_sample (test_vipe_benchmark_supervisor.HelperSessionTests.test_progress_plan047_complete_final_sample) (kind='success') ... ERROR
  test_progress_plan047_complete_final_sample (test_vipe_benchmark_supervisor.HelperSessionTests.test_progress_plan047_complete_final_sample) (kind='final_sample_failure') ... ERROR
test_progress_plan047_deadline_steps (test_vipe_benchmark_supervisor.HelperSessionTests.test_progress_plan047_deadline_steps) ... 
  test_progress_plan047_deadline_steps (test_vipe_benchmark_supervisor.HelperSessionTests.test_progress_plan047_deadline_steps) (operation='worker_popen', when='before') ... FAIL
  test_progress_plan047_deadline_steps (test_vipe_benchmark_supervisor.HelperSessionTests.test_progress_plan047_deadline_steps) (operation='worker_popen', when='equal') ... FAIL
  test_progress_plan047_deadline_steps (test_vipe_benchmark_supervisor.HelperSessionTests.test_progress_plan047_deadline_steps) (operation='worker_popen', when='after') ... FAIL
test_progress_plan047_limits (test_vipe_benchmark_supervisor.HelperSessionTests.test_progress_plan047_limits) ... ok
test_progress_plan047_nested (test_vipe_benchmark_supervisor.HelperSessionTests.test_progress_plan047_nested) ... ok
test_progress_plan047_ownership (test_vipe_benchmark_supervisor.HelperSessionTests.test_progress_plan047_ownership) ... 
  test_progress_plan047_ownership (test_vipe_benchmark_supervisor.HelperSessionTests.test_progress_plan047_ownership) (kind='registry_owner_dispatch') ... ERROR
  test_progress_plan047_ownership (test_vipe_benchmark_supervisor.HelperSessionTests.test_progress_plan047_ownership) (kind='registry_worker_dispatch') ... ERROR
  test_progress_plan047_ownership (test_vipe_benchmark_supervisor.HelperSessionTests.test_progress_plan047_ownership) (kind='registry_direct_dispatch') ... ERROR
  test_progress_plan047_ownership (test_vipe_benchmark_supervisor.HelperSessionTests.test_progress_plan047_ownership) (kind='registry_sentinel_dispatch') ... ERROR
test_progress_plan047_publication_faults (test_vipe_benchmark_supervisor.HelperSessionTests.test_progress_plan047_publication_faults) ... ok
test_progress_plan047_recovery (test_vipe_benchmark_supervisor.HelperSessionTests.test_progress_plan047_recovery) ... ok
test_progress_plan047_result_summary (test_vipe_benchmark_supervisor.HelperSessionTests.test_progress_plan047_result_summary) ... ok
test_progress_plan047_state_authority (test_vipe_benchmark_supervisor.HelperSessionTests.test_progress_plan047_state_authority) ... ok
test_progress_plan048_pure_memo (test_vipe_benchmark_supervisor.HelperSessionTests.test_progress_plan048_pure_memo) ... ok
test_progress_strict_primitives (test_vipe_benchmark_supervisor.HelperSessionTests.test_progress_strict_primitives) ... ok
test_resource_field_mutations (test_vipe_benchmark_supervisor.HelperSessionTests.test_resource_field_mutations) ... ok
test_sample_typed_timing_mutations (test_vipe_benchmark_supervisor.HelperSessionTests.test_sample_typed_timing_mutations) ... ok
test_append_chain_detects_changed_history (test_vipe_benchmark_supervisor.SupervisorTests.test_append_chain_detects_changed_history) ... ok
test_child_survival_invalidates_parent_success_and_is_cleaned_up (test_vipe_benchmark_supervisor.SupervisorTests.test_child_survival_invalidates_parent_success_and_is_cleaned_up) ... FAIL
test_completed_worker_is_not_dispatched_again (test_vipe_benchmark_supervisor.SupervisorTests.test_completed_worker_is_not_dispatched_again) ... ERROR
test_concurrent_reservation_has_one_winner (test_vipe_benchmark_supervisor.SupervisorTests.test_concurrent_reservation_has_one_winner) ... ERROR
test_explicit_resume_reopens_unstarted_slots_only (test_vipe_benchmark_supervisor.SupervisorTests.test_explicit_resume_reopens_unstarted_slots_only) ... ok
test_foreign_gpu_pid_still_fails_and_preserves_ownership_evidence (test_vipe_benchmark_supervisor.SupervisorTests.test_foreign_gpu_pid_still_fails_and_preserves_ownership_evidence) ... FAIL
test_gpu_sample_of_exited_unreaped_worker_keeps_true_group_ownership (test_vipe_benchmark_supervisor.SupervisorTests.test_gpu_sample_of_exited_unreaped_worker_keeps_true_group_ownership) ... ERROR
test_interruption_cleans_owned_process_group (test_vipe_benchmark_supervisor.SupervisorTests.test_interruption_cleans_owned_process_group) ... FAIL
test_missing_result_and_nonzero_exit_consume_attempts (test_vipe_benchmark_supervisor.SupervisorTests.test_missing_result_and_nonzero_exit_consume_attempts) ... FAIL
test_native_kernel_caches_stay_in_monitored_attempt_and_override_external_paths (test_vipe_benchmark_supervisor.SupervisorTests.test_native_kernel_caches_stay_in_monitored_attempt_and_override_external_paths) ... ERROR
test_preexisting_resource_cap_never_spends_an_attempt (test_vipe_benchmark_supervisor.SupervisorTests.test_preexisting_resource_cap_never_spends_an_attempt) ... ok
test_restart_does_not_relaunch_unfinished_attempt (test_vipe_benchmark_supervisor.SupervisorTests.test_restart_does_not_relaunch_unfinished_attempt) ... ok
test_simulated_memory_and_foreign_gpu_process (test_vipe_benchmark_supervisor.SupervisorTests.test_simulated_memory_and_foreign_gpu_process) ... FAIL
test_simulated_storage_cap_stops_worker (test_vipe_benchmark_supervisor.SupervisorTests.test_simulated_storage_cap_stops_worker) ... FAIL
test_timeout_kills_sigterm_ignoring_group_within_allocation (test_vipe_benchmark_supervisor.SupervisorTests.test_timeout_kills_sigterm_ignoring_group_within_allocation) ... FAIL

======================================================================
ERROR: test_importable_guarded_file_control (test_vipe_benchmark_supervisor.HelperIntegrationTests.test_importable_guarded_file_control)
----------------------------------------------------------------------
Traceback (most recent call last):
  File "/home/auss/git_repos/samaust/Experiments_4DGS/tests/test_vipe_benchmark_supervisor.py", line 867, in test_importable_guarded_file_control
    if process is not None:retire_fixture_processes([process],sys.exception())
                           ~~~~~~~~~~~~~~~~~~~~~~~~^^^^^^^^^^^^^^^^^^^^^^^^^^^
  File "/home/auss/git_repos/samaust/Experiments_4DGS/tests/test_vipe_benchmark_s1_helper_fixtures.py", line 880, in retire_fixture_processes
    if primary is None:raise failure
                       ^^^^^^^^^^^^^
  File "/home/auss/git_repos/samaust/Experiments_4DGS/tests/test_vipe_benchmark_s1_helper_fixtures.py", line 872, in retire_fixture_processes
    raise ValueError('fixture matching handle retirement not durable')
ValueError: fixture matching handle retirement not durable
owned fixture retirement: ValueError('fixture matching handle retirement not durable')

======================================================================
ERROR: test_prelaunch_empty_ownership (test_vipe_benchmark_supervisor.HelperIntegrationTests.test_prelaunch_empty_ownership)
----------------------------------------------------------------------
Traceback (most recent call last):
  File "/home/auss/git_repos/samaust/Experiments_4DGS/tests/test_vipe_benchmark_supervisor.py", line 946, in test_prelaunch_empty_ownership
    self.assertEqual(self.call(phase='prelaunch'),37)
                     ~~~~~~~~~^^^^^^^^^^^^^^^^^^^
  File "/home/auss/git_repos/samaust/Experiments_4DGS/tests/test_vipe_benchmark_supervisor.py", line 848, in call
    return self.sup.monitored_call(self.operation, self.time.monotonic()+kwargs.pop('seconds', 2),
           ~~~~~~~~~~~~~~~~~~~~~~~^^^^^^^^^^^^^^^^^^^^^^^^^^^^^^^^^^^^^^^^^^^^^^^^^^^^^^^^^^^^^^^^
        self.sampler, self.config, kwargs.pop('peak', {}), lifecycle=self.life, **kwargs)
        ^^^^^^^^^^^^^^^^^^^^^^^^^^^^^^^^^^^^^^^^^^^^^^^^^^^^^^^^^^^^^^^^^^^^^^^^^^^^^^^^^
  File "/home/auss/git_repos/samaust/Experiments_4DGS/scripts/vipe_benchmark/supervisor.py", line 283, in monitored_call
    session.await_ready()
    ~~~~~~~~~~~~~~~~~~~^^
  File "/home/auss/git_repos/samaust/Experiments_4DGS/scripts/vipe_benchmark/s1_helper_session.py", line 2405, in await_ready
    self.tick(end); time.sleep(min(.005,max(0.,end-time.monotonic())))
    ~~~~~~~~~^^^^^
  File "/home/auss/git_repos/samaust/Experiments_4DGS/scripts/vipe_benchmark/s1_helper_session.py", line 2316, in tick
    if gap>.1: raise TimeoutError('S1 monitor tick overrun')
               ^^^^^^^^^^^^^^^^^^^^^^^^^^^^^^^^^^^^^^^^^^^^^
TimeoutError: S1 monitor tick overrun

======================================================================
ERROR: test_real_close_repeated_and_descendant_cleanup (test_vipe_benchmark_supervisor.HelperIntegrationTests.test_real_close_repeated_and_descendant_cleanup)
----------------------------------------------------------------------
Traceback (most recent call last):
  File "/home/auss/git_repos/samaust/Experiments_4DGS/tests/test_vipe_benchmark_supervisor.py", line 1048, in test_real_close_repeated_and_descendant_cleanup
    self.assertEqual(self.sup.stop_group(process,limit),[])
                     ~~~~~~~~~~~~~~~~~~~^^^^^^^^^^^^^^^
  File "/home/auss/git_repos/samaust/Experiments_4DGS/scripts/vipe_benchmark/supervisor.py", line 108, in stop_group
    raise ValueError('stop_group descendant creation not acknowledged')
ValueError: stop_group descendant creation not acknowledged

======================================================================
ERROR: test_real_close_repeated_and_descendant_cleanup (test_vipe_benchmark_supervisor.HelperIntegrationTests.test_real_close_repeated_and_descendant_cleanup)
----------------------------------------------------------------------
Traceback (most recent call last):
  File "/home/auss/git_repos/samaust/Experiments_4DGS/tests/test_vipe_benchmark_supervisor.py", line 899, in <lambda>
    self.addCleanup(lambda:retire_fixture_processes([process],sys.exception(),stop=lambda value:self.sup.stop_group(value,self.time.monotonic()+1)))
                           ~~~~~~~~~~~~~~~~~~~~~~~~^^^^^^^^^^^^^^^^^^^^^^^^^^^^^^^^^^^^^^^^^^^^^^^^^^^^^^^^^^^^^^^^^^^^^^^^^^^^^^^^^^^^^^^^^^^^^^^^
  File "/home/auss/git_repos/samaust/Experiments_4DGS/tests/test_vipe_benchmark_s1_helper_fixtures.py", line 880, in retire_fixture_processes
    if primary is None:raise failure
                       ^^^^^^^^^^^^^
  File "/home/auss/git_repos/samaust/Experiments_4DGS/tests/test_vipe_benchmark_s1_helper_fixtures.py", line 865, in retire_fixture_processes
    elif stop(process):raise RuntimeError('fixture process cleanup unconfirmed')
         ~~~~^^^^^^^^^
  File "/home/auss/git_repos/samaust/Experiments_4DGS/tests/test_vipe_benchmark_supervisor.py", line 899, in <lambda>
    self.addCleanup(lambda:retire_fixture_processes([process],sys.exception(),stop=lambda value:self.sup.stop_group(value,self.time.monotonic()+1)))
                                                                                                ~~~~~~~~~~~~~~~~~~~^^^^^^^^^^^^^^^^^^^^^^^^^^^^^^^
  File "/home/auss/git_repos/samaust/Experiments_4DGS/scripts/vipe_benchmark/supervisor.py", line 148, in stop_group
    retire_job_descendant_pidfd(selected,descriptor,deadline)
    ~~~~~~~~~~~~~~~~~~~~~~~~~~~^^^^^^^^^^^^^^^^^^^^^^^^^^^^^^
  File "/home/auss/git_repos/samaust/Experiments_4DGS/scripts/vipe_benchmark/s1_helper_session.py", line 1160, in retire_job_descendant_pidfd
    raise ValueError('L35 descendant identity changed')
ValueError: L35 descendant identity changed
owned fixture retirement: ValueError('L35 descendant identity changed')

======================================================================
ERROR: test_spawn_constant_reaped_under_actual_runner (test_vipe_benchmark_supervisor.HelperIntegrationTests.test_spawn_constant_reaped_under_actual_runner)
----------------------------------------------------------------------
Traceback (most recent call last):
  File "/home/auss/git_repos/samaust/Experiments_4DGS/tests/test_vipe_benchmark_supervisor.py", line 852, in test_spawn_constant_reaped_under_actual_runner
    self.assertEqual(self.call(), 37)
                     ~~~~~~~~~^^
  File "/home/auss/git_repos/samaust/Experiments_4DGS/tests/test_vipe_benchmark_supervisor.py", line 848, in call
    return self.sup.monitored_call(self.operation, self.time.monotonic()+kwargs.pop('seconds', 2),
           ~~~~~~~~~~~~~~~~~~~~~~~^^^^^^^^^^^^^^^^^^^^^^^^^^^^^^^^^^^^^^^^^^^^^^^^^^^^^^^^^^^^^^^^
        self.sampler, self.config, kwargs.pop('peak', {}), lifecycle=self.life, **kwargs)
        ^^^^^^^^^^^^^^^^^^^^^^^^^^^^^^^^^^^^^^^^^^^^^^^^^^^^^^^^^^^^^^^^^^^^^^^^^^^^^^^^^
  File "/home/auss/git_repos/samaust/Experiments_4DGS/scripts/vipe_benchmark/supervisor.py", line 283, in monitored_call
    session.await_ready()
    ~~~~~~~~~~~~~~~~~~~^^
  File "/home/auss/git_repos/samaust/Experiments_4DGS/scripts/vipe_benchmark/s1_helper_session.py", line 2405, in await_ready
    self.tick(end); time.sleep(min(.005,max(0.,end-time.monotonic())))
    ~~~~~~~~~^^^^^
  File "/home/auss/git_repos/samaust/Experiments_4DGS/scripts/vipe_benchmark/s1_helper_session.py", line 2316, in tick
    if gap>.1: raise TimeoutError('S1 monitor tick overrun')
               ^^^^^^^^^^^^^^^^^^^^^^^^^^^^^^^^^^^^^^^^^^^^^
TimeoutError: S1 monitor tick overrun

======================================================================
ERROR: test_l01_ready_reuse (test_vipe_benchmark_supervisor.HelperSessionTests.test_l01_ready_reuse)
----------------------------------------------------------------------
Traceback (most recent call last):
  File "/home/auss/git_repos/samaust/Experiments_4DGS/tests/test_vipe_benchmark_supervisor.py", line 1291, in test_l01_ready_reuse
    session.await_ready()
    ~~~~~~~~~~~~~~~~~~~^^
  File "/home/auss/git_repos/samaust/Experiments_4DGS/tests/test_vipe_benchmark_supervisor.py", line 1165, in observed
    result=operation(*args,**kwargs);return result
  File "/home/auss/git_repos/samaust/Experiments_4DGS/scripts/vipe_benchmark/s1_helper_session.py", line 2405, in await_ready
    self.tick(end); time.sleep(min(.005,max(0.,end-time.monotonic())))
    ~~~~~~~~~^^^^^
  File "/home/auss/git_repos/samaust/Experiments_4DGS/tests/test_vipe_benchmark_supervisor.py", line 1165, in observed
    result=operation(*args,**kwargs);return result
  File "/home/auss/git_repos/samaust/Experiments_4DGS/scripts/vipe_benchmark/s1_helper_session.py", line 2316, in tick
    if gap>.1: raise TimeoutError('S1 monitor tick overrun')
               ^^^^^^^^^^^^^^^^^^^^^^^^^^^^^^^^^^^^^^^^^^^^^
TimeoutError: S1 monitor tick overrun
timing_or_cleanup_check_2: AssertionError: 1.1429572289926 not less than or equal to 1

======================================================================
ERROR: test_l02_ready_and_sample_before_reserve (test_vipe_benchmark_supervisor.HelperSessionTests.test_l02_ready_and_sample_before_reserve)
----------------------------------------------------------------------
Traceback (most recent call last):
  File "/home/auss/git_repos/samaust/Experiments_4DGS/tests/test_vipe_benchmark_supervisor.py", line 1311, in test_l02_ready_and_sample_before_reserve
    value=sup.monitored_call(self.sampler,session.setup_deadline,self.sampler,load(),{},lifecycle=life,phase='initial_sample')
  File "/home/auss/git_repos/samaust/Experiments_4DGS/scripts/vipe_benchmark/supervisor.py", line 283, in monitored_call
    session.await_ready()
    ~~~~~~~~~~~~~~~~~~~^^
  File "/home/auss/git_repos/samaust/Experiments_4DGS/tests/test_vipe_benchmark_supervisor.py", line 1165, in observed
    result=operation(*args,**kwargs);return result
  File "/home/auss/git_repos/samaust/Experiments_4DGS/scripts/vipe_benchmark/s1_helper_session.py", line 2405, in await_ready
    self.tick(end); time.sleep(min(.005,max(0.,end-time.monotonic())))
    ~~~~~~~~~^^^^^
  File "/home/auss/git_repos/samaust/Experiments_4DGS/tests/test_vipe_benchmark_supervisor.py", line 1165, in observed
    result=operation(*args,**kwargs);return result
  File "/home/auss/git_repos/samaust/Experiments_4DGS/scripts/vipe_benchmark/s1_helper_session.py", line 2316, in tick
    if gap>.1: raise TimeoutError('S1 monitor tick overrun')
               ^^^^^^^^^^^^^^^^^^^^^^^^^^^^^^^^^^^^^^^^^^^^^
TimeoutError: S1 monitor tick overrun

======================================================================
ERROR: test_l12_stalled_request_reader (test_vipe_benchmark_supervisor.HelperSessionTests.test_l12_stalled_request_reader)
----------------------------------------------------------------------
Traceback (most recent call last):
  File "/home/auss/git_repos/samaust/Experiments_4DGS/tests/test_vipe_benchmark_supervisor.py", line 1364, in test_l12_stalled_request_reader
    session.await_ready()
    ~~~~~~~~~~~~~~~~~~~^^
  File "/home/auss/git_repos/samaust/Experiments_4DGS/tests/test_vipe_benchmark_supervisor.py", line 1165, in observed
    result=operation(*args,**kwargs);return result
  File "/home/auss/git_repos/samaust/Experiments_4DGS/scripts/vipe_benchmark/s1_helper_session.py", line 2405, in await_ready
    self.tick(end); time.sleep(min(.005,max(0.,end-time.monotonic())))
    ~~~~~~~~~^^^^^
  File "/home/auss/git_repos/samaust/Experiments_4DGS/tests/test_vipe_benchmark_supervisor.py", line 1165, in observed
    result=operation(*args,**kwargs);return result
  File "/home/auss/git_repos/samaust/Experiments_4DGS/scripts/vipe_benchmark/s1_helper_session.py", line 2316, in tick
    if gap>.1: raise TimeoutError('S1 monitor tick overrun')
               ^^^^^^^^^^^^^^^^^^^^^^^^^^^^^^^^^^^^^^^^^^^^^
TimeoutError: S1 monitor tick overrun
timing_or_cleanup_check_2: AssertionError: 1.2506456990086008 not less than or equal to 1

======================================================================
ERROR: test_l15_sample_deadline (test_vipe_benchmark_supervisor.HelperSessionTests.test_l15_sample_deadline)
----------------------------------------------------------------------
Traceback (most recent call last):
  File "/home/auss/git_repos/samaust/Experiments_4DGS/tests/test_vipe_benchmark_supervisor.py", line 1380, in test_l15_sample_deadline
    session.await_ready()
    ~~~~~~~~~~~~~~~~~~~^^
  File "/home/auss/git_repos/samaust/Experiments_4DGS/tests/test_vipe_benchmark_supervisor.py", line 1165, in observed
    result=operation(*args,**kwargs);return result
  File "/home/auss/git_repos/samaust/Experiments_4DGS/scripts/vipe_benchmark/s1_helper_session.py", line 2405, in await_ready
    self.tick(end); time.sleep(min(.005,max(0.,end-time.monotonic())))
    ~~~~~~~~~^^^^^
  File "/home/auss/git_repos/samaust/Experiments_4DGS/tests/test_vipe_benchmark_supervisor.py", line 1165, in observed
    result=operation(*args,**kwargs);return result
  File "/home/auss/git_repos/samaust/Experiments_4DGS/scripts/vipe_benchmark/s1_helper_session.py", line 2316, in tick
    if gap>.1: raise TimeoutError('S1 monitor tick overrun')
               ^^^^^^^^^^^^^^^^^^^^^^^^^^^^^^^^^^^^^^^^^^^^^
TimeoutError: S1 monitor tick overrun
timing_or_cleanup_check_2: AssertionError: 1.3053516400104854 not less than or equal to 1

======================================================================
ERROR: test_l16_phase_deadline (test_vipe_benchmark_supervisor.HelperSessionTests.test_l16_phase_deadline)
----------------------------------------------------------------------
Traceback (most recent call last):
  File "/home/auss/git_repos/samaust/Experiments_4DGS/tests/test_vipe_benchmark_supervisor.py", line 1386, in test_l16_phase_deadline
    session.await_ready()
    ~~~~~~~~~~~~~~~~~~~^^
  File "/home/auss/git_repos/samaust/Experiments_4DGS/tests/test_vipe_benchmark_supervisor.py", line 1165, in observed
    result=operation(*args,**kwargs);return result
  File "/home/auss/git_repos/samaust/Experiments_4DGS/scripts/vipe_benchmark/s1_helper_session.py", line 2405, in await_ready
    self.tick(end); time.sleep(min(.005,max(0.,end-time.monotonic())))
    ~~~~~~~~~^^^^^
  File "/home/auss/git_repos/samaust/Experiments_4DGS/tests/test_vipe_benchmark_supervisor.py", line 1165, in observed
    result=operation(*args,**kwargs);return result
  File "/home/auss/git_repos/samaust/Experiments_4DGS/scripts/vipe_benchmark/s1_helper_session.py", line 2316, in tick
    if gap>.1: raise TimeoutError('S1 monitor tick overrun')
               ^^^^^^^^^^^^^^^^^^^^^^^^^^^^^^^^^^^^^^^^^^^^^
TimeoutError: S1 monitor tick overrun
timing_or_cleanup_check_2: AssertionError: 1.3371712139924057 not less than or equal to 1

======================================================================
ERROR: test_l17_post_task_acquisition (test_vipe_benchmark_supervisor.HelperSessionTests.test_l17_post_task_acquisition)
----------------------------------------------------------------------
Traceback (most recent call last):
  File "/home/auss/git_repos/samaust/Experiments_4DGS/tests/test_vipe_benchmark_supervisor.py", line 1391, in test_l17_post_task_acquisition
    session.await_ready()
    ~~~~~~~~~~~~~~~~~~~^^
  File "/home/auss/git_repos/samaust/Experiments_4DGS/tests/test_vipe_benchmark_supervisor.py", line 1165, in observed
    result=operation(*args,**kwargs);return result
  File "/home/auss/git_repos/samaust/Experiments_4DGS/scripts/vipe_benchmark/s1_helper_session.py", line 2405, in await_ready
    self.tick(end); time.sleep(min(.005,max(0.,end-time.monotonic())))
    ~~~~~~~~~^^^^^
  File "/home/auss/git_repos/samaust/Experiments_4DGS/tests/test_vipe_benchmark_supervisor.py", line 1165, in observed
    result=operation(*args,**kwargs);return result
  File "/home/auss/git_repos/samaust/Experiments_4DGS/scripts/vipe_benchmark/s1_helper_session.py", line 2316, in tick
    if gap>.1: raise TimeoutError('S1 monitor tick overrun')
               ^^^^^^^^^^^^^^^^^^^^^^^^^^^^^^^^^^^^^^^^^^^^^
TimeoutError: S1 monitor tick overrun
timing_or_cleanup_check_2: AssertionError: 1.3559633800177835 not less than or equal to 1

======================================================================
ERROR: test_l18_descendant_and_foreign_sentinel (test_vipe_benchmark_supervisor.HelperSessionTests.test_l18_descendant_and_foreign_sentinel)
----------------------------------------------------------------------
Traceback (most recent call last):
  File "/home/auss/git_repos/samaust/Experiments_4DGS/tests/test_vipe_benchmark_supervisor.py", line 1409, in test_l18_descendant_and_foreign_sentinel
    session.await_ready()
    ~~~~~~~~~~~~~~~~~~~^^
  File "/home/auss/git_repos/samaust/Experiments_4DGS/tests/test_vipe_benchmark_supervisor.py", line 1165, in observed
    result=operation(*args,**kwargs);return result
  File "/home/auss/git_repos/samaust/Experiments_4DGS/scripts/vipe_benchmark/s1_helper_session.py", line 2405, in await_ready
    self.tick(end); time.sleep(min(.005,max(0.,end-time.monotonic())))
    ~~~~~~~~~^^^^^
  File "/home/auss/git_repos/samaust/Experiments_4DGS/tests/test_vipe_benchmark_supervisor.py", line 1165, in observed
    result=operation(*args,**kwargs);return result
  File "/home/auss/git_repos/samaust/Experiments_4DGS/scripts/vipe_benchmark/s1_helper_session.py", line 2316, in tick
    if gap>.1: raise TimeoutError('S1 monitor tick overrun')
               ^^^^^^^^^^^^^^^^^^^^^^^^^^^^^^^^^^^^^^^^^^^^^
TimeoutError: S1 monitor tick overrun
timing_or_cleanup_check_0: AssertionError: False is not true : {'scenario': 'L18', 'mode': 'descendant', 'constructor_entry': 202938.445631553, 'action_cutoff': 202940.445631553, 'safety_cutoff': 202941.445631553, 'constructor_end': 202938.589564947, 't0': 202938.445653579, 'ready_deadline': 202939.445653579, 'setup_deadline': 202940.445653579, 'setup_cleanup_deadline': 202941.445653579, 'action_end': 202938.589591965, 'end': 202941.450766108, 'execution_seconds': 0.14396041198051535, 'cleanup_seconds': 2.8611741430067923, 'cleanup_confirmed': False, 'records': {'work': {'role': 'work', 'state': 'pid_owned', 'pid': 508534, 'pgid': 508534, 'start_ticks': 26046854}, 'sample': {'role': 'sample', 'state': 'pending', 'pid': None}}, 'errors': [], 'signals': [{'pid': 508534, 'signal': 15, 'monotonic': 202938.876545363}, {'pid': 508534, 'signal': 9, 'monotonic': 202939.191667283}, {'pid': 508534, 'signal': 9, 'monotonic': 202939.385065815}, {'pid': 508534, 'signal': 9, 'monotonic': 202939.457329813}, {'pid': 508534, 'signal': 9, 'monotonic': 202939.528530233}, {'pid': 508534, 'signal': 9, 'monotonic': 202939.599592117}, {'pid': 508534, 'signal': 9, 'monotonic': 202939.674155304}, {'pid': 508534, 'signal': 9, 'monotonic': 202939.749013902}, {'pid': 508534, 'signal': 9, 'monotonic': 202939.830258529}, {'pid': 508534, 'signal': 9, 'monotonic': 202939.901291291}, {'pid': 508534, 'signal': 9, 'monotonic': 202939.972912767}, {'pid': 508534, 'signal': 9, 'monotonic': 202940.044482729}, {'pid': 508534, 'signal': 9, 'monotonic': 202940.119130394}, {'pid': 508534, 'signal': 9, 'monotonic': 202940.194254888}, {'pid': 508534, 'signal': 9, 'monotonic': 202940.264926774}, {'pid': 508534, 'signal': 9, 'monotonic': 202940.33499655}, {'pid': 508534, 'signal': 9, 'monotonic': 202940.407195363}, {'pid': 508534, 'signal': 9, 'monotonic': 202940.478172347}, {'pid': 508534, 'signal': 9, 'monotonic': 202940.558263022}, {'pid': 508534, 'signal': 9, 'monotonic': 202940.63007686}, {'pid': 508534, 'signal': 9, 'monotonic': 202940.700799699}, {'pid': 508534, 'signal': 9, 'monotonic': 202940
timing_or_cleanup_check_2: AssertionError: 2.8611741430067923 not less than or equal to 1
timing_or_cleanup_check_3: AssertionError: 3.0051345549873076 not less than or equal to 3

======================================================================
ERROR: test_l19_term_resistance (test_vipe_benchmark_supervisor.HelperSessionTests.test_l19_term_resistance)
----------------------------------------------------------------------
Traceback (most recent call last):
  File "/home/auss/git_repos/samaust/Experiments_4DGS/tests/test_vipe_benchmark_supervisor.py", line 1434, in test_l19_term_resistance
    session.await_ready()
    ~~~~~~~~~~~~~~~~~~~^^
  File "/home/auss/git_repos/samaust/Experiments_4DGS/tests/test_vipe_benchmark_supervisor.py", line 1165, in observed
    result=operation(*args,**kwargs);return result
  File "/home/auss/git_repos/samaust/Experiments_4DGS/scripts/vipe_benchmark/s1_helper_session.py", line 2405, in await_ready
    self.tick(end); time.sleep(min(.005,max(0.,end-time.monotonic())))
    ~~~~~~~~~^^^^^
  File "/home/auss/git_repos/samaust/Experiments_4DGS/tests/test_vipe_benchmark_supervisor.py", line 1165, in observed
    result=operation(*args,**kwargs);return result
  File "/home/auss/git_repos/samaust/Experiments_4DGS/scripts/vipe_benchmark/s1_helper_session.py", line 2316, in tick
    if gap>.1: raise TimeoutError('S1 monitor tick overrun')
               ^^^^^^^^^^^^^^^^^^^^^^^^^^^^^^^^^^^^^^^^^^^^^
TimeoutError: S1 monitor tick overrun
timing_or_cleanup_check_0: AssertionError: False is not true : {'scenario': 'L19', 'mode': 'ignore_term', 'constructor_entry': 202941.456950385, 'action_cutoff': 202943.456950385, 'safety_cutoff': 202944.456950385, 'constructor_end': 202941.636509261, 't0': 202941.456975933, 'ready_deadline': 202942.456975933, 'setup_deadline': 202943.456975933, 'setup_cleanup_deadline': 202944.456975933, 'action_end': 202941.636535968, 'end': 202942.233006358, 'execution_seconds': 0.17958558298414573, 'cleanup_seconds': 0.5964703900099266, 'cleanup_confirmed': False, 'records': {'work': {'role': 'work', 'state': 'spawning', 'pid': None}, 'sample': {'role': 'sample', 'state': 'pending', 'pid': None}}, 'errors': [{'error_class': 'ValueError', 'message': 'owned Owner.run work dispatch CPU capacity', 'phase': 'startup'}], 'signals': [], 'ticks': [202941.456975933, 202941.636519274], 'events': [{'event': 'fixture_spawn_entry', 'role': 'work', 'observed': 202941.547466711, 'ready_deadline': 202942.456975933}], 'trace_facts': {'capacity': 256, 'total': 1, 'dropped': 0, 'saturated': False, 'first': 202941.547467819, 'last': 202941.547467819}, 'tick_facts': {'capacity': 128, 'total': 2, 'dropped': 0, 'saturated': False, 'first': 202941.456981464, 'last': 202941.636520058}, 'owner_error_facts': {'capacity': 32, 'total': 1, 'dropped': 0, 'saturated': False, 'first': 202941.888919355, 'last': 202941.888919355}, 'owner_signal_facts': {'capacity': 128, 'total': 0, 'dropped': 0, 'saturated': False, 'first': None, 'last': None}, 'request_counts': {'work': {'dispatch': 0, 'response': 0}, 'sample': {'dispatch': 0, 'response': 0}}, 'census_request_count': 0, 'max_gap': 0.17954334101523273, 'max_turn': 0.0, 'call_observations': [{'operation': 'tick', 'entered': 202941.636518743, 'deadline': 202942.456975933, 'returned': 202941.636528875, 'confirmed': None, 'error': 'TimeoutError: S1 monitor tick overrun', 'ready_before': [], 'ready_after': []}, {'operation': 'await_ready', 'entered': 202941.636515159, 'deadline': 202942.456975933, 'returned': 202941.636532469, 'confirmed': None, 'error': 'T

======================================================================
ERROR: test_l20_exit_during_transport (test_vipe_benchmark_supervisor.HelperSessionTests.test_l20_exit_during_transport)
----------------------------------------------------------------------
Traceback (most recent call last):
  File "/home/auss/git_repos/samaust/Experiments_4DGS/tests/test_vipe_benchmark_supervisor.py", line 1441, in test_l20_exit_during_transport
    session.await_ready()
    ~~~~~~~~~~~~~~~~~~~^^
  File "/home/auss/git_repos/samaust/Experiments_4DGS/tests/test_vipe_benchmark_supervisor.py", line 1165, in observed
    result=operation(*args,**kwargs);return result
  File "/home/auss/git_repos/samaust/Experiments_4DGS/scripts/vipe_benchmark/s1_helper_session.py", line 2405, in await_ready
    self.tick(end); time.sleep(min(.005,max(0.,end-time.monotonic())))
    ~~~~~~~~~^^^^^
  File "/home/auss/git_repos/samaust/Experiments_4DGS/tests/test_vipe_benchmark_supervisor.py", line 1165, in observed
    result=operation(*args,**kwargs);return result
  File "/home/auss/git_repos/samaust/Experiments_4DGS/scripts/vipe_benchmark/s1_helper_session.py", line 2316, in tick
    if gap>.1: raise TimeoutError('S1 monitor tick overrun')
               ^^^^^^^^^^^^^^^^^^^^^^^^^^^^^^^^^^^^^^^^^^^^^
TimeoutError: S1 monitor tick overrun
timing_or_cleanup_check_0: AssertionError: False is not true : {'scenario': 'L20', 'mode': 'exit_transport', 'constructor_entry': 202942.233846284, 'action_cutoff': 202944.233846284, 'safety_cutoff': 202945.233846284, 'constructor_end': 202942.448398417, 't0': 202942.233868217, 'ready_deadline': 202943.233868217, 'setup_deadline': 202944.233868217, 'setup_cleanup_deadline': 202945.233868217, 'action_end': 202942.448423508, 'end': 202943.05537141, 'execution_seconds': 0.21457722398918122, 'cleanup_seconds': 0.6069479020079598, 'cleanup_confirmed': False, 'records': {'work': {'role': 'work', 'state': 'spawning', 'pid': None}, 'sample': {'role': 'sample', 'state': 'pending', 'pid': None}}, 'errors': [{'error_class': 'ValueError', 'message': 'owned Owner.run work dispatch CPU capacity', 'phase': 'startup'}], 'signals': [], 'ticks': [202942.233868217, 202942.448408485], 'events': [{'event': 'fixture_spawn_entry', 'role': 'work', 'observed': 202942.323789296, 'ready_deadline': 202943.233868217}], 'trace_facts': {'capacity': 256, 'total': 1, 'dropped': 0, 'saturated': False, 'first': 202942.32379129, 'last': 202942.32379129}, 'tick_facts': {'capacity': 128, 'total': 2, 'dropped': 0, 'saturated': False, 'first': 202942.233872578, 'last': 202942.448409765}, 'owner_error_facts': {'capacity': 32, 'total': 1, 'dropped': 0, 'saturated': False, 'first': 202942.698951485, 'last': 202942.698951485}, 'owner_signal_facts': {'capacity': 128, 'total': 0, 'dropped': 0, 'saturated': False, 'first': None, 'last': None}, 'request_counts': {'work': {'dispatch': 0, 'response': 0}, 'sample': {'dispatch': 0, 'response': 0}}, 'census_request_count': 0, 'max_gap': 0.21454026800347492, 'max_turn': 0.0, 'call_observations': [{'operation': 'tick', 'entered': 202942.448407824, 'deadline': 202943.233868217, 'returned': 202942.448416372, 'confirmed': None, 'error': 'TimeoutError: S1 monitor tick overrun', 'ready_before': [], 'ready_after': []}, {'operation': 'await_ready', 'entered': 202942.448404031, 'deadline': 202943.233868217, 'returned': 202942.448419877, 'confirmed': None, 'error': 'T

======================================================================
ERROR: test_l21_enumeration_failure (test_vipe_benchmark_supervisor.HelperSessionTests.test_l21_enumeration_failure)
----------------------------------------------------------------------
Traceback (most recent call last):
  File "/home/auss/git_repos/samaust/Experiments_4DGS/tests/test_vipe_benchmark_supervisor.py", line 1456, in test_l21_enumeration_failure
    def test_l21_enumeration_failure(self): self.failed_cleanup('L21','enumeration_failure')
                                            ~~~~~~~~~~~~~~~~~~~^^^^^^^^^^^^^^^^^^^^^^^^^^^^^
  File "/home/auss/git_repos/samaust/Experiments_4DGS/tests/test_vipe_benchmark_supervisor.py", line 1447, in failed_cleanup
    session.await_ready()
    ~~~~~~~~~~~~~~~~~~~^^
  File "/home/auss/git_repos/samaust/Experiments_4DGS/tests/test_vipe_benchmark_supervisor.py", line 1165, in observed
    result=operation(*args,**kwargs);return result
  File "/home/auss/git_repos/samaust/Experiments_4DGS/scripts/vipe_benchmark/s1_helper_session.py", line 2405, in await_ready
    self.tick(end); time.sleep(min(.005,max(0.,end-time.monotonic())))
    ~~~~~~~~~^^^^^
  File "/home/auss/git_repos/samaust/Experiments_4DGS/tests/test_vipe_benchmark_supervisor.py", line 1165, in observed
    result=operation(*args,**kwargs);return result
  File "/home/auss/git_repos/samaust/Experiments_4DGS/scripts/vipe_benchmark/s1_helper_session.py", line 2316, in tick
    if gap>.1: raise TimeoutError('S1 monitor tick overrun')
               ^^^^^^^^^^^^^^^^^^^^^^^^^^^^^^^^^^^^^^^^^^^^^
TimeoutError: S1 monitor tick overrun
timing_or_cleanup_check_0: AssertionError: False is not true : {'scenario': 'L21', 'mode': 'enumeration_failure', 'constructor_entry': 202943.085459319, 'action_cutoff': 202945.085459319, 'safety_cutoff': 202946.085459319, 'constructor_end': 202943.265423344, 't0': 202943.085483438, 'ready_deadline': 202944.085483438, 'setup_deadline': 202945.085483438, 'setup_cleanup_deadline': 202946.085483438, 'action_end': 202943.265452574, 'end': 202943.875288306, 'execution_seconds': 0.17999325500568375, 'cleanup_seconds': 0.6098357320006471, 'cleanup_confirmed': False, 'records': {'work': {'role': 'work', 'state': 'spawning', 'pid': None}, 'sample': {'role': 'sample', 'state': 'pending', 'pid': None}}, 'errors': [{'error_class': 'ValueError', 'message': 'owned Owner.run work dispatch CPU capacity', 'phase': 'startup'}], 'signals': [], 'ticks': [202943.085483438, 202943.265433507], 'events': [{'event': 'fixture_spawn_entry', 'role': 'work', 'observed': 202943.174967812, 'ready_deadline': 202944.085483438}], 'trace_facts': {'capacity': 256, 'total': 1, 'dropped': 0, 'saturated': False, 'first': 202943.174969575, 'last': 202943.174969575}, 'tick_facts': {'capacity': 128, 'total': 2, 'dropped': 0, 'saturated': False, 'first': 202943.085488722, 'last': 202943.265434959}, 'owner_error_facts': {'capacity': 32, 'total': 1, 'dropped': 0, 'saturated': False, 'first': 202943.522361605, 'last': 202943.522361605}, 'owner_signal_facts': {'capacity': 128, 'total': 0, 'dropped': 0, 'saturated': False, 'first': None, 'last': None}, 'request_counts': {'work': {'dispatch': 0, 'response': 0}, 'sample': {'dispatch': 0, 'response': 0}}, 'census_request_count': 0, 'max_gap': 0.17995006902492605, 'max_turn': 0.0, 'call_observations': [{'operation': 'tick', 'entered': 202943.265432877, 'deadline': 202944.085483438, 'returned': 202943.265444281, 'confirmed': None, 'error': 'TimeoutError: S1 monitor tick overrun', 'ready_before': [], 'ready_after': []}, {'operation': 'await_ready', 'entered': 202943.265428403, 'deadline': 202944.085483438, 'returned': 202943.265449283, 'confirmed': None, 'er

======================================================================
ERROR: test_l22_signal_failure (test_vipe_benchmark_supervisor.HelperSessionTests.test_l22_signal_failure)
----------------------------------------------------------------------
Traceback (most recent call last):
  File "/home/auss/git_repos/samaust/Experiments_4DGS/tests/test_vipe_benchmark_supervisor.py", line 1457, in test_l22_signal_failure
    def test_l22_signal_failure(self): self.failed_cleanup('L22','signal_failure')
                                       ~~~~~~~~~~~~~~~~~~~^^^^^^^^^^^^^^^^^^^^^^^^
  File "/home/auss/git_repos/samaust/Experiments_4DGS/tests/test_vipe_benchmark_supervisor.py", line 1447, in failed_cleanup
    session.await_ready()
    ~~~~~~~~~~~~~~~~~~~^^
  File "/home/auss/git_repos/samaust/Experiments_4DGS/tests/test_vipe_benchmark_supervisor.py", line 1165, in observed
    result=operation(*args,**kwargs);return result
  File "/home/auss/git_repos/samaust/Experiments_4DGS/scripts/vipe_benchmark/s1_helper_session.py", line 2405, in await_ready
    self.tick(end); time.sleep(min(.005,max(0.,end-time.monotonic())))
    ~~~~~~~~~^^^^^
  File "/home/auss/git_repos/samaust/Experiments_4DGS/tests/test_vipe_benchmark_supervisor.py", line 1165, in observed
    result=operation(*args,**kwargs);return result
  File "/home/auss/git_repos/samaust/Experiments_4DGS/scripts/vipe_benchmark/s1_helper_session.py", line 2316, in tick
    if gap>.1: raise TimeoutError('S1 monitor tick overrun')
               ^^^^^^^^^^^^^^^^^^^^^^^^^^^^^^^^^^^^^^^^^^^^^
TimeoutError: S1 monitor tick overrun
timing_or_cleanup_check_0: AssertionError: False is not true : {'scenario': 'L22', 'mode': 'signal_failure', 'constructor_entry': 202943.901137795, 'action_cutoff': 202945.901137795, 'safety_cutoff': 202946.901137795, 'constructor_end': 202944.090732143, 't0': 202943.901165129, 'ready_deadline': 202944.901165129, 'setup_deadline': 202945.901165129, 'setup_cleanup_deadline': 202946.901165129, 'action_end': 202944.090759772, 'end': 202944.697616066, 'execution_seconds': 0.18962197698419914, 'cleanup_seconds': 0.6068562940054107, 'cleanup_confirmed': False, 'records': {'work': {'role': 'work', 'state': 'spawning', 'pid': None}, 'sample': {'role': 'sample', 'state': 'pending', 'pid': None}}, 'errors': [{'error_class': 'ValueError', 'message': 'owned Owner.run work dispatch CPU capacity', 'phase': 'startup'}], 'signals': [], 'ticks': [202943.901165129, 202944.090743093], 'events': [{'event': 'fixture_spawn_entry', 'role': 'work', 'observed': 202943.997958343, 'ready_deadline': 202944.901165129}], 'trace_facts': {'capacity': 256, 'total': 1, 'dropped': 0, 'saturated': False, 'first': 202943.997959802, 'last': 202943.997959802}, 'tick_facts': {'capacity': 128, 'total': 2, 'dropped': 0, 'saturated': False, 'first': 202943.901171443, 'last': 202944.090744189}, 'owner_error_facts': {'capacity': 32, 'total': 1, 'dropped': 0, 'saturated': False, 'first': 202944.347041976, 'last': 202944.347041976}, 'owner_signal_facts': {'capacity': 128, 'total': 0, 'dropped': 0, 'saturated': False, 'first': None, 'last': None}, 'request_counts': {'work': {'dispatch': 0, 'response': 0}, 'sample': {'dispatch': 0, 'response': 0}}, 'census_request_count': 0, 'max_gap': 0.18957796398899518, 'max_turn': 0.0, 'call_observations': [{'operation': 'tick', 'entered': 202944.090742377, 'deadline': 202944.901165129, 'returned': 202944.090752888, 'confirmed': None, 'error': 'TimeoutError: S1 monitor tick overrun', 'ready_before': [], 'ready_after': []}, {'operation': 'await_ready', 'entered': 202944.090737838, 'deadline': 202944.901165129, 'returned': 202944.090756436, 'confirmed': None, 'error':

======================================================================
ERROR: test_l23_reap_failure (test_vipe_benchmark_supervisor.HelperSessionTests.test_l23_reap_failure)
----------------------------------------------------------------------
Traceback (most recent call last):
  File "/home/auss/git_repos/samaust/Experiments_4DGS/tests/test_vipe_benchmark_supervisor.py", line 1458, in test_l23_reap_failure
    def test_l23_reap_failure(self): self.failed_cleanup('L23','reap_failure')
                                     ~~~~~~~~~~~~~~~~~~~^^^^^^^^^^^^^^^^^^^^^^
  File "/home/auss/git_repos/samaust/Experiments_4DGS/tests/test_vipe_benchmark_supervisor.py", line 1447, in failed_cleanup
    session.await_ready()
    ~~~~~~~~~~~~~~~~~~~^^
  File "/home/auss/git_repos/samaust/Experiments_4DGS/tests/test_vipe_benchmark_supervisor.py", line 1165, in observed
    result=operation(*args,**kwargs);return result
  File "/home/auss/git_repos/samaust/Experiments_4DGS/scripts/vipe_benchmark/s1_helper_session.py", line 2405, in await_ready
    self.tick(end); time.sleep(min(.005,max(0.,end-time.monotonic())))
    ~~~~~~~~~^^^^^
  File "/home/auss/git_repos/samaust/Experiments_4DGS/tests/test_vipe_benchmark_supervisor.py", line 1165, in observed
    result=operation(*args,**kwargs);return result
  File "/home/auss/git_repos/samaust/Experiments_4DGS/scripts/vipe_benchmark/s1_helper_session.py", line 2316, in tick
    if gap>.1: raise TimeoutError('S1 monitor tick overrun')
               ^^^^^^^^^^^^^^^^^^^^^^^^^^^^^^^^^^^^^^^^^^^^^
TimeoutError: S1 monitor tick overrun
timing_or_cleanup_check_0: AssertionError: False is not true : {'scenario': 'L23', 'mode': 'reap_failure', 'constructor_entry': 202944.727889726, 'action_cutoff': 202946.727889726, 'safety_cutoff': 202947.727889726, 'constructor_end': 202944.913305186, 't0': 202944.727916149, 'ready_deadline': 202945.727916149, 'setup_deadline': 202946.727916149, 'setup_cleanup_deadline': 202947.727916149, 'action_end': 202944.913332369, 'end': 202945.538102455, 'execution_seconds': 0.18544264300726354, 'cleanup_seconds': 0.6247700859967154, 'cleanup_confirmed': False, 'records': {'work': {'role': 'work', 'state': 'spawning', 'pid': None}, 'sample': {'role': 'sample', 'state': 'pending', 'pid': None}}, 'errors': [{'error_class': 'ValueError', 'message': 'owned Owner.run work dispatch CPU capacity', 'phase': 'startup'}], 'signals': [], 'ticks': [202944.727916149, 202944.913314489], 'events': [{'event': 'fixture_spawn_entry', 'role': 'work', 'observed': 202944.820145944, 'ready_deadline': 202945.727916149}], 'trace_facts': {'capacity': 256, 'total': 1, 'dropped': 0, 'saturated': False, 'first': 202944.820147908, 'last': 202944.820147908}, 'tick_facts': {'capacity': 128, 'total': 2, 'dropped': 0, 'saturated': False, 'first': 202944.727920823, 'last': 202944.913315517}, 'owner_error_facts': {'capacity': 32, 'total': 1, 'dropped': 0, 'saturated': False, 'first': 202945.170737273, 'last': 202945.170737273}, 'owner_signal_facts': {'capacity': 128, 'total': 0, 'dropped': 0, 'saturated': False, 'first': None, 'last': None}, 'request_counts': {'work': {'dispatch': 0, 'response': 0}, 'sample': {'dispatch': 0, 'response': 0}}, 'census_request_count': 0, 'max_gap': 0.1853983400214929, 'max_turn': 0.0, 'call_observations': [{'operation': 'tick', 'entered': 202944.913313724, 'deadline': 202945.727916149, 'returned': 202944.913323756, 'confirmed': None, 'error': 'TimeoutError: S1 monitor tick overrun', 'ready_before': [], 'ready_after': []}, {'operation': 'await_ready', 'entered': 202944.913310249, 'deadline': 202945.727916149, 'returned': 202944.913327309, 'confirmed': None, 'error': 'T

======================================================================
ERROR: test_l24_summary_reference_adapter (test_vipe_benchmark_supervisor.HelperSessionTests.test_l24_summary_reference_adapter)
----------------------------------------------------------------------
Traceback (most recent call last):
  File "/home/auss/git_repos/samaust/Experiments_4DGS/tests/test_vipe_benchmark_supervisor.py", line 1469, in test_l24_summary_reference_adapter
    session.await_ready()
    ~~~~~~~~~~~~~~~~~~~^^
  File "/home/auss/git_repos/samaust/Experiments_4DGS/tests/test_vipe_benchmark_supervisor.py", line 1165, in observed
    result=operation(*args,**kwargs);return result
  File "/home/auss/git_repos/samaust/Experiments_4DGS/scripts/vipe_benchmark/s1_helper_session.py", line 2405, in await_ready
    self.tick(end); time.sleep(min(.005,max(0.,end-time.monotonic())))
    ~~~~~~~~~^^^^^
  File "/home/auss/git_repos/samaust/Experiments_4DGS/tests/test_vipe_benchmark_supervisor.py", line 1165, in observed
    result=operation(*args,**kwargs);return result
  File "/home/auss/git_repos/samaust/Experiments_4DGS/scripts/vipe_benchmark/s1_helper_session.py", line 2316, in tick
    if gap>.1: raise TimeoutError('S1 monitor tick overrun')
               ^^^^^^^^^^^^^^^^^^^^^^^^^^^^^^^^^^^^^^^^^^^^^
TimeoutError: S1 monitor tick overrun
timing_or_cleanup_check_0: AssertionError: False is not true : {'scenario': 'L24', 'mode': 'artifact', 'constructor_entry': 202947.231577835, 'action_cutoff': 202949.231577835, 'safety_cutoff': 202950.231577835, 'constructor_end': 202947.384760475, 't0': 202947.231603638, 'ready_deadline': 202948.231603638, 'setup_deadline': 202949.231603638, 'setup_cleanup_deadline': 202950.231603638, 'action_end': 202947.384788523, 'end': 202947.992038317, 'execution_seconds': 0.15321068800403737, 'cleanup_seconds': 0.6072497940040193, 'cleanup_confirmed': False, 'records': {'work': {'role': 'work', 'state': 'spawning', 'pid': None}, 'sample': {'role': 'sample', 'state': 'pending', 'pid': None}}, 'errors': [{'error_class': 'ValueError', 'message': 'owned Owner.run work dispatch CPU capacity', 'phase': 'startup'}], 'signals': [], 'ticks': [202947.231603638, 202947.384771265], 'events': [{'event': 'fixture_spawn_entry', 'role': 'work', 'observed': 202947.292852438, 'ready_deadline': 202948.231603638}], 'trace_facts': {'capacity': 256, 'total': 1, 'dropped': 0, 'saturated': False, 'first': 202947.292854594, 'last': 202947.292854594}, 'tick_facts': {'capacity': 128, 'total': 2, 'dropped': 0, 'saturated': False, 'first': 202947.231609482, 'last': 202947.38477201}, 'owner_error_facts': {'capacity': 32, 'total': 1, 'dropped': 0, 'saturated': False, 'first': 202947.64290481, 'last': 202947.64290481}, 'owner_signal_facts': {'capacity': 128, 'total': 0, 'dropped': 0, 'saturated': False, 'first': None, 'last': None}, 'request_counts': {'work': {'dispatch': 0, 'response': 0}, 'sample': {'dispatch': 0, 'response': 0}}, 'census_request_count': 0, 'max_gap': 0.15316762699512765, 'max_turn': 0.0, 'call_observations': [{'operation': 'tick', 'entered': 202947.384770516, 'deadline': 202948.231603638, 'returned': 202947.384780571, 'confirmed': None, 'error': 'TimeoutError: S1 monitor tick overrun', 'ready_before': [], 'ready_after': []}, {'operation': 'await_ready', 'entered': 202947.384765862, 'deadline': 202948.231603638, 'returned': 202947.384785177, 'confirmed': None, 'error': 'Timeout

======================================================================
ERROR: test_l27_encoder_early_response (test_vipe_benchmark_supervisor.HelperSessionTests.test_l27_encoder_early_response)
----------------------------------------------------------------------
Traceback (most recent call last):
  File "/home/auss/git_repos/samaust/Experiments_4DGS/tests/test_vipe_benchmark_supervisor.py", line 1542, in test_l27_encoder_early_response
    def test_l27_encoder_early_response(self): self.early_response('L27','early_encoder')
                                               ~~~~~~~~~~~~~~~~~~~^^^^^^^^^^^^^^^^^^^^^^^
  File "/home/auss/git_repos/samaust/Experiments_4DGS/tests/test_vipe_benchmark_supervisor.py", line 1521, in early_response
    session.await_ready(); wire=session.wires['work']
    ~~~~~~~~~~~~~~~~~~~^^
  File "/home/auss/git_repos/samaust/Experiments_4DGS/tests/test_vipe_benchmark_supervisor.py", line 1165, in observed
    result=operation(*args,**kwargs);return result
  File "/home/auss/git_repos/samaust/Experiments_4DGS/scripts/vipe_benchmark/s1_helper_session.py", line 2405, in await_ready
    self.tick(end); time.sleep(min(.005,max(0.,end-time.monotonic())))
    ~~~~~~~~~^^^^^
  File "/home/auss/git_repos/samaust/Experiments_4DGS/tests/test_vipe_benchmark_supervisor.py", line 1165, in observed
    result=operation(*args,**kwargs);return result
  File "/home/auss/git_repos/samaust/Experiments_4DGS/scripts/vipe_benchmark/s1_helper_session.py", line 2316, in tick
    if gap>.1: raise TimeoutError('S1 monitor tick overrun')
               ^^^^^^^^^^^^^^^^^^^^^^^^^^^^^^^^^^^^^^^^^^^^^
TimeoutError: S1 monitor tick overrun
timing_or_cleanup_check_0: AssertionError: False is not true : {'scenario': 'L27', 'mode': 'early_encoder', 'constructor_entry': 202950.070589965, 'action_cutoff': 202952.070589965, 'safety_cutoff': 202953.070589965, 'constructor_end': 202950.225522922, 't0': 202950.070611908, 'ready_deadline': 202951.070611908, 'setup_deadline': 202952.070611908, 'setup_cleanup_deadline': 202953.070611908, 'action_end': 202950.225548082, 'end': 202950.620700327, 'execution_seconds': 0.1549581169965677, 'cleanup_seconds': 0.395152245007921, 'cleanup_confirmed': False, 'records': {'work': {'role': 'work', 'state': 'spawning', 'pid': None}, 'sample': {'role': 'sample', 'state': 'pending', 'pid': None}}, 'errors': [{'error_class': 'ValueError', 'message': 'owned Owner.run work dispatch CPU capacity', 'phase': 'startup'}], 'signals': [], 'ticks': [202950.070611908, 202950.225531663], 'events': [{'event': 'fixture_spawn_entry', 'role': 'work', 'observed': 202950.131815262, 'ready_deadline': 202951.070611908}], 'trace_facts': {'capacity': 256, 'total': 1, 'dropped': 0, 'saturated': False, 'first': 202950.131816948, 'last': 202950.131816948}, 'tick_facts': {'capacity': 128, 'total': 2, 'dropped': 0, 'saturated': False, 'first': 202950.070617237, 'last': 202950.225532913}, 'owner_error_facts': {'capacity': 32, 'total': 1, 'dropped': 0, 'saturated': False, 'first': 202950.331974095, 'last': 202950.331974095}, 'owner_signal_facts': {'capacity': 128, 'total': 0, 'dropped': 0, 'saturated': False, 'first': None, 'last': None}, 'request_counts': {'work': {'dispatch': 0, 'response': 0}, 'sample': {'dispatch': 0, 'response': 0}}, 'census_request_count': 0, 'max_gap': 0.1549197549757082, 'max_turn': 0.0, 'call_observations': [{'operation': 'tick', 'entered': 202950.225531013, 'deadline': 202951.070611908, 'returned': 202950.225539696, 'confirmed': None, 'error': 'TimeoutError: S1 monitor tick overrun', 'ready_before': [], 'ready_after': []}, {'operation': 'await_ready', 'entered': 202950.225527494, 'deadline': 202951.070611908, 'returned': 202950.225543719, 'confirmed': None, 'error': 'Ti

======================================================================
ERROR: test_l28_partial_early_response (test_vipe_benchmark_supervisor.HelperSessionTests.test_l28_partial_early_response)
----------------------------------------------------------------------
Traceback (most recent call last):
  File "/home/auss/git_repos/samaust/Experiments_4DGS/tests/test_vipe_benchmark_supervisor.py", line 1543, in test_l28_partial_early_response
    def test_l28_partial_early_response(self): self.early_response('L28','early_partial')
                                               ~~~~~~~~~~~~~~~~~~~^^^^^^^^^^^^^^^^^^^^^^^
  File "/home/auss/git_repos/samaust/Experiments_4DGS/tests/test_vipe_benchmark_supervisor.py", line 1521, in early_response
    session.await_ready(); wire=session.wires['work']
    ~~~~~~~~~~~~~~~~~~~^^
  File "/home/auss/git_repos/samaust/Experiments_4DGS/tests/test_vipe_benchmark_supervisor.py", line 1165, in observed
    result=operation(*args,**kwargs);return result
  File "/home/auss/git_repos/samaust/Experiments_4DGS/scripts/vipe_benchmark/s1_helper_session.py", line 2405, in await_ready
    self.tick(end); time.sleep(min(.005,max(0.,end-time.monotonic())))
    ~~~~~~~~~^^^^^
  File "/home/auss/git_repos/samaust/Experiments_4DGS/tests/test_vipe_benchmark_supervisor.py", line 1165, in observed
    result=operation(*args,**kwargs);return result
  File "/home/auss/git_repos/samaust/Experiments_4DGS/scripts/vipe_benchmark/s1_helper_session.py", line 2316, in tick
    if gap>.1: raise TimeoutError('S1 monitor tick overrun')
               ^^^^^^^^^^^^^^^^^^^^^^^^^^^^^^^^^^^^^^^^^^^^^
TimeoutError: S1 monitor tick overrun
timing_or_cleanup_check_0: AssertionError: False is not true : {'scenario': 'L28', 'mode': 'early_partial', 'constructor_entry': 202950.621933251, 'action_cutoff': 202952.621933251, 'safety_cutoff': 202953.621933251, 'constructor_end': 202950.778293488, 't0': 202950.62195668, 'ready_deadline': 202951.62195668, 'setup_deadline': 202952.62195668, 'setup_cleanup_deadline': 202953.62195668, 'action_end': 202950.778319579, 'end': 202951.188825482, 'execution_seconds': 0.15638632798800245, 'cleanup_seconds': 0.4105059030116536, 'cleanup_confirmed': False, 'records': {'work': {'role': 'work', 'state': 'spawning', 'pid': None}, 'sample': {'role': 'sample', 'state': 'pending', 'pid': None}}, 'errors': [{'error_class': 'ValueError', 'message': 'owned Owner.run work dispatch CPU capacity', 'phase': 'startup'}], 'signals': [], 'ticks': [202950.62195668, 202950.778302806], 'events': [{'event': 'fixture_spawn_entry', 'role': 'work', 'observed': 202950.683236798, 'ready_deadline': 202951.62195668}], 'trace_facts': {'capacity': 256, 'total': 1, 'dropped': 0, 'saturated': False, 'first': 202950.683239213, 'last': 202950.683239213}, 'tick_facts': {'capacity': 128, 'total': 2, 'dropped': 0, 'saturated': False, 'first': 202950.62196185, 'last': 202950.778304073}, 'owner_error_facts': {'capacity': 32, 'total': 1, 'dropped': 0, 'saturated': False, 'first': 202950.891081904, 'last': 202950.891081904}, 'owner_signal_facts': {'capacity': 128, 'total': 0, 'dropped': 0, 'saturated': False, 'first': None, 'last': None}, 'request_counts': {'work': {'dispatch': 0, 'response': 0}, 'sample': {'dispatch': 0, 'response': 0}}, 'census_request_count': 0, 'max_gap': 0.15634612599387765, 'max_turn': 0.0, 'call_observations': [{'operation': 'tick', 'entered': 202950.778302136, 'deadline': 202951.62195668, 'returned': 202950.77831225, 'confirmed': None, 'error': 'TimeoutError: S1 monitor tick overrun', 'ready_before': [], 'ready_after': []}, {'operation': 'await_ready', 'entered': 202950.778298575, 'deadline': 202951.62195668, 'returned': 202950.778316406, 'confirmed': None, 'error': 'TimeoutEr

======================================================================
ERROR: test_l29_readable_sample_equality (test_vipe_benchmark_supervisor.HelperSessionTests.test_l29_readable_sample_equality)
----------------------------------------------------------------------
Traceback (most recent call last):
  File "/home/auss/git_repos/samaust/Experiments_4DGS/tests/test_vipe_benchmark_supervisor.py", line 1572, in test_l29_readable_sample_equality
    def test_l29_readable_sample_equality(self): self.readable_equal('L29',1.2)
                                                 ~~~~~~~~~~~~~~~~~~~^^^^^^^^^^^
  File "/home/auss/git_repos/samaust/Experiments_4DGS/tests/test_vipe_benchmark_supervisor.py", line 1547, in readable_equal
    session.await_ready()
    ~~~~~~~~~~~~~~~~~~~^^
  File "/home/auss/git_repos/samaust/Experiments_4DGS/tests/test_vipe_benchmark_supervisor.py", line 1165, in observed
    result=operation(*args,**kwargs);return result
  File "/home/auss/git_repos/samaust/Experiments_4DGS/scripts/vipe_benchmark/s1_helper_session.py", line 2405, in await_ready
    self.tick(end); time.sleep(min(.005,max(0.,end-time.monotonic())))
    ~~~~~~~~~^^^^^
  File "/home/auss/git_repos/samaust/Experiments_4DGS/tests/test_vipe_benchmark_supervisor.py", line 1165, in observed
    result=operation(*args,**kwargs);return result
  File "/home/auss/git_repos/samaust/Experiments_4DGS/scripts/vipe_benchmark/s1_helper_session.py", line 2316, in tick
    if gap>.1: raise TimeoutError('S1 monitor tick overrun')
               ^^^^^^^^^^^^^^^^^^^^^^^^^^^^^^^^^^^^^^^^^^^^^
TimeoutError: S1 monitor tick overrun
timing_or_cleanup_check_0: AssertionError: False is not true : {'scenario': 'L29', 'mode': 'normal', 'constructor_entry': 202951.189928079, 'action_cutoff': 202953.189928079, 'safety_cutoff': 202954.189928079, 'constructor_end': 202951.348249813, 't0': 202951.189952375, 'ready_deadline': 202952.189952375, 'setup_deadline': 202953.189952375, 'setup_cleanup_deadline': 202954.189952375, 'action_end': 202951.34827414, 'end': 202951.751107014, 'execution_seconds': 0.15834606101270765, 'cleanup_seconds': 0.4028328739805147, 'cleanup_confirmed': False, 'records': {'work': {'role': 'work', 'state': 'spawning', 'pid': None}, 'sample': {'role': 'sample', 'state': 'pending', 'pid': None}}, 'errors': [{'error_class': 'ValueError', 'message': 'owned Owner.run work dispatch CPU capacity', 'phase': 'startup'}], 'signals': [], 'ticks': [202951.189952375, 202951.348259093], 'events': [{'event': 'fixture_spawn_entry', 'role': 'work', 'observed': 202951.253223085, 'ready_deadline': 202952.189952375}], 'trace_facts': {'capacity': 256, 'total': 1, 'dropped': 0, 'saturated': False, 'first': 202951.253225534, 'last': 202951.253225534}, 'tick_facts': {'capacity': 128, 'total': 2, 'dropped': 0, 'saturated': False, 'first': 202951.189957098, 'last': 202951.348260349}, 'owner_error_facts': {'capacity': 32, 'total': 1, 'dropped': 0, 'saturated': False, 'first': 202951.45687791, 'last': 202951.45687791}, 'owner_signal_facts': {'capacity': 128, 'total': 0, 'dropped': 0, 'saturated': False, 'first': None, 'last': None}, 'request_counts': {'work': {'dispatch': 0, 'response': 0}, 'sample': {'dispatch': 0, 'response': 0}}, 'census_request_count': 0, 'max_gap': 0.15830671801813878, 'max_turn': 0.0, 'call_observations': [{'operation': 'tick', 'entered': 202951.348258504, 'deadline': 202952.189952375, 'returned': 202951.348267257, 'confirmed': None, 'error': 'TimeoutError: S1 monitor tick overrun', 'ready_before': [], 'ready_after': []}, {'operation': 'await_ready', 'entered': 202951.348255155, 'deadline': 202952.189952375, 'returned': 202951.348271338, 'confirmed': None, 'error': 'TimeoutEr

======================================================================
ERROR: test_l30_readable_phase_equality (test_vipe_benchmark_supervisor.HelperSessionTests.test_l30_readable_phase_equality)
----------------------------------------------------------------------
Traceback (most recent call last):
  File "/home/auss/git_repos/samaust/Experiments_4DGS/tests/test_vipe_benchmark_supervisor.py", line 1573, in test_l30_readable_phase_equality
    def test_l30_readable_phase_equality(self): self.readable_equal('L30',.2)
                                                ~~~~~~~~~~~~~~~~~~~^^^^^^^^^^
  File "/home/auss/git_repos/samaust/Experiments_4DGS/tests/test_vipe_benchmark_supervisor.py", line 1547, in readable_equal
    session.await_ready()
    ~~~~~~~~~~~~~~~~~~~^^
  File "/home/auss/git_repos/samaust/Experiments_4DGS/tests/test_vipe_benchmark_supervisor.py", line 1165, in observed
    result=operation(*args,**kwargs);return result
  File "/home/auss/git_repos/samaust/Experiments_4DGS/scripts/vipe_benchmark/s1_helper_session.py", line 2405, in await_ready
    self.tick(end); time.sleep(min(.005,max(0.,end-time.monotonic())))
    ~~~~~~~~~^^^^^
  File "/home/auss/git_repos/samaust/Experiments_4DGS/tests/test_vipe_benchmark_supervisor.py", line 1165, in observed
    result=operation(*args,**kwargs);return result
  File "/home/auss/git_repos/samaust/Experiments_4DGS/scripts/vipe_benchmark/s1_helper_session.py", line 2316, in tick
    if gap>.1: raise TimeoutError('S1 monitor tick overrun')
               ^^^^^^^^^^^^^^^^^^^^^^^^^^^^^^^^^^^^^^^^^^^^^
TimeoutError: S1 monitor tick overrun
timing_or_cleanup_check_0: AssertionError: False is not true : {'scenario': 'L30', 'mode': 'normal', 'constructor_entry': 202951.752029071, 'action_cutoff': 202953.752029071, 'safety_cutoff': 202954.752029071, 'constructor_end': 202951.908937927, 't0': 202951.752052725, 'ready_deadline': 202952.752052725, 'setup_deadline': 202953.752052725, 'setup_cleanup_deadline': 202954.752052725, 'action_end': 202951.908962779, 'end': 202952.323839313, 'execution_seconds': 0.15693370799999684, 'cleanup_seconds': 0.4148765339923557, 'cleanup_confirmed': False, 'records': {'work': {'role': 'work', 'state': 'spawning', 'pid': None}, 'sample': {'role': 'sample', 'state': 'pending', 'pid': None}}, 'errors': [{'error_class': 'ValueError', 'message': 'owned Owner.run work dispatch CPU capacity', 'phase': 'startup'}], 'signals': [], 'ticks': [202951.752052725, 202951.908947459], 'events': [{'event': 'fixture_spawn_entry', 'role': 'work', 'observed': 202951.814538196, 'ready_deadline': 202952.752052725}], 'trace_facts': {'capacity': 256, 'total': 1, 'dropped': 0, 'saturated': False, 'first': 202951.814540552, 'last': 202951.814540552}, 'tick_facts': {'capacity': 128, 'total': 2, 'dropped': 0, 'saturated': False, 'first': 202951.752057828, 'last': 202951.908948737}, 'owner_error_facts': {'capacity': 32, 'total': 1, 'dropped': 0, 'saturated': False, 'first': 202952.017630451, 'last': 202952.017630451}, 'owner_signal_facts': {'capacity': 128, 'total': 0, 'dropped': 0, 'saturated': False, 'first': None, 'last': None}, 'request_counts': {'work': {'dispatch': 0, 'response': 0}, 'sample': {'dispatch': 0, 'response': 0}}, 'census_request_count': 0, 'max_gap': 0.1568947339837905, 'max_turn': 0.0, 'call_observations': [{'operation': 'tick', 'entered': 202951.908946826, 'deadline': 202952.752052725, 'returned': 202951.908956083, 'confirmed': None, 'error': 'TimeoutError: S1 monitor tick overrun', 'ready_before': [], 'ready_after': []}, {'operation': 'await_ready', 'entered': 202951.908943219, 'deadline': 202952.752052725, 'returned': 202951.908959677, 'confirmed': None, 'error': 'Timeout

======================================================================
ERROR: test_l31_live_worker_bracket_and_foreign (test_vipe_benchmark_supervisor.HelperSessionTests.test_l31_live_worker_bracket_and_foreign)
----------------------------------------------------------------------
Traceback (most recent call last):
  File "/home/auss/git_repos/samaust/Experiments_4DGS/tests/test_vipe_benchmark_supervisor.py", line 1607, in test_l31_live_worker_bracket_and_foreign
    session.await_ready()
    ~~~~~~~~~~~~~~~~~~~^^
  File "/home/auss/git_repos/samaust/Experiments_4DGS/tests/test_vipe_benchmark_supervisor.py", line 1165, in observed
    result=operation(*args,**kwargs);return result
  File "/home/auss/git_repos/samaust/Experiments_4DGS/scripts/vipe_benchmark/s1_helper_session.py", line 2405, in await_ready
    self.tick(end); time.sleep(min(.005,max(0.,end-time.monotonic())))
    ~~~~~~~~~^^^^^
  File "/home/auss/git_repos/samaust/Experiments_4DGS/tests/test_vipe_benchmark_supervisor.py", line 1165, in observed
    result=operation(*args,**kwargs);return result
  File "/home/auss/git_repos/samaust/Experiments_4DGS/scripts/vipe_benchmark/s1_helper_session.py", line 2316, in tick
    if gap>.1: raise TimeoutError('S1 monitor tick overrun')
               ^^^^^^^^^^^^^^^^^^^^^^^^^^^^^^^^^^^^^^^^^^^^^
TimeoutError: S1 monitor tick overrun
timing_or_cleanup_check_0: AssertionError: False is not true : {'scenario': 'L31', 'mode': 'normal', 'constructor_entry': 202952.324725901, 'action_cutoff': 202954.324725901, 'safety_cutoff': 202955.324725901, 'constructor_end': 202952.483135901, 't0': 202952.324747799, 'ready_deadline': 202953.324747799, 'setup_deadline': 202954.324747799, 'setup_cleanup_deadline': 202955.324747799, 'action_end': 202952.483163299, 'end': 202952.884393211, 'execution_seconds': 0.15843739800038747, 'cleanup_seconds': 0.40122991197858937, 'cleanup_confirmed': False, 'records': {'work': {'role': 'work', 'state': 'spawning', 'pid': None}, 'sample': {'role': 'sample', 'state': 'pending', 'pid': None}}, 'errors': [{'error_class': 'ValueError', 'message': 'owned Owner.run work dispatch CPU capacity', 'phase': 'startup'}], 'signals': [], 'ticks': [202952.324747799, 202952.483147199], 'events': [{'event': 'fixture_spawn_entry', 'role': 'work', 'observed': 202952.387244772, 'ready_deadline': 202953.324747799}], 'trace_facts': {'capacity': 256, 'total': 1, 'dropped': 0, 'saturated': False, 'first': 202952.38724617, 'last': 202952.38724617}, 'tick_facts': {'capacity': 128, 'total': 2, 'dropped': 0, 'saturated': False, 'first': 202952.32475267, 'last': 202952.483148372}, 'owner_error_facts': {'capacity': 32, 'total': 1, 'dropped': 0, 'saturated': False, 'first': 202952.590355365, 'last': 202952.590355365}, 'owner_signal_facts': {'capacity': 128, 'total': 0, 'dropped': 0, 'saturated': False, 'first': None, 'last': None}, 'request_counts': {'work': {'dispatch': 0, 'response': 0}, 'sample': {'dispatch': 0, 'response': 0}}, 'census_request_count': 0, 'max_gap': 0.15839940001023933, 'max_turn': 0.0, 'call_observations': [{'operation': 'tick', 'entered': 202952.483146385, 'deadline': 202953.324747799, 'returned': 202952.483156405, 'confirmed': None, 'error': 'TimeoutError: S1 monitor tick overrun', 'ready_before': [], 'ready_after': []}, {'operation': 'await_ready', 'entered': 202952.483142061, 'deadline': 202953.324747799, 'returned': 202952.483160056, 'confirmed': None, 'error': 'TimeoutE

======================================================================
ERROR: test_l32_unreaped_worker_pin (test_vipe_benchmark_supervisor.HelperSessionTests.test_l32_unreaped_worker_pin)
----------------------------------------------------------------------
Traceback (most recent call last):
  File "/home/auss/git_repos/samaust/Experiments_4DGS/tests/test_vipe_benchmark_supervisor.py", line 1622, in test_l32_unreaped_worker_pin
    session.await_ready()
    ~~~~~~~~~~~~~~~~~~~^^
  File "/home/auss/git_repos/samaust/Experiments_4DGS/tests/test_vipe_benchmark_supervisor.py", line 1165, in observed
    result=operation(*args,**kwargs);return result
  File "/home/auss/git_repos/samaust/Experiments_4DGS/scripts/vipe_benchmark/s1_helper_session.py", line 2405, in await_ready
    self.tick(end); time.sleep(min(.005,max(0.,end-time.monotonic())))
    ~~~~~~~~~^^^^^
  File "/home/auss/git_repos/samaust/Experiments_4DGS/tests/test_vipe_benchmark_supervisor.py", line 1165, in observed
    result=operation(*args,**kwargs);return result
  File "/home/auss/git_repos/samaust/Experiments_4DGS/scripts/vipe_benchmark/s1_helper_session.py", line 2316, in tick
    if gap>.1: raise TimeoutError('S1 monitor tick overrun')
               ^^^^^^^^^^^^^^^^^^^^^^^^^^^^^^^^^^^^^^^^^^^^^
TimeoutError: S1 monitor tick overrun
timing_or_cleanup_check_0: AssertionError: False is not true : {'scenario': 'L32', 'mode': 'normal', 'constructor_entry': 202952.885380008, 'action_cutoff': 202954.885380008, 'safety_cutoff': 202955.885380008, 'constructor_end': 202953.043307735, 't0': 202952.885409913, 'ready_deadline': 202953.885409913, 'setup_deadline': 202954.885409913, 'setup_cleanup_deadline': 202955.885409913, 'action_end': 202953.043332799, 'end': 202953.44675047, 'execution_seconds': 0.15795279099256732, 'cleanup_seconds': 0.40341767101199366, 'cleanup_confirmed': False, 'records': {'work': {'role': 'work', 'state': 'spawning', 'pid': None}, 'sample': {'role': 'sample', 'state': 'pending', 'pid': None}}, 'errors': [{'error_class': 'ValueError', 'message': 'owned Owner.run work dispatch CPU capacity', 'phase': 'startup'}], 'signals': [], 'ticks': [202952.885409913, 202953.043317235], 'events': [{'event': 'fixture_spawn_entry', 'role': 'work', 'observed': 202952.948686614, 'ready_deadline': 202953.885409913}], 'trace_facts': {'capacity': 256, 'total': 1, 'dropped': 0, 'saturated': False, 'first': 202952.948688708, 'last': 202952.948688708}, 'tick_facts': {'capacity': 128, 'total': 2, 'dropped': 0, 'saturated': False, 'first': 202952.885414907, 'last': 202953.043318024}, 'owner_error_facts': {'capacity': 32, 'total': 1, 'dropped': 0, 'saturated': False, 'first': 202953.149499789, 'last': 202953.149499789}, 'owner_signal_facts': {'capacity': 128, 'total': 0, 'dropped': 0, 'saturated': False, 'first': None, 'last': None}, 'request_counts': {'work': {'dispatch': 0, 'response': 0}, 'sample': {'dispatch': 0, 'response': 0}}, 'census_request_count': 0, 'max_gap': 0.15790732199093327, 'max_turn': 0.0, 'call_observations': [{'operation': 'tick', 'entered': 202953.043316712, 'deadline': 202953.885409913, 'returned': 202953.043326187, 'confirmed': None, 'error': 'TimeoutError: S1 monitor tick overrun', 'ready_before': [], 'ready_after': []}, {'operation': 'await_ready', 'entered': 202953.043313098, 'deadline': 202953.885409913, 'returned': 202953.043329709, 'confirmed': None, 'error': 'Timeou

======================================================================
ERROR: test_l33_blocked_census_refuses_stale (test_vipe_benchmark_supervisor.HelperSessionTests.test_l33_blocked_census_refuses_stale)
----------------------------------------------------------------------
Traceback (most recent call last):
  File "/home/auss/git_repos/samaust/Experiments_4DGS/tests/test_vipe_benchmark_supervisor.py", line 1635, in test_l33_blocked_census_refuses_stale
    session.await_ready()
    ~~~~~~~~~~~~~~~~~~~^^
  File "/home/auss/git_repos/samaust/Experiments_4DGS/tests/test_vipe_benchmark_supervisor.py", line 1165, in observed
    result=operation(*args,**kwargs);return result
  File "/home/auss/git_repos/samaust/Experiments_4DGS/scripts/vipe_benchmark/s1_helper_session.py", line 2405, in await_ready
    self.tick(end); time.sleep(min(.005,max(0.,end-time.monotonic())))
    ~~~~~~~~~^^^^^
  File "/home/auss/git_repos/samaust/Experiments_4DGS/tests/test_vipe_benchmark_supervisor.py", line 1165, in observed
    result=operation(*args,**kwargs);return result
  File "/home/auss/git_repos/samaust/Experiments_4DGS/scripts/vipe_benchmark/s1_helper_session.py", line 2316, in tick
    if gap>.1: raise TimeoutError('S1 monitor tick overrun')
               ^^^^^^^^^^^^^^^^^^^^^^^^^^^^^^^^^^^^^^^^^^^^^
TimeoutError: S1 monitor tick overrun
timing_or_cleanup_check_0: AssertionError: False is not true : {'scenario': 'L33', 'mode': 'census_block', 'constructor_entry': 202953.44753939, 'action_cutoff': 202955.44753939, 'safety_cutoff': 202956.44753939, 'constructor_end': 202953.608021883, 't0': 202953.44756238, 'ready_deadline': 202954.44756238, 'setup_deadline': 202955.44756238, 'setup_cleanup_deadline': 202956.44756238, 'action_end': 202953.608071156, 'end': 202954.018845149, 'execution_seconds': 0.1605317659850698, 'cleanup_seconds': 0.41077399300411344, 'cleanup_confirmed': False, 'records': {'work': {'role': 'work', 'state': 'spawning', 'pid': None}, 'sample': {'role': 'sample', 'state': 'pending', 'pid': None}}, 'errors': [{'error_class': 'ValueError', 'message': 'owned Owner.run work dispatch CPU capacity', 'phase': 'startup'}], 'signals': [], 'ticks': [202953.44756238, 202953.608029894], 'events': [{'event': 'fixture_spawn_entry', 'role': 'work', 'observed': 202953.511199693, 'ready_deadline': 202954.44756238}], 'trace_facts': {'capacity': 256, 'total': 1, 'dropped': 0, 'saturated': False, 'first': 202953.511200824, 'last': 202953.511200824}, 'tick_facts': {'capacity': 128, 'total': 2, 'dropped': 0, 'saturated': False, 'first': 202953.447567056, 'last': 202953.608030952}, 'owner_error_facts': {'capacity': 32, 'total': 1, 'dropped': 0, 'saturated': False, 'first': 202953.717253651, 'last': 202953.717253651}, 'owner_signal_facts': {'capacity': 128, 'total': 0, 'dropped': 0, 'saturated': False, 'first': None, 'last': None}, 'request_counts': {'work': {'dispatch': 0, 'response': 0}, 'sample': {'dispatch': 0, 'response': 0}}, 'census_request_count': 0, 'max_gap': 0.16046751401154324, 'max_turn': 0.0, 'call_observations': [{'operation': 'tick', 'entered': 202953.608029283, 'deadline': 202954.44756238, 'returned': 202953.608038513, 'confirmed': None, 'error': 'TimeoutError: S1 monitor tick overrun', 'ready_before': [], 'ready_after': []}, {'operation': 'await_ready', 'entered': 202953.608026212, 'deadline': 202954.44756238, 'returned': 202953.608041947, 'confirmed': None, 'error': 'TimeoutErro

======================================================================
ERROR: test_l34_enumeration_error_empty_sample (test_vipe_benchmark_supervisor.HelperSessionTests.test_l34_enumeration_error_empty_sample)
----------------------------------------------------------------------
Traceback (most recent call last):
  File "/home/auss/git_repos/samaust/Experiments_4DGS/tests/test_vipe_benchmark_supervisor.py", line 1656, in test_l34_enumeration_error_empty_sample
    session.await_ready();session.owner.armed=True
    ~~~~~~~~~~~~~~~~~~~^^
  File "/home/auss/git_repos/samaust/Experiments_4DGS/tests/test_vipe_benchmark_supervisor.py", line 1165, in observed
    result=operation(*args,**kwargs);return result
  File "/home/auss/git_repos/samaust/Experiments_4DGS/scripts/vipe_benchmark/s1_helper_session.py", line 2405, in await_ready
    self.tick(end); time.sleep(min(.005,max(0.,end-time.monotonic())))
    ~~~~~~~~~^^^^^
  File "/home/auss/git_repos/samaust/Experiments_4DGS/tests/test_vipe_benchmark_supervisor.py", line 1165, in observed
    result=operation(*args,**kwargs);return result
  File "/home/auss/git_repos/samaust/Experiments_4DGS/scripts/vipe_benchmark/s1_helper_session.py", line 2316, in tick
    if gap>.1: raise TimeoutError('S1 monitor tick overrun')
               ^^^^^^^^^^^^^^^^^^^^^^^^^^^^^^^^^^^^^^^^^^^^^
TimeoutError: S1 monitor tick overrun
timing_or_cleanup_check_0: AssertionError: False is not true : {'scenario': 'L34', 'mode': 'census_error', 'constructor_entry': 202954.019730223, 'action_cutoff': 202956.019730223, 'safety_cutoff': 202957.019730223, 'constructor_end': 202954.182199526, 't0': 202954.019761814, 'ready_deadline': 202955.019761814, 'setup_deadline': 202956.019761814, 'setup_cleanup_deadline': 202957.019761814, 'action_end': 202954.182225242, 'end': 202954.597997854, 'execution_seconds': 0.16249501900165342, 'cleanup_seconds': 0.41577261200291105, 'cleanup_confirmed': False, 'records': {'work': {'role': 'work', 'state': 'spawning', 'pid': None}, 'sample': {'role': 'sample', 'state': 'pending', 'pid': None}}, 'errors': [{'error_class': 'ValueError', 'message': 'owned Owner.run work dispatch CPU capacity', 'phase': 'startup'}], 'signals': [], 'ticks': [202954.019761814, 202954.182209128], 'events': [{'event': 'fixture_spawn_entry', 'role': 'work', 'observed': 202954.084552688, 'ready_deadline': 202955.019761814}], 'trace_facts': {'capacity': 256, 'total': 1, 'dropped': 0, 'saturated': False, 'first': 202954.084555135, 'last': 202954.084555135}, 'tick_facts': {'capacity': 128, 'total': 2, 'dropped': 0, 'saturated': False, 'first': 202954.01976994, 'last': 202954.182210025}, 'owner_error_facts': {'capacity': 32, 'total': 1, 'dropped': 0, 'saturated': False, 'first': 202954.290229643, 'last': 202954.290229643}, 'owner_signal_facts': {'capacity': 128, 'total': 0, 'dropped': 0, 'saturated': False, 'first': None, 'last': None}, 'request_counts': {'work': {'dispatch': 0, 'response': 0}, 'sample': {'dispatch': 0, 'response': 0}}, 'census_request_count': 0, 'max_gap': 0.1624473139818292, 'max_turn': 0.0, 'call_observations': [{'operation': 'tick', 'entered': 202954.182208478, 'deadline': 202955.019761814, 'returned': 202954.182217918, 'confirmed': None, 'error': 'TimeoutError: S1 monitor tick overrun', 'ready_before': [], 'ready_after': []}, {'operation': 'await_ready', 'entered': 202954.182204975, 'deadline': 202955.019761814, 'returned': 202954.182221489, 'confirmed': None, 'error': 'T

======================================================================
ERROR: test_l35_exited_leader_live_descendant (test_vipe_benchmark_supervisor.HelperSessionTests.test_l35_exited_leader_live_descendant)
----------------------------------------------------------------------
Traceback (most recent call last):
  File "/home/auss/git_repos/samaust/Experiments_4DGS/tests/test_vipe_benchmark_supervisor.py", line 1670, in test_l35_exited_leader_live_descendant
    session.await_ready()
    ~~~~~~~~~~~~~~~~~~~^^
  File "/home/auss/git_repos/samaust/Experiments_4DGS/tests/test_vipe_benchmark_supervisor.py", line 1165, in observed
    result=operation(*args,**kwargs);return result
  File "/home/auss/git_repos/samaust/Experiments_4DGS/scripts/vipe_benchmark/s1_helper_session.py", line 2405, in await_ready
    self.tick(end); time.sleep(min(.005,max(0.,end-time.monotonic())))
    ~~~~~~~~~^^^^^
  File "/home/auss/git_repos/samaust/Experiments_4DGS/tests/test_vipe_benchmark_supervisor.py", line 1165, in observed
    result=operation(*args,**kwargs);return result
  File "/home/auss/git_repos/samaust/Experiments_4DGS/scripts/vipe_benchmark/s1_helper_session.py", line 2316, in tick
    if gap>.1: raise TimeoutError('S1 monitor tick overrun')
               ^^^^^^^^^^^^^^^^^^^^^^^^^^^^^^^^^^^^^^^^^^^^^
TimeoutError: S1 monitor tick overrun
timing_or_cleanup_check_0: AssertionError: False is not true : {'scenario': 'L35', 'mode': 'normal', 'constructor_entry': 202954.598887983, 'action_cutoff': 202956.598887983, 'safety_cutoff': 202957.598887983, 'constructor_end': 202954.767966132, 't0': 202954.598912349, 'ready_deadline': 202955.598912349, 'setup_deadline': 202956.598912349, 'setup_cleanup_deadline': 202957.598912349, 'action_end': 202954.768183236, 'end': 202955.202114687, 'execution_seconds': 0.16929525299929082, 'cleanup_seconds': 0.43393145099980757, 'cleanup_confirmed': False, 'records': {'work': {'role': 'work', 'state': 'spawning', 'pid': None}, 'sample': {'role': 'sample', 'state': 'pending', 'pid': None}}, 'errors': [{'error_class': 'ValueError', 'message': 'owned Owner.run work dispatch CPU capacity', 'phase': 'startup'}], 'signals': [], 'ticks': [202954.598912349, 202954.768077977], 'events': [{'event': 'fixture_spawn_entry', 'role': 'work', 'observed': 202954.666135649, 'ready_deadline': 202955.598912349}], 'trace_facts': {'capacity': 256, 'total': 1, 'dropped': 0, 'saturated': False, 'first': 202954.666136754, 'last': 202954.666136754}, 'tick_facts': {'capacity': 128, 'total': 2, 'dropped': 0, 'saturated': False, 'first': 202954.598917193, 'last': 202954.768078845}, 'owner_error_facts': {'capacity': 32, 'total': 1, 'dropped': 0, 'saturated': False, 'first': 202954.879564039, 'last': 202954.879564039}, 'owner_signal_facts': {'capacity': 128, 'total': 0, 'dropped': 0, 'saturated': False, 'first': None, 'last': None}, 'request_counts': {'work': {'dispatch': 0, 'response': 0}, 'sample': {'dispatch': 0, 'response': 0}}, 'census_request_count': 0, 'max_gap': 0.16916562800179236, 'max_turn': 0.0, 'call_observations': [{'operation': 'tick', 'entered': 202954.768077235, 'deadline': 202955.598912349, 'returned': 202954.768085592, 'confirmed': None, 'error': 'TimeoutError: S1 monitor tick overrun', 'ready_before': [], 'ready_after': []}, {'operation': 'await_ready', 'entered': 202954.768073442, 'deadline': 202955.598912349, 'returned': 202954.768089047, 'confirmed': None, 'error': 'Timeo

======================================================================
ERROR: test_progress_p01_worker_deadline (test_vipe_benchmark_supervisor.HelperSessionTests.test_progress_p01_worker_deadline)
----------------------------------------------------------------------
Traceback (most recent call last):
  File "/home/auss/git_repos/samaust/Experiments_4DGS/tests/test_vipe_benchmark_supervisor.py", line 2027, in test_progress_p01_worker_deadline
    def test_progress_p01_worker_deadline(self):self.progress_scenario('P01','progress_worker',supervised=True)
                                                ~~~~~~~~~~~~~~~~~~~~~~^^^^^^^^^^^^^^^^^^^^^^^^^^^^^^^^^^^^^^^^^
  File "/home/auss/git_repos/samaust/Experiments_4DGS/tests/test_vipe_benchmark_supervisor.py", line 1779, in progress_scenario
    with self.scenario(label,mode) as session, tempfile.TemporaryDirectory() as temp:
         ~~~~~~~~~~~~~^^^^^^^^^^^^
  File "/usr/lib/python3.14/contextlib.py", line 141, in __enter__
    return next(self.gen)
  File "/home/auss/git_repos/samaust/Experiments_4DGS/tests/test_vipe_benchmark_supervisor.py", line 1153, in owned
    session(mode,instance=current,**bounds)
    ~~~~~~~^^^^^^^^^^^^^^^^^^^^^^^^^^^^^^^^
  File "/home/auss/git_repos/samaust/Experiments_4DGS/tests/test_vipe_benchmark_s1_helper_fixtures.py", line 69, in session
    instance.__init__(owner_factory=Selected, **kwargs)
    ~~~~~~~~~~~~~~~~~^^^^^^^^^^^^^^^^^^^^^^^^^^^^^^^^^^
  File "/home/auss/git_repos/samaust/Experiments_4DGS/scripts/vipe_benchmark/s1_helper_session.py", line 2163, in __init__
    self.job_thread=reserve_job_root('H','Session owner thread',allow_descendant=False) if os.environ.get('S1_JOB_LEDGER') else None
                    ~~~~~~~~~~~~~~~~^^^^^^^^^^^^^^^^^^^^^^^^^^^^^^^^^^^^^^^^^^^^^^^^^^^
  File "/home/auss/git_repos/samaust/Experiments_4DGS/scripts/vipe_benchmark/s1_helper_session.py", line 1054, in reserve_job_root
    append_job_event('root-reserved',dict(token=token,role=role,label=label,creator=creator),guard=guard)
    ~~~~~~~~~~~~~~~~^^^^^^^^^^^^^^^^^^^^^^^^^^^^^^^^^^^^^^^^^^^^^^^^^^^^^^^^^^^^^^^^^^^^^^^^^^^^^^^^^^^^^
  File "/home/auss/git_repos/samaust/Experiments_4DGS/scripts/vipe_benchmark/s1_helper_session.py", line 728, in append_job_event
    replacement=guard(state)
  File "/home/auss/git_repos/samaust/Experiments_4DGS/scripts/vipe_benchmark/s1_helper_session.py", line 1050, in guard
    raise ValueError('job root capacity')
ValueError: job root capacity
timing_or_cleanup_check_0: AssertionError: False is not true : {'scenario': 'P01', 'mode': 'progress_worker', 'constructor_entry': 202957.62227094, 'action_cutoff': 202959.62227094, 'safety_cutoff': 202960.62227094, 'progress_final_outcome': {'event': 'progress_final_outcome', 'label': 'P01', 'phase': 'startup_or_fixture_preparation', 'primary': {'error_class': 'ValueError', 'message': 'job root capacity'}, 'secondary': [], 'reference': None, 'cleanup_confirmed': False, 'observed': 202957.653360814, 'causal_status': 'actual startup failure; no inferred EPERM cause'}, 'action_end': 202957.653352692, 'end': 202957.653360814, 'execution_seconds': 0.031081752007594332, 'cleanup_seconds': 8.122005965560675e-06, 'cleanup_confirmed': False, 'records': {'work': {'role': 'work', 'state': 'pending', 'pid': None}, 'sample': {'role': 'sample', 'state': 'pending', 'pid': None}}, 'errors': [], 'signals': [], 'ticks': [202957.622294337], 'events': [{'event': 'progress_final_outcome', 'label': 'P01', 'phase': 'startup_or_fixture_preparation', 'primary': {'error_class': 'ValueError', 'message': 'job root capacity'}, 'secondary': [], 'reference': None, 'cleanup_confirmed': False, 'observed': 202957.653360814, 'causal_status': 'actual startup failure; no inferred EPERM cause'}], 'trace_facts': {'capacity': 256, 'total': 1, 'dropped': 0, 'saturated': False, 'first': 202957.6533705, 'last': 202957.6533705}, 'tick_facts': {'capacity': 128, 'total': 1, 'dropped': 0, 'saturated': False, 'first': 202957.62230036, 'last': 202957.62230036}, 'owner_error_facts': {'capacity': 32, 'total': 0, 'dropped': 0, 'saturated': False, 'first': None, 'last': None}, 'owner_signal_facts': {'capacity': 128, 'total': 0, 'dropped': 0, 'saturated': False, 'first': None, 'last': None}, 'request_counts': {'work': {'dispatch': 0, 'response': 0}, 'sample': {'dispatch': 0, 'response': 0}}, 'census_request_count': 0, 'max_gap': 0.0, 'max_turn': 0.0, 'call_observations': [], 'call_observation_facts': {'capacity': 128, 'total': 0, 'dropped': 0, 'saturated': False, 'first': None, 'last': None}, 'timing_failur

======================================================================
ERROR: test_progress_p02_reconcile_interruption (test_vipe_benchmark_supervisor.HelperSessionTests.test_progress_p02_reconcile_interruption)
----------------------------------------------------------------------
Traceback (most recent call last):
  File "/home/auss/git_repos/samaust/Experiments_4DGS/tests/test_vipe_benchmark_supervisor.py", line 2028, in test_progress_p02_reconcile_interruption
    def test_progress_p02_reconcile_interruption(self):self.progress_scenario('P02','progress_block')
                                                       ~~~~~~~~~~~~~~~~~~~~~~^^^^^^^^^^^^^^^^^^^^^^^^
  File "/home/auss/git_repos/samaust/Experiments_4DGS/tests/test_vipe_benchmark_supervisor.py", line 1779, in progress_scenario
    with self.scenario(label,mode) as session, tempfile.TemporaryDirectory() as temp:
         ~~~~~~~~~~~~~^^^^^^^^^^^^
  File "/usr/lib/python3.14/contextlib.py", line 141, in __enter__
    return next(self.gen)
  File "/home/auss/git_repos/samaust/Experiments_4DGS/tests/test_vipe_benchmark_supervisor.py", line 1153, in owned
    session(mode,instance=current,**bounds)
    ~~~~~~~^^^^^^^^^^^^^^^^^^^^^^^^^^^^^^^^
  File "/home/auss/git_repos/samaust/Experiments_4DGS/tests/test_vipe_benchmark_s1_helper_fixtures.py", line 69, in session
    instance.__init__(owner_factory=Selected, **kwargs)
    ~~~~~~~~~~~~~~~~~^^^^^^^^^^^^^^^^^^^^^^^^^^^^^^^^^^
  File "/home/auss/git_repos/samaust/Experiments_4DGS/scripts/vipe_benchmark/s1_helper_session.py", line 2163, in __init__
    self.job_thread=reserve_job_root('H','Session owner thread',allow_descendant=False) if os.environ.get('S1_JOB_LEDGER') else None
                    ~~~~~~~~~~~~~~~~^^^^^^^^^^^^^^^^^^^^^^^^^^^^^^^^^^^^^^^^^^^^^^^^^^^
  File "/home/auss/git_repos/samaust/Experiments_4DGS/scripts/vipe_benchmark/s1_helper_session.py", line 1054, in reserve_job_root
    append_job_event('root-reserved',dict(token=token,role=role,label=label,creator=creator),guard=guard)
    ~~~~~~~~~~~~~~~~^^^^^^^^^^^^^^^^^^^^^^^^^^^^^^^^^^^^^^^^^^^^^^^^^^^^^^^^^^^^^^^^^^^^^^^^^^^^^^^^^^^^^
  File "/home/auss/git_repos/samaust/Experiments_4DGS/scripts/vipe_benchmark/s1_helper_session.py", line 728, in append_job_event
    replacement=guard(state)
  File "/home/auss/git_repos/samaust/Experiments_4DGS/scripts/vipe_benchmark/s1_helper_session.py", line 1050, in guard
    raise ValueError('job root capacity')
ValueError: job root capacity
timing_or_cleanup_check_0: AssertionError: False is not true : {'scenario': 'P02', 'mode': 'progress_block', 'constructor_entry': 202957.654450611, 'action_cutoff': 202959.654450611, 'safety_cutoff': 202960.654450611, 'progress_final_outcome': {'event': 'progress_final_outcome', 'label': 'P02', 'phase': 'startup_or_fixture_preparation', 'primary': {'error_class': 'ValueError', 'message': 'job root capacity'}, 'secondary': [], 'reference': None, 'cleanup_confirmed': False, 'observed': 202957.686646358, 'causal_status': 'actual startup failure; no inferred EPERM cause'}, 'action_end': 202957.686638272, 'end': 202957.686646358, 'execution_seconds': 0.03218766098143533, 'cleanup_seconds': 8.086004527285695e-06, 'cleanup_confirmed': False, 'records': {'work': {'role': 'work', 'state': 'pending', 'pid': None}, 'sample': {'role': 'sample', 'state': 'pending', 'pid': None}}, 'errors': [], 'signals': [], 'ticks': [202957.654471533], 'events': [{'event': 'progress_final_outcome', 'label': 'P02', 'phase': 'startup_or_fixture_preparation', 'primary': {'error_class': 'ValueError', 'message': 'job root capacity'}, 'secondary': [], 'reference': None, 'cleanup_confirmed': False, 'observed': 202957.686646358, 'causal_status': 'actual startup failure; no inferred EPERM cause'}], 'trace_facts': {'capacity': 256, 'total': 1, 'dropped': 0, 'saturated': False, 'first': 202957.686655631, 'last': 202957.686655631}, 'tick_facts': {'capacity': 128, 'total': 1, 'dropped': 0, 'saturated': False, 'first': 202957.654476774, 'last': 202957.654476774}, 'owner_error_facts': {'capacity': 32, 'total': 0, 'dropped': 0, 'saturated': False, 'first': None, 'last': None}, 'owner_signal_facts': {'capacity': 128, 'total': 0, 'dropped': 0, 'saturated': False, 'first': None, 'last': None}, 'request_counts': {'work': {'dispatch': 0, 'response': 0}, 'sample': {'dispatch': 0, 'response': 0}}, 'census_request_count': 0, 'max_gap': 0.0, 'max_turn': 0.0, 'call_observations': [], 'call_observation_facts': {'capacity': 128, 'total': 0, 'dropped': 0, 'saturated': False, 'first': None, 'last': None}, 'timing

======================================================================
ERROR: test_progress_p03_helper_death (test_vipe_benchmark_supervisor.HelperSessionTests.test_progress_p03_helper_death)
----------------------------------------------------------------------
Traceback (most recent call last):
  File "/home/auss/git_repos/samaust/Experiments_4DGS/tests/test_vipe_benchmark_supervisor.py", line 2029, in test_progress_p03_helper_death
    def test_progress_p03_helper_death(self):self.progress_scenario('P03','progress_death')
                                             ~~~~~~~~~~~~~~~~~~~~~~^^^^^^^^^^^^^^^^^^^^^^^^
  File "/home/auss/git_repos/samaust/Experiments_4DGS/tests/test_vipe_benchmark_supervisor.py", line 1779, in progress_scenario
    with self.scenario(label,mode) as session, tempfile.TemporaryDirectory() as temp:
         ~~~~~~~~~~~~~^^^^^^^^^^^^
  File "/usr/lib/python3.14/contextlib.py", line 141, in __enter__
    return next(self.gen)
  File "/home/auss/git_repos/samaust/Experiments_4DGS/tests/test_vipe_benchmark_supervisor.py", line 1153, in owned
    session(mode,instance=current,**bounds)
    ~~~~~~~^^^^^^^^^^^^^^^^^^^^^^^^^^^^^^^^
  File "/home/auss/git_repos/samaust/Experiments_4DGS/tests/test_vipe_benchmark_s1_helper_fixtures.py", line 69, in session
    instance.__init__(owner_factory=Selected, **kwargs)
    ~~~~~~~~~~~~~~~~~^^^^^^^^^^^^^^^^^^^^^^^^^^^^^^^^^^
  File "/home/auss/git_repos/samaust/Experiments_4DGS/scripts/vipe_benchmark/s1_helper_session.py", line 2163, in __init__
    self.job_thread=reserve_job_root('H','Session owner thread',allow_descendant=False) if os.environ.get('S1_JOB_LEDGER') else None
                    ~~~~~~~~~~~~~~~~^^^^^^^^^^^^^^^^^^^^^^^^^^^^^^^^^^^^^^^^^^^^^^^^^^^
  File "/home/auss/git_repos/samaust/Experiments_4DGS/scripts/vipe_benchmark/s1_helper_session.py", line 1054, in reserve_job_root
    append_job_event('root-reserved',dict(token=token,role=role,label=label,creator=creator),guard=guard)
    ~~~~~~~~~~~~~~~~^^^^^^^^^^^^^^^^^^^^^^^^^^^^^^^^^^^^^^^^^^^^^^^^^^^^^^^^^^^^^^^^^^^^^^^^^^^^^^^^^^^^^
  File "/home/auss/git_repos/samaust/Experiments_4DGS/scripts/vipe_benchmark/s1_helper_session.py", line 728, in append_job_event
    replacement=guard(state)
  File "/home/auss/git_repos/samaust/Experiments_4DGS/scripts/vipe_benchmark/s1_helper_session.py", line 1050, in guard
    raise ValueError('job root capacity')
ValueError: job root capacity
timing_or_cleanup_check_0: AssertionError: False is not true : {'scenario': 'P03', 'mode': 'progress_death', 'constructor_entry': 202957.687672621, 'action_cutoff': 202959.687672621, 'safety_cutoff': 202960.687672621, 'progress_final_outcome': {'event': 'progress_final_outcome', 'label': 'P03', 'phase': 'startup_or_fixture_preparation', 'primary': {'error_class': 'ValueError', 'message': 'job root capacity'}, 'secondary': [], 'reference': None, 'cleanup_confirmed': False, 'observed': 202957.719393739, 'causal_status': 'actual startup failure; no inferred EPERM cause'}, 'action_end': 202957.719386029, 'end': 202957.719393739, 'execution_seconds': 0.03171340801054612, 'cleanup_seconds': 7.710012141615152e-06, 'cleanup_confirmed': False, 'records': {'work': {'role': 'work', 'state': 'pending', 'pid': None}, 'sample': {'role': 'sample', 'state': 'pending', 'pid': None}}, 'errors': [], 'signals': [], 'ticks': [202957.687695366], 'events': [{'event': 'progress_final_outcome', 'label': 'P03', 'phase': 'startup_or_fixture_preparation', 'primary': {'error_class': 'ValueError', 'message': 'job root capacity'}, 'secondary': [], 'reference': None, 'cleanup_confirmed': False, 'observed': 202957.719393739, 'causal_status': 'actual startup failure; no inferred EPERM cause'}], 'trace_facts': {'capacity': 256, 'total': 1, 'dropped': 0, 'saturated': False, 'first': 202957.719400459, 'last': 202957.719400459}, 'tick_facts': {'capacity': 128, 'total': 1, 'dropped': 0, 'saturated': False, 'first': 202957.687699405, 'last': 202957.687699405}, 'owner_error_facts': {'capacity': 32, 'total': 0, 'dropped': 0, 'saturated': False, 'first': None, 'last': None}, 'owner_signal_facts': {'capacity': 128, 'total': 0, 'dropped': 0, 'saturated': False, 'first': None, 'last': None}, 'request_counts': {'work': {'dispatch': 0, 'response': 0}, 'sample': {'dispatch': 0, 'response': 0}}, 'census_request_count': 0, 'max_gap': 0.0, 'max_turn': 0.0, 'call_observations': [], 'call_observation_facts': {'capacity': 128, 'total': 0, 'dropped': 0, 'saturated': False, 'first': None, 'last': None}, 'timing

======================================================================
ERROR: test_progress_p04_failed_final_sample (test_vipe_benchmark_supervisor.HelperSessionTests.test_progress_p04_failed_final_sample)
----------------------------------------------------------------------
Traceback (most recent call last):
  File "/home/auss/git_repos/samaust/Experiments_4DGS/tests/test_vipe_benchmark_supervisor.py", line 2030, in test_progress_p04_failed_final_sample
    def test_progress_p04_failed_final_sample(self):self.progress_scenario('P04','progress_final',supervised=True)
                                                    ~~~~~~~~~~~~~~~~~~~~~~^^^^^^^^^^^^^^^^^^^^^^^^^^^^^^^^^^^^^^^^
  File "/home/auss/git_repos/samaust/Experiments_4DGS/tests/test_vipe_benchmark_supervisor.py", line 1779, in progress_scenario
    with self.scenario(label,mode) as session, tempfile.TemporaryDirectory() as temp:
         ~~~~~~~~~~~~~^^^^^^^^^^^^
  File "/usr/lib/python3.14/contextlib.py", line 141, in __enter__
    return next(self.gen)
  File "/home/auss/git_repos/samaust/Experiments_4DGS/tests/test_vipe_benchmark_supervisor.py", line 1153, in owned
    session(mode,instance=current,**bounds)
    ~~~~~~~^^^^^^^^^^^^^^^^^^^^^^^^^^^^^^^^
  File "/home/auss/git_repos/samaust/Experiments_4DGS/tests/test_vipe_benchmark_s1_helper_fixtures.py", line 69, in session
    instance.__init__(owner_factory=Selected, **kwargs)
    ~~~~~~~~~~~~~~~~~^^^^^^^^^^^^^^^^^^^^^^^^^^^^^^^^^^
  File "/home/auss/git_repos/samaust/Experiments_4DGS/scripts/vipe_benchmark/s1_helper_session.py", line 2163, in __init__
    self.job_thread=reserve_job_root('H','Session owner thread',allow_descendant=False) if os.environ.get('S1_JOB_LEDGER') else None
                    ~~~~~~~~~~~~~~~~^^^^^^^^^^^^^^^^^^^^^^^^^^^^^^^^^^^^^^^^^^^^^^^^^^^
  File "/home/auss/git_repos/samaust/Experiments_4DGS/scripts/vipe_benchmark/s1_helper_session.py", line 1054, in reserve_job_root
    append_job_event('root-reserved',dict(token=token,role=role,label=label,creator=creator),guard=guard)
    ~~~~~~~~~~~~~~~~^^^^^^^^^^^^^^^^^^^^^^^^^^^^^^^^^^^^^^^^^^^^^^^^^^^^^^^^^^^^^^^^^^^^^^^^^^^^^^^^^^^^^
  File "/home/auss/git_repos/samaust/Experiments_4DGS/scripts/vipe_benchmark/s1_helper_session.py", line 728, in append_job_event
    replacement=guard(state)
  File "/home/auss/git_repos/samaust/Experiments_4DGS/scripts/vipe_benchmark/s1_helper_session.py", line 1050, in guard
    raise ValueError('job root capacity')
ValueError: job root capacity
timing_or_cleanup_check_0: AssertionError: False is not true : {'scenario': 'P04', 'mode': 'progress_final', 'constructor_entry': 202957.720445195, 'action_cutoff': 202959.720445195, 'safety_cutoff': 202960.720445195, 'progress_final_outcome': {'event': 'progress_final_outcome', 'label': 'P04', 'phase': 'startup_or_fixture_preparation', 'primary': {'error_class': 'ValueError', 'message': 'job root capacity'}, 'secondary': [], 'reference': None, 'cleanup_confirmed': False, 'observed': 202957.752165722, 'causal_status': 'actual startup failure; no inferred EPERM cause'}, 'action_end': 202957.752157828, 'end': 202957.752165722, 'execution_seconds': 0.031712633004644886, 'cleanup_seconds': 7.893977453932166e-06, 'cleanup_confirmed': False, 'records': {'work': {'role': 'work', 'state': 'pending', 'pid': None}, 'sample': {'role': 'sample', 'state': 'pending', 'pid': None}}, 'errors': [], 'signals': [], 'ticks': [202957.720467821], 'events': [{'event': 'progress_final_outcome', 'label': 'P04', 'phase': 'startup_or_fixture_preparation', 'primary': {'error_class': 'ValueError', 'message': 'job root capacity'}, 'secondary': [], 'reference': None, 'cleanup_confirmed': False, 'observed': 202957.752165722, 'causal_status': 'actual startup failure; no inferred EPERM cause'}], 'trace_facts': {'capacity': 256, 'total': 1, 'dropped': 0, 'saturated': False, 'first': 202957.752172039, 'last': 202957.752172039}, 'tick_facts': {'capacity': 128, 'total': 1, 'dropped': 0, 'saturated': False, 'first': 202957.7204721, 'last': 202957.7204721}, 'owner_error_facts': {'capacity': 32, 'total': 0, 'dropped': 0, 'saturated': False, 'first': None, 'last': None}, 'owner_signal_facts': {'capacity': 128, 'total': 0, 'dropped': 0, 'saturated': False, 'first': None, 'last': None}, 'request_counts': {'work': {'dispatch': 0, 'response': 0}, 'sample': {'dispatch': 0, 'response': 0}}, 'census_request_count': 0, 'max_gap': 0.0, 'max_turn': 0.0, 'call_observations': [], 'call_observation_facts': {'capacity': 128, 'total': 0, 'dropped': 0, 'saturated': False, 'first': None, 'last': None}, 'timing_fa

======================================================================
ERROR: test_progress_p05_interrupted_publisher (test_vipe_benchmark_supervisor.HelperSessionTests.test_progress_p05_interrupted_publisher)
----------------------------------------------------------------------
Traceback (most recent call last):
  File "/home/auss/git_repos/samaust/Experiments_4DGS/tests/test_vipe_benchmark_supervisor.py", line 2031, in test_progress_p05_interrupted_publisher
    def test_progress_p05_interrupted_publisher(self):self.progress_scenario('P05','progress_torn')
                                                      ~~~~~~~~~~~~~~~~~~~~~~^^^^^^^^^^^^^^^^^^^^^^^
  File "/home/auss/git_repos/samaust/Experiments_4DGS/tests/test_vipe_benchmark_supervisor.py", line 1779, in progress_scenario
    with self.scenario(label,mode) as session, tempfile.TemporaryDirectory() as temp:
         ~~~~~~~~~~~~~^^^^^^^^^^^^
  File "/usr/lib/python3.14/contextlib.py", line 141, in __enter__
    return next(self.gen)
  File "/home/auss/git_repos/samaust/Experiments_4DGS/tests/test_vipe_benchmark_supervisor.py", line 1153, in owned
    session(mode,instance=current,**bounds)
    ~~~~~~~^^^^^^^^^^^^^^^^^^^^^^^^^^^^^^^^
  File "/home/auss/git_repos/samaust/Experiments_4DGS/tests/test_vipe_benchmark_s1_helper_fixtures.py", line 69, in session
    instance.__init__(owner_factory=Selected, **kwargs)
    ~~~~~~~~~~~~~~~~~^^^^^^^^^^^^^^^^^^^^^^^^^^^^^^^^^^
  File "/home/auss/git_repos/samaust/Experiments_4DGS/scripts/vipe_benchmark/s1_helper_session.py", line 2163, in __init__
    self.job_thread=reserve_job_root('H','Session owner thread',allow_descendant=False) if os.environ.get('S1_JOB_LEDGER') else None
                    ~~~~~~~~~~~~~~~~^^^^^^^^^^^^^^^^^^^^^^^^^^^^^^^^^^^^^^^^^^^^^^^^^^^
  File "/home/auss/git_repos/samaust/Experiments_4DGS/scripts/vipe_benchmark/s1_helper_session.py", line 1054, in reserve_job_root
    append_job_event('root-reserved',dict(token=token,role=role,label=label,creator=creator),guard=guard)
    ~~~~~~~~~~~~~~~~^^^^^^^^^^^^^^^^^^^^^^^^^^^^^^^^^^^^^^^^^^^^^^^^^^^^^^^^^^^^^^^^^^^^^^^^^^^^^^^^^^^^^
  File "/home/auss/git_repos/samaust/Experiments_4DGS/scripts/vipe_benchmark/s1_helper_session.py", line 728, in append_job_event
    replacement=guard(state)
  File "/home/auss/git_repos/samaust/Experiments_4DGS/scripts/vipe_benchmark/s1_helper_session.py", line 1050, in guard
    raise ValueError('job root capacity')
ValueError: job root capacity
timing_or_cleanup_check_0: AssertionError: False is not true : {'scenario': 'P05', 'mode': 'progress_torn', 'constructor_entry': 202957.753184906, 'action_cutoff': 202959.753184906, 'safety_cutoff': 202960.753184906, 'progress_final_outcome': {'event': 'progress_final_outcome', 'label': 'P05', 'phase': 'startup_or_fixture_preparation', 'primary': {'error_class': 'ValueError', 'message': 'job root capacity'}, 'secondary': [], 'reference': None, 'cleanup_confirmed': False, 'observed': 202957.784903224, 'causal_status': 'actual startup failure; no inferred EPERM cause'}, 'action_end': 202957.784895885, 'end': 202957.784903224, 'execution_seconds': 0.0317109790048562, 'cleanup_seconds': 7.338996510952711e-06, 'cleanup_confirmed': False, 'records': {'work': {'role': 'work', 'state': 'pending', 'pid': None}, 'sample': {'role': 'sample', 'state': 'pending', 'pid': None}}, 'errors': [], 'signals': [], 'ticks': [202957.753206474], 'events': [{'event': 'progress_final_outcome', 'label': 'P05', 'phase': 'startup_or_fixture_preparation', 'primary': {'error_class': 'ValueError', 'message': 'job root capacity'}, 'secondary': [], 'reference': None, 'cleanup_confirmed': False, 'observed': 202957.784903224, 'causal_status': 'actual startup failure; no inferred EPERM cause'}], 'trace_facts': {'capacity': 256, 'total': 1, 'dropped': 0, 'saturated': False, 'first': 202957.784909842, 'last': 202957.784909842}, 'tick_facts': {'capacity': 128, 'total': 1, 'dropped': 0, 'saturated': False, 'first': 202957.753211436, 'last': 202957.753211436}, 'owner_error_facts': {'capacity': 32, 'total': 0, 'dropped': 0, 'saturated': False, 'first': None, 'last': None}, 'owner_signal_facts': {'capacity': 128, 'total': 0, 'dropped': 0, 'saturated': False, 'first': None, 'last': None}, 'request_counts': {'work': {'dispatch': 0, 'response': 0}, 'sample': {'dispatch': 0, 'response': 0}}, 'census_request_count': 0, 'max_gap': 0.0, 'max_turn': 0.0, 'call_observations': [], 'call_observation_facts': {'capacity': 128, 'total': 0, 'dropped': 0, 'saturated': False, 'first': None, 'last': None}, 'timing_f

======================================================================
ERROR: test_progress_p06_blocked_owner (test_vipe_benchmark_supervisor.HelperSessionTests.test_progress_p06_blocked_owner)
----------------------------------------------------------------------
Traceback (most recent call last):
  File "/home/auss/git_repos/samaust/Experiments_4DGS/tests/test_vipe_benchmark_supervisor.py", line 2032, in test_progress_p06_blocked_owner
    def test_progress_p06_blocked_owner(self):self.progress_scenario('P06','progress_normal')
                                              ~~~~~~~~~~~~~~~~~~~~~~^^^^^^^^^^^^^^^^^^^^^^^^^
  File "/home/auss/git_repos/samaust/Experiments_4DGS/tests/test_vipe_benchmark_supervisor.py", line 1779, in progress_scenario
    with self.scenario(label,mode) as session, tempfile.TemporaryDirectory() as temp:
         ~~~~~~~~~~~~~^^^^^^^^^^^^
  File "/usr/lib/python3.14/contextlib.py", line 141, in __enter__
    return next(self.gen)
  File "/home/auss/git_repos/samaust/Experiments_4DGS/tests/test_vipe_benchmark_supervisor.py", line 1153, in owned
    session(mode,instance=current,**bounds)
    ~~~~~~~^^^^^^^^^^^^^^^^^^^^^^^^^^^^^^^^
  File "/home/auss/git_repos/samaust/Experiments_4DGS/tests/test_vipe_benchmark_s1_helper_fixtures.py", line 69, in session
    instance.__init__(owner_factory=Selected, **kwargs)
    ~~~~~~~~~~~~~~~~~^^^^^^^^^^^^^^^^^^^^^^^^^^^^^^^^^^
  File "/home/auss/git_repos/samaust/Experiments_4DGS/scripts/vipe_benchmark/s1_helper_session.py", line 2163, in __init__
    self.job_thread=reserve_job_root('H','Session owner thread',allow_descendant=False) if os.environ.get('S1_JOB_LEDGER') else None
                    ~~~~~~~~~~~~~~~~^^^^^^^^^^^^^^^^^^^^^^^^^^^^^^^^^^^^^^^^^^^^^^^^^^^
  File "/home/auss/git_repos/samaust/Experiments_4DGS/scripts/vipe_benchmark/s1_helper_session.py", line 1054, in reserve_job_root
    append_job_event('root-reserved',dict(token=token,role=role,label=label,creator=creator),guard=guard)
    ~~~~~~~~~~~~~~~~^^^^^^^^^^^^^^^^^^^^^^^^^^^^^^^^^^^^^^^^^^^^^^^^^^^^^^^^^^^^^^^^^^^^^^^^^^^^^^^^^^^^^
  File "/home/auss/git_repos/samaust/Experiments_4DGS/scripts/vipe_benchmark/s1_helper_session.py", line 728, in append_job_event
    replacement=guard(state)
  File "/home/auss/git_repos/samaust/Experiments_4DGS/scripts/vipe_benchmark/s1_helper_session.py", line 1050, in guard
    raise ValueError('job root capacity')
ValueError: job root capacity
timing_or_cleanup_check_0: AssertionError: False is not true : {'scenario': 'P06', 'mode': 'progress_normal', 'constructor_entry': 202957.785938698, 'action_cutoff': 202959.785938698, 'safety_cutoff': 202960.785938698, 'progress_final_outcome': {'event': 'progress_final_outcome', 'label': 'P06', 'phase': 'startup_or_fixture_preparation', 'primary': {'error_class': 'ValueError', 'message': 'job root capacity'}, 'secondary': [], 'reference': None, 'cleanup_confirmed': False, 'observed': 202957.817178085, 'causal_status': 'actual startup failure; no inferred EPERM cause'}, 'action_end': 202957.817170661, 'end': 202957.817178085, 'execution_seconds': 0.03123196298838593, 'cleanup_seconds': 7.42400879971683e-06, 'cleanup_confirmed': False, 'records': {'work': {'role': 'work', 'state': 'pending', 'pid': None}, 'sample': {'role': 'sample', 'state': 'pending', 'pid': None}}, 'errors': [], 'signals': [], 'ticks': [202957.785961638], 'events': [{'event': 'progress_final_outcome', 'label': 'P06', 'phase': 'startup_or_fixture_preparation', 'primary': {'error_class': 'ValueError', 'message': 'job root capacity'}, 'secondary': [], 'reference': None, 'cleanup_confirmed': False, 'observed': 202957.817178085, 'causal_status': 'actual startup failure; no inferred EPERM cause'}], 'trace_facts': {'capacity': 256, 'total': 1, 'dropped': 0, 'saturated': False, 'first': 202957.81718653, 'last': 202957.81718653}, 'tick_facts': {'capacity': 128, 'total': 1, 'dropped': 0, 'saturated': False, 'first': 202957.785966222, 'last': 202957.785966222}, 'owner_error_facts': {'capacity': 32, 'total': 0, 'dropped': 0, 'saturated': False, 'first': None, 'last': None}, 'owner_signal_facts': {'capacity': 128, 'total': 0, 'dropped': 0, 'saturated': False, 'first': None, 'last': None}, 'request_counts': {'work': {'dispatch': 0, 'response': 0}, 'sample': {'dispatch': 0, 'response': 0}}, 'census_request_count': 0, 'max_gap': 0.0, 'max_turn': 0.0, 'call_observations': [], 'call_observation_facts': {'capacity': 128, 'total': 0, 'dropped': 0, 'saturated': False, 'first': None, 'last': None}, 'timing_f

======================================================================
ERROR: test_progress_plan047_complete_final_sample (test_vipe_benchmark_supervisor.HelperSessionTests.test_progress_plan047_complete_final_sample) (kind='success')
----------------------------------------------------------------------
Traceback (most recent call last):
  File "/home/auss/git_repos/samaust/Experiments_4DGS/scripts/vipe_benchmark/supervisor.py", line 442, in supervise
    owned=predispatch_owned('supervisor worker')
  File "/home/auss/git_repos/samaust/Experiments_4DGS/scripts/vipe_benchmark/s1_helper_session.py", line 1573, in predispatch_owned
    if observed['total_workers']+1>8:raise ValueError('owned '+event+' dispatch CPU capacity')
                                     ^^^^^^^^^^^^^^^^^^^^^^^^^^^^^^^^^^^^^^^^^^^^^^^^^^^^^^^^^
ValueError: owned supervisor worker dispatch CPU capacity

The above exception was the direct cause of the following exception:

Traceback (most recent call last):
  File "/home/auss/git_repos/samaust/Experiments_4DGS/tests/test_vipe_benchmark_supervisor.py", line 3145, in test_progress_plan047_complete_final_sample
    sup.supervise(Ledger(),full.reservation['job_id'],full.command,full.output,evidence=full.binding,sample_resources=self.sampler,validate_result=lambda output:None,terminal_publisher=True,terminal_docs=docs)
    ~~~~~~~~~~~~~^^^^^^^^^^^^^^^^^^^^^^^^^^^^^^^^^^^^^^^^^^^^^^^^^^^^^^^^^^^^^^^^^^^^^^^^^^^^^^^^^^^^^^^^^^^^^^^^^^^^^^^^^^^^^^^^^^^^^^^^^^^^^^^^^^^^^^^^^^^^^^^^^^^^^^^^^^^^^^^^^^^^^^^^^^^^^^^^^^^^^^^^^^^^^^^^
  File "/home/auss/git_repos/samaust/Experiments_4DGS/scripts/vipe_benchmark/supervisor.py", line 607, in supervise
    raise failure from primary_exception
vipe_benchmark.supervisor.SupervisionFailure: ValueError: owned supervisor worker dispatch CPU capacity

======================================================================
ERROR: test_progress_plan047_complete_final_sample (test_vipe_benchmark_supervisor.HelperSessionTests.test_progress_plan047_complete_final_sample) (kind='final_sample_failure')
----------------------------------------------------------------------
Traceback (most recent call last):
  File "/home/auss/git_repos/samaust/Experiments_4DGS/tests/test_vipe_benchmark_supervisor.py", line 3142, in test_progress_plan047_complete_final_sample
    with self.assertRaises(sup.SupervisionFailure) as caught:sup.supervise(Ledger(),full.reservation['job_id'],full.command,full.output,evidence=full.binding,sample_resources=self.sampler,validate_result=lambda output:None,terminal_publisher=True,terminal_docs=docs)
                                                             ~~~~~~~~~~~~~^^^^^^^^^^^^^^^^^^^^^^^^^^^^^^^^^^^^^^^^^^^^^^^^^^^^^^^^^^^^^^^^^^^^^^^^^^^^^^^^^^^^^^^^^^^^^^^^^^^^^^^^^^^^^^^^^^^^^^^^^^^^^^^^^^^^^^^^^^^^^^^^^^^^^^^^^^^^^^^^^^^^^^^^^^^^^^^^^^^^^^^^^^^^^^^^
  File "/home/auss/git_repos/samaust/Experiments_4DGS/scripts/vipe_benchmark/supervisor.py", line 358, in supervise
    raise ValueError('refusing to overwrite incomplete or previous output')
ValueError: refusing to overwrite incomplete or previous output

======================================================================
ERROR: test_progress_plan047_ownership (test_vipe_benchmark_supervisor.HelperSessionTests.test_progress_plan047_ownership) (kind='registry_owner_dispatch')
----------------------------------------------------------------------
Traceback (most recent call last):
  File "/home/auss/git_repos/samaust/Experiments_4DGS/tests/test_vipe_benchmark_supervisor.py", line 2851, in test_progress_plan047_ownership
    observed=h.predispatch_owned(kind);self.assertEqual(observed['registry_identity'],id(h.INVOCATION));self.assertEqual(observed['root'],baseline['root']);result='same invocation registry'
  File "/home/auss/git_repos/samaust/Experiments_4DGS/scripts/vipe_benchmark/s1_helper_session.py", line 1573, in predispatch_owned
    if observed['total_workers']+1>8:raise ValueError('owned '+event+' dispatch CPU capacity')
                                     ^^^^^^^^^^^^^^^^^^^^^^^^^^^^^^^^^^^^^^^^^^^^^^^^^^^^^^^^^
ValueError: owned registry_owner_dispatch dispatch CPU capacity

======================================================================
ERROR: test_progress_plan047_ownership (test_vipe_benchmark_supervisor.HelperSessionTests.test_progress_plan047_ownership) (kind='registry_worker_dispatch')
----------------------------------------------------------------------
Traceback (most recent call last):
  File "/home/auss/git_repos/samaust/Experiments_4DGS/tests/test_vipe_benchmark_supervisor.py", line 2851, in test_progress_plan047_ownership
    observed=h.predispatch_owned(kind);self.assertEqual(observed['registry_identity'],id(h.INVOCATION));self.assertEqual(observed['root'],baseline['root']);result='same invocation registry'
  File "/home/auss/git_repos/samaust/Experiments_4DGS/scripts/vipe_benchmark/s1_helper_session.py", line 1573, in predispatch_owned
    if observed['total_workers']+1>8:raise ValueError('owned '+event+' dispatch CPU capacity')
                                     ^^^^^^^^^^^^^^^^^^^^^^^^^^^^^^^^^^^^^^^^^^^^^^^^^^^^^^^^^
ValueError: owned registry_worker_dispatch dispatch CPU capacity

======================================================================
ERROR: test_progress_plan047_ownership (test_vipe_benchmark_supervisor.HelperSessionTests.test_progress_plan047_ownership) (kind='registry_direct_dispatch')
----------------------------------------------------------------------
Traceback (most recent call last):
  File "/home/auss/git_repos/samaust/Experiments_4DGS/tests/test_vipe_benchmark_supervisor.py", line 2851, in test_progress_plan047_ownership
    observed=h.predispatch_owned(kind);self.assertEqual(observed['registry_identity'],id(h.INVOCATION));self.assertEqual(observed['root'],baseline['root']);result='same invocation registry'
  File "/home/auss/git_repos/samaust/Experiments_4DGS/scripts/vipe_benchmark/s1_helper_session.py", line 1573, in predispatch_owned
    if observed['total_workers']+1>8:raise ValueError('owned '+event+' dispatch CPU capacity')
                                     ^^^^^^^^^^^^^^^^^^^^^^^^^^^^^^^^^^^^^^^^^^^^^^^^^^^^^^^^^
ValueError: owned registry_direct_dispatch dispatch CPU capacity

======================================================================
ERROR: test_progress_plan047_ownership (test_vipe_benchmark_supervisor.HelperSessionTests.test_progress_plan047_ownership) (kind='registry_sentinel_dispatch')
----------------------------------------------------------------------
Traceback (most recent call last):
  File "/home/auss/git_repos/samaust/Experiments_4DGS/tests/test_vipe_benchmark_supervisor.py", line 2851, in test_progress_plan047_ownership
    observed=h.predispatch_owned(kind);self.assertEqual(observed['registry_identity'],id(h.INVOCATION));self.assertEqual(observed['root'],baseline['root']);result='same invocation registry'
  File "/home/auss/git_repos/samaust/Experiments_4DGS/scripts/vipe_benchmark/s1_helper_session.py", line 1573, in predispatch_owned
    if observed['total_workers']+1>8:raise ValueError('owned '+event+' dispatch CPU capacity')
                                     ^^^^^^^^^^^^^^^^^^^^^^^^^^^^^^^^^^^^^^^^^^^^^^^^^^^^^^^^^
ValueError: owned registry_sentinel_dispatch dispatch CPU capacity

======================================================================
ERROR: test_completed_worker_is_not_dispatched_again (test_vipe_benchmark_supervisor.SupervisorTests.test_completed_worker_is_not_dispatched_again)
----------------------------------------------------------------------
Traceback (most recent call last):
  File "/home/auss/git_repos/samaust/Experiments_4DGS/scripts/vipe_benchmark/supervisor.py", line 446, in supervise
    process = create_owned_process('supervisor worker',subprocess.Popen,command, deadline=run_deadline if is_s1 else None, stdout=log, stderr=subprocess.STDOUT,
                               start_new_session=True, env=env)
  File "/home/auss/git_repos/samaust/Experiments_4DGS/scripts/vipe_benchmark/s1_helper_session.py", line 1583, in create_owned_process
    observed=predispatch_owned(event)
  File "/home/auss/git_repos/samaust/Experiments_4DGS/scripts/vipe_benchmark/s1_helper_session.py", line 1573, in predispatch_owned
    if observed['total_workers']+1>8:raise ValueError('owned '+event+' dispatch CPU capacity')
                                     ^^^^^^^^^^^^^^^^^^^^^^^^^^^^^^^^^^^^^^^^^^^^^^^^^^^^^^^^^
ValueError: owned supervisor worker dispatch CPU capacity

The above exception was the direct cause of the following exception:

Traceback (most recent call last):
  File "/home/auss/git_repos/samaust/Experiments_4DGS/tests/test_vipe_benchmark_supervisor.py", line 43, in test_completed_worker_is_not_dispatched_again
    self.assertEqual(self.run_worker(code)['status'], 'complete')
                     ~~~~~~~~~~~~~~~^^^^^^
  File "/home/auss/git_repos/samaust/Experiments_4DGS/tests/test_vipe_benchmark_supervisor.py", line 37, in run_worker
    return supervise(self.ledger, 'prepare', self.command(code), self.root / 'output',
                     evidence={'kind': 'disposable CPU fixture; not a model evaluation'},
                     validate_result=self.validate, poll_seconds=.02, **kwargs)
  File "/home/auss/git_repos/samaust/Experiments_4DGS/scripts/vipe_benchmark/supervisor.py", line 607, in supervise
    raise failure from primary_exception
vipe_benchmark.supervisor.SupervisionFailure: ValueError: owned supervisor worker dispatch CPU capacity

======================================================================
ERROR: test_concurrent_reservation_has_one_winner (test_vipe_benchmark_supervisor.SupervisorTests.test_concurrent_reservation_has_one_winner)
----------------------------------------------------------------------
Traceback (most recent call last):
  File "/home/auss/git_repos/samaust/Experiments_4DGS/tests/test_vipe_benchmark_supervisor.py", line 211, in test_concurrent_reservation_has_one_winner
    process=fixture_process_launch('existing reservation race',command,stdout=subprocess.DEVNULL,stderr=subprocess.DEVNULL)
  File "/home/auss/git_repos/samaust/Experiments_4DGS/tests/test_vipe_benchmark_s1_helper_fixtures.py", line 888, in fixture_process_launch
    process=create_owned_process(event,subprocess.Popen,command,**kwargs)
  File "/home/auss/git_repos/samaust/Experiments_4DGS/scripts/vipe_benchmark/s1_helper_session.py", line 1583, in create_owned_process
    observed=predispatch_owned(event)
  File "/home/auss/git_repos/samaust/Experiments_4DGS/scripts/vipe_benchmark/s1_helper_session.py", line 1573, in predispatch_owned
    if observed['total_workers']+1>8:raise ValueError('owned '+event+' dispatch CPU capacity')
                                     ^^^^^^^^^^^^^^^^^^^^^^^^^^^^^^^^^^^^^^^^^^^^^^^^^^^^^^^^^
ValueError: owned existing reservation race dispatch CPU capacity

======================================================================
ERROR: test_gpu_sample_of_exited_unreaped_worker_keeps_true_group_ownership (test_vipe_benchmark_supervisor.SupervisorTests.test_gpu_sample_of_exited_unreaped_worker_keeps_true_group_ownership)
----------------------------------------------------------------------
Traceback (most recent call last):
  File "/home/auss/git_repos/samaust/Experiments_4DGS/scripts/vipe_benchmark/supervisor.py", line 446, in supervise
    process = create_owned_process('supervisor worker',subprocess.Popen,command, deadline=run_deadline if is_s1 else None, stdout=log, stderr=subprocess.STDOUT,
                               start_new_session=True, env=env)
  File "/home/auss/git_repos/samaust/Experiments_4DGS/scripts/vipe_benchmark/s1_helper_session.py", line 1583, in create_owned_process
    observed=predispatch_owned(event)
  File "/home/auss/git_repos/samaust/Experiments_4DGS/scripts/vipe_benchmark/s1_helper_session.py", line 1573, in predispatch_owned
    if observed['total_workers']+1>8:raise ValueError('owned '+event+' dispatch CPU capacity')
                                     ^^^^^^^^^^^^^^^^^^^^^^^^^^^^^^^^^^^^^^^^^^^^^^^^^^^^^^^^^
ValueError: owned supervisor worker dispatch CPU capacity

The above exception was the direct cause of the following exception:

Traceback (most recent call last):
  File "/home/auss/git_repos/samaust/Experiments_4DGS/tests/test_vipe_benchmark_supervisor.py", line 161, in test_gpu_sample_of_exited_unreaped_worker_keeps_true_group_ownership
    self.assertEqual(self.run_worker(code, sample_resources=sample)['status'], 'complete')
                     ~~~~~~~~~~~~~~~^^^^^^^^^^^^^^^^^^^^^^^^^^^^^^^
  File "/home/auss/git_repos/samaust/Experiments_4DGS/tests/test_vipe_benchmark_supervisor.py", line 37, in run_worker
    return supervise(self.ledger, 'prepare', self.command(code), self.root / 'output',
                     evidence={'kind': 'disposable CPU fixture; not a model evaluation'},
                     validate_result=self.validate, poll_seconds=.02, **kwargs)
  File "/home/auss/git_repos/samaust/Experiments_4DGS/scripts/vipe_benchmark/supervisor.py", line 607, in supervise
    raise failure from primary_exception
vipe_benchmark.supervisor.SupervisionFailure: ValueError: owned supervisor worker dispatch CPU capacity

======================================================================
ERROR: test_native_kernel_caches_stay_in_monitored_attempt_and_override_external_paths (test_vipe_benchmark_supervisor.SupervisorTests.test_native_kernel_caches_stay_in_monitored_attempt_and_override_external_paths)
----------------------------------------------------------------------
Traceback (most recent call last):
  File "/home/auss/git_repos/samaust/Experiments_4DGS/scripts/vipe_benchmark/supervisor.py", line 446, in supervise
    process = create_owned_process('supervisor worker',subprocess.Popen,command, deadline=run_deadline if is_s1 else None, stdout=log, stderr=subprocess.STDOUT,
                               start_new_session=True, env=env)
  File "/home/auss/git_repos/samaust/Experiments_4DGS/scripts/vipe_benchmark/s1_helper_session.py", line 1583, in create_owned_process
    observed=predispatch_owned(event)
  File "/home/auss/git_repos/samaust/Experiments_4DGS/scripts/vipe_benchmark/s1_helper_session.py", line 1573, in predispatch_owned
    if observed['total_workers']+1>8:raise ValueError('owned '+event+' dispatch CPU capacity')
                                     ^^^^^^^^^^^^^^^^^^^^^^^^^^^^^^^^^^^^^^^^^^^^^^^^^^^^^^^^^
ValueError: owned supervisor worker dispatch CPU capacity

The above exception was the direct cause of the following exception:

Traceback (most recent call last):
  File "/home/auss/git_repos/samaust/Experiments_4DGS/tests/test_vipe_benchmark_supervisor.py", line 63, in test_native_kernel_caches_stay_in_monitored_attempt_and_override_external_paths
    self.run_worker(code, sample_resources=lambda: dict(artifact_bytes=directory_bytes(self.root)))
    ~~~~~~~~~~~~~~~^^^^^^^^^^^^^^^^^^^^^^^^^^^^^^^^^^^^^^^^^^^^^^^^^^^^^^^^^^^^^^^^^^^^^^^^^^^^^^^^
  File "/home/auss/git_repos/samaust/Experiments_4DGS/tests/test_vipe_benchmark_supervisor.py", line 37, in run_worker
    return supervise(self.ledger, 'prepare', self.command(code), self.root / 'output',
                     evidence={'kind': 'disposable CPU fixture; not a model evaluation'},
                     validate_result=self.validate, poll_seconds=.02, **kwargs)
  File "/home/auss/git_repos/samaust/Experiments_4DGS/scripts/vipe_benchmark/supervisor.py", line 607, in supervise
    raise failure from primary_exception
vipe_benchmark.supervisor.SupervisionFailure: ValueError: owned supervisor worker dispatch CPU capacity

======================================================================
FAIL: test_supervisor_worker_context_and_consumed_cleanup_stop (test_vipe_benchmark_supervisor.HelperIntegrationTests.test_supervisor_worker_context_and_consumed_cleanup_stop)
----------------------------------------------------------------------
Traceback (most recent call last):
  File "/home/auss/git_repos/samaust/Experiments_4DGS/tests/test_vipe_benchmark_supervisor.py", line 1117, in test_supervisor_worker_context_and_consumed_cleanup_stop
    self.assertEqual(len(transported),1)
    ~~~~~~~~~~~~~~~~^^^^^^^^^^^^^^^^^^^^
AssertionError: 0 != 1

======================================================================
FAIL: test_l03_owner_bootstrap_block (test_vipe_benchmark_supervisor.HelperSessionTests.test_l03_owner_bootstrap_block)
----------------------------------------------------------------------
Traceback (most recent call last):
  File "/home/auss/git_repos/samaust/Experiments_4DGS/tests/test_vipe_benchmark_supervisor.py", line 1337, in test_l03_owner_bootstrap_block
    def test_l03_owner_bootstrap_block(self): self.reject_ready('L03','owner_block')
                                              ~~~~~~~~~~~~~~~~~^^^^^^^^^^^^^^^^^^^^^
  File "/home/auss/git_repos/samaust/Experiments_4DGS/tests/test_vipe_benchmark_supervisor.py", line 1274, in reject_ready
    self.assertLessEqual(max(b-a for a,b in zip(session.ticks,session.ticks[1:])),.1)
    ~~~~~~~~~~~~~~~~~~~~^^^^^^^^^^^^^^^^^^^^^^^^^^^^^^^^^^^^^^^^^^^^^^^^^^^^^^^^^^^^^
AssertionError: 0.12168169199139811 not less than or equal to 0.1
timing_or_cleanup_check_4: AssertionError: Lists differ: [{'operation': 'close', 'message': '202927[111 chars]583}] != []

First list contains 1 additional elements.
First extra element 0:
{'operation': 'close', 'message': '202927.820390494 not less than or equal to 202927.774758583', 'returned': 202927.820390494, 'deadline': 202927.674758583}

+ []
- [{'deadline': 202927.674758583,
-   'message': '202927.820390494 not less than or equal to 202927.774758583',
-   'operation': 'close',
-   'returned': 202927.820390494}] : {'scenario': 'L03', 'mode': 'owner_block', 'constructor_entry': 202927.37473613, 'action_cutoff': 202929.37473613, 'safety_cutoff': 202930.37473613, 'constructor_end': 202927.49642123, 't0': 202927.374758583, 'ready_deadline': 202927.454758583, 'setup_deadline': 202927.554758583, 'setup_cleanup_deadline': 202927.674758583, 'action_end': 202927.820429445, 'end': 202927.820442029, 'execution_seconds': 0.44569331500679255, 'cleanup_seconds': 1.2584001524373889e-05, 'cleanup_confirmed': True, 'records': {'work': {'role': 'work', 'state': 'pending', 'pid': None}, 'sample': {'role': 'sample', 'state': 'pending', 'pid': None}}, 'errors': [], 'signals': [], 'ticks': [202927.374758583, 202927.496440275], 'events': [], 'trace_facts': {'capacity': 256, 'total': 0, 'dropped': 0, 'saturated': False, 'first': None, 'last': None}, 'tick_facts': {'capacity': 128, 'total': 2, 'dropped': 0, 'saturated': False, 'first': 202927.374763037, 'last': 202927.496440958}, 'owner_error_facts': {'capacity': 32, 'total': 0, 'dropped': 0, 'saturated': False, 'first': None, 'last': None}, 'owner_signal_facts': {'capacity': 128, 'total': 0, 'dropped': 0, 'saturated': False, 'first': None, 'last': None}, 'request_counts': {'work': {'dispatch': 0, 'response': 0}, 'sample': {'dispatch': 0, 'response': 0}}, 'census_request_count': 0, 'max_gap': 0.12168169199139811, 'max_turn': 0.0, 'call_observations': [{'operation': 'tick', 'entered': 202927.496439456, 'deadline': 202927.454758583, 'returned': 202927.496449516, 'confirmed': None, 'error': 'TimeoutError: S1 monitor tick over

======================================================================
FAIL: test_l04_child_before_ready_block (test_vipe_benchmark_supervisor.HelperSessionTests.test_l04_child_before_ready_block)
----------------------------------------------------------------------
Traceback (most recent call last):
  File "/home/auss/git_repos/samaust/Experiments_4DGS/tests/test_vipe_benchmark_supervisor.py", line 1338, in test_l04_child_before_ready_block
    def test_l04_child_before_ready_block(self): self.reject_ready('L04','child_block')
                                                 ~~~~~~~~~~~~~~~~~^^^^^^^^^^^^^^^^^^^^^
  File "/home/auss/git_repos/samaust/Experiments_4DGS/tests/test_vipe_benchmark_supervisor.py", line 1274, in reject_ready
    self.assertLessEqual(max(b-a for a,b in zip(session.ticks,session.ticks[1:])),.1)
    ~~~~~~~~~~~~~~~~~~~~^^^^^^^^^^^^^^^^^^^^^^^^^^^^^^^^^^^^^^^^^^^^^^^^^^^^^^^^^^^^^
AssertionError: 0.12188617899664678 not less than or equal to 0.1
timing_or_cleanup_check_4: AssertionError: Lists differ: [{'operation': 'close', 'message': '202928[111 chars]124}] != []

First list contains 1 additional elements.
First extra element 0:
{'operation': 'close', 'message': '202928.267452244 not less than or equal to 202928.221343124', 'returned': 202928.267452244, 'deadline': 202928.121343124}

+ []
- [{'deadline': 202928.121343124,
-   'message': '202928.267452244 not less than or equal to 202928.221343124',
-   'operation': 'close',
-   'returned': 202928.267452244}] : {'scenario': 'L04', 'mode': 'child_block', 'constructor_entry': 202927.821320052, 'action_cutoff': 202929.821320052, 'safety_cutoff': 202930.821320052, 'constructor_end': 202927.943209447, 't0': 202927.821343124, 'ready_deadline': 202927.901343124, 'setup_deadline': 202928.001343124, 'setup_cleanup_deadline': 202928.121343124, 'action_end': 202928.267488292, 'end': 202928.267500058, 'execution_seconds': 0.44616824001423083, 'cleanup_seconds': 1.1765980161726475e-05, 'cleanup_confirmed': True, 'records': {'work': {'role': 'work', 'state': 'pending', 'pid': None, 'failed': True}, 'sample': {'role': 'sample', 'state': 'pending', 'pid': None}}, 'errors': [{'error_class': 'TimeoutError', 'message': 'progress original work deadline', 'phase': 'startup'}], 'signals': [], 'ticks': [202927.821343124, 202927.943229303], 'events': [{'event': 'fixture_spawn_entry', 'role': 'work', 'observed': 202927.869724542, 'ready_deadline': 202927.901343124}, {'event': 'owned_dispatch', 'role': 'work', 'processes': [{'boot_id': 'ba1b4efe-ee43-4088-86df-706c41cfac12', 'pid': 507448, 'ppid': 465812, 'pgid': 507448, 'start_ticks': 26026170, 'threads': [507448], 'thread_identities': [{'boot_id': 'ba1b4efe-ee43-4088-86df-706c41cfac12', 'pid': 507448, 'process_start_ticks': 26026170, 'tid': 507448, 'start_ticks': 26026170}], 'process_before': {'pid': 507448, 'pgid': 507448, 'start_ticks': 26026170}, 'process_after': {'pid': 507448, 'pgid': 507448, 'start_ticks': 26026170}, 'state': 'live', 'creation_parent': 465812, 'creation_event': 'owned descendant census'}, {'boot_

======================================================================
FAIL: test_l05_error_after_spawn (test_vipe_benchmark_supervisor.HelperSessionTests.test_l05_error_after_spawn)
----------------------------------------------------------------------
Traceback (most recent call last):
  File "/home/auss/git_repos/samaust/Experiments_4DGS/tests/test_vipe_benchmark_supervisor.py", line 1339, in test_l05_error_after_spawn
    def test_l05_error_after_spawn(self): self.reject_ready('L05','identity_failure')
                                          ~~~~~~~~~~~~~~~~~^^^^^^^^^^^^^^^^^^^^^^^^^^
  File "/home/auss/git_repos/samaust/Experiments_4DGS/tests/test_vipe_benchmark_supervisor.py", line 1274, in reject_ready
    self.assertLessEqual(max(b-a for a,b in zip(session.ticks,session.ticks[1:])),.1)
    ~~~~~~~~~~~~~~~~~~~~^^^^^^^^^^^^^^^^^^^^^^^^^^^^^^^^^^^^^^^^^^^^^^^^^^^^^^^^^^^^^
AssertionError: 0.123032053001225 not less than or equal to 0.1
timing_or_cleanup_check_4: AssertionError: Lists differ: [{'operation': 'close', 'message': '202928[109 chars]748}] != []

First list contains 1 additional elements.
First extra element 0:
{'operation': 'close', 'message': '202928.74682995 not less than or equal to 202928.669367748', 'returned': 202928.74682995, 'deadline': 202928.569367748}

+ []
- [{'deadline': 202928.569367748,
-   'message': '202928.74682995 not less than or equal to 202928.669367748',
-   'operation': 'close',
-   'returned': 202928.74682995}] : {'scenario': 'L05', 'mode': 'identity_failure', 'constructor_entry': 202928.269343907, 'action_cutoff': 202930.269343907, 'safety_cutoff': 202931.269343907, 'constructor_end': 202928.392380809, 't0': 202928.269367748, 'ready_deadline': 202928.349367748, 'setup_deadline': 202928.449367748, 'setup_cleanup_deadline': 202928.569367748, 'action_end': 202928.746862312, 'end': 202928.746875038, 'execution_seconds': 0.4775184049794916, 'cleanup_seconds': 1.2725999113172293e-05, 'cleanup_confirmed': True, 'records': {'work': {'role': 'work', 'state': 'pending', 'pid': None, 'failed': True}, 'sample': {'role': 'sample', 'state': 'pending', 'pid': None}}, 'errors': [{'error_class': 'TimeoutError', 'message': 'progress original work deadline', 'phase': 'startup'}], 'signals': [], 'ticks': [202928.269367748, 202928.392399801], 'events': [{'event': 'fixture_spawn_entry', 'role': 'work', 'observed': 202928.317710445, 'ready_deadline': 202928.349367748}, {'event': 'owned_dispatch', 'role': 'work', 'processes': [{'boot_id': 'ba1b4efe-ee43-4088-86df-706c41cfac12', 'pid': 507448, 'ppid': 465812, 'pgid': 507448, 'start_ticks': 26026170, 'threads': [507448], 'thread_identities': [{'boot_id': 'ba1b4efe-ee43-4088-86df-706c41cfac12', 'pid': 507448, 'process_start_ticks': 26026170, 'tid': 507448, 'start_ticks': 26026170}], 'process_before': {'pid': 507448, 'pgid': 507448, 'start_ticks': 26026170}, 'process_after': {'pid': 507448, 'pgid': 507448, 'start_ticks': 26026170}, 'state': 'live', 'creation_parent': 465812, 'creation_event': 'owned descendant census'}, {'boot_

======================================================================
FAIL: test_l06_late_ready (test_vipe_benchmark_supervisor.HelperSessionTests.test_l06_late_ready)
----------------------------------------------------------------------
Traceback (most recent call last):
  File "/home/auss/git_repos/samaust/Experiments_4DGS/tests/test_vipe_benchmark_supervisor.py", line 1340, in test_l06_late_ready
    def test_l06_late_ready(self): self.reject_ready('L06','late_ready')
                                   ~~~~~~~~~~~~~~~~~^^^^^^^^^^^^^^^^^^^^
  File "/home/auss/git_repos/samaust/Experiments_4DGS/tests/test_vipe_benchmark_supervisor.py", line 1274, in reject_ready
    self.assertLessEqual(max(b-a for a,b in zip(session.ticks,session.ticks[1:])),.1)
    ~~~~~~~~~~~~~~~~~~~~^^^^^^^^^^^^^^^^^^^^^^^^^^^^^^^^^^^^^^^^^^^^^^^^^^^^^^^^^^^^^
AssertionError: 0.12357498798519373 not less than or equal to 0.1
timing_or_cleanup_check_4: AssertionError: Lists differ: [{'operation': 'close', 'message': '202929[111 chars]183}] != []

First list contains 1 additional elements.
First extra element 0:
{'operation': 'close', 'message': '202929.220293479 not less than or equal to 202929.148693183', 'returned': 202929.220293479, 'deadline': 202929.048693183}

+ []
- [{'deadline': 202929.048693183,
-   'message': '202929.220293479 not less than or equal to 202929.148693183',
-   'operation': 'close',
-   'returned': 202929.220293479}] : {'scenario': 'L06', 'mode': 'late_ready', 'constructor_entry': 202928.748670522, 'action_cutoff': 202930.748670522, 'safety_cutoff': 202931.748670522, 'constructor_end': 202928.872249395, 't0': 202928.748693183, 'ready_deadline': 202928.828693183, 'setup_deadline': 202928.928693183, 'setup_cleanup_deadline': 202929.048693183, 'action_end': 202929.220337491, 'end': 202929.220353245, 'execution_seconds': 0.47166696898057126, 'cleanup_seconds': 1.575401984155178e-05, 'cleanup_confirmed': True, 'records': {'work': {'role': 'work', 'state': 'pending', 'pid': None, 'failed': True}, 'sample': {'role': 'sample', 'state': 'pending', 'pid': None}}, 'errors': [{'error_class': 'TimeoutError', 'message': 'progress original work deadline', 'phase': 'startup'}], 'signals': [], 'ticks': [202928.748693183, 202928.872268171], 'events': [{'event': 'fixture_spawn_entry', 'role': 'work', 'observed': 202928.797744181, 'ready_deadline': 202928.828693183}, {'event': 'owned_dispatch', 'role': 'work', 'processes': [{'boot_id': 'ba1b4efe-ee43-4088-86df-706c41cfac12', 'pid': 507448, 'ppid': 465812, 'pgid': 507448, 'start_ticks': 26026170, 'threads': [507448], 'thread_identities': [{'boot_id': 'ba1b4efe-ee43-4088-86df-706c41cfac12', 'pid': 507448, 'process_start_ticks': 26026170, 'tid': 507448, 'start_ticks': 26026170}], 'process_before': {'pid': 507448, 'pgid': 507448, 'start_ticks': 26026170}, 'process_after': {'pid': 507448, 'pgid': 507448, 'start_ticks': 26026170}, 'state': 'live', 'creation_parent': 465812, 'creation_event': 'owned descendant census'}, {'boot_id

======================================================================
FAIL: test_l07_cancel_during_spawn (test_vipe_benchmark_supervisor.HelperSessionTests.test_l07_cancel_during_spawn)
----------------------------------------------------------------------
Traceback (most recent call last):
  File "/home/auss/git_repos/samaust/Experiments_4DGS/tests/test_vipe_benchmark_supervisor.py", line 1341, in test_l07_cancel_during_spawn
    def test_l07_cancel_during_spawn(self): self.reject_ready('L07','held_spawn')
                                            ~~~~~~~~~~~~~~~~~^^^^^^^^^^^^^^^^^^^^
  File "/home/auss/git_repos/samaust/Experiments_4DGS/tests/test_vipe_benchmark_supervisor.py", line 1274, in reject_ready
    self.assertLessEqual(max(b-a for a,b in zip(session.ticks,session.ticks[1:])),.1)
    ~~~~~~~~~~~~~~~~~~~~^^^^^^^^^^^^^^^^^^^^^^^^^^^^^^^^^^^^^^^^^^^^^^^^^^^^^^^^^^^^^
AssertionError: 0.1394081489997916 not less than or equal to 0.1
timing_or_cleanup_check_4: AssertionError: Lists differ: [{'operation': 'close', 'message': '202929[109 chars]673}] != []

First list contains 1 additional elements.
First extra element 0:
{'operation': 'close', 'message': '202929.719817459 not less than or equal to 202929.62229673', 'returned': 202929.719817459, 'deadline': 202929.52229673}

+ []
- [{'deadline': 202929.52229673,
-   'message': '202929.719817459 not less than or equal to 202929.62229673',
-   'operation': 'close',
-   'returned': 202929.719817459}] : {'scenario': 'L07', 'mode': 'held_spawn', 'constructor_entry': 202929.222271489, 'action_cutoff': 202931.222271489, 'safety_cutoff': 202932.222271489, 'constructor_end': 202929.3616798, 't0': 202929.22229673, 'ready_deadline': 202929.30229673, 'setup_deadline': 202929.40229673, 'setup_cleanup_deadline': 202929.52229673, 'action_end': 202929.719849615, 'end': 202929.71986372, 'execution_seconds': 0.4975781260000076, 'cleanup_seconds': 1.4104996807873249e-05, 'cleanup_confirmed': True, 'records': {'work': {'role': 'work', 'state': 'pending', 'pid': None, 'failed': True}, 'sample': {'role': 'sample', 'state': 'pending', 'pid': None}}, 'errors': [{'error_class': 'TimeoutError', 'message': 'progress original work deadline', 'phase': 'startup'}], 'signals': [], 'ticks': [202929.22229673, 202929.361704879], 'events': [{'event': 'fixture_spawn_entry', 'role': 'work', 'observed': 202929.276278027, 'ready_deadline': 202929.30229673}, {'event': 'owned_dispatch', 'role': 'work', 'processes': [{'boot_id': 'ba1b4efe-ee43-4088-86df-706c41cfac12', 'pid': 507448, 'ppid': 465812, 'pgid': 507448, 'start_ticks': 26026170, 'threads': [507448], 'thread_identities': [{'boot_id': 'ba1b4efe-ee43-4088-86df-706c41cfac12', 'pid': 507448, 'process_start_ticks': 26026170, 'tid': 507448, 'start_ticks': 26026170}], 'process_before': {'pid': 507448, 'pgid': 507448, 'start_ticks': 26026170}, 'process_after': {'pid': 507448, 'pgid': 507448, 'start_ticks': 26026170}, 'state': 'live', 'creation_parent': 465812, 'creation_event': 'owned descendant census'}, {'boot_id': 'ba1b4efe-

======================================================================
FAIL: test_l08_late_owner_retained (test_vipe_benchmark_supervisor.HelperSessionTests.test_l08_late_owner_retained)
----------------------------------------------------------------------
Traceback (most recent call last):
  File "/home/auss/git_repos/samaust/Experiments_4DGS/tests/test_vipe_benchmark_supervisor.py", line 1348, in test_l08_late_owner_retained
    self.assertTrue(any(event['event']=='opaque_spawn_return_held' and event['mode']=='late_spawn' for event in session.events))
    ~~~~~~~~~~~~~~~^^^^^^^^^^^^^^^^^^^^^^^^^^^^^^^^^^^^^^^^^^^^^^^^^^^^^^^^^^^^^^^^^^^^^^^^^^^^^^^^^^^^^^^^^^^^^^^^^^^^^^^^^^^^^
AssertionError: False is not true

======================================================================
FAIL: test_l09_partial_header (test_vipe_benchmark_supervisor.HelperSessionTests.test_l09_partial_header)
----------------------------------------------------------------------
Traceback (most recent call last):
  File "/home/auss/git_repos/samaust/Experiments_4DGS/tests/test_vipe_benchmark_supervisor.py", line 1357, in test_l09_partial_header
    def test_l09_partial_header(self): self.reject_ready('L09','partial_header')
                                       ~~~~~~~~~~~~~~~~~^^^^^^^^^^^^^^^^^^^^^^^^
  File "/home/auss/git_repos/samaust/Experiments_4DGS/tests/test_vipe_benchmark_supervisor.py", line 1274, in reject_ready
    self.assertLessEqual(max(b-a for a,b in zip(session.ticks,session.ticks[1:])),.1)
    ~~~~~~~~~~~~~~~~~~~~^^^^^^^^^^^^^^^^^^^^^^^^^^^^^^^^^^^^^^^^^^^^^^^^^^^^^^^^^^^^^
AssertionError: 0.12887102001695894 not less than or equal to 0.1
timing_or_cleanup_check_4: AssertionError: Lists differ: [{'operation': 'close', 'message': '202930[115 chars]697}] != []

First list contains 1 additional elements.
First extra element 0:
{'operation': 'close', 'message': '202930.693594274 not less than or equal to 202930.62885056698', 'returned': 202930.693594274, 'deadline': 202930.52885056697}

+ []
- [{'deadline': 202930.52885056697,
-   'message': '202930.693594274 not less than or equal to 202930.62885056698',
-   'operation': 'close',
-   'returned': 202930.693594274}] : {'scenario': 'L09', 'mode': 'partial_header', 'constructor_entry': 202930.228825311, 'action_cutoff': 202932.228825311, 'safety_cutoff': 202933.228825311, 'constructor_end': 202930.357703729, 't0': 202930.228850567, 'ready_deadline': 202930.30885056697, 'setup_deadline': 202930.40885056698, 'setup_cleanup_deadline': 202930.52885056697, 'action_end': 202930.693622957, 'end': 202930.693635583, 'execution_seconds': 0.46479764601099305, 'cleanup_seconds': 1.2625998351722956e-05, 'cleanup_confirmed': True, 'records': {'work': {'role': 'work', 'state': 'pending', 'pid': None, 'failed': True}, 'sample': {'role': 'sample', 'state': 'pending', 'pid': None}}, 'errors': [{'error_class': 'TimeoutError', 'message': 'progress original work deadline', 'phase': 'startup'}], 'signals': [], 'ticks': [202930.228850567, 202930.357721587], 'events': [{'event': 'fixture_spawn_entry', 'role': 'work', 'observed': 202930.281272189, 'ready_deadline': 202930.30885056697}, {'event': 'owned_dispatch', 'role': 'work', 'processes': [{'boot_id': 'ba1b4efe-ee43-4088-86df-706c41cfac12', 'pid': 507448, 'ppid': 465812, 'pgid': 507448, 'start_ticks': 26026170, 'threads': [507448], 'thread_identities': [{'boot_id': 'ba1b4efe-ee43-4088-86df-706c41cfac12', 'pid': 507448, 'process_start_ticks': 26026170, 'tid': 507448, 'start_ticks': 26026170}], 'process_before': {'pid': 507448, 'pgid': 507448, 'start_ticks': 26026170}, 'process_after': {'pid': 507448, 'pgid': 507448, 'start_ticks': 26026170}, 'state': 'live', 'creation_parent': 465812, 'creation_event': 'owned descendan

======================================================================
FAIL: test_l10_stalled_body (test_vipe_benchmark_supervisor.HelperSessionTests.test_l10_stalled_body)
----------------------------------------------------------------------
Traceback (most recent call last):
  File "/home/auss/git_repos/samaust/Experiments_4DGS/tests/test_vipe_benchmark_supervisor.py", line 1358, in test_l10_stalled_body
    def test_l10_stalled_body(self): self.reject_ready('L10','stalled_body')
                                     ~~~~~~~~~~~~~~~~~^^^^^^^^^^^^^^^^^^^^^^
  File "/home/auss/git_repos/samaust/Experiments_4DGS/tests/test_vipe_benchmark_supervisor.py", line 1274, in reject_ready
    self.assertLessEqual(max(b-a for a,b in zip(session.ticks,session.ticks[1:])),.1)
    ~~~~~~~~~~~~~~~~~~~~^^^^^^^^^^^^^^^^^^^^^^^^^^^^^^^^^^^^^^^^^^^^^^^^^^^^^^^^^^^^^
AssertionError: 0.12836047500604764 not less than or equal to 0.1
timing_or_cleanup_check_4: AssertionError: Lists differ: [{'operation': 'close', 'message': '202931[111 chars]195}] != []

First list contains 1 additional elements.
First extra element 0:
{'operation': 'close', 'message': '202931.181311324 not less than or equal to 202931.095440195', 'returned': 202931.181311324, 'deadline': 202930.995440195}

+ []
- [{'deadline': 202930.995440195,
-   'message': '202931.181311324 not less than or equal to 202931.095440195',
-   'operation': 'close',
-   'returned': 202931.181311324}] : {'scenario': 'L10', 'mode': 'stalled_body', 'constructor_entry': 202930.695417747, 'action_cutoff': 202932.695417747, 'safety_cutoff': 202933.695417747, 'constructor_end': 202930.823780189, 't0': 202930.695440195, 'ready_deadline': 202930.775440195, 'setup_deadline': 202930.875440195, 'setup_cleanup_deadline': 202930.995440195, 'action_end': 202931.181342908, 'end': 202931.18135489, 'execution_seconds': 0.4859251610178035, 'cleanup_seconds': 1.1981988791376352e-05, 'cleanup_confirmed': True, 'records': {'work': {'role': 'work', 'state': 'pending', 'pid': None, 'failed': True}, 'sample': {'role': 'sample', 'state': 'pending', 'pid': None}}, 'errors': [{'error_class': 'TimeoutError', 'message': 'progress original work deadline', 'phase': 'startup'}], 'signals': [], 'ticks': [202930.695440195, 202930.82380067], 'events': [{'event': 'fixture_spawn_entry', 'role': 'work', 'observed': 202930.745916771, 'ready_deadline': 202930.775440195}, {'event': 'owned_dispatch', 'role': 'work', 'processes': [{'boot_id': 'ba1b4efe-ee43-4088-86df-706c41cfac12', 'pid': 507448, 'ppid': 465812, 'pgid': 507448, 'start_ticks': 26026170, 'threads': [507448], 'thread_identities': [{'boot_id': 'ba1b4efe-ee43-4088-86df-706c41cfac12', 'pid': 507448, 'process_start_ticks': 26026170, 'tid': 507448, 'start_ticks': 26026170}], 'process_before': {'pid': 507448, 'pgid': 507448, 'start_ticks': 26026170}, 'process_after': {'pid': 507448, 'pgid': 507448, 'start_ticks': 26026170}, 'state': 'live', 'creation_parent': 465812, 'creation_event': 'owned descendant census'}, {'boot_id

======================================================================
FAIL: test_l11_eof_midframe (test_vipe_benchmark_supervisor.HelperSessionTests.test_l11_eof_midframe)
----------------------------------------------------------------------
Traceback (most recent call last):
  File "/home/auss/git_repos/samaust/Experiments_4DGS/tests/test_vipe_benchmark_supervisor.py", line 1359, in test_l11_eof_midframe
    def test_l11_eof_midframe(self): self.reject_ready('L11','eof_frame')
                                     ~~~~~~~~~~~~~~~~~^^^^^^^^^^^^^^^^^^^
  File "/home/auss/git_repos/samaust/Experiments_4DGS/tests/test_vipe_benchmark_supervisor.py", line 1274, in reject_ready
    self.assertLessEqual(max(b-a for a,b in zip(session.ticks,session.ticks[1:])),.1)
    ~~~~~~~~~~~~~~~~~~~~^^^^^^^^^^^^^^^^^^^^^^^^^^^^^^^^^^^^^^^^^^^^^^^^^^^^^^^^^^^^^
AssertionError: 0.12874834399553947 not less than or equal to 0.1
timing_or_cleanup_check_4: AssertionError: Lists differ: [{'operation': 'close', 'message': '202931[111 chars]249}] != []

First list contains 1 additional elements.
First extra element 0:
{'operation': 'close', 'message': '202931.646476286 not less than or equal to 202931.583375249', 'returned': 202931.646476286, 'deadline': 202931.483375249}

+ []
- [{'deadline': 202931.483375249,
-   'message': '202931.646476286 not less than or equal to 202931.583375249',
-   'operation': 'close',
-   'returned': 202931.646476286}] : {'scenario': 'L11', 'mode': 'eof_frame', 'constructor_entry': 202931.183350394, 'action_cutoff': 202933.183350394, 'safety_cutoff': 202934.183350394, 'constructor_end': 202931.312104514, 't0': 202931.183375249, 'ready_deadline': 202931.263375249, 'setup_deadline': 202931.363375249, 'setup_cleanup_deadline': 202931.483375249, 'action_end': 202931.646507267, 'end': 202931.646518779, 'execution_seconds': 0.4631568729819264, 'cleanup_seconds': 1.151199103333056e-05, 'cleanup_confirmed': True, 'records': {'work': {'role': 'work', 'state': 'pending', 'pid': None, 'failed': True}, 'sample': {'role': 'sample', 'state': 'pending', 'pid': None}}, 'errors': [{'error_class': 'TimeoutError', 'message': 'progress original work deadline', 'phase': 'startup'}], 'signals': [], 'ticks': [202931.183375249, 202931.312123593], 'events': [{'event': 'fixture_spawn_entry', 'role': 'work', 'observed': 202931.234840782, 'ready_deadline': 202931.263375249}, {'event': 'owned_dispatch', 'role': 'work', 'processes': [{'boot_id': 'ba1b4efe-ee43-4088-86df-706c41cfac12', 'pid': 507448, 'ppid': 465812, 'pgid': 507448, 'start_ticks': 26026170, 'threads': [507448], 'thread_identities': [{'boot_id': 'ba1b4efe-ee43-4088-86df-706c41cfac12', 'pid': 507448, 'process_start_ticks': 26026170, 'tid': 507448, 'start_ticks': 26026170}], 'process_before': {'pid': 507448, 'pgid': 507448, 'start_ticks': 26026170}, 'process_after': {'pid': 507448, 'pgid': 507448, 'start_ticks': 26026170}, 'state': 'live', 'creation_parent': 465812, 'creation_event': 'owned descendant census'}, {'boot_id':

======================================================================
FAIL: test_l13_oversized_frame (test_vipe_benchmark_supervisor.HelperSessionTests.test_l13_oversized_frame)
----------------------------------------------------------------------
Traceback (most recent call last):
  File "/home/auss/git_repos/samaust/Experiments_4DGS/tests/test_vipe_benchmark_supervisor.py", line 1375, in test_l13_oversized_frame
    def test_l13_oversized_frame(self): self.reject_ready('L13','oversized')
                                        ~~~~~~~~~~~~~~~~~^^^^^^^^^^^^^^^^^^^
  File "/home/auss/git_repos/samaust/Experiments_4DGS/tests/test_vipe_benchmark_supervisor.py", line 1274, in reject_ready
    self.assertLessEqual(max(b-a for a,b in zip(session.ticks,session.ticks[1:])),.1)
    ~~~~~~~~~~~~~~~~~~~~^^^^^^^^^^^^^^^^^^^^^^^^^^^^^^^^^^^^^^^^^^^^^^^^^^^^^^^^^^^^^
AssertionError: 0.13398272497579455 not less than or equal to 0.1
timing_or_cleanup_check_4: AssertionError: Lists differ: [{'operation': 'close', 'message': '202933[109 chars]708}] != []

First list contains 1 additional elements.
First extra element 0:
{'operation': 'close', 'message': '202933.51550844 not less than or equal to 202933.430253708', 'returned': 202933.51550844, 'deadline': 202933.330253708}

+ []
- [{'deadline': 202933.330253708,
-   'message': '202933.51550844 not less than or equal to 202933.430253708',
-   'operation': 'close',
-   'returned': 202933.51550844}] : {'scenario': 'L13', 'mode': 'oversized', 'constructor_entry': 202933.03022937, 'action_cutoff': 202935.03022937, 'safety_cutoff': 202936.03022937, 'constructor_end': 202933.164217392, 't0': 202933.030253708, 'ready_deadline': 202933.110253708, 'setup_deadline': 202933.210253708, 'setup_cleanup_deadline': 202933.330253708, 'action_end': 202933.515543051, 'end': 202933.515555131, 'execution_seconds': 0.4853136810124852, 'cleanup_seconds': 1.2079981388524175e-05, 'cleanup_confirmed': True, 'records': {'work': {'role': 'work', 'state': 'pending', 'pid': None, 'failed': True}, 'sample': {'role': 'sample', 'state': 'pending', 'pid': None}}, 'errors': [{'error_class': 'TimeoutError', 'message': 'progress original work deadline', 'phase': 'startup'}], 'signals': [], 'ticks': [202933.030253708, 202933.164236433], 'events': [{'event': 'fixture_spawn_entry', 'role': 'work', 'observed': 202933.082687469, 'ready_deadline': 202933.110253708}, {'event': 'owned_dispatch', 'role': 'work', 'processes': [{'boot_id': 'ba1b4efe-ee43-4088-86df-706c41cfac12', 'pid': 507448, 'ppid': 465812, 'pgid': 507448, 'start_ticks': 26026170, 'threads': [507448], 'thread_identities': [{'boot_id': 'ba1b4efe-ee43-4088-86df-706c41cfac12', 'pid': 507448, 'process_start_ticks': 26026170, 'tid': 507448, 'start_ticks': 26026170}], 'process_before': {'pid': 507448, 'pgid': 507448, 'start_ticks': 26026170}, 'process_after': {'pid': 507448, 'pgid': 507448, 'start_ticks': 26026170}, 'state': 'live', 'creation_parent': 465812, 'creation_event': 'owned descendant census'}, {'boot_id': 'ba1b

======================================================================
FAIL: test_l14_wrong_correlation (test_vipe_benchmark_supervisor.HelperSessionTests.test_l14_wrong_correlation)
----------------------------------------------------------------------
Traceback (most recent call last):
  File "/home/auss/git_repos/samaust/Experiments_4DGS/tests/test_vipe_benchmark_supervisor.py", line 1376, in test_l14_wrong_correlation
    def test_l14_wrong_correlation(self): self.reject_ready('L14','wrong_role')
                                          ~~~~~~~~~~~~~~~~~^^^^^^^^^^^^^^^^^^^^
  File "/home/auss/git_repos/samaust/Experiments_4DGS/tests/test_vipe_benchmark_supervisor.py", line 1274, in reject_ready
    self.assertLessEqual(max(b-a for a,b in zip(session.ticks,session.ticks[1:])),.1)
    ~~~~~~~~~~~~~~~~~~~~^^^^^^^^^^^^^^^^^^^^^^^^^^^^^^^^^^^^^^^^^^^^^^^^^^^^^^^^^^^^^
AssertionError: 0.13616657501552254 not less than or equal to 0.1
timing_or_cleanup_check_4: AssertionError: Lists differ: [{'operation': 'close', 'message': '202934[111 chars]454}] != []

First list contains 1 additional elements.
First extra element 0:
{'operation': 'close', 'message': '202934.021444365 not less than or equal to 202933.917407454', 'returned': 202934.021444365, 'deadline': 202933.817407454}

+ []
- [{'deadline': 202933.817407454,
-   'message': '202934.021444365 not less than or equal to 202933.917407454',
-   'operation': 'close',
-   'returned': 202934.021444365}] : {'scenario': 'L14', 'mode': 'wrong_role', 'constructor_entry': 202933.517385394, 'action_cutoff': 202935.517385394, 'safety_cutoff': 202936.517385394, 'constructor_end': 202933.653556133, 't0': 202933.517407454, 'ready_deadline': 202933.59740745398, 'setup_deadline': 202933.697407454, 'setup_cleanup_deadline': 202933.817407454, 'action_end': 202934.021475964, 'end': 202934.021487086, 'execution_seconds': 0.5040905700006988, 'cleanup_seconds': 1.1121999705210328e-05, 'cleanup_confirmed': True, 'records': {'work': {'role': 'work', 'state': 'pending', 'pid': None, 'failed': True}, 'sample': {'role': 'sample', 'state': 'pending', 'pid': None}}, 'errors': [{'error_class': 'TimeoutError', 'message': 'progress original work deadline', 'phase': 'startup'}], 'signals': [], 'ticks': [202933.517407454, 202933.653574029], 'events': [{'event': 'fixture_spawn_entry', 'role': 'work', 'observed': 202933.570914772, 'ready_deadline': 202933.59740745398}, {'event': 'owned_dispatch', 'role': 'work', 'processes': [{'boot_id': 'ba1b4efe-ee43-4088-86df-706c41cfac12', 'pid': 507448, 'ppid': 465812, 'pgid': 507448, 'start_ticks': 26026170, 'threads': [507448], 'thread_identities': [{'boot_id': 'ba1b4efe-ee43-4088-86df-706c41cfac12', 'pid': 507448, 'process_start_ticks': 26026170, 'tid': 507448, 'start_ticks': 26026170}], 'process_before': {'pid': 507448, 'pgid': 507448, 'start_ticks': 26026170}, 'process_after': {'pid': 507448, 'pgid': 507448, 'start_ticks': 26026170}, 'state': 'live', 'creation_parent': 465812, 'creation_event': 'owned descendant census'}, {'boo

======================================================================
FAIL: test_l25_delayed_actual_reserve (test_vipe_benchmark_supervisor.HelperSessionTests.test_l25_delayed_actual_reserve)
----------------------------------------------------------------------
TimeoutError: S1 monitor tick overrun
HelperCleanupUncertain: helper cleanup not confirmed
pre-reservation helper cleanup not confirmed

During handling of the above exception, another exception occurred:

Traceback (most recent call last):
  File "/home/auss/git_repos/samaust/Experiments_4DGS/tests/test_vipe_benchmark_supervisor.py", line 1513, in test_l25_delayed_actual_reserve
    def test_l25_delayed_actual_reserve(self): self.admission_rejected('L25',False)
                                               ~~~~~~~~~~~~~~~~~~~~~~~^^^^^^^^^^^^^
  File "/home/auss/git_repos/samaust/Experiments_4DGS/tests/test_vipe_benchmark_supervisor.py", line 1503, in admission_rejected
    with self.assertRaisesRegex(TimeoutError,'setup admission deadline'):
         ~~~~~~~~~~~~~~~~~~~~~~^^^^^^^^^^^^^^^^^^^^^^^^^^^^^^^^^^^^^^^^^
AssertionError: "setup admission deadline" does not match "S1 monitor tick overrun"
timing_or_cleanup_check_0: AssertionError: False is not true : {'scenario': 'L25', 'mode': 'normal', 'constructor_entry': 202947.994732764, 'action_cutoff': 202949.994732764, 'safety_cutoff': 202950.994732764, 'constructor_end': 202948.14727462, 't0': 202947.994756211, 'ready_deadline': 202948.144756211, 'setup_deadline': 202948.294756211, 'setup_cleanup_deadline': 202948.494756211, 'action_end': 202948.907286201, 'end': 202948.998774308, 'execution_seconds': 0.9125534369959496, 'cleanup_seconds': 0.09148810702026822, 'cleanup_confirmed': False, 'records': {'work': {'role': 'work', 'state': 'spawning', 'pid': None}, 'sample': {'role': 'sample', 'state': 'pending', 'pid': None}}, 'errors': [{'error_class': 'ValueError', 'message': 'owned Owner.run work dispatch CPU capacity', 'phase': 'startup'}], 'signals': [], 'ticks': [202947.994756211, 202948.149073711], 'events': [{'event': 'fixture_spawn_entry', 'role': 'work', 'observed': 202948.055744576, 'ready_deadline': 202948.144756211}], 'trace_facts': {'capacity': 256, 'total': 1, 'dropped': 0, 'saturated': False, 'first': 202948.055746622, 'last': 202948.055746622}, 'tick_facts': {'capacity': 128, 'total': 2, 'dropped': 0, 'saturated': False, 'first': 202947.994761242, 'last': 202948.149075155}, 'owner_error_facts': {'capacity': 32, 'total': 1, 'dropped': 0, 'saturated': False, 'first': 202948.43059366, 'last': 202948.43059366}, 'owner_signal_facts': {'capacity': 128, 'total': 0, 'dropped': 0, 'saturated': False, 'first': None, 'last': None}, 'request_counts': {'work': {'dispatch': 0, 'response': 0}, 'sample': {'dispatch': 0, 'response': 0}}, 'census_request_count': 0, 'max_gap': 0.15431750001152977, 'max_turn': 0.0, 'call_observations': [{'operation': 'tick', 'entered': 202948.149073223, 'deadline': 202948.144756211, 'returned': 202948.149080812, 'confirmed': None, 'error': 'TimeoutError: S1 monitor tick overrun', 'ready_before': [], 'ready_after': []}, {'operation': 'await_ready', 'entered': 202948.149070195, 'deadline': 202948.144756211, 'returned': 202948.14908465, 'confirmed': None, 'error': 'TimeoutErr
timing_or_cleanup_check_4: AssertionError: Lists differ: [{'operation': 'close', 'message': '202948[269 chars]211}] != []

First list contains 2 additional elements.
First extra element 0:
{'operation': 'close', 'message': '202948.811285229 not less than or equal to 202948.594756211', 'returned': 202948.811285229, 'deadline': 202948.494756211}

+ []
- [{'deadline': 202948.494756211,
-   'message': '202948.811285229 not less than or equal to 202948.594756211',
-   'operation': 'close',
-   'returned': 202948.811285229},
-  {'deadline': 202948.494756211,
-   'message': '202948.907098395 not less than or equal to 202948.594756211',
-   'operation': 'close',
-   'returned': 202948.907098395}] : {'scenario': 'L25', 'mode': 'normal', 'constructor_entry': 202947.994732764, 'action_cutoff': 202949.994732764, 'safety_cutoff': 202950.994732764, 'constructor_end': 202948.14727462, 't0': 202947.994756211, 'ready_deadline': 202948.144756211, 'setup_deadline': 202948.294756211, 'setup_cleanup_deadline': 202948.494756211, 'action_end': 202948.907286201, 'end': 202948.998774308, 'execution_seconds': 0.9125534369959496, 'cleanup_seconds': 0.09148810702026822, 'cleanup_confirmed': False, 'records': {'work': {'role': 'work', 'state': 'spawning', 'pid': None}, 'sample': {'role': 'sample', 'state': 'pending', 'pid': None}}, 'errors': [{'error_class': 'ValueError', 'message': 'owned Owner.run work dispatch CPU capacity', 'phase': 'startup'}], 'signals': [], 'ticks': [202947.994756211, 202948.149073711], 'events': [{'event': 'fixture_spawn_entry', 'role': 'work', 'observed': 202948.055744576, 'ready_deadline': 202948.144756211}], 'trace_facts': {'capacity': 256, 'total': 1, 'dropped': 0, 'saturated': False, 'first': 202948.055746622, 'last': 202948.055746622}, 'tick_facts': {'capacity': 128, 'total': 2, 'dropped': 0, 'saturated': False, 'first': 202947.994761242, 'last': 202948.149075155}, 'owner_error_facts': {'capacity': 32, 'total': 1, 'dropped': 0, 'saturated': False, 'first': 202948.43059366, 'last': 202948.43059366}, 'owner_signal_facts': {'capacity': 128, 'total': 0, 'dr

======================================================================
FAIL: test_l26_equal_actual_reserve (test_vipe_benchmark_supervisor.HelperSessionTests.test_l26_equal_actual_reserve)
----------------------------------------------------------------------
TimeoutError: S1 monitor tick overrun
HelperCleanupUncertain: helper cleanup not confirmed
pre-reservation helper cleanup not confirmed

During handling of the above exception, another exception occurred:

Traceback (most recent call last):
  File "/home/auss/git_repos/samaust/Experiments_4DGS/tests/test_vipe_benchmark_supervisor.py", line 1514, in test_l26_equal_actual_reserve
    def test_l26_equal_actual_reserve(self): self.admission_rejected('L26',True)
                                             ~~~~~~~~~~~~~~~~~~~~~~~^^^^^^^^^^^^
  File "/home/auss/git_repos/samaust/Experiments_4DGS/tests/test_vipe_benchmark_supervisor.py", line 1503, in admission_rejected
    with self.assertRaisesRegex(TimeoutError,'setup admission deadline'):
         ~~~~~~~~~~~~~~~~~~~~~~^^^^^^^^^^^^^^^^^^^^^^^^^^^^^^^^^^^^^^^^^
AssertionError: "setup admission deadline" does not match "S1 monitor tick overrun"
timing_or_cleanup_check_0: AssertionError: False is not true : {'scenario': 'L26', 'mode': 'normal', 'constructor_entry': 202948.999786592, 'action_cutoff': 202950.999786592, 'safety_cutoff': 202951.999786592, 'constructor_end': 202949.153239167, 't0': 202948.99981039, 'ready_deadline': 202949.14981039, 'setup_deadline': 202949.29981039, 'setup_cleanup_deadline': 202949.49981039, 'action_end': 202949.519956693, 'end': 202950.069721496, 'execution_seconds': 0.5201701009937096, 'cleanup_seconds': 0.5497648029995617, 'cleanup_confirmed': False, 'records': {'work': {'role': 'work', 'state': 'spawning', 'pid': None}, 'sample': {'role': 'sample', 'state': 'pending', 'pid': None}}, 'errors': [{'error_class': 'ValueError', 'message': 'owned Owner.run work dispatch CPU capacity', 'phase': 'startup'}], 'signals': [], 'ticks': [202948.99981039, 202949.154882797], 'events': [{'event': 'fixture_spawn_entry', 'role': 'work', 'observed': 202949.060359141, 'ready_deadline': 202949.14981039}], 'trace_facts': {'capacity': 256, 'total': 1, 'dropped': 0, 'saturated': False, 'first': 202949.060360314, 'last': 202949.060360314}, 'tick_facts': {'capacity': 128, 'total': 2, 'dropped': 0, 'saturated': False, 'first': 202948.999815345, 'last': 202949.154883578}, 'owner_error_facts': {'capacity': 32, 'total': 1, 'dropped': 0, 'saturated': False, 'first': 202949.52349651, 'last': 202949.52349651}, 'owner_signal_facts': {'capacity': 128, 'total': 0, 'dropped': 0, 'saturated': False, 'first': None, 'last': None}, 'request_counts': {'work': {'dispatch': 0, 'response': 0}, 'sample': {'dispatch': 0, 'response': 0}}, 'census_request_count': 0, 'max_gap': 0.15507240701117553, 'max_turn': 0.0, 'call_observations': [{'operation': 'tick', 'entered': 202949.154882256, 'deadline': 202949.14981039, 'returned': 202949.154889758, 'confirmed': None, 'error': 'TimeoutError: S1 monitor tick overrun', 'ready_before': [], 'ready_after': []}, {'operation': 'await_ready', 'entered': 202949.154879812, 'deadline': 202949.14981039, 'returned': 202949.154893206, 'confirmed': None, 'error': 'TimeoutError: S1 

======================================================================
FAIL: test_l36_ambiguous_native_start_retained (test_vipe_benchmark_supervisor.HelperSessionTests.test_l36_ambiguous_native_start_retained)
----------------------------------------------------------------------
Traceback (most recent call last):
  File "/home/auss/git_repos/samaust/Experiments_4DGS/tests/test_vipe_benchmark_supervisor.py", line 1724, in test_l36_ambiguous_native_start_retained
    self.assertTrue(acquired)
    ~~~~~~~~~~~~~~~^^^^^^^^^^
AssertionError: [] is not true
L36 secondary: {'operation': 'retire_acquired', 'error_class': 'ValueError', 'message': 'different job handle'}
L36 secondary: {'operation': 'original_cleanup_assertions', 'error_class': 'AssertionError', 'message': 'False is not true'}

======================================================================
FAIL: test_partial_constructor_boundaries (test_vipe_benchmark_supervisor.HelperSessionTests.test_partial_constructor_boundaries)
----------------------------------------------------------------------
Traceback (most recent call last):
  File "/home/auss/git_repos/samaust/Experiments_4DGS/tests/test_vipe_benchmark_supervisor.py", line 4198, in test_partial_constructor_boundaries
    self.assertTrue(life.reap(start+.1));self.assertTrue(current.close(start+.1))
    ~~~~~~~~~~~~~~~^^^^^^^^^^^^^^^^^^^^^
AssertionError: False is not true

======================================================================
FAIL: test_progress_plan046_launch_deadline (test_vipe_benchmark_supervisor.HelperSessionTests.test_progress_plan046_launch_deadline) (kind='before', offset=-0.001)
----------------------------------------------------------------------
Traceback (most recent call last):
  File "/home/auss/git_repos/samaust/Experiments_4DGS/tests/test_vipe_benchmark_supervisor.py", line 2248, in test_progress_plan046_launch_deadline
    self.assertEqual(len(started),1 if case['kind']=='before' else 0)
    ~~~~~~~~~~~~~~~~^^^^^^^^^^^^^^^^^^^^^^^^^^^^^^^^^^^^^^^^^^^^^^^^^
AssertionError: 0 != 1

======================================================================
FAIL: test_progress_plan047_deadline_steps (test_vipe_benchmark_supervisor.HelperSessionTests.test_progress_plan047_deadline_steps) (operation='worker_popen', when='before')
----------------------------------------------------------------------
Traceback (most recent call last):
  File "/home/auss/git_repos/samaust/Experiments_4DGS/tests/test_vipe_benchmark_supervisor.py", line 3838, in test_progress_plan047_deadline_steps
    self.assertEqual(len(started),0 if expected_late else 1);observed=outcome['error']
    ~~~~~~~~~~~~~~~~^^^^^^^^^^^^^^^^^^^^^^^^^^^^^^^^^^^^^^^^
AssertionError: 0 != 1

======================================================================
FAIL: test_progress_plan047_deadline_steps (test_vipe_benchmark_supervisor.HelperSessionTests.test_progress_plan047_deadline_steps) (operation='worker_popen', when='equal')
----------------------------------------------------------------------
Traceback (most recent call last):
  File "/home/auss/git_repos/samaust/Experiments_4DGS/tests/test_vipe_benchmark_supervisor.py", line 3891, in test_progress_plan047_deadline_steps
    self.assertIn(name,before_controls)
    ~~~~~~~~~~~~~^^^^^^^^^^^^^^^^^^^^^^
AssertionError: 'worker_popen' not found in {'checkpoint_write': {'spec': {'target': {'operation': 'write', 'stage': 'write', 'phase': 'checkpoint'}, 'successor': {'operation': 'flush', 'stage': 'flush', 'phase': 'checkpoint'}}, 'target': [{'role': 'target', 'operation': 'write', 'stage': 'write', 'entered': 206534.453097874, 'completed': True, 'exited': 206534.453097874}], 'successor': [{'role': 'successor', 'operation': 'flush', 'stage': 'flush', 'entered': 206534.453097874, 'completed': True, 'exited': 206534.453097874}], 'predecessor': {'operation': 'checkpoint/fdopen', 'entered_before': 202964.55478648, 'returned_at': 206534.453097874}}, 'checkpoint_flush': {'spec': {'target': {'operation': 'flush', 'stage': 'flush', 'phase': 'checkpoint'}, 'successor': {'operation': 'fsync', 'stage': 'file_fsync', 'phase': 'checkpoint'}}, 'target': [{'role': 'target', 'operation': 'flush', 'stage': 'flush', 'entered': 206534.768810281, 'completed': True, 'exited': 206534.768810281}], 'successor': [{'role': 'successor', 'operation': 'fsync', 'stage': 'file_fsync', 'entered': 206534.768810281, 'completed': True, 'exited': 206534.768810281}], 'predecessor': {'operation': 'write/write', 'entered_before': 202964.871610067, 'returned_at': 206534.768810281}}, 'checkpoint_fsync': {'spec': {'target': {'operation': 'fsync', 'stage': 'file_fsync', 'phase': 'checkpoint'}, 'successor': {'operation': 'close', 'stage': 'close', 'phase': 'checkpoint'}}, 'target': [{'role': 'target', 'operation': 'fsync', 'stage': 'file_fsync', 'entered': 206535.093532892, 'completed': True, 'exited': 206535.093532892}], 'successor': [{'role': 'successor', 'operation': 'close', 'stage': 'close', 'entered': 206535.093532892, 'completed': True, 'exited': 206535.093532892}], 'predecessor': {'operation': 'flush/flush', 'entered_before': 202965.195859137, 'returned_at': 206535.093532892}}, 'checkpoint_close': {'spec': {'target': {'operation': 'close', 'stage': 'close', 'phase': 'checkpoint'}, 'successor': {'operation': 'read_bytes', 'stage': 'close_readback', 'phase': 'checkpoint'}}, 'target': [{'role': 'target', 'operation': 'close', 'stage': 'close', 'entered': 206535.44374681602, 'completed': True, 'exited': 206535.44374681602}], 'successor': [{'role': 'successor', 'operation': 'read_bytes', 'stage': 'close_readback', 'entered': 206535.44374681602, 'completed': True, 'exited': 206535.44374681602}], 'predecessor': {'operation': 'file_fsync/fsync', 'entered_before': 202965.543407892, 'returned_at': 206535.44374681602}}, 'checkpoint_readback': {'spec': {'target': {'operation': 'read_bytes', 'stage': 'close_readback', 'phase': 'checkpoint'}, 'successor': {'operation': 'record', 'stage': 'close_readback', 'phase': 'checkpoint'}}, 'target': [{'role': 'target', 'operation': 'read_bytes', 'stage': 'close_readback', 'entered': 206535.77285482202, 'completed': True, 'exited': 206535.77285482202}], 'successor': [{'role': 'successor', 'operation': 'record', 'stage': 'close_readback', 'entered': 206535.77285482202, 'completed': True, 'exited': 206535.77285482202}], 'predecessor': {'operation': 'close/close', 'entered_before': 202965.873244132, 'returned_at': 206535.77285482202}}, 'head_write': {'spec': {'target': {'operation': 'write', 'stage': 'write', 'phase': 'head'}, 'successor': {'operation': 'flush', 'stage': 'flush', 'phase': 'head'}}, 'target': [{'role': 'target', 'operation': 'write', 'stage': 'write', 'entered': 206536.090813159, 'completed': True, 'exited': 206536.090813159}], 'successor': [{'role': 'successor', 'operation': 'flush', 'stage': 'flush', 'entered': 206536.090813159, 'completed': True, 'exited': 206536.090813159}], 'predecessor': {'operation': 'head/fdopen', 'entered_before': 202966.193030977, 'returned_at': 206536.090813159}}, 'head_flush': {'spec': {'target': {'operation': 'flush', 'stage': 'flush', 'phase': 'head'}, 'successor': {'operation': 'fsync', 'stage': 'file_fsync', 'phase': 'head'}}, 'target': [{'role': 'target', 'operation': 'flush', 'stage': 'flush', 'entered': 206536.414848843, 'completed': True, 'exited': 206536.414848843}], 'successor': [{'role': 'successor', 'operation': 'fsync', 'stage': 'file_fsync', 'entered': 206536.414848843, 'completed': True, 'exited': 206536.414848843}], 'predecessor': {'operation': 'write/write', 'entered_before': 202966.512781709, 'returned_at': 206536.414848843}}, 'head_fsync': {'spec': {'target': {'operation': 'fsync', 'stage': 'file_fsync', 'phase': 'head'}, 'successor': {'operation': 'close', 'stage': 'close', 'phase': 'head'}}, 'target': [{'role': 'target', 'operation': 'fsync', 'stage': 'file_fsync', 'entered': 206536.732995185, 'completed': True, 'exited': 206536.732995185}], 'successor': [{'role': 'successor', 'operation': 'close', 'stage': 'close', 'entered': 206536.732995185, 'completed': True, 'exited': 206536.732995185}], 'predecessor': {'operation': 'flush/flush', 'entered_before': 202966.82708818, 'returned_at': 206536.732995185}}, 'head_close': {'spec': {'target': {'operation': 'close', 'stage': 'close', 'phase': 'head'}, 'successor': {'operation': 'read_bytes', 'stage': 'close_readback', 'phase': 'head'}}, 'target': [{'role': 'target', 'operation': 'close', 'stage': 'close', 'entered': 206537.04439363402, 'completed': True, 'exited': 206537.04439363402}], 'successor': [{'role': 'successor', 'operation': 'read_bytes', 'stage': 'close_readback', 'entered': 206537.04439363402, 'completed': True, 'exited': 206537.04439363402}], 'predecessor': {'operation': 'file_fsync/fsync', 'entered_before': 202967.143012741, 'returned_at': 206537.04439363402}}, 'head_readback': {'spec': {'target': {'operation': 'read_bytes', 'stage': 'close_readback', 'phase': 'head'}, 'successor': {'operation': 'record', 'stage': 'close_readback', 'phase': 'head'}}, 'target': [{'role': 'target', 'operation': 'read_bytes', 'stage': 'close_readback', 'entered': 206537.353959736, 'completed': True, 'exited': 206537.353959736}], 'successor': [{'role': 'successor', 'operation': 'record', 'stage': 'close_readback', 'entered': 206537.353959736, 'completed': True, 'exited': 206537.353959736}], 'predecessor': {'operation': 'close/close', 'entered_before': 202967.449170452, 'returned_at': 206537.353959736}}, 'generation_install': {'spec': {'target': {'module': 'os', 'operation': 'link'}, 'successor': {'module': 'os', 'operation': 'unlink'}}, 'target': [{'role': 'target', 'operation': 'link', 'entered': 206537.66861435302, 'stage': 'generation_install', 'completed': True, 'exited': 206537.66861435302}], 'successor': [{'role': 'successor', 'operation': 'unlink', 'entered': 206537.66861435302, 'stage': 'generation_install', 'completed': True, 'exited': 206537.66861435302}], 'predecessor': {'operation': '/tmp/tmpddeq0s4b/30/jobs/S1-progress-1665bf975cc6439e8b894c031914e558/worker/checkpoint.tmp/durable_write_return', 'entered_before': 202967.771533247, 'returned_at': 206537.66861435302}}, 'generation_dir_fsync': {'spec': {'target': {'module': 'vipe_benchmark.s1_progress', 'operation': 'fsync_dir'}, 'successor': {'module': 'vipe_benchmark.s1_progress', 'operation': 'record'}}, 'target': [{'role': 'target', 'operation': 'fsync_dir', 'entered': 206537.994707579, 'stage': 'generation_directory_fsync', 'completed': True, 'exited': 206537.994707579}], 'successor': [{'role': 'successor', 'operation': 'record', 'entered': 206537.994707579, 'stage': 'generation_directory_fsync', 'completed': True, 'exited': 206537.994707579}], 'predecessor': {'operation': 'generation_install/unlink', 'entered_before': 202968.090726437, 'returned_at': 206537.994707579}}, 'generation_reopen_hash': {'spec': {'target': {'module': 'vipe_benchmark.s1_progress', 'operation': 'read_record'}, 'successor': {'module': 'vipe_benchmark.s1_progress', 'operation': 'encode'}}, 'target': [{'role': 'target', 'operation': 'read_record', 'entered': 206538.32537310902, 'stage': 'generation_reopen_hash', 'completed': True, 'exited': 206538.32537310902}], 'successor': [{'role': 'successor', 'operation': 'encode', 'entered': 206538.32537310902, 'stage': 'generation_reopen_hash', 'completed': True, 'exited': 206538.32537310902}], 'predecessor': {'operation': 'generation_directory_fsync/record', 'entered_before': 202968.423559895, 'returned_at': 206538.32537310902}}, 'head_install': {'spec': {'target': {'module': 'os', 'operation': 'replace'}, 'successor': {'module': 'vipe_benchmark.s1_progress', 'operation': 'fsync_dir'}}, 'target': [{'role': 'target', 'operation': 'replace', 'entered': 206538.642689816, 'stage': 'head_install', 'completed': True, 'exited': 206538.642689816}], 'successor': [{'role': 'successor', 'operation': 'fsync_dir', 'entered': 206538.642689816, 'stage': 'head_directory_fsync', 'completed': True, 'exited': 206538.642689816}], 'predecessor': {'operation': '/tmp/tmpddeq0s4b/39/jobs/S1-progress-37c59d13e86548eb8d0fe823fd4e2fa8/worker/head.tmp/durable_write_return', 'entered_before': 202968.740754296, 'returned_at': 206538.642689816}}, 'head_dir_fsync': {'spec': {'target': {'module': 'vipe_benchmark.s1_progress', 'operation': 'fsync_dir'}, 'successor': {'module': 'vipe_benchmark.s1_progress', 'operation': 'record'}}, 'target': [{'role': 'target', 'operation': 'fsync_dir', 'entered': 206538.960635383, 'stage': 'head_directory_fsync', 'completed': True, 'exited': 206538.960635383}], 'successor': [{'role': 'successor', 'operation': 'record', 'entered': 206538.960635383, 'stage': 'head_directory_fsync', 'completed': True, 'exited': 206538.960635383}], 'predecessor': {'operation': 'head_install/replace', 'entered_before': 202969.055924585, 'returned_at': 206538.960635383}}, 'final_head_read': {'spec': {'target': {'module': 'vipe_benchmark.s1_progress', 'operation': 'read_record'}, 'successor': {'module': 'vipe_benchmark.s1_progress', 'operation': 'read_record'}}, 'target': [{'role': 'target', 'operation': 'read_record', 'entered': 206539.272381596, 'stage': 'final_head_read', 'completed': True, 'exited': 206539.272381596}], 'successor': [{'role': 'successor', 'operation': 'read_record', 'entered': 206539.272381596, 'stage': 'final_generation_read', 'completed': True, 'exited': 206539.272381596}], 'predecessor': {'operation': 'head_directory_fsync/record', 'entered_before': 202969.370435639, 'returned_at': 206539.272381596}}, 'final_generation_read': {'spec': {'target': {'module': 'vipe_benchmark.s1_progress', 'operation': 'read_record'}, 'successor': {'module': 'vipe_benchmark.s1_progress', 'operation': 'encode'}}, 'target': [{'role': 'target', 'operation': 'read_record', 'entered': 206539.597464308, 'stage': 'final_generation_read', 'completed': True, 'exited': 206539.597464308}], 'successor': [{'role': 'successor', 'operation': 'encode', 'entered': 206539.597464308, 'stage': 'final_generation_read', 'completed': True, 'exited': 206539.597464308}], 'predecessor': {'operation': 'final_head_read/read_record', 'entered_before': 202969.69748585, 'returned_at': 206539.597464308}}, 'notice_send': {'spec': {'target': {'operation': 'publisher.sendto'}, 'successor': {'module': 'vipe_benchmark.s1_progress', 'operation': 'receive'}}, 'target': [{'role': 'target', 'operation': 'sendto', 'entered': 206539.913806185, 'stage': 'notice_send', 'completed': True, 'exited': 206539.913806185}], 'successor': [{'role': 'successor', 'operation': 'receive', 'entered': 206539.913806185, 'stage': 'notice_receive', 'completed': True, 'exited': 206539.913806185}, {'role': 'successor', 'operation': 'receive', 'entered': 206539.913806185, 'stage': 'ack_receipt', 'completed': True, 'exited': 206539.913806185}], 'predecessor': {'operation': 's1-progress-notice/v1/encode', 'entered_before': 206539.664806185, 'returned_at': 206539.913806185}}, 'owner_retention': {'spec': {'target': {'module': 'RetainedProgress', 'operation': 'acknowledge'}, 'successor': {'module': 'RetainedProgress', 'operation': 'retain'}}, 'target': [{'role': 'target', 'operation': 'acknowledge', 'entered': 206540.23036985, 'stage': 'retention:after', 'completed': True, 'exited': 206540.23036985}], 'successor': [{'role': 'successor', 'operation': 'retain', 'entered': 206540.23036985, 'stage': 'retention:after', 'completed': True, 'exited': 206540.23036985}], 'predecessor': {'operation': 's1-progress-ack/v1/encode', 'entered_before': 206539.98136985, 'returned_at': 206540.23036985}}, 'ack_send': {'spec': {'target': {'operation': 'owner.sendto'}, 'successor': {'module': 'vipe_benchmark.s1_progress', 'operation': 'receive'}}, 'target': [{'role': 'target', 'operation': 'sendto', 'entered': 206540.571898252, 'stage': 'ack_send', 'completed': True, 'exited': 206540.571898252}], 'successor': [{'role': 'successor', 'operation': 'receive', 'entered': 206540.571898252, 'stage': 'ack_receipt', 'completed': True, 'exited': 206540.571898252}], 'predecessor': {'operation': 'RetainedProgress.retain', 'entered_before': 206540.322898252, 'returned_at': 206540.571898252}}, 'ack_receipt': {'spec': {'target': {'operation': 'ack_correlation', 'stage': 'ack_receipt:after'}, 'successor': {'operation': 'Publisher._publish diagnostics encode', 'stage': 'ack_receipt:after', 'after_target': True}, 'unrelated': {'operation': 'encode', 'classification': 'separately_recorded_not_successor'}}, 'target': [{'role': 'target', 'operation': 'ack_correlation', 'entered': 206540.932737499, 'stage': 'ack_receipt:after', 'completed': True, 'exited': 206540.932737499}], 'successor': [{'role': 'successor', 'operation': 'encode', 'stage': 'ack_receipt:after', 'publisher_diagnostics': True, 'after_target': True, 'entered': 206540.932737499, 'completed': True, 'exited': 206540.932737499}], 'predecessor': {'operation': 'matching_ack_receive', 'entered_before': 206540.683737499, 'returned_at': 206540.932737499}}, 'array_npy': {'spec': {'target': {'module': 'numpy', 'operation': 'save'}, 'successor': {'module': 'DeadlineSink', 'operation': 'write'}}, 'target': [{'role': 'target', 'operation': 'save', 'entered': 206541.260953059, 'stage': '', 'completed': True, 'exited': 206541.260953059}], 'successor': [{'role': 'successor', 'operation': 'write', 'entered': 206541.260953059, 'stage': '', 'completed': True, 'exited': 206541.260953059}, {'role': 'successor', 'operation': 'write', 'entered': 206541.260953059, 'stage': '', 'completed': True, 'exited': 206541.260953059}], 'predecessor': {'operation': 'array_unbuffered_open_return', 'entered_before': 202971.356530697, 'returned_at': 206541.260953059}}, 'array_png': {'spec': {'target': {'module': 'cv2', 'operation': 'imencode'}, 'successor': {'module': 'vipe_benchmark.s1_progress', 'operation': 'write_exclusive'}}, 'target': [{'role': 'target', 'operation': 'imencode', 'entered': 206541.553076628, 'stage': '', 'completed': True, 'exited': 206541.553076628}], 'successor': [{'role': 'successor', 'operation': 'write_exclusive', 'entered': 206541.553076628, 'stage': '', 'completed': True, 'exited': 206541.553076628}], 'predecessor': {'operation': 'png_destination_stat_return', 'entered_before': 202971.648264693, 'returned_at': 206541.553076628}}, 'npz_member': {'spec': {'target': {'module': 'ZipFile', 'operation': 'open'}, 'successor': {'module': 'numpy.lib.format', 'operation': 'write_array'}}, 'target': [{'role': 'target', 'operation': 'open', 'entered': 206541.84042715502, 'stage': '', 'completed': True, 'exited': 206541.84042715502}], 'successor': [{'role': 'successor', 'operation': 'write_array', 'entered': 206541.84042715502, 'stage': '', 'completed': True, 'exited': 206541.84042715502}], 'predecessor': {'operation': 'second_npz_array_conversion_return_before_member_open', 'entered_before': 202971.934741705, 'returned_at': 206541.84042715502}}, 'npz_finalize': {'spec': {'target': {'module': 'ZipFile', 'operation': 'close'}, 'successor': {'module': 'DeadlineSink', 'operation': 'write'}}, 'target': [{'role': 'target', 'operation': 'close', 'entered': 206542.129623167, 'stage': '', 'completed': True, 'exited': 206542.129623167}], 'successor': [{'role': 'successor', 'operation': 'write', 'entered': 206542.129623167, 'stage': '', 'completed': True, 'exited': 206542.129623167}, {'role': 'successor', 'operation': 'write', 'entered': 206542.129623167, 'stage': '', 'completed': True, 'exited': 206542.129623167}, {'role': 'successor', 'operation': 'write', 'entered': 206542.129623167, 'stage': '', 'completed': True, 'exited': 206542.129623167}, {'role': 'successor', 'operation': 'write', 'entered': 206542.129623167, 'stage': '', 'completed': True, 'exited': 206542.129623167}, {'role': 'successor', 'operation': 'write', 'entered': 206542.129623167, 'stage': '', 'completed': True, 'exited': 206542.129623167}, {'role': 'successor', 'operation': 'write', 'entered': 206542.129623167, 'stage': '', 'completed': True, 'exited': 206542.129623167}, {'role': 'successor', 'operation': 'write', 'entered': 206542.129623167, 'stage': '', 'completed': True, 'exited': 206542.129623167}, {'role': 'successor', 'operation': 'write', 'entered': 206542.129623167, 'stage': '', 'completed': True, 'exited': 206542.129623167}, {'role': 'successor', 'operation': 'write', 'entered': 206542.129623167, 'stage': '', 'completed': True, 'exited': 206542.129623167}, {'role': 'successor', 'operation': 'write', 'entered': 206542.129623167, 'stage': '', 'completed': True, 'exited': 206542.129623167}], 'predecessor': {'operation': 'npz_member_2_close_return', 'entered_before': 202972.22332999, 'returned_at': 206542.129623167}}, 'array_hash': {'spec': {'target': {'module': 'vipe_benchmark.s1_progress', 'operation': 'checked_file_record'}, 'successor': {'module': 'vipe_benchmark.s1_progress', 'operation': 'read_bytes'}}, 'target': [{'role': 'target', 'operation': 'checked_file_record', 'entered': 206542.419193567, 'stage': '', 'completed': True, 'exited': 206542.419193567}], 'successor': [{'role': 'successor', 'operation': 'read_bytes', 'entered': 206542.419193567, 'stage': '', 'completed': True, 'exited': 206542.419193567}], 'predecessor': {'operation': 'array_normal_close_return_before_hash', 'entered_before': 202972.517911333, 'returned_at': 206542.419193567}}, 'produced_json': {'spec': {'target': {'module': 'vipe_benchmark.s1_progress', 'operation': 'encode'}, 'successor': {'module': 'vipe_benchmark.s1_progress', 'operation': 'write_exclusive'}}, 'target': [{'role': 'target', 'operation': 'encode', 'entered': 206542.718058772, 'stage': '', 'completed': True, 'exited': 206542.718058772}, {'role': 'target', 'operation': 'encode', 'entered': 206542.718058772, 'stage': '', 'completed': True, 'exited': 206542.718058772}, {'role': 'target', 'operation': 'encode', 'entered': 206542.718058772, 'stage': '', 'completed': True, 'exited': 206542.718058772}, {'role': 'target', 'operation': 'encode', 'entered': 206542.718058772, 'stage': '', 'completed': True, 'exited': 206542.718058772}], 'successor': [{'role': 'successor', 'operation': 'write_exclusive', 'entered': 206542.718058772, 'stage': '', 'completed': True, 'exited': 206542.718058772}], 'predecessor': {'operation': 'input_manifest_read_and_parse_return', 'entered_before': 202972.813815852, 'returned_at': 206542.718058772}}, 'produced_read': {'spec': {'target': {'module': 'vipe_benchmark.s1_progress', 'operation': 'read_record'}, 'successor': {'module': 'vipe_benchmark.s1_evidence', 'operation': 'produced_row'}}, 'target': [{'role': 'target', 'operation': 'read_record', 'entered': 206543.125196406, 'stage': '', 'completed': True, 'exited': 206543.125196406}], 'successor': [{'role': 'successor', 'operation': 'produced_row', 'entered': 206543.125196406, 'stage': '', 'completed': True, 'exited': 206543.125196406}], 'predecessor': {'operation': 'produced_row_durable_write_return', 'entered_before': 202973.220495807, 'returned_at': 206543.125196406}}, 'produced_guard': {'spec': {'target': {'module': 'vipe_benchmark.s1_evidence', 'operation': 'produced_row'}, 'successor': {'module': 'Publisher', 'operation': 'seal'}}, 'target': [{'role': 'target', 'operation': 'produced_row', 'entered': 206543.53761974402, 'stage': '', 'completed': True, 'exited': 206543.53761974402}], 'successor': [{'role': 'successor', 'operation': 'seal', 'entered': 206543.53761974402, 'stage': '', 'completed': True, 'exited': 206543.53761974402}, {'role': 'successor', 'operation': 'seal', 'entered': 206543.53761974402, 'stage': '', 'completed': True, 'exited': 206543.53761974402}], 'predecessor': {'operation': 'produced_row_read_hash_parse_return', 'entered_before': 202973.640414247, 'returned_at': 206543.53761974402}}, 'qualified_guard': {'spec': {'target': {'module': 'vipe_benchmark.s1_evidence', 'operation': 'qualify_row'}, 'successor': {'module': 'vipe_benchmark.s1_progress', 'operation': 'write_exclusive'}}, 'target': [{'role': 'target', 'operation': 'qualify_row', 'entered': 206543.96096033702, 'stage': '', 'completed': True, 'exited': 206543.96096033702}], 'successor': [{'role': 'successor', 'operation': 'write_exclusive', 'entered': 206543.96096033702, 'stage': '', 'completed': True, 'exited': 206543.96096033702}], 'predecessor': {'operation': 'produced_guard_seal_ack_return', 'entered_before': 202974.095580495, 'returned_at': 206543.96096033702}}, 'first_guard': {'spec': {'target': {'module': 'vipe_benchmark.s1_evidence', 'operation': 'verify_first'}, 'successor': {'module': 'vipe_benchmark.s1_evidence', 'operation': 'qualify_runtime'}}, 'target': [{'role': 'target', 'operation': 'verify_first', 'entered': 206544.478430957, 'stage': '', 'completed': True, 'exited': 206544.478430957}], 'successor': [{'role': 'successor', 'operation': 'qualify_runtime', 'entered': 206544.478430957, 'stage': '', 'completed': True, 'exited': 206544.478430957}], 'predecessor': {'operation': 'first_metadata_read_parse_return', 'entered_before': 202974.573752416, 'returned_at': 206544.478430957}}, 'runtime_guard': {'spec': {'target': {'module': 'vipe_benchmark.s1_evidence', 'operation': 'qualify_runtime'}, 'successor': {'module': 'vipe_benchmark.s1_recovery', 'operation': 'strict_record'}}, 'target': [{'role': 'target', 'operation': 'qualify_runtime', 'entered': 206545.56849624, 'stage': '', 'completed': True, 'exited': 206545.56849624}], 'successor': [{'role': 'successor', 'operation': 'strict_record', 'entered': 206545.56849624, 'stage': '', 'completed': True, 'exited': 206545.56849624}, {'role': 'successor', 'operation': 'strict_record', 'entered': 206545.56849624, 'stage': '', 'completed': True, 'exited': 206545.56849624}, {'role': 'successor', 'operation': 'strict_record', 'entered': 206545.56849624, 'stage': '', 'completed': True, 'exited': 206545.56849624}, {'role': 'successor', 'operation': 'strict_record', 'entered': 206545.56849624, 'stage': '', 'completed': True, 'exited': 206545.56849624}, {'role': 'successor', 'operation': 'strict_record', 'entered': 206545.56849624, 'stage': '', 'completed': True, 'exited': 206545.56849624}, {'role': 'successor', 'operation': 'strict_record', 'entered': 206545.56849624, 'stage': '', 'completed': True, 'exited': 206545.56849624}, {'role': 'successor', 'operation': 'strict_record', 'entered': 206545.56849624, 'stage': '', 'completed': True, 'exited': 206545.56849624}, {'role': 'successor', 'operation': 'strict_record', 'entered': 206545.56849624, 'stage': '', 'completed': True, 'exited': 206545.56849624}, {'role': 'successor', 'operation': 'strict_record', 'entered': 206545.56849624, 'stage': '', 'completed': True, 'exited': 206545.56849624}, {'role': 'successor', 'operation': 'strict_record', 'entered': 206545.56849624, 'stage': '', 'completed': True, 'exited': 206545.56849624}, {'role': 'successor', 'operation': 'strict_record', 'entered': 206545.56849624, 'stage': '', 'completed': True, 'exited': 206545.56849624}, {'role': 'successor', 'operation': 'strict_record', 'entered': 206545.56849624, 'stage': '', 'completed': True, 'exited': 206545.56849624}, {'role': 'successor', 'operation': 'strict_record', 'entered': 206545.56849624, 'stage': '', 'completed': True, 'exited': 206545.56849624}, {'role': 'successor', 'operation': 'strict_record', 'entered': 206545.56849624, 'stage': '', 'completed': True, 'exited': 206545.56849624}, {'role': 'successor', 'operation': 'strict_record', 'entered': 206545.56849624, 'stage': '', 'completed': True, 'exited': 206545.56849624}, {'role': 'successor', 'operation': 'strict_record', 'entered': 206545.56849624, 'stage': '', 'completed': True, 'exited': 206545.56849624}, {'role': 'successor', 'operation': 'strict_record', 'entered': 206545.56849624, 'stage': '', 'completed': True, 'exited': 206545.56849624}, {'role': 'successor', 'operation': 'strict_record', 'entered': 206545.56849624, 'stage': '', 'completed': True, 'exited': 206545.56849624}, {'role': 'successor', 'operation': 'strict_record', 'entered': 206545.56849624, 'stage': '', 'completed': True, 'exited': 206545.56849624}, {'role': 'successor', 'operation': 'strict_record', 'entered': 206545.56849624, 'stage': '', 'completed': True, 'exited': 206545.56849624}, {'role': 'successor', 'operation': 'strict_record', 'entered': 206545.56849624, 'stage': '', 'completed': True, 'exited': 206545.56849624}, {'role': 'successor', 'operation': 'strict_record', 'entered': 206545.56849624, 'stage': '', 'completed': True, 'exited': 206545.56849624}, {'role': 'successor', 'operation': 'strict_record', 'entered': 206545.56849624, 'stage': '', 'completed': True, 'exited': 206545.56849624}, {'role': 'successor', 'operation': 'strict_record', 'entered': 206545.56849624, 'stage': '', 'completed': True, 'exited': 206545.56849624}, {'role': 'successor', 'operation': 'strict_record', 'entered': 206545.56849624, 'stage': '', 'completed': True, 'exited': 206545.56849624}], 'predecessor': {'operation': 'runtime_metadata_read_parse_return', 'entered_before': 202975.6675481, 'returned_at': 206545.56849624}}, 'reuse_after_read': {'spec': {'target': {'module': 'vipe_benchmark.s1_evidence', 'operation': 'verify_first'}, 'successor': {'module': 'vipe_benchmark.s1_evidence', 'operation': 'qualify_runtime'}}, 'target': [{'role': 'target', 'operation': 'verify_first', 'entered': 206546.039102112, 'stage': '', 'completed': True, 'exited': 206546.039102112}, {'role': 'target', 'operation': 'verify_first', 'entered': 206546.039102112, 'stage': '', 'completed': True, 'exited': 206546.039102112}], 'successor': [{'role': 'successor', 'operation': 'qualify_runtime', 'entered': 206546.039102112, 'stage': '', 'completed': True, 'exited': 206546.039102112}, {'role': 'successor', 'operation': 'qualify_runtime', 'entered': 206546.039102112, 'stage': '', 'completed': True, 'exited': 206546.039102112}], 'predecessor': {'operation': 'first_metadata_read_parse_return', 'entered_before': 202976.133128078, 'returned_at': 206546.039102112}}, 'cleanup_next_array': {'spec': {'target': {'module': 'numpy', 'operation': 'asanyarray'}, 'successor': {'module': 'ZipFile', 'operation': 'open'}}, 'target': [{'role': 'target', 'operation': 'asanyarray', 'entered': 206547.12568827, 'stage': '', 'completed': True, 'exited': 206547.12568827}], 'successor': [{'role': 'successor', 'operation': 'open', 'entered': 206547.12568827, 'stage': '', 'completed': True, 'exited': 206547.12568827}], 'predecessor': {'operation': 'npz_member_1_close_return', 'entered_before': 202977.220859959, 'returned_at': 206547.12568827}}, 'accept_after_read': {'spec': {'target': {'module': 'vipe_benchmark.s1_evidence', 'operation': 'validate_result'}, 'successor': {'module': 'vipe_benchmark.s1_evidence', 'operation': 'verify_first'}}, 'target': [{'role': 'target', 'operation': 'validate_result', 'entered': 206547.83432436702, 'stage': '', 'completed': True, 'exited': 206547.83432436702}], 'successor': [{'role': 'successor', 'operation': 'verify_first', 'entered': 206547.83432436702, 'stage': '', 'completed': True, 'exited': 206547.83432436702}], 'predecessor': {'operation': 'accepted_request_read_parse_return', 'entered_before': 202977.511268478, 'returned_at': 206547.83432436702}}, 'complete_after_read': {'spec': {'target': {'module': 'vipe_benchmark.s1_evidence', 'operation': 'evidence_counts'}, 'successor': {'module': 'vipe_benchmark.s1_evidence', 'operation': 'qualify_runtime'}}, 'target': [{'role': 'target', 'operation': 'evidence_counts', 'entered': 206547.83432436702, 'stage': '', 'completed': True, 'exited': 206547.83432436702}], 'successor': [{'role': 'successor', 'operation': 'qualify_runtime', 'entered': 206547.83432436702, 'stage': '', 'completed': True, 'exited': 206547.83432436702}, {'role': 'successor', 'operation': 'qualify_runtime', 'entered': 206547.83432436702, 'stage': '', 'completed': True, 'exited': 206547.83432436702}], 'predecessor': {'operation': 'acceptance_metadata_read_parse_return', 'entered_before': 202999.702910361, 'returned_at': 206547.83432436702}}, 'next_input': {'spec': {'target': {'operation': 'load_rgb(frame62)'}, 'successor': {'operation': 'frame62 valid/native/raw'}}, 'target': [{'operation': 'load_rgb(frame62)', 'entered': 203115.612483647, 'completed': True, 'exited': 203115.612483647}], 'successor': [{'operation': 'frame62_valid_array', 'entered': 203115.612483647, 'record': {'path': '/tmp/tmp1qq3farr/valid.npy', 'sha256': 'a67cf6012a57f3530aeb9524b85e40171bfb0fcdaa6dbc66e95356a30dcfc6a3', 'bytes': 518528}, 'context': 'second_input_validation'}], 'predecessor': {'operation': 'segment_frame50_print_return_before_frame62', 'entered_before': 203049.113483647, 'returned_at': 203115.612483647}}}

======================================================================
FAIL: test_progress_plan047_deadline_steps (test_vipe_benchmark_supervisor.HelperSessionTests.test_progress_plan047_deadline_steps) (operation='worker_popen', when='after')
----------------------------------------------------------------------
Traceback (most recent call last):
  File "/home/auss/git_repos/samaust/Experiments_4DGS/tests/test_vipe_benchmark_supervisor.py", line 3891, in test_progress_plan047_deadline_steps
    self.assertIn(name,before_controls)
    ~~~~~~~~~~~~~^^^^^^^^^^^^^^^^^^^^^^
AssertionError: 'worker_popen' not found in {'checkpoint_write': {'spec': {'target': {'operation': 'write', 'stage': 'write', 'phase': 'checkpoint'}, 'successor': {'operation': 'flush', 'stage': 'flush', 'phase': 'checkpoint'}}, 'target': [{'role': 'target', 'operation': 'write', 'stage': 'write', 'entered': 206534.453097874, 'completed': True, 'exited': 206534.453097874}], 'successor': [{'role': 'successor', 'operation': 'flush', 'stage': 'flush', 'entered': 206534.453097874, 'completed': True, 'exited': 206534.453097874}], 'predecessor': {'operation': 'checkpoint/fdopen', 'entered_before': 202964.55478648, 'returned_at': 206534.453097874}}, 'checkpoint_flush': {'spec': {'target': {'operation': 'flush', 'stage': 'flush', 'phase': 'checkpoint'}, 'successor': {'operation': 'fsync', 'stage': 'file_fsync', 'phase': 'checkpoint'}}, 'target': [{'role': 'target', 'operation': 'flush', 'stage': 'flush', 'entered': 206534.768810281, 'completed': True, 'exited': 206534.768810281}], 'successor': [{'role': 'successor', 'operation': 'fsync', 'stage': 'file_fsync', 'entered': 206534.768810281, 'completed': True, 'exited': 206534.768810281}], 'predecessor': {'operation': 'write/write', 'entered_before': 202964.871610067, 'returned_at': 206534.768810281}}, 'checkpoint_fsync': {'spec': {'target': {'operation': 'fsync', 'stage': 'file_fsync', 'phase': 'checkpoint'}, 'successor': {'operation': 'close', 'stage': 'close', 'phase': 'checkpoint'}}, 'target': [{'role': 'target', 'operation': 'fsync', 'stage': 'file_fsync', 'entered': 206535.093532892, 'completed': True, 'exited': 206535.093532892}], 'successor': [{'role': 'successor', 'operation': 'close', 'stage': 'close', 'entered': 206535.093532892, 'completed': True, 'exited': 206535.093532892}], 'predecessor': {'operation': 'flush/flush', 'entered_before': 202965.195859137, 'returned_at': 206535.093532892}}, 'checkpoint_close': {'spec': {'target': {'operation': 'close', 'stage': 'close', 'phase': 'checkpoint'}, 'successor': {'operation': 'read_bytes', 'stage': 'close_readback', 'phase': 'checkpoint'}}, 'target': [{'role': 'target', 'operation': 'close', 'stage': 'close', 'entered': 206535.44374681602, 'completed': True, 'exited': 206535.44374681602}], 'successor': [{'role': 'successor', 'operation': 'read_bytes', 'stage': 'close_readback', 'entered': 206535.44374681602, 'completed': True, 'exited': 206535.44374681602}], 'predecessor': {'operation': 'file_fsync/fsync', 'entered_before': 202965.543407892, 'returned_at': 206535.44374681602}}, 'checkpoint_readback': {'spec': {'target': {'operation': 'read_bytes', 'stage': 'close_readback', 'phase': 'checkpoint'}, 'successor': {'operation': 'record', 'stage': 'close_readback', 'phase': 'checkpoint'}}, 'target': [{'role': 'target', 'operation': 'read_bytes', 'stage': 'close_readback', 'entered': 206535.77285482202, 'completed': True, 'exited': 206535.77285482202}], 'successor': [{'role': 'successor', 'operation': 'record', 'stage': 'close_readback', 'entered': 206535.77285482202, 'completed': True, 'exited': 206535.77285482202}], 'predecessor': {'operation': 'close/close', 'entered_before': 202965.873244132, 'returned_at': 206535.77285482202}}, 'head_write': {'spec': {'target': {'operation': 'write', 'stage': 'write', 'phase': 'head'}, 'successor': {'operation': 'flush', 'stage': 'flush', 'phase': 'head'}}, 'target': [{'role': 'target', 'operation': 'write', 'stage': 'write', 'entered': 206536.090813159, 'completed': True, 'exited': 206536.090813159}], 'successor': [{'role': 'successor', 'operation': 'flush', 'stage': 'flush', 'entered': 206536.090813159, 'completed': True, 'exited': 206536.090813159}], 'predecessor': {'operation': 'head/fdopen', 'entered_before': 202966.193030977, 'returned_at': 206536.090813159}}, 'head_flush': {'spec': {'target': {'operation': 'flush', 'stage': 'flush', 'phase': 'head'}, 'successor': {'operation': 'fsync', 'stage': 'file_fsync', 'phase': 'head'}}, 'target': [{'role': 'target', 'operation': 'flush', 'stage': 'flush', 'entered': 206536.414848843, 'completed': True, 'exited': 206536.414848843}], 'successor': [{'role': 'successor', 'operation': 'fsync', 'stage': 'file_fsync', 'entered': 206536.414848843, 'completed': True, 'exited': 206536.414848843}], 'predecessor': {'operation': 'write/write', 'entered_before': 202966.512781709, 'returned_at': 206536.414848843}}, 'head_fsync': {'spec': {'target': {'operation': 'fsync', 'stage': 'file_fsync', 'phase': 'head'}, 'successor': {'operation': 'close', 'stage': 'close', 'phase': 'head'}}, 'target': [{'role': 'target', 'operation': 'fsync', 'stage': 'file_fsync', 'entered': 206536.732995185, 'completed': True, 'exited': 206536.732995185}], 'successor': [{'role': 'successor', 'operation': 'close', 'stage': 'close', 'entered': 206536.732995185, 'completed': True, 'exited': 206536.732995185}], 'predecessor': {'operation': 'flush/flush', 'entered_before': 202966.82708818, 'returned_at': 206536.732995185}}, 'head_close': {'spec': {'target': {'operation': 'close', 'stage': 'close', 'phase': 'head'}, 'successor': {'operation': 'read_bytes', 'stage': 'close_readback', 'phase': 'head'}}, 'target': [{'role': 'target', 'operation': 'close', 'stage': 'close', 'entered': 206537.04439363402, 'completed': True, 'exited': 206537.04439363402}], 'successor': [{'role': 'successor', 'operation': 'read_bytes', 'stage': 'close_readback', 'entered': 206537.04439363402, 'completed': True, 'exited': 206537.04439363402}], 'predecessor': {'operation': 'file_fsync/fsync', 'entered_before': 202967.143012741, 'returned_at': 206537.04439363402}}, 'head_readback': {'spec': {'target': {'operation': 'read_bytes', 'stage': 'close_readback', 'phase': 'head'}, 'successor': {'operation': 'record', 'stage': 'close_readback', 'phase': 'head'}}, 'target': [{'role': 'target', 'operation': 'read_bytes', 'stage': 'close_readback', 'entered': 206537.353959736, 'completed': True, 'exited': 206537.353959736}], 'successor': [{'role': 'successor', 'operation': 'record', 'stage': 'close_readback', 'entered': 206537.353959736, 'completed': True, 'exited': 206537.353959736}], 'predecessor': {'operation': 'close/close', 'entered_before': 202967.449170452, 'returned_at': 206537.353959736}}, 'generation_install': {'spec': {'target': {'module': 'os', 'operation': 'link'}, 'successor': {'module': 'os', 'operation': 'unlink'}}, 'target': [{'role': 'target', 'operation': 'link', 'entered': 206537.66861435302, 'stage': 'generation_install', 'completed': True, 'exited': 206537.66861435302}], 'successor': [{'role': 'successor', 'operation': 'unlink', 'entered': 206537.66861435302, 'stage': 'generation_install', 'completed': True, 'exited': 206537.66861435302}], 'predecessor': {'operation': '/tmp/tmpddeq0s4b/30/jobs/S1-progress-1665bf975cc6439e8b894c031914e558/worker/checkpoint.tmp/durable_write_return', 'entered_before': 202967.771533247, 'returned_at': 206537.66861435302}}, 'generation_dir_fsync': {'spec': {'target': {'module': 'vipe_benchmark.s1_progress', 'operation': 'fsync_dir'}, 'successor': {'module': 'vipe_benchmark.s1_progress', 'operation': 'record'}}, 'target': [{'role': 'target', 'operation': 'fsync_dir', 'entered': 206537.994707579, 'stage': 'generation_directory_fsync', 'completed': True, 'exited': 206537.994707579}], 'successor': [{'role': 'successor', 'operation': 'record', 'entered': 206537.994707579, 'stage': 'generation_directory_fsync', 'completed': True, 'exited': 206537.994707579}], 'predecessor': {'operation': 'generation_install/unlink', 'entered_before': 202968.090726437, 'returned_at': 206537.994707579}}, 'generation_reopen_hash': {'spec': {'target': {'module': 'vipe_benchmark.s1_progress', 'operation': 'read_record'}, 'successor': {'module': 'vipe_benchmark.s1_progress', 'operation': 'encode'}}, 'target': [{'role': 'target', 'operation': 'read_record', 'entered': 206538.32537310902, 'stage': 'generation_reopen_hash', 'completed': True, 'exited': 206538.32537310902}], 'successor': [{'role': 'successor', 'operation': 'encode', 'entered': 206538.32537310902, 'stage': 'generation_reopen_hash', 'completed': True, 'exited': 206538.32537310902}], 'predecessor': {'operation': 'generation_directory_fsync/record', 'entered_before': 202968.423559895, 'returned_at': 206538.32537310902}}, 'head_install': {'spec': {'target': {'module': 'os', 'operation': 'replace'}, 'successor': {'module': 'vipe_benchmark.s1_progress', 'operation': 'fsync_dir'}}, 'target': [{'role': 'target', 'operation': 'replace', 'entered': 206538.642689816, 'stage': 'head_install', 'completed': True, 'exited': 206538.642689816}], 'successor': [{'role': 'successor', 'operation': 'fsync_dir', 'entered': 206538.642689816, 'stage': 'head_directory_fsync', 'completed': True, 'exited': 206538.642689816}], 'predecessor': {'operation': '/tmp/tmpddeq0s4b/39/jobs/S1-progress-37c59d13e86548eb8d0fe823fd4e2fa8/worker/head.tmp/durable_write_return', 'entered_before': 202968.740754296, 'returned_at': 206538.642689816}}, 'head_dir_fsync': {'spec': {'target': {'module': 'vipe_benchmark.s1_progress', 'operation': 'fsync_dir'}, 'successor': {'module': 'vipe_benchmark.s1_progress', 'operation': 'record'}}, 'target': [{'role': 'target', 'operation': 'fsync_dir', 'entered': 206538.960635383, 'stage': 'head_directory_fsync', 'completed': True, 'exited': 206538.960635383}], 'successor': [{'role': 'successor', 'operation': 'record', 'entered': 206538.960635383, 'stage': 'head_directory_fsync', 'completed': True, 'exited': 206538.960635383}], 'predecessor': {'operation': 'head_install/replace', 'entered_before': 202969.055924585, 'returned_at': 206538.960635383}}, 'final_head_read': {'spec': {'target': {'module': 'vipe_benchmark.s1_progress', 'operation': 'read_record'}, 'successor': {'module': 'vipe_benchmark.s1_progress', 'operation': 'read_record'}}, 'target': [{'role': 'target', 'operation': 'read_record', 'entered': 206539.272381596, 'stage': 'final_head_read', 'completed': True, 'exited': 206539.272381596}], 'successor': [{'role': 'successor', 'operation': 'read_record', 'entered': 206539.272381596, 'stage': 'final_generation_read', 'completed': True, 'exited': 206539.272381596}], 'predecessor': {'operation': 'head_directory_fsync/record', 'entered_before': 202969.370435639, 'returned_at': 206539.272381596}}, 'final_generation_read': {'spec': {'target': {'module': 'vipe_benchmark.s1_progress', 'operation': 'read_record'}, 'successor': {'module': 'vipe_benchmark.s1_progress', 'operation': 'encode'}}, 'target': [{'role': 'target', 'operation': 'read_record', 'entered': 206539.597464308, 'stage': 'final_generation_read', 'completed': True, 'exited': 206539.597464308}], 'successor': [{'role': 'successor', 'operation': 'encode', 'entered': 206539.597464308, 'stage': 'final_generation_read', 'completed': True, 'exited': 206539.597464308}], 'predecessor': {'operation': 'final_head_read/read_record', 'entered_before': 202969.69748585, 'returned_at': 206539.597464308}}, 'notice_send': {'spec': {'target': {'operation': 'publisher.sendto'}, 'successor': {'module': 'vipe_benchmark.s1_progress', 'operation': 'receive'}}, 'target': [{'role': 'target', 'operation': 'sendto', 'entered': 206539.913806185, 'stage': 'notice_send', 'completed': True, 'exited': 206539.913806185}], 'successor': [{'role': 'successor', 'operation': 'receive', 'entered': 206539.913806185, 'stage': 'notice_receive', 'completed': True, 'exited': 206539.913806185}, {'role': 'successor', 'operation': 'receive', 'entered': 206539.913806185, 'stage': 'ack_receipt', 'completed': True, 'exited': 206539.913806185}], 'predecessor': {'operation': 's1-progress-notice/v1/encode', 'entered_before': 206539.664806185, 'returned_at': 206539.913806185}}, 'owner_retention': {'spec': {'target': {'module': 'RetainedProgress', 'operation': 'acknowledge'}, 'successor': {'module': 'RetainedProgress', 'operation': 'retain'}}, 'target': [{'role': 'target', 'operation': 'acknowledge', 'entered': 206540.23036985, 'stage': 'retention:after', 'completed': True, 'exited': 206540.23036985}], 'successor': [{'role': 'successor', 'operation': 'retain', 'entered': 206540.23036985, 'stage': 'retention:after', 'completed': True, 'exited': 206540.23036985}], 'predecessor': {'operation': 's1-progress-ack/v1/encode', 'entered_before': 206539.98136985, 'returned_at': 206540.23036985}}, 'ack_send': {'spec': {'target': {'operation': 'owner.sendto'}, 'successor': {'module': 'vipe_benchmark.s1_progress', 'operation': 'receive'}}, 'target': [{'role': 'target', 'operation': 'sendto', 'entered': 206540.571898252, 'stage': 'ack_send', 'completed': True, 'exited': 206540.571898252}], 'successor': [{'role': 'successor', 'operation': 'receive', 'entered': 206540.571898252, 'stage': 'ack_receipt', 'completed': True, 'exited': 206540.571898252}], 'predecessor': {'operation': 'RetainedProgress.retain', 'entered_before': 206540.322898252, 'returned_at': 206540.571898252}}, 'ack_receipt': {'spec': {'target': {'operation': 'ack_correlation', 'stage': 'ack_receipt:after'}, 'successor': {'operation': 'Publisher._publish diagnostics encode', 'stage': 'ack_receipt:after', 'after_target': True}, 'unrelated': {'operation': 'encode', 'classification': 'separately_recorded_not_successor'}}, 'target': [{'role': 'target', 'operation': 'ack_correlation', 'entered': 206540.932737499, 'stage': 'ack_receipt:after', 'completed': True, 'exited': 206540.932737499}], 'successor': [{'role': 'successor', 'operation': 'encode', 'stage': 'ack_receipt:after', 'publisher_diagnostics': True, 'after_target': True, 'entered': 206540.932737499, 'completed': True, 'exited': 206540.932737499}], 'predecessor': {'operation': 'matching_ack_receive', 'entered_before': 206540.683737499, 'returned_at': 206540.932737499}}, 'array_npy': {'spec': {'target': {'module': 'numpy', 'operation': 'save'}, 'successor': {'module': 'DeadlineSink', 'operation': 'write'}}, 'target': [{'role': 'target', 'operation': 'save', 'entered': 206541.260953059, 'stage': '', 'completed': True, 'exited': 206541.260953059}], 'successor': [{'role': 'successor', 'operation': 'write', 'entered': 206541.260953059, 'stage': '', 'completed': True, 'exited': 206541.260953059}, {'role': 'successor', 'operation': 'write', 'entered': 206541.260953059, 'stage': '', 'completed': True, 'exited': 206541.260953059}], 'predecessor': {'operation': 'array_unbuffered_open_return', 'entered_before': 202971.356530697, 'returned_at': 206541.260953059}}, 'array_png': {'spec': {'target': {'module': 'cv2', 'operation': 'imencode'}, 'successor': {'module': 'vipe_benchmark.s1_progress', 'operation': 'write_exclusive'}}, 'target': [{'role': 'target', 'operation': 'imencode', 'entered': 206541.553076628, 'stage': '', 'completed': True, 'exited': 206541.553076628}], 'successor': [{'role': 'successor', 'operation': 'write_exclusive', 'entered': 206541.553076628, 'stage': '', 'completed': True, 'exited': 206541.553076628}], 'predecessor': {'operation': 'png_destination_stat_return', 'entered_before': 202971.648264693, 'returned_at': 206541.553076628}}, 'npz_member': {'spec': {'target': {'module': 'ZipFile', 'operation': 'open'}, 'successor': {'module': 'numpy.lib.format', 'operation': 'write_array'}}, 'target': [{'role': 'target', 'operation': 'open', 'entered': 206541.84042715502, 'stage': '', 'completed': True, 'exited': 206541.84042715502}], 'successor': [{'role': 'successor', 'operation': 'write_array', 'entered': 206541.84042715502, 'stage': '', 'completed': True, 'exited': 206541.84042715502}], 'predecessor': {'operation': 'second_npz_array_conversion_return_before_member_open', 'entered_before': 202971.934741705, 'returned_at': 206541.84042715502}}, 'npz_finalize': {'spec': {'target': {'module': 'ZipFile', 'operation': 'close'}, 'successor': {'module': 'DeadlineSink', 'operation': 'write'}}, 'target': [{'role': 'target', 'operation': 'close', 'entered': 206542.129623167, 'stage': '', 'completed': True, 'exited': 206542.129623167}], 'successor': [{'role': 'successor', 'operation': 'write', 'entered': 206542.129623167, 'stage': '', 'completed': True, 'exited': 206542.129623167}, {'role': 'successor', 'operation': 'write', 'entered': 206542.129623167, 'stage': '', 'completed': True, 'exited': 206542.129623167}, {'role': 'successor', 'operation': 'write', 'entered': 206542.129623167, 'stage': '', 'completed': True, 'exited': 206542.129623167}, {'role': 'successor', 'operation': 'write', 'entered': 206542.129623167, 'stage': '', 'completed': True, 'exited': 206542.129623167}, {'role': 'successor', 'operation': 'write', 'entered': 206542.129623167, 'stage': '', 'completed': True, 'exited': 206542.129623167}, {'role': 'successor', 'operation': 'write', 'entered': 206542.129623167, 'stage': '', 'completed': True, 'exited': 206542.129623167}, {'role': 'successor', 'operation': 'write', 'entered': 206542.129623167, 'stage': '', 'completed': True, 'exited': 206542.129623167}, {'role': 'successor', 'operation': 'write', 'entered': 206542.129623167, 'stage': '', 'completed': True, 'exited': 206542.129623167}, {'role': 'successor', 'operation': 'write', 'entered': 206542.129623167, 'stage': '', 'completed': True, 'exited': 206542.129623167}, {'role': 'successor', 'operation': 'write', 'entered': 206542.129623167, 'stage': '', 'completed': True, 'exited': 206542.129623167}], 'predecessor': {'operation': 'npz_member_2_close_return', 'entered_before': 202972.22332999, 'returned_at': 206542.129623167}}, 'array_hash': {'spec': {'target': {'module': 'vipe_benchmark.s1_progress', 'operation': 'checked_file_record'}, 'successor': {'module': 'vipe_benchmark.s1_progress', 'operation': 'read_bytes'}}, 'target': [{'role': 'target', 'operation': 'checked_file_record', 'entered': 206542.419193567, 'stage': '', 'completed': True, 'exited': 206542.419193567}], 'successor': [{'role': 'successor', 'operation': 'read_bytes', 'entered': 206542.419193567, 'stage': '', 'completed': True, 'exited': 206542.419193567}], 'predecessor': {'operation': 'array_normal_close_return_before_hash', 'entered_before': 202972.517911333, 'returned_at': 206542.419193567}}, 'produced_json': {'spec': {'target': {'module': 'vipe_benchmark.s1_progress', 'operation': 'encode'}, 'successor': {'module': 'vipe_benchmark.s1_progress', 'operation': 'write_exclusive'}}, 'target': [{'role': 'target', 'operation': 'encode', 'entered': 206542.718058772, 'stage': '', 'completed': True, 'exited': 206542.718058772}, {'role': 'target', 'operation': 'encode', 'entered': 206542.718058772, 'stage': '', 'completed': True, 'exited': 206542.718058772}, {'role': 'target', 'operation': 'encode', 'entered': 206542.718058772, 'stage': '', 'completed': True, 'exited': 206542.718058772}, {'role': 'target', 'operation': 'encode', 'entered': 206542.718058772, 'stage': '', 'completed': True, 'exited': 206542.718058772}], 'successor': [{'role': 'successor', 'operation': 'write_exclusive', 'entered': 206542.718058772, 'stage': '', 'completed': True, 'exited': 206542.718058772}], 'predecessor': {'operation': 'input_manifest_read_and_parse_return', 'entered_before': 202972.813815852, 'returned_at': 206542.718058772}}, 'produced_read': {'spec': {'target': {'module': 'vipe_benchmark.s1_progress', 'operation': 'read_record'}, 'successor': {'module': 'vipe_benchmark.s1_evidence', 'operation': 'produced_row'}}, 'target': [{'role': 'target', 'operation': 'read_record', 'entered': 206543.125196406, 'stage': '', 'completed': True, 'exited': 206543.125196406}], 'successor': [{'role': 'successor', 'operation': 'produced_row', 'entered': 206543.125196406, 'stage': '', 'completed': True, 'exited': 206543.125196406}], 'predecessor': {'operation': 'produced_row_durable_write_return', 'entered_before': 202973.220495807, 'returned_at': 206543.125196406}}, 'produced_guard': {'spec': {'target': {'module': 'vipe_benchmark.s1_evidence', 'operation': 'produced_row'}, 'successor': {'module': 'Publisher', 'operation': 'seal'}}, 'target': [{'role': 'target', 'operation': 'produced_row', 'entered': 206543.53761974402, 'stage': '', 'completed': True, 'exited': 206543.53761974402}], 'successor': [{'role': 'successor', 'operation': 'seal', 'entered': 206543.53761974402, 'stage': '', 'completed': True, 'exited': 206543.53761974402}, {'role': 'successor', 'operation': 'seal', 'entered': 206543.53761974402, 'stage': '', 'completed': True, 'exited': 206543.53761974402}], 'predecessor': {'operation': 'produced_row_read_hash_parse_return', 'entered_before': 202973.640414247, 'returned_at': 206543.53761974402}}, 'qualified_guard': {'spec': {'target': {'module': 'vipe_benchmark.s1_evidence', 'operation': 'qualify_row'}, 'successor': {'module': 'vipe_benchmark.s1_progress', 'operation': 'write_exclusive'}}, 'target': [{'role': 'target', 'operation': 'qualify_row', 'entered': 206543.96096033702, 'stage': '', 'completed': True, 'exited': 206543.96096033702}], 'successor': [{'role': 'successor', 'operation': 'write_exclusive', 'entered': 206543.96096033702, 'stage': '', 'completed': True, 'exited': 206543.96096033702}], 'predecessor': {'operation': 'produced_guard_seal_ack_return', 'entered_before': 202974.095580495, 'returned_at': 206543.96096033702}}, 'first_guard': {'spec': {'target': {'module': 'vipe_benchmark.s1_evidence', 'operation': 'verify_first'}, 'successor': {'module': 'vipe_benchmark.s1_evidence', 'operation': 'qualify_runtime'}}, 'target': [{'role': 'target', 'operation': 'verify_first', 'entered': 206544.478430957, 'stage': '', 'completed': True, 'exited': 206544.478430957}], 'successor': [{'role': 'successor', 'operation': 'qualify_runtime', 'entered': 206544.478430957, 'stage': '', 'completed': True, 'exited': 206544.478430957}], 'predecessor': {'operation': 'first_metadata_read_parse_return', 'entered_before': 202974.573752416, 'returned_at': 206544.478430957}}, 'runtime_guard': {'spec': {'target': {'module': 'vipe_benchmark.s1_evidence', 'operation': 'qualify_runtime'}, 'successor': {'module': 'vipe_benchmark.s1_recovery', 'operation': 'strict_record'}}, 'target': [{'role': 'target', 'operation': 'qualify_runtime', 'entered': 206545.56849624, 'stage': '', 'completed': True, 'exited': 206545.56849624}], 'successor': [{'role': 'successor', 'operation': 'strict_record', 'entered': 206545.56849624, 'stage': '', 'completed': True, 'exited': 206545.56849624}, {'role': 'successor', 'operation': 'strict_record', 'entered': 206545.56849624, 'stage': '', 'completed': True, 'exited': 206545.56849624}, {'role': 'successor', 'operation': 'strict_record', 'entered': 206545.56849624, 'stage': '', 'completed': True, 'exited': 206545.56849624}, {'role': 'successor', 'operation': 'strict_record', 'entered': 206545.56849624, 'stage': '', 'completed': True, 'exited': 206545.56849624}, {'role': 'successor', 'operation': 'strict_record', 'entered': 206545.56849624, 'stage': '', 'completed': True, 'exited': 206545.56849624}, {'role': 'successor', 'operation': 'strict_record', 'entered': 206545.56849624, 'stage': '', 'completed': True, 'exited': 206545.56849624}, {'role': 'successor', 'operation': 'strict_record', 'entered': 206545.56849624, 'stage': '', 'completed': True, 'exited': 206545.56849624}, {'role': 'successor', 'operation': 'strict_record', 'entered': 206545.56849624, 'stage': '', 'completed': True, 'exited': 206545.56849624}, {'role': 'successor', 'operation': 'strict_record', 'entered': 206545.56849624, 'stage': '', 'completed': True, 'exited': 206545.56849624}, {'role': 'successor', 'operation': 'strict_record', 'entered': 206545.56849624, 'stage': '', 'completed': True, 'exited': 206545.56849624}, {'role': 'successor', 'operation': 'strict_record', 'entered': 206545.56849624, 'stage': '', 'completed': True, 'exited': 206545.56849624}, {'role': 'successor', 'operation': 'strict_record', 'entered': 206545.56849624, 'stage': '', 'completed': True, 'exited': 206545.56849624}, {'role': 'successor', 'operation': 'strict_record', 'entered': 206545.56849624, 'stage': '', 'completed': True, 'exited': 206545.56849624}, {'role': 'successor', 'operation': 'strict_record', 'entered': 206545.56849624, 'stage': '', 'completed': True, 'exited': 206545.56849624}, {'role': 'successor', 'operation': 'strict_record', 'entered': 206545.56849624, 'stage': '', 'completed': True, 'exited': 206545.56849624}, {'role': 'successor', 'operation': 'strict_record', 'entered': 206545.56849624, 'stage': '', 'completed': True, 'exited': 206545.56849624}, {'role': 'successor', 'operation': 'strict_record', 'entered': 206545.56849624, 'stage': '', 'completed': True, 'exited': 206545.56849624}, {'role': 'successor', 'operation': 'strict_record', 'entered': 206545.56849624, 'stage': '', 'completed': True, 'exited': 206545.56849624}, {'role': 'successor', 'operation': 'strict_record', 'entered': 206545.56849624, 'stage': '', 'completed': True, 'exited': 206545.56849624}, {'role': 'successor', 'operation': 'strict_record', 'entered': 206545.56849624, 'stage': '', 'completed': True, 'exited': 206545.56849624}, {'role': 'successor', 'operation': 'strict_record', 'entered': 206545.56849624, 'stage': '', 'completed': True, 'exited': 206545.56849624}, {'role': 'successor', 'operation': 'strict_record', 'entered': 206545.56849624, 'stage': '', 'completed': True, 'exited': 206545.56849624}, {'role': 'successor', 'operation': 'strict_record', 'entered': 206545.56849624, 'stage': '', 'completed': True, 'exited': 206545.56849624}, {'role': 'successor', 'operation': 'strict_record', 'entered': 206545.56849624, 'stage': '', 'completed': True, 'exited': 206545.56849624}, {'role': 'successor', 'operation': 'strict_record', 'entered': 206545.56849624, 'stage': '', 'completed': True, 'exited': 206545.56849624}], 'predecessor': {'operation': 'runtime_metadata_read_parse_return', 'entered_before': 202975.6675481, 'returned_at': 206545.56849624}}, 'reuse_after_read': {'spec': {'target': {'module': 'vipe_benchmark.s1_evidence', 'operation': 'verify_first'}, 'successor': {'module': 'vipe_benchmark.s1_evidence', 'operation': 'qualify_runtime'}}, 'target': [{'role': 'target', 'operation': 'verify_first', 'entered': 206546.039102112, 'stage': '', 'completed': True, 'exited': 206546.039102112}, {'role': 'target', 'operation': 'verify_first', 'entered': 206546.039102112, 'stage': '', 'completed': True, 'exited': 206546.039102112}], 'successor': [{'role': 'successor', 'operation': 'qualify_runtime', 'entered': 206546.039102112, 'stage': '', 'completed': True, 'exited': 206546.039102112}, {'role': 'successor', 'operation': 'qualify_runtime', 'entered': 206546.039102112, 'stage': '', 'completed': True, 'exited': 206546.039102112}], 'predecessor': {'operation': 'first_metadata_read_parse_return', 'entered_before': 202976.133128078, 'returned_at': 206546.039102112}}, 'cleanup_next_array': {'spec': {'target': {'module': 'numpy', 'operation': 'asanyarray'}, 'successor': {'module': 'ZipFile', 'operation': 'open'}}, 'target': [{'role': 'target', 'operation': 'asanyarray', 'entered': 206547.12568827, 'stage': '', 'completed': True, 'exited': 206547.12568827}], 'successor': [{'role': 'successor', 'operation': 'open', 'entered': 206547.12568827, 'stage': '', 'completed': True, 'exited': 206547.12568827}], 'predecessor': {'operation': 'npz_member_1_close_return', 'entered_before': 202977.220859959, 'returned_at': 206547.12568827}}, 'accept_after_read': {'spec': {'target': {'module': 'vipe_benchmark.s1_evidence', 'operation': 'validate_result'}, 'successor': {'module': 'vipe_benchmark.s1_evidence', 'operation': 'verify_first'}}, 'target': [{'role': 'target', 'operation': 'validate_result', 'entered': 206547.83432436702, 'stage': '', 'completed': True, 'exited': 206547.83432436702}], 'successor': [{'role': 'successor', 'operation': 'verify_first', 'entered': 206547.83432436702, 'stage': '', 'completed': True, 'exited': 206547.83432436702}], 'predecessor': {'operation': 'accepted_request_read_parse_return', 'entered_before': 202977.511268478, 'returned_at': 206547.83432436702}}, 'complete_after_read': {'spec': {'target': {'module': 'vipe_benchmark.s1_evidence', 'operation': 'evidence_counts'}, 'successor': {'module': 'vipe_benchmark.s1_evidence', 'operation': 'qualify_runtime'}}, 'target': [{'role': 'target', 'operation': 'evidence_counts', 'entered': 206547.83432436702, 'stage': '', 'completed': True, 'exited': 206547.83432436702}], 'successor': [{'role': 'successor', 'operation': 'qualify_runtime', 'entered': 206547.83432436702, 'stage': '', 'completed': True, 'exited': 206547.83432436702}, {'role': 'successor', 'operation': 'qualify_runtime', 'entered': 206547.83432436702, 'stage': '', 'completed': True, 'exited': 206547.83432436702}], 'predecessor': {'operation': 'acceptance_metadata_read_parse_return', 'entered_before': 202999.702910361, 'returned_at': 206547.83432436702}}, 'next_input': {'spec': {'target': {'operation': 'load_rgb(frame62)'}, 'successor': {'operation': 'frame62 valid/native/raw'}}, 'target': [{'operation': 'load_rgb(frame62)', 'entered': 203115.612483647, 'completed': True, 'exited': 203115.612483647}], 'successor': [{'operation': 'frame62_valid_array', 'entered': 203115.612483647, 'record': {'path': '/tmp/tmp1qq3farr/valid.npy', 'sha256': 'a67cf6012a57f3530aeb9524b85e40171bfb0fcdaa6dbc66e95356a30dcfc6a3', 'bytes': 518528}, 'context': 'second_input_validation'}], 'predecessor': {'operation': 'segment_frame50_print_return_before_frame62', 'entered_before': 203049.113483647, 'returned_at': 203115.612483647}}}

======================================================================
FAIL: test_child_survival_invalidates_parent_success_and_is_cleaned_up (test_vipe_benchmark_supervisor.SupervisorTests.test_child_survival_invalidates_parent_success_and_is_cleaned_up)
----------------------------------------------------------------------
Traceback (most recent call last):
  File "/home/auss/git_repos/samaust/Experiments_4DGS/scripts/vipe_benchmark/supervisor.py", line 446, in supervise
    process = create_owned_process('supervisor worker',subprocess.Popen,command, deadline=run_deadline if is_s1 else None, stdout=log, stderr=subprocess.STDOUT,
                               start_new_session=True, env=env)
  File "/home/auss/git_repos/samaust/Experiments_4DGS/scripts/vipe_benchmark/s1_helper_session.py", line 1583, in create_owned_process
    observed=predispatch_owned(event)
  File "/home/auss/git_repos/samaust/Experiments_4DGS/scripts/vipe_benchmark/s1_helper_session.py", line 1573, in predispatch_owned
    if observed['total_workers']+1>8:raise ValueError('owned '+event+' dispatch CPU capacity')
                                     ^^^^^^^^^^^^^^^^^^^^^^^^^^^^^^^^^^^^^^^^^^^^^^^^^^^^^^^^^
ValueError: owned supervisor worker dispatch CPU capacity

The above exception was the direct cause of the following exception:

vipe_benchmark.supervisor.SupervisionFailure: ValueError: owned supervisor worker dispatch CPU capacity

During handling of the above exception, another exception occurred:

Traceback (most recent call last):
  File "/home/auss/git_repos/samaust/Experiments_4DGS/tests/test_vipe_benchmark_supervisor.py", line 88, in test_child_survival_invalidates_parent_success_and_is_cleaned_up
    with self.assertRaisesRegex(RuntimeError, 'live child'):
         ~~~~~~~~~~~~~~~~~~~~~~^^^^^^^^^^^^^^^^^^^^^^^^^^^^
AssertionError: "live child" does not match "ValueError: owned supervisor worker dispatch CPU capacity"

======================================================================
FAIL: test_foreign_gpu_pid_still_fails_and_preserves_ownership_evidence (test_vipe_benchmark_supervisor.SupervisorTests.test_foreign_gpu_pid_still_fails_and_preserves_ownership_evidence)
----------------------------------------------------------------------
Traceback (most recent call last):
  File "/home/auss/git_repos/samaust/Experiments_4DGS/scripts/vipe_benchmark/supervisor.py", line 446, in supervise
    process = create_owned_process('supervisor worker',subprocess.Popen,command, deadline=run_deadline if is_s1 else None, stdout=log, stderr=subprocess.STDOUT,
                               start_new_session=True, env=env)
  File "/home/auss/git_repos/samaust/Experiments_4DGS/scripts/vipe_benchmark/s1_helper_session.py", line 1583, in create_owned_process
    observed=predispatch_owned(event)
  File "/home/auss/git_repos/samaust/Experiments_4DGS/scripts/vipe_benchmark/s1_helper_session.py", line 1573, in predispatch_owned
    if observed['total_workers']+1>8:raise ValueError('owned '+event+' dispatch CPU capacity')
                                     ^^^^^^^^^^^^^^^^^^^^^^^^^^^^^^^^^^^^^^^^^^^^^^^^^^^^^^^^^
ValueError: owned supervisor worker dispatch CPU capacity

The above exception was the direct cause of the following exception:

vipe_benchmark.supervisor.SupervisionFailure: ValueError: owned supervisor worker dispatch CPU capacity

During handling of the above exception, another exception occurred:

Traceback (most recent call last):
  File "/home/auss/git_repos/samaust/Experiments_4DGS/tests/test_vipe_benchmark_supervisor.py", line 166, in test_foreign_gpu_pid_still_fails_and_preserves_ownership_evidence
    with self.assertRaisesRegex(SupervisionFailure, 'exclusive GPU access lost'):
         ~~~~~~~~~~~~~~~~~~~~~~^^^^^^^^^^^^^^^^^^^^^^^^^^^^^^^^^^^^^^^^^^^^^^^^^
AssertionError: "exclusive GPU access lost" does not match "ValueError: owned supervisor worker dispatch CPU capacity"

======================================================================
FAIL: test_interruption_cleans_owned_process_group (test_vipe_benchmark_supervisor.SupervisorTests.test_interruption_cleans_owned_process_group)
----------------------------------------------------------------------
Traceback (most recent call last):
  File "/home/auss/git_repos/samaust/Experiments_4DGS/scripts/vipe_benchmark/supervisor.py", line 446, in supervise
    process = create_owned_process('supervisor worker',subprocess.Popen,command, deadline=run_deadline if is_s1 else None, stdout=log, stderr=subprocess.STDOUT,
                               start_new_session=True, env=env)
  File "/home/auss/git_repos/samaust/Experiments_4DGS/scripts/vipe_benchmark/s1_helper_session.py", line 1583, in create_owned_process
    observed=predispatch_owned(event)
  File "/home/auss/git_repos/samaust/Experiments_4DGS/scripts/vipe_benchmark/s1_helper_session.py", line 1573, in predispatch_owned
    if observed['total_workers']+1>8:raise ValueError('owned '+event+' dispatch CPU capacity')
                                     ^^^^^^^^^^^^^^^^^^^^^^^^^^^^^^^^^^^^^^^^^^^^^^^^^^^^^^^^^
ValueError: owned supervisor worker dispatch CPU capacity

The above exception was the direct cause of the following exception:

vipe_benchmark.supervisor.SupervisionFailure: ValueError: owned supervisor worker dispatch CPU capacity

During handling of the above exception, another exception occurred:

Traceback (most recent call last):
  File "/home/auss/git_repos/samaust/Experiments_4DGS/tests/test_vipe_benchmark_supervisor.py", line 114, in test_interruption_cleans_owned_process_group
    with self.assertRaisesRegex(RuntimeError, 'InterruptedError'):
         ~~~~~~~~~~~~~~~~~~~~~~^^^^^^^^^^^^^^^^^^^^^^^^^^^^^^^^^^
AssertionError: "InterruptedError" does not match "ValueError: owned supervisor worker dispatch CPU capacity"

======================================================================
FAIL: test_missing_result_and_nonzero_exit_consume_attempts (test_vipe_benchmark_supervisor.SupervisorTests.test_missing_result_and_nonzero_exit_consume_attempts)
----------------------------------------------------------------------
Traceback (most recent call last):
  File "/home/auss/git_repos/samaust/Experiments_4DGS/scripts/vipe_benchmark/supervisor.py", line 446, in supervise
    process = create_owned_process('supervisor worker',subprocess.Popen,command, deadline=run_deadline if is_s1 else None, stdout=log, stderr=subprocess.STDOUT,
                               start_new_session=True, env=env)
  File "/home/auss/git_repos/samaust/Experiments_4DGS/scripts/vipe_benchmark/s1_helper_session.py", line 1583, in create_owned_process
    observed=predispatch_owned(event)
  File "/home/auss/git_repos/samaust/Experiments_4DGS/scripts/vipe_benchmark/s1_helper_session.py", line 1573, in predispatch_owned
    if observed['total_workers']+1>8:raise ValueError('owned '+event+' dispatch CPU capacity')
                                     ^^^^^^^^^^^^^^^^^^^^^^^^^^^^^^^^^^^^^^^^^^^^^^^^^^^^^^^^^
ValueError: owned supervisor worker dispatch CPU capacity

The above exception was the direct cause of the following exception:

vipe_benchmark.supervisor.SupervisionFailure: ValueError: owned supervisor worker dispatch CPU capacity

During handling of the above exception, another exception occurred:

Traceback (most recent call last):
  File "/home/auss/git_repos/samaust/Experiments_4DGS/tests/test_vipe_benchmark_supervisor.py", line 106, in test_missing_result_and_nonzero_exit_consume_attempts
    with self.assertRaisesRegex(RuntimeError, 'FileNotFoundError'):
         ~~~~~~~~~~~~~~~~~~~~~~^^^^^^^^^^^^^^^^^^^^^^^^^^^^^^^^^^^
AssertionError: "FileNotFoundError" does not match "ValueError: owned supervisor worker dispatch CPU capacity"

======================================================================
FAIL: test_simulated_memory_and_foreign_gpu_process (test_vipe_benchmark_supervisor.SupervisorTests.test_simulated_memory_and_foreign_gpu_process)
----------------------------------------------------------------------
Traceback (most recent call last):
  File "/home/auss/git_repos/samaust/Experiments_4DGS/scripts/vipe_benchmark/supervisor.py", line 446, in supervise
    process = create_owned_process('supervisor worker',subprocess.Popen,command, deadline=run_deadline if is_s1 else None, stdout=log, stderr=subprocess.STDOUT,
                               start_new_session=True, env=env)
  File "/home/auss/git_repos/samaust/Experiments_4DGS/scripts/vipe_benchmark/s1_helper_session.py", line 1583, in create_owned_process
    observed=predispatch_owned(event)
  File "/home/auss/git_repos/samaust/Experiments_4DGS/scripts/vipe_benchmark/s1_helper_session.py", line 1573, in predispatch_owned
    if observed['total_workers']+1>8:raise ValueError('owned '+event+' dispatch CPU capacity')
                                     ^^^^^^^^^^^^^^^^^^^^^^^^^^^^^^^^^^^^^^^^^^^^^^^^^^^^^^^^^
ValueError: owned supervisor worker dispatch CPU capacity

The above exception was the direct cause of the following exception:

vipe_benchmark.supervisor.SupervisionFailure: ValueError: owned supervisor worker dispatch CPU capacity

During handling of the above exception, another exception occurred:

Traceback (most recent call last):
  File "/home/auss/git_repos/samaust/Experiments_4DGS/tests/test_vipe_benchmark_supervisor.py", line 138, in test_simulated_memory_and_foreign_gpu_process
    with self.assertRaisesRegex(SupervisionFailure, 'memory ceiling') as failure:
         ~~~~~~~~~~~~~~~~~~~~~~^^^^^^^^^^^^^^^^^^^^^^^^^^^^^^^^^^^^^^
AssertionError: "memory ceiling" does not match "ValueError: owned supervisor worker dispatch CPU capacity"

======================================================================
FAIL: test_simulated_storage_cap_stops_worker (test_vipe_benchmark_supervisor.SupervisorTests.test_simulated_storage_cap_stops_worker)
----------------------------------------------------------------------
Traceback (most recent call last):
  File "/home/auss/git_repos/samaust/Experiments_4DGS/scripts/vipe_benchmark/supervisor.py", line 446, in supervise
    process = create_owned_process('supervisor worker',subprocess.Popen,command, deadline=run_deadline if is_s1 else None, stdout=log, stderr=subprocess.STDOUT,
                               start_new_session=True, env=env)
  File "/home/auss/git_repos/samaust/Experiments_4DGS/scripts/vipe_benchmark/s1_helper_session.py", line 1583, in create_owned_process
    observed=predispatch_owned(event)
  File "/home/auss/git_repos/samaust/Experiments_4DGS/scripts/vipe_benchmark/s1_helper_session.py", line 1573, in predispatch_owned
    if observed['total_workers']+1>8:raise ValueError('owned '+event+' dispatch CPU capacity')
                                     ^^^^^^^^^^^^^^^^^^^^^^^^^^^^^^^^^^^^^^^^^^^^^^^^^^^^^^^^^
ValueError: owned supervisor worker dispatch CPU capacity

The above exception was the direct cause of the following exception:

vipe_benchmark.supervisor.SupervisionFailure: ValueError: owned supervisor worker dispatch CPU capacity

During handling of the above exception, another exception occurred:

Traceback (most recent call last):
  File "/home/auss/git_repos/samaust/Experiments_4DGS/tests/test_vipe_benchmark_supervisor.py", line 123, in test_simulated_storage_cap_stops_worker
    with self.assertRaisesRegex(RuntimeError, 'storage ceiling'):
         ~~~~~~~~~~~~~~~~~~~~~~^^^^^^^^^^^^^^^^^^^^^^^^^^^^^^^^^
AssertionError: "storage ceiling" does not match "ValueError: owned supervisor worker dispatch CPU capacity"

======================================================================
FAIL: test_timeout_kills_sigterm_ignoring_group_within_allocation (test_vipe_benchmark_supervisor.SupervisorTests.test_timeout_kills_sigterm_ignoring_group_within_allocation)
----------------------------------------------------------------------
Traceback (most recent call last):
  File "/home/auss/git_repos/samaust/Experiments_4DGS/scripts/vipe_benchmark/supervisor.py", line 446, in supervise
    process = create_owned_process('supervisor worker',subprocess.Popen,command, deadline=run_deadline if is_s1 else None, stdout=log, stderr=subprocess.STDOUT,
                               start_new_session=True, env=env)
  File "/home/auss/git_repos/samaust/Experiments_4DGS/scripts/vipe_benchmark/s1_helper_session.py", line 1583, in create_owned_process
    observed=predispatch_owned(event)
  File "/home/auss/git_repos/samaust/Experiments_4DGS/scripts/vipe_benchmark/s1_helper_session.py", line 1573, in predispatch_owned
    if observed['total_workers']+1>8:raise ValueError('owned '+event+' dispatch CPU capacity')
                                     ^^^^^^^^^^^^^^^^^^^^^^^^^^^^^^^^^^^^^^^^^^^^^^^^^^^^^^^^^
ValueError: owned supervisor worker dispatch CPU capacity

The above exception was the direct cause of the following exception:

vipe_benchmark.supervisor.SupervisionFailure: ValueError: owned supervisor worker dispatch CPU capacity

During handling of the above exception, another exception occurred:

Traceback (most recent call last):
  File "/home/auss/git_repos/samaust/Experiments_4DGS/tests/test_vipe_benchmark_supervisor.py", line 76, in test_timeout_kills_sigterm_ignoring_group_within_allocation
    with self.assertRaisesRegex(RuntimeError, 'deadline'):
         ~~~~~~~~~~~~~~~~~~~~~~^^^^^^^^^^^^^^^^^^^^^^^^^^
AssertionError: "deadline" does not match "ValueError: owned supervisor worker dispatch CPU capacity"

----------------------------------------------------------------------
Ran 101 tests in 191.790s

FAILED (failures=27, errors=43)
test_correct_hash_cannot_authorize_an_unlisted_input (test_vipe_benchmark_review_annotations.IntegrityTests.test_correct_hash_cannot_authorize_an_unlisted_input) ... ok
test_corrupt_file_and_validly_rehashed_footprint_corruption_are_rejected (test_vipe_benchmark_review_annotations.IntegrityTests.test_corrupt_file_and_validly_rehashed_footprint_corruption_are_rejected) ... ok
test_grid_and_empty_changing_layer_cannot_silently_change (test_vipe_benchmark_review_annotations.IntegrityTests.test_grid_and_empty_changing_layer_cannot_silently_change) ... ok
test_semantic_and_feature_uncertainty_cannot_be_promoted (test_vipe_benchmark_review_annotations.IntegrityTests.test_semantic_and_feature_uncertainty_cannot_be_promoted) ... ok
test_valid_proxy_preserves_unknowns_and_does_not_claim_visual_review (test_vipe_benchmark_review_annotations.IntegrityTests.test_valid_proxy_preserves_unknowns_and_does_not_claim_visual_review) ... ok
test_duplicate_pair_and_uncovered_visible_identity_are_rejected (test_vipe_benchmark_review_annotations.PairTests.test_duplicate_pair_and_uncovered_visible_identity_are_rejected) ... ok
test_atomic_exclusive_publication_never_replaces_existing_evidence (test_vipe_benchmark_review_annotations.PublicationTests.test_atomic_exclusive_publication_never_replaces_existing_evidence) ... ok
test_visual_claim_requires_actual_attestation_and_bound_inspected_file (test_vipe_benchmark_review_annotations.PublicationTests.test_visual_claim_requires_actual_attestation_and_bound_inspected_file) ... ok

----------------------------------------------------------------------
Ran 8 tests in 0.142s

OK
