test_bounded_traces_counters_and_authority (test_vipe_benchmark_supervisor.HelperSessionTests.test_bounded_traces_counters_and_authority) ... ok
test_census_immutable_identity_mutations (test_vipe_benchmark_supervisor.HelperSessionTests.test_census_immutable_identity_mutations) ... ok
test_combined_duplex_and_same_turn_bounds (test_vipe_benchmark_supervisor.HelperSessionTests.test_combined_duplex_and_same_turn_bounds) ... ok
test_control_primitive_and_frame_mutations (test_vipe_benchmark_supervisor.HelperSessionTests.test_control_primitive_and_frame_mutations) ... ok
test_envelope_correlation_mutations (test_vipe_benchmark_supervisor.HelperSessionTests.test_envelope_correlation_mutations) ... ok
test_exact_frame_bounds_and_trailing_data (test_vipe_benchmark_supervisor.HelperSessionTests.test_exact_frame_bounds_and_trailing_data) ... ok
test_l01_ready_reuse (test_vipe_benchmark_supervisor.HelperSessionTests.test_l01_ready_reuse) ... ERROR
test_l02_ready_and_sample_before_reserve (test_vipe_benchmark_supervisor.HelperSessionTests.test_l02_ready_and_sample_before_reserve) ... ERROR
test_l03_owner_bootstrap_block (test_vipe_benchmark_supervisor.HelperSessionTests.test_l03_owner_bootstrap_block) ... ERROR
test_l04_child_before_ready_block (test_vipe_benchmark_supervisor.HelperSessionTests.test_l04_child_before_ready_block) ... FAIL
test_l05_error_after_spawn (test_vipe_benchmark_supervisor.HelperSessionTests.test_l05_error_after_spawn) ... FAIL
test_l06_late_ready (test_vipe_benchmark_supervisor.HelperSessionTests.test_l06_late_ready) ... FAIL
test_l07_cancel_during_spawn (test_vipe_benchmark_supervisor.HelperSessionTests.test_l07_cancel_during_spawn) ... FAIL
test_l08_late_owner_retained (test_vipe_benchmark_supervisor.HelperSessionTests.test_l08_late_owner_retained) ... ERROR
test_l09_partial_header (test_vipe_benchmark_supervisor.HelperSessionTests.test_l09_partial_header) ... FAIL
test_l10_stalled_body (test_vipe_benchmark_supervisor.HelperSessionTests.test_l10_stalled_body) ... FAIL
test_l11_eof_midframe (test_vipe_benchmark_supervisor.HelperSessionTests.test_l11_eof_midframe) ... FAIL
test_l12_stalled_request_reader (test_vipe_benchmark_supervisor.HelperSessionTests.test_l12_stalled_request_reader) ... ERROR
test_l13_oversized_frame (test_vipe_benchmark_supervisor.HelperSessionTests.test_l13_oversized_frame) ... FAIL
test_l14_wrong_correlation (test_vipe_benchmark_supervisor.HelperSessionTests.test_l14_wrong_correlation) ... FAIL
test_l15_sample_deadline (test_vipe_benchmark_supervisor.HelperSessionTests.test_l15_sample_deadline) ... ERROR
test_l16_phase_deadline (test_vipe_benchmark_supervisor.HelperSessionTests.test_l16_phase_deadline) ... ERROR
test_l17_post_task_acquisition (test_vipe_benchmark_supervisor.HelperSessionTests.test_l17_post_task_acquisition) ... ERROR
test_l18_descendant_and_foreign_sentinel (test_vipe_benchmark_supervisor.HelperSessionTests.test_l18_descendant_and_foreign_sentinel) ... ERROR
test_l19_term_resistance (test_vipe_benchmark_supervisor.HelperSessionTests.test_l19_term_resistance) ... ERROR
test_l20_exit_during_transport (test_vipe_benchmark_supervisor.HelperSessionTests.test_l20_exit_during_transport) ... ERROR
test_l21_enumeration_failure (test_vipe_benchmark_supervisor.HelperSessionTests.test_l21_enumeration_failure) ... ERROR
test_l22_signal_failure (test_vipe_benchmark_supervisor.HelperSessionTests.test_l22_signal_failure) ... ERROR
test_l23_reap_failure (test_vipe_benchmark_supervisor.HelperSessionTests.test_l23_reap_failure) ... ERROR
test_l24_summary_reference_adapter (test_vipe_benchmark_supervisor.HelperSessionTests.test_l24_summary_reference_adapter) ... ERROR
test_l25_delayed_actual_reserve (test_vipe_benchmark_supervisor.HelperSessionTests.test_l25_delayed_actual_reserve) ... ERROR
test_l26_equal_actual_reserve (test_vipe_benchmark_supervisor.HelperSessionTests.test_l26_equal_actual_reserve) ... ERROR
test_l27_encoder_early_response (test_vipe_benchmark_supervisor.HelperSessionTests.test_l27_encoder_early_response) ... ERROR
test_l28_partial_early_response (test_vipe_benchmark_supervisor.HelperSessionTests.test_l28_partial_early_response) ... ERROR
test_l29_readable_sample_equality (test_vipe_benchmark_supervisor.HelperSessionTests.test_l29_readable_sample_equality) ... ERROR
test_l30_readable_phase_equality (test_vipe_benchmark_supervisor.HelperSessionTests.test_l30_readable_phase_equality) ... ERROR
test_l31_live_worker_bracket_and_foreign (test_vipe_benchmark_supervisor.HelperSessionTests.test_l31_live_worker_bracket_and_foreign) ... ERROR
test_l32_unreaped_worker_pin (test_vipe_benchmark_supervisor.HelperSessionTests.test_l32_unreaped_worker_pin) ... ERROR
test_l33_blocked_census_refuses_stale (test_vipe_benchmark_supervisor.HelperSessionTests.test_l33_blocked_census_refuses_stale) ... ERROR
test_l34_enumeration_error_empty_sample (test_vipe_benchmark_supervisor.HelperSessionTests.test_l34_enumeration_error_empty_sample) ... ERROR
test_l35_exited_leader_live_descendant (test_vipe_benchmark_supervisor.HelperSessionTests.test_l35_exited_leader_live_descendant) ... ERROR
test_l36_ambiguous_native_start_retained (test_vipe_benchmark_supervisor.HelperSessionTests.test_l36_ambiguous_native_start_retained) ... FAIL
test_partial_constructor_boundaries (test_vipe_benchmark_supervisor.HelperSessionTests.test_partial_constructor_boundaries) ... ok
test_progress_closed_inventory_and_faults (test_vipe_benchmark_supervisor.HelperSessionTests.test_progress_closed_inventory_and_faults) ... ok
test_progress_metadata_mutations (test_vipe_benchmark_supervisor.HelperSessionTests.test_progress_metadata_mutations) ... ok
test_progress_p01_worker_deadline (test_vipe_benchmark_supervisor.HelperSessionTests.test_progress_p01_worker_deadline) ... ERROR
test_progress_p02_reconcile_interruption (test_vipe_benchmark_supervisor.HelperSessionTests.test_progress_p02_reconcile_interruption) ... ERROR
test_progress_p03_helper_death (test_vipe_benchmark_supervisor.HelperSessionTests.test_progress_p03_helper_death) ... ERROR
test_progress_p04_failed_final_sample (test_vipe_benchmark_supervisor.HelperSessionTests.test_progress_p04_failed_final_sample) ... ERROR
test_progress_p05_interrupted_publisher (test_vipe_benchmark_supervisor.HelperSessionTests.test_progress_p05_interrupted_publisher) ... ERROR
test_progress_p06_blocked_owner (test_vipe_benchmark_supervisor.HelperSessionTests.test_progress_p06_blocked_owner) ... ERROR
test_progress_plan046_inventory (test_vipe_benchmark_supervisor.HelperSessionTests.test_progress_plan046_inventory) ... ok
test_progress_plan046_launch_deadline (test_vipe_benchmark_supervisor.HelperSessionTests.test_progress_plan046_launch_deadline) ... 
  test_progress_plan046_launch_deadline (test_vipe_benchmark_supervisor.HelperSessionTests.test_progress_plan046_launch_deadline) (kind='before', offset=-0.001) ... FAIL
test_progress_plan046_ownership (test_vipe_benchmark_supervisor.HelperSessionTests.test_progress_plan046_ownership) ... ERROR
test_progress_plan046_protocol (test_vipe_benchmark_supervisor.HelperSessionTests.test_progress_plan046_protocol) ... ok
test_progress_plan046_publication_faults (test_vipe_benchmark_supervisor.HelperSessionTests.test_progress_plan046_publication_faults) ... ok
test_progress_plan046_summary (test_vipe_benchmark_supervisor.HelperSessionTests.test_progress_plan046_summary) ... ok
test_progress_plan046_worker_authority (test_vipe_benchmark_supervisor.HelperSessionTests.test_progress_plan046_worker_authority) ... ok
test_progress_plan047_alias_inventory (test_vipe_benchmark_supervisor.HelperSessionTests.test_progress_plan047_alias_inventory) ... ok
test_progress_plan047_cancellation (test_vipe_benchmark_supervisor.HelperSessionTests.test_progress_plan047_cancellation) ... ok
test_progress_plan047_complete_final_sample (test_vipe_benchmark_supervisor.HelperSessionTests.test_progress_plan047_complete_final_sample) ... 
  test_progress_plan047_complete_final_sample (test_vipe_benchmark_supervisor.HelperSessionTests.test_progress_plan047_complete_final_sample) (kind='success') ... ERROR
  test_progress_plan047_complete_final_sample (test_vipe_benchmark_supervisor.HelperSessionTests.test_progress_plan047_complete_final_sample) (kind='final_sample_failure') ... ERROR
test_progress_plan047_deadline_steps (test_vipe_benchmark_supervisor.HelperSessionTests.test_progress_plan047_deadline_steps) ... 
  test_progress_plan047_deadline_steps (test_vipe_benchmark_supervisor.HelperSessionTests.test_progress_plan047_deadline_steps) (operation='ack_receipt', when='equal') ... FAIL
  test_progress_plan047_deadline_steps (test_vipe_benchmark_supervisor.HelperSessionTests.test_progress_plan047_deadline_steps) (operation='ack_receipt', when='after') ... FAIL
  test_progress_plan047_deadline_steps (test_vipe_benchmark_supervisor.HelperSessionTests.test_progress_plan047_deadline_steps) (operation='runtime_guard', when='before') ... ERROR
  test_progress_plan047_deadline_steps (test_vipe_benchmark_supervisor.HelperSessionTests.test_progress_plan047_deadline_steps) (operation='runtime_guard', when='equal') ... FAIL
  test_progress_plan047_deadline_steps (test_vipe_benchmark_supervisor.HelperSessionTests.test_progress_plan047_deadline_steps) (operation='runtime_guard', when='after') ... FAIL
  test_progress_plan047_deadline_steps (test_vipe_benchmark_supervisor.HelperSessionTests.test_progress_plan047_deadline_steps) (operation='next_input', when='before') ... ERROR
  test_progress_plan047_deadline_steps (test_vipe_benchmark_supervisor.HelperSessionTests.test_progress_plan047_deadline_steps) (operation='next_input', when='equal') ... ERROR
  test_progress_plan047_deadline_steps (test_vipe_benchmark_supervisor.HelperSessionTests.test_progress_plan047_deadline_steps) (operation='next_input', when='after') ... ERROR
  test_progress_plan047_deadline_steps (test_vipe_benchmark_supervisor.HelperSessionTests.test_progress_plan047_deadline_steps) (operation='worker_popen', when='before') ... FAIL
  test_progress_plan047_deadline_steps (test_vipe_benchmark_supervisor.HelperSessionTests.test_progress_plan047_deadline_steps) (operation='worker_popen', when='equal') ... FAIL
  test_progress_plan047_deadline_steps (test_vipe_benchmark_supervisor.HelperSessionTests.test_progress_plan047_deadline_steps) (operation='worker_popen', when='after') ... FAIL
test_progress_plan047_limits (test_vipe_benchmark_supervisor.HelperSessionTests.test_progress_plan047_limits) ... ok
test_progress_plan047_nested (test_vipe_benchmark_supervisor.HelperSessionTests.test_progress_plan047_nested) ... ok
test_progress_plan047_ownership (test_vipe_benchmark_supervisor.HelperSessionTests.test_progress_plan047_ownership) ... ERROR
test_progress_plan047_publication_faults (test_vipe_benchmark_supervisor.HelperSessionTests.test_progress_plan047_publication_faults) ... ok
test_progress_plan047_recovery (test_vipe_benchmark_supervisor.HelperSessionTests.test_progress_plan047_recovery) ... ok
test_progress_plan047_result_summary (test_vipe_benchmark_supervisor.HelperSessionTests.test_progress_plan047_result_summary) ... ok
test_progress_plan047_state_authority (test_vipe_benchmark_supervisor.HelperSessionTests.test_progress_plan047_state_authority) ... ok
test_progress_plan048_pure_memo (test_vipe_benchmark_supervisor.HelperSessionTests.test_progress_plan048_pure_memo) ... ok
test_progress_strict_primitives (test_vipe_benchmark_supervisor.HelperSessionTests.test_progress_strict_primitives) ... ok
test_resource_field_mutations (test_vipe_benchmark_supervisor.HelperSessionTests.test_resource_field_mutations) ... ok
test_sample_typed_timing_mutations (test_vipe_benchmark_supervisor.HelperSessionTests.test_sample_typed_timing_mutations) ... ok

======================================================================
ERROR: test_l01_ready_reuse (test_vipe_benchmark_supervisor.HelperSessionTests.test_l01_ready_reuse)
----------------------------------------------------------------------
Traceback (most recent call last):
  File "/home/auss/git_repos/samaust/Experiments_4DGS/tests/test_vipe_benchmark_supervisor.py", line 1288, in test_l01_ready_reuse
    session.await_ready()
    ~~~~~~~~~~~~~~~~~~~^^
  File "/home/auss/git_repos/samaust/Experiments_4DGS/tests/test_vipe_benchmark_supervisor.py", line 1165, in observed
    result=operation(*args,**kwargs);return result
  File "/home/auss/git_repos/samaust/Experiments_4DGS/scripts/vipe_benchmark/s1_helper_session.py", line 2378, in await_ready
    self.tick(end); time.sleep(min(.005,max(0.,end-time.monotonic())))
    ~~~~~~~~~^^^^^
  File "/home/auss/git_repos/samaust/Experiments_4DGS/tests/test_vipe_benchmark_supervisor.py", line 1165, in observed
    result=operation(*args,**kwargs);return result
  File "/home/auss/git_repos/samaust/Experiments_4DGS/scripts/vipe_benchmark/s1_helper_session.py", line 2293, in tick
    if self.owner.cancelled or self.poisoned: raise RuntimeError('S1 helper session poisoned: '+str(list(self.owner.errors)))
                                              ^^^^^^^^^^^^^^^^^^^^^^^^^^^^^^^^^^^^^^^^^^^^^^^^^^^^^^^^^^^^^^^^^^^^^^^^^^^^^^^
RuntimeError: S1 helper session poisoned: [{'error_class': 'ValueError', 'message': 'owned dispatch/plan/status binding', 'phase': 'startup'}]
timing_or_cleanup_check_0: AssertionError: False is not true : {'scenario': 'L01', 'mode': 'normal', 'constructor_entry': 7797.308487183, 'action_cutoff': 7799.308487183, 'safety_cutoff': 7800.308487183, 'constructor_end': 7797.312839759, 't0': 7797.308503678, 'ready_deadline': 7798.308503678, 'setup_deadline': 7799.308503678, 'setup_cleanup_deadline': 7800.308503678, 'action_end': 7797.336787997, 'end': 7797.347112718, 'execution_seconds': 0.028300814000431274, 'cleanup_seconds': 0.010324720999960846, 'cleanup_confirmed': False, 'records': {'work': {'role': 'work', 'state': 'spawning', 'pid': None}, 'sample': {'role': 'sample', 'state': 'pending', 'pid': None}}, 'errors': [{'error_class': 'ValueError', 'message': 'owned dispatch/plan/status binding', 'phase': 'startup'}], 'signals': [], 'ticks': [7797.308503678, 7797.312846051, 7797.317927148, 7797.32532642, 7797.331549524, 7797.336767101], 'events': [{'event': 'fixture_spawn_entry', 'role': 'work', 'observed': 7797.310441419, 'ready_deadline': 7798.308503678}], 'trace_facts': {'capacity': 256, 'total': 1, 'dropped': 0, 'saturated': False, 'first': 7797.310443145, 'last': 7797.310443145}, 'tick_facts': {'capacity': 128, 'total': 6, 'dropped': 0, 'saturated': False, 'first': 7797.308509495, 'last': 7797.336767669}, 'owner_error_facts': {'capacity': 32, 'total': 1, 'dropped': 0, 'saturated': False, 'first': 7797.333264876, 'last': 7797.333264876}, 'owner_signal_facts': {'capacity': 128, 'total': 0, 'dropped': 0, 'saturated': False, 'first': None, 'last': None}, 'request_counts': {'work': {'dispatch': 0, 'response': 0}, 'sample': {'dispatch': 0, 'response': 0}}, 'census_request_count': 0, 'max_gap': 0.007399271999929624, 'max_turn': 2.0288999621698167e-05, 'call_observations': [{'operation': 'tick', 'entered': 7797.312845235, 'deadline': 7798.308503678, 'returned': 7797.312865193, 'confirmed': None, 'error': None, 'ready_before': [], 'ready_after': []}, {'operation': 'tick', 'entered': 7797.317926553, 'deadline': 7798.308503678, 'returned': 7797.317936587, 'confirmed': None, 'error': None, 'ready_before': [

======================================================================
ERROR: test_l02_ready_and_sample_before_reserve (test_vipe_benchmark_supervisor.HelperSessionTests.test_l02_ready_and_sample_before_reserve)
----------------------------------------------------------------------
Traceback (most recent call last):
  File "/home/auss/git_repos/samaust/Experiments_4DGS/scripts/vipe_benchmark/supervisor.py", line 283, in monitored_call
    session.await_ready()
    ~~~~~~~~~~~~~~~~~~~^^
  File "/home/auss/git_repos/samaust/Experiments_4DGS/tests/test_vipe_benchmark_supervisor.py", line 1165, in observed
    result=operation(*args,**kwargs);return result
  File "/home/auss/git_repos/samaust/Experiments_4DGS/scripts/vipe_benchmark/s1_helper_session.py", line 2378, in await_ready
    self.tick(end); time.sleep(min(.005,max(0.,end-time.monotonic())))
    ~~~~~~~~~^^^^^
  File "/home/auss/git_repos/samaust/Experiments_4DGS/tests/test_vipe_benchmark_supervisor.py", line 1165, in observed
    result=operation(*args,**kwargs);return result
  File "/home/auss/git_repos/samaust/Experiments_4DGS/scripts/vipe_benchmark/s1_helper_session.py", line 2293, in tick
    if self.owner.cancelled or self.poisoned: raise RuntimeError('S1 helper session poisoned: '+str(list(self.owner.errors)))
                                              ^^^^^^^^^^^^^^^^^^^^^^^^^^^^^^^^^^^^^^^^^^^^^^^^^^^^^^^^^^^^^^^^^^^^^^^^^^^^^^^
RuntimeError: S1 helper session poisoned: [{'error_class': 'ValueError', 'message': 'owned dispatch/plan/status binding', 'phase': 'startup'}]

The above exception was the direct cause of the following exception:

Traceback (most recent call last):
  File "/home/auss/git_repos/samaust/Experiments_4DGS/tests/test_vipe_benchmark_supervisor.py", line 1308, in test_l02_ready_and_sample_before_reserve
    value=sup.monitored_call(self.sampler,session.setup_deadline,self.sampler,load(),{},lifecycle=life,phase='initial_sample')
  File "/home/auss/git_repos/samaust/Experiments_4DGS/scripts/vipe_benchmark/supervisor.py", line 330, in monitored_call
    raise primary from exc
vipe_benchmark.supervisor.HelperFailure: RuntimeError: S1 helper session poisoned: [{'error_class': 'ValueError', 'message': 'owned dispatch/plan/status binding', 'phase': 'startup'}]
HelperCleanupUncertain: helper cleanup not confirmed
timing_or_cleanup_check_0: AssertionError: False is not true : {'scenario': 'L02', 'mode': 'normal', 'constructor_entry': 7797.34831729, 'action_cutoff': 7799.34831729, 'safety_cutoff': 7800.34831729, 'constructor_end': 7797.353080833, 't0': 7797.348335398, 'ready_deadline': 7798.348335398, 'setup_deadline': 7799.348335398, 'setup_cleanup_deadline': 7800.348335398, 'action_end': 7800.350353995, 'end': 7800.35231882, 'execution_seconds': 3.002036705000137, 'cleanup_seconds': 0.0019648249999590917, 'cleanup_confirmed': False, 'records': {'work': {'role': 'work', 'state': 'spawning', 'pid': None}, 'sample': {'role': 'sample', 'state': 'pending', 'pid': None}}, 'errors': [{'error_class': 'ValueError', 'message': 'owned dispatch/plan/status binding', 'phase': 'startup'}], 'signals': [], 'ticks': [7797.348335398, 7797.354974051, 7797.360004129, 7797.367201184, 7797.372350893], 'events': [{'event': 'fixture_spawn_entry', 'role': 'work', 'observed': 7797.350289616, 'ready_deadline': 7798.348335398}], 'trace_facts': {'capacity': 256, 'total': 1, 'dropped': 0, 'saturated': False, 'first': 7797.350291954, 'last': 7797.350291954}, 'tick_facts': {'capacity': 128, 'total': 5, 'dropped': 0, 'saturated': False, 'first': 7797.348339399, 'last': 7797.37235142}, 'owner_error_facts': {'capacity': 32, 'total': 1, 'dropped': 0, 'saturated': False, 'first': 7797.368907026, 'last': 7797.368907026}, 'owner_signal_facts': {'capacity': 128, 'total': 0, 'dropped': 0, 'saturated': False, 'first': None, 'last': None}, 'request_counts': {'work': {'dispatch': 0, 'response': 0}, 'sample': {'dispatch': 0, 'response': 0}}, 'census_request_count': 0, 'max_gap': 0.007197054999778629, 'max_turn': 1.602400061528897e-05, 'call_observations': [{'operation': 'close', 'entered': 7799.452466526, 'deadline': 7800.34831729, 'returned': 7799.454451673, 'confirmed': False, 'error': None, 'ready_before': [], 'ready_after': []}, {'operation': 'close', 'entered': 7799.459512765, 'deadline': 7800.34831729, 'returned': 7799.461404672, 'confirmed': False, 'error': None, 'ready_before': [], 'ready_after': []}
timing_or_cleanup_check_1: AssertionError: 3.002036705000137 not less than or equal to 2
timing_or_cleanup_check_3: AssertionError: 3.004001530000096 not less than or equal to 3

======================================================================
ERROR: test_l03_owner_bootstrap_block (test_vipe_benchmark_supervisor.HelperSessionTests.test_l03_owner_bootstrap_block)
----------------------------------------------------------------------
Traceback (most recent call last):
  File "/home/auss/git_repos/samaust/Experiments_4DGS/tests/test_vipe_benchmark_supervisor.py", line 1334, in test_l03_owner_bootstrap_block
    def test_l03_owner_bootstrap_block(self): self.reject_ready('L03','owner_block')
                                              ~~~~~~~~~~~~~~~~~^^^^^^^^^^^^^^^^^^^^^
  File "/home/auss/git_repos/samaust/Experiments_4DGS/tests/test_vipe_benchmark_supervisor.py", line 1269, in reject_ready
    with self.scenario(label,mode,ready_seconds=.08,setup_seconds=.18,total_seconds=.3) as session:
         ~~~~~~~~~~~~~^^^^^^^^^^^^^^^^^^^^^^^^^^^^^^^^^^^^^^^^^^^^^^^^^^^^^^^^^^^^^^^^^
  File "/usr/lib/python3.14/contextlib.py", line 141, in __enter__
    return next(self.gen)
  File "/home/auss/git_repos/samaust/Experiments_4DGS/tests/test_vipe_benchmark_supervisor.py", line 1153, in owned
    session(mode,instance=current,**bounds)
    ~~~~~~~^^^^^^^^^^^^^^^^^^^^^^^^^^^^^^^^
  File "/home/auss/git_repos/samaust/Experiments_4DGS/tests/test_vipe_benchmark_s1_helper_fixtures.py", line 67, in session
    instance.__init__(owner_factory=Selected, **kwargs)
    ~~~~~~~~~~~~~~~~~^^^^^^^^^^^^^^^^^^^^^^^^^^^^^^^^^^
  File "/home/auss/git_repos/samaust/Experiments_4DGS/scripts/vipe_benchmark/s1_helper_session.py", line 2142, in __init__
    if not hasattr(self.owner,'native_job_identity'):raise ValueError('native owner thread identity unresolved')
                                                     ^^^^^^^^^^^^^^^^^^^^^^^^^^^^^^^^^^^^^^^^^^^^^^^^^^^^^^^^^^^
ValueError: native owner thread identity unresolved

======================================================================
ERROR: test_l08_late_owner_retained (test_vipe_benchmark_supervisor.HelperSessionTests.test_l08_late_owner_retained)
----------------------------------------------------------------------
Traceback (most recent call last):
  File "/home/auss/git_repos/samaust/Experiments_4DGS/tests/test_vipe_benchmark_supervisor.py", line 1343, in test_l08_late_owner_retained
    with self.assertRaises(TimeoutError): session.await_ready()
                                          ~~~~~~~~~~~~~~~~~~~^^
  File "/home/auss/git_repos/samaust/Experiments_4DGS/tests/test_vipe_benchmark_supervisor.py", line 1165, in observed
    result=operation(*args,**kwargs);return result
  File "/home/auss/git_repos/samaust/Experiments_4DGS/scripts/vipe_benchmark/s1_helper_session.py", line 2378, in await_ready
    self.tick(end); time.sleep(min(.005,max(0.,end-time.monotonic())))
    ~~~~~~~~~^^^^^
  File "/home/auss/git_repos/samaust/Experiments_4DGS/tests/test_vipe_benchmark_supervisor.py", line 1165, in observed
    result=operation(*args,**kwargs);return result
  File "/home/auss/git_repos/samaust/Experiments_4DGS/scripts/vipe_benchmark/s1_helper_session.py", line 2293, in tick
    if self.owner.cancelled or self.poisoned: raise RuntimeError('S1 helper session poisoned: '+str(list(self.owner.errors)))
                                              ^^^^^^^^^^^^^^^^^^^^^^^^^^^^^^^^^^^^^^^^^^^^^^^^^^^^^^^^^^^^^^^^^^^^^^^^^^^^^^^
RuntimeError: S1 helper session poisoned: [{'error_class': 'ValueError', 'message': 'owned dispatch/plan/status binding', 'phase': 'startup'}]
timing_or_cleanup_check_0: AssertionError: False is not true : {'scenario': 'L08', 'mode': 'late_spawn', 'constructor_entry': 7800.615961603, 'action_cutoff': 7802.615961603, 'safety_cutoff': 7803.615961603, 'constructor_end': 7800.624928902, 't0': 7800.6159811, 'ready_deadline': 7800.6759811, 'setup_deadline': 7800.7359811, 'setup_cleanup_deadline': 7800.8159811, 'action_end': 7800.640974853, 'end': 7800.659933348, 'execution_seconds': 0.025013250000483822, 'cleanup_seconds': 0.018958494999424147, 'cleanup_confirmed': False, 'records': {'work': {'role': 'work', 'state': 'spawning', 'pid': None}, 'sample': {'role': 'sample', 'state': 'pending', 'pid': None}}, 'errors': [{'error_class': 'ValueError', 'message': 'owned dispatch/plan/status binding', 'phase': 'startup'}], 'signals': [], 'ticks': [7800.6159811, 7800.624936767, 7800.635890284, 7800.640957923], 'events': [{'event': 'fixture_spawn_entry', 'role': 'work', 'observed': 7800.61950369, 'ready_deadline': 7800.6759811}], 'trace_facts': {'capacity': 256, 'total': 1, 'dropped': 0, 'saturated': False, 'first': 7800.619504773, 'last': 7800.619504773}, 'tick_facts': {'capacity': 128, 'total': 4, 'dropped': 0, 'saturated': False, 'first': 7800.615984715, 'last': 7800.640958568}, 'owner_error_facts': {'capacity': 32, 'total': 1, 'dropped': 0, 'saturated': False, 'first': 7800.63843369, 'last': 7800.63843369}, 'owner_signal_facts': {'capacity': 128, 'total': 0, 'dropped': 0, 'saturated': False, 'first': None, 'last': None}, 'request_counts': {'work': {'dispatch': 0, 'response': 0}, 'sample': {'dispatch': 0, 'response': 0}}, 'census_request_count': 0, 'max_gap': 0.010953517000416468, 'max_turn': 1.5921999874990433e-05, 'call_observations': [{'operation': 'tick', 'entered': 7800.624936295, 'deadline': 7800.6759811, 'returned': 7800.624953368, 'confirmed': None, 'error': None, 'ready_before': [], 'ready_after': []}, {'operation': 'tick', 'entered': 7800.63588967, 'deadline': 7800.6759811, 'returned': 7800.635900314, 'confirmed': None, 'error': None, 'ready_before': [], 'ready_after': []}, {'operation': 'tick', 'e

======================================================================
ERROR: test_l12_stalled_request_reader (test_vipe_benchmark_supervisor.HelperSessionTests.test_l12_stalled_request_reader)
----------------------------------------------------------------------
Traceback (most recent call last):
  File "/home/auss/git_repos/samaust/Experiments_4DGS/tests/test_vipe_benchmark_supervisor.py", line 1361, in test_l12_stalled_request_reader
    session.await_ready()
    ~~~~~~~~~~~~~~~~~~~^^
  File "/home/auss/git_repos/samaust/Experiments_4DGS/tests/test_vipe_benchmark_supervisor.py", line 1165, in observed
    result=operation(*args,**kwargs);return result
  File "/home/auss/git_repos/samaust/Experiments_4DGS/scripts/vipe_benchmark/s1_helper_session.py", line 2378, in await_ready
    self.tick(end); time.sleep(min(.005,max(0.,end-time.monotonic())))
    ~~~~~~~~~^^^^^
  File "/home/auss/git_repos/samaust/Experiments_4DGS/tests/test_vipe_benchmark_supervisor.py", line 1165, in observed
    result=operation(*args,**kwargs);return result
  File "/home/auss/git_repos/samaust/Experiments_4DGS/scripts/vipe_benchmark/s1_helper_session.py", line 2293, in tick
    if self.owner.cancelled or self.poisoned: raise RuntimeError('S1 helper session poisoned: '+str(list(self.owner.errors)))
                                              ^^^^^^^^^^^^^^^^^^^^^^^^^^^^^^^^^^^^^^^^^^^^^^^^^^^^^^^^^^^^^^^^^^^^^^^^^^^^^^^
RuntimeError: S1 helper session poisoned: [{'error_class': 'ValueError', 'message': 'owned dispatch/plan/status binding', 'phase': 'startup'}]
timing_or_cleanup_check_0: AssertionError: False is not true : {'scenario': 'L12', 'mode': 'stalled_reader', 'constructor_entry': 7800.83158298, 'action_cutoff': 7802.83158298, 'safety_cutoff': 7803.83158298, 'constructor_end': 7800.843167181, 't0': 7800.83160015, 'ready_deadline': 7801.83160015, 'setup_deadline': 7802.83160015, 'setup_cleanup_deadline': 7803.83160015, 'action_end': 7800.859535621, 'end': 7800.883781183, 'execution_seconds': 0.027952640999501455, 'cleanup_seconds': 0.024245562000032805, 'cleanup_confirmed': False, 'records': {'work': {'role': 'work', 'state': 'spawning', 'pid': None}, 'sample': {'role': 'sample', 'state': 'pending', 'pid': None}}, 'errors': [{'error_class': 'ValueError', 'message': 'owned dispatch/plan/status binding', 'phase': 'startup'}], 'signals': [], 'ticks': [7800.83160015, 7800.843172035, 7800.854453579, 7800.859524839], 'events': [{'event': 'fixture_spawn_entry', 'role': 'work', 'observed': 7800.836276747, 'ready_deadline': 7801.83160015}], 'trace_facts': {'capacity': 256, 'total': 1, 'dropped': 0, 'saturated': False, 'first': 7800.836277373, 'last': 7800.836277373}, 'tick_facts': {'capacity': 128, 'total': 4, 'dropped': 0, 'saturated': False, 'first': 7800.831603788, 'last': 7800.859524987}, 'owner_error_facts': {'capacity': 32, 'total': 1, 'dropped': 0, 'saturated': False, 'first': 7800.857672077, 'last': 7800.857672077}, 'owner_signal_facts': {'capacity': 128, 'total': 0, 'dropped': 0, 'saturated': False, 'first': None, 'last': None}, 'request_counts': {'work': {'dispatch': 0, 'response': 0}, 'sample': {'dispatch': 0, 'response': 0}}, 'census_request_count': 0, 'max_gap': 0.011571885000194015, 'max_turn': 1.7485999705968425e-05, 'call_observations': [{'operation': 'tick', 'entered': 7800.843171384, 'deadline': 7801.83160015, 'returned': 7800.843190207, 'confirmed': None, 'error': None, 'ready_before': [], 'ready_after': []}, {'operation': 'tick', 'entered': 7800.854451958, 'deadline': 7801.83160015, 'returned': 7800.854464361, 'confirmed': None, 'error': None, 'ready_before': [], 'ready_after': []}, {'operation

======================================================================
ERROR: test_l15_sample_deadline (test_vipe_benchmark_supervisor.HelperSessionTests.test_l15_sample_deadline)
----------------------------------------------------------------------
Traceback (most recent call last):
  File "/home/auss/git_repos/samaust/Experiments_4DGS/tests/test_vipe_benchmark_supervisor.py", line 1377, in test_l15_sample_deadline
    session.await_ready()
    ~~~~~~~~~~~~~~~~~~~^^
  File "/home/auss/git_repos/samaust/Experiments_4DGS/tests/test_vipe_benchmark_supervisor.py", line 1165, in observed
    result=operation(*args,**kwargs);return result
  File "/home/auss/git_repos/samaust/Experiments_4DGS/scripts/vipe_benchmark/s1_helper_session.py", line 2378, in await_ready
    self.tick(end); time.sleep(min(.005,max(0.,end-time.monotonic())))
    ~~~~~~~~~^^^^^
  File "/home/auss/git_repos/samaust/Experiments_4DGS/tests/test_vipe_benchmark_supervisor.py", line 1165, in observed
    result=operation(*args,**kwargs);return result
  File "/home/auss/git_repos/samaust/Experiments_4DGS/scripts/vipe_benchmark/s1_helper_session.py", line 2293, in tick
    if self.owner.cancelled or self.poisoned: raise RuntimeError('S1 helper session poisoned: '+str(list(self.owner.errors)))
                                              ^^^^^^^^^^^^^^^^^^^^^^^^^^^^^^^^^^^^^^^^^^^^^^^^^^^^^^^^^^^^^^^^^^^^^^^^^^^^^^^
RuntimeError: S1 helper session poisoned: [{'error_class': 'ValueError', 'message': 'owned dispatch/plan/status binding', 'phase': 'startup'}]
timing_or_cleanup_check_0: AssertionError: False is not true : {'scenario': 'L15', 'mode': 'sample_late', 'constructor_entry': 7801.020583239, 'action_cutoff': 7803.020583239, 'safety_cutoff': 7804.020583239, 'constructor_end': 7801.034717275, 't0': 7801.020600572, 'ready_deadline': 7802.020600572, 'setup_deadline': 7803.020600572, 'setup_cleanup_deadline': 7804.020600572, 'action_end': 7801.051435049, 'end': 7801.079483369, 'execution_seconds': 0.030851810000058322, 'cleanup_seconds': 0.02804831999947055, 'cleanup_confirmed': False, 'records': {'work': {'role': 'work', 'state': 'spawning', 'pid': None}, 'sample': {'role': 'sample', 'state': 'pending', 'pid': None}}, 'errors': [{'error_class': 'ValueError', 'message': 'owned dispatch/plan/status binding', 'phase': 'startup'}], 'signals': [], 'ticks': [7801.020600572, 7801.034721924, 7801.046335233, 7801.051418589], 'events': [{'event': 'fixture_spawn_entry', 'role': 'work', 'observed': 7801.026191587, 'ready_deadline': 7802.020600572}], 'trace_facts': {'capacity': 256, 'total': 1, 'dropped': 0, 'saturated': False, 'first': 7801.026192635, 'last': 7801.026192635}, 'tick_facts': {'capacity': 128, 'total': 4, 'dropped': 0, 'saturated': False, 'first': 7801.020604398, 'last': 7801.051419064}, 'owner_error_facts': {'capacity': 32, 'total': 1, 'dropped': 0, 'saturated': False, 'first': 7801.049904899, 'last': 7801.049904899}, 'owner_signal_facts': {'capacity': 128, 'total': 0, 'dropped': 0, 'saturated': False, 'first': None, 'last': None}, 'request_counts': {'work': {'dispatch': 0, 'response': 0}, 'sample': {'dispatch': 0, 'response': 0}}, 'census_request_count': 0, 'max_gap': 0.014121352000074694, 'max_turn': 1.9291000171506312e-05, 'call_observations': [{'operation': 'tick', 'entered': 7801.034721514, 'deadline': 7802.020600572, 'returned': 7801.034738392, 'confirmed': None, 'error': None, 'ready_before': [], 'ready_after': []}, {'operation': 'tick', 'entered': 7801.046333272, 'deadline': 7802.020600572, 'returned': 7801.04635532, 'confirmed': None, 'error': None, 'ready_before': [], 'ready_after': []}, {'ope

======================================================================
ERROR: test_l16_phase_deadline (test_vipe_benchmark_supervisor.HelperSessionTests.test_l16_phase_deadline)
----------------------------------------------------------------------
Traceback (most recent call last):
  File "/home/auss/git_repos/samaust/Experiments_4DGS/tests/test_vipe_benchmark_supervisor.py", line 1383, in test_l16_phase_deadline
    session.await_ready()
    ~~~~~~~~~~~~~~~~~~~^^
  File "/home/auss/git_repos/samaust/Experiments_4DGS/tests/test_vipe_benchmark_supervisor.py", line 1165, in observed
    result=operation(*args,**kwargs);return result
  File "/home/auss/git_repos/samaust/Experiments_4DGS/scripts/vipe_benchmark/s1_helper_session.py", line 2378, in await_ready
    self.tick(end); time.sleep(min(.005,max(0.,end-time.monotonic())))
    ~~~~~~~~~^^^^^
  File "/home/auss/git_repos/samaust/Experiments_4DGS/tests/test_vipe_benchmark_supervisor.py", line 1165, in observed
    result=operation(*args,**kwargs);return result
  File "/home/auss/git_repos/samaust/Experiments_4DGS/scripts/vipe_benchmark/s1_helper_session.py", line 2293, in tick
    if self.owner.cancelled or self.poisoned: raise RuntimeError('S1 helper session poisoned: '+str(list(self.owner.errors)))
                                              ^^^^^^^^^^^^^^^^^^^^^^^^^^^^^^^^^^^^^^^^^^^^^^^^^^^^^^^^^^^^^^^^^^^^^^^^^^^^^^^
RuntimeError: S1 helper session poisoned: [{'error_class': 'ValueError', 'message': 'owned dispatch/plan/status binding', 'phase': 'startup'}]
timing_or_cleanup_check_0: AssertionError: False is not true : {'scenario': 'L16', 'mode': 'phase_late', 'constructor_entry': 7801.080165024, 'action_cutoff': 7803.080165024, 'safety_cutoff': 7804.080165024, 'constructor_end': 7801.094817705, 't0': 7801.080182862, 'ready_deadline': 7802.080182862, 'setup_deadline': 7803.080182862, 'setup_cleanup_deadline': 7804.080182862, 'action_end': 7801.112705117, 'end': 7801.142067789, 'execution_seconds': 0.0325400929996249, 'cleanup_seconds': 0.029362672000388557, 'cleanup_confirmed': False, 'records': {'work': {'role': 'work', 'state': 'spawning', 'pid': None}, 'sample': {'role': 'sample', 'state': 'pending', 'pid': None}}, 'errors': [{'error_class': 'ValueError', 'message': 'owned dispatch/plan/status binding', 'phase': 'startup'}], 'signals': [], 'ticks': [7801.080182862, 7801.094822656, 7801.099904618, 7801.107561075, 7801.112689103], 'events': [{'event': 'fixture_spawn_entry', 'role': 'work', 'observed': 7801.086017528, 'ready_deadline': 7802.080182862}], 'trace_facts': {'capacity': 256, 'total': 1, 'dropped': 0, 'saturated': False, 'first': 7801.086018777, 'last': 7801.086018777}, 'tick_facts': {'capacity': 128, 'total': 5, 'dropped': 0, 'saturated': False, 'first': 7801.08018746, 'last': 7801.112689622}, 'owner_error_facts': {'capacity': 32, 'total': 1, 'dropped': 0, 'saturated': False, 'first': 7801.111127598, 'last': 7801.111127598}, 'owner_signal_facts': {'capacity': 128, 'total': 0, 'dropped': 0, 'saturated': False, 'first': None, 'last': None}, 'request_counts': {'work': {'dispatch': 0, 'response': 0}, 'sample': {'dispatch': 0, 'response': 0}}, 'census_request_count': 0, 'max_gap': 0.01463979400068638, 'max_turn': 1.8089999684889335e-05, 'call_observations': [{'operation': 'tick', 'entered': 7801.094822059, 'deadline': 7802.080182862, 'returned': 7801.094839324, 'confirmed': None, 'error': None, 'ready_before': [], 'ready_after': []}, {'operation': 'tick', 'entered': 7801.099902193, 'deadline': 7802.080182862, 'returned': 7801.099923571, 'confirmed': None, 'error': None, 'ready_before': [], 'ready_after

======================================================================
ERROR: test_l17_post_task_acquisition (test_vipe_benchmark_supervisor.HelperSessionTests.test_l17_post_task_acquisition)
----------------------------------------------------------------------
Traceback (most recent call last):
  File "/home/auss/git_repos/samaust/Experiments_4DGS/tests/test_vipe_benchmark_supervisor.py", line 1388, in test_l17_post_task_acquisition
    session.await_ready()
    ~~~~~~~~~~~~~~~~~~~^^
  File "/home/auss/git_repos/samaust/Experiments_4DGS/tests/test_vipe_benchmark_supervisor.py", line 1165, in observed
    result=operation(*args,**kwargs);return result
  File "/home/auss/git_repos/samaust/Experiments_4DGS/scripts/vipe_benchmark/s1_helper_session.py", line 2378, in await_ready
    self.tick(end); time.sleep(min(.005,max(0.,end-time.monotonic())))
    ~~~~~~~~~^^^^^
  File "/home/auss/git_repos/samaust/Experiments_4DGS/tests/test_vipe_benchmark_supervisor.py", line 1165, in observed
    result=operation(*args,**kwargs);return result
  File "/home/auss/git_repos/samaust/Experiments_4DGS/scripts/vipe_benchmark/s1_helper_session.py", line 2293, in tick
    if self.owner.cancelled or self.poisoned: raise RuntimeError('S1 helper session poisoned: '+str(list(self.owner.errors)))
                                              ^^^^^^^^^^^^^^^^^^^^^^^^^^^^^^^^^^^^^^^^^^^^^^^^^^^^^^^^^^^^^^^^^^^^^^^^^^^^^^^
RuntimeError: S1 helper session poisoned: [{'error_class': 'ValueError', 'message': 'owned dispatch/plan/status binding', 'phase': 'startup'}]
timing_or_cleanup_check_0: AssertionError: False is not true : {'scenario': 'L17', 'mode': 'post_task', 'constructor_entry': 7801.142729778, 'action_cutoff': 7803.142729778, 'safety_cutoff': 7804.142729778, 'constructor_end': 7801.158283123, 't0': 7801.142747404, 'ready_deadline': 7802.142747404, 'setup_deadline': 7803.142747404, 'setup_cleanup_deadline': 7804.142747404, 'action_end': 7801.181212018, 'end': 7801.21203551, 'execution_seconds': 0.03848224000012124, 'cleanup_seconds': 0.030823491999399266, 'cleanup_confirmed': False, 'records': {'work': {'role': 'work', 'state': 'spawning', 'pid': None}, 'sample': {'role': 'sample', 'state': 'pending', 'pid': None}}, 'errors': [{'error_class': 'ValueError', 'message': 'owned dispatch/plan/status binding', 'phase': 'startup'}], 'signals': [], 'ticks': [7801.142747404, 7801.158287936, 7801.163375276, 7801.168452827, 7801.176127911, 7801.181199146], 'events': [{'event': 'fixture_spawn_entry', 'role': 'work', 'observed': 7801.149027558, 'ready_deadline': 7802.142747404}], 'trace_facts': {'capacity': 256, 'total': 1, 'dropped': 0, 'saturated': False, 'first': 7801.149028601, 'last': 7801.149028601}, 'tick_facts': {'capacity': 128, 'total': 6, 'dropped': 0, 'saturated': False, 'first': 7801.142751137, 'last': 7801.181199326}, 'owner_error_facts': {'capacity': 32, 'total': 1, 'dropped': 0, 'saturated': False, 'first': 7801.17986524, 'last': 7801.17986524}, 'owner_signal_facts': {'capacity': 128, 'total': 0, 'dropped': 0, 'saturated': False, 'first': None, 'last': None}, 'request_counts': {'work': {'dispatch': 0, 'response': 0}, 'sample': {'dispatch': 0, 'response': 0}}, 'census_request_count': 0, 'max_gap': 0.015540532000159146, 'max_turn': 1.9351999981154222e-05, 'call_observations': [{'operation': 'tick', 'entered': 7801.158287413, 'deadline': 7802.142747404, 'returned': 7801.158304536, 'confirmed': None, 'error': None, 'ready_before': [], 'ready_after': []}, {'operation': 'tick', 'entered': 7801.163373355, 'deadline': 7802.142747404, 'returned': 7801.163395422, 'confirmed': None, 'error': None, 'ready_before': [

======================================================================
ERROR: test_l18_descendant_and_foreign_sentinel (test_vipe_benchmark_supervisor.HelperSessionTests.test_l18_descendant_and_foreign_sentinel)
----------------------------------------------------------------------
Traceback (most recent call last):
  File "/home/auss/git_repos/samaust/Experiments_4DGS/tests/test_vipe_benchmark_supervisor.py", line 1403, in test_l18_descendant_and_foreign_sentinel
    session.await_ready()
    ~~~~~~~~~~~~~~~~~~~^^
  File "/home/auss/git_repos/samaust/Experiments_4DGS/tests/test_vipe_benchmark_supervisor.py", line 1165, in observed
    result=operation(*args,**kwargs);return result
  File "/home/auss/git_repos/samaust/Experiments_4DGS/scripts/vipe_benchmark/s1_helper_session.py", line 2378, in await_ready
    self.tick(end); time.sleep(min(.005,max(0.,end-time.monotonic())))
    ~~~~~~~~~^^^^^
  File "/home/auss/git_repos/samaust/Experiments_4DGS/tests/test_vipe_benchmark_supervisor.py", line 1165, in observed
    result=operation(*args,**kwargs);return result
  File "/home/auss/git_repos/samaust/Experiments_4DGS/scripts/vipe_benchmark/s1_helper_session.py", line 2293, in tick
    if self.owner.cancelled or self.poisoned: raise RuntimeError('S1 helper session poisoned: '+str(list(self.owner.errors)))
                                              ^^^^^^^^^^^^^^^^^^^^^^^^^^^^^^^^^^^^^^^^^^^^^^^^^^^^^^^^^^^^^^^^^^^^^^^^^^^^^^^
RuntimeError: S1 helper session poisoned: [{'error_class': 'ValueError', 'message': 'owned dispatch/plan/status binding', 'phase': 'startup'}]
timing_or_cleanup_check_0: AssertionError: False is not true : {'scenario': 'L18', 'mode': 'descendant', 'constructor_entry': 7801.212725688, 'action_cutoff': 7803.212725688, 'safety_cutoff': 7804.212725688, 'constructor_end': 7801.228770679, 't0': 7801.212742777, 'ready_deadline': 7802.212742777, 'setup_deadline': 7803.212742777, 'setup_cleanup_deadline': 7804.212742777, 'action_end': 7801.244326834, 'end': 7801.275913927, 'execution_seconds': 0.031601145999957225, 'cleanup_seconds': 0.03158709299987095, 'cleanup_confirmed': False, 'records': {'work': {'role': 'work', 'state': 'spawning', 'pid': None}, 'sample': {'role': 'sample', 'state': 'pending', 'pid': None}}, 'errors': [{'error_class': 'ValueError', 'message': 'owned dispatch/plan/status binding', 'phase': 'startup'}], 'signals': [], 'ticks': [7801.212742777, 7801.228775516, 7801.239230943, 7801.244315372], 'events': [{'event': 'fixture_spawn_entry', 'role': 'work', 'observed': 7801.219050078, 'ready_deadline': 7802.212742777}], 'trace_facts': {'capacity': 256, 'total': 1, 'dropped': 0, 'saturated': False, 'first': 7801.219050801, 'last': 7801.219050801}, 'tick_facts': {'capacity': 128, 'total': 4, 'dropped': 0, 'saturated': False, 'first': 7801.21274673, 'last': 7801.244315543}, 'owner_error_facts': {'capacity': 32, 'total': 1, 'dropped': 0, 'saturated': False, 'first': 7801.243094607, 'last': 7801.243094607}, 'owner_signal_facts': {'capacity': 128, 'total': 0, 'dropped': 0, 'saturated': False, 'first': None, 'last': None}, 'request_counts': {'work': {'dispatch': 0, 'response': 0}, 'sample': {'dispatch': 0, 'response': 0}}, 'census_request_count': 0, 'max_gap': 0.016032738999456342, 'max_turn': 1.5969000742188655e-05, 'call_observations': [{'operation': 'tick', 'entered': 7801.228775022, 'deadline': 7802.212742777, 'returned': 7801.22879221, 'confirmed': None, 'error': None, 'ready_before': [], 'ready_after': []}, {'operation': 'tick', 'entered': 7801.239230412, 'deadline': 7802.212742777, 'returned': 7801.239240232, 'confirmed': None, 'error': None, 'ready_before': [], 'ready_after': []}, {'opera

======================================================================
ERROR: test_l19_term_resistance (test_vipe_benchmark_supervisor.HelperSessionTests.test_l19_term_resistance)
----------------------------------------------------------------------
Traceback (most recent call last):
  File "/home/auss/git_repos/samaust/Experiments_4DGS/tests/test_vipe_benchmark_supervisor.py", line 1428, in test_l19_term_resistance
    session.await_ready()
    ~~~~~~~~~~~~~~~~~~~^^
  File "/home/auss/git_repos/samaust/Experiments_4DGS/tests/test_vipe_benchmark_supervisor.py", line 1165, in observed
    result=operation(*args,**kwargs);return result
  File "/home/auss/git_repos/samaust/Experiments_4DGS/scripts/vipe_benchmark/s1_helper_session.py", line 2378, in await_ready
    self.tick(end); time.sleep(min(.005,max(0.,end-time.monotonic())))
    ~~~~~~~~~^^^^^
  File "/home/auss/git_repos/samaust/Experiments_4DGS/tests/test_vipe_benchmark_supervisor.py", line 1165, in observed
    result=operation(*args,**kwargs);return result
  File "/home/auss/git_repos/samaust/Experiments_4DGS/scripts/vipe_benchmark/s1_helper_session.py", line 2293, in tick
    if self.owner.cancelled or self.poisoned: raise RuntimeError('S1 helper session poisoned: '+str(list(self.owner.errors)))
                                              ^^^^^^^^^^^^^^^^^^^^^^^^^^^^^^^^^^^^^^^^^^^^^^^^^^^^^^^^^^^^^^^^^^^^^^^^^^^^^^^
RuntimeError: S1 helper session poisoned: [{'error_class': 'ValueError', 'message': 'owned dispatch/plan/status binding', 'phase': 'startup'}]
timing_or_cleanup_check_0: AssertionError: False is not true : {'scenario': 'L19', 'mode': 'ignore_term', 'constructor_entry': 7801.27661526, 'action_cutoff': 7803.27661526, 'safety_cutoff': 7804.27661526, 'constructor_end': 7801.293674351, 't0': 7801.276632951, 'ready_deadline': 7802.276632951, 'setup_deadline': 7803.276632951, 'setup_cleanup_deadline': 7804.276632951, 'action_end': 7801.310060808, 'end': 7801.343266645, 'execution_seconds': 0.033445548000599956, 'cleanup_seconds': 0.03320583699951385, 'cleanup_confirmed': False, 'records': {'work': {'role': 'work', 'state': 'spawning', 'pid': None}, 'sample': {'role': 'sample', 'state': 'pending', 'pid': None}}, 'errors': [{'error_class': 'ValueError', 'message': 'owned dispatch/plan/status binding', 'phase': 'startup'}], 'signals': [], 'ticks': [7801.276632951, 7801.293679431, 7801.304911042, 7801.310045897], 'events': [{'event': 'fixture_spawn_entry', 'role': 'work', 'observed': 7801.283376725, 'ready_deadline': 7802.276632951}], 'trace_facts': {'capacity': 256, 'total': 1, 'dropped': 0, 'saturated': False, 'first': 7801.283377818, 'last': 7801.283377818}, 'tick_facts': {'capacity': 128, 'total': 4, 'dropped': 0, 'saturated': False, 'first': 7801.276636504, 'last': 7801.310046393}, 'owner_error_facts': {'capacity': 32, 'total': 1, 'dropped': 0, 'saturated': False, 'first': 7801.308996384, 'last': 7801.308996384}, 'owner_signal_facts': {'capacity': 128, 'total': 0, 'dropped': 0, 'saturated': False, 'first': None, 'last': None}, 'request_counts': {'work': {'dispatch': 0, 'response': 0}, 'sample': {'dispatch': 0, 'response': 0}}, 'census_request_count': 0, 'max_gap': 0.017046480000317388, 'max_turn': 3.119500070170034e-05, 'call_observations': [{'operation': 'tick', 'entered': 7801.293678935, 'deadline': 7802.276632951, 'returned': 7801.293696875, 'confirmed': None, 'error': None, 'ready_before': [], 'ready_after': []}, {'operation': 'tick', 'entered': 7801.304905896, 'deadline': 7802.276632951, 'returned': 7801.304942958, 'confirmed': None, 'error': None, 'ready_before': [], 'ready_after': []}, {'operat

======================================================================
ERROR: test_l20_exit_during_transport (test_vipe_benchmark_supervisor.HelperSessionTests.test_l20_exit_during_transport)
----------------------------------------------------------------------
Traceback (most recent call last):
  File "/home/auss/git_repos/samaust/Experiments_4DGS/tests/test_vipe_benchmark_supervisor.py", line 1435, in test_l20_exit_during_transport
    session.await_ready()
    ~~~~~~~~~~~~~~~~~~~^^
  File "/home/auss/git_repos/samaust/Experiments_4DGS/tests/test_vipe_benchmark_supervisor.py", line 1165, in observed
    result=operation(*args,**kwargs);return result
  File "/home/auss/git_repos/samaust/Experiments_4DGS/scripts/vipe_benchmark/s1_helper_session.py", line 2378, in await_ready
    self.tick(end); time.sleep(min(.005,max(0.,end-time.monotonic())))
    ~~~~~~~~~^^^^^
  File "/home/auss/git_repos/samaust/Experiments_4DGS/tests/test_vipe_benchmark_supervisor.py", line 1165, in observed
    result=operation(*args,**kwargs);return result
  File "/home/auss/git_repos/samaust/Experiments_4DGS/scripts/vipe_benchmark/s1_helper_session.py", line 2293, in tick
    if self.owner.cancelled or self.poisoned: raise RuntimeError('S1 helper session poisoned: '+str(list(self.owner.errors)))
                                              ^^^^^^^^^^^^^^^^^^^^^^^^^^^^^^^^^^^^^^^^^^^^^^^^^^^^^^^^^^^^^^^^^^^^^^^^^^^^^^^
RuntimeError: S1 helper session poisoned: [{'error_class': 'ValueError', 'message': 'owned dispatch/plan/status binding', 'phase': 'startup'}]
timing_or_cleanup_check_0: AssertionError: False is not true : {'scenario': 'L20', 'mode': 'exit_transport', 'constructor_entry': 7801.343926859, 'action_cutoff': 7803.343926859, 'safety_cutoff': 7804.343926859, 'constructor_end': 7801.361677662, 't0': 7801.343943899, 'ready_deadline': 7802.343943899, 'setup_deadline': 7803.343943899, 'setup_cleanup_deadline': 7804.343943899, 'action_end': 7801.377885225, 'end': 7801.412747531, 'execution_seconds': 0.03395836599975155, 'cleanup_seconds': 0.03486230599992268, 'cleanup_confirmed': False, 'records': {'work': {'role': 'work', 'state': 'spawning', 'pid': None}, 'sample': {'role': 'sample', 'state': 'pending', 'pid': None}}, 'errors': [{'error_class': 'ValueError', 'message': 'owned dispatch/plan/status binding', 'phase': 'startup'}], 'signals': [], 'ticks': [7801.343943899, 7801.361682527, 7801.372760447, 7801.377869778], 'events': [{'event': 'fixture_spawn_entry', 'role': 'work', 'observed': 7801.351185617, 'ready_deadline': 7802.343943899}], 'trace_facts': {'capacity': 256, 'total': 1, 'dropped': 0, 'saturated': False, 'first': 7801.35118637, 'last': 7801.35118637}, 'tick_facts': {'capacity': 128, 'total': 4, 'dropped': 0, 'saturated': False, 'first': 7801.343947566, 'last': 7801.377870318}, 'owner_error_facts': {'capacity': 32, 'total': 1, 'dropped': 0, 'saturated': False, 'first': 7801.376896489, 'last': 7801.376896489}, 'owner_signal_facts': {'capacity': 128, 'total': 0, 'dropped': 0, 'saturated': False, 'first': None, 'last': None}, 'request_counts': {'work': {'dispatch': 0, 'response': 0}, 'sample': {'dispatch': 0, 'response': 0}}, 'census_request_count': 0, 'max_gap': 0.017738628000188328, 'max_turn': 2.1798000489070546e-05, 'call_observations': [{'operation': 'tick', 'entered': 7801.361682079, 'deadline': 7802.343943899, 'returned': 7801.361700002, 'confirmed': None, 'error': None, 'ready_before': [], 'ready_after': []}, {'operation': 'tick', 'entered': 7801.372758421, 'deadline': 7802.343943899, 'returned': 7801.372783056, 'confirmed': None, 'error': None, 'ready_before': [], 'ready_after': []}, {'op

======================================================================
ERROR: test_l21_enumeration_failure (test_vipe_benchmark_supervisor.HelperSessionTests.test_l21_enumeration_failure)
----------------------------------------------------------------------
Traceback (most recent call last):
  File "/home/auss/git_repos/samaust/Experiments_4DGS/tests/test_vipe_benchmark_supervisor.py", line 1450, in test_l21_enumeration_failure
    def test_l21_enumeration_failure(self): self.failed_cleanup('L21','enumeration_failure')
                                            ~~~~~~~~~~~~~~~~~~~^^^^^^^^^^^^^^^^^^^^^^^^^^^^^
  File "/home/auss/git_repos/samaust/Experiments_4DGS/tests/test_vipe_benchmark_supervisor.py", line 1441, in failed_cleanup
    session.await_ready()
    ~~~~~~~~~~~~~~~~~~~^^
  File "/home/auss/git_repos/samaust/Experiments_4DGS/tests/test_vipe_benchmark_supervisor.py", line 1165, in observed
    result=operation(*args,**kwargs);return result
  File "/home/auss/git_repos/samaust/Experiments_4DGS/scripts/vipe_benchmark/s1_helper_session.py", line 2378, in await_ready
    self.tick(end); time.sleep(min(.005,max(0.,end-time.monotonic())))
    ~~~~~~~~~^^^^^
  File "/home/auss/git_repos/samaust/Experiments_4DGS/tests/test_vipe_benchmark_supervisor.py", line 1165, in observed
    result=operation(*args,**kwargs);return result
  File "/home/auss/git_repos/samaust/Experiments_4DGS/scripts/vipe_benchmark/s1_helper_session.py", line 2293, in tick
    if self.owner.cancelled or self.poisoned: raise RuntimeError('S1 helper session poisoned: '+str(list(self.owner.errors)))
                                              ^^^^^^^^^^^^^^^^^^^^^^^^^^^^^^^^^^^^^^^^^^^^^^^^^^^^^^^^^^^^^^^^^^^^^^^^^^^^^^^
RuntimeError: S1 helper session poisoned: [{'error_class': 'ValueError', 'message': 'owned dispatch/plan/status binding', 'phase': 'startup'}, {'error_class': 'OSError', 'message': 'fixture enumeration failure', 'phase': 'helper_cleanup'}]
timing_or_cleanup_check_0: AssertionError: False is not true : {'scenario': 'L21', 'mode': 'enumeration_failure', 'constructor_entry': 7801.41344172, 'action_cutoff': 7803.41344172, 'safety_cutoff': 7804.41344172, 'constructor_end': 7801.43165106, 't0': 7801.413460442, 'ready_deadline': 7802.413460442, 'setup_deadline': 7803.413460442, 'setup_cleanup_deadline': 7804.413460442, 'action_end': 7801.448352857, 'end': 7801.479344909, 'execution_seconds': 0.034911136999653536, 'cleanup_seconds': 0.03099205200032884, 'cleanup_confirmed': False, 'records': {'work': {'role': 'work', 'state': 'spawning', 'pid': None}, 'sample': {'role': 'sample', 'state': 'pending', 'pid': None}}, 'errors': [{'error_class': 'ValueError', 'message': 'owned dispatch/plan/status binding', 'phase': 'startup'}, {'error_class': 'OSError', 'message': 'fixture enumeration failure', 'phase': 'helper_cleanup'}], 'signals': [], 'ticks': [7801.413460442, 7801.431655906, 7801.44326896, 7801.448339008], 'events': [{'event': 'fixture_spawn_entry', 'role': 'work', 'observed': 7801.420770272, 'ready_deadline': 7802.413460442}], 'trace_facts': {'capacity': 256, 'total': 1, 'dropped': 0, 'saturated': False, 'first': 7801.420771333, 'last': 7801.420771333}, 'tick_facts': {'capacity': 128, 'total': 4, 'dropped': 0, 'saturated': False, 'first': 7801.413464208, 'last': 7801.448339283}, 'owner_error_facts': {'capacity': 32, 'total': 2, 'dropped': 0, 'saturated': False, 'first': 7801.447922455, 'last': 7801.447930902}, 'owner_signal_facts': {'capacity': 128, 'total': 0, 'dropped': 0, 'saturated': False, 'first': None, 'last': None}, 'request_counts': {'work': {'dispatch': 0, 'response': 0}, 'sample': {'dispatch': 0, 'response': 0}}, 'census_request_count': 0, 'max_gap': 0.018195464000200445, 'max_turn': 1.6754000171204098e-05, 'call_observations': [{'operation': 'tick', 'entered': 7801.431655411, 'deadline': 7802.413460442, 'returned': 7801.431673354, 'confirmed': None, 'error': None, 'ready_before': [], 'ready_after': []}, {'operation': 'tick', 'entered': 7801.443267782, 'deadline': 7802.413460442, 'retur

======================================================================
ERROR: test_l22_signal_failure (test_vipe_benchmark_supervisor.HelperSessionTests.test_l22_signal_failure)
----------------------------------------------------------------------
Traceback (most recent call last):
  File "/home/auss/git_repos/samaust/Experiments_4DGS/tests/test_vipe_benchmark_supervisor.py", line 1451, in test_l22_signal_failure
    def test_l22_signal_failure(self): self.failed_cleanup('L22','signal_failure')
                                       ~~~~~~~~~~~~~~~~~~~^^^^^^^^^^^^^^^^^^^^^^^^
  File "/home/auss/git_repos/samaust/Experiments_4DGS/tests/test_vipe_benchmark_supervisor.py", line 1441, in failed_cleanup
    session.await_ready()
    ~~~~~~~~~~~~~~~~~~~^^
  File "/home/auss/git_repos/samaust/Experiments_4DGS/tests/test_vipe_benchmark_supervisor.py", line 1165, in observed
    result=operation(*args,**kwargs);return result
  File "/home/auss/git_repos/samaust/Experiments_4DGS/scripts/vipe_benchmark/s1_helper_session.py", line 2378, in await_ready
    self.tick(end); time.sleep(min(.005,max(0.,end-time.monotonic())))
    ~~~~~~~~~^^^^^
  File "/home/auss/git_repos/samaust/Experiments_4DGS/tests/test_vipe_benchmark_supervisor.py", line 1165, in observed
    result=operation(*args,**kwargs);return result
  File "/home/auss/git_repos/samaust/Experiments_4DGS/scripts/vipe_benchmark/s1_helper_session.py", line 2293, in tick
    if self.owner.cancelled or self.poisoned: raise RuntimeError('S1 helper session poisoned: '+str(list(self.owner.errors)))
                                              ^^^^^^^^^^^^^^^^^^^^^^^^^^^^^^^^^^^^^^^^^^^^^^^^^^^^^^^^^^^^^^^^^^^^^^^^^^^^^^^
RuntimeError: S1 helper session poisoned: [{'error_class': 'ValueError', 'message': 'owned dispatch/plan/status binding', 'phase': 'startup'}]
timing_or_cleanup_check_0: AssertionError: False is not true : {'scenario': 'L22', 'mode': 'signal_failure', 'constructor_entry': 7801.480088767, 'action_cutoff': 7803.480088767, 'safety_cutoff': 7804.480088767, 'constructor_end': 7801.4994445, 't0': 7801.480106331, 'ready_deadline': 7802.480106331, 'setup_deadline': 7803.480106331, 'setup_cleanup_deadline': 7804.480106331, 'action_end': 7801.516101744, 'end': 7801.553396758, 'execution_seconds': 0.036012976999700186, 'cleanup_seconds': 0.037295014000847004, 'cleanup_confirmed': False, 'records': {'work': {'role': 'work', 'state': 'spawning', 'pid': None}, 'sample': {'role': 'sample', 'state': 'pending', 'pid': None}}, 'errors': [{'error_class': 'ValueError', 'message': 'owned dispatch/plan/status binding', 'phase': 'startup'}], 'signals': [], 'ticks': [7801.480106331, 7801.499449327, 7801.511011181, 7801.516090045], 'events': [{'event': 'fixture_spawn_entry', 'role': 'work', 'observed': 7801.487881877, 'ready_deadline': 7802.480106331}], 'trace_facts': {'capacity': 256, 'total': 1, 'dropped': 0, 'saturated': False, 'first': 7801.487882924, 'last': 7801.487882924}, 'tick_facts': {'capacity': 128, 'total': 4, 'dropped': 0, 'saturated': False, 'first': 7801.480109961, 'last': 7801.516090269}, 'owner_error_facts': {'capacity': 32, 'total': 1, 'dropped': 0, 'saturated': False, 'first': 7801.515725632, 'last': 7801.515725632}, 'owner_signal_facts': {'capacity': 128, 'total': 0, 'dropped': 0, 'saturated': False, 'first': None, 'last': None}, 'request_counts': {'work': {'dispatch': 0, 'response': 0}, 'sample': {'dispatch': 0, 'response': 0}}, 'census_request_count': 0, 'max_gap': 0.019342995999977575, 'max_turn': 1.9568999960029032e-05, 'call_observations': [{'operation': 'tick', 'entered': 7801.4994489, 'deadline': 7802.480106331, 'returned': 7801.499465074, 'confirmed': None, 'error': None, 'ready_before': [], 'ready_after': []}, {'operation': 'tick', 'entered': 7801.511008886, 'deadline': 7802.480106331, 'returned': 7801.511031524, 'confirmed': None, 'error': None, 'ready_before': [], 'ready_after': []}, {'op

======================================================================
ERROR: test_l23_reap_failure (test_vipe_benchmark_supervisor.HelperSessionTests.test_l23_reap_failure)
----------------------------------------------------------------------
Traceback (most recent call last):
  File "/home/auss/git_repos/samaust/Experiments_4DGS/tests/test_vipe_benchmark_supervisor.py", line 1452, in test_l23_reap_failure
    def test_l23_reap_failure(self): self.failed_cleanup('L23','reap_failure')
                                     ~~~~~~~~~~~~~~~~~~~^^^^^^^^^^^^^^^^^^^^^^
  File "/home/auss/git_repos/samaust/Experiments_4DGS/tests/test_vipe_benchmark_supervisor.py", line 1441, in failed_cleanup
    session.await_ready()
    ~~~~~~~~~~~~~~~~~~~^^
  File "/home/auss/git_repos/samaust/Experiments_4DGS/tests/test_vipe_benchmark_supervisor.py", line 1165, in observed
    result=operation(*args,**kwargs);return result
  File "/home/auss/git_repos/samaust/Experiments_4DGS/scripts/vipe_benchmark/s1_helper_session.py", line 2378, in await_ready
    self.tick(end); time.sleep(min(.005,max(0.,end-time.monotonic())))
    ~~~~~~~~~^^^^^
  File "/home/auss/git_repos/samaust/Experiments_4DGS/tests/test_vipe_benchmark_supervisor.py", line 1165, in observed
    result=operation(*args,**kwargs);return result
  File "/home/auss/git_repos/samaust/Experiments_4DGS/scripts/vipe_benchmark/s1_helper_session.py", line 2293, in tick
    if self.owner.cancelled or self.poisoned: raise RuntimeError('S1 helper session poisoned: '+str(list(self.owner.errors)))
                                              ^^^^^^^^^^^^^^^^^^^^^^^^^^^^^^^^^^^^^^^^^^^^^^^^^^^^^^^^^^^^^^^^^^^^^^^^^^^^^^^
RuntimeError: S1 helper session poisoned: [{'error_class': 'ValueError', 'message': 'owned dispatch/plan/status binding', 'phase': 'startup'}]
timing_or_cleanup_check_0: AssertionError: False is not true : {'scenario': 'L23', 'mode': 'reap_failure', 'constructor_entry': 7801.554167983, 'action_cutoff': 7803.554167983, 'safety_cutoff': 7804.554167983, 'constructor_end': 7801.573889145, 't0': 7801.554185309, 'ready_deadline': 7802.554185309, 'setup_deadline': 7803.554185309, 'setup_cleanup_deadline': 7804.554185309, 'action_end': 7801.590147509, 'end': 7801.628587605, 'execution_seconds': 0.03597952600011922, 'cleanup_seconds': 0.038440095999249024, 'cleanup_confirmed': False, 'records': {'work': {'role': 'work', 'state': 'spawning', 'pid': None}, 'sample': {'role': 'sample', 'state': 'pending', 'pid': None}}, 'errors': [{'error_class': 'ValueError', 'message': 'owned dispatch/plan/status binding', 'phase': 'startup'}], 'signals': [], 'ticks': [7801.554185309, 7801.573894245, 7801.585061078, 7801.590131939], 'events': [{'event': 'fixture_spawn_entry', 'role': 'work', 'observed': 7801.562076793, 'ready_deadline': 7802.554185309}], 'trace_facts': {'capacity': 256, 'total': 1, 'dropped': 0, 'saturated': False, 'first': 7801.562077484, 'last': 7801.562077484}, 'tick_facts': {'capacity': 128, 'total': 4, 'dropped': 0, 'saturated': False, 'first': 7801.55418922, 'last': 7801.590132158}, 'owner_error_facts': {'capacity': 32, 'total': 1, 'dropped': 0, 'saturated': False, 'first': 7801.589725391, 'last': 7801.589725391}, 'owner_signal_facts': {'capacity': 128, 'total': 0, 'dropped': 0, 'saturated': False, 'first': None, 'last': None}, 'request_counts': {'work': {'dispatch': 0, 'response': 0}, 'sample': {'dispatch': 0, 'response': 0}}, 'census_request_count': 0, 'max_gap': 0.01970893599991541, 'max_turn': 1.5968999832693953e-05, 'call_observations': [{'operation': 'tick', 'entered': 7801.573893761, 'deadline': 7802.554185309, 'returned': 7801.573910883, 'confirmed': None, 'error': None, 'ready_before': [], 'ready_after': []}, {'operation': 'tick', 'entered': 7801.585060006, 'deadline': 7802.554185309, 'returned': 7801.585075938, 'confirmed': None, 'error': None, 'ready_before': [], 'ready_after': []}, {'ope

======================================================================
ERROR: test_l24_summary_reference_adapter (test_vipe_benchmark_supervisor.HelperSessionTests.test_l24_summary_reference_adapter)
----------------------------------------------------------------------
Traceback (most recent call last):
  File "/home/auss/git_repos/samaust/Experiments_4DGS/tests/test_vipe_benchmark_supervisor.py", line 1463, in test_l24_summary_reference_adapter
    session.await_ready()
    ~~~~~~~~~~~~~~~~~~~^^
  File "/home/auss/git_repos/samaust/Experiments_4DGS/tests/test_vipe_benchmark_supervisor.py", line 1165, in observed
    result=operation(*args,**kwargs);return result
  File "/home/auss/git_repos/samaust/Experiments_4DGS/scripts/vipe_benchmark/s1_helper_session.py", line 2378, in await_ready
    self.tick(end); time.sleep(min(.005,max(0.,end-time.monotonic())))
    ~~~~~~~~~^^^^^
  File "/home/auss/git_repos/samaust/Experiments_4DGS/tests/test_vipe_benchmark_supervisor.py", line 1165, in observed
    result=operation(*args,**kwargs);return result
  File "/home/auss/git_repos/samaust/Experiments_4DGS/scripts/vipe_benchmark/s1_helper_session.py", line 2293, in tick
    if self.owner.cancelled or self.poisoned: raise RuntimeError('S1 helper session poisoned: '+str(list(self.owner.errors)))
                                              ^^^^^^^^^^^^^^^^^^^^^^^^^^^^^^^^^^^^^^^^^^^^^^^^^^^^^^^^^^^^^^^^^^^^^^^^^^^^^^^
RuntimeError: S1 helper session poisoned: [{'error_class': 'ValueError', 'message': 'owned dispatch/plan/status binding', 'phase': 'startup'}]
timing_or_cleanup_check_0: AssertionError: False is not true : {'scenario': 'L24', 'mode': 'artifact', 'constructor_entry': 7802.347067532, 'action_cutoff': 7804.347067532, 'safety_cutoff': 7805.347067532, 'constructor_end': 7802.368219184, 't0': 7802.347088252, 'ready_deadline': 7803.347088252, 'setup_deadline': 7804.347088252, 'setup_cleanup_deadline': 7805.347088252, 'action_end': 7802.384795872, 'end': 7802.429770963, 'execution_seconds': 0.03772833999937575, 'cleanup_seconds': 0.0449750910001967, 'cleanup_confirmed': False, 'records': {'work': {'role': 'work', 'state': 'spawning', 'pid': None}, 'sample': {'role': 'sample', 'state': 'pending', 'pid': None}}, 'errors': [{'error_class': 'ValueError', 'message': 'owned dispatch/plan/status binding', 'phase': 'startup'}], 'signals': [], 'ticks': [7802.347088252, 7802.36822493, 7802.379710689, 7802.384782887], 'events': [{'event': 'fixture_spawn_entry', 'role': 'work', 'observed': 7802.355517746, 'ready_deadline': 7803.347088252}], 'trace_facts': {'capacity': 256, 'total': 1, 'dropped': 0, 'saturated': False, 'first': 7802.355519556, 'last': 7802.355519556}, 'tick_facts': {'capacity': 128, 'total': 4, 'dropped': 0, 'saturated': False, 'first': 7802.347093568, 'last': 7802.384783131}, 'owner_error_facts': {'capacity': 32, 'total': 1, 'dropped': 0, 'saturated': False, 'first': 7802.3845639, 'last': 7802.3845639}, 'owner_signal_facts': {'capacity': 128, 'total': 0, 'dropped': 0, 'saturated': False, 'first': None, 'last': None}, 'request_counts': {'work': {'dispatch': 0, 'response': 0}, 'sample': {'dispatch': 0, 'response': 0}}, 'census_request_count': 0, 'max_gap': 0.021136678000402753, 'max_turn': 1.814700044633355e-05, 'call_observations': [{'operation': 'tick', 'entered': 7802.368224305, 'deadline': 7803.347088252, 'returned': 7802.368243792, 'confirmed': None, 'error': None, 'ready_before': [], 'ready_after': []}, {'operation': 'tick', 'entered': 7802.379709347, 'deadline': 7803.347088252, 'returned': 7802.379726806, 'confirmed': None, 'error': None, 'ready_before': [], 'ready_after': []}, {'operation': '

======================================================================
ERROR: test_l25_delayed_actual_reserve (test_vipe_benchmark_supervisor.HelperSessionTests.test_l25_delayed_actual_reserve)
----------------------------------------------------------------------
Traceback (most recent call last):
  File "/home/auss/git_repos/samaust/Experiments_4DGS/scripts/vipe_benchmark/supervisor.py", line 283, in monitored_call
    session.await_ready()
    ~~~~~~~~~~~~~~~~~~~^^
  File "/home/auss/git_repos/samaust/Experiments_4DGS/tests/test_vipe_benchmark_supervisor.py", line 1165, in observed
    result=operation(*args,**kwargs);return result
  File "/home/auss/git_repos/samaust/Experiments_4DGS/scripts/vipe_benchmark/s1_helper_session.py", line 2378, in await_ready
    self.tick(end); time.sleep(min(.005,max(0.,end-time.monotonic())))
    ~~~~~~~~~^^^^^
  File "/home/auss/git_repos/samaust/Experiments_4DGS/tests/test_vipe_benchmark_supervisor.py", line 1165, in observed
    result=operation(*args,**kwargs);return result
  File "/home/auss/git_repos/samaust/Experiments_4DGS/scripts/vipe_benchmark/s1_helper_session.py", line 2293, in tick
    if self.owner.cancelled or self.poisoned: raise RuntimeError('S1 helper session poisoned: '+str(list(self.owner.errors)))
                                              ^^^^^^^^^^^^^^^^^^^^^^^^^^^^^^^^^^^^^^^^^^^^^^^^^^^^^^^^^^^^^^^^^^^^^^^^^^^^^^^
RuntimeError: S1 helper session poisoned: [{'error_class': 'ValueError', 'message': 'owned dispatch/plan/status binding', 'phase': 'startup'}]

The above exception was the direct cause of the following exception:

Traceback (most recent call last):
  File "/home/auss/git_repos/samaust/Experiments_4DGS/tests/test_vipe_benchmark_supervisor.py", line 1507, in test_l25_delayed_actual_reserve
    def test_l25_delayed_actual_reserve(self): self.admission_rejected('L25',False)
                                               ~~~~~~~~~~~~~~~~~~~~~~~^^^^^^^^^^^^^
  File "/home/auss/git_repos/samaust/Experiments_4DGS/tests/test_vipe_benchmark_supervisor.py", line 1498, in admission_rejected
    sup.supervise(Disposable(),'S1-calibration-recovery-001',['unused'],Path(temp)/'out',evidence={},sample_resources=self.sampler)
    ~~~~~~~~~~~~~^^^^^^^^^^^^^^^^^^^^^^^^^^^^^^^^^^^^^^^^^^^^^^^^^^^^^^^^^^^^^^^^^^^^^^^^^^^^^^^^^^^^^^^^^^^^^^^^^^^^^^^^^^^^^^^^^^
  File "/home/auss/git_repos/samaust/Experiments_4DGS/scripts/vipe_benchmark/supervisor.py", line 368, in supervise
    initial = (monitored_call(sampler, time.monotonic()+2., sampler, ledger.config, peak,
               ~~~~~~~~~~~~~~^^^^^^^^^^^^^^^^^^^^^^^^^^^^^^^^^^^^^^^^^^^^^^^^^^^^^^^^^^^^
                              lifecycle=lifecycle, phase='initial_sample') if is_s1 else sampler())
                              ^^^^^^^^^^^^^^^^^^^^^^^^^^^^^^^^^^^^^^^^^^^^
  File "/home/auss/git_repos/samaust/Experiments_4DGS/scripts/vipe_benchmark/supervisor.py", line 330, in monitored_call
    raise primary from exc
vipe_benchmark.supervisor.HelperFailure: RuntimeError: S1 helper session poisoned: [{'error_class': 'ValueError', 'message': 'owned dispatch/plan/status binding', 'phase': 'startup'}]
HelperCleanupUncertain: helper cleanup not confirmed
pre-reservation helper cleanup not confirmed
timing_or_cleanup_check_0: AssertionError: False is not true : {'scenario': 'L25', 'mode': 'normal', 'constructor_entry': 7802.431330772, 'action_cutoff': 7804.431330772, 'safety_cutoff': 7805.431330772, 'constructor_end': 7802.452882306, 't0': 7802.431349977, 'ready_deadline': 7802.581349976999, 'setup_deadline': 7802.731349977, 'setup_cleanup_deadline': 7802.931349977, 'action_end': 7802.954832491, 'end': 7802.966279471, 'execution_seconds': 0.5235017189997961, 'cleanup_seconds': 0.011446980000073381, 'cleanup_confirmed': False, 'records': {'work': {'role': 'work', 'state': 'spawning', 'pid': None}, 'sample': {'role': 'sample', 'state': 'pending', 'pid': None}}, 'errors': [{'error_class': 'ValueError', 'message': 'owned dispatch/plan/status binding', 'phase': 'startup'}], 'signals': [], 'ticks': [7802.431349977, 7802.454305395, 7802.459393542, 7802.465911189, 7802.470975566], 'events': [{'event': 'fixture_spawn_entry', 'role': 'work', 'observed': 7802.439913871, 'ready_deadline': 7802.581349976999}], 'trace_facts': {'capacity': 256, 'total': 1, 'dropped': 0, 'saturated': False, 'first': 7802.439915109, 'last': 7802.439915109}, 'tick_facts': {'capacity': 128, 'total': 5, 'dropped': 0, 'saturated': False, 'first': 7802.431353684, 'last': 7802.470975754}, 'owner_error_facts': {'capacity': 32, 'total': 1, 'dropped': 0, 'saturated': False, 'first': 7802.470787502, 'last': 7802.470787502}, 'owner_signal_facts': {'capacity': 128, 'total': 0, 'dropped': 0, 'saturated': False, 'first': None, 'last': None}, 'request_counts': {'work': {'dispatch': 0, 'response': 0}, 'sample': {'dispatch': 0, 'response': 0}}, 'census_request_count': 0, 'max_gap': 0.0229554180004925, 'max_turn': 1.6465999578940682e-05, 'call_observations': [{'operation': 'tick', 'entered': 7802.454305009, 'deadline': 7802.581349976999, 'returned': 7802.454322591, 'confirmed': None, 'error': None, 'ready_before': [], 'ready_after': []}, {'operation': 'tick', 'entered': 7802.459392962, 'deadline': 7802.581349976999, 'returned': 7802.459407575, 'confirmed': None, 'error': None, 'ready_before': [], 'rea

======================================================================
ERROR: test_l26_equal_actual_reserve (test_vipe_benchmark_supervisor.HelperSessionTests.test_l26_equal_actual_reserve)
----------------------------------------------------------------------
Traceback (most recent call last):
  File "/home/auss/git_repos/samaust/Experiments_4DGS/scripts/vipe_benchmark/supervisor.py", line 283, in monitored_call
    session.await_ready()
    ~~~~~~~~~~~~~~~~~~~^^
  File "/home/auss/git_repos/samaust/Experiments_4DGS/tests/test_vipe_benchmark_supervisor.py", line 1165, in observed
    result=operation(*args,**kwargs);return result
  File "/home/auss/git_repos/samaust/Experiments_4DGS/scripts/vipe_benchmark/s1_helper_session.py", line 2378, in await_ready
    self.tick(end); time.sleep(min(.005,max(0.,end-time.monotonic())))
    ~~~~~~~~~^^^^^
  File "/home/auss/git_repos/samaust/Experiments_4DGS/tests/test_vipe_benchmark_supervisor.py", line 1165, in observed
    result=operation(*args,**kwargs);return result
  File "/home/auss/git_repos/samaust/Experiments_4DGS/scripts/vipe_benchmark/s1_helper_session.py", line 2293, in tick
    if self.owner.cancelled or self.poisoned: raise RuntimeError('S1 helper session poisoned: '+str(list(self.owner.errors)))
                                              ^^^^^^^^^^^^^^^^^^^^^^^^^^^^^^^^^^^^^^^^^^^^^^^^^^^^^^^^^^^^^^^^^^^^^^^^^^^^^^^
RuntimeError: S1 helper session poisoned: [{'error_class': 'ValueError', 'message': 'owned dispatch/plan/status binding', 'phase': 'startup'}]

The above exception was the direct cause of the following exception:

Traceback (most recent call last):
  File "/home/auss/git_repos/samaust/Experiments_4DGS/tests/test_vipe_benchmark_supervisor.py", line 1508, in test_l26_equal_actual_reserve
    def test_l26_equal_actual_reserve(self): self.admission_rejected('L26',True)
                                             ~~~~~~~~~~~~~~~~~~~~~~~^^^^^^^^^^^^
  File "/home/auss/git_repos/samaust/Experiments_4DGS/tests/test_vipe_benchmark_supervisor.py", line 1498, in admission_rejected
    sup.supervise(Disposable(),'S1-calibration-recovery-001',['unused'],Path(temp)/'out',evidence={},sample_resources=self.sampler)
    ~~~~~~~~~~~~~^^^^^^^^^^^^^^^^^^^^^^^^^^^^^^^^^^^^^^^^^^^^^^^^^^^^^^^^^^^^^^^^^^^^^^^^^^^^^^^^^^^^^^^^^^^^^^^^^^^^^^^^^^^^^^^^^^
  File "/home/auss/git_repos/samaust/Experiments_4DGS/scripts/vipe_benchmark/supervisor.py", line 368, in supervise
    initial = (monitored_call(sampler, time.monotonic()+2., sampler, ledger.config, peak,
               ~~~~~~~~~~~~~~^^^^^^^^^^^^^^^^^^^^^^^^^^^^^^^^^^^^^^^^^^^^^^^^^^^^^^^^^^^^
                              lifecycle=lifecycle, phase='initial_sample') if is_s1 else sampler())
                              ^^^^^^^^^^^^^^^^^^^^^^^^^^^^^^^^^^^^^^^^^^^^
  File "/home/auss/git_repos/samaust/Experiments_4DGS/scripts/vipe_benchmark/supervisor.py", line 330, in monitored_call
    raise primary from exc
vipe_benchmark.supervisor.HelperFailure: RuntimeError: S1 helper session poisoned: [{'error_class': 'ValueError', 'message': 'owned dispatch/plan/status binding', 'phase': 'startup'}]
HelperCleanupUncertain: helper cleanup not confirmed
pre-reservation helper cleanup not confirmed
timing_or_cleanup_check_0: AssertionError: False is not true : {'scenario': 'L26', 'mode': 'normal', 'constructor_entry': 7802.967474113, 'action_cutoff': 7804.967474113, 'safety_cutoff': 7805.967474113, 'constructor_end': 7802.98971042, 't0': 7802.967493249, 'ready_deadline': 7803.117493248999, 'setup_deadline': 7803.267493249, 'setup_cleanup_deadline': 7803.467493249, 'action_end': 7803.491551826, 'end': 7803.503422062, 'execution_seconds': 0.5240777130002243, 'cleanup_seconds': 0.011870235999595025, 'cleanup_confirmed': False, 'records': {'work': {'role': 'work', 'state': 'spawning', 'pid': None}, 'sample': {'role': 'sample', 'state': 'pending', 'pid': None}}, 'errors': [{'error_class': 'ValueError', 'message': 'owned dispatch/plan/status binding', 'phase': 'startup'}], 'signals': [], 'ticks': [7802.967493249, 7802.990876188, 7803.00124587, 7803.006315734], 'events': [{'event': 'fixture_spawn_entry', 'role': 'work', 'observed': 7802.976695972, 'ready_deadline': 7803.117493248999}], 'trace_facts': {'capacity': 256, 'total': 1, 'dropped': 0, 'saturated': False, 'first': 7802.976697227, 'last': 7802.976697227}, 'tick_facts': {'capacity': 128, 'total': 4, 'dropped': 0, 'saturated': False, 'first': 7802.967497521, 'last': 7803.006316066}, 'owner_error_facts': {'capacity': 32, 'total': 1, 'dropped': 0, 'saturated': False, 'first': 7803.006286271, 'last': 7803.006286271}, 'owner_signal_facts': {'capacity': 128, 'total': 0, 'dropped': 0, 'saturated': False, 'first': None, 'last': None}, 'request_counts': {'work': {'dispatch': 0, 'response': 0}, 'sample': {'dispatch': 0, 'response': 0}}, 'census_request_count': 0, 'max_gap': 0.023382938999930047, 'max_turn': 1.5702999917266425e-05, 'call_observations': [{'operation': 'tick', 'entered': 7802.990875664, 'deadline': 7803.117493248999, 'returned': 7802.990892932, 'confirmed': None, 'error': None, 'ready_before': [], 'ready_after': []}, {'operation': 'tick', 'entered': 7803.001245026, 'deadline': 7803.117493248999, 'returned': 7803.001258734, 'confirmed': None, 'error': None, 'ready_before': [], 'ready_after': []}, 

======================================================================
ERROR: test_l27_encoder_early_response (test_vipe_benchmark_supervisor.HelperSessionTests.test_l27_encoder_early_response)
----------------------------------------------------------------------
Traceback (most recent call last):
  File "/home/auss/git_repos/samaust/Experiments_4DGS/tests/test_vipe_benchmark_supervisor.py", line 1536, in test_l27_encoder_early_response
    def test_l27_encoder_early_response(self): self.early_response('L27','early_encoder')
                                               ~~~~~~~~~~~~~~~~~~~^^^^^^^^^^^^^^^^^^^^^^^
  File "/home/auss/git_repos/samaust/Experiments_4DGS/tests/test_vipe_benchmark_supervisor.py", line 1515, in early_response
    session.await_ready(); wire=session.wires['work']
    ~~~~~~~~~~~~~~~~~~~^^
  File "/home/auss/git_repos/samaust/Experiments_4DGS/tests/test_vipe_benchmark_supervisor.py", line 1165, in observed
    result=operation(*args,**kwargs);return result
  File "/home/auss/git_repos/samaust/Experiments_4DGS/scripts/vipe_benchmark/s1_helper_session.py", line 2378, in await_ready
    self.tick(end); time.sleep(min(.005,max(0.,end-time.monotonic())))
    ~~~~~~~~~^^^^^
  File "/home/auss/git_repos/samaust/Experiments_4DGS/tests/test_vipe_benchmark_supervisor.py", line 1165, in observed
    result=operation(*args,**kwargs);return result
  File "/home/auss/git_repos/samaust/Experiments_4DGS/scripts/vipe_benchmark/s1_helper_session.py", line 2293, in tick
    if self.owner.cancelled or self.poisoned: raise RuntimeError('S1 helper session poisoned: '+str(list(self.owner.errors)))
                                              ^^^^^^^^^^^^^^^^^^^^^^^^^^^^^^^^^^^^^^^^^^^^^^^^^^^^^^^^^^^^^^^^^^^^^^^^^^^^^^^
RuntimeError: S1 helper session poisoned: [{'error_class': 'ValueError', 'message': 'owned dispatch/plan/status binding', 'phase': 'startup'}]
timing_or_cleanup_check_0: AssertionError: False is not true : {'scenario': 'L27', 'mode': 'early_encoder', 'constructor_entry': 7803.50471908, 'action_cutoff': 7805.50471908, 'safety_cutoff': 7806.50471908, 'constructor_end': 7803.52742163, 't0': 7803.504736763, 'ready_deadline': 7804.504736763, 'setup_deadline': 7805.504736763, 'setup_cleanup_deadline': 7806.504736763, 'action_end': 7803.548364964, 'end': 7803.591595235, 'execution_seconds': 0.04364588400039793, 'cleanup_seconds': 0.04323027099962928, 'cleanup_confirmed': False, 'records': {'work': {'role': 'work', 'state': 'spawning', 'pid': None}, 'sample': {'role': 'sample', 'state': 'pending', 'pid': None}}, 'errors': [{'error_class': 'ValueError', 'message': 'owned dispatch/plan/status binding', 'phase': 'startup'}], 'signals': [], 'ticks': [7803.504736763, 7803.527426745, 7803.538062557, 7803.543280843, 7803.548351949], 'events': [{'event': 'fixture_spawn_entry', 'role': 'work', 'observed': 7803.514106176, 'ready_deadline': 7804.504736763}], 'trace_facts': {'capacity': 256, 'total': 1, 'dropped': 0, 'saturated': False, 'first': 7803.514106852, 'last': 7803.514106852}, 'tick_facts': {'capacity': 128, 'total': 5, 'dropped': 0, 'saturated': False, 'first': 7803.504740907, 'last': 7803.548352145}, 'owner_error_facts': {'capacity': 32, 'total': 1, 'dropped': 0, 'saturated': False, 'first': 7803.543366346, 'last': 7803.543366346}, 'owner_signal_facts': {'capacity': 128, 'total': 0, 'dropped': 0, 'saturated': False, 'first': None, 'last': None}, 'request_counts': {'work': {'dispatch': 0, 'response': 0}, 'sample': {'dispatch': 0, 'response': 0}}, 'census_request_count': 0, 'max_gap': 0.022689981999974407, 'max_turn': 2.1089000256324653e-05, 'call_observations': [{'operation': 'tick', 'entered': 7803.527426117, 'deadline': 7804.504736763, 'returned': 7803.527443873, 'confirmed': None, 'error': None, 'ready_before': [], 'ready_after': []}, {'operation': 'tick', 'entered': 7803.538060208, 'deadline': 7804.504736763, 'returned': 7803.538084392, 'confirmed': None, 'error': None, 'ready_before': [], 'ready_afte

======================================================================
ERROR: test_l28_partial_early_response (test_vipe_benchmark_supervisor.HelperSessionTests.test_l28_partial_early_response)
----------------------------------------------------------------------
Traceback (most recent call last):
  File "/home/auss/git_repos/samaust/Experiments_4DGS/tests/test_vipe_benchmark_supervisor.py", line 1537, in test_l28_partial_early_response
    def test_l28_partial_early_response(self): self.early_response('L28','early_partial')
                                               ~~~~~~~~~~~~~~~~~~~^^^^^^^^^^^^^^^^^^^^^^^
  File "/home/auss/git_repos/samaust/Experiments_4DGS/tests/test_vipe_benchmark_supervisor.py", line 1515, in early_response
    session.await_ready(); wire=session.wires['work']
    ~~~~~~~~~~~~~~~~~~~^^
  File "/home/auss/git_repos/samaust/Experiments_4DGS/tests/test_vipe_benchmark_supervisor.py", line 1165, in observed
    result=operation(*args,**kwargs);return result
  File "/home/auss/git_repos/samaust/Experiments_4DGS/scripts/vipe_benchmark/s1_helper_session.py", line 2378, in await_ready
    self.tick(end); time.sleep(min(.005,max(0.,end-time.monotonic())))
    ~~~~~~~~~^^^^^
  File "/home/auss/git_repos/samaust/Experiments_4DGS/tests/test_vipe_benchmark_supervisor.py", line 1165, in observed
    result=operation(*args,**kwargs);return result
  File "/home/auss/git_repos/samaust/Experiments_4DGS/scripts/vipe_benchmark/s1_helper_session.py", line 2293, in tick
    if self.owner.cancelled or self.poisoned: raise RuntimeError('S1 helper session poisoned: '+str(list(self.owner.errors)))
                                              ^^^^^^^^^^^^^^^^^^^^^^^^^^^^^^^^^^^^^^^^^^^^^^^^^^^^^^^^^^^^^^^^^^^^^^^^^^^^^^^
RuntimeError: S1 helper session poisoned: [{'error_class': 'ValueError', 'message': 'owned dispatch/plan/status binding', 'phase': 'startup'}]
timing_or_cleanup_check_0: AssertionError: False is not true : {'scenario': 'L28', 'mode': 'early_partial', 'constructor_entry': 7803.592677066, 'action_cutoff': 7805.592677066, 'safety_cutoff': 7806.592677066, 'constructor_end': 7803.615704799, 't0': 7803.592695023, 'ready_deadline': 7804.592695023, 'setup_deadline': 7805.592695023, 'setup_cleanup_deadline': 7806.592695023, 'action_end': 7803.636244983, 'end': 7803.681051144, 'execution_seconds': 0.043567917000473244, 'cleanup_seconds': 0.044806160999542044, 'cleanup_confirmed': False, 'records': {'work': {'role': 'work', 'state': 'spawning', 'pid': None}, 'sample': {'role': 'sample', 'state': 'pending', 'pid': None}}, 'errors': [{'error_class': 'ValueError', 'message': 'owned dispatch/plan/status binding', 'phase': 'startup'}], 'signals': [], 'ticks': [7803.592695023, 7803.615710288, 7803.625905959, 7803.631143611, 7803.636231434], 'events': [{'event': 'fixture_spawn_entry', 'role': 'work', 'observed': 7803.601863004, 'ready_deadline': 7804.592695023}], 'trace_facts': {'capacity': 256, 'total': 1, 'dropped': 0, 'saturated': False, 'first': 7803.601864152, 'last': 7803.601864152}, 'tick_facts': {'capacity': 128, 'total': 5, 'dropped': 0, 'saturated': False, 'first': 7803.592698693, 'last': 7803.636231696}, 'owner_error_facts': {'capacity': 32, 'total': 1, 'dropped': 0, 'saturated': False, 'first': 7803.631185989, 'last': 7803.631185989}, 'owner_signal_facts': {'capacity': 128, 'total': 0, 'dropped': 0, 'saturated': False, 'first': None, 'last': None}, 'request_counts': {'work': {'dispatch': 0, 'response': 0}, 'sample': {'dispatch': 0, 'response': 0}}, 'census_request_count': 0, 'max_gap': 0.02301526500014006, 'max_turn': 2.1641999410348944e-05, 'call_observations': [{'operation': 'tick', 'entered': 7803.615709625, 'deadline': 7804.592695023, 'returned': 7803.615727952, 'confirmed': None, 'error': None, 'ready_before': [], 'ready_after': []}, {'operation': 'tick', 'entered': 7803.625903794, 'deadline': 7804.592695023, 'returned': 7803.625928482, 'confirmed': None, 'error': None, 'ready_before': [], 'ready

======================================================================
ERROR: test_l29_readable_sample_equality (test_vipe_benchmark_supervisor.HelperSessionTests.test_l29_readable_sample_equality)
----------------------------------------------------------------------
Traceback (most recent call last):
  File "/home/auss/git_repos/samaust/Experiments_4DGS/tests/test_vipe_benchmark_supervisor.py", line 1566, in test_l29_readable_sample_equality
    def test_l29_readable_sample_equality(self): self.readable_equal('L29',1.2)
                                                 ~~~~~~~~~~~~~~~~~~~^^^^^^^^^^^
  File "/home/auss/git_repos/samaust/Experiments_4DGS/tests/test_vipe_benchmark_supervisor.py", line 1541, in readable_equal
    session.await_ready()
    ~~~~~~~~~~~~~~~~~~~^^
  File "/home/auss/git_repos/samaust/Experiments_4DGS/tests/test_vipe_benchmark_supervisor.py", line 1165, in observed
    result=operation(*args,**kwargs);return result
  File "/home/auss/git_repos/samaust/Experiments_4DGS/scripts/vipe_benchmark/s1_helper_session.py", line 2378, in await_ready
    self.tick(end); time.sleep(min(.005,max(0.,end-time.monotonic())))
    ~~~~~~~~~^^^^^
  File "/home/auss/git_repos/samaust/Experiments_4DGS/tests/test_vipe_benchmark_supervisor.py", line 1165, in observed
    result=operation(*args,**kwargs);return result
  File "/home/auss/git_repos/samaust/Experiments_4DGS/scripts/vipe_benchmark/s1_helper_session.py", line 2293, in tick
    if self.owner.cancelled or self.poisoned: raise RuntimeError('S1 helper session poisoned: '+str(list(self.owner.errors)))
                                              ^^^^^^^^^^^^^^^^^^^^^^^^^^^^^^^^^^^^^^^^^^^^^^^^^^^^^^^^^^^^^^^^^^^^^^^^^^^^^^^
RuntimeError: S1 helper session poisoned: [{'error_class': 'ValueError', 'message': 'owned dispatch/plan/status binding', 'phase': 'startup'}]
timing_or_cleanup_check_0: AssertionError: False is not true : {'scenario': 'L29', 'mode': 'normal', 'constructor_entry': 7803.682006576, 'action_cutoff': 7805.682006576, 'safety_cutoff': 7806.682006576, 'constructor_end': 7803.705994517, 't0': 7803.682025364, 'ready_deadline': 7804.682025364, 'setup_deadline': 7805.682025364, 'setup_cleanup_deadline': 7806.682025364, 'action_end': 7803.727179999, 'end': 7803.773105732, 'execution_seconds': 0.045173423000051116, 'cleanup_seconds': 0.0459257329994216, 'cleanup_confirmed': False, 'records': {'work': {'role': 'work', 'state': 'spawning', 'pid': None}, 'sample': {'role': 'sample', 'state': 'pending', 'pid': None}}, 'errors': [{'error_class': 'ValueError', 'message': 'owned dispatch/plan/status binding', 'phase': 'startup'}], 'signals': [], 'ticks': [7803.682025364, 7803.705999869, 7803.716618048, 7803.722036684, 7803.72716423], 'events': [{'event': 'fixture_spawn_entry', 'role': 'work', 'observed': 7803.691645309, 'ready_deadline': 7804.682025364}], 'trace_facts': {'capacity': 256, 'total': 1, 'dropped': 0, 'saturated': False, 'first': 7803.691646473, 'last': 7803.691646473}, 'tick_facts': {'capacity': 128, 'total': 5, 'dropped': 0, 'saturated': False, 'first': 7803.68202915, 'last': 7803.727164704}, 'owner_error_facts': {'capacity': 32, 'total': 1, 'dropped': 0, 'saturated': False, 'first': 7803.722133644, 'last': 7803.722133644}, 'owner_signal_facts': {'capacity': 128, 'total': 0, 'dropped': 0, 'saturated': False, 'first': None, 'last': None}, 'request_counts': {'work': {'dispatch': 0, 'response': 0}, 'sample': {'dispatch': 0, 'response': 0}}, 'census_request_count': 0, 'max_gap': 0.02397450500029663, 'max_turn': 1.9830999917758163e-05, 'call_observations': [{'operation': 'tick', 'entered': 7803.705999269, 'deadline': 7804.682025364, 'returned': 7803.706020409, 'confirmed': None, 'error': None, 'ready_before': [], 'ready_after': []}, {'operation': 'tick', 'entered': 7803.716616055, 'deadline': 7804.682025364, 'returned': 7803.716638493, 'confirmed': None, 'error': None, 'ready_before': [], 'ready_after': []

======================================================================
ERROR: test_l30_readable_phase_equality (test_vipe_benchmark_supervisor.HelperSessionTests.test_l30_readable_phase_equality)
----------------------------------------------------------------------
Traceback (most recent call last):
  File "/home/auss/git_repos/samaust/Experiments_4DGS/tests/test_vipe_benchmark_supervisor.py", line 1567, in test_l30_readable_phase_equality
    def test_l30_readable_phase_equality(self): self.readable_equal('L30',.2)
                                                ~~~~~~~~~~~~~~~~~~~^^^^^^^^^^
  File "/home/auss/git_repos/samaust/Experiments_4DGS/tests/test_vipe_benchmark_supervisor.py", line 1541, in readable_equal
    session.await_ready()
    ~~~~~~~~~~~~~~~~~~~^^
  File "/home/auss/git_repos/samaust/Experiments_4DGS/tests/test_vipe_benchmark_supervisor.py", line 1165, in observed
    result=operation(*args,**kwargs);return result
  File "/home/auss/git_repos/samaust/Experiments_4DGS/scripts/vipe_benchmark/s1_helper_session.py", line 2378, in await_ready
    self.tick(end); time.sleep(min(.005,max(0.,end-time.monotonic())))
    ~~~~~~~~~^^^^^
  File "/home/auss/git_repos/samaust/Experiments_4DGS/tests/test_vipe_benchmark_supervisor.py", line 1165, in observed
    result=operation(*args,**kwargs);return result
  File "/home/auss/git_repos/samaust/Experiments_4DGS/scripts/vipe_benchmark/s1_helper_session.py", line 2293, in tick
    if self.owner.cancelled or self.poisoned: raise RuntimeError('S1 helper session poisoned: '+str(list(self.owner.errors)))
                                              ^^^^^^^^^^^^^^^^^^^^^^^^^^^^^^^^^^^^^^^^^^^^^^^^^^^^^^^^^^^^^^^^^^^^^^^^^^^^^^^
RuntimeError: S1 helper session poisoned: [{'error_class': 'ValueError', 'message': 'owned dispatch/plan/status binding', 'phase': 'startup'}]
timing_or_cleanup_check_0: AssertionError: False is not true : {'scenario': 'L30', 'mode': 'normal', 'constructor_entry': 7803.773849395, 'action_cutoff': 7805.773849395, 'safety_cutoff': 7806.773849395, 'constructor_end': 7803.798679237, 't0': 7803.773868346, 'ready_deadline': 7804.773868346, 'setup_deadline': 7805.773868346, 'setup_cleanup_deadline': 7806.773868346, 'action_end': 7803.820098861, 'end': 7803.867750135, 'execution_seconds': 0.04624946599960822, 'cleanup_seconds': 0.0476512740006001, 'cleanup_confirmed': False, 'records': {'work': {'role': 'work', 'state': 'spawning', 'pid': None}, 'sample': {'role': 'sample', 'state': 'pending', 'pid': None}}, 'errors': [{'error_class': 'ValueError', 'message': 'owned dispatch/plan/status binding', 'phase': 'startup'}], 'signals': [], 'ticks': [7803.773868346, 7803.798684569, 7803.809527133, 7803.814936281, 7803.820083064], 'events': [{'event': 'fixture_spawn_entry', 'role': 'work', 'observed': 7803.783710377, 'ready_deadline': 7804.773868346}], 'trace_facts': {'capacity': 256, 'total': 1, 'dropped': 0, 'saturated': False, 'first': 7803.783711486, 'last': 7803.783711486}, 'tick_facts': {'capacity': 128, 'total': 5, 'dropped': 0, 'saturated': False, 'first': 7803.773872147, 'last': 7803.820083589}, 'owner_error_facts': {'capacity': 32, 'total': 1, 'dropped': 0, 'saturated': False, 'first': 7803.81527231, 'last': 7803.81527231}, 'owner_signal_facts': {'capacity': 128, 'total': 0, 'dropped': 0, 'saturated': False, 'first': None, 'last': None}, 'request_counts': {'work': {'dispatch': 0, 'response': 0}, 'sample': {'dispatch': 0, 'response': 0}}, 'census_request_count': 0, 'max_gap': 0.02481622300001618, 'max_turn': 3.7027999496785924e-05, 'call_observations': [{'operation': 'tick', 'entered': 7803.798683998, 'deadline': 7804.773868346, 'returned': 7803.798703524, 'confirmed': None, 'error': None, 'ready_before': [], 'ready_after': []}, {'operation': 'tick', 'entered': 7803.80952512, 'deadline': 7804.773868346, 'returned': 7803.809564925, 'confirmed': None, 'error': None, 'ready_before': [], 'ready_after': []},

======================================================================
ERROR: test_l31_live_worker_bracket_and_foreign (test_vipe_benchmark_supervisor.HelperSessionTests.test_l31_live_worker_bracket_and_foreign)
----------------------------------------------------------------------
Traceback (most recent call last):
  File "/home/auss/git_repos/samaust/Experiments_4DGS/tests/test_vipe_benchmark_supervisor.py", line 1598, in test_l31_live_worker_bracket_and_foreign
    session.await_ready()
    ~~~~~~~~~~~~~~~~~~~^^
  File "/home/auss/git_repos/samaust/Experiments_4DGS/tests/test_vipe_benchmark_supervisor.py", line 1165, in observed
    result=operation(*args,**kwargs);return result
  File "/home/auss/git_repos/samaust/Experiments_4DGS/scripts/vipe_benchmark/s1_helper_session.py", line 2378, in await_ready
    self.tick(end); time.sleep(min(.005,max(0.,end-time.monotonic())))
    ~~~~~~~~~^^^^^
  File "/home/auss/git_repos/samaust/Experiments_4DGS/tests/test_vipe_benchmark_supervisor.py", line 1165, in observed
    result=operation(*args,**kwargs);return result
  File "/home/auss/git_repos/samaust/Experiments_4DGS/scripts/vipe_benchmark/s1_helper_session.py", line 2293, in tick
    if self.owner.cancelled or self.poisoned: raise RuntimeError('S1 helper session poisoned: '+str(list(self.owner.errors)))
                                              ^^^^^^^^^^^^^^^^^^^^^^^^^^^^^^^^^^^^^^^^^^^^^^^^^^^^^^^^^^^^^^^^^^^^^^^^^^^^^^^
RuntimeError: S1 helper session poisoned: [{'error_class': 'ValueError', 'message': 'owned dispatch/plan/status binding', 'phase': 'startup'}]
timing_or_cleanup_check_0: AssertionError: False is not true : {'scenario': 'L31', 'mode': 'normal', 'constructor_entry': 7803.868509592, 'action_cutoff': 7805.868509592, 'safety_cutoff': 7806.868509592, 'constructor_end': 7803.894235674, 't0': 7803.868528023, 'ready_deadline': 7804.868528023, 'setup_deadline': 7805.868528023, 'setup_cleanup_deadline': 7806.868528023, 'action_end': 7803.915377724, 'end': 7803.963319864, 'execution_seconds': 0.046868131999872276, 'cleanup_seconds': 0.04794214000048669, 'cleanup_confirmed': False, 'records': {'work': {'role': 'work', 'state': 'spawning', 'pid': None}, 'sample': {'role': 'sample', 'state': 'pending', 'pid': None}}, 'errors': [{'error_class': 'ValueError', 'message': 'owned dispatch/plan/status binding', 'phase': 'startup'}], 'signals': [], 'ticks': [7803.868528023, 7803.894241383, 7803.904797417, 7803.909988363, 7803.915365833], 'events': [{'event': 'fixture_spawn_entry', 'role': 'work', 'observed': 7803.87890085, 'ready_deadline': 7804.868528023}], 'trace_facts': {'capacity': 256, 'total': 1, 'dropped': 0, 'saturated': False, 'first': 7803.878901933, 'last': 7803.878901933}, 'tick_facts': {'capacity': 128, 'total': 5, 'dropped': 0, 'saturated': False, 'first': 7803.868531654, 'last': 7803.915366006}, 'owner_error_facts': {'capacity': 32, 'total': 1, 'dropped': 0, 'saturated': False, 'first': 7803.910646931, 'last': 7803.910646931}, 'owner_signal_facts': {'capacity': 128, 'total': 0, 'dropped': 0, 'saturated': False, 'first': None, 'last': None}, 'request_counts': {'work': {'dispatch': 0, 'response': 0}, 'sample': {'dispatch': 0, 'response': 0}}, 'census_request_count': 0, 'max_gap': 0.025713359999826935, 'max_turn': 0.0003211030007150839, 'call_observations': [{'operation': 'tick', 'entered': 7803.89424076, 'deadline': 7804.868528023, 'returned': 7803.894259624, 'confirmed': None, 'error': None, 'ready_before': [], 'ready_after': []}, {'operation': 'tick', 'entered': 7803.904795259, 'deadline': 7804.868528023, 'returned': 7803.904818101, 'confirmed': None, 'error': None, 'ready_before': [], 'ready_after': [

======================================================================
ERROR: test_l32_unreaped_worker_pin (test_vipe_benchmark_supervisor.HelperSessionTests.test_l32_unreaped_worker_pin)
----------------------------------------------------------------------
Traceback (most recent call last):
  File "/home/auss/git_repos/samaust/Experiments_4DGS/tests/test_vipe_benchmark_supervisor.py", line 1613, in test_l32_unreaped_worker_pin
    session.await_ready()
    ~~~~~~~~~~~~~~~~~~~^^
  File "/home/auss/git_repos/samaust/Experiments_4DGS/tests/test_vipe_benchmark_supervisor.py", line 1165, in observed
    result=operation(*args,**kwargs);return result
  File "/home/auss/git_repos/samaust/Experiments_4DGS/scripts/vipe_benchmark/s1_helper_session.py", line 2378, in await_ready
    self.tick(end); time.sleep(min(.005,max(0.,end-time.monotonic())))
    ~~~~~~~~~^^^^^
  File "/home/auss/git_repos/samaust/Experiments_4DGS/tests/test_vipe_benchmark_supervisor.py", line 1165, in observed
    result=operation(*args,**kwargs);return result
  File "/home/auss/git_repos/samaust/Experiments_4DGS/scripts/vipe_benchmark/s1_helper_session.py", line 2293, in tick
    if self.owner.cancelled or self.poisoned: raise RuntimeError('S1 helper session poisoned: '+str(list(self.owner.errors)))
                                              ^^^^^^^^^^^^^^^^^^^^^^^^^^^^^^^^^^^^^^^^^^^^^^^^^^^^^^^^^^^^^^^^^^^^^^^^^^^^^^^
RuntimeError: S1 helper session poisoned: [{'error_class': 'ValueError', 'message': 'owned dispatch/plan/status binding', 'phase': 'startup'}]
timing_or_cleanup_check_0: AssertionError: False is not true : {'scenario': 'L32', 'mode': 'normal', 'constructor_entry': 7803.964057305, 'action_cutoff': 7805.964057305, 'safety_cutoff': 7806.964057305, 'constructor_end': 7803.990142197, 't0': 7803.964076637, 'ready_deadline': 7804.964076637, 'setup_deadline': 7805.964076637, 'setup_cleanup_deadline': 7806.964076637, 'action_end': 7804.011053171, 'end': 7804.061189977, 'execution_seconds': 0.04699586599963368, 'cleanup_seconds': 0.050136806000409706, 'cleanup_confirmed': False, 'records': {'work': {'role': 'work', 'state': 'spawning', 'pid': None}, 'sample': {'role': 'sample', 'state': 'pending', 'pid': None}}, 'errors': [{'error_class': 'ValueError', 'message': 'owned dispatch/plan/status binding', 'phase': 'startup'}], 'signals': [], 'ticks': [7803.964076637, 7803.990147608, 7804.000403913, 7804.005664381, 7804.011041769], 'events': [{'event': 'fixture_spawn_entry', 'role': 'work', 'observed': 7803.974464498, 'ready_deadline': 7804.964076637}], 'trace_facts': {'capacity': 256, 'total': 1, 'dropped': 0, 'saturated': False, 'first': 7803.974465652, 'last': 7803.974465652}, 'tick_facts': {'capacity': 128, 'total': 5, 'dropped': 0, 'saturated': False, 'first': 7803.964080494, 'last': 7804.011041951}, 'owner_error_facts': {'capacity': 32, 'total': 1, 'dropped': 0, 'saturated': False, 'first': 7804.006324192, 'last': 7804.006324192}, 'owner_signal_facts': {'capacity': 128, 'total': 0, 'dropped': 0, 'saturated': False, 'first': None, 'last': None}, 'request_counts': {'work': {'dispatch': 0, 'response': 0}, 'sample': {'dispatch': 0, 'response': 0}}, 'census_request_count': 0, 'max_gap': 0.026070971000081045, 'max_turn': 0.000319994999699702, 'call_observations': [{'operation': 'tick', 'entered': 7803.990146983, 'deadline': 7804.964076637, 'returned': 7803.99016422, 'confirmed': None, 'error': None, 'ready_before': [], 'ready_after': []}, {'operation': 'tick', 'entered': 7804.000401123, 'deadline': 7804.964076637, 'returned': 7804.000425341, 'confirmed': None, 'error': None, 'ready_before': [], 'ready_after': [

======================================================================
ERROR: test_l33_blocked_census_refuses_stale (test_vipe_benchmark_supervisor.HelperSessionTests.test_l33_blocked_census_refuses_stale)
----------------------------------------------------------------------
Traceback (most recent call last):
  File "/home/auss/git_repos/samaust/Experiments_4DGS/tests/test_vipe_benchmark_supervisor.py", line 1626, in test_l33_blocked_census_refuses_stale
    session.await_ready()
    ~~~~~~~~~~~~~~~~~~~^^
  File "/home/auss/git_repos/samaust/Experiments_4DGS/tests/test_vipe_benchmark_supervisor.py", line 1165, in observed
    result=operation(*args,**kwargs);return result
  File "/home/auss/git_repos/samaust/Experiments_4DGS/scripts/vipe_benchmark/s1_helper_session.py", line 2378, in await_ready
    self.tick(end); time.sleep(min(.005,max(0.,end-time.monotonic())))
    ~~~~~~~~~^^^^^
  File "/home/auss/git_repos/samaust/Experiments_4DGS/tests/test_vipe_benchmark_supervisor.py", line 1165, in observed
    result=operation(*args,**kwargs);return result
  File "/home/auss/git_repos/samaust/Experiments_4DGS/scripts/vipe_benchmark/s1_helper_session.py", line 2293, in tick
    if self.owner.cancelled or self.poisoned: raise RuntimeError('S1 helper session poisoned: '+str(list(self.owner.errors)))
                                              ^^^^^^^^^^^^^^^^^^^^^^^^^^^^^^^^^^^^^^^^^^^^^^^^^^^^^^^^^^^^^^^^^^^^^^^^^^^^^^^
RuntimeError: S1 helper session poisoned: [{'error_class': 'ValueError', 'message': 'owned dispatch/plan/status binding', 'phase': 'startup'}]
timing_or_cleanup_check_0: AssertionError: False is not true : {'scenario': 'L33', 'mode': 'census_block', 'constructor_entry': 7804.061867583, 'action_cutoff': 7806.061867583, 'safety_cutoff': 7807.061867583, 'constructor_end': 7804.088502829, 't0': 7804.061885267, 'ready_deadline': 7805.061885267, 'setup_deadline': 7806.061885267, 'setup_cleanup_deadline': 7807.061885267, 'action_end': 7804.110491684, 'end': 7804.160985926, 'execution_seconds': 0.04862410100031411, 'cleanup_seconds': 0.05049424199933128, 'cleanup_confirmed': False, 'records': {'work': {'role': 'work', 'state': 'spawning', 'pid': None}, 'sample': {'role': 'sample', 'state': 'pending', 'pid': None}}, 'errors': [{'error_class': 'ValueError', 'message': 'owned dispatch/plan/status binding', 'phase': 'startup'}], 'signals': [], 'ticks': [7804.061885267, 7804.088508124, 7804.099600893, 7804.105356802, 7804.110474755], 'events': [{'event': 'fixture_spawn_entry', 'role': 'work', 'observed': 7804.072834304, 'ready_deadline': 7805.061885267}], 'trace_facts': {'capacity': 256, 'total': 1, 'dropped': 0, 'saturated': False, 'first': 7804.072835374, 'last': 7804.072835374}, 'tick_facts': {'capacity': 128, 'total': 5, 'dropped': 0, 'saturated': False, 'first': 7804.061889454, 'last': 7804.110475227}, 'owner_error_facts': {'capacity': 32, 'total': 1, 'dropped': 0, 'saturated': False, 'first': 7804.105671741, 'last': 7804.105671741}, 'owner_signal_facts': {'capacity': 128, 'total': 0, 'dropped': 0, 'saturated': False, 'first': None, 'last': None}, 'request_counts': {'work': {'dispatch': 0, 'response': 0}, 'sample': {'dispatch': 0, 'response': 0}}, 'census_request_count': 0, 'max_gap': 0.026622856999892974, 'max_turn': 3.703900074469857e-05, 'call_observations': [{'operation': 'tick', 'entered': 7804.088507544, 'deadline': 7805.061885267, 'returned': 7804.088525668, 'confirmed': None, 'error': None, 'ready_before': [], 'ready_after': []}, {'operation': 'tick', 'entered': 7804.099598016, 'deadline': 7805.061885267, 'returned': 7804.099638653, 'confirmed': None, 'error': None, 'ready_before': [], 'ready_af

======================================================================
ERROR: test_l34_enumeration_error_empty_sample (test_vipe_benchmark_supervisor.HelperSessionTests.test_l34_enumeration_error_empty_sample)
----------------------------------------------------------------------
Traceback (most recent call last):
  File "/home/auss/git_repos/samaust/Experiments_4DGS/tests/test_vipe_benchmark_supervisor.py", line 1647, in test_l34_enumeration_error_empty_sample
    session.await_ready();session.owner.armed=True
    ~~~~~~~~~~~~~~~~~~~^^
  File "/home/auss/git_repos/samaust/Experiments_4DGS/tests/test_vipe_benchmark_supervisor.py", line 1165, in observed
    result=operation(*args,**kwargs);return result
  File "/home/auss/git_repos/samaust/Experiments_4DGS/scripts/vipe_benchmark/s1_helper_session.py", line 2378, in await_ready
    self.tick(end); time.sleep(min(.005,max(0.,end-time.monotonic())))
    ~~~~~~~~~^^^^^
  File "/home/auss/git_repos/samaust/Experiments_4DGS/tests/test_vipe_benchmark_supervisor.py", line 1165, in observed
    result=operation(*args,**kwargs);return result
  File "/home/auss/git_repos/samaust/Experiments_4DGS/scripts/vipe_benchmark/s1_helper_session.py", line 2293, in tick
    if self.owner.cancelled or self.poisoned: raise RuntimeError('S1 helper session poisoned: '+str(list(self.owner.errors)))
                                              ^^^^^^^^^^^^^^^^^^^^^^^^^^^^^^^^^^^^^^^^^^^^^^^^^^^^^^^^^^^^^^^^^^^^^^^^^^^^^^^
RuntimeError: S1 helper session poisoned: [{'error_class': 'ValueError', 'message': 'owned dispatch/plan/status binding', 'phase': 'startup'}]
timing_or_cleanup_check_0: AssertionError: False is not true : {'scenario': 'L34', 'mode': 'census_error', 'constructor_entry': 7804.161670118, 'action_cutoff': 7806.161670118, 'safety_cutoff': 7807.161670118, 'constructor_end': 7804.188839846, 't0': 7804.161688432, 'ready_deadline': 7805.161688432, 'setup_deadline': 7806.161688432, 'setup_cleanup_deadline': 7807.161688432, 'action_end': 7804.210751757, 'end': 7804.262566643, 'execution_seconds': 0.04908163900017826, 'cleanup_seconds': 0.05181488600010198, 'cleanup_confirmed': False, 'records': {'work': {'role': 'work', 'state': 'spawning', 'pid': None}, 'sample': {'role': 'sample', 'state': 'pending', 'pid': None}}, 'errors': [{'error_class': 'ValueError', 'message': 'owned dispatch/plan/status binding', 'phase': 'startup'}], 'signals': [], 'ticks': [7804.161688432, 7804.188844951, 7804.199812241, 7804.205348425, 7804.210740049], 'events': [{'event': 'fixture_spawn_entry', 'role': 'work', 'observed': 7804.172567591, 'ready_deadline': 7805.161688432}], 'trace_facts': {'capacity': 256, 'total': 1, 'dropped': 0, 'saturated': False, 'first': 7804.172568727, 'last': 7804.172568727}, 'tick_facts': {'capacity': 128, 'total': 5, 'dropped': 0, 'saturated': False, 'first': 7804.161692046, 'last': 7804.210740196}, 'owner_error_facts': {'capacity': 32, 'total': 1, 'dropped': 0, 'saturated': False, 'first': 7804.20602945, 'last': 7804.20602945}, 'owner_signal_facts': {'capacity': 128, 'total': 0, 'dropped': 0, 'saturated': False, 'first': None, 'last': None}, 'request_counts': {'work': {'dispatch': 0, 'response': 0}, 'sample': {'dispatch': 0, 'response': 0}}, 'census_request_count': 0, 'max_gap': 0.02715651899961813, 'max_turn': 0.0003364080002938863, 'call_observations': [{'operation': 'tick', 'entered': 7804.188844408, 'deadline': 7805.161688432, 'returned': 7804.188862686, 'confirmed': None, 'error': None, 'ready_before': [], 'ready_after': []}, {'operation': 'tick', 'entered': 7804.199810537, 'deadline': 7805.161688432, 'returned': 7804.199827652, 'confirmed': None, 'error': None, 'ready_before': [], 'ready_after

======================================================================
ERROR: test_l35_exited_leader_live_descendant (test_vipe_benchmark_supervisor.HelperSessionTests.test_l35_exited_leader_live_descendant)
----------------------------------------------------------------------
Traceback (most recent call last):
  File "/home/auss/git_repos/samaust/Experiments_4DGS/tests/test_vipe_benchmark_supervisor.py", line 1658, in test_l35_exited_leader_live_descendant
    session.await_ready()
    ~~~~~~~~~~~~~~~~~~~^^
  File "/home/auss/git_repos/samaust/Experiments_4DGS/tests/test_vipe_benchmark_supervisor.py", line 1165, in observed
    result=operation(*args,**kwargs);return result
  File "/home/auss/git_repos/samaust/Experiments_4DGS/scripts/vipe_benchmark/s1_helper_session.py", line 2378, in await_ready
    self.tick(end); time.sleep(min(.005,max(0.,end-time.monotonic())))
    ~~~~~~~~~^^^^^
  File "/home/auss/git_repos/samaust/Experiments_4DGS/tests/test_vipe_benchmark_supervisor.py", line 1165, in observed
    result=operation(*args,**kwargs);return result
  File "/home/auss/git_repos/samaust/Experiments_4DGS/scripts/vipe_benchmark/s1_helper_session.py", line 2293, in tick
    if self.owner.cancelled or self.poisoned: raise RuntimeError('S1 helper session poisoned: '+str(list(self.owner.errors)))
                                              ^^^^^^^^^^^^^^^^^^^^^^^^^^^^^^^^^^^^^^^^^^^^^^^^^^^^^^^^^^^^^^^^^^^^^^^^^^^^^^^
RuntimeError: S1 helper session poisoned: [{'error_class': 'ValueError', 'message': 'owned dispatch/plan/status binding', 'phase': 'startup'}]
timing_or_cleanup_check_0: AssertionError: False is not true : {'scenario': 'L35', 'mode': 'normal', 'constructor_entry': 7804.263262181, 'action_cutoff': 7806.263262181, 'safety_cutoff': 7807.263262181, 'constructor_end': 7804.291302855, 't0': 7804.263279529, 'ready_deadline': 7805.263279529, 'setup_deadline': 7806.263279529, 'setup_cleanup_deadline': 7807.263279529, 'action_end': 7804.31350605, 'end': 7804.367135021, 'execution_seconds': 0.05024386900004174, 'cleanup_seconds': 0.053628970999852754, 'cleanup_confirmed': False, 'records': {'work': {'role': 'work', 'state': 'spawning', 'pid': None}, 'sample': {'role': 'sample', 'state': 'pending', 'pid': None}}, 'errors': [{'error_class': 'ValueError', 'message': 'owned dispatch/plan/status binding', 'phase': 'startup'}], 'signals': [], 'ticks': [7804.263279529, 7804.291360419, 7804.302188134, 7804.308197855, 7804.313320538], 'events': [{'event': 'fixture_spawn_entry', 'role': 'work', 'observed': 7804.274774373, 'ready_deadline': 7805.263279529}], 'trace_facts': {'capacity': 256, 'total': 1, 'dropped': 0, 'saturated': False, 'first': 7804.274775715, 'last': 7804.274775715}, 'tick_facts': {'capacity': 128, 'total': 5, 'dropped': 0, 'saturated': False, 'first': 7804.263283881, 'last': 7804.313321031}, 'owner_error_facts': {'capacity': 32, 'total': 1, 'dropped': 0, 'saturated': False, 'first': 7804.308507234, 'last': 7804.308507234}, 'owner_signal_facts': {'capacity': 128, 'total': 0, 'dropped': 0, 'saturated': False, 'first': None, 'last': None}, 'request_counts': {'work': {'dispatch': 0, 'response': 0}, 'sample': {'dispatch': 0, 'response': 0}}, 'census_request_count': 0, 'max_gap': 0.028080889999728242, 'max_turn': 3.7693999729526695e-05, 'call_observations': [{'operation': 'tick', 'entered': 7804.291359974, 'deadline': 7805.263279529, 'returned': 7804.291390382, 'confirmed': None, 'error': None, 'ready_before': [], 'ready_after': []}, {'operation': 'tick', 'entered': 7804.302185603, 'deadline': 7805.263279529, 'returned': 7804.302226544, 'confirmed': None, 'error': None, 'ready_before': [], 'ready_after':

======================================================================
ERROR: test_progress_p01_worker_deadline (test_vipe_benchmark_supervisor.HelperSessionTests.test_progress_p01_worker_deadline)
----------------------------------------------------------------------
Traceback (most recent call last):
  File "/home/auss/git_repos/samaust/Experiments_4DGS/tests/test_vipe_benchmark_supervisor.py", line 2012, in test_progress_p01_worker_deadline
    def test_progress_p01_worker_deadline(self):self.progress_scenario('P01','progress_worker',supervised=True)
                                                ~~~~~~~~~~~~~~~~~~~~~~^^^^^^^^^^^^^^^^^^^^^^^^^^^^^^^^^^^^^^^^^
  File "/home/auss/git_repos/samaust/Experiments_4DGS/tests/test_vipe_benchmark_supervisor.py", line 1765, in progress_scenario
    session.await_ready()
    ~~~~~~~~~~~~~~~~~~~^^
  File "/home/auss/git_repos/samaust/Experiments_4DGS/tests/test_vipe_benchmark_supervisor.py", line 1165, in observed
    result=operation(*args,**kwargs);return result
  File "/home/auss/git_repos/samaust/Experiments_4DGS/scripts/vipe_benchmark/s1_helper_session.py", line 2378, in await_ready
    self.tick(end); time.sleep(min(.005,max(0.,end-time.monotonic())))
    ~~~~~~~~~^^^^^
  File "/home/auss/git_repos/samaust/Experiments_4DGS/tests/test_vipe_benchmark_supervisor.py", line 1165, in observed
    result=operation(*args,**kwargs);return result
  File "/home/auss/git_repos/samaust/Experiments_4DGS/scripts/vipe_benchmark/s1_helper_session.py", line 2293, in tick
    if self.owner.cancelled or self.poisoned: raise RuntimeError('S1 helper session poisoned: '+str(list(self.owner.errors)))
                                              ^^^^^^^^^^^^^^^^^^^^^^^^^^^^^^^^^^^^^^^^^^^^^^^^^^^^^^^^^^^^^^^^^^^^^^^^^^^^^^^
RuntimeError: S1 helper session poisoned: [{'error_class': 'ValueError', 'message': 'owned dispatch/plan/status binding', 'phase': 'startup'}]
timing_or_cleanup_check_0: AssertionError: False is not true : {'scenario': 'P01', 'mode': 'progress_worker', 'constructor_entry': 7804.827973292, 'action_cutoff': 7806.827973292, 'safety_cutoff': 7807.827973292, 'constructor_end': 7804.857520608, 't0': 7804.827994467, 'ready_deadline': 7805.827994467, 'setup_deadline': 7806.827994467, 'setup_cleanup_deadline': 7807.827994467, 'progress_final_outcome': {'event': 'progress_final_outcome', 'label': 'P01', 'phase': 'startup_or_fixture_preparation', 'primary': {'error_class': 'RuntimeError', 'message': "S1 helper session poisoned: [{'error_class': 'ValueError', 'message': 'owned dispatch/plan/status binding', 'phase': 'startup'}]"}, 'secondary': [], 'reference': None, 'cleanup_confirmed': False, 'observed': 7804.936756198, 'causal_status': 'actual startup failure; no inferred EPERM cause'}, 'action_end': 7804.880857793, 'end': 7804.936756198, 'execution_seconds': 0.05288450100033515, 'cleanup_seconds': 0.05589840499942511, 'cleanup_confirmed': False, 'records': {'work': {'role': 'work', 'state': 'spawning', 'pid': None}, 'sample': {'role': 'sample', 'state': 'pending', 'pid': None}}, 'errors': [{'error_class': 'ValueError', 'message': 'owned dispatch/plan/status binding', 'phase': 'startup'}], 'signals': [], 'ticks': [7804.827994467, 7804.857605873, 7804.862692485, 7804.869193616, 7804.875584928, 7804.880668707], 'events': [{'event': 'fixture_spawn_entry', 'role': 'work', 'observed': 7804.840116298, 'ready_deadline': 7805.827994467}, {'event': 'progress_final_outcome', 'label': 'P01', 'phase': 'startup_or_fixture_preparation', 'primary': {'error_class': 'RuntimeError', 'message': "S1 helper session poisoned: [{'error_class': 'ValueError', 'message': 'owned dispatch/plan/status binding', 'phase': 'startup'}]"}, 'secondary': [], 'reference': None, 'cleanup_confirmed': False, 'observed': 7804.936756198, 'causal_status': 'actual startup failure; no inferred EPERM cause'}], 'trace_facts': {'capacity': 256, 'total': 2, 'dropped': 0, 'saturated': False, 'first': 7804.840118258, 'last': 7804.936765352}, 'tick_facts':

======================================================================
ERROR: test_progress_p02_reconcile_interruption (test_vipe_benchmark_supervisor.HelperSessionTests.test_progress_p02_reconcile_interruption)
----------------------------------------------------------------------
Traceback (most recent call last):
  File "/home/auss/git_repos/samaust/Experiments_4DGS/tests/test_vipe_benchmark_supervisor.py", line 2013, in test_progress_p02_reconcile_interruption
    def test_progress_p02_reconcile_interruption(self):self.progress_scenario('P02','progress_block')
                                                       ~~~~~~~~~~~~~~~~~~~~~~^^^^^^^^^^^^^^^^^^^^^^^^
  File "/home/auss/git_repos/samaust/Experiments_4DGS/tests/test_vipe_benchmark_supervisor.py", line 1765, in progress_scenario
    session.await_ready()
    ~~~~~~~~~~~~~~~~~~~^^
  File "/home/auss/git_repos/samaust/Experiments_4DGS/tests/test_vipe_benchmark_supervisor.py", line 1165, in observed
    result=operation(*args,**kwargs);return result
  File "/home/auss/git_repos/samaust/Experiments_4DGS/scripts/vipe_benchmark/s1_helper_session.py", line 2378, in await_ready
    self.tick(end); time.sleep(min(.005,max(0.,end-time.monotonic())))
    ~~~~~~~~~^^^^^
  File "/home/auss/git_repos/samaust/Experiments_4DGS/tests/test_vipe_benchmark_supervisor.py", line 1165, in observed
    result=operation(*args,**kwargs);return result
  File "/home/auss/git_repos/samaust/Experiments_4DGS/scripts/vipe_benchmark/s1_helper_session.py", line 2293, in tick
    if self.owner.cancelled or self.poisoned: raise RuntimeError('S1 helper session poisoned: '+str(list(self.owner.errors)))
                                              ^^^^^^^^^^^^^^^^^^^^^^^^^^^^^^^^^^^^^^^^^^^^^^^^^^^^^^^^^^^^^^^^^^^^^^^^^^^^^^^
RuntimeError: S1 helper session poisoned: [{'error_class': 'ValueError', 'message': 'owned dispatch/plan/status binding', 'phase': 'startup'}]
timing_or_cleanup_check_0: AssertionError: False is not true : {'scenario': 'P02', 'mode': 'progress_block', 'constructor_entry': 7804.937603028, 'action_cutoff': 7806.937603028, 'safety_cutoff': 7807.937603028, 'constructor_end': 7804.968490873, 't0': 7804.937622271, 'ready_deadline': 7805.937622271, 'setup_deadline': 7806.937622271, 'setup_cleanup_deadline': 7807.937622271, 'progress_final_outcome': {'event': 'progress_final_outcome', 'label': 'P02', 'phase': 'startup_or_fixture_preparation', 'primary': {'error_class': 'RuntimeError', 'message': "S1 helper session poisoned: [{'error_class': 'ValueError', 'message': 'owned dispatch/plan/status binding', 'phase': 'startup'}]"}, 'secondary': [], 'reference': None, 'cleanup_confirmed': False, 'observed': 7805.052017183, 'causal_status': 'actual startup failure; no inferred EPERM cause'}, 'action_end': 7804.995259171, 'end': 7805.052017183, 'execution_seconds': 0.057656142999803706, 'cleanup_seconds': 0.05675801200050046, 'cleanup_confirmed': False, 'records': {'work': {'role': 'work', 'state': 'spawning', 'pid': None}, 'sample': {'role': 'sample', 'state': 'pending', 'pid': None}}, 'errors': [{'error_class': 'ValueError', 'message': 'owned dispatch/plan/status binding', 'phase': 'startup'}], 'signals': [], 'ticks': [7804.937622271, 7804.96857079, 7804.973660457, 7804.983799208, 7804.990069166, 7804.995144602], 'events': [{'event': 'fixture_spawn_entry', 'role': 'work', 'observed': 7804.94988005, 'ready_deadline': 7805.937622271}, {'event': 'progress_final_outcome', 'label': 'P02', 'phase': 'startup_or_fixture_preparation', 'primary': {'error_class': 'RuntimeError', 'message': "S1 helper session poisoned: [{'error_class': 'ValueError', 'message': 'owned dispatch/plan/status binding', 'phase': 'startup'}]"}, 'secondary': [], 'reference': None, 'cleanup_confirmed': False, 'observed': 7805.052017183, 'causal_status': 'actual startup failure; no inferred EPERM cause'}], 'trace_facts': {'capacity': 256, 'total': 2, 'dropped': 0, 'saturated': False, 'first': 7804.949881273, 'last': 7805.052025517}, 'tick_facts': {

======================================================================
ERROR: test_progress_p03_helper_death (test_vipe_benchmark_supervisor.HelperSessionTests.test_progress_p03_helper_death)
----------------------------------------------------------------------
Traceback (most recent call last):
  File "/home/auss/git_repos/samaust/Experiments_4DGS/tests/test_vipe_benchmark_supervisor.py", line 2014, in test_progress_p03_helper_death
    def test_progress_p03_helper_death(self):self.progress_scenario('P03','progress_death')
                                             ~~~~~~~~~~~~~~~~~~~~~~^^^^^^^^^^^^^^^^^^^^^^^^
  File "/home/auss/git_repos/samaust/Experiments_4DGS/tests/test_vipe_benchmark_supervisor.py", line 1765, in progress_scenario
    session.await_ready()
    ~~~~~~~~~~~~~~~~~~~^^
  File "/home/auss/git_repos/samaust/Experiments_4DGS/tests/test_vipe_benchmark_supervisor.py", line 1165, in observed
    result=operation(*args,**kwargs);return result
  File "/home/auss/git_repos/samaust/Experiments_4DGS/scripts/vipe_benchmark/s1_helper_session.py", line 2378, in await_ready
    self.tick(end); time.sleep(min(.005,max(0.,end-time.monotonic())))
    ~~~~~~~~~^^^^^
  File "/home/auss/git_repos/samaust/Experiments_4DGS/tests/test_vipe_benchmark_supervisor.py", line 1165, in observed
    result=operation(*args,**kwargs);return result
  File "/home/auss/git_repos/samaust/Experiments_4DGS/scripts/vipe_benchmark/s1_helper_session.py", line 2293, in tick
    if self.owner.cancelled or self.poisoned: raise RuntimeError('S1 helper session poisoned: '+str(list(self.owner.errors)))
                                              ^^^^^^^^^^^^^^^^^^^^^^^^^^^^^^^^^^^^^^^^^^^^^^^^^^^^^^^^^^^^^^^^^^^^^^^^^^^^^^^
RuntimeError: S1 helper session poisoned: [{'error_class': 'ValueError', 'message': 'owned dispatch/plan/status binding', 'phase': 'startup'}]
timing_or_cleanup_check_0: AssertionError: False is not true : {'scenario': 'P03', 'mode': 'progress_death', 'constructor_entry': 7805.052789293, 'action_cutoff': 7807.052789293, 'safety_cutoff': 7808.052789293, 'constructor_end': 7805.083643326, 't0': 7805.052807406, 'ready_deadline': 7806.052807406, 'setup_deadline': 7807.052807406, 'setup_cleanup_deadline': 7808.052807406, 'progress_final_outcome': {'event': 'progress_final_outcome', 'label': 'P03', 'phase': 'startup_or_fixture_preparation', 'primary': {'error_class': 'RuntimeError', 'message': "S1 helper session poisoned: [{'error_class': 'ValueError', 'message': 'owned dispatch/plan/status binding', 'phase': 'startup'}]"}, 'secondary': [], 'reference': None, 'cleanup_confirmed': False, 'observed': 7805.164350838, 'causal_status': 'actual startup failure; no inferred EPERM cause'}, 'action_end': 7805.105485134, 'end': 7805.164350838, 'execution_seconds': 0.05269584100005886, 'cleanup_seconds': 0.058865703999799734, 'cleanup_confirmed': False, 'records': {'work': {'role': 'work', 'state': 'spawning', 'pid': None}, 'sample': {'role': 'sample', 'state': 'pending', 'pid': None}}, 'errors': [{'error_class': 'ValueError', 'message': 'owned dispatch/plan/status binding', 'phase': 'startup'}], 'signals': [], 'ticks': [7805.052807406, 7805.083707436, 7805.093769557, 7805.09989652, 7805.105358621], 'events': [{'event': 'fixture_spawn_entry', 'role': 'work', 'observed': 7805.065135922, 'ready_deadline': 7806.052807406}, {'event': 'progress_final_outcome', 'label': 'P03', 'phase': 'startup_or_fixture_preparation', 'primary': {'error_class': 'RuntimeError', 'message': "S1 helper session poisoned: [{'error_class': 'ValueError', 'message': 'owned dispatch/plan/status binding', 'phase': 'startup'}]"}, 'secondary': [], 'reference': None, 'cleanup_confirmed': False, 'observed': 7805.164350838, 'causal_status': 'actual startup failure; no inferred EPERM cause'}], 'trace_facts': {'capacity': 256, 'total': 2, 'dropped': 0, 'saturated': False, 'first': 7805.06513655, 'last': 7805.164358865}, 'tick_facts': {'capacity': 128,

======================================================================
ERROR: test_progress_p04_failed_final_sample (test_vipe_benchmark_supervisor.HelperSessionTests.test_progress_p04_failed_final_sample)
----------------------------------------------------------------------
Traceback (most recent call last):
  File "/home/auss/git_repos/samaust/Experiments_4DGS/tests/test_vipe_benchmark_supervisor.py", line 2015, in test_progress_p04_failed_final_sample
    def test_progress_p04_failed_final_sample(self):self.progress_scenario('P04','progress_final',supervised=True)
                                                    ~~~~~~~~~~~~~~~~~~~~~~^^^^^^^^^^^^^^^^^^^^^^^^^^^^^^^^^^^^^^^^
  File "/home/auss/git_repos/samaust/Experiments_4DGS/tests/test_vipe_benchmark_supervisor.py", line 1765, in progress_scenario
    session.await_ready()
    ~~~~~~~~~~~~~~~~~~~^^
  File "/home/auss/git_repos/samaust/Experiments_4DGS/tests/test_vipe_benchmark_supervisor.py", line 1165, in observed
    result=operation(*args,**kwargs);return result
  File "/home/auss/git_repos/samaust/Experiments_4DGS/scripts/vipe_benchmark/s1_helper_session.py", line 2378, in await_ready
    self.tick(end); time.sleep(min(.005,max(0.,end-time.monotonic())))
    ~~~~~~~~~^^^^^
  File "/home/auss/git_repos/samaust/Experiments_4DGS/tests/test_vipe_benchmark_supervisor.py", line 1165, in observed
    result=operation(*args,**kwargs);return result
  File "/home/auss/git_repos/samaust/Experiments_4DGS/scripts/vipe_benchmark/s1_helper_session.py", line 2293, in tick
    if self.owner.cancelled or self.poisoned: raise RuntimeError('S1 helper session poisoned: '+str(list(self.owner.errors)))
                                              ^^^^^^^^^^^^^^^^^^^^^^^^^^^^^^^^^^^^^^^^^^^^^^^^^^^^^^^^^^^^^^^^^^^^^^^^^^^^^^^
RuntimeError: S1 helper session poisoned: [{'error_class': 'ValueError', 'message': 'owned dispatch/plan/status binding', 'phase': 'startup'}]
timing_or_cleanup_check_0: AssertionError: False is not true : {'scenario': 'P04', 'mode': 'progress_final', 'constructor_entry': 7805.165177175, 'action_cutoff': 7807.165177175, 'safety_cutoff': 7808.165177175, 'constructor_end': 7805.196145096, 't0': 7805.165195335, 'ready_deadline': 7806.165195335, 'setup_deadline': 7807.165195335, 'setup_cleanup_deadline': 7808.165195335, 'progress_final_outcome': {'event': 'progress_final_outcome', 'label': 'P04', 'phase': 'startup_or_fixture_preparation', 'primary': {'error_class': 'RuntimeError', 'message': "S1 helper session poisoned: [{'error_class': 'ValueError', 'message': 'owned dispatch/plan/status binding', 'phase': 'startup'}]"}, 'secondary': [], 'reference': None, 'cleanup_confirmed': False, 'observed': 7805.279130532, 'causal_status': 'actual startup failure; no inferred EPERM cause'}, 'action_end': 7805.218886316, 'end': 7805.279130532, 'execution_seconds': 0.053709140999671945, 'cleanup_seconds': 0.06024421599977359, 'cleanup_confirmed': False, 'records': {'work': {'role': 'work', 'state': 'spawning', 'pid': None}, 'sample': {'role': 'sample', 'state': 'pending', 'pid': None}}, 'errors': [{'error_class': 'ValueError', 'message': 'owned dispatch/plan/status binding', 'phase': 'startup'}], 'signals': [], 'ticks': [7805.165195335, 7805.196203497, 7805.207086625, 7805.213618597, 7805.218740389], 'events': [{'event': 'fixture_spawn_entry', 'role': 'work', 'observed': 7805.177584964, 'ready_deadline': 7806.165195335}, {'event': 'progress_final_outcome', 'label': 'P04', 'phase': 'startup_or_fixture_preparation', 'primary': {'error_class': 'RuntimeError', 'message': "S1 helper session poisoned: [{'error_class': 'ValueError', 'message': 'owned dispatch/plan/status binding', 'phase': 'startup'}]"}, 'secondary': [], 'reference': None, 'cleanup_confirmed': False, 'observed': 7805.279130532, 'causal_status': 'actual startup failure; no inferred EPERM cause'}], 'trace_facts': {'capacity': 256, 'total': 2, 'dropped': 0, 'saturated': False, 'first': 7805.177586181, 'last': 7805.279137945}, 'tick_facts': {'capacity': 12

======================================================================
ERROR: test_progress_p05_interrupted_publisher (test_vipe_benchmark_supervisor.HelperSessionTests.test_progress_p05_interrupted_publisher)
----------------------------------------------------------------------
Traceback (most recent call last):
  File "/home/auss/git_repos/samaust/Experiments_4DGS/tests/test_vipe_benchmark_supervisor.py", line 2016, in test_progress_p05_interrupted_publisher
    def test_progress_p05_interrupted_publisher(self):self.progress_scenario('P05','progress_torn')
                                                      ~~~~~~~~~~~~~~~~~~~~~~^^^^^^^^^^^^^^^^^^^^^^^
  File "/home/auss/git_repos/samaust/Experiments_4DGS/tests/test_vipe_benchmark_supervisor.py", line 1765, in progress_scenario
    session.await_ready()
    ~~~~~~~~~~~~~~~~~~~^^
  File "/home/auss/git_repos/samaust/Experiments_4DGS/tests/test_vipe_benchmark_supervisor.py", line 1165, in observed
    result=operation(*args,**kwargs);return result
  File "/home/auss/git_repos/samaust/Experiments_4DGS/scripts/vipe_benchmark/s1_helper_session.py", line 2378, in await_ready
    self.tick(end); time.sleep(min(.005,max(0.,end-time.monotonic())))
    ~~~~~~~~~^^^^^
  File "/home/auss/git_repos/samaust/Experiments_4DGS/tests/test_vipe_benchmark_supervisor.py", line 1165, in observed
    result=operation(*args,**kwargs);return result
  File "/home/auss/git_repos/samaust/Experiments_4DGS/scripts/vipe_benchmark/s1_helper_session.py", line 2293, in tick
    if self.owner.cancelled or self.poisoned: raise RuntimeError('S1 helper session poisoned: '+str(list(self.owner.errors)))
                                              ^^^^^^^^^^^^^^^^^^^^^^^^^^^^^^^^^^^^^^^^^^^^^^^^^^^^^^^^^^^^^^^^^^^^^^^^^^^^^^^
RuntimeError: S1 helper session poisoned: [{'error_class': 'ValueError', 'message': 'owned dispatch/plan/status binding', 'phase': 'startup'}]
timing_or_cleanup_check_0: AssertionError: False is not true : {'scenario': 'P05', 'mode': 'progress_torn', 'constructor_entry': 7805.279923343, 'action_cutoff': 7807.279923343, 'safety_cutoff': 7808.279923343, 'constructor_end': 7805.312456837, 't0': 7805.279942135, 'ready_deadline': 7806.279942135, 'setup_deadline': 7807.279942135, 'setup_cleanup_deadline': 7808.279942135, 'progress_final_outcome': {'event': 'progress_final_outcome', 'label': 'P05', 'phase': 'startup_or_fixture_preparation', 'primary': {'error_class': 'RuntimeError', 'message': "S1 helper session poisoned: [{'error_class': 'ValueError', 'message': 'owned dispatch/plan/status binding', 'phase': 'startup'}]"}, 'secondary': [], 'reference': None, 'cleanup_confirmed': False, 'observed': 7805.395865984, 'causal_status': 'actual startup failure; no inferred EPERM cause'}, 'action_end': 7805.334664992, 'end': 7805.395865984, 'execution_seconds': 0.05474164900078904, 'cleanup_seconds': 0.0612009919996126, 'cleanup_confirmed': False, 'records': {'work': {'role': 'work', 'state': 'spawning', 'pid': None}, 'sample': {'role': 'sample', 'state': 'pending', 'pid': None}}, 'errors': [{'error_class': 'ValueError', 'message': 'owned dispatch/plan/status binding', 'phase': 'startup'}], 'signals': [], 'ticks': [7805.279942135, 7805.312508345, 7805.322738483, 7805.329112681, 7805.334585315], 'events': [{'event': 'fixture_spawn_entry', 'role': 'work', 'observed': 7805.292867881, 'ready_deadline': 7806.279942135}, {'event': 'progress_final_outcome', 'label': 'P05', 'phase': 'startup_or_fixture_preparation', 'primary': {'error_class': 'RuntimeError', 'message': "S1 helper session poisoned: [{'error_class': 'ValueError', 'message': 'owned dispatch/plan/status binding', 'phase': 'startup'}]"}, 'secondary': [], 'reference': None, 'cleanup_confirmed': False, 'observed': 7805.395865984, 'causal_status': 'actual startup failure; no inferred EPERM cause'}], 'trace_facts': {'capacity': 256, 'total': 2, 'dropped': 0, 'saturated': False, 'first': 7805.292869021, 'last': 7805.39587377}, 'tick_facts': {'capacity': 128, '

======================================================================
ERROR: test_progress_p06_blocked_owner (test_vipe_benchmark_supervisor.HelperSessionTests.test_progress_p06_blocked_owner)
----------------------------------------------------------------------
Traceback (most recent call last):
  File "/home/auss/git_repos/samaust/Experiments_4DGS/tests/test_vipe_benchmark_supervisor.py", line 2017, in test_progress_p06_blocked_owner
    def test_progress_p06_blocked_owner(self):self.progress_scenario('P06','progress_normal')
                                              ~~~~~~~~~~~~~~~~~~~~~~^^^^^^^^^^^^^^^^^^^^^^^^^
  File "/home/auss/git_repos/samaust/Experiments_4DGS/tests/test_vipe_benchmark_supervisor.py", line 1765, in progress_scenario
    session.await_ready()
    ~~~~~~~~~~~~~~~~~~~^^
  File "/home/auss/git_repos/samaust/Experiments_4DGS/tests/test_vipe_benchmark_supervisor.py", line 1165, in observed
    result=operation(*args,**kwargs);return result
  File "/home/auss/git_repos/samaust/Experiments_4DGS/scripts/vipe_benchmark/s1_helper_session.py", line 2378, in await_ready
    self.tick(end); time.sleep(min(.005,max(0.,end-time.monotonic())))
    ~~~~~~~~~^^^^^
  File "/home/auss/git_repos/samaust/Experiments_4DGS/tests/test_vipe_benchmark_supervisor.py", line 1165, in observed
    result=operation(*args,**kwargs);return result
  File "/home/auss/git_repos/samaust/Experiments_4DGS/scripts/vipe_benchmark/s1_helper_session.py", line 2293, in tick
    if self.owner.cancelled or self.poisoned: raise RuntimeError('S1 helper session poisoned: '+str(list(self.owner.errors)))
                                              ^^^^^^^^^^^^^^^^^^^^^^^^^^^^^^^^^^^^^^^^^^^^^^^^^^^^^^^^^^^^^^^^^^^^^^^^^^^^^^^
RuntimeError: S1 helper session poisoned: [{'error_class': 'ValueError', 'message': 'owned dispatch/plan/status binding', 'phase': 'startup'}]
timing_or_cleanup_check_0: AssertionError: False is not true : {'scenario': 'P06', 'mode': 'progress_normal', 'constructor_entry': 7805.396680066, 'action_cutoff': 7807.396680066, 'safety_cutoff': 7808.396680066, 'constructor_end': 7805.429766125, 't0': 7805.396698559, 'ready_deadline': 7806.396698559, 'setup_deadline': 7807.396698559, 'setup_cleanup_deadline': 7808.396698559, 'progress_final_outcome': {'event': 'progress_final_outcome', 'label': 'P06', 'phase': 'startup_or_fixture_preparation', 'primary': {'error_class': 'RuntimeError', 'message': "S1 helper session poisoned: [{'error_class': 'ValueError', 'message': 'owned dispatch/plan/status binding', 'phase': 'startup'}]"}, 'secondary': [], 'reference': None, 'cleanup_confirmed': False, 'observed': 7805.514489046, 'causal_status': 'actual startup failure; no inferred EPERM cause'}, 'action_end': 7805.452112849, 'end': 7805.514489046, 'execution_seconds': 0.055432782999560004, 'cleanup_seconds': 0.062376197000048705, 'cleanup_confirmed': False, 'records': {'work': {'role': 'work', 'state': 'spawning', 'pid': None}, 'sample': {'role': 'sample', 'state': 'pending', 'pid': None}}, 'errors': [{'error_class': 'ValueError', 'message': 'owned dispatch/plan/status binding', 'phase': 'startup'}], 'signals': [], 'ticks': [7805.396698559, 7805.429835543, 7805.440333505, 7805.44696026, 7805.452032179], 'events': [{'event': 'fixture_spawn_entry', 'role': 'work', 'observed': 7805.409865861, 'ready_deadline': 7806.396698559}, {'event': 'progress_final_outcome', 'label': 'P06', 'phase': 'startup_or_fixture_preparation', 'primary': {'error_class': 'RuntimeError', 'message': "S1 helper session poisoned: [{'error_class': 'ValueError', 'message': 'owned dispatch/plan/status binding', 'phase': 'startup'}]"}, 'secondary': [], 'reference': None, 'cleanup_confirmed': False, 'observed': 7805.514489046, 'causal_status': 'actual startup failure; no inferred EPERM cause'}], 'trace_facts': {'capacity': 256, 'total': 2, 'dropped': 0, 'saturated': False, 'first': 7805.409866976, 'last': 7805.514496552}, 'tick_facts': {'capacity': 1

======================================================================
ERROR: test_progress_plan046_ownership (test_vipe_benchmark_supervisor.HelperSessionTests.test_progress_plan046_ownership)
----------------------------------------------------------------------
Traceback (most recent call last):
  File "/home/auss/git_repos/samaust/Experiments_4DGS/tests/test_vipe_benchmark_supervisor.py", line 2242, in test_progress_plan046_ownership
    good=h.owned_workload(os.environ['S1_OWNED_ROOT_NOTE'])
  File "/home/auss/git_repos/samaust/Experiments_4DGS/scripts/vipe_benchmark/s1_helper_session.py", line 1846, in owned_workload
    if dispatch_record not in note['bindings'] or not any(rec['path']==plan['path'] and rec['sha256']==plan['sha256'] for rec in note['bindings']) or note['status']!={k:status[k] for k in ('bytes','sha256')}:raise ValueError('owned dispatch/plan/status binding')
                                                                                                                                                                                                                ^^^^^^^^^^^^^^^^^^^^^^^^^^^^^^^^^^^^^^^^^^^^^^^^^^^^^^
ValueError: owned dispatch/plan/status binding

======================================================================
ERROR: test_progress_plan047_complete_final_sample (test_vipe_benchmark_supervisor.HelperSessionTests.test_progress_plan047_complete_final_sample) (kind='success')
----------------------------------------------------------------------
Traceback (most recent call last):
  File "/home/auss/git_repos/samaust/Experiments_4DGS/scripts/vipe_benchmark/supervisor.py", line 442, in supervise
    owned=predispatch_owned('supervisor worker')
  File "/home/auss/git_repos/samaust/Experiments_4DGS/scripts/vipe_benchmark/s1_helper_session.py", line 1564, in predispatch_owned
    observed=owned_workload(os.environ['S1_OWNED_ROOT_NOTE'])
  File "/home/auss/git_repos/samaust/Experiments_4DGS/scripts/vipe_benchmark/s1_helper_session.py", line 1846, in owned_workload
    if dispatch_record not in note['bindings'] or not any(rec['path']==plan['path'] and rec['sha256']==plan['sha256'] for rec in note['bindings']) or note['status']!={k:status[k] for k in ('bytes','sha256')}:raise ValueError('owned dispatch/plan/status binding')
                                                                                                                                                                                                                ^^^^^^^^^^^^^^^^^^^^^^^^^^^^^^^^^^^^^^^^^^^^^^^^^^^^^^
ValueError: owned dispatch/plan/status binding

The above exception was the direct cause of the following exception:

Traceback (most recent call last):
  File "/home/auss/git_repos/samaust/Experiments_4DGS/tests/test_vipe_benchmark_supervisor.py", line 3096, in test_progress_plan047_complete_final_sample
    sup.supervise(Ledger(),full.reservation['job_id'],full.command,full.output,evidence=full.binding,sample_resources=self.sampler,validate_result=lambda output:None,terminal_publisher=True,terminal_docs=docs)
    ~~~~~~~~~~~~~^^^^^^^^^^^^^^^^^^^^^^^^^^^^^^^^^^^^^^^^^^^^^^^^^^^^^^^^^^^^^^^^^^^^^^^^^^^^^^^^^^^^^^^^^^^^^^^^^^^^^^^^^^^^^^^^^^^^^^^^^^^^^^^^^^^^^^^^^^^^^^^^^^^^^^^^^^^^^^^^^^^^^^^^^^^^^^^^^^^^^^^^^^^^^^^^
  File "/home/auss/git_repos/samaust/Experiments_4DGS/scripts/vipe_benchmark/supervisor.py", line 607, in supervise
    raise failure from primary_exception
vipe_benchmark.supervisor.SupervisionFailure: ValueError: owned dispatch/plan/status binding

======================================================================
ERROR: test_progress_plan047_complete_final_sample (test_vipe_benchmark_supervisor.HelperSessionTests.test_progress_plan047_complete_final_sample) (kind='final_sample_failure')
----------------------------------------------------------------------
Traceback (most recent call last):
  File "/home/auss/git_repos/samaust/Experiments_4DGS/tests/test_vipe_benchmark_supervisor.py", line 3093, in test_progress_plan047_complete_final_sample
    with self.assertRaises(sup.SupervisionFailure) as caught:sup.supervise(Ledger(),full.reservation['job_id'],full.command,full.output,evidence=full.binding,sample_resources=self.sampler,validate_result=lambda output:None,terminal_publisher=True,terminal_docs=docs)
                                                             ~~~~~~~~~~~~~^^^^^^^^^^^^^^^^^^^^^^^^^^^^^^^^^^^^^^^^^^^^^^^^^^^^^^^^^^^^^^^^^^^^^^^^^^^^^^^^^^^^^^^^^^^^^^^^^^^^^^^^^^^^^^^^^^^^^^^^^^^^^^^^^^^^^^^^^^^^^^^^^^^^^^^^^^^^^^^^^^^^^^^^^^^^^^^^^^^^^^^^^^^^^^^^
  File "/home/auss/git_repos/samaust/Experiments_4DGS/scripts/vipe_benchmark/supervisor.py", line 358, in supervise
    raise ValueError('refusing to overwrite incomplete or previous output')
ValueError: refusing to overwrite incomplete or previous output

======================================================================
ERROR: test_progress_plan047_deadline_steps (test_vipe_benchmark_supervisor.HelperSessionTests.test_progress_plan047_deadline_steps) (operation='runtime_guard', when='before')
----------------------------------------------------------------------
Traceback (most recent call last):
  File "/home/auss/git_repos/samaust/Experiments_4DGS/tests/test_vipe_benchmark_s1_helper_fixtures.py", line 1429, in backend_retirement_transition_controls
    if primary_present:test.assertIsNone(caught);test.assertIn(owner,pending_error.s1_temporary_owners)
                                                                     ^^^^^^^^^^^^^^^^^^^^^^^^^^^^^^^^^
AttributeError: 'RuntimeError' object has no attribute 's1_temporary_owners'

The above exception was the direct cause of the following exception:

Traceback (most recent call last):
  File "/home/auss/git_repos/samaust/Experiments_4DGS/tests/test_vipe_benchmark_supervisor.py", line 3388, in test_progress_plan047_deadline_steps
    seen.append(dict(stage='correction006_retirement_and_exact_C',retirement=backend_retirement_transition_controls(self,state.root),publication=publication_equality_controls(self,fixture,state.root)))
                                                                             ~~~~~~~~~~~~~~~~~~~~~~~~~~~~~~~~~~~~~~^^^^^^^^^^^^^^^^^
  File "/home/auss/git_repos/samaust/Experiments_4DGS/tests/test_vipe_benchmark_s1_helper_fixtures.py", line 1444, in backend_retirement_transition_controls
    raise primary from error
  File "/home/auss/git_repos/samaust/Experiments_4DGS/tests/test_vipe_benchmark_s1_helper_fixtures.py", line 1416, in backend_retirement_transition_controls
    try:raise pending_error
        ^^^^^^^^^^^^^^^^^^^
RuntimeError: pending interior primary
temporary iterator close: OSError('interior scandir_close')
fixture assertions: AttributeError("'RuntimeError' object has no attribute 's1_temporary_owners'")

======================================================================
ERROR: test_progress_plan047_deadline_steps (test_vipe_benchmark_supervisor.HelperSessionTests.test_progress_plan047_deadline_steps) (operation='next_input', when='before')
----------------------------------------------------------------------
Traceback (most recent call last):
  File "/home/auss/git_repos/samaust/Experiments_4DGS/tests/test_vipe_benchmark_supervisor.py", line 3766, in test_progress_plan047_deadline_steps
    else:action();observed='real operation completed before W'
         ~~~~~~^^
  File "/home/auss/git_repos/samaust/Experiments_4DGS/tests/test_vipe_benchmark_supervisor.py", line 3605, in action
    self.control_record('plan049-next-input-load-'+case['when'],dict(calls=load_calls,second_entries=second_entries,native_entries=native_entries,work_deadline=deadline))
    ~~~~~~~~~~~~~~~~~~~^^^^^^^^^^^^^^^^^^^^^^^^^^^^^^^^^^^^^^^^^^^^^^^^^^^^^^^^^^^^^^^^^^^^^^^^^^^^^^^^^^^^^^^^^^^^^^^^^^^^^^^^^^^^^^^^^^^^^^^^^^^^^^^^^^^^^^^^^^^^^^^^^^^
  File "/home/auss/git_repos/samaust/Experiments_4DGS/tests/test_vipe_benchmark_supervisor.py", line 4018, in control_record
    json.dump(value,stream,indent=2,default=lambda v:asdict(v) if is_dataclass(v) else list(v));stream.write('\n')
    ~~~~~~~~~^^^^^^^^^^^^^^^^^^^^^^^^^^^^^^^^^^^^^^^^^^^^^^^^^^^^^^^^^^^^^^^^^^^^^^^^^^^^^^^^^^
  File "/usr/lib/python3.14/json/__init__.py", line 182, in dump
    fp.write(chunk)
    ~~~~~~~~^^^^^^^
  File "/home/auss/git_repos/samaust/Experiments_4DGS/tests/test_vipe_benchmark_supervisor.py", line 3726, in write
    if observing[0]:write_observations.append(dict(path=fd_paths.get(inner.descriptor),offset=offset,bytes=value,content_hex=bytes(data[:value]).hex(),observed=now[0]))
                                                                                                                             ~~~~~^^^^^^^^^^^^^^
TypeError: string argument without an encoding

======================================================================
ERROR: test_progress_plan047_deadline_steps (test_vipe_benchmark_supervisor.HelperSessionTests.test_progress_plan047_deadline_steps) (operation='next_input', when='equal')
----------------------------------------------------------------------
Traceback (most recent call last):
  File "/home/auss/git_repos/samaust/Experiments_4DGS/tests/test_vipe_benchmark_supervisor.py", line 3599, in action
    try:stages.segment(segment_request,segment_fixture.root/'next-input-output',segment_fixture.config,clock=segment_clock)
        ~~~~~~~~~~~~~~^^^^^^^^^^^^^^^^^^^^^^^^^^^^^^^^^^^^^^^^^^^^^^^^^^^^^^^^^^^^^^^^^^^^^^^^^^^^^^^^^^^^^^^^^^^^^^^^^^^^^
  File "/home/auss/git_repos/samaust/Experiments_4DGS/scripts/vipe_benchmark/stages.py", line 154, in segment
    return operation(_segment,request,output,config,clock=clock,deadline=clock.work_deadline)
  File "/usr/lib/python3.14/unittest/mock.py", line 1176, in __call__
    return self._mock_call(*args, **kwargs)
           ~~~~~~~~~~~~~~~^^^^^^^^^^^^^^^^^
  File "/usr/lib/python3.14/unittest/mock.py", line 1180, in _mock_call
    return self._execute_mock_call(*args, **kwargs)
           ~~~~~~~~~~~~~~~~~~~~~~~^^^^^^^^^^^^^^^^^
  File "/usr/lib/python3.14/unittest/mock.py", line 1247, in _execute_mock_call
    result = effect(*args, **kwargs)
  File "/home/auss/git_repos/samaust/Experiments_4DGS/tests/test_vipe_benchmark_supervisor.py", line 3698, in observe_operation
    return actual_operation_observer(actual_entry,*args,**kwargs)
  File "/home/auss/git_repos/samaust/Experiments_4DGS/scripts/vipe_benchmark/s1_progress.py", line 310, in operation
    value = function(*args, **kwargs)
  File "/home/auss/git_repos/samaust/Experiments_4DGS/tests/test_vipe_benchmark_supervisor.py", line 3694, in actual_entry
    else:value=function(*values,**named)
               ~~~~~~~~^^^^^^^^^^^^^^^^^
  File "/home/auss/git_repos/samaust/Experiments_4DGS/scripts/vipe_benchmark/stages.py", line 224, in _segment
    clock.observe()  # Every input, including a delayed loop transition.
    ~~~~~~~~~~~~~^^
  File "/home/auss/git_repos/samaust/Experiments_4DGS/scripts/vipe_benchmark/s1_clock.py", line 127, in observe
    raise TimeoutError('reservation clock work deadline reached')
TimeoutError: reservation clock work deadline reached
S1 evidence publication failed: progress original work deadline

During handling of the above exception, another exception occurred:

Traceback (most recent call last):
  File "/home/auss/git_repos/samaust/Experiments_4DGS/tests/test_vipe_benchmark_supervisor.py", line 3763, in test_progress_plan047_deadline_steps
    with self.assertRaises(TimeoutError) as caught:action()
                                                   ~~~~~~^^
  File "/home/auss/git_repos/samaust/Experiments_4DGS/tests/test_vipe_benchmark_supervisor.py", line 3605, in action
    self.control_record('plan049-next-input-load-'+case['when'],dict(calls=load_calls,second_entries=second_entries,native_entries=native_entries,work_deadline=deadline))
    ~~~~~~~~~~~~~~~~~~~^^^^^^^^^^^^^^^^^^^^^^^^^^^^^^^^^^^^^^^^^^^^^^^^^^^^^^^^^^^^^^^^^^^^^^^^^^^^^^^^^^^^^^^^^^^^^^^^^^^^^^^^^^^^^^^^^^^^^^^^^^^^^^^^^^^^^^^^^^^^^^^^^^^
  File "/home/auss/git_repos/samaust/Experiments_4DGS/tests/test_vipe_benchmark_supervisor.py", line 4018, in control_record
    json.dump(value,stream,indent=2,default=lambda v:asdict(v) if is_dataclass(v) else list(v));stream.write('\n')
    ~~~~~~~~~^^^^^^^^^^^^^^^^^^^^^^^^^^^^^^^^^^^^^^^^^^^^^^^^^^^^^^^^^^^^^^^^^^^^^^^^^^^^^^^^^^
  File "/usr/lib/python3.14/json/__init__.py", line 182, in dump
    fp.write(chunk)
    ~~~~~~~~^^^^^^^
  File "/home/auss/git_repos/samaust/Experiments_4DGS/tests/test_vipe_benchmark_supervisor.py", line 3726, in write
    if observing[0]:write_observations.append(dict(path=fd_paths.get(inner.descriptor),offset=offset,bytes=value,content_hex=bytes(data[:value]).hex(),observed=now[0]))
                                                                                                                             ~~~~~^^^^^^^^^^^^^^
TypeError: string argument without an encoding

======================================================================
ERROR: test_progress_plan047_deadline_steps (test_vipe_benchmark_supervisor.HelperSessionTests.test_progress_plan047_deadline_steps) (operation='next_input', when='after')
----------------------------------------------------------------------
Traceback (most recent call last):
  File "/home/auss/git_repos/samaust/Experiments_4DGS/tests/test_vipe_benchmark_supervisor.py", line 3599, in action
    try:stages.segment(segment_request,segment_fixture.root/'next-input-output',segment_fixture.config,clock=segment_clock)
        ~~~~~~~~~~~~~~^^^^^^^^^^^^^^^^^^^^^^^^^^^^^^^^^^^^^^^^^^^^^^^^^^^^^^^^^^^^^^^^^^^^^^^^^^^^^^^^^^^^^^^^^^^^^^^^^^^^^
  File "/home/auss/git_repos/samaust/Experiments_4DGS/scripts/vipe_benchmark/stages.py", line 154, in segment
    return operation(_segment,request,output,config,clock=clock,deadline=clock.work_deadline)
  File "/usr/lib/python3.14/unittest/mock.py", line 1176, in __call__
    return self._mock_call(*args, **kwargs)
           ~~~~~~~~~~~~~~~^^^^^^^^^^^^^^^^^
  File "/usr/lib/python3.14/unittest/mock.py", line 1180, in _mock_call
    return self._execute_mock_call(*args, **kwargs)
           ~~~~~~~~~~~~~~~~~~~~~~~^^^^^^^^^^^^^^^^^
  File "/usr/lib/python3.14/unittest/mock.py", line 1247, in _execute_mock_call
    result = effect(*args, **kwargs)
  File "/home/auss/git_repos/samaust/Experiments_4DGS/tests/test_vipe_benchmark_supervisor.py", line 3698, in observe_operation
    return actual_operation_observer(actual_entry,*args,**kwargs)
  File "/home/auss/git_repos/samaust/Experiments_4DGS/scripts/vipe_benchmark/s1_progress.py", line 310, in operation
    value = function(*args, **kwargs)
  File "/home/auss/git_repos/samaust/Experiments_4DGS/tests/test_vipe_benchmark_supervisor.py", line 3694, in actual_entry
    else:value=function(*values,**named)
               ~~~~~~~~^^^^^^^^^^^^^^^^^
  File "/home/auss/git_repos/samaust/Experiments_4DGS/scripts/vipe_benchmark/stages.py", line 224, in _segment
    clock.observe()  # Every input, including a delayed loop transition.
    ~~~~~~~~~~~~~^^
  File "/home/auss/git_repos/samaust/Experiments_4DGS/scripts/vipe_benchmark/s1_clock.py", line 127, in observe
    raise TimeoutError('reservation clock work deadline reached')
TimeoutError: reservation clock work deadline reached
S1 evidence publication failed: progress original work deadline

During handling of the above exception, another exception occurred:

Traceback (most recent call last):
  File "/home/auss/git_repos/samaust/Experiments_4DGS/tests/test_vipe_benchmark_supervisor.py", line 3763, in test_progress_plan047_deadline_steps
    with self.assertRaises(TimeoutError) as caught:action()
                                                   ~~~~~~^^
  File "/home/auss/git_repos/samaust/Experiments_4DGS/tests/test_vipe_benchmark_supervisor.py", line 3605, in action
    self.control_record('plan049-next-input-load-'+case['when'],dict(calls=load_calls,second_entries=second_entries,native_entries=native_entries,work_deadline=deadline))
    ~~~~~~~~~~~~~~~~~~~^^^^^^^^^^^^^^^^^^^^^^^^^^^^^^^^^^^^^^^^^^^^^^^^^^^^^^^^^^^^^^^^^^^^^^^^^^^^^^^^^^^^^^^^^^^^^^^^^^^^^^^^^^^^^^^^^^^^^^^^^^^^^^^^^^^^^^^^^^^^^^^^^^^
  File "/home/auss/git_repos/samaust/Experiments_4DGS/tests/test_vipe_benchmark_supervisor.py", line 4018, in control_record
    json.dump(value,stream,indent=2,default=lambda v:asdict(v) if is_dataclass(v) else list(v));stream.write('\n')
    ~~~~~~~~~^^^^^^^^^^^^^^^^^^^^^^^^^^^^^^^^^^^^^^^^^^^^^^^^^^^^^^^^^^^^^^^^^^^^^^^^^^^^^^^^^^
  File "/usr/lib/python3.14/json/__init__.py", line 182, in dump
    fp.write(chunk)
    ~~~~~~~~^^^^^^^
  File "/home/auss/git_repos/samaust/Experiments_4DGS/tests/test_vipe_benchmark_supervisor.py", line 3726, in write
    if observing[0]:write_observations.append(dict(path=fd_paths.get(inner.descriptor),offset=offset,bytes=value,content_hex=bytes(data[:value]).hex(),observed=now[0]))
                                                                                                                             ~~~~~^^^^^^^^^^^^^^
TypeError: string argument without an encoding

======================================================================
ERROR: test_progress_plan047_ownership (test_vipe_benchmark_supervisor.HelperSessionTests.test_progress_plan047_ownership)
----------------------------------------------------------------------
Traceback (most recent call last):
  File "/home/auss/git_repos/samaust/Experiments_4DGS/tests/test_vipe_benchmark_supervisor.py", line 2802, in test_progress_plan047_ownership
    baseline=h.owned_workload(original_path)
  File "/home/auss/git_repos/samaust/Experiments_4DGS/scripts/vipe_benchmark/s1_helper_session.py", line 1846, in owned_workload
    if dispatch_record not in note['bindings'] or not any(rec['path']==plan['path'] and rec['sha256']==plan['sha256'] for rec in note['bindings']) or note['status']!={k:status[k] for k in ('bytes','sha256')}:raise ValueError('owned dispatch/plan/status binding')
                                                                                                                                                                                                                ^^^^^^^^^^^^^^^^^^^^^^^^^^^^^^^^^^^^^^^^^^^^^^^^^^^^^^
ValueError: owned dispatch/plan/status binding

======================================================================
FAIL: test_l04_child_before_ready_block (test_vipe_benchmark_supervisor.HelperSessionTests.test_l04_child_before_ready_block)
----------------------------------------------------------------------
Traceback (most recent call last):
  File "/home/auss/git_repos/samaust/Experiments_4DGS/tests/test_vipe_benchmark_supervisor.py", line 1335, in test_l04_child_before_ready_block
    def test_l04_child_before_ready_block(self): self.reject_ready('L04','child_block')
                                                 ~~~~~~~~~~~~~~~~~^^^^^^^^^^^^^^^^^^^^^
  File "/home/auss/git_repos/samaust/Experiments_4DGS/tests/test_vipe_benchmark_supervisor.py", line 1273, in reject_ready
    self.assertTrue(session.close(session.cleanup_deadline))
    ~~~~~~~~~~~~~~~^^^^^^^^^^^^^^^^^^^^^^^^^^^^^^^^^^^^^^^^^
AssertionError: False is not true
timing_or_cleanup_check_0: AssertionError: False is not true : {'scenario': 'L04', 'mode': 'child_block', 'constructor_entry': 7800.435983601, 'action_cutoff': 7802.435983601, 'safety_cutoff': 7803.435983601, 'constructor_end': 7800.441605073, 't0': 7800.436006691, 'ready_deadline': 7800.516006691, 'setup_deadline': 7800.616006691001, 'setup_cleanup_deadline': 7800.7360066910005, 'action_end': 7800.475627863, 'end': 7800.478082144, 'execution_seconds': 0.039644262000365416, 'cleanup_seconds': 0.0024542809997001314, 'cleanup_confirmed': False, 'records': {'work': {'role': 'work', 'state': 'spawning', 'pid': None}, 'sample': {'role': 'sample', 'state': 'pending', 'pid': None}}, 'errors': [{'error_class': 'ValueError', 'message': 'owned dispatch/plan/status binding', 'phase': 'startup'}], 'signals': [], 'ticks': [7800.436006691, 7800.441616071, 7800.446695633, 7800.457205963, 7800.462297163], 'events': [{'event': 'fixture_spawn_entry', 'role': 'work', 'observed': 7800.438428736, 'ready_deadline': 7800.516006691}], 'trace_facts': {'capacity': 256, 'total': 1, 'dropped': 0, 'saturated': False, 'first': 7800.438429875, 'last': 7800.438429875}, 'tick_facts': {'capacity': 128, 'total': 5, 'dropped': 0, 'saturated': False, 'first': 7800.436011748, 'last': 7800.462297375}, 'owner_error_facts': {'capacity': 32, 'total': 1, 'dropped': 0, 'saturated': False, 'first': 7800.459216139, 'last': 7800.459216139}, 'owner_signal_facts': {'capacity': 128, 'total': 0, 'dropped': 0, 'saturated': False, 'first': None, 'last': None}, 'request_counts': {'work': {'dispatch': 0, 'response': 0}, 'sample': {'dispatch': 0, 'response': 0}}, 'census_request_count': 0, 'max_gap': 0.010510330000215617, 'max_turn': 2.109500019287225e-05, 'call_observations': [{'operation': 'tick', 'entered': 7800.44161542, 'deadline': 7800.516006691, 'returned': 7800.441633931, 'confirmed': None, 'error': None, 'ready_before': [], 'ready_after': []}, {'operation': 'tick', 'entered': 7800.446694969, 'deadline': 7800.516006691, 'returned': 7800.446704662, 'confirmed': None, 'error': None, 'ready_before': [], '

======================================================================
FAIL: test_l05_error_after_spawn (test_vipe_benchmark_supervisor.HelperSessionTests.test_l05_error_after_spawn)
----------------------------------------------------------------------
Traceback (most recent call last):
  File "/home/auss/git_repos/samaust/Experiments_4DGS/tests/test_vipe_benchmark_supervisor.py", line 1336, in test_l05_error_after_spawn
    def test_l05_error_after_spawn(self): self.reject_ready('L05','identity_failure')
                                          ~~~~~~~~~~~~~~~~~^^^^^^^^^^^^^^^^^^^^^^^^^^
  File "/home/auss/git_repos/samaust/Experiments_4DGS/tests/test_vipe_benchmark_supervisor.py", line 1273, in reject_ready
    self.assertTrue(session.close(session.cleanup_deadline))
    ~~~~~~~~~~~~~~~^^^^^^^^^^^^^^^^^^^^^^^^^^^^^^^^^^^^^^^^^
AssertionError: False is not true
timing_or_cleanup_check_0: AssertionError: False is not true : {'scenario': 'L05', 'mode': 'identity_failure', 'constructor_entry': 7800.478604356, 'action_cutoff': 7802.478604356, 'safety_cutoff': 7803.478604356, 'constructor_end': 7800.485207981, 't0': 7800.478622908, 'ready_deadline': 7800.558622908, 'setup_deadline': 7800.658622908, 'setup_cleanup_deadline': 7800.778622908, 'action_end': 7800.518419071, 'end': 7800.52152135, 'execution_seconds': 0.0398147149999204, 'cleanup_seconds': 0.003102278999904229, 'cleanup_confirmed': False, 'records': {'work': {'role': 'work', 'state': 'spawning', 'pid': None}, 'sample': {'role': 'sample', 'state': 'pending', 'pid': None}}, 'errors': [{'error_class': 'ValueError', 'message': 'owned dispatch/plan/status binding', 'phase': 'startup'}], 'signals': [], 'ticks': [7800.478622908, 7800.485218224, 7800.49030493, 7800.498030672, 7800.503105997], 'events': [{'event': 'fixture_spawn_entry', 'role': 'work', 'observed': 7800.481212999, 'ready_deadline': 7800.558622908}], 'trace_facts': {'capacity': 256, 'total': 1, 'dropped': 0, 'saturated': False, 'first': 7800.481214088, 'last': 7800.481214088}, 'tick_facts': {'capacity': 128, 'total': 5, 'dropped': 0, 'saturated': False, 'first': 7800.478626369, 'last': 7800.50310616}, 'owner_error_facts': {'capacity': 32, 'total': 1, 'dropped': 0, 'saturated': False, 'first': 7800.500076637, 'last': 7800.500076637}, 'owner_signal_facts': {'capacity': 128, 'total': 0, 'dropped': 0, 'saturated': False, 'first': None, 'last': None}, 'request_counts': {'work': {'dispatch': 0, 'response': 0}, 'sample': {'dispatch': 0, 'response': 0}}, 'census_request_count': 0, 'max_gap': 0.007725741999820457, 'max_turn': 1.8357000044488814e-05, 'call_observations': [{'operation': 'tick', 'entered': 7800.485217644, 'deadline': 7800.558622908, 'returned': 7800.485236467, 'confirmed': None, 'error': None, 'ready_before': [], 'ready_after': []}, {'operation': 'tick', 'entered': 7800.49030306, 'deadline': 7800.558622908, 'returned': 7800.490324061, 'confirmed': None, 'error': None, 'ready_before': [], 'ready_a

======================================================================
FAIL: test_l06_late_ready (test_vipe_benchmark_supervisor.HelperSessionTests.test_l06_late_ready)
----------------------------------------------------------------------
Traceback (most recent call last):
  File "/home/auss/git_repos/samaust/Experiments_4DGS/tests/test_vipe_benchmark_supervisor.py", line 1337, in test_l06_late_ready
    def test_l06_late_ready(self): self.reject_ready('L06','late_ready')
                                   ~~~~~~~~~~~~~~~~~^^^^^^^^^^^^^^^^^^^^
  File "/home/auss/git_repos/samaust/Experiments_4DGS/tests/test_vipe_benchmark_supervisor.py", line 1273, in reject_ready
    self.assertTrue(session.close(session.cleanup_deadline))
    ~~~~~~~~~~~~~~~^^^^^^^^^^^^^^^^^^^^^^^^^^^^^^^^^^^^^^^^^
AssertionError: False is not true
timing_or_cleanup_check_0: AssertionError: False is not true : {'scenario': 'L06', 'mode': 'late_ready', 'constructor_entry': 7800.522129467, 'action_cutoff': 7802.522129467, 'safety_cutoff': 7803.522129467, 'constructor_end': 7800.529854258, 't0': 7800.522148988, 'ready_deadline': 7800.6021489879995, 'setup_deadline': 7800.702148988, 'setup_cleanup_deadline': 7800.822148988, 'action_end': 7800.565211109, 'end': 7800.568624857, 'execution_seconds': 0.04308164200028841, 'cleanup_seconds': 0.0034137479997298215, 'cleanup_confirmed': False, 'records': {'work': {'role': 'work', 'state': 'spawning', 'pid': None}, 'sample': {'role': 'sample', 'state': 'pending', 'pid': None}}, 'errors': [{'error_class': 'ValueError', 'message': 'owned dispatch/plan/status binding', 'phase': 'startup'}], 'signals': [], 'ticks': [7800.522148988, 7800.529863435, 7800.534945415, 7800.543925411, 7800.548994826], 'events': [{'event': 'fixture_spawn_entry', 'role': 'work', 'observed': 7800.525710898, 'ready_deadline': 7800.6021489879995}], 'trace_facts': {'capacity': 256, 'total': 1, 'dropped': 0, 'saturated': False, 'first': 7800.525712066, 'last': 7800.525712066}, 'tick_facts': {'capacity': 128, 'total': 5, 'dropped': 0, 'saturated': False, 'first': 7800.522152942, 'last': 7800.548994957}, 'owner_error_facts': {'capacity': 32, 'total': 1, 'dropped': 0, 'saturated': False, 'first': 7800.546131344, 'last': 7800.546131344}, 'owner_signal_facts': {'capacity': 128, 'total': 0, 'dropped': 0, 'saturated': False, 'first': None, 'last': None}, 'request_counts': {'work': {'dispatch': 0, 'response': 0}, 'sample': {'dispatch': 0, 'response': 0}}, 'census_request_count': 0, 'max_gap': 0.008979995999652601, 'max_turn': 1.665800027694786e-05, 'call_observations': [{'operation': 'tick', 'entered': 7800.529862883, 'deadline': 7800.6021489879995, 'returned': 7800.529880747, 'confirmed': None, 'error': None, 'ready_before': [], 'ready_after': []}, {'operation': 'tick', 'entered': 7800.534944721, 'deadline': 7800.6021489879995, 'returned': 7800.534955073, 'confirmed': None, 'error': None, 'ready_before

======================================================================
FAIL: test_l07_cancel_during_spawn (test_vipe_benchmark_supervisor.HelperSessionTests.test_l07_cancel_during_spawn)
----------------------------------------------------------------------
Traceback (most recent call last):
  File "/home/auss/git_repos/samaust/Experiments_4DGS/tests/test_vipe_benchmark_supervisor.py", line 1338, in test_l07_cancel_during_spawn
    def test_l07_cancel_during_spawn(self): self.reject_ready('L07','held_spawn')
                                            ~~~~~~~~~~~~~~~~~^^^^^^^^^^^^^^^^^^^^
  File "/home/auss/git_repos/samaust/Experiments_4DGS/tests/test_vipe_benchmark_supervisor.py", line 1273, in reject_ready
    self.assertTrue(session.close(session.cleanup_deadline))
    ~~~~~~~~~~~~~~~^^^^^^^^^^^^^^^^^^^^^^^^^^^^^^^^^^^^^^^^^
AssertionError: False is not true
timing_or_cleanup_check_0: AssertionError: False is not true : {'scenario': 'L07', 'mode': 'held_spawn', 'constructor_entry': 7800.569164257, 'action_cutoff': 7802.569164257, 'safety_cutoff': 7803.569164257, 'constructor_end': 7800.577542398, 't0': 7800.56918186, 'ready_deadline': 7800.64918186, 'setup_deadline': 7800.74918186, 'setup_cleanup_deadline': 7800.86918186, 'action_end': 7800.611581677, 'end': 7800.615399755, 'execution_seconds': 0.042417419999765116, 'cleanup_seconds': 0.003818078000222158, 'cleanup_confirmed': False, 'records': {'work': {'role': 'work', 'state': 'spawning', 'pid': None}, 'sample': {'role': 'sample', 'state': 'pending', 'pid': None}}, 'errors': [{'error_class': 'ValueError', 'message': 'owned dispatch/plan/status binding', 'phase': 'startup'}], 'signals': [], 'ticks': [7800.56918186, 7800.5775509, 7800.588570798, 7800.59364815], 'events': [{'event': 'fixture_spawn_entry', 'role': 'work', 'observed': 7800.572505787, 'ready_deadline': 7800.64918186}], 'trace_facts': {'capacity': 256, 'total': 1, 'dropped': 0, 'saturated': False, 'first': 7800.572506884, 'last': 7800.572506884}, 'tick_facts': {'capacity': 128, 'total': 4, 'dropped': 0, 'saturated': False, 'first': 7800.569185608, 'last': 7800.59364835}, 'owner_error_facts': {'capacity': 32, 'total': 1, 'dropped': 0, 'saturated': False, 'first': 7800.590940566, 'last': 7800.590940566}, 'owner_signal_facts': {'capacity': 128, 'total': 0, 'dropped': 0, 'saturated': False, 'first': None, 'last': None}, 'request_counts': {'work': {'dispatch': 0, 'response': 0}, 'sample': {'dispatch': 0, 'response': 0}}, 'census_request_count': 0, 'max_gap': 0.01101989800008596, 'max_turn': 1.874999998108251e-05, 'call_observations': [{'operation': 'tick', 'entered': 7800.577550406, 'deadline': 7800.64918186, 'returned': 7800.577566888, 'confirmed': None, 'error': None, 'ready_before': [], 'ready_after': []}, {'operation': 'tick', 'entered': 7800.588568799, 'deadline': 7800.64918186, 'returned': 7800.58859035, 'confirmed': None, 'error': None, 'ready_before': [], 'ready_after': []}, {'operation': 'tick

======================================================================
FAIL: test_l09_partial_header (test_vipe_benchmark_supervisor.HelperSessionTests.test_l09_partial_header)
----------------------------------------------------------------------
Traceback (most recent call last):
  File "/home/auss/git_repos/samaust/Experiments_4DGS/tests/test_vipe_benchmark_supervisor.py", line 1354, in test_l09_partial_header
    def test_l09_partial_header(self): self.reject_ready('L09','partial_header')
                                       ~~~~~~~~~~~~~~~~~^^^^^^^^^^^^^^^^^^^^^^^^
  File "/home/auss/git_repos/samaust/Experiments_4DGS/tests/test_vipe_benchmark_supervisor.py", line 1273, in reject_ready
    self.assertTrue(session.close(session.cleanup_deadline))
    ~~~~~~~~~~~~~~~^^^^^^^^^^^^^^^^^^^^^^^^^^^^^^^^^^^^^^^^^
AssertionError: False is not true
timing_or_cleanup_check_0: AssertionError: False is not true : {'scenario': 'L09', 'mode': 'partial_header', 'constructor_entry': 7800.660647966, 'action_cutoff': 7802.660647966, 'safety_cutoff': 7803.660647966, 'constructor_end': 7800.670413523, 't0': 7800.660667201, 'ready_deadline': 7800.740667201, 'setup_deadline': 7800.8406672010005, 'setup_cleanup_deadline': 7800.960667201, 'action_end': 7800.707182596, 'end': 7800.711823462, 'execution_seconds': 0.046534629999769095, 'cleanup_seconds': 0.004640866000045207, 'cleanup_confirmed': False, 'records': {'work': {'role': 'work', 'state': 'spawning', 'pid': None}, 'sample': {'role': 'sample', 'state': 'pending', 'pid': None}}, 'errors': [{'error_class': 'ValueError', 'message': 'owned dispatch/plan/status binding', 'phase': 'startup'}], 'signals': [], 'ticks': [7800.660667201, 7800.670422059, 7800.682187532, 7800.687288594], 'events': [{'event': 'fixture_spawn_entry', 'role': 'work', 'observed': 7800.66452561, 'ready_deadline': 7800.740667201}], 'trace_facts': {'capacity': 256, 'total': 1, 'dropped': 0, 'saturated': False, 'first': 7800.664526769, 'last': 7800.664526769}, 'tick_facts': {'capacity': 128, 'total': 4, 'dropped': 0, 'saturated': False, 'first': 7800.660671186, 'last': 7800.687288781}, 'owner_error_facts': {'capacity': 32, 'total': 1, 'dropped': 0, 'saturated': False, 'first': 7800.684882177, 'last': 7800.684882177}, 'owner_signal_facts': {'capacity': 128, 'total': 0, 'dropped': 0, 'saturated': False, 'first': None, 'last': None}, 'request_counts': {'work': {'dispatch': 0, 'response': 0}, 'sample': {'dispatch': 0, 'response': 0}}, 'census_request_count': 0, 'max_gap': 0.011765473000195925, 'max_turn': 1.676400006545009e-05, 'call_observations': [{'operation': 'tick', 'entered': 7800.670421417, 'deadline': 7800.740667201, 'returned': 7800.670439482, 'confirmed': None, 'error': None, 'ready_before': [], 'ready_after': []}, {'operation': 'tick', 'entered': 7800.68218663, 'deadline': 7800.740667201, 'returned': 7800.682202781, 'confirmed': None, 'error': None, 'ready_before': [], 'ready_after': []},

======================================================================
FAIL: test_l10_stalled_body (test_vipe_benchmark_supervisor.HelperSessionTests.test_l10_stalled_body)
----------------------------------------------------------------------
Traceback (most recent call last):
  File "/home/auss/git_repos/samaust/Experiments_4DGS/tests/test_vipe_benchmark_supervisor.py", line 1355, in test_l10_stalled_body
    def test_l10_stalled_body(self): self.reject_ready('L10','stalled_body')
                                     ~~~~~~~~~~~~~~~~~^^^^^^^^^^^^^^^^^^^^^^
  File "/home/auss/git_repos/samaust/Experiments_4DGS/tests/test_vipe_benchmark_supervisor.py", line 1273, in reject_ready
    self.assertTrue(session.close(session.cleanup_deadline))
    ~~~~~~~~~~~~~~~^^^^^^^^^^^^^^^^^^^^^^^^^^^^^^^^^^^^^^^^^
AssertionError: False is not true
timing_or_cleanup_check_0: AssertionError: False is not true : {'scenario': 'L10', 'mode': 'stalled_body', 'constructor_entry': 7800.712363771, 'action_cutoff': 7802.712363771, 'safety_cutoff': 7803.712363771, 'constructor_end': 7800.722613069, 't0': 7800.712380787, 'ready_deadline': 7800.792380787, 'setup_deadline': 7800.892380787001, 'setup_cleanup_deadline': 7801.012380787, 'action_end': 7800.769747594, 'end': 7800.774931435, 'execution_seconds': 0.05738382300023659, 'cleanup_seconds': 0.005183840999961831, 'cleanup_confirmed': False, 'records': {'work': {'role': 'work', 'state': 'spawning', 'pid': None}, 'sample': {'role': 'sample', 'state': 'pending', 'pid': None}}, 'errors': [{'error_class': 'ValueError', 'message': 'owned dispatch/plan/status binding', 'phase': 'startup'}], 'signals': [], 'ticks': [7800.712380787, 7800.722621686, 7800.727696264, 7800.732777737, 7800.743075088, 7800.748182156], 'events': [{'event': 'fixture_spawn_entry', 'role': 'work', 'observed': 7800.716448695, 'ready_deadline': 7800.792380787}], 'trace_facts': {'capacity': 256, 'total': 1, 'dropped': 0, 'saturated': False, 'first': 7800.716449765, 'last': 7800.716449765}, 'tick_facts': {'capacity': 128, 'total': 6, 'dropped': 0, 'saturated': False, 'first': 7800.71238421, 'last': 7800.748182308}, 'owner_error_facts': {'capacity': 32, 'total': 1, 'dropped': 0, 'saturated': False, 'first': 7800.745891204, 'last': 7800.745891204}, 'owner_signal_facts': {'capacity': 128, 'total': 0, 'dropped': 0, 'saturated': False, 'first': None, 'last': None}, 'request_counts': {'work': {'dispatch': 0, 'response': 0}, 'sample': {'dispatch': 0, 'response': 0}}, 'census_request_count': 0, 'max_gap': 0.010297351000190247, 'max_turn': 1.6629000128887128e-05, 'call_observations': [{'operation': 'tick', 'entered': 7800.722621094, 'deadline': 7800.792380787, 'returned': 7800.722638979, 'confirmed': None, 'error': None, 'ready_before': [], 'ready_after': []}, {'operation': 'tick', 'entered': 7800.727695651, 'deadline': 7800.792380787, 'returned': 7800.727704044, 'confirmed': None, 'error': None, 'ready_be

======================================================================
FAIL: test_l11_eof_midframe (test_vipe_benchmark_supervisor.HelperSessionTests.test_l11_eof_midframe)
----------------------------------------------------------------------
Traceback (most recent call last):
  File "/home/auss/git_repos/samaust/Experiments_4DGS/tests/test_vipe_benchmark_supervisor.py", line 1356, in test_l11_eof_midframe
    def test_l11_eof_midframe(self): self.reject_ready('L11','eof_frame')
                                     ~~~~~~~~~~~~~~~~~^^^^^^^^^^^^^^^^^^^
  File "/home/auss/git_repos/samaust/Experiments_4DGS/tests/test_vipe_benchmark_supervisor.py", line 1273, in reject_ready
    self.assertTrue(session.close(session.cleanup_deadline))
    ~~~~~~~~~~~~~~~^^^^^^^^^^^^^^^^^^^^^^^^^^^^^^^^^^^^^^^^^
AssertionError: False is not true
timing_or_cleanup_check_0: AssertionError: False is not true : {'scenario': 'L11', 'mode': 'eof_frame', 'constructor_entry': 7800.775476807, 'action_cutoff': 7802.775476807, 'safety_cutoff': 7803.775476807, 'constructor_end': 7800.786597985, 't0': 7800.775494722, 'ready_deadline': 7800.855494722, 'setup_deadline': 7800.955494722, 'setup_cleanup_deadline': 7801.075494722, 'action_end': 7800.825535308, 'end': 7800.831076756, 'execution_seconds': 0.05005850100042153, 'cleanup_seconds': 0.0055414479993487475, 'cleanup_confirmed': False, 'records': {'work': {'role': 'work', 'state': 'spawning', 'pid': None}, 'sample': {'role': 'sample', 'state': 'pending', 'pid': None}}, 'errors': [{'error_class': 'ValueError', 'message': 'owned dispatch/plan/status binding', 'phase': 'startup'}], 'signals': [], 'ticks': [7800.775494722, 7800.786606975, 7800.797742585, 7800.802816167], 'events': [{'event': 'fixture_spawn_entry', 'role': 'work', 'observed': 7800.779866524, 'ready_deadline': 7800.855494722}], 'trace_facts': {'capacity': 256, 'total': 1, 'dropped': 0, 'saturated': False, 'first': 7800.779867636, 'last': 7800.779867636}, 'tick_facts': {'capacity': 128, 'total': 4, 'dropped': 0, 'saturated': False, 'first': 7800.775499302, 'last': 7800.802816334}, 'owner_error_facts': {'capacity': 32, 'total': 1, 'dropped': 0, 'saturated': False, 'first': 7800.800682096, 'last': 7800.800682096}, 'owner_signal_facts': {'capacity': 128, 'total': 0, 'dropped': 0, 'saturated': False, 'first': None, 'last': None}, 'request_counts': {'work': {'dispatch': 0, 'response': 0}, 'sample': {'dispatch': 0, 'response': 0}}, 'census_request_count': 0, 'max_gap': 0.011135610000565066, 'max_turn': 1.6697000319254585e-05, 'call_observations': [{'operation': 'tick', 'entered': 7800.786606466, 'deadline': 7800.855494722, 'returned': 7800.78662431, 'confirmed': None, 'error': None, 'ready_before': [], 'ready_after': []}, {'operation': 'tick', 'entered': 7800.79774175, 'deadline': 7800.855494722, 'returned': 7800.797751885, 'confirmed': None, 'error': None, 'ready_before': [], 'ready_after': []}, {'opera

======================================================================
FAIL: test_l13_oversized_frame (test_vipe_benchmark_supervisor.HelperSessionTests.test_l13_oversized_frame)
----------------------------------------------------------------------
Traceback (most recent call last):
  File "/home/auss/git_repos/samaust/Experiments_4DGS/tests/test_vipe_benchmark_supervisor.py", line 1372, in test_l13_oversized_frame
    def test_l13_oversized_frame(self): self.reject_ready('L13','oversized')
                                        ~~~~~~~~~~~~~~~~~^^^^^^^^^^^^^^^^^^^
  File "/home/auss/git_repos/samaust/Experiments_4DGS/tests/test_vipe_benchmark_supervisor.py", line 1273, in reject_ready
    self.assertTrue(session.close(session.cleanup_deadline))
    ~~~~~~~~~~~~~~~^^^^^^^^^^^^^^^^^^^^^^^^^^^^^^^^^^^^^^^^^
AssertionError: False is not true
timing_or_cleanup_check_0: AssertionError: False is not true : {'scenario': 'L13', 'mode': 'oversized', 'constructor_entry': 7800.884489502, 'action_cutoff': 7802.884489502, 'safety_cutoff': 7803.884489502, 'constructor_end': 7800.897095998, 't0': 7800.884507348, 'ready_deadline': 7800.964507348, 'setup_deadline': 7801.064507348, 'setup_cleanup_deadline': 7801.184507348, 'action_end': 7800.948678074, 'end': 7800.955248778, 'execution_seconds': 0.06418857199969352, 'cleanup_seconds': 0.006570704000296246, 'cleanup_confirmed': False, 'records': {'work': {'role': 'work', 'state': 'spawning', 'pid': None}, 'sample': {'role': 'sample', 'state': 'pending', 'pid': None}}, 'errors': [{'error_class': 'ValueError', 'message': 'owned dispatch/plan/status binding', 'phase': 'startup'}], 'signals': [], 'ticks': [7800.884507348, 7800.897105078, 7800.902191221, 7800.907268579, 7800.918083243, 7800.923177804], 'events': [{'event': 'fixture_spawn_entry', 'role': 'work', 'observed': 7800.889554119, 'ready_deadline': 7800.964507348}], 'trace_facts': {'capacity': 256, 'total': 1, 'dropped': 0, 'saturated': False, 'first': 7800.889555293, 'last': 7800.889555293}, 'tick_facts': {'capacity': 128, 'total': 6, 'dropped': 0, 'saturated': False, 'first': 7800.884510972, 'last': 7800.923177973}, 'owner_error_facts': {'capacity': 32, 'total': 1, 'dropped': 0, 'saturated': False, 'first': 7800.921370429, 'last': 7800.921370429}, 'owner_signal_facts': {'capacity': 128, 'total': 0, 'dropped': 0, 'saturated': False, 'first': None, 'last': None}, 'request_counts': {'work': {'dispatch': 0, 'response': 0}, 'sample': {'dispatch': 0, 'response': 0}}, 'census_request_count': 0, 'max_gap': 0.01259773000037967, 'max_turn': 1.577100010763388e-05, 'call_observations': [{'operation': 'tick', 'entered': 7800.897104505, 'deadline': 7800.964507348, 'returned': 7800.897121543, 'confirmed': None, 'error': None, 'ready_before': [], 'ready_after': []}, {'operation': 'tick', 'entered': 7800.902190542, 'deadline': 7800.964507348, 'returned': 7800.902199465, 'confirmed': None, 'error': None, 'ready_before': 

======================================================================
FAIL: test_l14_wrong_correlation (test_vipe_benchmark_supervisor.HelperSessionTests.test_l14_wrong_correlation)
----------------------------------------------------------------------
Traceback (most recent call last):
  File "/home/auss/git_repos/samaust/Experiments_4DGS/tests/test_vipe_benchmark_supervisor.py", line 1373, in test_l14_wrong_correlation
    def test_l14_wrong_correlation(self): self.reject_ready('L14','wrong_role')
                                          ~~~~~~~~~~~~~~~~~^^^^^^^^^^^^^^^^^^^^
  File "/home/auss/git_repos/samaust/Experiments_4DGS/tests/test_vipe_benchmark_supervisor.py", line 1273, in reject_ready
    self.assertTrue(session.close(session.cleanup_deadline))
    ~~~~~~~~~~~~~~~^^^^^^^^^^^^^^^^^^^^^^^^^^^^^^^^^^^^^^^^^
AssertionError: False is not true
timing_or_cleanup_check_0: AssertionError: False is not true : {'scenario': 'L14', 'mode': 'wrong_role', 'constructor_entry': 7800.955826717, 'action_cutoff': 7802.955826717, 'safety_cutoff': 7803.955826717, 'constructor_end': 7800.969342213, 't0': 7800.955849711, 'ready_deadline': 7801.035849711, 'setup_deadline': 7801.135849711, 'setup_cleanup_deadline': 7801.255849711, 'action_end': 7801.01317496, 'end': 7801.020070829, 'execution_seconds': 0.05734824299997854, 'cleanup_seconds': 0.006895869000800303, 'cleanup_confirmed': False, 'records': {'work': {'role': 'work', 'state': 'spawning', 'pid': None}, 'sample': {'role': 'sample', 'state': 'pending', 'pid': None}}, 'errors': [{'error_class': 'ValueError', 'message': 'owned dispatch/plan/status binding', 'phase': 'startup'}], 'signals': [], 'ticks': [7800.955849711, 7800.969352411, 7800.980662266, 7800.985755133], 'events': [{'event': 'fixture_spawn_entry', 'role': 'work', 'observed': 7800.961187256, 'ready_deadline': 7801.035849711}], 'trace_facts': {'capacity': 256, 'total': 1, 'dropped': 0, 'saturated': False, 'first': 7800.961187815, 'last': 7800.961187815}, 'tick_facts': {'capacity': 128, 'total': 4, 'dropped': 0, 'saturated': False, 'first': 7800.955854068, 'last': 7800.985755658}, 'owner_error_facts': {'capacity': 32, 'total': 1, 'dropped': 0, 'saturated': False, 'first': 7800.984097277, 'last': 7800.984097277}, 'owner_signal_facts': {'capacity': 128, 'total': 0, 'dropped': 0, 'saturated': False, 'first': None, 'last': None}, 'request_counts': {'work': {'dispatch': 0, 'response': 0}, 'sample': {'dispatch': 0, 'response': 0}}, 'census_request_count': 0, 'max_gap': 0.013502699999662582, 'max_turn': 2.1085000298626255e-05, 'call_observations': [{'operation': 'tick', 'entered': 7800.969351937, 'deadline': 7801.035849711, 'returned': 7800.969370953, 'confirmed': None, 'error': None, 'ready_before': [], 'ready_after': []}, {'operation': 'tick', 'entered': 7800.980659715, 'deadline': 7801.035849711, 'returned': 7800.980684209, 'confirmed': None, 'error': None, 'ready_before': [], 'ready_after': []}, {'oper

======================================================================
FAIL: test_l36_ambiguous_native_start_retained (test_vipe_benchmark_supervisor.HelperSessionTests.test_l36_ambiguous_native_start_retained)
----------------------------------------------------------------------
Traceback (most recent call last):
  File "/home/auss/git_repos/samaust/Experiments_4DGS/tests/test_vipe_benchmark_supervisor.py", line 1712, in test_l36_ambiguous_native_start_retained
    self.assertTrue(acquired)
    ~~~~~~~~~~~~~~~^^^^^^^^^^
AssertionError: [] is not true
L36 secondary: {'operation': 'retire_acquired', 'error_class': 'ValueError', 'message': 'different job handle'}
L36 secondary: {'operation': 'original_cleanup_assertions', 'error_class': 'AssertionError', 'message': 'False is not true'}

======================================================================
FAIL: test_progress_plan046_launch_deadline (test_vipe_benchmark_supervisor.HelperSessionTests.test_progress_plan046_launch_deadline) (kind='before', offset=-0.001)
----------------------------------------------------------------------
Traceback (most recent call last):
  File "/home/auss/git_repos/samaust/Experiments_4DGS/tests/test_vipe_benchmark_supervisor.py", line 2233, in test_progress_plan046_launch_deadline
    self.assertEqual(len(started),1 if case['kind']=='before' else 0)
    ~~~~~~~~~~~~~~~~^^^^^^^^^^^^^^^^^^^^^^^^^^^^^^^^^^^^^^^^^^^^^^^^^
AssertionError: 0 != 1

======================================================================
FAIL: test_progress_plan047_deadline_steps (test_vipe_benchmark_supervisor.HelperSessionTests.test_progress_plan047_deadline_steps) (operation='ack_receipt', when='equal')
----------------------------------------------------------------------
Traceback (most recent call last):
  File "/home/auss/git_repos/samaust/Experiments_4DGS/tests/test_vipe_benchmark_supervisor.py", line 3843, in test_progress_plan047_deadline_steps
    evidence.append(dict(case,source=source,events=seen,named_target=witness.target,named_successor=witness.successor,named_spec=witness.spec,real_predecessor=injection_observations,write_observations=write_observations,primary=primary_observation,retirement_complete=not owned_descriptors,deadline=deadline,work_deadline=deadline,total_deadline=segment_clock.total_deadline if name=='next_input' else state.clock.total_deadline,exact_injected_time=deadline+offset,observed=observed,actual_operations=operation_observations,descriptor_observations=descriptor_observations,forbidden_successor_entries=[v for v in operation_observations if v['state']=='actual_entry' and v['observed']>=deadline],reference=state.cache.reference(),partial_files=partial,fixture=fixture['request_record']))
                                                                                                                                                                                                                                                                                                                                                                                                                                                                                                                                                                                                                                                                                                                                ~~~~~~~~~~~~~~~~~~~~~^^
  File "/home/auss/git_repos/samaust/Experiments_4DGS/scripts/vipe_benchmark/s1_progress.py", line 670, in reference
    encode(value,SMALL_BYTES)
    ~~~~~~^^^^^^^^^^^^^^^^^^^
  File "/home/auss/git_repos/samaust/Experiments_4DGS/tests/test_vipe_benchmark_s1_helper_fixtures.py", line 1695, in observed
    if now()>=deadline():raise AssertionError('named '+role+' entered at deadline: '+name+'/'+attribute)
                         ^^^^^^^^^^^^^^^^^^^^^^^^^^^^^^^^^^^^^^^^^^^^^^^^^^^^^^^^^^^^^^^^^^^^^^^^^^^^^^^
AssertionError: named successor entered at deadline: ack_receipt/encode

======================================================================
FAIL: test_progress_plan047_deadline_steps (test_vipe_benchmark_supervisor.HelperSessionTests.test_progress_plan047_deadline_steps) (operation='ack_receipt', when='after')
----------------------------------------------------------------------
Traceback (most recent call last):
  File "/home/auss/git_repos/samaust/Experiments_4DGS/tests/test_vipe_benchmark_supervisor.py", line 3843, in test_progress_plan047_deadline_steps
    evidence.append(dict(case,source=source,events=seen,named_target=witness.target,named_successor=witness.successor,named_spec=witness.spec,real_predecessor=injection_observations,write_observations=write_observations,primary=primary_observation,retirement_complete=not owned_descriptors,deadline=deadline,work_deadline=deadline,total_deadline=segment_clock.total_deadline if name=='next_input' else state.clock.total_deadline,exact_injected_time=deadline+offset,observed=observed,actual_operations=operation_observations,descriptor_observations=descriptor_observations,forbidden_successor_entries=[v for v in operation_observations if v['state']=='actual_entry' and v['observed']>=deadline],reference=state.cache.reference(),partial_files=partial,fixture=fixture['request_record']))
                                                                                                                                                                                                                                                                                                                                                                                                                                                                                                                                                                                                                                                                                                                                ~~~~~~~~~~~~~~~~~~~~~^^
  File "/home/auss/git_repos/samaust/Experiments_4DGS/scripts/vipe_benchmark/s1_progress.py", line 670, in reference
    encode(value,SMALL_BYTES)
    ~~~~~~^^^^^^^^^^^^^^^^^^^
  File "/home/auss/git_repos/samaust/Experiments_4DGS/tests/test_vipe_benchmark_s1_helper_fixtures.py", line 1695, in observed
    if now()>=deadline():raise AssertionError('named '+role+' entered at deadline: '+name+'/'+attribute)
                         ^^^^^^^^^^^^^^^^^^^^^^^^^^^^^^^^^^^^^^^^^^^^^^^^^^^^^^^^^^^^^^^^^^^^^^^^^^^^^^^
AssertionError: named successor entered at deadline: ack_receipt/encode

======================================================================
FAIL: test_progress_plan047_deadline_steps (test_vipe_benchmark_supervisor.HelperSessionTests.test_progress_plan047_deadline_steps) (operation='runtime_guard', when='equal')
----------------------------------------------------------------------
Traceback (most recent call last):
  File "/home/auss/git_repos/samaust/Experiments_4DGS/tests/test_vipe_benchmark_supervisor.py", line 3808, in test_progress_plan047_deadline_steps
    self.assertIn(name,before_controls)
    ~~~~~~~~~~~~~^^^^^^^^^^^^^^^^^^^^^^
AssertionError: 'runtime_guard' not found in {'checkpoint_write': {'spec': {'target': {'operation': 'write', 'stage': 'write', 'phase': 'checkpoint'}, 'successor': {'operation': 'flush', 'stage': 'flush', 'phase': 'checkpoint'}}, 'target': [{'role': 'target', 'operation': 'write', 'stage': 'write', 'entered': 11381.141471087, 'completed': True, 'exited': 11381.141471087}], 'successor': [{'role': 'successor', 'operation': 'flush', 'stage': 'flush', 'entered': 11381.141471087, 'completed': True, 'exited': 11381.141471087}], 'predecessor': {'operation': 'checkpoint/fdopen', 'entered_before': 7811.233889384, 'returned_at': 11381.141471087}}, 'checkpoint_flush': {'spec': {'target': {'operation': 'flush', 'stage': 'flush', 'phase': 'checkpoint'}, 'successor': {'operation': 'fsync', 'stage': 'file_fsync', 'phase': 'checkpoint'}}, 'target': [{'role': 'target', 'operation': 'flush', 'stage': 'flush', 'entered': 11381.431458576, 'completed': True, 'exited': 11381.431458576}], 'successor': [{'role': 'successor', 'operation': 'fsync', 'stage': 'file_fsync', 'entered': 11381.431458576, 'completed': True, 'exited': 11381.431458576}], 'predecessor': {'operation': 'write/write', 'entered_before': 7811.524082386, 'returned_at': 11381.431458576}}, 'checkpoint_fsync': {'spec': {'target': {'operation': 'fsync', 'stage': 'file_fsync', 'phase': 'checkpoint'}, 'successor': {'operation': 'close', 'stage': 'close', 'phase': 'checkpoint'}}, 'target': [{'role': 'target', 'operation': 'fsync', 'stage': 'file_fsync', 'entered': 11381.720960276, 'completed': True, 'exited': 11381.720960276}], 'successor': [{'role': 'successor', 'operation': 'close', 'stage': 'close', 'entered': 11381.720960276, 'completed': True, 'exited': 11381.720960276}], 'predecessor': {'operation': 'flush/flush', 'entered_before': 7811.81488855, 'returned_at': 11381.720960276}}, 'checkpoint_close': {'spec': {'target': {'operation': 'close', 'stage': 'close', 'phase': 'checkpoint'}, 'successor': {'operation': 'read_bytes', 'stage': 'close_readback', 'phase': 'checkpoint'}}, 'target': [{'role': 'target', 'operation': 'close', 'stage': 'close', 'entered': 11382.012630885, 'completed': True, 'exited': 11382.012630885}], 'successor': [{'role': 'successor', 'operation': 'read_bytes', 'stage': 'close_readback', 'entered': 11382.012630885, 'completed': True, 'exited': 11382.012630885}], 'predecessor': {'operation': 'file_fsync/fsync', 'entered_before': 7812.107464439, 'returned_at': 11382.012630885}}, 'checkpoint_readback': {'spec': {'target': {'operation': 'read_bytes', 'stage': 'close_readback', 'phase': 'checkpoint'}, 'successor': {'operation': 'record', 'stage': 'close_readback', 'phase': 'checkpoint'}}, 'target': [{'role': 'target', 'operation': 'read_bytes', 'stage': 'close_readback', 'entered': 11382.30771204, 'completed': True, 'exited': 11382.30771204}], 'successor': [{'role': 'successor', 'operation': 'record', 'stage': 'close_readback', 'entered': 11382.30771204, 'completed': True, 'exited': 11382.30771204}], 'predecessor': {'operation': 'close/close', 'entered_before': 7812.40202722, 'returned_at': 11382.30771204}}, 'head_write': {'spec': {'target': {'operation': 'write', 'stage': 'write', 'phase': 'head'}, 'successor': {'operation': 'flush', 'stage': 'flush', 'phase': 'head'}}, 'target': [{'role': 'target', 'operation': 'write', 'stage': 'write', 'entered': 11382.602632851, 'completed': True, 'exited': 11382.602632851}], 'successor': [{'role': 'successor', 'operation': 'flush', 'stage': 'flush', 'entered': 11382.602632851, 'completed': True, 'exited': 11382.602632851}], 'predecessor': {'operation': 'head/fdopen', 'entered_before': 7812.696860624, 'returned_at': 11382.602632851}}, 'head_flush': {'spec': {'target': {'operation': 'flush', 'stage': 'flush', 'phase': 'head'}, 'successor': {'operation': 'fsync', 'stage': 'file_fsync', 'phase': 'head'}}, 'target': [{'role': 'target', 'operation': 'flush', 'stage': 'flush', 'entered': 11382.903540323001, 'completed': True, 'exited': 11382.903540323001}], 'successor': [{'role': 'successor', 'operation': 'fsync', 'stage': 'file_fsync', 'entered': 11382.903540323001, 'completed': True, 'exited': 11382.903540323001}], 'predecessor': {'operation': 'write/write', 'entered_before': 7812.995944159, 'returned_at': 11382.903540323001}}, 'head_fsync': {'spec': {'target': {'operation': 'fsync', 'stage': 'file_fsync', 'phase': 'head'}, 'successor': {'operation': 'close', 'stage': 'close', 'phase': 'head'}}, 'target': [{'role': 'target', 'operation': 'fsync', 'stage': 'file_fsync', 'entered': 11383.215676108, 'completed': True, 'exited': 11383.215676108}], 'successor': [{'role': 'successor', 'operation': 'close', 'stage': 'close', 'entered': 11383.215676108, 'completed': True, 'exited': 11383.215676108}], 'predecessor': {'operation': 'flush/flush', 'entered_before': 7813.308268378, 'returned_at': 11383.215676108}}, 'head_close': {'spec': {'target': {'operation': 'close', 'stage': 'close', 'phase': 'head'}, 'successor': {'operation': 'read_bytes', 'stage': 'close_readback', 'phase': 'head'}}, 'target': [{'role': 'target', 'operation': 'close', 'stage': 'close', 'entered': 11383.517610080999, 'completed': True, 'exited': 11383.517610080999}], 'successor': [{'role': 'successor', 'operation': 'read_bytes', 'stage': 'close_readback', 'entered': 11383.517610080999, 'completed': True, 'exited': 11383.517610080999}], 'predecessor': {'operation': 'file_fsync/fsync', 'entered_before': 7813.609336062, 'returned_at': 11383.517610080999}}, 'head_readback': {'spec': {'target': {'operation': 'read_bytes', 'stage': 'close_readback', 'phase': 'head'}, 'successor': {'operation': 'record', 'stage': 'close_readback', 'phase': 'head'}}, 'target': [{'role': 'target', 'operation': 'read_bytes', 'stage': 'close_readback', 'entered': 11383.817516408999, 'completed': True, 'exited': 11383.817516408999}], 'successor': [{'role': 'successor', 'operation': 'record', 'stage': 'close_readback', 'entered': 11383.817516408999, 'completed': True, 'exited': 11383.817516408999}], 'predecessor': {'operation': 'close/close', 'entered_before': 7813.910118941, 'returned_at': 11383.817516408999}}, 'generation_install': {'spec': {'target': {'module': 'os', 'operation': 'link'}, 'successor': {'module': 'os', 'operation': 'unlink'}}, 'target': [{'role': 'target', 'operation': 'link', 'entered': 11384.116818013, 'stage': 'generation_install', 'completed': True, 'exited': 11384.116818013}], 'successor': [{'role': 'successor', 'operation': 'unlink', 'entered': 11384.116818013, 'stage': 'generation_install', 'completed': True, 'exited': 11384.116818013}], 'predecessor': {'operation': '/tmp/tmpu7hvu8dr/30/jobs/S1-progress-cf8a42cb57f54ea3bf2d19a874707988/worker/checkpoint.tmp/durable_write_return', 'entered_before': 7814.211509466, 'returned_at': 11384.116818013}}, 'generation_dir_fsync': {'spec': {'target': {'module': 'vipe_benchmark.s1_progress', 'operation': 'fsync_dir'}, 'successor': {'module': 'vipe_benchmark.s1_progress', 'operation': 'record'}}, 'target': [{'role': 'target', 'operation': 'fsync_dir', 'entered': 11384.413204827, 'stage': 'generation_directory_fsync', 'completed': True, 'exited': 11384.413204827}], 'successor': [{'role': 'successor', 'operation': 'record', 'entered': 11384.413204827, 'stage': 'generation_directory_fsync', 'completed': True, 'exited': 11384.413204827}], 'predecessor': {'operation': 'generation_install/unlink', 'entered_before': 7814.510045536, 'returned_at': 11384.413204827}}, 'generation_reopen_hash': {'spec': {'target': {'module': 'vipe_benchmark.s1_progress', 'operation': 'read_record'}, 'successor': {'module': 'vipe_benchmark.s1_progress', 'operation': 'encode'}}, 'target': [{'role': 'target', 'operation': 'read_record', 'entered': 11384.712289995, 'stage': 'generation_reopen_hash', 'completed': True, 'exited': 11384.712289995}], 'successor': [{'role': 'successor', 'operation': 'encode', 'entered': 11384.712289995, 'stage': 'generation_reopen_hash', 'completed': True, 'exited': 11384.712289995}], 'predecessor': {'operation': 'generation_directory_fsync/record', 'entered_before': 7814.807293637, 'returned_at': 11384.712289995}}, 'head_install': {'spec': {'target': {'module': 'os', 'operation': 'replace'}, 'successor': {'module': 'vipe_benchmark.s1_progress', 'operation': 'fsync_dir'}}, 'target': [{'role': 'target', 'operation': 'replace', 'entered': 11385.010991337, 'stage': 'head_install', 'completed': True, 'exited': 11385.010991337}], 'successor': [{'role': 'successor', 'operation': 'fsync_dir', 'entered': 11385.010991337, 'stage': 'head_directory_fsync', 'completed': True, 'exited': 11385.010991337}], 'predecessor': {'operation': '/tmp/tmpu7hvu8dr/39/jobs/S1-progress-f9ef8181acbf452b9a1070468fc09a1c/worker/head.tmp/durable_write_return', 'entered_before': 7815.106263648, 'returned_at': 11385.010991337}}, 'head_dir_fsync': {'spec': {'target': {'module': 'vipe_benchmark.s1_progress', 'operation': 'fsync_dir'}, 'successor': {'module': 'vipe_benchmark.s1_progress', 'operation': 'record'}}, 'target': [{'role': 'target', 'operation': 'fsync_dir', 'entered': 11385.318210888, 'stage': 'head_directory_fsync', 'completed': True, 'exited': 11385.318210888}], 'successor': [{'role': 'successor', 'operation': 'record', 'entered': 11385.318210888, 'stage': 'head_directory_fsync', 'completed': True, 'exited': 11385.318210888}], 'predecessor': {'operation': 'head_install/replace', 'entered_before': 7815.410932507, 'returned_at': 11385.318210888}}, 'final_head_read': {'spec': {'target': {'module': 'vipe_benchmark.s1_progress', 'operation': 'read_record'}, 'successor': {'module': 'vipe_benchmark.s1_progress', 'operation': 'read_record'}}, 'target': [{'role': 'target', 'operation': 'read_record', 'entered': 11385.62152651, 'stage': 'final_head_read', 'completed': True, 'exited': 11385.62152651}], 'successor': [{'role': 'successor', 'operation': 'read_record', 'entered': 11385.62152651, 'stage': 'final_generation_read', 'completed': True, 'exited': 11385.62152651}], 'predecessor': {'operation': 'head_directory_fsync/record', 'entered_before': 7815.713240408, 'returned_at': 11385.62152651}}, 'final_generation_read': {'spec': {'target': {'module': 'vipe_benchmark.s1_progress', 'operation': 'read_record'}, 'successor': {'module': 'vipe_benchmark.s1_progress', 'operation': 'encode'}}, 'target': [{'role': 'target', 'operation': 'read_record', 'entered': 11385.925336512999, 'stage': 'final_generation_read', 'completed': True, 'exited': 11385.925336512999}], 'successor': [{'role': 'successor', 'operation': 'encode', 'entered': 11385.925336512999, 'stage': 'final_generation_read', 'completed': True, 'exited': 11385.925336512999}], 'predecessor': {'operation': 'final_head_read/read_record', 'entered_before': 7816.017119953, 'returned_at': 11385.925336512999}}, 'notice_send': {'spec': {'target': {'operation': 'publisher.sendto'}, 'successor': {'module': 'vipe_benchmark.s1_progress', 'operation': 'receive'}}, 'target': [{'role': 'target', 'operation': 'sendto', 'entered': 11386.249814506999, 'stage': 'notice_send', 'completed': True, 'exited': 11386.249814506999}], 'successor': [{'role': 'successor', 'operation': 'receive', 'entered': 11386.249814506999, 'stage': 'notice_receive', 'completed': True, 'exited': 11386.249814506999}, {'role': 'successor', 'operation': 'receive', 'entered': 11386.249814506999, 'stage': 'ack_receipt', 'completed': True, 'exited': 11386.249814506999}], 'predecessor': {'operation': 's1-progress-notice/v1/encode', 'entered_before': 11386.000814506999, 'returned_at': 11386.249814506999}}, 'owner_retention': {'spec': {'target': {'module': 'RetainedProgress', 'operation': 'acknowledge'}, 'successor': {'module': 'RetainedProgress', 'operation': 'retain'}}, 'target': [{'role': 'target', 'operation': 'acknowledge', 'entered': 11386.560587949, 'stage': 'retention:after', 'completed': True, 'exited': 11386.560587949}], 'successor': [{'role': 'successor', 'operation': 'retain', 'entered': 11386.560587949, 'stage': 'retention:after', 'completed': True, 'exited': 11386.560587949}], 'predecessor': {'operation': 's1-progress-ack/v1/encode', 'entered_before': 11386.311587949, 'returned_at': 11386.560587949}}, 'ack_send': {'spec': {'target': {'operation': 'owner.sendto'}, 'successor': {'module': 'vipe_benchmark.s1_progress', 'operation': 'receive'}}, 'target': [{'role': 'target', 'operation': 'sendto', 'entered': 11386.875079472, 'stage': 'ack_send', 'completed': True, 'exited': 11386.875079472}], 'successor': [{'role': 'successor', 'operation': 'receive', 'entered': 11386.875079472, 'stage': 'ack_receipt', 'completed': True, 'exited': 11386.875079472}], 'predecessor': {'operation': 'RetainedProgress.retain', 'entered_before': 11386.626079472, 'returned_at': 11386.875079472}}, 'ack_receipt': {'spec': {'target': {'module': 'vipe_benchmark.s1_progress', 'operation': 'ack_correlation'}, 'successor': {'module': 'vipe_benchmark.s1_progress', 'operation': 'encode'}}, 'target': [{'role': 'target', 'operation': 'ack_correlation', 'entered': 11387.194371734, 'stage': 'ack_receipt:after', 'completed': True, 'exited': 11387.194371734}], 'successor': [{'role': 'successor', 'operation': 'encode', 'entered': 11387.194371734, 'stage': 'ack_receipt:after', 'completed': True, 'exited': 11387.194371734}, {'role': 'successor', 'operation': 'encode', 'entered': 11387.194371734, 'stage': 'ack_receipt:after', 'completed': True, 'exited': 11387.194371734}], 'predecessor': {'operation': 'matching_ack_receive', 'entered_before': 11386.945371734, 'returned_at': 11387.194371734}}, 'array_npy': {'spec': {'target': {'module': 'numpy', 'operation': 'save'}, 'successor': {'module': 'DeadlineSink', 'operation': 'write'}}, 'target': [{'role': 'target', 'operation': 'save', 'entered': 11387.518620078, 'stage': '', 'completed': True, 'exited': 11387.518620078}], 'successor': [{'role': 'successor', 'operation': 'write', 'entered': 11387.518620078, 'stage': '', 'completed': True, 'exited': 11387.518620078}, {'role': 'successor', 'operation': 'write', 'entered': 11387.518620078, 'stage': '', 'completed': True, 'exited': 11387.518620078}], 'predecessor': {'operation': 'array_unbuffered_open_return', 'entered_before': 7817.620747, 'returned_at': 11387.518620078}}, 'array_png': {'spec': {'target': {'module': 'cv2', 'operation': 'imencode'}, 'successor': {'module': 'vipe_benchmark.s1_progress', 'operation': 'write_exclusive'}}, 'target': [{'role': 'target', 'operation': 'imencode', 'entered': 11387.813365594, 'stage': '', 'completed': True, 'exited': 11387.813365594}], 'successor': [{'role': 'successor', 'operation': 'write_exclusive', 'entered': 11387.813365594, 'stage': '', 'completed': True, 'exited': 11387.813365594}], 'predecessor': {'operation': 'png_destination_stat_return', 'entered_before': 7817.906138458, 'returned_at': 11387.813365594}}, 'npz_member': {'spec': {'target': {'module': 'ZipFile', 'operation': 'open'}, 'successor': {'module': 'numpy.lib.format', 'operation': 'write_array'}}, 'target': [{'role': 'target', 'operation': 'open', 'entered': 11388.096544103999, 'stage': '', 'completed': True, 'exited': 11388.096544103999}], 'successor': [{'role': 'successor', 'operation': 'write_array', 'entered': 11388.096544103999, 'stage': '', 'completed': True, 'exited': 11388.096544103999}], 'predecessor': {'operation': 'second_npz_array_conversion_return_before_member_open', 'entered_before': 7818.189621991, 'returned_at': 11388.096544103999}}, 'npz_finalize': {'spec': {'target': {'module': 'ZipFile', 'operation': 'close'}, 'successor': {'module': 'DeadlineSink', 'operation': 'write'}}, 'target': [{'role': 'target', 'operation': 'close', 'entered': 11388.381075532001, 'stage': '', 'completed': True, 'exited': 11388.381075532001}], 'successor': [{'role': 'successor', 'operation': 'write', 'entered': 11388.381075532001, 'stage': '', 'completed': True, 'exited': 11388.381075532001}, {'role': 'successor', 'operation': 'write', 'entered': 11388.381075532001, 'stage': '', 'completed': True, 'exited': 11388.381075532001}, {'role': 'successor', 'operation': 'write', 'entered': 11388.381075532001, 'stage': '', 'completed': True, 'exited': 11388.381075532001}, {'role': 'successor', 'operation': 'write', 'entered': 11388.381075532001, 'stage': '', 'completed': True, 'exited': 11388.381075532001}, {'role': 'successor', 'operation': 'write', 'entered': 11388.381075532001, 'stage': '', 'completed': True, 'exited': 11388.381075532001}, {'role': 'successor', 'operation': 'write', 'entered': 11388.381075532001, 'stage': '', 'completed': True, 'exited': 11388.381075532001}, {'role': 'successor', 'operation': 'write', 'entered': 11388.381075532001, 'stage': '', 'completed': True, 'exited': 11388.381075532001}, {'role': 'successor', 'operation': 'write', 'entered': 11388.381075532001, 'stage': '', 'completed': True, 'exited': 11388.381075532001}, {'role': 'successor', 'operation': 'write', 'entered': 11388.381075532001, 'stage': '', 'completed': True, 'exited': 11388.381075532001}, {'role': 'successor', 'operation': 'write', 'entered': 11388.381075532001, 'stage': '', 'completed': True, 'exited': 11388.381075532001}], 'predecessor': {'operation': 'npz_member_2_close_return', 'entered_before': 7818.474897263, 'returned_at': 11388.381075532001}}, 'array_hash': {'spec': {'target': {'module': 'vipe_benchmark.s1_progress', 'operation': 'checked_file_record'}, 'successor': {'module': 'vipe_benchmark.s1_progress', 'operation': 'read_bytes'}}, 'target': [{'role': 'target', 'operation': 'checked_file_record', 'entered': 11388.666367762, 'stage': '', 'completed': True, 'exited': 11388.666367762}], 'successor': [{'role': 'successor', 'operation': 'read_bytes', 'entered': 11388.666367762, 'stage': '', 'completed': True, 'exited': 11388.666367762}], 'predecessor': {'operation': 'array_normal_close_return_before_hash', 'entered_before': 7818.759013814, 'returned_at': 11388.666367762}}, 'produced_json': {'spec': {'target': {'module': 'vipe_benchmark.s1_progress', 'operation': 'encode'}, 'successor': {'module': 'vipe_benchmark.s1_progress', 'operation': 'write_exclusive'}}, 'target': [{'role': 'target', 'operation': 'encode', 'entered': 11388.949940632, 'stage': '', 'completed': True, 'exited': 11388.949940632}, {'role': 'target', 'operation': 'encode', 'entered': 11388.949940632, 'stage': '', 'completed': True, 'exited': 11388.949940632}, {'role': 'target', 'operation': 'encode', 'entered': 11388.949940632, 'stage': '', 'completed': True, 'exited': 11388.949940632}, {'role': 'target', 'operation': 'encode', 'entered': 11388.949940632, 'stage': '', 'completed': True, 'exited': 11388.949940632}], 'successor': [{'role': 'successor', 'operation': 'write_exclusive', 'entered': 11388.949940632, 'stage': '', 'completed': True, 'exited': 11388.949940632}], 'predecessor': {'operation': 'input_manifest_read_and_parse_return', 'entered_before': 7819.042337342, 'returned_at': 11388.949940632}}, 'produced_read': {'spec': {'target': {'module': 'vipe_benchmark.s1_progress', 'operation': 'read_record'}, 'successor': {'module': 'vipe_benchmark.s1_evidence', 'operation': 'produced_row'}}, 'target': [{'role': 'target', 'operation': 'read_record', 'entered': 11389.366844151999, 'stage': '', 'completed': True, 'exited': 11389.366844151999}], 'successor': [{'role': 'successor', 'operation': 'produced_row', 'entered': 11389.366844151999, 'stage': '', 'completed': True, 'exited': 11389.366844151999}], 'predecessor': {'operation': 'produced_row_durable_write_return', 'entered_before': 7819.458685292, 'returned_at': 11389.366844151999}}, 'produced_guard': {'spec': {'target': {'module': 'vipe_benchmark.s1_evidence', 'operation': 'produced_row'}, 'successor': {'module': 'Publisher', 'operation': 'seal'}}, 'target': [{'role': 'target', 'operation': 'produced_row', 'entered': 11389.764237784999, 'stage': '', 'completed': True, 'exited': 11389.764237784999}], 'successor': [{'role': 'successor', 'operation': 'seal', 'entered': 11389.764237784999, 'stage': '', 'completed': True, 'exited': 11389.764237784999}, {'role': 'successor', 'operation': 'seal', 'entered': 11389.764237784999, 'stage': '', 'completed': True, 'exited': 11389.764237784999}], 'predecessor': {'operation': 'produced_row_read_hash_parse_return', 'entered_before': 7819.858565753, 'returned_at': 11389.764237784999}}, 'qualified_guard': {'spec': {'target': {'module': 'vipe_benchmark.s1_evidence', 'operation': 'qualify_row'}, 'successor': {'module': 'vipe_benchmark.s1_progress', 'operation': 'write_exclusive'}}, 'target': [{'role': 'target', 'operation': 'qualify_row', 'entered': 11390.169266268, 'stage': '', 'completed': True, 'exited': 11390.169266268}], 'successor': [{'role': 'successor', 'operation': 'write_exclusive', 'entered': 11390.169266268, 'stage': '', 'completed': True, 'exited': 11390.169266268}], 'predecessor': {'operation': 'produced_guard_seal_ack_return', 'entered_before': 7820.264202003, 'returned_at': 11390.169266268}}, 'first_guard': {'spec': {'target': {'module': 'vipe_benchmark.s1_evidence', 'operation': 'verify_first'}, 'successor': {'module': 'vipe_benchmark.s1_evidence', 'operation': 'qualify_runtime'}}, 'target': [{'role': 'target', 'operation': 'verify_first', 'entered': 11390.628841856, 'stage': '', 'completed': True, 'exited': 11390.628841856}], 'successor': [{'role': 'successor', 'operation': 'qualify_runtime', 'entered': 11390.628841856, 'stage': '', 'completed': True, 'exited': 11390.628841856}], 'predecessor': {'operation': 'first_metadata_read_parse_return', 'entered_before': 7820.721912188, 'returned_at': 11390.628841856}}}

======================================================================
FAIL: test_progress_plan047_deadline_steps (test_vipe_benchmark_supervisor.HelperSessionTests.test_progress_plan047_deadline_steps) (operation='runtime_guard', when='after')
----------------------------------------------------------------------
Traceback (most recent call last):
  File "/home/auss/git_repos/samaust/Experiments_4DGS/tests/test_vipe_benchmark_supervisor.py", line 3808, in test_progress_plan047_deadline_steps
    self.assertIn(name,before_controls)
    ~~~~~~~~~~~~~^^^^^^^^^^^^^^^^^^^^^^
AssertionError: 'runtime_guard' not found in {'checkpoint_write': {'spec': {'target': {'operation': 'write', 'stage': 'write', 'phase': 'checkpoint'}, 'successor': {'operation': 'flush', 'stage': 'flush', 'phase': 'checkpoint'}}, 'target': [{'role': 'target', 'operation': 'write', 'stage': 'write', 'entered': 11381.141471087, 'completed': True, 'exited': 11381.141471087}], 'successor': [{'role': 'successor', 'operation': 'flush', 'stage': 'flush', 'entered': 11381.141471087, 'completed': True, 'exited': 11381.141471087}], 'predecessor': {'operation': 'checkpoint/fdopen', 'entered_before': 7811.233889384, 'returned_at': 11381.141471087}}, 'checkpoint_flush': {'spec': {'target': {'operation': 'flush', 'stage': 'flush', 'phase': 'checkpoint'}, 'successor': {'operation': 'fsync', 'stage': 'file_fsync', 'phase': 'checkpoint'}}, 'target': [{'role': 'target', 'operation': 'flush', 'stage': 'flush', 'entered': 11381.431458576, 'completed': True, 'exited': 11381.431458576}], 'successor': [{'role': 'successor', 'operation': 'fsync', 'stage': 'file_fsync', 'entered': 11381.431458576, 'completed': True, 'exited': 11381.431458576}], 'predecessor': {'operation': 'write/write', 'entered_before': 7811.524082386, 'returned_at': 11381.431458576}}, 'checkpoint_fsync': {'spec': {'target': {'operation': 'fsync', 'stage': 'file_fsync', 'phase': 'checkpoint'}, 'successor': {'operation': 'close', 'stage': 'close', 'phase': 'checkpoint'}}, 'target': [{'role': 'target', 'operation': 'fsync', 'stage': 'file_fsync', 'entered': 11381.720960276, 'completed': True, 'exited': 11381.720960276}], 'successor': [{'role': 'successor', 'operation': 'close', 'stage': 'close', 'entered': 11381.720960276, 'completed': True, 'exited': 11381.720960276}], 'predecessor': {'operation': 'flush/flush', 'entered_before': 7811.81488855, 'returned_at': 11381.720960276}}, 'checkpoint_close': {'spec': {'target': {'operation': 'close', 'stage': 'close', 'phase': 'checkpoint'}, 'successor': {'operation': 'read_bytes', 'stage': 'close_readback', 'phase': 'checkpoint'}}, 'target': [{'role': 'target', 'operation': 'close', 'stage': 'close', 'entered': 11382.012630885, 'completed': True, 'exited': 11382.012630885}], 'successor': [{'role': 'successor', 'operation': 'read_bytes', 'stage': 'close_readback', 'entered': 11382.012630885, 'completed': True, 'exited': 11382.012630885}], 'predecessor': {'operation': 'file_fsync/fsync', 'entered_before': 7812.107464439, 'returned_at': 11382.012630885}}, 'checkpoint_readback': {'spec': {'target': {'operation': 'read_bytes', 'stage': 'close_readback', 'phase': 'checkpoint'}, 'successor': {'operation': 'record', 'stage': 'close_readback', 'phase': 'checkpoint'}}, 'target': [{'role': 'target', 'operation': 'read_bytes', 'stage': 'close_readback', 'entered': 11382.30771204, 'completed': True, 'exited': 11382.30771204}], 'successor': [{'role': 'successor', 'operation': 'record', 'stage': 'close_readback', 'entered': 11382.30771204, 'completed': True, 'exited': 11382.30771204}], 'predecessor': {'operation': 'close/close', 'entered_before': 7812.40202722, 'returned_at': 11382.30771204}}, 'head_write': {'spec': {'target': {'operation': 'write', 'stage': 'write', 'phase': 'head'}, 'successor': {'operation': 'flush', 'stage': 'flush', 'phase': 'head'}}, 'target': [{'role': 'target', 'operation': 'write', 'stage': 'write', 'entered': 11382.602632851, 'completed': True, 'exited': 11382.602632851}], 'successor': [{'role': 'successor', 'operation': 'flush', 'stage': 'flush', 'entered': 11382.602632851, 'completed': True, 'exited': 11382.602632851}], 'predecessor': {'operation': 'head/fdopen', 'entered_before': 7812.696860624, 'returned_at': 11382.602632851}}, 'head_flush': {'spec': {'target': {'operation': 'flush', 'stage': 'flush', 'phase': 'head'}, 'successor': {'operation': 'fsync', 'stage': 'file_fsync', 'phase': 'head'}}, 'target': [{'role': 'target', 'operation': 'flush', 'stage': 'flush', 'entered': 11382.903540323001, 'completed': True, 'exited': 11382.903540323001}], 'successor': [{'role': 'successor', 'operation': 'fsync', 'stage': 'file_fsync', 'entered': 11382.903540323001, 'completed': True, 'exited': 11382.903540323001}], 'predecessor': {'operation': 'write/write', 'entered_before': 7812.995944159, 'returned_at': 11382.903540323001}}, 'head_fsync': {'spec': {'target': {'operation': 'fsync', 'stage': 'file_fsync', 'phase': 'head'}, 'successor': {'operation': 'close', 'stage': 'close', 'phase': 'head'}}, 'target': [{'role': 'target', 'operation': 'fsync', 'stage': 'file_fsync', 'entered': 11383.215676108, 'completed': True, 'exited': 11383.215676108}], 'successor': [{'role': 'successor', 'operation': 'close', 'stage': 'close', 'entered': 11383.215676108, 'completed': True, 'exited': 11383.215676108}], 'predecessor': {'operation': 'flush/flush', 'entered_before': 7813.308268378, 'returned_at': 11383.215676108}}, 'head_close': {'spec': {'target': {'operation': 'close', 'stage': 'close', 'phase': 'head'}, 'successor': {'operation': 'read_bytes', 'stage': 'close_readback', 'phase': 'head'}}, 'target': [{'role': 'target', 'operation': 'close', 'stage': 'close', 'entered': 11383.517610080999, 'completed': True, 'exited': 11383.517610080999}], 'successor': [{'role': 'successor', 'operation': 'read_bytes', 'stage': 'close_readback', 'entered': 11383.517610080999, 'completed': True, 'exited': 11383.517610080999}], 'predecessor': {'operation': 'file_fsync/fsync', 'entered_before': 7813.609336062, 'returned_at': 11383.517610080999}}, 'head_readback': {'spec': {'target': {'operation': 'read_bytes', 'stage': 'close_readback', 'phase': 'head'}, 'successor': {'operation': 'record', 'stage': 'close_readback', 'phase': 'head'}}, 'target': [{'role': 'target', 'operation': 'read_bytes', 'stage': 'close_readback', 'entered': 11383.817516408999, 'completed': True, 'exited': 11383.817516408999}], 'successor': [{'role': 'successor', 'operation': 'record', 'stage': 'close_readback', 'entered': 11383.817516408999, 'completed': True, 'exited': 11383.817516408999}], 'predecessor': {'operation': 'close/close', 'entered_before': 7813.910118941, 'returned_at': 11383.817516408999}}, 'generation_install': {'spec': {'target': {'module': 'os', 'operation': 'link'}, 'successor': {'module': 'os', 'operation': 'unlink'}}, 'target': [{'role': 'target', 'operation': 'link', 'entered': 11384.116818013, 'stage': 'generation_install', 'completed': True, 'exited': 11384.116818013}], 'successor': [{'role': 'successor', 'operation': 'unlink', 'entered': 11384.116818013, 'stage': 'generation_install', 'completed': True, 'exited': 11384.116818013}], 'predecessor': {'operation': '/tmp/tmpu7hvu8dr/30/jobs/S1-progress-cf8a42cb57f54ea3bf2d19a874707988/worker/checkpoint.tmp/durable_write_return', 'entered_before': 7814.211509466, 'returned_at': 11384.116818013}}, 'generation_dir_fsync': {'spec': {'target': {'module': 'vipe_benchmark.s1_progress', 'operation': 'fsync_dir'}, 'successor': {'module': 'vipe_benchmark.s1_progress', 'operation': 'record'}}, 'target': [{'role': 'target', 'operation': 'fsync_dir', 'entered': 11384.413204827, 'stage': 'generation_directory_fsync', 'completed': True, 'exited': 11384.413204827}], 'successor': [{'role': 'successor', 'operation': 'record', 'entered': 11384.413204827, 'stage': 'generation_directory_fsync', 'completed': True, 'exited': 11384.413204827}], 'predecessor': {'operation': 'generation_install/unlink', 'entered_before': 7814.510045536, 'returned_at': 11384.413204827}}, 'generation_reopen_hash': {'spec': {'target': {'module': 'vipe_benchmark.s1_progress', 'operation': 'read_record'}, 'successor': {'module': 'vipe_benchmark.s1_progress', 'operation': 'encode'}}, 'target': [{'role': 'target', 'operation': 'read_record', 'entered': 11384.712289995, 'stage': 'generation_reopen_hash', 'completed': True, 'exited': 11384.712289995}], 'successor': [{'role': 'successor', 'operation': 'encode', 'entered': 11384.712289995, 'stage': 'generation_reopen_hash', 'completed': True, 'exited': 11384.712289995}], 'predecessor': {'operation': 'generation_directory_fsync/record', 'entered_before': 7814.807293637, 'returned_at': 11384.712289995}}, 'head_install': {'spec': {'target': {'module': 'os', 'operation': 'replace'}, 'successor': {'module': 'vipe_benchmark.s1_progress', 'operation': 'fsync_dir'}}, 'target': [{'role': 'target', 'operation': 'replace', 'entered': 11385.010991337, 'stage': 'head_install', 'completed': True, 'exited': 11385.010991337}], 'successor': [{'role': 'successor', 'operation': 'fsync_dir', 'entered': 11385.010991337, 'stage': 'head_directory_fsync', 'completed': True, 'exited': 11385.010991337}], 'predecessor': {'operation': '/tmp/tmpu7hvu8dr/39/jobs/S1-progress-f9ef8181acbf452b9a1070468fc09a1c/worker/head.tmp/durable_write_return', 'entered_before': 7815.106263648, 'returned_at': 11385.010991337}}, 'head_dir_fsync': {'spec': {'target': {'module': 'vipe_benchmark.s1_progress', 'operation': 'fsync_dir'}, 'successor': {'module': 'vipe_benchmark.s1_progress', 'operation': 'record'}}, 'target': [{'role': 'target', 'operation': 'fsync_dir', 'entered': 11385.318210888, 'stage': 'head_directory_fsync', 'completed': True, 'exited': 11385.318210888}], 'successor': [{'role': 'successor', 'operation': 'record', 'entered': 11385.318210888, 'stage': 'head_directory_fsync', 'completed': True, 'exited': 11385.318210888}], 'predecessor': {'operation': 'head_install/replace', 'entered_before': 7815.410932507, 'returned_at': 11385.318210888}}, 'final_head_read': {'spec': {'target': {'module': 'vipe_benchmark.s1_progress', 'operation': 'read_record'}, 'successor': {'module': 'vipe_benchmark.s1_progress', 'operation': 'read_record'}}, 'target': [{'role': 'target', 'operation': 'read_record', 'entered': 11385.62152651, 'stage': 'final_head_read', 'completed': True, 'exited': 11385.62152651}], 'successor': [{'role': 'successor', 'operation': 'read_record', 'entered': 11385.62152651, 'stage': 'final_generation_read', 'completed': True, 'exited': 11385.62152651}], 'predecessor': {'operation': 'head_directory_fsync/record', 'entered_before': 7815.713240408, 'returned_at': 11385.62152651}}, 'final_generation_read': {'spec': {'target': {'module': 'vipe_benchmark.s1_progress', 'operation': 'read_record'}, 'successor': {'module': 'vipe_benchmark.s1_progress', 'operation': 'encode'}}, 'target': [{'role': 'target', 'operation': 'read_record', 'entered': 11385.925336512999, 'stage': 'final_generation_read', 'completed': True, 'exited': 11385.925336512999}], 'successor': [{'role': 'successor', 'operation': 'encode', 'entered': 11385.925336512999, 'stage': 'final_generation_read', 'completed': True, 'exited': 11385.925336512999}], 'predecessor': {'operation': 'final_head_read/read_record', 'entered_before': 7816.017119953, 'returned_at': 11385.925336512999}}, 'notice_send': {'spec': {'target': {'operation': 'publisher.sendto'}, 'successor': {'module': 'vipe_benchmark.s1_progress', 'operation': 'receive'}}, 'target': [{'role': 'target', 'operation': 'sendto', 'entered': 11386.249814506999, 'stage': 'notice_send', 'completed': True, 'exited': 11386.249814506999}], 'successor': [{'role': 'successor', 'operation': 'receive', 'entered': 11386.249814506999, 'stage': 'notice_receive', 'completed': True, 'exited': 11386.249814506999}, {'role': 'successor', 'operation': 'receive', 'entered': 11386.249814506999, 'stage': 'ack_receipt', 'completed': True, 'exited': 11386.249814506999}], 'predecessor': {'operation': 's1-progress-notice/v1/encode', 'entered_before': 11386.000814506999, 'returned_at': 11386.249814506999}}, 'owner_retention': {'spec': {'target': {'module': 'RetainedProgress', 'operation': 'acknowledge'}, 'successor': {'module': 'RetainedProgress', 'operation': 'retain'}}, 'target': [{'role': 'target', 'operation': 'acknowledge', 'entered': 11386.560587949, 'stage': 'retention:after', 'completed': True, 'exited': 11386.560587949}], 'successor': [{'role': 'successor', 'operation': 'retain', 'entered': 11386.560587949, 'stage': 'retention:after', 'completed': True, 'exited': 11386.560587949}], 'predecessor': {'operation': 's1-progress-ack/v1/encode', 'entered_before': 11386.311587949, 'returned_at': 11386.560587949}}, 'ack_send': {'spec': {'target': {'operation': 'owner.sendto'}, 'successor': {'module': 'vipe_benchmark.s1_progress', 'operation': 'receive'}}, 'target': [{'role': 'target', 'operation': 'sendto', 'entered': 11386.875079472, 'stage': 'ack_send', 'completed': True, 'exited': 11386.875079472}], 'successor': [{'role': 'successor', 'operation': 'receive', 'entered': 11386.875079472, 'stage': 'ack_receipt', 'completed': True, 'exited': 11386.875079472}], 'predecessor': {'operation': 'RetainedProgress.retain', 'entered_before': 11386.626079472, 'returned_at': 11386.875079472}}, 'ack_receipt': {'spec': {'target': {'module': 'vipe_benchmark.s1_progress', 'operation': 'ack_correlation'}, 'successor': {'module': 'vipe_benchmark.s1_progress', 'operation': 'encode'}}, 'target': [{'role': 'target', 'operation': 'ack_correlation', 'entered': 11387.194371734, 'stage': 'ack_receipt:after', 'completed': True, 'exited': 11387.194371734}], 'successor': [{'role': 'successor', 'operation': 'encode', 'entered': 11387.194371734, 'stage': 'ack_receipt:after', 'completed': True, 'exited': 11387.194371734}, {'role': 'successor', 'operation': 'encode', 'entered': 11387.194371734, 'stage': 'ack_receipt:after', 'completed': True, 'exited': 11387.194371734}], 'predecessor': {'operation': 'matching_ack_receive', 'entered_before': 11386.945371734, 'returned_at': 11387.194371734}}, 'array_npy': {'spec': {'target': {'module': 'numpy', 'operation': 'save'}, 'successor': {'module': 'DeadlineSink', 'operation': 'write'}}, 'target': [{'role': 'target', 'operation': 'save', 'entered': 11387.518620078, 'stage': '', 'completed': True, 'exited': 11387.518620078}], 'successor': [{'role': 'successor', 'operation': 'write', 'entered': 11387.518620078, 'stage': '', 'completed': True, 'exited': 11387.518620078}, {'role': 'successor', 'operation': 'write', 'entered': 11387.518620078, 'stage': '', 'completed': True, 'exited': 11387.518620078}], 'predecessor': {'operation': 'array_unbuffered_open_return', 'entered_before': 7817.620747, 'returned_at': 11387.518620078}}, 'array_png': {'spec': {'target': {'module': 'cv2', 'operation': 'imencode'}, 'successor': {'module': 'vipe_benchmark.s1_progress', 'operation': 'write_exclusive'}}, 'target': [{'role': 'target', 'operation': 'imencode', 'entered': 11387.813365594, 'stage': '', 'completed': True, 'exited': 11387.813365594}], 'successor': [{'role': 'successor', 'operation': 'write_exclusive', 'entered': 11387.813365594, 'stage': '', 'completed': True, 'exited': 11387.813365594}], 'predecessor': {'operation': 'png_destination_stat_return', 'entered_before': 7817.906138458, 'returned_at': 11387.813365594}}, 'npz_member': {'spec': {'target': {'module': 'ZipFile', 'operation': 'open'}, 'successor': {'module': 'numpy.lib.format', 'operation': 'write_array'}}, 'target': [{'role': 'target', 'operation': 'open', 'entered': 11388.096544103999, 'stage': '', 'completed': True, 'exited': 11388.096544103999}], 'successor': [{'role': 'successor', 'operation': 'write_array', 'entered': 11388.096544103999, 'stage': '', 'completed': True, 'exited': 11388.096544103999}], 'predecessor': {'operation': 'second_npz_array_conversion_return_before_member_open', 'entered_before': 7818.189621991, 'returned_at': 11388.096544103999}}, 'npz_finalize': {'spec': {'target': {'module': 'ZipFile', 'operation': 'close'}, 'successor': {'module': 'DeadlineSink', 'operation': 'write'}}, 'target': [{'role': 'target', 'operation': 'close', 'entered': 11388.381075532001, 'stage': '', 'completed': True, 'exited': 11388.381075532001}], 'successor': [{'role': 'successor', 'operation': 'write', 'entered': 11388.381075532001, 'stage': '', 'completed': True, 'exited': 11388.381075532001}, {'role': 'successor', 'operation': 'write', 'entered': 11388.381075532001, 'stage': '', 'completed': True, 'exited': 11388.381075532001}, {'role': 'successor', 'operation': 'write', 'entered': 11388.381075532001, 'stage': '', 'completed': True, 'exited': 11388.381075532001}, {'role': 'successor', 'operation': 'write', 'entered': 11388.381075532001, 'stage': '', 'completed': True, 'exited': 11388.381075532001}, {'role': 'successor', 'operation': 'write', 'entered': 11388.381075532001, 'stage': '', 'completed': True, 'exited': 11388.381075532001}, {'role': 'successor', 'operation': 'write', 'entered': 11388.381075532001, 'stage': '', 'completed': True, 'exited': 11388.381075532001}, {'role': 'successor', 'operation': 'write', 'entered': 11388.381075532001, 'stage': '', 'completed': True, 'exited': 11388.381075532001}, {'role': 'successor', 'operation': 'write', 'entered': 11388.381075532001, 'stage': '', 'completed': True, 'exited': 11388.381075532001}, {'role': 'successor', 'operation': 'write', 'entered': 11388.381075532001, 'stage': '', 'completed': True, 'exited': 11388.381075532001}, {'role': 'successor', 'operation': 'write', 'entered': 11388.381075532001, 'stage': '', 'completed': True, 'exited': 11388.381075532001}], 'predecessor': {'operation': 'npz_member_2_close_return', 'entered_before': 7818.474897263, 'returned_at': 11388.381075532001}}, 'array_hash': {'spec': {'target': {'module': 'vipe_benchmark.s1_progress', 'operation': 'checked_file_record'}, 'successor': {'module': 'vipe_benchmark.s1_progress', 'operation': 'read_bytes'}}, 'target': [{'role': 'target', 'operation': 'checked_file_record', 'entered': 11388.666367762, 'stage': '', 'completed': True, 'exited': 11388.666367762}], 'successor': [{'role': 'successor', 'operation': 'read_bytes', 'entered': 11388.666367762, 'stage': '', 'completed': True, 'exited': 11388.666367762}], 'predecessor': {'operation': 'array_normal_close_return_before_hash', 'entered_before': 7818.759013814, 'returned_at': 11388.666367762}}, 'produced_json': {'spec': {'target': {'module': 'vipe_benchmark.s1_progress', 'operation': 'encode'}, 'successor': {'module': 'vipe_benchmark.s1_progress', 'operation': 'write_exclusive'}}, 'target': [{'role': 'target', 'operation': 'encode', 'entered': 11388.949940632, 'stage': '', 'completed': True, 'exited': 11388.949940632}, {'role': 'target', 'operation': 'encode', 'entered': 11388.949940632, 'stage': '', 'completed': True, 'exited': 11388.949940632}, {'role': 'target', 'operation': 'encode', 'entered': 11388.949940632, 'stage': '', 'completed': True, 'exited': 11388.949940632}, {'role': 'target', 'operation': 'encode', 'entered': 11388.949940632, 'stage': '', 'completed': True, 'exited': 11388.949940632}], 'successor': [{'role': 'successor', 'operation': 'write_exclusive', 'entered': 11388.949940632, 'stage': '', 'completed': True, 'exited': 11388.949940632}], 'predecessor': {'operation': 'input_manifest_read_and_parse_return', 'entered_before': 7819.042337342, 'returned_at': 11388.949940632}}, 'produced_read': {'spec': {'target': {'module': 'vipe_benchmark.s1_progress', 'operation': 'read_record'}, 'successor': {'module': 'vipe_benchmark.s1_evidence', 'operation': 'produced_row'}}, 'target': [{'role': 'target', 'operation': 'read_record', 'entered': 11389.366844151999, 'stage': '', 'completed': True, 'exited': 11389.366844151999}], 'successor': [{'role': 'successor', 'operation': 'produced_row', 'entered': 11389.366844151999, 'stage': '', 'completed': True, 'exited': 11389.366844151999}], 'predecessor': {'operation': 'produced_row_durable_write_return', 'entered_before': 7819.458685292, 'returned_at': 11389.366844151999}}, 'produced_guard': {'spec': {'target': {'module': 'vipe_benchmark.s1_evidence', 'operation': 'produced_row'}, 'successor': {'module': 'Publisher', 'operation': 'seal'}}, 'target': [{'role': 'target', 'operation': 'produced_row', 'entered': 11389.764237784999, 'stage': '', 'completed': True, 'exited': 11389.764237784999}], 'successor': [{'role': 'successor', 'operation': 'seal', 'entered': 11389.764237784999, 'stage': '', 'completed': True, 'exited': 11389.764237784999}, {'role': 'successor', 'operation': 'seal', 'entered': 11389.764237784999, 'stage': '', 'completed': True, 'exited': 11389.764237784999}], 'predecessor': {'operation': 'produced_row_read_hash_parse_return', 'entered_before': 7819.858565753, 'returned_at': 11389.764237784999}}, 'qualified_guard': {'spec': {'target': {'module': 'vipe_benchmark.s1_evidence', 'operation': 'qualify_row'}, 'successor': {'module': 'vipe_benchmark.s1_progress', 'operation': 'write_exclusive'}}, 'target': [{'role': 'target', 'operation': 'qualify_row', 'entered': 11390.169266268, 'stage': '', 'completed': True, 'exited': 11390.169266268}], 'successor': [{'role': 'successor', 'operation': 'write_exclusive', 'entered': 11390.169266268, 'stage': '', 'completed': True, 'exited': 11390.169266268}], 'predecessor': {'operation': 'produced_guard_seal_ack_return', 'entered_before': 7820.264202003, 'returned_at': 11390.169266268}}, 'first_guard': {'spec': {'target': {'module': 'vipe_benchmark.s1_evidence', 'operation': 'verify_first'}, 'successor': {'module': 'vipe_benchmark.s1_evidence', 'operation': 'qualify_runtime'}}, 'target': [{'role': 'target', 'operation': 'verify_first', 'entered': 11390.628841856, 'stage': '', 'completed': True, 'exited': 11390.628841856}], 'successor': [{'role': 'successor', 'operation': 'qualify_runtime', 'entered': 11390.628841856, 'stage': '', 'completed': True, 'exited': 11390.628841856}], 'predecessor': {'operation': 'first_metadata_read_parse_return', 'entered_before': 7820.721912188, 'returned_at': 11390.628841856}}}

======================================================================
FAIL: test_progress_plan047_deadline_steps (test_vipe_benchmark_supervisor.HelperSessionTests.test_progress_plan047_deadline_steps) (operation='worker_popen', when='before')
----------------------------------------------------------------------
Traceback (most recent call last):
  File "/home/auss/git_repos/samaust/Experiments_4DGS/tests/test_vipe_benchmark_supervisor.py", line 3758, in test_progress_plan047_deadline_steps
    self.assertEqual(len(started),0 if expected_late else 1);observed=outcome['error']
    ~~~~~~~~~~~~~~~~^^^^^^^^^^^^^^^^^^^^^^^^^^^^^^^^^^^^^^^^
AssertionError: 0 != 1

======================================================================
FAIL: test_progress_plan047_deadline_steps (test_vipe_benchmark_supervisor.HelperSessionTests.test_progress_plan047_deadline_steps) (operation='worker_popen', when='equal')
----------------------------------------------------------------------
Traceback (most recent call last):
  File "/home/auss/git_repos/samaust/Experiments_4DGS/tests/test_vipe_benchmark_supervisor.py", line 3808, in test_progress_plan047_deadline_steps
    self.assertIn(name,before_controls)
    ~~~~~~~~~~~~~^^^^^^^^^^^^^^^^^^^^^^
AssertionError: 'worker_popen' not found in {'checkpoint_write': {'spec': {'target': {'operation': 'write', 'stage': 'write', 'phase': 'checkpoint'}, 'successor': {'operation': 'flush', 'stage': 'flush', 'phase': 'checkpoint'}}, 'target': [{'role': 'target', 'operation': 'write', 'stage': 'write', 'entered': 11381.141471087, 'completed': True, 'exited': 11381.141471087}], 'successor': [{'role': 'successor', 'operation': 'flush', 'stage': 'flush', 'entered': 11381.141471087, 'completed': True, 'exited': 11381.141471087}], 'predecessor': {'operation': 'checkpoint/fdopen', 'entered_before': 7811.233889384, 'returned_at': 11381.141471087}}, 'checkpoint_flush': {'spec': {'target': {'operation': 'flush', 'stage': 'flush', 'phase': 'checkpoint'}, 'successor': {'operation': 'fsync', 'stage': 'file_fsync', 'phase': 'checkpoint'}}, 'target': [{'role': 'target', 'operation': 'flush', 'stage': 'flush', 'entered': 11381.431458576, 'completed': True, 'exited': 11381.431458576}], 'successor': [{'role': 'successor', 'operation': 'fsync', 'stage': 'file_fsync', 'entered': 11381.431458576, 'completed': True, 'exited': 11381.431458576}], 'predecessor': {'operation': 'write/write', 'entered_before': 7811.524082386, 'returned_at': 11381.431458576}}, 'checkpoint_fsync': {'spec': {'target': {'operation': 'fsync', 'stage': 'file_fsync', 'phase': 'checkpoint'}, 'successor': {'operation': 'close', 'stage': 'close', 'phase': 'checkpoint'}}, 'target': [{'role': 'target', 'operation': 'fsync', 'stage': 'file_fsync', 'entered': 11381.720960276, 'completed': True, 'exited': 11381.720960276}], 'successor': [{'role': 'successor', 'operation': 'close', 'stage': 'close', 'entered': 11381.720960276, 'completed': True, 'exited': 11381.720960276}], 'predecessor': {'operation': 'flush/flush', 'entered_before': 7811.81488855, 'returned_at': 11381.720960276}}, 'checkpoint_close': {'spec': {'target': {'operation': 'close', 'stage': 'close', 'phase': 'checkpoint'}, 'successor': {'operation': 'read_bytes', 'stage': 'close_readback', 'phase': 'checkpoint'}}, 'target': [{'role': 'target', 'operation': 'close', 'stage': 'close', 'entered': 11382.012630885, 'completed': True, 'exited': 11382.012630885}], 'successor': [{'role': 'successor', 'operation': 'read_bytes', 'stage': 'close_readback', 'entered': 11382.012630885, 'completed': True, 'exited': 11382.012630885}], 'predecessor': {'operation': 'file_fsync/fsync', 'entered_before': 7812.107464439, 'returned_at': 11382.012630885}}, 'checkpoint_readback': {'spec': {'target': {'operation': 'read_bytes', 'stage': 'close_readback', 'phase': 'checkpoint'}, 'successor': {'operation': 'record', 'stage': 'close_readback', 'phase': 'checkpoint'}}, 'target': [{'role': 'target', 'operation': 'read_bytes', 'stage': 'close_readback', 'entered': 11382.30771204, 'completed': True, 'exited': 11382.30771204}], 'successor': [{'role': 'successor', 'operation': 'record', 'stage': 'close_readback', 'entered': 11382.30771204, 'completed': True, 'exited': 11382.30771204}], 'predecessor': {'operation': 'close/close', 'entered_before': 7812.40202722, 'returned_at': 11382.30771204}}, 'head_write': {'spec': {'target': {'operation': 'write', 'stage': 'write', 'phase': 'head'}, 'successor': {'operation': 'flush', 'stage': 'flush', 'phase': 'head'}}, 'target': [{'role': 'target', 'operation': 'write', 'stage': 'write', 'entered': 11382.602632851, 'completed': True, 'exited': 11382.602632851}], 'successor': [{'role': 'successor', 'operation': 'flush', 'stage': 'flush', 'entered': 11382.602632851, 'completed': True, 'exited': 11382.602632851}], 'predecessor': {'operation': 'head/fdopen', 'entered_before': 7812.696860624, 'returned_at': 11382.602632851}}, 'head_flush': {'spec': {'target': {'operation': 'flush', 'stage': 'flush', 'phase': 'head'}, 'successor': {'operation': 'fsync', 'stage': 'file_fsync', 'phase': 'head'}}, 'target': [{'role': 'target', 'operation': 'flush', 'stage': 'flush', 'entered': 11382.903540323001, 'completed': True, 'exited': 11382.903540323001}], 'successor': [{'role': 'successor', 'operation': 'fsync', 'stage': 'file_fsync', 'entered': 11382.903540323001, 'completed': True, 'exited': 11382.903540323001}], 'predecessor': {'operation': 'write/write', 'entered_before': 7812.995944159, 'returned_at': 11382.903540323001}}, 'head_fsync': {'spec': {'target': {'operation': 'fsync', 'stage': 'file_fsync', 'phase': 'head'}, 'successor': {'operation': 'close', 'stage': 'close', 'phase': 'head'}}, 'target': [{'role': 'target', 'operation': 'fsync', 'stage': 'file_fsync', 'entered': 11383.215676108, 'completed': True, 'exited': 11383.215676108}], 'successor': [{'role': 'successor', 'operation': 'close', 'stage': 'close', 'entered': 11383.215676108, 'completed': True, 'exited': 11383.215676108}], 'predecessor': {'operation': 'flush/flush', 'entered_before': 7813.308268378, 'returned_at': 11383.215676108}}, 'head_close': {'spec': {'target': {'operation': 'close', 'stage': 'close', 'phase': 'head'}, 'successor': {'operation': 'read_bytes', 'stage': 'close_readback', 'phase': 'head'}}, 'target': [{'role': 'target', 'operation': 'close', 'stage': 'close', 'entered': 11383.517610080999, 'completed': True, 'exited': 11383.517610080999}], 'successor': [{'role': 'successor', 'operation': 'read_bytes', 'stage': 'close_readback', 'entered': 11383.517610080999, 'completed': True, 'exited': 11383.517610080999}], 'predecessor': {'operation': 'file_fsync/fsync', 'entered_before': 7813.609336062, 'returned_at': 11383.517610080999}}, 'head_readback': {'spec': {'target': {'operation': 'read_bytes', 'stage': 'close_readback', 'phase': 'head'}, 'successor': {'operation': 'record', 'stage': 'close_readback', 'phase': 'head'}}, 'target': [{'role': 'target', 'operation': 'read_bytes', 'stage': 'close_readback', 'entered': 11383.817516408999, 'completed': True, 'exited': 11383.817516408999}], 'successor': [{'role': 'successor', 'operation': 'record', 'stage': 'close_readback', 'entered': 11383.817516408999, 'completed': True, 'exited': 11383.817516408999}], 'predecessor': {'operation': 'close/close', 'entered_before': 7813.910118941, 'returned_at': 11383.817516408999}}, 'generation_install': {'spec': {'target': {'module': 'os', 'operation': 'link'}, 'successor': {'module': 'os', 'operation': 'unlink'}}, 'target': [{'role': 'target', 'operation': 'link', 'entered': 11384.116818013, 'stage': 'generation_install', 'completed': True, 'exited': 11384.116818013}], 'successor': [{'role': 'successor', 'operation': 'unlink', 'entered': 11384.116818013, 'stage': 'generation_install', 'completed': True, 'exited': 11384.116818013}], 'predecessor': {'operation': '/tmp/tmpu7hvu8dr/30/jobs/S1-progress-cf8a42cb57f54ea3bf2d19a874707988/worker/checkpoint.tmp/durable_write_return', 'entered_before': 7814.211509466, 'returned_at': 11384.116818013}}, 'generation_dir_fsync': {'spec': {'target': {'module': 'vipe_benchmark.s1_progress', 'operation': 'fsync_dir'}, 'successor': {'module': 'vipe_benchmark.s1_progress', 'operation': 'record'}}, 'target': [{'role': 'target', 'operation': 'fsync_dir', 'entered': 11384.413204827, 'stage': 'generation_directory_fsync', 'completed': True, 'exited': 11384.413204827}], 'successor': [{'role': 'successor', 'operation': 'record', 'entered': 11384.413204827, 'stage': 'generation_directory_fsync', 'completed': True, 'exited': 11384.413204827}], 'predecessor': {'operation': 'generation_install/unlink', 'entered_before': 7814.510045536, 'returned_at': 11384.413204827}}, 'generation_reopen_hash': {'spec': {'target': {'module': 'vipe_benchmark.s1_progress', 'operation': 'read_record'}, 'successor': {'module': 'vipe_benchmark.s1_progress', 'operation': 'encode'}}, 'target': [{'role': 'target', 'operation': 'read_record', 'entered': 11384.712289995, 'stage': 'generation_reopen_hash', 'completed': True, 'exited': 11384.712289995}], 'successor': [{'role': 'successor', 'operation': 'encode', 'entered': 11384.712289995, 'stage': 'generation_reopen_hash', 'completed': True, 'exited': 11384.712289995}], 'predecessor': {'operation': 'generation_directory_fsync/record', 'entered_before': 7814.807293637, 'returned_at': 11384.712289995}}, 'head_install': {'spec': {'target': {'module': 'os', 'operation': 'replace'}, 'successor': {'module': 'vipe_benchmark.s1_progress', 'operation': 'fsync_dir'}}, 'target': [{'role': 'target', 'operation': 'replace', 'entered': 11385.010991337, 'stage': 'head_install', 'completed': True, 'exited': 11385.010991337}], 'successor': [{'role': 'successor', 'operation': 'fsync_dir', 'entered': 11385.010991337, 'stage': 'head_directory_fsync', 'completed': True, 'exited': 11385.010991337}], 'predecessor': {'operation': '/tmp/tmpu7hvu8dr/39/jobs/S1-progress-f9ef8181acbf452b9a1070468fc09a1c/worker/head.tmp/durable_write_return', 'entered_before': 7815.106263648, 'returned_at': 11385.010991337}}, 'head_dir_fsync': {'spec': {'target': {'module': 'vipe_benchmark.s1_progress', 'operation': 'fsync_dir'}, 'successor': {'module': 'vipe_benchmark.s1_progress', 'operation': 'record'}}, 'target': [{'role': 'target', 'operation': 'fsync_dir', 'entered': 11385.318210888, 'stage': 'head_directory_fsync', 'completed': True, 'exited': 11385.318210888}], 'successor': [{'role': 'successor', 'operation': 'record', 'entered': 11385.318210888, 'stage': 'head_directory_fsync', 'completed': True, 'exited': 11385.318210888}], 'predecessor': {'operation': 'head_install/replace', 'entered_before': 7815.410932507, 'returned_at': 11385.318210888}}, 'final_head_read': {'spec': {'target': {'module': 'vipe_benchmark.s1_progress', 'operation': 'read_record'}, 'successor': {'module': 'vipe_benchmark.s1_progress', 'operation': 'read_record'}}, 'target': [{'role': 'target', 'operation': 'read_record', 'entered': 11385.62152651, 'stage': 'final_head_read', 'completed': True, 'exited': 11385.62152651}], 'successor': [{'role': 'successor', 'operation': 'read_record', 'entered': 11385.62152651, 'stage': 'final_generation_read', 'completed': True, 'exited': 11385.62152651}], 'predecessor': {'operation': 'head_directory_fsync/record', 'entered_before': 7815.713240408, 'returned_at': 11385.62152651}}, 'final_generation_read': {'spec': {'target': {'module': 'vipe_benchmark.s1_progress', 'operation': 'read_record'}, 'successor': {'module': 'vipe_benchmark.s1_progress', 'operation': 'encode'}}, 'target': [{'role': 'target', 'operation': 'read_record', 'entered': 11385.925336512999, 'stage': 'final_generation_read', 'completed': True, 'exited': 11385.925336512999}], 'successor': [{'role': 'successor', 'operation': 'encode', 'entered': 11385.925336512999, 'stage': 'final_generation_read', 'completed': True, 'exited': 11385.925336512999}], 'predecessor': {'operation': 'final_head_read/read_record', 'entered_before': 7816.017119953, 'returned_at': 11385.925336512999}}, 'notice_send': {'spec': {'target': {'operation': 'publisher.sendto'}, 'successor': {'module': 'vipe_benchmark.s1_progress', 'operation': 'receive'}}, 'target': [{'role': 'target', 'operation': 'sendto', 'entered': 11386.249814506999, 'stage': 'notice_send', 'completed': True, 'exited': 11386.249814506999}], 'successor': [{'role': 'successor', 'operation': 'receive', 'entered': 11386.249814506999, 'stage': 'notice_receive', 'completed': True, 'exited': 11386.249814506999}, {'role': 'successor', 'operation': 'receive', 'entered': 11386.249814506999, 'stage': 'ack_receipt', 'completed': True, 'exited': 11386.249814506999}], 'predecessor': {'operation': 's1-progress-notice/v1/encode', 'entered_before': 11386.000814506999, 'returned_at': 11386.249814506999}}, 'owner_retention': {'spec': {'target': {'module': 'RetainedProgress', 'operation': 'acknowledge'}, 'successor': {'module': 'RetainedProgress', 'operation': 'retain'}}, 'target': [{'role': 'target', 'operation': 'acknowledge', 'entered': 11386.560587949, 'stage': 'retention:after', 'completed': True, 'exited': 11386.560587949}], 'successor': [{'role': 'successor', 'operation': 'retain', 'entered': 11386.560587949, 'stage': 'retention:after', 'completed': True, 'exited': 11386.560587949}], 'predecessor': {'operation': 's1-progress-ack/v1/encode', 'entered_before': 11386.311587949, 'returned_at': 11386.560587949}}, 'ack_send': {'spec': {'target': {'operation': 'owner.sendto'}, 'successor': {'module': 'vipe_benchmark.s1_progress', 'operation': 'receive'}}, 'target': [{'role': 'target', 'operation': 'sendto', 'entered': 11386.875079472, 'stage': 'ack_send', 'completed': True, 'exited': 11386.875079472}], 'successor': [{'role': 'successor', 'operation': 'receive', 'entered': 11386.875079472, 'stage': 'ack_receipt', 'completed': True, 'exited': 11386.875079472}], 'predecessor': {'operation': 'RetainedProgress.retain', 'entered_before': 11386.626079472, 'returned_at': 11386.875079472}}, 'ack_receipt': {'spec': {'target': {'module': 'vipe_benchmark.s1_progress', 'operation': 'ack_correlation'}, 'successor': {'module': 'vipe_benchmark.s1_progress', 'operation': 'encode'}}, 'target': [{'role': 'target', 'operation': 'ack_correlation', 'entered': 11387.194371734, 'stage': 'ack_receipt:after', 'completed': True, 'exited': 11387.194371734}], 'successor': [{'role': 'successor', 'operation': 'encode', 'entered': 11387.194371734, 'stage': 'ack_receipt:after', 'completed': True, 'exited': 11387.194371734}, {'role': 'successor', 'operation': 'encode', 'entered': 11387.194371734, 'stage': 'ack_receipt:after', 'completed': True, 'exited': 11387.194371734}], 'predecessor': {'operation': 'matching_ack_receive', 'entered_before': 11386.945371734, 'returned_at': 11387.194371734}}, 'array_npy': {'spec': {'target': {'module': 'numpy', 'operation': 'save'}, 'successor': {'module': 'DeadlineSink', 'operation': 'write'}}, 'target': [{'role': 'target', 'operation': 'save', 'entered': 11387.518620078, 'stage': '', 'completed': True, 'exited': 11387.518620078}], 'successor': [{'role': 'successor', 'operation': 'write', 'entered': 11387.518620078, 'stage': '', 'completed': True, 'exited': 11387.518620078}, {'role': 'successor', 'operation': 'write', 'entered': 11387.518620078, 'stage': '', 'completed': True, 'exited': 11387.518620078}], 'predecessor': {'operation': 'array_unbuffered_open_return', 'entered_before': 7817.620747, 'returned_at': 11387.518620078}}, 'array_png': {'spec': {'target': {'module': 'cv2', 'operation': 'imencode'}, 'successor': {'module': 'vipe_benchmark.s1_progress', 'operation': 'write_exclusive'}}, 'target': [{'role': 'target', 'operation': 'imencode', 'entered': 11387.813365594, 'stage': '', 'completed': True, 'exited': 11387.813365594}], 'successor': [{'role': 'successor', 'operation': 'write_exclusive', 'entered': 11387.813365594, 'stage': '', 'completed': True, 'exited': 11387.813365594}], 'predecessor': {'operation': 'png_destination_stat_return', 'entered_before': 7817.906138458, 'returned_at': 11387.813365594}}, 'npz_member': {'spec': {'target': {'module': 'ZipFile', 'operation': 'open'}, 'successor': {'module': 'numpy.lib.format', 'operation': 'write_array'}}, 'target': [{'role': 'target', 'operation': 'open', 'entered': 11388.096544103999, 'stage': '', 'completed': True, 'exited': 11388.096544103999}], 'successor': [{'role': 'successor', 'operation': 'write_array', 'entered': 11388.096544103999, 'stage': '', 'completed': True, 'exited': 11388.096544103999}], 'predecessor': {'operation': 'second_npz_array_conversion_return_before_member_open', 'entered_before': 7818.189621991, 'returned_at': 11388.096544103999}}, 'npz_finalize': {'spec': {'target': {'module': 'ZipFile', 'operation': 'close'}, 'successor': {'module': 'DeadlineSink', 'operation': 'write'}}, 'target': [{'role': 'target', 'operation': 'close', 'entered': 11388.381075532001, 'stage': '', 'completed': True, 'exited': 11388.381075532001}], 'successor': [{'role': 'successor', 'operation': 'write', 'entered': 11388.381075532001, 'stage': '', 'completed': True, 'exited': 11388.381075532001}, {'role': 'successor', 'operation': 'write', 'entered': 11388.381075532001, 'stage': '', 'completed': True, 'exited': 11388.381075532001}, {'role': 'successor', 'operation': 'write', 'entered': 11388.381075532001, 'stage': '', 'completed': True, 'exited': 11388.381075532001}, {'role': 'successor', 'operation': 'write', 'entered': 11388.381075532001, 'stage': '', 'completed': True, 'exited': 11388.381075532001}, {'role': 'successor', 'operation': 'write', 'entered': 11388.381075532001, 'stage': '', 'completed': True, 'exited': 11388.381075532001}, {'role': 'successor', 'operation': 'write', 'entered': 11388.381075532001, 'stage': '', 'completed': True, 'exited': 11388.381075532001}, {'role': 'successor', 'operation': 'write', 'entered': 11388.381075532001, 'stage': '', 'completed': True, 'exited': 11388.381075532001}, {'role': 'successor', 'operation': 'write', 'entered': 11388.381075532001, 'stage': '', 'completed': True, 'exited': 11388.381075532001}, {'role': 'successor', 'operation': 'write', 'entered': 11388.381075532001, 'stage': '', 'completed': True, 'exited': 11388.381075532001}, {'role': 'successor', 'operation': 'write', 'entered': 11388.381075532001, 'stage': '', 'completed': True, 'exited': 11388.381075532001}], 'predecessor': {'operation': 'npz_member_2_close_return', 'entered_before': 7818.474897263, 'returned_at': 11388.381075532001}}, 'array_hash': {'spec': {'target': {'module': 'vipe_benchmark.s1_progress', 'operation': 'checked_file_record'}, 'successor': {'module': 'vipe_benchmark.s1_progress', 'operation': 'read_bytes'}}, 'target': [{'role': 'target', 'operation': 'checked_file_record', 'entered': 11388.666367762, 'stage': '', 'completed': True, 'exited': 11388.666367762}], 'successor': [{'role': 'successor', 'operation': 'read_bytes', 'entered': 11388.666367762, 'stage': '', 'completed': True, 'exited': 11388.666367762}], 'predecessor': {'operation': 'array_normal_close_return_before_hash', 'entered_before': 7818.759013814, 'returned_at': 11388.666367762}}, 'produced_json': {'spec': {'target': {'module': 'vipe_benchmark.s1_progress', 'operation': 'encode'}, 'successor': {'module': 'vipe_benchmark.s1_progress', 'operation': 'write_exclusive'}}, 'target': [{'role': 'target', 'operation': 'encode', 'entered': 11388.949940632, 'stage': '', 'completed': True, 'exited': 11388.949940632}, {'role': 'target', 'operation': 'encode', 'entered': 11388.949940632, 'stage': '', 'completed': True, 'exited': 11388.949940632}, {'role': 'target', 'operation': 'encode', 'entered': 11388.949940632, 'stage': '', 'completed': True, 'exited': 11388.949940632}, {'role': 'target', 'operation': 'encode', 'entered': 11388.949940632, 'stage': '', 'completed': True, 'exited': 11388.949940632}], 'successor': [{'role': 'successor', 'operation': 'write_exclusive', 'entered': 11388.949940632, 'stage': '', 'completed': True, 'exited': 11388.949940632}], 'predecessor': {'operation': 'input_manifest_read_and_parse_return', 'entered_before': 7819.042337342, 'returned_at': 11388.949940632}}, 'produced_read': {'spec': {'target': {'module': 'vipe_benchmark.s1_progress', 'operation': 'read_record'}, 'successor': {'module': 'vipe_benchmark.s1_evidence', 'operation': 'produced_row'}}, 'target': [{'role': 'target', 'operation': 'read_record', 'entered': 11389.366844151999, 'stage': '', 'completed': True, 'exited': 11389.366844151999}], 'successor': [{'role': 'successor', 'operation': 'produced_row', 'entered': 11389.366844151999, 'stage': '', 'completed': True, 'exited': 11389.366844151999}], 'predecessor': {'operation': 'produced_row_durable_write_return', 'entered_before': 7819.458685292, 'returned_at': 11389.366844151999}}, 'produced_guard': {'spec': {'target': {'module': 'vipe_benchmark.s1_evidence', 'operation': 'produced_row'}, 'successor': {'module': 'Publisher', 'operation': 'seal'}}, 'target': [{'role': 'target', 'operation': 'produced_row', 'entered': 11389.764237784999, 'stage': '', 'completed': True, 'exited': 11389.764237784999}], 'successor': [{'role': 'successor', 'operation': 'seal', 'entered': 11389.764237784999, 'stage': '', 'completed': True, 'exited': 11389.764237784999}, {'role': 'successor', 'operation': 'seal', 'entered': 11389.764237784999, 'stage': '', 'completed': True, 'exited': 11389.764237784999}], 'predecessor': {'operation': 'produced_row_read_hash_parse_return', 'entered_before': 7819.858565753, 'returned_at': 11389.764237784999}}, 'qualified_guard': {'spec': {'target': {'module': 'vipe_benchmark.s1_evidence', 'operation': 'qualify_row'}, 'successor': {'module': 'vipe_benchmark.s1_progress', 'operation': 'write_exclusive'}}, 'target': [{'role': 'target', 'operation': 'qualify_row', 'entered': 11390.169266268, 'stage': '', 'completed': True, 'exited': 11390.169266268}], 'successor': [{'role': 'successor', 'operation': 'write_exclusive', 'entered': 11390.169266268, 'stage': '', 'completed': True, 'exited': 11390.169266268}], 'predecessor': {'operation': 'produced_guard_seal_ack_return', 'entered_before': 7820.264202003, 'returned_at': 11390.169266268}}, 'first_guard': {'spec': {'target': {'module': 'vipe_benchmark.s1_evidence', 'operation': 'verify_first'}, 'successor': {'module': 'vipe_benchmark.s1_evidence', 'operation': 'qualify_runtime'}}, 'target': [{'role': 'target', 'operation': 'verify_first', 'entered': 11390.628841856, 'stage': '', 'completed': True, 'exited': 11390.628841856}], 'successor': [{'role': 'successor', 'operation': 'qualify_runtime', 'entered': 11390.628841856, 'stage': '', 'completed': True, 'exited': 11390.628841856}], 'predecessor': {'operation': 'first_metadata_read_parse_return', 'entered_before': 7820.721912188, 'returned_at': 11390.628841856}}, 'reuse_after_read': {'spec': {'target': {'module': 'vipe_benchmark.s1_evidence', 'operation': 'verify_first'}, 'successor': {'module': 'vipe_benchmark.s1_evidence', 'operation': 'qualify_runtime'}}, 'target': [{'role': 'target', 'operation': 'verify_first', 'entered': 11391.968664914999, 'stage': '', 'completed': True, 'exited': 11391.968664914999}, {'role': 'target', 'operation': 'verify_first', 'entered': 11391.968664914999, 'stage': '', 'completed': True, 'exited': 11391.968664914999}], 'successor': [{'role': 'successor', 'operation': 'qualify_runtime', 'entered': 11391.968664914999, 'stage': '', 'completed': True, 'exited': 11391.968664914999}, {'role': 'successor', 'operation': 'qualify_runtime', 'entered': 11391.968664914999, 'stage': '', 'completed': True, 'exited': 11391.968664914999}], 'predecessor': {'operation': 'first_metadata_read_parse_return', 'entered_before': 7822.060905649, 'returned_at': 11391.968664914999}}, 'cleanup_next_array': {'spec': {'target': {'module': 'numpy', 'operation': 'asanyarray'}, 'successor': {'module': 'ZipFile', 'operation': 'open'}}, 'target': [{'role': 'target', 'operation': 'asanyarray', 'entered': 11393.033871704, 'stage': '', 'completed': True, 'exited': 11393.033871704}], 'successor': [{'role': 'successor', 'operation': 'open', 'entered': 11393.033871704, 'stage': '', 'completed': True, 'exited': 11393.033871704}], 'predecessor': {'operation': 'npz_member_1_close_return', 'entered_before': 7823.12549251, 'returned_at': 11393.033871704}}, 'accept_after_read': {'spec': {'target': {'module': 'vipe_benchmark.s1_evidence', 'operation': 'validate_result'}, 'successor': {'module': 'vipe_benchmark.s1_evidence', 'operation': 'verify_first'}}, 'target': [{'role': 'target', 'operation': 'validate_result', 'entered': 11393.720690952, 'stage': '', 'completed': True, 'exited': 11393.720690952}], 'successor': [{'role': 'successor', 'operation': 'verify_first', 'entered': 11393.720690952, 'stage': '', 'completed': True, 'exited': 11393.720690952}], 'predecessor': {'operation': 'accepted_request_read_parse_return', 'entered_before': 7823.41927782, 'returned_at': 11393.720690952}}, 'complete_after_read': {'spec': {'target': {'module': 'vipe_benchmark.s1_evidence', 'operation': 'evidence_counts'}, 'successor': {'module': 'vipe_benchmark.s1_evidence', 'operation': 'qualify_runtime'}}, 'target': [{'role': 'target', 'operation': 'evidence_counts', 'entered': 11393.720690952, 'stage': '', 'completed': True, 'exited': 11393.720690952}], 'successor': [{'role': 'successor', 'operation': 'qualify_runtime', 'entered': 11393.720690952, 'stage': '', 'completed': True, 'exited': 11393.720690952}, {'role': 'successor', 'operation': 'qualify_runtime', 'entered': 11393.720690952, 'stage': '', 'completed': True, 'exited': 11393.720690952}], 'predecessor': {'operation': 'acceptance_metadata_read_parse_return', 'entered_before': 7844.637990607, 'returned_at': 11393.720690952}}}

======================================================================
FAIL: test_progress_plan047_deadline_steps (test_vipe_benchmark_supervisor.HelperSessionTests.test_progress_plan047_deadline_steps) (operation='worker_popen', when='after')
----------------------------------------------------------------------
Traceback (most recent call last):
  File "/home/auss/git_repos/samaust/Experiments_4DGS/tests/test_vipe_benchmark_supervisor.py", line 3808, in test_progress_plan047_deadline_steps
    self.assertIn(name,before_controls)
    ~~~~~~~~~~~~~^^^^^^^^^^^^^^^^^^^^^^
AssertionError: 'worker_popen' not found in {'checkpoint_write': {'spec': {'target': {'operation': 'write', 'stage': 'write', 'phase': 'checkpoint'}, 'successor': {'operation': 'flush', 'stage': 'flush', 'phase': 'checkpoint'}}, 'target': [{'role': 'target', 'operation': 'write', 'stage': 'write', 'entered': 11381.141471087, 'completed': True, 'exited': 11381.141471087}], 'successor': [{'role': 'successor', 'operation': 'flush', 'stage': 'flush', 'entered': 11381.141471087, 'completed': True, 'exited': 11381.141471087}], 'predecessor': {'operation': 'checkpoint/fdopen', 'entered_before': 7811.233889384, 'returned_at': 11381.141471087}}, 'checkpoint_flush': {'spec': {'target': {'operation': 'flush', 'stage': 'flush', 'phase': 'checkpoint'}, 'successor': {'operation': 'fsync', 'stage': 'file_fsync', 'phase': 'checkpoint'}}, 'target': [{'role': 'target', 'operation': 'flush', 'stage': 'flush', 'entered': 11381.431458576, 'completed': True, 'exited': 11381.431458576}], 'successor': [{'role': 'successor', 'operation': 'fsync', 'stage': 'file_fsync', 'entered': 11381.431458576, 'completed': True, 'exited': 11381.431458576}], 'predecessor': {'operation': 'write/write', 'entered_before': 7811.524082386, 'returned_at': 11381.431458576}}, 'checkpoint_fsync': {'spec': {'target': {'operation': 'fsync', 'stage': 'file_fsync', 'phase': 'checkpoint'}, 'successor': {'operation': 'close', 'stage': 'close', 'phase': 'checkpoint'}}, 'target': [{'role': 'target', 'operation': 'fsync', 'stage': 'file_fsync', 'entered': 11381.720960276, 'completed': True, 'exited': 11381.720960276}], 'successor': [{'role': 'successor', 'operation': 'close', 'stage': 'close', 'entered': 11381.720960276, 'completed': True, 'exited': 11381.720960276}], 'predecessor': {'operation': 'flush/flush', 'entered_before': 7811.81488855, 'returned_at': 11381.720960276}}, 'checkpoint_close': {'spec': {'target': {'operation': 'close', 'stage': 'close', 'phase': 'checkpoint'}, 'successor': {'operation': 'read_bytes', 'stage': 'close_readback', 'phase': 'checkpoint'}}, 'target': [{'role': 'target', 'operation': 'close', 'stage': 'close', 'entered': 11382.012630885, 'completed': True, 'exited': 11382.012630885}], 'successor': [{'role': 'successor', 'operation': 'read_bytes', 'stage': 'close_readback', 'entered': 11382.012630885, 'completed': True, 'exited': 11382.012630885}], 'predecessor': {'operation': 'file_fsync/fsync', 'entered_before': 7812.107464439, 'returned_at': 11382.012630885}}, 'checkpoint_readback': {'spec': {'target': {'operation': 'read_bytes', 'stage': 'close_readback', 'phase': 'checkpoint'}, 'successor': {'operation': 'record', 'stage': 'close_readback', 'phase': 'checkpoint'}}, 'target': [{'role': 'target', 'operation': 'read_bytes', 'stage': 'close_readback', 'entered': 11382.30771204, 'completed': True, 'exited': 11382.30771204}], 'successor': [{'role': 'successor', 'operation': 'record', 'stage': 'close_readback', 'entered': 11382.30771204, 'completed': True, 'exited': 11382.30771204}], 'predecessor': {'operation': 'close/close', 'entered_before': 7812.40202722, 'returned_at': 11382.30771204}}, 'head_write': {'spec': {'target': {'operation': 'write', 'stage': 'write', 'phase': 'head'}, 'successor': {'operation': 'flush', 'stage': 'flush', 'phase': 'head'}}, 'target': [{'role': 'target', 'operation': 'write', 'stage': 'write', 'entered': 11382.602632851, 'completed': True, 'exited': 11382.602632851}], 'successor': [{'role': 'successor', 'operation': 'flush', 'stage': 'flush', 'entered': 11382.602632851, 'completed': True, 'exited': 11382.602632851}], 'predecessor': {'operation': 'head/fdopen', 'entered_before': 7812.696860624, 'returned_at': 11382.602632851}}, 'head_flush': {'spec': {'target': {'operation': 'flush', 'stage': 'flush', 'phase': 'head'}, 'successor': {'operation': 'fsync', 'stage': 'file_fsync', 'phase': 'head'}}, 'target': [{'role': 'target', 'operation': 'flush', 'stage': 'flush', 'entered': 11382.903540323001, 'completed': True, 'exited': 11382.903540323001}], 'successor': [{'role': 'successor', 'operation': 'fsync', 'stage': 'file_fsync', 'entered': 11382.903540323001, 'completed': True, 'exited': 11382.903540323001}], 'predecessor': {'operation': 'write/write', 'entered_before': 7812.995944159, 'returned_at': 11382.903540323001}}, 'head_fsync': {'spec': {'target': {'operation': 'fsync', 'stage': 'file_fsync', 'phase': 'head'}, 'successor': {'operation': 'close', 'stage': 'close', 'phase': 'head'}}, 'target': [{'role': 'target', 'operation': 'fsync', 'stage': 'file_fsync', 'entered': 11383.215676108, 'completed': True, 'exited': 11383.215676108}], 'successor': [{'role': 'successor', 'operation': 'close', 'stage': 'close', 'entered': 11383.215676108, 'completed': True, 'exited': 11383.215676108}], 'predecessor': {'operation': 'flush/flush', 'entered_before': 7813.308268378, 'returned_at': 11383.215676108}}, 'head_close': {'spec': {'target': {'operation': 'close', 'stage': 'close', 'phase': 'head'}, 'successor': {'operation': 'read_bytes', 'stage': 'close_readback', 'phase': 'head'}}, 'target': [{'role': 'target', 'operation': 'close', 'stage': 'close', 'entered': 11383.517610080999, 'completed': True, 'exited': 11383.517610080999}], 'successor': [{'role': 'successor', 'operation': 'read_bytes', 'stage': 'close_readback', 'entered': 11383.517610080999, 'completed': True, 'exited': 11383.517610080999}], 'predecessor': {'operation': 'file_fsync/fsync', 'entered_before': 7813.609336062, 'returned_at': 11383.517610080999}}, 'head_readback': {'spec': {'target': {'operation': 'read_bytes', 'stage': 'close_readback', 'phase': 'head'}, 'successor': {'operation': 'record', 'stage': 'close_readback', 'phase': 'head'}}, 'target': [{'role': 'target', 'operation': 'read_bytes', 'stage': 'close_readback', 'entered': 11383.817516408999, 'completed': True, 'exited': 11383.817516408999}], 'successor': [{'role': 'successor', 'operation': 'record', 'stage': 'close_readback', 'entered': 11383.817516408999, 'completed': True, 'exited': 11383.817516408999}], 'predecessor': {'operation': 'close/close', 'entered_before': 7813.910118941, 'returned_at': 11383.817516408999}}, 'generation_install': {'spec': {'target': {'module': 'os', 'operation': 'link'}, 'successor': {'module': 'os', 'operation': 'unlink'}}, 'target': [{'role': 'target', 'operation': 'link', 'entered': 11384.116818013, 'stage': 'generation_install', 'completed': True, 'exited': 11384.116818013}], 'successor': [{'role': 'successor', 'operation': 'unlink', 'entered': 11384.116818013, 'stage': 'generation_install', 'completed': True, 'exited': 11384.116818013}], 'predecessor': {'operation': '/tmp/tmpu7hvu8dr/30/jobs/S1-progress-cf8a42cb57f54ea3bf2d19a874707988/worker/checkpoint.tmp/durable_write_return', 'entered_before': 7814.211509466, 'returned_at': 11384.116818013}}, 'generation_dir_fsync': {'spec': {'target': {'module': 'vipe_benchmark.s1_progress', 'operation': 'fsync_dir'}, 'successor': {'module': 'vipe_benchmark.s1_progress', 'operation': 'record'}}, 'target': [{'role': 'target', 'operation': 'fsync_dir', 'entered': 11384.413204827, 'stage': 'generation_directory_fsync', 'completed': True, 'exited': 11384.413204827}], 'successor': [{'role': 'successor', 'operation': 'record', 'entered': 11384.413204827, 'stage': 'generation_directory_fsync', 'completed': True, 'exited': 11384.413204827}], 'predecessor': {'operation': 'generation_install/unlink', 'entered_before': 7814.510045536, 'returned_at': 11384.413204827}}, 'generation_reopen_hash': {'spec': {'target': {'module': 'vipe_benchmark.s1_progress', 'operation': 'read_record'}, 'successor': {'module': 'vipe_benchmark.s1_progress', 'operation': 'encode'}}, 'target': [{'role': 'target', 'operation': 'read_record', 'entered': 11384.712289995, 'stage': 'generation_reopen_hash', 'completed': True, 'exited': 11384.712289995}], 'successor': [{'role': 'successor', 'operation': 'encode', 'entered': 11384.712289995, 'stage': 'generation_reopen_hash', 'completed': True, 'exited': 11384.712289995}], 'predecessor': {'operation': 'generation_directory_fsync/record', 'entered_before': 7814.807293637, 'returned_at': 11384.712289995}}, 'head_install': {'spec': {'target': {'module': 'os', 'operation': 'replace'}, 'successor': {'module': 'vipe_benchmark.s1_progress', 'operation': 'fsync_dir'}}, 'target': [{'role': 'target', 'operation': 'replace', 'entered': 11385.010991337, 'stage': 'head_install', 'completed': True, 'exited': 11385.010991337}], 'successor': [{'role': 'successor', 'operation': 'fsync_dir', 'entered': 11385.010991337, 'stage': 'head_directory_fsync', 'completed': True, 'exited': 11385.010991337}], 'predecessor': {'operation': '/tmp/tmpu7hvu8dr/39/jobs/S1-progress-f9ef8181acbf452b9a1070468fc09a1c/worker/head.tmp/durable_write_return', 'entered_before': 7815.106263648, 'returned_at': 11385.010991337}}, 'head_dir_fsync': {'spec': {'target': {'module': 'vipe_benchmark.s1_progress', 'operation': 'fsync_dir'}, 'successor': {'module': 'vipe_benchmark.s1_progress', 'operation': 'record'}}, 'target': [{'role': 'target', 'operation': 'fsync_dir', 'entered': 11385.318210888, 'stage': 'head_directory_fsync', 'completed': True, 'exited': 11385.318210888}], 'successor': [{'role': 'successor', 'operation': 'record', 'entered': 11385.318210888, 'stage': 'head_directory_fsync', 'completed': True, 'exited': 11385.318210888}], 'predecessor': {'operation': 'head_install/replace', 'entered_before': 7815.410932507, 'returned_at': 11385.318210888}}, 'final_head_read': {'spec': {'target': {'module': 'vipe_benchmark.s1_progress', 'operation': 'read_record'}, 'successor': {'module': 'vipe_benchmark.s1_progress', 'operation': 'read_record'}}, 'target': [{'role': 'target', 'operation': 'read_record', 'entered': 11385.62152651, 'stage': 'final_head_read', 'completed': True, 'exited': 11385.62152651}], 'successor': [{'role': 'successor', 'operation': 'read_record', 'entered': 11385.62152651, 'stage': 'final_generation_read', 'completed': True, 'exited': 11385.62152651}], 'predecessor': {'operation': 'head_directory_fsync/record', 'entered_before': 7815.713240408, 'returned_at': 11385.62152651}}, 'final_generation_read': {'spec': {'target': {'module': 'vipe_benchmark.s1_progress', 'operation': 'read_record'}, 'successor': {'module': 'vipe_benchmark.s1_progress', 'operation': 'encode'}}, 'target': [{'role': 'target', 'operation': 'read_record', 'entered': 11385.925336512999, 'stage': 'final_generation_read', 'completed': True, 'exited': 11385.925336512999}], 'successor': [{'role': 'successor', 'operation': 'encode', 'entered': 11385.925336512999, 'stage': 'final_generation_read', 'completed': True, 'exited': 11385.925336512999}], 'predecessor': {'operation': 'final_head_read/read_record', 'entered_before': 7816.017119953, 'returned_at': 11385.925336512999}}, 'notice_send': {'spec': {'target': {'operation': 'publisher.sendto'}, 'successor': {'module': 'vipe_benchmark.s1_progress', 'operation': 'receive'}}, 'target': [{'role': 'target', 'operation': 'sendto', 'entered': 11386.249814506999, 'stage': 'notice_send', 'completed': True, 'exited': 11386.249814506999}], 'successor': [{'role': 'successor', 'operation': 'receive', 'entered': 11386.249814506999, 'stage': 'notice_receive', 'completed': True, 'exited': 11386.249814506999}, {'role': 'successor', 'operation': 'receive', 'entered': 11386.249814506999, 'stage': 'ack_receipt', 'completed': True, 'exited': 11386.249814506999}], 'predecessor': {'operation': 's1-progress-notice/v1/encode', 'entered_before': 11386.000814506999, 'returned_at': 11386.249814506999}}, 'owner_retention': {'spec': {'target': {'module': 'RetainedProgress', 'operation': 'acknowledge'}, 'successor': {'module': 'RetainedProgress', 'operation': 'retain'}}, 'target': [{'role': 'target', 'operation': 'acknowledge', 'entered': 11386.560587949, 'stage': 'retention:after', 'completed': True, 'exited': 11386.560587949}], 'successor': [{'role': 'successor', 'operation': 'retain', 'entered': 11386.560587949, 'stage': 'retention:after', 'completed': True, 'exited': 11386.560587949}], 'predecessor': {'operation': 's1-progress-ack/v1/encode', 'entered_before': 11386.311587949, 'returned_at': 11386.560587949}}, 'ack_send': {'spec': {'target': {'operation': 'owner.sendto'}, 'successor': {'module': 'vipe_benchmark.s1_progress', 'operation': 'receive'}}, 'target': [{'role': 'target', 'operation': 'sendto', 'entered': 11386.875079472, 'stage': 'ack_send', 'completed': True, 'exited': 11386.875079472}], 'successor': [{'role': 'successor', 'operation': 'receive', 'entered': 11386.875079472, 'stage': 'ack_receipt', 'completed': True, 'exited': 11386.875079472}], 'predecessor': {'operation': 'RetainedProgress.retain', 'entered_before': 11386.626079472, 'returned_at': 11386.875079472}}, 'ack_receipt': {'spec': {'target': {'module': 'vipe_benchmark.s1_progress', 'operation': 'ack_correlation'}, 'successor': {'module': 'vipe_benchmark.s1_progress', 'operation': 'encode'}}, 'target': [{'role': 'target', 'operation': 'ack_correlation', 'entered': 11387.194371734, 'stage': 'ack_receipt:after', 'completed': True, 'exited': 11387.194371734}], 'successor': [{'role': 'successor', 'operation': 'encode', 'entered': 11387.194371734, 'stage': 'ack_receipt:after', 'completed': True, 'exited': 11387.194371734}, {'role': 'successor', 'operation': 'encode', 'entered': 11387.194371734, 'stage': 'ack_receipt:after', 'completed': True, 'exited': 11387.194371734}], 'predecessor': {'operation': 'matching_ack_receive', 'entered_before': 11386.945371734, 'returned_at': 11387.194371734}}, 'array_npy': {'spec': {'target': {'module': 'numpy', 'operation': 'save'}, 'successor': {'module': 'DeadlineSink', 'operation': 'write'}}, 'target': [{'role': 'target', 'operation': 'save', 'entered': 11387.518620078, 'stage': '', 'completed': True, 'exited': 11387.518620078}], 'successor': [{'role': 'successor', 'operation': 'write', 'entered': 11387.518620078, 'stage': '', 'completed': True, 'exited': 11387.518620078}, {'role': 'successor', 'operation': 'write', 'entered': 11387.518620078, 'stage': '', 'completed': True, 'exited': 11387.518620078}], 'predecessor': {'operation': 'array_unbuffered_open_return', 'entered_before': 7817.620747, 'returned_at': 11387.518620078}}, 'array_png': {'spec': {'target': {'module': 'cv2', 'operation': 'imencode'}, 'successor': {'module': 'vipe_benchmark.s1_progress', 'operation': 'write_exclusive'}}, 'target': [{'role': 'target', 'operation': 'imencode', 'entered': 11387.813365594, 'stage': '', 'completed': True, 'exited': 11387.813365594}], 'successor': [{'role': 'successor', 'operation': 'write_exclusive', 'entered': 11387.813365594, 'stage': '', 'completed': True, 'exited': 11387.813365594}], 'predecessor': {'operation': 'png_destination_stat_return', 'entered_before': 7817.906138458, 'returned_at': 11387.813365594}}, 'npz_member': {'spec': {'target': {'module': 'ZipFile', 'operation': 'open'}, 'successor': {'module': 'numpy.lib.format', 'operation': 'write_array'}}, 'target': [{'role': 'target', 'operation': 'open', 'entered': 11388.096544103999, 'stage': '', 'completed': True, 'exited': 11388.096544103999}], 'successor': [{'role': 'successor', 'operation': 'write_array', 'entered': 11388.096544103999, 'stage': '', 'completed': True, 'exited': 11388.096544103999}], 'predecessor': {'operation': 'second_npz_array_conversion_return_before_member_open', 'entered_before': 7818.189621991, 'returned_at': 11388.096544103999}}, 'npz_finalize': {'spec': {'target': {'module': 'ZipFile', 'operation': 'close'}, 'successor': {'module': 'DeadlineSink', 'operation': 'write'}}, 'target': [{'role': 'target', 'operation': 'close', 'entered': 11388.381075532001, 'stage': '', 'completed': True, 'exited': 11388.381075532001}], 'successor': [{'role': 'successor', 'operation': 'write', 'entered': 11388.381075532001, 'stage': '', 'completed': True, 'exited': 11388.381075532001}, {'role': 'successor', 'operation': 'write', 'entered': 11388.381075532001, 'stage': '', 'completed': True, 'exited': 11388.381075532001}, {'role': 'successor', 'operation': 'write', 'entered': 11388.381075532001, 'stage': '', 'completed': True, 'exited': 11388.381075532001}, {'role': 'successor', 'operation': 'write', 'entered': 11388.381075532001, 'stage': '', 'completed': True, 'exited': 11388.381075532001}, {'role': 'successor', 'operation': 'write', 'entered': 11388.381075532001, 'stage': '', 'completed': True, 'exited': 11388.381075532001}, {'role': 'successor', 'operation': 'write', 'entered': 11388.381075532001, 'stage': '', 'completed': True, 'exited': 11388.381075532001}, {'role': 'successor', 'operation': 'write', 'entered': 11388.381075532001, 'stage': '', 'completed': True, 'exited': 11388.381075532001}, {'role': 'successor', 'operation': 'write', 'entered': 11388.381075532001, 'stage': '', 'completed': True, 'exited': 11388.381075532001}, {'role': 'successor', 'operation': 'write', 'entered': 11388.381075532001, 'stage': '', 'completed': True, 'exited': 11388.381075532001}, {'role': 'successor', 'operation': 'write', 'entered': 11388.381075532001, 'stage': '', 'completed': True, 'exited': 11388.381075532001}], 'predecessor': {'operation': 'npz_member_2_close_return', 'entered_before': 7818.474897263, 'returned_at': 11388.381075532001}}, 'array_hash': {'spec': {'target': {'module': 'vipe_benchmark.s1_progress', 'operation': 'checked_file_record'}, 'successor': {'module': 'vipe_benchmark.s1_progress', 'operation': 'read_bytes'}}, 'target': [{'role': 'target', 'operation': 'checked_file_record', 'entered': 11388.666367762, 'stage': '', 'completed': True, 'exited': 11388.666367762}], 'successor': [{'role': 'successor', 'operation': 'read_bytes', 'entered': 11388.666367762, 'stage': '', 'completed': True, 'exited': 11388.666367762}], 'predecessor': {'operation': 'array_normal_close_return_before_hash', 'entered_before': 7818.759013814, 'returned_at': 11388.666367762}}, 'produced_json': {'spec': {'target': {'module': 'vipe_benchmark.s1_progress', 'operation': 'encode'}, 'successor': {'module': 'vipe_benchmark.s1_progress', 'operation': 'write_exclusive'}}, 'target': [{'role': 'target', 'operation': 'encode', 'entered': 11388.949940632, 'stage': '', 'completed': True, 'exited': 11388.949940632}, {'role': 'target', 'operation': 'encode', 'entered': 11388.949940632, 'stage': '', 'completed': True, 'exited': 11388.949940632}, {'role': 'target', 'operation': 'encode', 'entered': 11388.949940632, 'stage': '', 'completed': True, 'exited': 11388.949940632}, {'role': 'target', 'operation': 'encode', 'entered': 11388.949940632, 'stage': '', 'completed': True, 'exited': 11388.949940632}], 'successor': [{'role': 'successor', 'operation': 'write_exclusive', 'entered': 11388.949940632, 'stage': '', 'completed': True, 'exited': 11388.949940632}], 'predecessor': {'operation': 'input_manifest_read_and_parse_return', 'entered_before': 7819.042337342, 'returned_at': 11388.949940632}}, 'produced_read': {'spec': {'target': {'module': 'vipe_benchmark.s1_progress', 'operation': 'read_record'}, 'successor': {'module': 'vipe_benchmark.s1_evidence', 'operation': 'produced_row'}}, 'target': [{'role': 'target', 'operation': 'read_record', 'entered': 11389.366844151999, 'stage': '', 'completed': True, 'exited': 11389.366844151999}], 'successor': [{'role': 'successor', 'operation': 'produced_row', 'entered': 11389.366844151999, 'stage': '', 'completed': True, 'exited': 11389.366844151999}], 'predecessor': {'operation': 'produced_row_durable_write_return', 'entered_before': 7819.458685292, 'returned_at': 11389.366844151999}}, 'produced_guard': {'spec': {'target': {'module': 'vipe_benchmark.s1_evidence', 'operation': 'produced_row'}, 'successor': {'module': 'Publisher', 'operation': 'seal'}}, 'target': [{'role': 'target', 'operation': 'produced_row', 'entered': 11389.764237784999, 'stage': '', 'completed': True, 'exited': 11389.764237784999}], 'successor': [{'role': 'successor', 'operation': 'seal', 'entered': 11389.764237784999, 'stage': '', 'completed': True, 'exited': 11389.764237784999}, {'role': 'successor', 'operation': 'seal', 'entered': 11389.764237784999, 'stage': '', 'completed': True, 'exited': 11389.764237784999}], 'predecessor': {'operation': 'produced_row_read_hash_parse_return', 'entered_before': 7819.858565753, 'returned_at': 11389.764237784999}}, 'qualified_guard': {'spec': {'target': {'module': 'vipe_benchmark.s1_evidence', 'operation': 'qualify_row'}, 'successor': {'module': 'vipe_benchmark.s1_progress', 'operation': 'write_exclusive'}}, 'target': [{'role': 'target', 'operation': 'qualify_row', 'entered': 11390.169266268, 'stage': '', 'completed': True, 'exited': 11390.169266268}], 'successor': [{'role': 'successor', 'operation': 'write_exclusive', 'entered': 11390.169266268, 'stage': '', 'completed': True, 'exited': 11390.169266268}], 'predecessor': {'operation': 'produced_guard_seal_ack_return', 'entered_before': 7820.264202003, 'returned_at': 11390.169266268}}, 'first_guard': {'spec': {'target': {'module': 'vipe_benchmark.s1_evidence', 'operation': 'verify_first'}, 'successor': {'module': 'vipe_benchmark.s1_evidence', 'operation': 'qualify_runtime'}}, 'target': [{'role': 'target', 'operation': 'verify_first', 'entered': 11390.628841856, 'stage': '', 'completed': True, 'exited': 11390.628841856}], 'successor': [{'role': 'successor', 'operation': 'qualify_runtime', 'entered': 11390.628841856, 'stage': '', 'completed': True, 'exited': 11390.628841856}], 'predecessor': {'operation': 'first_metadata_read_parse_return', 'entered_before': 7820.721912188, 'returned_at': 11390.628841856}}, 'reuse_after_read': {'spec': {'target': {'module': 'vipe_benchmark.s1_evidence', 'operation': 'verify_first'}, 'successor': {'module': 'vipe_benchmark.s1_evidence', 'operation': 'qualify_runtime'}}, 'target': [{'role': 'target', 'operation': 'verify_first', 'entered': 11391.968664914999, 'stage': '', 'completed': True, 'exited': 11391.968664914999}, {'role': 'target', 'operation': 'verify_first', 'entered': 11391.968664914999, 'stage': '', 'completed': True, 'exited': 11391.968664914999}], 'successor': [{'role': 'successor', 'operation': 'qualify_runtime', 'entered': 11391.968664914999, 'stage': '', 'completed': True, 'exited': 11391.968664914999}, {'role': 'successor', 'operation': 'qualify_runtime', 'entered': 11391.968664914999, 'stage': '', 'completed': True, 'exited': 11391.968664914999}], 'predecessor': {'operation': 'first_metadata_read_parse_return', 'entered_before': 7822.060905649, 'returned_at': 11391.968664914999}}, 'cleanup_next_array': {'spec': {'target': {'module': 'numpy', 'operation': 'asanyarray'}, 'successor': {'module': 'ZipFile', 'operation': 'open'}}, 'target': [{'role': 'target', 'operation': 'asanyarray', 'entered': 11393.033871704, 'stage': '', 'completed': True, 'exited': 11393.033871704}], 'successor': [{'role': 'successor', 'operation': 'open', 'entered': 11393.033871704, 'stage': '', 'completed': True, 'exited': 11393.033871704}], 'predecessor': {'operation': 'npz_member_1_close_return', 'entered_before': 7823.12549251, 'returned_at': 11393.033871704}}, 'accept_after_read': {'spec': {'target': {'module': 'vipe_benchmark.s1_evidence', 'operation': 'validate_result'}, 'successor': {'module': 'vipe_benchmark.s1_evidence', 'operation': 'verify_first'}}, 'target': [{'role': 'target', 'operation': 'validate_result', 'entered': 11393.720690952, 'stage': '', 'completed': True, 'exited': 11393.720690952}], 'successor': [{'role': 'successor', 'operation': 'verify_first', 'entered': 11393.720690952, 'stage': '', 'completed': True, 'exited': 11393.720690952}], 'predecessor': {'operation': 'accepted_request_read_parse_return', 'entered_before': 7823.41927782, 'returned_at': 11393.720690952}}, 'complete_after_read': {'spec': {'target': {'module': 'vipe_benchmark.s1_evidence', 'operation': 'evidence_counts'}, 'successor': {'module': 'vipe_benchmark.s1_evidence', 'operation': 'qualify_runtime'}}, 'target': [{'role': 'target', 'operation': 'evidence_counts', 'entered': 11393.720690952, 'stage': '', 'completed': True, 'exited': 11393.720690952}], 'successor': [{'role': 'successor', 'operation': 'qualify_runtime', 'entered': 11393.720690952, 'stage': '', 'completed': True, 'exited': 11393.720690952}, {'role': 'successor', 'operation': 'qualify_runtime', 'entered': 11393.720690952, 'stage': '', 'completed': True, 'exited': 11393.720690952}], 'predecessor': {'operation': 'acceptance_metadata_read_parse_return', 'entered_before': 7844.637990607, 'returned_at': 11393.720690952}}}

----------------------------------------------------------------------
Ran 73 tests in 139.672s

FAILED (failures=18, errors=40)
