test_bounded_traces_counters_and_authority (test_vipe_benchmark_supervisor.HelperSessionTests.test_bounded_traces_counters_and_authority) ... ok
test_census_immutable_identity_mutations (test_vipe_benchmark_supervisor.HelperSessionTests.test_census_immutable_identity_mutations) ... ok
test_combined_duplex_and_same_turn_bounds (test_vipe_benchmark_supervisor.HelperSessionTests.test_combined_duplex_and_same_turn_bounds) ... ok
test_control_primitive_and_frame_mutations (test_vipe_benchmark_supervisor.HelperSessionTests.test_control_primitive_and_frame_mutations) ... ok
test_envelope_correlation_mutations (test_vipe_benchmark_supervisor.HelperSessionTests.test_envelope_correlation_mutations) ... ok
test_exact_frame_bounds_and_trailing_data (test_vipe_benchmark_supervisor.HelperSessionTests.test_exact_frame_bounds_and_trailing_data) ... ok
test_l01_ready_reuse (test_vipe_benchmark_supervisor.HelperSessionTests.test_l01_ready_reuse) ... ok
test_l02_ready_and_sample_before_reserve (test_vipe_benchmark_supervisor.HelperSessionTests.test_l02_ready_and_sample_before_reserve) ... ok
test_l03_owner_bootstrap_block (test_vipe_benchmark_supervisor.HelperSessionTests.test_l03_owner_bootstrap_block) ... ok
test_l04_child_before_ready_block (test_vipe_benchmark_supervisor.HelperSessionTests.test_l04_child_before_ready_block) ... ok
test_l05_error_after_spawn (test_vipe_benchmark_supervisor.HelperSessionTests.test_l05_error_after_spawn) ... ok
test_l06_late_ready (test_vipe_benchmark_supervisor.HelperSessionTests.test_l06_late_ready) ... ok
test_l07_cancel_during_spawn (test_vipe_benchmark_supervisor.HelperSessionTests.test_l07_cancel_during_spawn) ... ok
test_l08_late_owner_retained (test_vipe_benchmark_supervisor.HelperSessionTests.test_l08_late_owner_retained) ... ok
test_l09_partial_header (test_vipe_benchmark_supervisor.HelperSessionTests.test_l09_partial_header) ... ok
test_l10_stalled_body (test_vipe_benchmark_supervisor.HelperSessionTests.test_l10_stalled_body) ... ok
test_l11_eof_midframe (test_vipe_benchmark_supervisor.HelperSessionTests.test_l11_eof_midframe) ... ok
test_l12_stalled_request_reader (test_vipe_benchmark_supervisor.HelperSessionTests.test_l12_stalled_request_reader) ... ok
test_l13_oversized_frame (test_vipe_benchmark_supervisor.HelperSessionTests.test_l13_oversized_frame) ... ok
test_l14_wrong_correlation (test_vipe_benchmark_supervisor.HelperSessionTests.test_l14_wrong_correlation) ... ok
test_l15_sample_deadline (test_vipe_benchmark_supervisor.HelperSessionTests.test_l15_sample_deadline) ... ok
test_l16_phase_deadline (test_vipe_benchmark_supervisor.HelperSessionTests.test_l16_phase_deadline) ... ok
test_l17_post_task_acquisition (test_vipe_benchmark_supervisor.HelperSessionTests.test_l17_post_task_acquisition) ... ok
test_l18_descendant_and_foreign_sentinel (test_vipe_benchmark_supervisor.HelperSessionTests.test_l18_descendant_and_foreign_sentinel) ... ok
test_l19_term_resistance (test_vipe_benchmark_supervisor.HelperSessionTests.test_l19_term_resistance) ... ok
test_l20_exit_during_transport (test_vipe_benchmark_supervisor.HelperSessionTests.test_l20_exit_during_transport) ... ok
test_l21_enumeration_failure (test_vipe_benchmark_supervisor.HelperSessionTests.test_l21_enumeration_failure) ... ok
test_l22_signal_failure (test_vipe_benchmark_supervisor.HelperSessionTests.test_l22_signal_failure) ... ok
test_l23_reap_failure (test_vipe_benchmark_supervisor.HelperSessionTests.test_l23_reap_failure) ... ok
test_l24_summary_reference_adapter (test_vipe_benchmark_supervisor.HelperSessionTests.test_l24_summary_reference_adapter) ... ok
test_l25_delayed_actual_reserve (test_vipe_benchmark_supervisor.HelperSessionTests.test_l25_delayed_actual_reserve) ... FAIL
test_l26_equal_actual_reserve (test_vipe_benchmark_supervisor.HelperSessionTests.test_l26_equal_actual_reserve) ... FAIL
test_l27_encoder_early_response (test_vipe_benchmark_supervisor.HelperSessionTests.test_l27_encoder_early_response) ... ok
test_l28_partial_early_response (test_vipe_benchmark_supervisor.HelperSessionTests.test_l28_partial_early_response) ... ok
test_l29_readable_sample_equality (test_vipe_benchmark_supervisor.HelperSessionTests.test_l29_readable_sample_equality) ... ok
test_l30_readable_phase_equality (test_vipe_benchmark_supervisor.HelperSessionTests.test_l30_readable_phase_equality) ... ok
test_l31_live_worker_bracket_and_foreign (test_vipe_benchmark_supervisor.HelperSessionTests.test_l31_live_worker_bracket_and_foreign) ... ok
test_l32_unreaped_worker_pin (test_vipe_benchmark_supervisor.HelperSessionTests.test_l32_unreaped_worker_pin) ... ok
test_l33_blocked_census_refuses_stale (test_vipe_benchmark_supervisor.HelperSessionTests.test_l33_blocked_census_refuses_stale) ... ok
test_l34_enumeration_error_empty_sample (test_vipe_benchmark_supervisor.HelperSessionTests.test_l34_enumeration_error_empty_sample) ... ok
test_l35_exited_leader_live_descendant (test_vipe_benchmark_supervisor.HelperSessionTests.test_l35_exited_leader_live_descendant) ... ok
test_l36_ambiguous_native_start_retained (test_vipe_benchmark_supervisor.HelperSessionTests.test_l36_ambiguous_native_start_retained) ... ok
test_partial_constructor_boundaries (test_vipe_benchmark_supervisor.HelperSessionTests.test_partial_constructor_boundaries) ... ok
test_progress_closed_inventory_and_faults (test_vipe_benchmark_supervisor.HelperSessionTests.test_progress_closed_inventory_and_faults) ... ok
test_progress_metadata_mutations (test_vipe_benchmark_supervisor.HelperSessionTests.test_progress_metadata_mutations) ... ok
test_progress_p01_worker_deadline (test_vipe_benchmark_supervisor.HelperSessionTests.test_progress_p01_worker_deadline) ... FAIL
test_progress_p02_reconcile_interruption (test_vipe_benchmark_supervisor.HelperSessionTests.test_progress_p02_reconcile_interruption) ... ok
test_progress_p03_helper_death (test_vipe_benchmark_supervisor.HelperSessionTests.test_progress_p03_helper_death) ... ok
test_progress_p04_failed_final_sample (test_vipe_benchmark_supervisor.HelperSessionTests.test_progress_p04_failed_final_sample) ... FAIL
test_progress_p05_interrupted_publisher (test_vipe_benchmark_supervisor.HelperSessionTests.test_progress_p05_interrupted_publisher) ... ok
test_progress_p06_blocked_owner (test_vipe_benchmark_supervisor.HelperSessionTests.test_progress_p06_blocked_owner) ... FAIL
test_progress_plan046_inventory (test_vipe_benchmark_supervisor.HelperSessionTests.test_progress_plan046_inventory) ... ok
test_progress_plan046_launch_deadline (test_vipe_benchmark_supervisor.HelperSessionTests.test_progress_plan046_launch_deadline) ... ok
test_progress_plan046_ownership (test_vipe_benchmark_supervisor.HelperSessionTests.test_progress_plan046_ownership) ... ok
test_progress_plan046_protocol (test_vipe_benchmark_supervisor.HelperSessionTests.test_progress_plan046_protocol) ... ok
test_progress_plan046_publication_faults (test_vipe_benchmark_supervisor.HelperSessionTests.test_progress_plan046_publication_faults) ... ok
test_progress_plan046_summary (test_vipe_benchmark_supervisor.HelperSessionTests.test_progress_plan046_summary) ... ok
test_progress_plan046_worker_authority (test_vipe_benchmark_supervisor.HelperSessionTests.test_progress_plan046_worker_authority) ... ok
test_progress_plan047_alias_inventory (test_vipe_benchmark_supervisor.HelperSessionTests.test_progress_plan047_alias_inventory) ... ok
test_progress_plan047_cancellation (test_vipe_benchmark_supervisor.HelperSessionTests.test_progress_plan047_cancellation) ... ok
test_progress_plan047_complete_final_sample (test_vipe_benchmark_supervisor.HelperSessionTests.test_progress_plan047_complete_final_sample) ... ok
test_progress_plan047_deadline_steps (test_vipe_benchmark_supervisor.HelperSessionTests.test_progress_plan047_deadline_steps) ... 
  test_progress_plan047_deadline_steps (test_vipe_benchmark_supervisor.HelperSessionTests.test_progress_plan047_deadline_steps) (operation='notice_send', when='before') ... ERROR
  test_progress_plan047_deadline_steps (test_vipe_benchmark_supervisor.HelperSessionTests.test_progress_plan047_deadline_steps) (operation='notice_send', when='equal') ... FAIL
  test_progress_plan047_deadline_steps (test_vipe_benchmark_supervisor.HelperSessionTests.test_progress_plan047_deadline_steps) (operation='notice_send', when='after') ... FAIL
  test_progress_plan047_deadline_steps (test_vipe_benchmark_supervisor.HelperSessionTests.test_progress_plan047_deadline_steps) (operation='owner_retention', when='before') ... ERROR
  test_progress_plan047_deadline_steps (test_vipe_benchmark_supervisor.HelperSessionTests.test_progress_plan047_deadline_steps) (operation='owner_retention', when='equal') ... FAIL
  test_progress_plan047_deadline_steps (test_vipe_benchmark_supervisor.HelperSessionTests.test_progress_plan047_deadline_steps) (operation='owner_retention', when='after') ... FAIL
  test_progress_plan047_deadline_steps (test_vipe_benchmark_supervisor.HelperSessionTests.test_progress_plan047_deadline_steps) (operation='ack_send', when='before') ... ERROR
  test_progress_plan047_deadline_steps (test_vipe_benchmark_supervisor.HelperSessionTests.test_progress_plan047_deadline_steps) (operation='ack_send', when='equal') ... FAIL
  test_progress_plan047_deadline_steps (test_vipe_benchmark_supervisor.HelperSessionTests.test_progress_plan047_deadline_steps) (operation='ack_send', when='after') ... FAIL
  test_progress_plan047_deadline_steps (test_vipe_benchmark_supervisor.HelperSessionTests.test_progress_plan047_deadline_steps) (operation='ack_receipt', when='before') ... ERROR
  test_progress_plan047_deadline_steps (test_vipe_benchmark_supervisor.HelperSessionTests.test_progress_plan047_deadline_steps) (operation='ack_receipt', when='equal') ... FAIL
  test_progress_plan047_deadline_steps (test_vipe_benchmark_supervisor.HelperSessionTests.test_progress_plan047_deadline_steps) (operation='ack_receipt', when='after') ... FAIL
  test_progress_plan047_deadline_steps (test_vipe_benchmark_supervisor.HelperSessionTests.test_progress_plan047_deadline_steps) (operation='first_guard', when='before') ... ERROR
  test_progress_plan047_deadline_steps (test_vipe_benchmark_supervisor.HelperSessionTests.test_progress_plan047_deadline_steps) (operation='first_guard', when='equal') ... ERROR
  test_progress_plan047_deadline_steps (test_vipe_benchmark_supervisor.HelperSessionTests.test_progress_plan047_deadline_steps) (operation='first_guard', when='after') ... ERROR
  test_progress_plan047_deadline_steps (test_vipe_benchmark_supervisor.HelperSessionTests.test_progress_plan047_deadline_steps) (operation='runtime_guard', when='before') ... FAIL
  test_progress_plan047_deadline_steps (test_vipe_benchmark_supervisor.HelperSessionTests.test_progress_plan047_deadline_steps) (operation='runtime_guard', when='equal') ... FAIL
  test_progress_plan047_deadline_steps (test_vipe_benchmark_supervisor.HelperSessionTests.test_progress_plan047_deadline_steps) (operation='runtime_guard', when='after') ... FAIL
  test_progress_plan047_deadline_steps (test_vipe_benchmark_supervisor.HelperSessionTests.test_progress_plan047_deadline_steps) (operation='reuse_after_read', when='before') ... ERROR
  test_progress_plan047_deadline_steps (test_vipe_benchmark_supervisor.HelperSessionTests.test_progress_plan047_deadline_steps) (operation='reuse_after_read', when='equal') ... ERROR
  test_progress_plan047_deadline_steps (test_vipe_benchmark_supervisor.HelperSessionTests.test_progress_plan047_deadline_steps) (operation='reuse_after_read', when='after') ... ERROR
  test_progress_plan047_deadline_steps (test_vipe_benchmark_supervisor.HelperSessionTests.test_progress_plan047_deadline_steps) (operation='accept_after_read', when='before') ... ERROR
  test_progress_plan047_deadline_steps (test_vipe_benchmark_supervisor.HelperSessionTests.test_progress_plan047_deadline_steps) (operation='accept_after_read', when='equal') ... ERROR
  test_progress_plan047_deadline_steps (test_vipe_benchmark_supervisor.HelperSessionTests.test_progress_plan047_deadline_steps) (operation='accept_after_read', when='after') ... ERROR
  test_progress_plan047_deadline_steps (test_vipe_benchmark_supervisor.HelperSessionTests.test_progress_plan047_deadline_steps) (operation='complete_after_read', when='before') ... ERROR
  test_progress_plan047_deadline_steps (test_vipe_benchmark_supervisor.HelperSessionTests.test_progress_plan047_deadline_steps) (operation='complete_after_read', when='equal') ... ERROR
  test_progress_plan047_deadline_steps (test_vipe_benchmark_supervisor.HelperSessionTests.test_progress_plan047_deadline_steps) (operation='complete_after_read', when='after') ... ERROR
  test_progress_plan047_deadline_steps (test_vipe_benchmark_supervisor.HelperSessionTests.test_progress_plan047_deadline_steps) (operation='next_input', when='before') ... FAIL
  test_progress_plan047_deadline_steps (test_vipe_benchmark_supervisor.HelperSessionTests.test_progress_plan047_deadline_steps) (operation='next_input', when='equal') ... FAIL
  test_progress_plan047_deadline_steps (test_vipe_benchmark_supervisor.HelperSessionTests.test_progress_plan047_deadline_steps) (operation='next_input', when='after') ... FAIL
test_progress_plan047_limits (test_vipe_benchmark_supervisor.HelperSessionTests.test_progress_plan047_limits) ... ok
test_progress_plan047_nested (test_vipe_benchmark_supervisor.HelperSessionTests.test_progress_plan047_nested) ... ERROR
test_progress_plan047_ownership (test_vipe_benchmark_supervisor.HelperSessionTests.test_progress_plan047_ownership) ... ok
test_progress_plan047_publication_faults (test_vipe_benchmark_supervisor.HelperSessionTests.test_progress_plan047_publication_faults) ... ok
test_progress_plan047_recovery (test_vipe_benchmark_supervisor.HelperSessionTests.test_progress_plan047_recovery) ... ok
test_progress_plan047_result_summary (test_vipe_benchmark_supervisor.HelperSessionTests.test_progress_plan047_result_summary) ... ok
test_progress_plan047_state_authority (test_vipe_benchmark_supervisor.HelperSessionTests.test_progress_plan047_state_authority) ... ok
test_progress_plan048_pure_memo (test_vipe_benchmark_supervisor.HelperSessionTests.test_progress_plan048_pure_memo) ... ok
test_progress_strict_primitives (test_vipe_benchmark_supervisor.HelperSessionTests.test_progress_strict_primitives) ... ok
test_resource_field_mutations (test_vipe_benchmark_supervisor.HelperSessionTests.test_resource_field_mutations) ... ok
test_sample_typed_timing_mutations (test_vipe_benchmark_supervisor.HelperSessionTests.test_sample_typed_timing_mutations) ... ok

======================================================================
ERROR: test_progress_plan047_deadline_steps (test_vipe_benchmark_supervisor.HelperSessionTests.test_progress_plan047_deadline_steps) (operation='notice_send', when='before')
----------------------------------------------------------------------
Traceback (most recent call last):
  File "/home/auss/git_repos/samaust/Experiments_4DGS/tests/test_vipe_benchmark_supervisor.py", line 3664, in test_progress_plan047_deadline_steps
    else:action();observed='real operation completed before W'
         ~~~~~~^^
  File "/home/auss/git_repos/samaust/Experiments_4DGS/scripts/vipe_benchmark/s1_progress.py", line 751, in publish
    try:return self._publish()
               ~~~~~~~~~~~~~^^
  File "/home/auss/git_repos/samaust/Experiments_4DGS/scripts/vipe_benchmark/s1_progress.py", line 332, in run
    result = function(*args, **kwargs)
  File "/home/auss/git_repos/samaust/Experiments_4DGS/scripts/vipe_benchmark/s1_progress.py", line 799, in _publish
    self.after_notice()
    ~~~~~~~~~~~~~~~~~^^
  File "/usr/lib/python3.14/unittest/mock.py", line 1176, in __call__
    return self._mock_call(*args, **kwargs)
           ~~~~~~~~~~~~~~~^^^^^^^^^^^^^^^^^
  File "/usr/lib/python3.14/unittest/mock.py", line 1180, in _mock_call
    return self._execute_mock_call(*args, **kwargs)
           ~~~~~~~~~~~~~~~~~~~~~~~^^^^^^^^^^^^^^^^^
  File "/usr/lib/python3.14/unittest/mock.py", line 1247, in _execute_mock_call
    result = effect(*args, **kwargs)
  File "/home/auss/git_repos/samaust/Experiments_4DGS/tests/test_vipe_benchmark_s1_helper_fixtures.py", line 440, in <lambda>
    with patch.object(p.Publisher,'after_notice',side_effect=lambda:consumer.tick()):
                                                                    ~~~~~~~~~~~~~^^
  File "/home/auss/git_repos/samaust/Experiments_4DGS/scripts/vipe_benchmark/s1_progress.py", line 828, in tick
    try:return operation(self._tick,deadline=self.context['clock']['work_deadline'])
               ~~~~~~~~~^^^^^^^^^^^^^^^^^^^^^^^^^^^^^^^^^^^^^^^^^^^^^^^^^^^^^^^^^^^^
  File "/usr/lib/python3.14/unittest/mock.py", line 1176, in __call__
    return self._mock_call(*args, **kwargs)
           ~~~~~~~~~~~~~~~^^^^^^^^^^^^^^^^^
  File "/usr/lib/python3.14/unittest/mock.py", line 1180, in _mock_call
    return self._execute_mock_call(*args, **kwargs)
           ~~~~~~~~~~~~~~~~~~~~~~~^^^^^^^^^^^^^^^^^
  File "/usr/lib/python3.14/unittest/mock.py", line 1247, in _execute_mock_call
    result = effect(*args, **kwargs)
  File "/home/auss/git_repos/samaust/Experiments_4DGS/tests/test_vipe_benchmark_supervisor.py", line 3598, in observe_operation
    return actual_operation_observer(actual_entry,*args,**kwargs)
  File "/usr/lib/python3.14/unittest/mock.py", line 1176, in __call__
    return self._mock_call(*args, **kwargs)
           ~~~~~~~~~~~~~~~^^^^^^^^^^^^^^^^^
  File "/usr/lib/python3.14/unittest/mock.py", line 1180, in _mock_call
    return self._execute_mock_call(*args, **kwargs)
           ~~~~~~~~~~~~~~~~~~~~~~~^^^^^^^^^^^^^^^^^
  File "/usr/lib/python3.14/unittest/mock.py", line 1247, in _execute_mock_call
    result = effect(*args, **kwargs)
  File "/home/auss/git_repos/samaust/Experiments_4DGS/tests/test_vipe_benchmark_supervisor.py", line 3348, in operation
    value=actual_operation(function,*args,**kwargs)
  File "/home/auss/git_repos/samaust/Experiments_4DGS/scripts/vipe_benchmark/s1_progress.py", line 310, in operation
    value = function(*args, **kwargs)
  File "/home/auss/git_repos/samaust/Experiments_4DGS/tests/test_vipe_benchmark_supervisor.py", line 3594, in actual_entry
    else:value=function(*values,**named)
               ~~~~~~~~^^^^^^^^^^^^^^^^^
  File "/home/auss/git_repos/samaust/Experiments_4DGS/scripts/vipe_benchmark/s1_progress.py", line 847, in _tick
    if not self.context['clock']['monotonic_start']<=completed<self.context['clock']['work_deadline'] or now>=min(self.context['clock']['work_deadline'],completed+.5) or completed>now:raise TimeoutError('progress notice deadline')
                                                                                                                                                                                        ^^^^^^^^^^^^^^^^^^^^^^^^^^^^^^^^^^^^^^^^^^^^^^
TimeoutError: progress notice deadline

======================================================================
ERROR: test_progress_plan047_deadline_steps (test_vipe_benchmark_supervisor.HelperSessionTests.test_progress_plan047_deadline_steps) (operation='owner_retention', when='before')
----------------------------------------------------------------------
Traceback (most recent call last):
  File "/home/auss/git_repos/samaust/Experiments_4DGS/tests/test_vipe_benchmark_supervisor.py", line 3664, in test_progress_plan047_deadline_steps
    else:action();observed='real operation completed before W'
         ~~~~~~^^
  File "/home/auss/git_repos/samaust/Experiments_4DGS/scripts/vipe_benchmark/s1_progress.py", line 751, in publish
    try:return self._publish()
               ~~~~~~~~~~~~~^^
  File "/home/auss/git_repos/samaust/Experiments_4DGS/scripts/vipe_benchmark/s1_progress.py", line 332, in run
    result = function(*args, **kwargs)
  File "/home/auss/git_repos/samaust/Experiments_4DGS/scripts/vipe_benchmark/s1_progress.py", line 799, in _publish
    self.after_notice()
    ~~~~~~~~~~~~~~~~~^^
  File "/usr/lib/python3.14/unittest/mock.py", line 1176, in __call__
    return self._mock_call(*args, **kwargs)
           ~~~~~~~~~~~~~~~^^^^^^^^^^^^^^^^^
  File "/usr/lib/python3.14/unittest/mock.py", line 1180, in _mock_call
    return self._execute_mock_call(*args, **kwargs)
           ~~~~~~~~~~~~~~~~~~~~~~~^^^^^^^^^^^^^^^^^
  File "/usr/lib/python3.14/unittest/mock.py", line 1247, in _execute_mock_call
    result = effect(*args, **kwargs)
  File "/home/auss/git_repos/samaust/Experiments_4DGS/tests/test_vipe_benchmark_s1_helper_fixtures.py", line 440, in <lambda>
    with patch.object(p.Publisher,'after_notice',side_effect=lambda:consumer.tick()):
                                                                    ~~~~~~~~~~~~~^^
  File "/home/auss/git_repos/samaust/Experiments_4DGS/scripts/vipe_benchmark/s1_progress.py", line 828, in tick
    try:return operation(self._tick,deadline=self.context['clock']['work_deadline'])
               ~~~~~~~~~^^^^^^^^^^^^^^^^^^^^^^^^^^^^^^^^^^^^^^^^^^^^^^^^^^^^^^^^^^^^
  File "/usr/lib/python3.14/unittest/mock.py", line 1176, in __call__
    return self._mock_call(*args, **kwargs)
           ~~~~~~~~~~~~~~~^^^^^^^^^^^^^^^^^
  File "/usr/lib/python3.14/unittest/mock.py", line 1180, in _mock_call
    return self._execute_mock_call(*args, **kwargs)
           ~~~~~~~~~~~~~~~~~~~~~~~^^^^^^^^^^^^^^^^^
  File "/usr/lib/python3.14/unittest/mock.py", line 1247, in _execute_mock_call
    result = effect(*args, **kwargs)
  File "/home/auss/git_repos/samaust/Experiments_4DGS/tests/test_vipe_benchmark_supervisor.py", line 3598, in observe_operation
    return actual_operation_observer(actual_entry,*args,**kwargs)
  File "/usr/lib/python3.14/unittest/mock.py", line 1176, in __call__
    return self._mock_call(*args, **kwargs)
           ~~~~~~~~~~~~~~~^^^^^^^^^^^^^^^^^
  File "/usr/lib/python3.14/unittest/mock.py", line 1180, in _mock_call
    return self._execute_mock_call(*args, **kwargs)
           ~~~~~~~~~~~~~~~~~~~~~~~^^^^^^^^^^^^^^^^^
  File "/usr/lib/python3.14/unittest/mock.py", line 1247, in _execute_mock_call
    result = effect(*args, **kwargs)
  File "/home/auss/git_repos/samaust/Experiments_4DGS/tests/test_vipe_benchmark_supervisor.py", line 3348, in operation
    value=actual_operation(function,*args,**kwargs)
  File "/home/auss/git_repos/samaust/Experiments_4DGS/scripts/vipe_benchmark/s1_progress.py", line 310, in operation
    value = function(*args, **kwargs)
  File "/home/auss/git_repos/samaust/Experiments_4DGS/tests/test_vipe_benchmark_supervisor.py", line 3594, in actual_entry
    else:value=function(*values,**named)
               ~~~~~~~~^^^^^^^^^^^^^^^^^
  File "/home/auss/git_repos/samaust/Experiments_4DGS/scripts/vipe_benchmark/s1_progress.py", line 924, in _tick
    if not self.cache.acknowledge(snap,send):return
           ~~~~~~~~~~~~~~~~~~~~~~^^^^^^^^^^^
  File "/home/auss/git_repos/samaust/Experiments_4DGS/tests/test_vipe_benchmark_s1_helper_fixtures.py", line 1553, in observed
    try:value=original(*args,**kwargs)
              ~~~~~~~~^^^^^^^^^^^^^^^^
  File "/home/auss/git_repos/samaust/Experiments_4DGS/scripts/vipe_benchmark/s1_progress.py", line 658, in acknowledge
    try:send()
        ~~~~^^
  File "/home/auss/git_repos/samaust/Experiments_4DGS/scripts/vipe_benchmark/s1_progress.py", line 917, in send
    publication_boundary('ack_send');before(min(self.context['clock']['work_deadline'],completed+.5))
                                     ~~~~~~^^^^^^^^^^^^^^^^^^^^^^^^^^^^^^^^^^^^^^^^^^^^^^^^^^^^^^^^^^
  File "/home/auss/git_repos/samaust/Experiments_4DGS/scripts/vipe_benchmark/s1_progress.py", line 296, in before
    raise TimeoutError('progress original work deadline')
TimeoutError: progress original work deadline

======================================================================
ERROR: test_progress_plan047_deadline_steps (test_vipe_benchmark_supervisor.HelperSessionTests.test_progress_plan047_deadline_steps) (operation='ack_send', when='before')
----------------------------------------------------------------------
Traceback (most recent call last):
  File "/home/auss/git_repos/samaust/Experiments_4DGS/tests/test_vipe_benchmark_supervisor.py", line 3664, in test_progress_plan047_deadline_steps
    else:action();observed='real operation completed before W'
         ~~~~~~^^
  File "/home/auss/git_repos/samaust/Experiments_4DGS/scripts/vipe_benchmark/s1_progress.py", line 751, in publish
    try:return self._publish()
               ~~~~~~~~~~~~~^^
  File "/home/auss/git_repos/samaust/Experiments_4DGS/scripts/vipe_benchmark/s1_progress.py", line 332, in run
    result = function(*args, **kwargs)
  File "/home/auss/git_repos/samaust/Experiments_4DGS/scripts/vipe_benchmark/s1_progress.py", line 799, in _publish
    self.after_notice()
    ~~~~~~~~~~~~~~~~~^^
  File "/usr/lib/python3.14/unittest/mock.py", line 1176, in __call__
    return self._mock_call(*args, **kwargs)
           ~~~~~~~~~~~~~~~^^^^^^^^^^^^^^^^^
  File "/usr/lib/python3.14/unittest/mock.py", line 1180, in _mock_call
    return self._execute_mock_call(*args, **kwargs)
           ~~~~~~~~~~~~~~~~~~~~~~~^^^^^^^^^^^^^^^^^
  File "/usr/lib/python3.14/unittest/mock.py", line 1247, in _execute_mock_call
    result = effect(*args, **kwargs)
  File "/home/auss/git_repos/samaust/Experiments_4DGS/tests/test_vipe_benchmark_s1_helper_fixtures.py", line 440, in <lambda>
    with patch.object(p.Publisher,'after_notice',side_effect=lambda:consumer.tick()):
                                                                    ~~~~~~~~~~~~~^^
  File "/home/auss/git_repos/samaust/Experiments_4DGS/scripts/vipe_benchmark/s1_progress.py", line 828, in tick
    try:return operation(self._tick,deadline=self.context['clock']['work_deadline'])
               ~~~~~~~~~^^^^^^^^^^^^^^^^^^^^^^^^^^^^^^^^^^^^^^^^^^^^^^^^^^^^^^^^^^^^
  File "/usr/lib/python3.14/unittest/mock.py", line 1176, in __call__
    return self._mock_call(*args, **kwargs)
           ~~~~~~~~~~~~~~~^^^^^^^^^^^^^^^^^
  File "/usr/lib/python3.14/unittest/mock.py", line 1180, in _mock_call
    return self._execute_mock_call(*args, **kwargs)
           ~~~~~~~~~~~~~~~~~~~~~~~^^^^^^^^^^^^^^^^^
  File "/usr/lib/python3.14/unittest/mock.py", line 1247, in _execute_mock_call
    result = effect(*args, **kwargs)
  File "/home/auss/git_repos/samaust/Experiments_4DGS/tests/test_vipe_benchmark_supervisor.py", line 3598, in observe_operation
    return actual_operation_observer(actual_entry,*args,**kwargs)
  File "/usr/lib/python3.14/unittest/mock.py", line 1176, in __call__
    return self._mock_call(*args, **kwargs)
           ~~~~~~~~~~~~~~~^^^^^^^^^^^^^^^^^
  File "/usr/lib/python3.14/unittest/mock.py", line 1180, in _mock_call
    return self._execute_mock_call(*args, **kwargs)
           ~~~~~~~~~~~~~~~~~~~~~~~^^^^^^^^^^^^^^^^^
  File "/usr/lib/python3.14/unittest/mock.py", line 1247, in _execute_mock_call
    result = effect(*args, **kwargs)
  File "/home/auss/git_repos/samaust/Experiments_4DGS/tests/test_vipe_benchmark_supervisor.py", line 3348, in operation
    value=actual_operation(function,*args,**kwargs)
  File "/home/auss/git_repos/samaust/Experiments_4DGS/scripts/vipe_benchmark/s1_progress.py", line 310, in operation
    value = function(*args, **kwargs)
  File "/home/auss/git_repos/samaust/Experiments_4DGS/tests/test_vipe_benchmark_supervisor.py", line 3594, in actual_entry
    else:value=function(*values,**named)
               ~~~~~~~~^^^^^^^^^^^^^^^^^
  File "/home/auss/git_repos/samaust/Experiments_4DGS/scripts/vipe_benchmark/s1_progress.py", line 924, in _tick
    if not self.cache.acknowledge(snap,send):return
           ~~~~~~~~~~~~~~~~~~~~~~^^^^^^^^^^^
  File "/home/auss/git_repos/samaust/Experiments_4DGS/scripts/vipe_benchmark/s1_progress.py", line 658, in acknowledge
    try:send()
        ~~~~^^
  File "/home/auss/git_repos/samaust/Experiments_4DGS/scripts/vipe_benchmark/s1_progress.py", line 917, in send
    publication_boundary('ack_send');before(min(self.context['clock']['work_deadline'],completed+.5))
                                     ~~~~~~^^^^^^^^^^^^^^^^^^^^^^^^^^^^^^^^^^^^^^^^^^^^^^^^^^^^^^^^^^
  File "/home/auss/git_repos/samaust/Experiments_4DGS/scripts/vipe_benchmark/s1_progress.py", line 296, in before
    raise TimeoutError('progress original work deadline')
TimeoutError: progress original work deadline

======================================================================
ERROR: test_progress_plan047_deadline_steps (test_vipe_benchmark_supervisor.HelperSessionTests.test_progress_plan047_deadline_steps) (operation='ack_receipt', when='before')
----------------------------------------------------------------------
Traceback (most recent call last):
  File "/home/auss/git_repos/samaust/Experiments_4DGS/tests/test_vipe_benchmark_supervisor.py", line 3664, in test_progress_plan047_deadline_steps
    else:action();observed='real operation completed before W'
         ~~~~~~^^
  File "/home/auss/git_repos/samaust/Experiments_4DGS/scripts/vipe_benchmark/s1_progress.py", line 751, in publish
    try:return self._publish()
               ~~~~~~~~~~~~~^^
  File "/home/auss/git_repos/samaust/Experiments_4DGS/scripts/vipe_benchmark/s1_progress.py", line 332, in run
    result = function(*args, **kwargs)
  File "/home/auss/git_repos/samaust/Experiments_4DGS/scripts/vipe_benchmark/s1_progress.py", line 804, in _publish
    publication_boundary('ack_receipt:before');before(end);publication_boundary('ack_receipt');ack,credentials,sender=receive(self.channel);publication_boundary('ack_receipt:after');before(end)
                                                                                                                                                                                      ~~~~~~^^^^^
  File "/home/auss/git_repos/samaust/Experiments_4DGS/scripts/vipe_benchmark/s1_progress.py", line 296, in before
    raise TimeoutError('progress original work deadline')
TimeoutError: progress original work deadline

======================================================================
ERROR: test_progress_plan047_deadline_steps (test_vipe_benchmark_supervisor.HelperSessionTests.test_progress_plan047_deadline_steps) (operation='first_guard', when='before')
----------------------------------------------------------------------
Traceback (most recent call last):
  File "/home/auss/git_repos/samaust/Experiments_4DGS/tests/test_vipe_benchmark_supervisor.py", line 3435, in test_progress_plan047_deadline_steps
    first=e.first_record(fixture['request'],state.root,'passed',**kwargs);value=read_json(first['path'])
  File "/home/auss/git_repos/samaust/Experiments_4DGS/scripts/vipe_benchmark/s1_evidence.py", line 168, in first_record
    result=operation(_first_record,request,output,status,clock=clock,rows=rows,runtime=runtime,
        error=error,stage=stage,raw=raw,checks=checks,deadline=deadline)
  File "/home/auss/git_repos/samaust/Experiments_4DGS/scripts/vipe_benchmark/s1_progress.py", line 310, in operation
    value = function(*args, **kwargs)
  File "/home/auss/git_repos/samaust/Experiments_4DGS/scripts/vipe_benchmark/s1_evidence.py", line 219, in _first_record
    verify_first(value, request, clock=clock, deadline=clock.work_deadline)
    ~~~~~~~~~~~~^^^^^^^^^^^^^^^^^^^^^^^^^^^^^^^^^^^^^^^^^^^^^^^^^^^^^^^^^^^
  File "/home/auss/git_repos/samaust/Experiments_4DGS/scripts/vipe_benchmark/s1_progress.py", line 332, in run
    result = function(*args, **kwargs)
  File "/home/auss/git_repos/samaust/Experiments_4DGS/scripts/vipe_benchmark/s1_evidence.py", line 760, in verify_first
    qualify_runtime(value['runtime'], request)
    ~~~~~~~~~~~~~~~^^^^^^^^^^^^^^^^^^^^^^^^^^^
  File "/home/auss/git_repos/samaust/Experiments_4DGS/scripts/vipe_benchmark/s1_progress.py", line 332, in run
    result = function(*args, **kwargs)
  File "/home/auss/git_repos/samaust/Experiments_4DGS/scripts/vipe_benchmark/s1_evidence.py", line 784, in qualify_runtime
    or executable != operation(file_record,request['runtime']['python'])):
                     ~~~~~~~~~^^^^^^^^^^^^^^^^^^^^^^^^^^^^^^^^^^^^^^^^^^
  File "/home/auss/git_repos/samaust/Experiments_4DGS/scripts/vipe_benchmark/s1_progress.py", line 310, in operation
    value = function(*args, **kwargs)
  File "/home/auss/git_repos/samaust/Experiments_4DGS/scripts/vipe_benchmark/s1_progress.py", line 227, in checked_file_record
    result=record(path, read_bytes(path, size))
                        ~~~~~~~~~~^^^^^^^^^^^^
  File "/home/auss/git_repos/samaust/Experiments_4DGS/scripts/vipe_benchmark/s1_progress.py", line 175, in read_bytes
    fd = os.open(name, os.O_RDONLY | os.O_NOFOLLOW | os.O_NONBLOCK, dir_fd=parent)
OSError: [Errno 40] Too many levels of symbolic links: 'python'

======================================================================
ERROR: test_progress_plan047_deadline_steps (test_vipe_benchmark_supervisor.HelperSessionTests.test_progress_plan047_deadline_steps) (operation='first_guard', when='equal')
----------------------------------------------------------------------
Traceback (most recent call last):
  File "/home/auss/git_repos/samaust/Experiments_4DGS/tests/test_vipe_benchmark_supervisor.py", line 3435, in test_progress_plan047_deadline_steps
    first=e.first_record(fixture['request'],state.root,'passed',**kwargs);value=read_json(first['path'])
  File "/home/auss/git_repos/samaust/Experiments_4DGS/scripts/vipe_benchmark/s1_evidence.py", line 168, in first_record
    result=operation(_first_record,request,output,status,clock=clock,rows=rows,runtime=runtime,
        error=error,stage=stage,raw=raw,checks=checks,deadline=deadline)
  File "/home/auss/git_repos/samaust/Experiments_4DGS/scripts/vipe_benchmark/s1_progress.py", line 310, in operation
    value = function(*args, **kwargs)
  File "/home/auss/git_repos/samaust/Experiments_4DGS/scripts/vipe_benchmark/s1_evidence.py", line 219, in _first_record
    verify_first(value, request, clock=clock, deadline=clock.work_deadline)
    ~~~~~~~~~~~~^^^^^^^^^^^^^^^^^^^^^^^^^^^^^^^^^^^^^^^^^^^^^^^^^^^^^^^^^^^
  File "/home/auss/git_repos/samaust/Experiments_4DGS/scripts/vipe_benchmark/s1_progress.py", line 332, in run
    result = function(*args, **kwargs)
  File "/home/auss/git_repos/samaust/Experiments_4DGS/scripts/vipe_benchmark/s1_evidence.py", line 760, in verify_first
    qualify_runtime(value['runtime'], request)
    ~~~~~~~~~~~~~~~^^^^^^^^^^^^^^^^^^^^^^^^^^^
  File "/home/auss/git_repos/samaust/Experiments_4DGS/scripts/vipe_benchmark/s1_progress.py", line 332, in run
    result = function(*args, **kwargs)
  File "/home/auss/git_repos/samaust/Experiments_4DGS/scripts/vipe_benchmark/s1_evidence.py", line 784, in qualify_runtime
    or executable != operation(file_record,request['runtime']['python'])):
                     ~~~~~~~~~^^^^^^^^^^^^^^^^^^^^^^^^^^^^^^^^^^^^^^^^^^
  File "/home/auss/git_repos/samaust/Experiments_4DGS/scripts/vipe_benchmark/s1_progress.py", line 310, in operation
    value = function(*args, **kwargs)
  File "/home/auss/git_repos/samaust/Experiments_4DGS/scripts/vipe_benchmark/s1_progress.py", line 227, in checked_file_record
    result=record(path, read_bytes(path, size))
                        ~~~~~~~~~~^^^^^^^^^^^^
  File "/home/auss/git_repos/samaust/Experiments_4DGS/scripts/vipe_benchmark/s1_progress.py", line 175, in read_bytes
    fd = os.open(name, os.O_RDONLY | os.O_NOFOLLOW | os.O_NONBLOCK, dir_fd=parent)
OSError: [Errno 40] Too many levels of symbolic links: 'python'

======================================================================
ERROR: test_progress_plan047_deadline_steps (test_vipe_benchmark_supervisor.HelperSessionTests.test_progress_plan047_deadline_steps) (operation='first_guard', when='after')
----------------------------------------------------------------------
Traceback (most recent call last):
  File "/home/auss/git_repos/samaust/Experiments_4DGS/tests/test_vipe_benchmark_supervisor.py", line 3435, in test_progress_plan047_deadline_steps
    first=e.first_record(fixture['request'],state.root,'passed',**kwargs);value=read_json(first['path'])
  File "/home/auss/git_repos/samaust/Experiments_4DGS/scripts/vipe_benchmark/s1_evidence.py", line 168, in first_record
    result=operation(_first_record,request,output,status,clock=clock,rows=rows,runtime=runtime,
        error=error,stage=stage,raw=raw,checks=checks,deadline=deadline)
  File "/home/auss/git_repos/samaust/Experiments_4DGS/scripts/vipe_benchmark/s1_progress.py", line 310, in operation
    value = function(*args, **kwargs)
  File "/home/auss/git_repos/samaust/Experiments_4DGS/scripts/vipe_benchmark/s1_evidence.py", line 219, in _first_record
    verify_first(value, request, clock=clock, deadline=clock.work_deadline)
    ~~~~~~~~~~~~^^^^^^^^^^^^^^^^^^^^^^^^^^^^^^^^^^^^^^^^^^^^^^^^^^^^^^^^^^^
  File "/home/auss/git_repos/samaust/Experiments_4DGS/scripts/vipe_benchmark/s1_progress.py", line 332, in run
    result = function(*args, **kwargs)
  File "/home/auss/git_repos/samaust/Experiments_4DGS/scripts/vipe_benchmark/s1_evidence.py", line 760, in verify_first
    qualify_runtime(value['runtime'], request)
    ~~~~~~~~~~~~~~~^^^^^^^^^^^^^^^^^^^^^^^^^^^
  File "/home/auss/git_repos/samaust/Experiments_4DGS/scripts/vipe_benchmark/s1_progress.py", line 332, in run
    result = function(*args, **kwargs)
  File "/home/auss/git_repos/samaust/Experiments_4DGS/scripts/vipe_benchmark/s1_evidence.py", line 784, in qualify_runtime
    or executable != operation(file_record,request['runtime']['python'])):
                     ~~~~~~~~~^^^^^^^^^^^^^^^^^^^^^^^^^^^^^^^^^^^^^^^^^^
  File "/home/auss/git_repos/samaust/Experiments_4DGS/scripts/vipe_benchmark/s1_progress.py", line 310, in operation
    value = function(*args, **kwargs)
  File "/home/auss/git_repos/samaust/Experiments_4DGS/scripts/vipe_benchmark/s1_progress.py", line 227, in checked_file_record
    result=record(path, read_bytes(path, size))
                        ~~~~~~~~~~^^^^^^^^^^^^
  File "/home/auss/git_repos/samaust/Experiments_4DGS/scripts/vipe_benchmark/s1_progress.py", line 175, in read_bytes
    fd = os.open(name, os.O_RDONLY | os.O_NOFOLLOW | os.O_NONBLOCK, dir_fd=parent)
OSError: [Errno 40] Too many levels of symbolic links: 'python'

======================================================================
ERROR: test_progress_plan047_deadline_steps (test_vipe_benchmark_supervisor.HelperSessionTests.test_progress_plan047_deadline_steps) (operation='reuse_after_read', when='before')
----------------------------------------------------------------------
Traceback (most recent call last):
  File "/home/auss/git_repos/samaust/Experiments_4DGS/tests/test_vipe_benchmark_supervisor.py", line 3435, in test_progress_plan047_deadline_steps
    first=e.first_record(fixture['request'],state.root,'passed',**kwargs);value=read_json(first['path'])
  File "/home/auss/git_repos/samaust/Experiments_4DGS/scripts/vipe_benchmark/s1_evidence.py", line 168, in first_record
    result=operation(_first_record,request,output,status,clock=clock,rows=rows,runtime=runtime,
        error=error,stage=stage,raw=raw,checks=checks,deadline=deadline)
  File "/home/auss/git_repos/samaust/Experiments_4DGS/scripts/vipe_benchmark/s1_progress.py", line 310, in operation
    value = function(*args, **kwargs)
  File "/home/auss/git_repos/samaust/Experiments_4DGS/scripts/vipe_benchmark/s1_evidence.py", line 219, in _first_record
    verify_first(value, request, clock=clock, deadline=clock.work_deadline)
    ~~~~~~~~~~~~^^^^^^^^^^^^^^^^^^^^^^^^^^^^^^^^^^^^^^^^^^^^^^^^^^^^^^^^^^^
  File "/home/auss/git_repos/samaust/Experiments_4DGS/scripts/vipe_benchmark/s1_progress.py", line 332, in run
    result = function(*args, **kwargs)
  File "/home/auss/git_repos/samaust/Experiments_4DGS/scripts/vipe_benchmark/s1_evidence.py", line 760, in verify_first
    qualify_runtime(value['runtime'], request)
    ~~~~~~~~~~~~~~~^^^^^^^^^^^^^^^^^^^^^^^^^^^
  File "/home/auss/git_repos/samaust/Experiments_4DGS/scripts/vipe_benchmark/s1_progress.py", line 332, in run
    result = function(*args, **kwargs)
  File "/home/auss/git_repos/samaust/Experiments_4DGS/scripts/vipe_benchmark/s1_evidence.py", line 784, in qualify_runtime
    or executable != operation(file_record,request['runtime']['python'])):
                     ~~~~~~~~~^^^^^^^^^^^^^^^^^^^^^^^^^^^^^^^^^^^^^^^^^^
  File "/home/auss/git_repos/samaust/Experiments_4DGS/scripts/vipe_benchmark/s1_progress.py", line 310, in operation
    value = function(*args, **kwargs)
  File "/home/auss/git_repos/samaust/Experiments_4DGS/scripts/vipe_benchmark/s1_progress.py", line 227, in checked_file_record
    result=record(path, read_bytes(path, size))
                        ~~~~~~~~~~^^^^^^^^^^^^
  File "/home/auss/git_repos/samaust/Experiments_4DGS/scripts/vipe_benchmark/s1_progress.py", line 175, in read_bytes
    fd = os.open(name, os.O_RDONLY | os.O_NOFOLLOW | os.O_NONBLOCK, dir_fd=parent)
OSError: [Errno 40] Too many levels of symbolic links: 'python'

======================================================================
ERROR: test_progress_plan047_deadline_steps (test_vipe_benchmark_supervisor.HelperSessionTests.test_progress_plan047_deadline_steps) (operation='reuse_after_read', when='equal')
----------------------------------------------------------------------
Traceback (most recent call last):
  File "/home/auss/git_repos/samaust/Experiments_4DGS/tests/test_vipe_benchmark_supervisor.py", line 3435, in test_progress_plan047_deadline_steps
    first=e.first_record(fixture['request'],state.root,'passed',**kwargs);value=read_json(first['path'])
  File "/home/auss/git_repos/samaust/Experiments_4DGS/scripts/vipe_benchmark/s1_evidence.py", line 168, in first_record
    result=operation(_first_record,request,output,status,clock=clock,rows=rows,runtime=runtime,
        error=error,stage=stage,raw=raw,checks=checks,deadline=deadline)
  File "/home/auss/git_repos/samaust/Experiments_4DGS/scripts/vipe_benchmark/s1_progress.py", line 310, in operation
    value = function(*args, **kwargs)
  File "/home/auss/git_repos/samaust/Experiments_4DGS/scripts/vipe_benchmark/s1_evidence.py", line 219, in _first_record
    verify_first(value, request, clock=clock, deadline=clock.work_deadline)
    ~~~~~~~~~~~~^^^^^^^^^^^^^^^^^^^^^^^^^^^^^^^^^^^^^^^^^^^^^^^^^^^^^^^^^^^
  File "/home/auss/git_repos/samaust/Experiments_4DGS/scripts/vipe_benchmark/s1_progress.py", line 332, in run
    result = function(*args, **kwargs)
  File "/home/auss/git_repos/samaust/Experiments_4DGS/scripts/vipe_benchmark/s1_evidence.py", line 760, in verify_first
    qualify_runtime(value['runtime'], request)
    ~~~~~~~~~~~~~~~^^^^^^^^^^^^^^^^^^^^^^^^^^^
  File "/home/auss/git_repos/samaust/Experiments_4DGS/scripts/vipe_benchmark/s1_progress.py", line 332, in run
    result = function(*args, **kwargs)
  File "/home/auss/git_repos/samaust/Experiments_4DGS/scripts/vipe_benchmark/s1_evidence.py", line 784, in qualify_runtime
    or executable != operation(file_record,request['runtime']['python'])):
                     ~~~~~~~~~^^^^^^^^^^^^^^^^^^^^^^^^^^^^^^^^^^^^^^^^^^
  File "/home/auss/git_repos/samaust/Experiments_4DGS/scripts/vipe_benchmark/s1_progress.py", line 310, in operation
    value = function(*args, **kwargs)
  File "/home/auss/git_repos/samaust/Experiments_4DGS/scripts/vipe_benchmark/s1_progress.py", line 227, in checked_file_record
    result=record(path, read_bytes(path, size))
                        ~~~~~~~~~~^^^^^^^^^^^^
  File "/home/auss/git_repos/samaust/Experiments_4DGS/scripts/vipe_benchmark/s1_progress.py", line 175, in read_bytes
    fd = os.open(name, os.O_RDONLY | os.O_NOFOLLOW | os.O_NONBLOCK, dir_fd=parent)
OSError: [Errno 40] Too many levels of symbolic links: 'python'

======================================================================
ERROR: test_progress_plan047_deadline_steps (test_vipe_benchmark_supervisor.HelperSessionTests.test_progress_plan047_deadline_steps) (operation='reuse_after_read', when='after')
----------------------------------------------------------------------
Traceback (most recent call last):
  File "/home/auss/git_repos/samaust/Experiments_4DGS/tests/test_vipe_benchmark_supervisor.py", line 3435, in test_progress_plan047_deadline_steps
    first=e.first_record(fixture['request'],state.root,'passed',**kwargs);value=read_json(first['path'])
  File "/home/auss/git_repos/samaust/Experiments_4DGS/scripts/vipe_benchmark/s1_evidence.py", line 168, in first_record
    result=operation(_first_record,request,output,status,clock=clock,rows=rows,runtime=runtime,
        error=error,stage=stage,raw=raw,checks=checks,deadline=deadline)
  File "/home/auss/git_repos/samaust/Experiments_4DGS/scripts/vipe_benchmark/s1_progress.py", line 310, in operation
    value = function(*args, **kwargs)
  File "/home/auss/git_repos/samaust/Experiments_4DGS/scripts/vipe_benchmark/s1_evidence.py", line 219, in _first_record
    verify_first(value, request, clock=clock, deadline=clock.work_deadline)
    ~~~~~~~~~~~~^^^^^^^^^^^^^^^^^^^^^^^^^^^^^^^^^^^^^^^^^^^^^^^^^^^^^^^^^^^
  File "/home/auss/git_repos/samaust/Experiments_4DGS/scripts/vipe_benchmark/s1_progress.py", line 332, in run
    result = function(*args, **kwargs)
  File "/home/auss/git_repos/samaust/Experiments_4DGS/scripts/vipe_benchmark/s1_evidence.py", line 760, in verify_first
    qualify_runtime(value['runtime'], request)
    ~~~~~~~~~~~~~~~^^^^^^^^^^^^^^^^^^^^^^^^^^^
  File "/home/auss/git_repos/samaust/Experiments_4DGS/scripts/vipe_benchmark/s1_progress.py", line 332, in run
    result = function(*args, **kwargs)
  File "/home/auss/git_repos/samaust/Experiments_4DGS/scripts/vipe_benchmark/s1_evidence.py", line 784, in qualify_runtime
    or executable != operation(file_record,request['runtime']['python'])):
                     ~~~~~~~~~^^^^^^^^^^^^^^^^^^^^^^^^^^^^^^^^^^^^^^^^^^
  File "/home/auss/git_repos/samaust/Experiments_4DGS/scripts/vipe_benchmark/s1_progress.py", line 310, in operation
    value = function(*args, **kwargs)
  File "/home/auss/git_repos/samaust/Experiments_4DGS/scripts/vipe_benchmark/s1_progress.py", line 227, in checked_file_record
    result=record(path, read_bytes(path, size))
                        ~~~~~~~~~~^^^^^^^^^^^^
  File "/home/auss/git_repos/samaust/Experiments_4DGS/scripts/vipe_benchmark/s1_progress.py", line 175, in read_bytes
    fd = os.open(name, os.O_RDONLY | os.O_NOFOLLOW | os.O_NONBLOCK, dir_fd=parent)
OSError: [Errno 40] Too many levels of symbolic links: 'python'

======================================================================
ERROR: test_progress_plan047_deadline_steps (test_vipe_benchmark_supervisor.HelperSessionTests.test_progress_plan047_deadline_steps) (operation='accept_after_read', when='before')
----------------------------------------------------------------------
Traceback (most recent call last):
  File "/home/auss/git_repos/samaust/Experiments_4DGS/tests/test_vipe_benchmark_supervisor.py", line 3664, in test_progress_plan047_deadline_steps
    else:action();observed='real operation completed before W'
         ~~~~~~^^
  File "/home/auss/git_repos/samaust/Experiments_4DGS/tests/test_vipe_benchmark_supervisor.py", line 3440, in <lambda>
    if name=='accept_after_read':action=lambda:recovery.accept_result(full.fixture.root,full.fixture.config,full.request,full.result,full.output,reservation=full.reservation)
                                               ~~~~~~~~~~~~~~~~~~~~~~^^^^^^^^^^^^^^^^^^^^^^^^^^^^^^^^^^^^^^^^^^^^^^^^^^^^^^^^^^^^^^^^^^^^^^^^^^^^^^^^^^^^^^^^^^^^^^^^^^^^^^^^^
  File "/home/auss/git_repos/samaust/Experiments_4DGS/scripts/vipe_benchmark/s1_recovery.py", line 493, in accept_result
    return operation(_accept_result,local,config,request,result,output,reservation=reservation,
        deadline=reservation_deadline(reservation))
  File "/usr/lib/python3.14/unittest/mock.py", line 1176, in __call__
    return self._mock_call(*args, **kwargs)
           ~~~~~~~~~~~~~~~^^^^^^^^^^^^^^^^^
  File "/usr/lib/python3.14/unittest/mock.py", line 1180, in _mock_call
    return self._execute_mock_call(*args, **kwargs)
           ~~~~~~~~~~~~~~~~~~~~~~~^^^^^^^^^^^^^^^^^
  File "/usr/lib/python3.14/unittest/mock.py", line 1247, in _execute_mock_call
    result = effect(*args, **kwargs)
  File "/home/auss/git_repos/samaust/Experiments_4DGS/tests/test_vipe_benchmark_supervisor.py", line 3598, in observe_operation
    return actual_operation_observer(actual_entry,*args,**kwargs)
  File "/home/auss/git_repos/samaust/Experiments_4DGS/scripts/vipe_benchmark/s1_progress.py", line 310, in operation
    value = function(*args, **kwargs)
  File "/home/auss/git_repos/samaust/Experiments_4DGS/tests/test_vipe_benchmark_supervisor.py", line 3594, in actual_entry
    else:value=function(*values,**named)
               ~~~~~~~~^^^^^^^^^^^^^^^^^
  File "/home/auss/git_repos/samaust/Experiments_4DGS/scripts/vipe_benchmark/s1_recovery.py", line 501, in _accept_result
    document = active_binding(local, config, reservation, reservation['command'])
  File "/home/auss/git_repos/samaust/Experiments_4DGS/scripts/vipe_benchmark/s1_recovery.py", line 354, in active_binding
    events = Ledger(Path(local) / 'ledger.jsonl', config).events()
  File "/home/auss/git_repos/samaust/Experiments_4DGS/scripts/vipe_benchmark/ledger.py", line 78, in events
    with self.locked() as (_, events):
         ~~~~~~~~~~~^^
  File "/usr/lib/python3.14/contextlib.py", line 141, in __enter__
    return next(self.gen)
  File "/home/auss/git_repos/samaust/Experiments_4DGS/scripts/vipe_benchmark/ledger.py", line 53, in locked
    for line in stream:
                ^^^^^^
TypeError: 'ObservedStream' object is not iterable

======================================================================
ERROR: test_progress_plan047_deadline_steps (test_vipe_benchmark_supervisor.HelperSessionTests.test_progress_plan047_deadline_steps) (operation='accept_after_read', when='equal')
----------------------------------------------------------------------
Traceback (most recent call last):
  File "/home/auss/git_repos/samaust/Experiments_4DGS/tests/test_vipe_benchmark_supervisor.py", line 3661, in test_progress_plan047_deadline_steps
    with self.assertRaises(TimeoutError) as caught:action()
                                                   ~~~~~~^^
  File "/home/auss/git_repos/samaust/Experiments_4DGS/tests/test_vipe_benchmark_supervisor.py", line 3440, in <lambda>
    if name=='accept_after_read':action=lambda:recovery.accept_result(full.fixture.root,full.fixture.config,full.request,full.result,full.output,reservation=full.reservation)
                                               ~~~~~~~~~~~~~~~~~~~~~~^^^^^^^^^^^^^^^^^^^^^^^^^^^^^^^^^^^^^^^^^^^^^^^^^^^^^^^^^^^^^^^^^^^^^^^^^^^^^^^^^^^^^^^^^^^^^^^^^^^^^^^^^
  File "/home/auss/git_repos/samaust/Experiments_4DGS/scripts/vipe_benchmark/s1_recovery.py", line 493, in accept_result
    return operation(_accept_result,local,config,request,result,output,reservation=reservation,
        deadline=reservation_deadline(reservation))
  File "/usr/lib/python3.14/unittest/mock.py", line 1176, in __call__
    return self._mock_call(*args, **kwargs)
           ~~~~~~~~~~~~~~~^^^^^^^^^^^^^^^^^
  File "/usr/lib/python3.14/unittest/mock.py", line 1180, in _mock_call
    return self._execute_mock_call(*args, **kwargs)
           ~~~~~~~~~~~~~~~~~~~~~~~^^^^^^^^^^^^^^^^^
  File "/usr/lib/python3.14/unittest/mock.py", line 1247, in _execute_mock_call
    result = effect(*args, **kwargs)
  File "/home/auss/git_repos/samaust/Experiments_4DGS/tests/test_vipe_benchmark_supervisor.py", line 3598, in observe_operation
    return actual_operation_observer(actual_entry,*args,**kwargs)
  File "/home/auss/git_repos/samaust/Experiments_4DGS/scripts/vipe_benchmark/s1_progress.py", line 310, in operation
    value = function(*args, **kwargs)
  File "/home/auss/git_repos/samaust/Experiments_4DGS/tests/test_vipe_benchmark_supervisor.py", line 3594, in actual_entry
    else:value=function(*values,**named)
               ~~~~~~~~^^^^^^^^^^^^^^^^^
  File "/home/auss/git_repos/samaust/Experiments_4DGS/scripts/vipe_benchmark/s1_recovery.py", line 501, in _accept_result
    document = active_binding(local, config, reservation, reservation['command'])
  File "/home/auss/git_repos/samaust/Experiments_4DGS/scripts/vipe_benchmark/s1_recovery.py", line 354, in active_binding
    events = Ledger(Path(local) / 'ledger.jsonl', config).events()
  File "/home/auss/git_repos/samaust/Experiments_4DGS/scripts/vipe_benchmark/ledger.py", line 78, in events
    with self.locked() as (_, events):
         ~~~~~~~~~~~^^
  File "/usr/lib/python3.14/contextlib.py", line 141, in __enter__
    return next(self.gen)
  File "/home/auss/git_repos/samaust/Experiments_4DGS/scripts/vipe_benchmark/ledger.py", line 53, in locked
    for line in stream:
                ^^^^^^
TypeError: 'ObservedStream' object is not iterable

======================================================================
ERROR: test_progress_plan047_deadline_steps (test_vipe_benchmark_supervisor.HelperSessionTests.test_progress_plan047_deadline_steps) (operation='accept_after_read', when='after')
----------------------------------------------------------------------
Traceback (most recent call last):
  File "/home/auss/git_repos/samaust/Experiments_4DGS/tests/test_vipe_benchmark_supervisor.py", line 3661, in test_progress_plan047_deadline_steps
    with self.assertRaises(TimeoutError) as caught:action()
                                                   ~~~~~~^^
  File "/home/auss/git_repos/samaust/Experiments_4DGS/tests/test_vipe_benchmark_supervisor.py", line 3440, in <lambda>
    if name=='accept_after_read':action=lambda:recovery.accept_result(full.fixture.root,full.fixture.config,full.request,full.result,full.output,reservation=full.reservation)
                                               ~~~~~~~~~~~~~~~~~~~~~~^^^^^^^^^^^^^^^^^^^^^^^^^^^^^^^^^^^^^^^^^^^^^^^^^^^^^^^^^^^^^^^^^^^^^^^^^^^^^^^^^^^^^^^^^^^^^^^^^^^^^^^^^
  File "/home/auss/git_repos/samaust/Experiments_4DGS/scripts/vipe_benchmark/s1_recovery.py", line 493, in accept_result
    return operation(_accept_result,local,config,request,result,output,reservation=reservation,
        deadline=reservation_deadline(reservation))
  File "/usr/lib/python3.14/unittest/mock.py", line 1176, in __call__
    return self._mock_call(*args, **kwargs)
           ~~~~~~~~~~~~~~~^^^^^^^^^^^^^^^^^
  File "/usr/lib/python3.14/unittest/mock.py", line 1180, in _mock_call
    return self._execute_mock_call(*args, **kwargs)
           ~~~~~~~~~~~~~~~~~~~~~~~^^^^^^^^^^^^^^^^^
  File "/usr/lib/python3.14/unittest/mock.py", line 1247, in _execute_mock_call
    result = effect(*args, **kwargs)
  File "/home/auss/git_repos/samaust/Experiments_4DGS/tests/test_vipe_benchmark_supervisor.py", line 3598, in observe_operation
    return actual_operation_observer(actual_entry,*args,**kwargs)
  File "/home/auss/git_repos/samaust/Experiments_4DGS/scripts/vipe_benchmark/s1_progress.py", line 310, in operation
    value = function(*args, **kwargs)
  File "/home/auss/git_repos/samaust/Experiments_4DGS/tests/test_vipe_benchmark_supervisor.py", line 3594, in actual_entry
    else:value=function(*values,**named)
               ~~~~~~~~^^^^^^^^^^^^^^^^^
  File "/home/auss/git_repos/samaust/Experiments_4DGS/scripts/vipe_benchmark/s1_recovery.py", line 501, in _accept_result
    document = active_binding(local, config, reservation, reservation['command'])
  File "/home/auss/git_repos/samaust/Experiments_4DGS/scripts/vipe_benchmark/s1_recovery.py", line 354, in active_binding
    events = Ledger(Path(local) / 'ledger.jsonl', config).events()
  File "/home/auss/git_repos/samaust/Experiments_4DGS/scripts/vipe_benchmark/ledger.py", line 78, in events
    with self.locked() as (_, events):
         ~~~~~~~~~~~^^
  File "/usr/lib/python3.14/contextlib.py", line 141, in __enter__
    return next(self.gen)
  File "/home/auss/git_repos/samaust/Experiments_4DGS/scripts/vipe_benchmark/ledger.py", line 53, in locked
    for line in stream:
                ^^^^^^
TypeError: 'ObservedStream' object is not iterable

======================================================================
ERROR: test_progress_plan047_deadline_steps (test_vipe_benchmark_supervisor.HelperSessionTests.test_progress_plan047_deadline_steps) (operation='complete_after_read', when='before')
----------------------------------------------------------------------
Traceback (most recent call last):
  File "/home/auss/git_repos/samaust/Experiments_4DGS/tests/test_vipe_benchmark_supervisor.py", line 3442, in test_progress_plan047_deadline_steps
    acceptance=file_record(full.output/'acceptance.json')
  File "/home/auss/git_repos/samaust/Experiments_4DGS/scripts/vipe_benchmark/files.py", line 59, in file_record
    actual = digest(path)
  File "/home/auss/git_repos/samaust/Experiments_4DGS/scripts/vipe_benchmark/files.py", line 18, in digest
    with safe_path(path).open('rb') as stream:
         ~~~~~~~~~~~~~~~~~~~~^^^^^^
  File "/usr/lib/python3.14/pathlib/__init__.py", line 771, in open
    return io.open(self, mode, buffering, encoding, errors, newline)
           ~~~~~~~^^^^^^^^^^^^^^^^^^^^^^^^^^^^^^^^^^^^^^^^^^^^^^^^^^
FileNotFoundError: [Errno 2] No such file or directory: '/tmp/tmp3h_f6bga/jobs/S1-calibration-recovery-001/acceptance.json'

======================================================================
ERROR: test_progress_plan047_deadline_steps (test_vipe_benchmark_supervisor.HelperSessionTests.test_progress_plan047_deadline_steps) (operation='complete_after_read', when='equal')
----------------------------------------------------------------------
Traceback (most recent call last):
  File "/home/auss/git_repos/samaust/Experiments_4DGS/tests/test_vipe_benchmark_supervisor.py", line 3442, in test_progress_plan047_deadline_steps
    acceptance=file_record(full.output/'acceptance.json')
  File "/home/auss/git_repos/samaust/Experiments_4DGS/scripts/vipe_benchmark/files.py", line 59, in file_record
    actual = digest(path)
  File "/home/auss/git_repos/samaust/Experiments_4DGS/scripts/vipe_benchmark/files.py", line 18, in digest
    with safe_path(path).open('rb') as stream:
         ~~~~~~~~~~~~~~~~~~~~^^^^^^
  File "/usr/lib/python3.14/pathlib/__init__.py", line 771, in open
    return io.open(self, mode, buffering, encoding, errors, newline)
           ~~~~~~~^^^^^^^^^^^^^^^^^^^^^^^^^^^^^^^^^^^^^^^^^^^^^^^^^^
FileNotFoundError: [Errno 2] No such file or directory: '/tmp/tmp3h_f6bga/jobs/S1-calibration-recovery-001/acceptance.json'

======================================================================
ERROR: test_progress_plan047_deadline_steps (test_vipe_benchmark_supervisor.HelperSessionTests.test_progress_plan047_deadline_steps) (operation='complete_after_read', when='after')
----------------------------------------------------------------------
Traceback (most recent call last):
  File "/home/auss/git_repos/samaust/Experiments_4DGS/tests/test_vipe_benchmark_supervisor.py", line 3442, in test_progress_plan047_deadline_steps
    acceptance=file_record(full.output/'acceptance.json')
  File "/home/auss/git_repos/samaust/Experiments_4DGS/scripts/vipe_benchmark/files.py", line 59, in file_record
    actual = digest(path)
  File "/home/auss/git_repos/samaust/Experiments_4DGS/scripts/vipe_benchmark/files.py", line 18, in digest
    with safe_path(path).open('rb') as stream:
         ~~~~~~~~~~~~~~~~~~~~^^^^^^
  File "/usr/lib/python3.14/pathlib/__init__.py", line 771, in open
    return io.open(self, mode, buffering, encoding, errors, newline)
           ~~~~~~~^^^^^^^^^^^^^^^^^^^^^^^^^^^^^^^^^^^^^^^^^^^^^^^^^^
FileNotFoundError: [Errno 2] No such file or directory: '/tmp/tmp3h_f6bga/jobs/S1-calibration-recovery-001/acceptance.json'

======================================================================
ERROR: test_progress_plan047_nested (test_vipe_benchmark_supervisor.HelperSessionTests.test_progress_plan047_nested)
----------------------------------------------------------------------
Traceback (most recent call last):
  File "/home/auss/git_repos/samaust/Experiments_4DGS/tests/test_vipe_benchmark_supervisor.py", line 2399, in test_progress_plan047_nested
    trusted=p.recover(reference)
  File "/home/auss/git_repos/samaust/Experiments_4DGS/scripts/vipe_benchmark/s1_progress.py", line 941, in recover
    if reference['schema']!='s1-progress-reference/v2' or reference['integrity_status']!='verified':raise ValueError('progress recovery unverified')
                                                                                                    ^^^^^^^^^^^^^^^^^^^^^^^^^^^^^^^^^^^^^^^^^^^^^^^^
ValueError: progress recovery unverified

======================================================================
FAIL: test_l25_delayed_actual_reserve (test_vipe_benchmark_supervisor.HelperSessionTests.test_l25_delayed_actual_reserve)
----------------------------------------------------------------------
TimeoutError: S1 phase deadline reached

During handling of the above exception, another exception occurred:

Traceback (most recent call last):
  File "/home/auss/git_repos/samaust/Experiments_4DGS/tests/test_vipe_benchmark_supervisor.py", line 1486, in test_l25_delayed_actual_reserve
    def test_l25_delayed_actual_reserve(self): self.admission_rejected('L25',False)
                                               ~~~~~~~~~~~~~~~~~~~~~~~^^^^^^^^^^^^^
  File "/home/auss/git_repos/samaust/Experiments_4DGS/tests/test_vipe_benchmark_supervisor.py", line 1476, in admission_rejected
    with self.assertRaisesRegex(TimeoutError,'setup admission deadline'):
         ~~~~~~~~~~~~~~~~~~~~~~^^^^^^^^^^^^^^^^^^^^^^^^^^^^^^^^^^^^^^^^^
AssertionError: "setup admission deadline" does not match "S1 phase deadline reached"

======================================================================
FAIL: test_l26_equal_actual_reserve (test_vipe_benchmark_supervisor.HelperSessionTests.test_l26_equal_actual_reserve)
----------------------------------------------------------------------
TimeoutError: S1 phase deadline reached

During handling of the above exception, another exception occurred:

Traceback (most recent call last):
  File "/home/auss/git_repos/samaust/Experiments_4DGS/tests/test_vipe_benchmark_supervisor.py", line 1487, in test_l26_equal_actual_reserve
    def test_l26_equal_actual_reserve(self): self.admission_rejected('L26',True)
                                             ~~~~~~~~~~~~~~~~~~~~~~~^^^^^^^^^^^^
  File "/home/auss/git_repos/samaust/Experiments_4DGS/tests/test_vipe_benchmark_supervisor.py", line 1476, in admission_rejected
    with self.assertRaisesRegex(TimeoutError,'setup admission deadline'):
         ~~~~~~~~~~~~~~~~~~~~~~^^^^^^^^^^^^^^^^^^^^^^^^^^^^^^^^^^^^^^^^^
AssertionError: "setup admission deadline" does not match "S1 phase deadline reached"

======================================================================
FAIL: test_progress_p01_worker_deadline (test_vipe_benchmark_supervisor.HelperSessionTests.test_progress_p01_worker_deadline)
----------------------------------------------------------------------
Traceback (most recent call last):
  File "/home/auss/git_repos/samaust/Experiments_4DGS/tests/test_vipe_benchmark_supervisor.py", line 1969, in test_progress_p01_worker_deadline
    def test_progress_p01_worker_deadline(self):self.progress_scenario('P01','progress_worker',supervised=True)
                                                ~~~~~~~~~~~~~~~~~~~~~~^^^^^^^^^^^^^^^^^^^^^^^^^^^^^^^^^^^^^^^^^
  File "/home/auss/git_repos/samaust/Experiments_4DGS/tests/test_vipe_benchmark_supervisor.py", line 1724, in progress_scenario
    with self.scenario(label,mode) as session, tempfile.TemporaryDirectory() as temp:
         ~~~~~~~~~~~~~^^^^^^^^^^^^
  File "/usr/lib/python3.14/contextlib.py", line 148, in __exit__
    next(self.gen)
    ~~~~^^^^^^^^^^
  File "/home/auss/git_repos/samaust/Experiments_4DGS/tests/test_vipe_benchmark_supervisor.py", line 1237, in owned
    else:raise AssertionError('scenario cleanup/timing failures: '+repr(secondary))
         ^^^^^^^^^^^^^^^^^^^^^^^^^^^^^^^^^^^^^^^^^^^^^^^^^^^^^^^^^^^^^^^^^^^^^^^^^^
AssertionError: scenario cleanup/timing failures: [{'operation': 'timing_or_cleanup_check_4', 'error_class': 'AssertionError', 'message': "Lists differ: [{'operation': 'await_ready', 'message': '[277 chars]311}] != []\n\nFirst list contains 2 additional elements.\nFirst extra element 0:\n{'operation': 'await_ready', 'message': '85666.740026171 not less than or equal to 85666.59858231101', 'returned': 85666.740026171, 'deadline': 85666.498582311}\n\n+ []\n- [{'deadline': 85666.498582311,\n-   'message': '85666.740026171 not less than or equal to 85666.59858231101',\n-   'operation': 'await_ready',\n-   'returned': 85666.740026171},\n-  {'deadline': 85666.498582311,\n-   'message': '85666.924133133 not less than or equal to 85666.59858231101',\n-   'operation': 'await_ready',\n-   'returned': 85666.924133133}] : {'scenario': 'P01', 'mode': 'progress_worker', 'constructor_entry': 85665.498559729, 'action_cutoff': 85667.498559729, 'safety_cutoff': 85668.498559729, 'constructor_end': 85665.498664974, 't0': 85665.498582311, 'ready_deadline': 85666.498582311, 'setup_deadline': 85667.498582311, 'setup_cleanup_deadline': 85668.498582311, 'progress_final_outcome': {'event': 'progress_final_outcome', 'label': 'P01', 'primary': {'error_class': 'SupervisionFailure', 'message': 'TimeoutError: S1 work dispatch deadline; evidence publication failed: RuntimeError: retained helper unavailable for terminal publication', 'kind': 'job_deadline', 'primary_failure': {'error_class': 'TimeoutError', 'message': 'S1 work dispatch deadline', 'kind': 'job_deadline', 'phase': 'worker_sample', 'observed': 85666.924425374, 'stop_required': True}, 'secondary_failures': [{'error_class': 'RuntimeError', 'message': 'retained helper unavailable for terminal publication', 'phase': 'evidence_publication', 'observed': 85666.960373776}]}, 'assertion_or_setup_failure': None, 'finish': {'status': 'failed', 'elapsed': 1.0866132719966117, 'error': 'TimeoutError: S1 work dispatch deadline; evidence publication failed: RuntimeError: retained helper unavailable for terminal publication', 'result': None, 'peak': {'device_bytes': 0, 'artifact_bytes': 0, 'download_bytes': 0}, 'surviving_pids': [], 'cleanup_confir"}]

======================================================================
FAIL: test_progress_p04_failed_final_sample (test_vipe_benchmark_supervisor.HelperSessionTests.test_progress_p04_failed_final_sample)
----------------------------------------------------------------------
Traceback (most recent call last):
  File "/home/auss/git_repos/samaust/Experiments_4DGS/tests/test_vipe_benchmark_supervisor.py", line 1972, in test_progress_p04_failed_final_sample
    def test_progress_p04_failed_final_sample(self):self.progress_scenario('P04','progress_final',supervised=True)
                                                    ~~~~~~~~~~~~~~~~~~~~~~^^^^^^^^^^^^^^^^^^^^^^^^^^^^^^^^^^^^^^^^
  File "/home/auss/git_repos/samaust/Experiments_4DGS/tests/test_vipe_benchmark_supervisor.py", line 1822, in progress_scenario
    self.assertIsNotNone(reference,dict(outcome=outcome,errors=list(session.owner.errors),progress_error=session.owner.progress_error))
    ~~~~~~~~~~~~~~~~~~~~^^^^^^^^^^^^^^^^^^^^^^^^^^^^^^^^^^^^^^^^^^^^^^^^^^^^^^^^^^^^^^^^^^^^^^^^^^^^^^^^^^^^^^^^^^^^^^^^^^^^^^^^^^^^^^^
AssertionError: unexpectedly None : {'outcome': {'status': 'failed', 'elapsed': 0.4695597300014924, 'error': 'RuntimeError: helper operation failed: {\'error_class\': \'OSError\', \'message\': "[Errno 40] Too many levels of symbolic links: \'python\'", \'record\': {\'path\': \'/tmp/tmpxm6c4e78/jobs/S1-calibration-recovery-001/helper-error-06f0506526684bf3b3bf700c007e2ce2-2.json\', \'sha256\': \'82b4ac522f70eceb0c3364e7c32072bb2c58ffec444c794e0f6ee0ef9165b4d7\', \'bytes\': 2362}}; evidence publication failed: RuntimeError: retained helper unavailable for terminal publication', 'result': None, 'peak': {'device_bytes': 0, 'artifact_bytes': 0, 'download_bytes': 0}, 'surviving_pids': [], 'cleanup_confirmed': True, 'cleanup_uncertain': False, 'failure_kind': 'result_contract', 'stop_required': True, 'primary_failure': {'error_class': 'RuntimeError', 'message': 'helper operation failed: {\'error_class\': \'OSError\', \'message\': "[Errno 40] Too many levels of symbolic links: \'python\'", \'record\': {\'path\': \'/tmp/tmpxm6c4e78/jobs/S1-calibration-recovery-001/helper-error-06f0506526684bf3b3bf700c007e2ce2-2.json\', \'sha256\': \'82b4ac522f70eceb0c3364e7c32072bb2c58ffec444c794e0f6ee0ef9165b4d7\', \'bytes\': 2362}}', 'kind': 'result_contract', 'phase': 'acceptance', 'observed': 85670.316618533, 'stop_required': False}, 'secondary_failures': [{'error_class': 'RuntimeError', 'message': 'retained helper unavailable for terminal publication', 'phase': 'evidence_publication', 'observed': 85670.346527463}], 'secondary_outcome_kind': 'evidence_publication', 'reservation': {'sequence': 7, 'event_sha256': 'aaaaaaaaaaaaaaaaaaaaaaaaaaaaaaaaaaaaaaaaaaaaaaaaaaaaaaaaaaaaaaaa'}, 'acceptance': None, 'evidence_summary_record': None, 'verified_progress_reference': None, 'terminal_receipt': None, 'terminal_publication_status': 'unavailable', 'helper_ownership': [], 'helper_cleanup_errors': []}, 'errors': [], 'progress_error': None}

======================================================================
FAIL: test_progress_p06_blocked_owner (test_vipe_benchmark_supervisor.HelperSessionTests.test_progress_p06_blocked_owner)
----------------------------------------------------------------------
Traceback (most recent call last):
  File "/home/auss/git_repos/samaust/Experiments_4DGS/tests/test_vipe_benchmark_supervisor.py", line 1974, in test_progress_p06_blocked_owner
    def test_progress_p06_blocked_owner(self):self.progress_scenario('P06','progress_normal')
                                              ~~~~~~~~~~~~~~~~~~~~~~^^^^^^^^^^^^^^^^^^^^^^^^^
  File "/home/auss/git_repos/samaust/Experiments_4DGS/tests/test_vipe_benchmark_supervisor.py", line 1724, in progress_scenario
    with self.scenario(label,mode) as session, tempfile.TemporaryDirectory() as temp:
         ~~~~~~~~~~~~~^^^^^^^^^^^^
  File "/usr/lib/python3.14/contextlib.py", line 148, in __exit__
    next(self.gen)
    ~~~~^^^^^^^^^^
  File "/home/auss/git_repos/samaust/Experiments_4DGS/tests/test_vipe_benchmark_supervisor.py", line 1237, in owned
    else:raise AssertionError('scenario cleanup/timing failures: '+repr(secondary))
         ^^^^^^^^^^^^^^^^^^^^^^^^^^^^^^^^^^^^^^^^^^^^^^^^^^^^^^^^^^^^^^^^^^^^^^^^^^
AssertionError: scenario cleanup/timing failures: [{'operation': 'timing_or_cleanup_check_1', 'error_class': 'AssertionError', 'message': '2.0200093199964613 not less than or equal to 2'}]

======================================================================
FAIL: test_progress_plan047_deadline_steps (test_vipe_benchmark_supervisor.HelperSessionTests.test_progress_plan047_deadline_steps) (operation='notice_send', when='equal')
----------------------------------------------------------------------
Traceback (most recent call last):
  File "/home/auss/git_repos/samaust/Experiments_4DGS/tests/test_vipe_benchmark_supervisor.py", line 3706, in test_progress_plan047_deadline_steps
    self.assertIn(name,before_controls)
    ~~~~~~~~~~~~~^^^^^^^^^^^^^^^^^^^^^^
AssertionError: 'notice_send' not found in {'checkpoint_write': {'spec': {'target': {'operation': 'write', 'stage': 'write', 'phase': 'checkpoint'}, 'successor': {'operation': 'flush', 'stage': 'flush', 'phase': 'checkpoint'}}, 'target': [{'role': 'target', 'operation': 'write', 'stage': 'write', 'entered': 89283.858130341, 'completed': True, 'exited': 89283.858130341}], 'successor': [{'role': 'successor', 'operation': 'flush', 'stage': 'flush', 'entered': 89283.858130341, 'completed': True, 'exited': 89283.858130341}], 'predecessor': {'operation': 'checkpoint/fdopen', 'entered_before': 85713.951569804, 'returned_at': 89283.858130341}}, 'checkpoint_flush': {'spec': {'target': {'operation': 'flush', 'stage': 'flush', 'phase': 'checkpoint'}, 'successor': {'operation': 'fsync', 'stage': 'file_fsync', 'phase': 'checkpoint'}}, 'target': [{'role': 'target', 'operation': 'flush', 'stage': 'flush', 'entered': 89284.158339353, 'completed': True, 'exited': 89284.158339353}], 'successor': [{'role': 'successor', 'operation': 'fsync', 'stage': 'file_fsync', 'entered': 89284.158339353, 'completed': True, 'exited': 89284.158339353}], 'predecessor': {'operation': 'write/write', 'entered_before': 85714.250234867, 'returned_at': 89284.158339353}}, 'checkpoint_fsync': {'spec': {'target': {'operation': 'fsync', 'stage': 'file_fsync', 'phase': 'checkpoint'}, 'successor': {'operation': 'close', 'stage': 'close', 'phase': 'checkpoint'}}, 'target': [{'role': 'target', 'operation': 'fsync', 'stage': 'file_fsync', 'entered': 89284.450318611, 'completed': True, 'exited': 89284.450318611}], 'successor': [{'role': 'successor', 'operation': 'close', 'stage': 'close', 'entered': 89284.450318611, 'completed': True, 'exited': 89284.450318611}], 'predecessor': {'operation': 'flush/flush', 'entered_before': 85714.541803871, 'returned_at': 89284.450318611}}, 'checkpoint_close': {'spec': {'target': {'operation': 'close', 'stage': 'close', 'phase': 'checkpoint'}, 'successor': {'operation': 'read_bytes', 'stage': 'close_readback', 'phase': 'checkpoint'}}, 'target': [{'role': 'target', 'operation': 'close', 'stage': 'close', 'entered': 89284.74263084799, 'completed': True, 'exited': 89284.74263084799}], 'successor': [{'role': 'successor', 'operation': 'read_bytes', 'stage': 'close_readback', 'entered': 89284.74263084799, 'completed': True, 'exited': 89284.74263084799}], 'predecessor': {'operation': 'file_fsync/fsync', 'entered_before': 85714.835511779, 'returned_at': 89284.74263084799}}, 'checkpoint_readback': {'spec': {'target': {'operation': 'read_bytes', 'stage': 'close_readback', 'phase': 'checkpoint'}, 'successor': {'operation': 'record', 'stage': 'close_readback', 'phase': 'checkpoint'}}, 'target': [{'role': 'target', 'operation': 'read_bytes', 'stage': 'close_readback', 'entered': 89285.039075886, 'completed': True, 'exited': 89285.039075886}], 'successor': [{'role': 'successor', 'operation': 'record', 'stage': 'close_readback', 'entered': 89285.039075886, 'completed': True, 'exited': 89285.039075886}], 'predecessor': {'operation': 'close/close', 'entered_before': 85715.130888248, 'returned_at': 89285.039075886}}, 'head_write': {'spec': {'target': {'operation': 'write', 'stage': 'write', 'phase': 'head'}, 'successor': {'operation': 'flush', 'stage': 'flush', 'phase': 'head'}}, 'target': [{'role': 'target', 'operation': 'write', 'stage': 'write', 'entered': 89285.33266695999, 'completed': True, 'exited': 89285.33266695999}], 'successor': [{'role': 'successor', 'operation': 'flush', 'stage': 'flush', 'entered': 89285.33266695999, 'completed': True, 'exited': 89285.33266695999}], 'predecessor': {'operation': 'head/fdopen', 'entered_before': 85715.424654288, 'returned_at': 89285.33266695999}}, 'head_flush': {'spec': {'target': {'operation': 'flush', 'stage': 'flush', 'phase': 'head'}, 'successor': {'operation': 'fsync', 'stage': 'file_fsync', 'phase': 'head'}}, 'target': [{'role': 'target', 'operation': 'flush', 'stage': 'flush', 'entered': 89285.631904104, 'completed': True, 'exited': 89285.631904104}], 'successor': [{'role': 'successor', 'operation': 'fsync', 'stage': 'file_fsync', 'entered': 89285.631904104, 'completed': True, 'exited': 89285.631904104}], 'predecessor': {'operation': 'write/write', 'entered_before': 85715.724356331, 'returned_at': 89285.631904104}}, 'head_fsync': {'spec': {'target': {'operation': 'fsync', 'stage': 'file_fsync', 'phase': 'head'}, 'successor': {'operation': 'close', 'stage': 'close', 'phase': 'head'}}, 'target': [{'role': 'target', 'operation': 'fsync', 'stage': 'file_fsync', 'entered': 89285.934812917, 'completed': True, 'exited': 89285.934812917}], 'successor': [{'role': 'successor', 'operation': 'close', 'stage': 'close', 'entered': 89285.934812917, 'completed': True, 'exited': 89285.934812917}], 'predecessor': {'operation': 'flush/flush', 'entered_before': 85716.02584844, 'returned_at': 89285.934812917}}, 'head_close': {'spec': {'target': {'operation': 'close', 'stage': 'close', 'phase': 'head'}, 'successor': {'operation': 'read_bytes', 'stage': 'close_readback', 'phase': 'head'}}, 'target': [{'role': 'target', 'operation': 'close', 'stage': 'close', 'entered': 89286.23209641699, 'completed': True, 'exited': 89286.23209641699}], 'successor': [{'role': 'successor', 'operation': 'read_bytes', 'stage': 'close_readback', 'entered': 89286.23209641699, 'completed': True, 'exited': 89286.23209641699}], 'predecessor': {'operation': 'file_fsync/fsync', 'entered_before': 85716.325791657, 'returned_at': 89286.23209641699}}, 'head_readback': {'spec': {'target': {'operation': 'read_bytes', 'stage': 'close_readback', 'phase': 'head'}, 'successor': {'operation': 'record', 'stage': 'close_readback', 'phase': 'head'}}, 'target': [{'role': 'target', 'operation': 'read_bytes', 'stage': 'close_readback', 'entered': 89286.533620573, 'completed': True, 'exited': 89286.533620573}], 'successor': [{'role': 'successor', 'operation': 'record', 'stage': 'close_readback', 'entered': 89286.533620573, 'completed': True, 'exited': 89286.533620573}], 'predecessor': {'operation': 'close/close', 'entered_before': 85716.625035369, 'returned_at': 89286.533620573}}, 'generation_install': {'spec': {'target': {'module': 'os', 'operation': 'link'}, 'successor': {'module': 'os', 'operation': 'unlink'}}, 'target': [{'role': 'target', 'operation': 'link', 'entered': 89286.83144605899, 'stage': 'generation_install', 'completed': True, 'exited': 89286.83144605899}], 'successor': [{'role': 'successor', 'operation': 'unlink', 'entered': 89286.83144605899, 'stage': 'generation_install', 'completed': True, 'exited': 89286.83144605899}], 'predecessor': {'operation': '/tmp/tmp4dm97jsp/30/jobs/S1-progress-1971bc2c963b4ad987d33ef96a3cb2f9/worker/checkpoint.tmp/durable_write_return', 'entered_before': 85716.923744272, 'returned_at': 89286.83144605899}}, 'generation_dir_fsync': {'spec': {'target': {'module': 'vipe_benchmark.s1_progress', 'operation': 'fsync_dir'}, 'successor': {'module': 'vipe_benchmark.s1_progress', 'operation': 'record'}}, 'target': [{'role': 'target', 'operation': 'fsync_dir', 'entered': 89287.14115710299, 'stage': 'generation_directory_fsync', 'completed': True, 'exited': 89287.14115710299}], 'successor': [{'role': 'successor', 'operation': 'record', 'entered': 89287.14115710299, 'stage': 'generation_directory_fsync', 'completed': True, 'exited': 89287.14115710299}], 'predecessor': {'operation': 'generation_install/unlink', 'entered_before': 85717.23343816, 'returned_at': 89287.14115710299}}, 'generation_reopen_hash': {'spec': {'target': {'module': 'vipe_benchmark.s1_progress', 'operation': 'read_record'}, 'successor': {'module': 'vipe_benchmark.s1_progress', 'operation': 'encode'}}, 'target': [{'role': 'target', 'operation': 'read_record', 'entered': 89287.437770754, 'stage': 'generation_reopen_hash', 'completed': True, 'exited': 89287.437770754}], 'successor': [{'role': 'successor', 'operation': 'encode', 'entered': 89287.437770754, 'stage': 'generation_reopen_hash', 'completed': True, 'exited': 89287.437770754}], 'predecessor': {'operation': 'generation_directory_fsync/record', 'entered_before': 85717.530746537, 'returned_at': 89287.437770754}}, 'head_install': {'spec': {'target': {'module': 'os', 'operation': 'replace'}, 'successor': {'module': 'vipe_benchmark.s1_progress', 'operation': 'fsync_dir'}}, 'target': [{'role': 'target', 'operation': 'replace', 'entered': 89287.737007812, 'stage': 'head_install', 'completed': True, 'exited': 89287.737007812}], 'successor': [{'role': 'successor', 'operation': 'fsync_dir', 'entered': 89287.737007812, 'stage': 'head_directory_fsync', 'completed': True, 'exited': 89287.737007812}], 'predecessor': {'operation': '/tmp/tmp4dm97jsp/39/jobs/S1-progress-82b2daafd49f41bd8eda148eaa14a59c/worker/head.tmp/durable_write_return', 'entered_before': 85717.829320866, 'returned_at': 89287.737007812}}, 'head_dir_fsync': {'spec': {'target': {'module': 'vipe_benchmark.s1_progress', 'operation': 'fsync_dir'}, 'successor': {'module': 'vipe_benchmark.s1_progress', 'operation': 'record'}}, 'target': [{'role': 'target', 'operation': 'fsync_dir', 'entered': 89288.039440268, 'stage': 'head_directory_fsync', 'completed': True, 'exited': 89288.039440268}], 'successor': [{'role': 'successor', 'operation': 'record', 'entered': 89288.039440268, 'stage': 'head_directory_fsync', 'completed': True, 'exited': 89288.039440268}], 'predecessor': {'operation': 'head_install/replace', 'entered_before': 85718.130634522, 'returned_at': 89288.039440268}}, 'final_head_read': {'spec': {'target': {'module': 'vipe_benchmark.s1_progress', 'operation': 'read_record'}, 'successor': {'module': 'vipe_benchmark.s1_progress', 'operation': 'read_record'}}, 'target': [{'role': 'target', 'operation': 'read_record', 'entered': 89288.33997317699, 'stage': 'final_head_read', 'completed': True, 'exited': 89288.33997317699}], 'successor': [{'role': 'successor', 'operation': 'read_record', 'entered': 89288.33997317699, 'stage': 'final_generation_read', 'completed': True, 'exited': 89288.33997317699}], 'predecessor': {'operation': 'head_directory_fsync/record', 'entered_before': 85718.433826928, 'returned_at': 89288.33997317699}}, 'final_generation_read': {'spec': {'target': {'module': 'vipe_benchmark.s1_progress', 'operation': 'read_record'}, 'successor': {'module': 'vipe_benchmark.s1_progress', 'operation': 'encode'}}, 'target': [{'role': 'target', 'operation': 'read_record', 'entered': 89288.64308871899, 'stage': 'final_generation_read', 'completed': True, 'exited': 89288.64308871899}], 'successor': [{'role': 'successor', 'operation': 'encode', 'entered': 89288.64308871899, 'stage': 'final_generation_read', 'completed': True, 'exited': 89288.64308871899}], 'predecessor': {'operation': 'final_head_read/read_record', 'entered_before': 85718.73474791, 'returned_at': 89288.64308871899}}}

======================================================================
FAIL: test_progress_plan047_deadline_steps (test_vipe_benchmark_supervisor.HelperSessionTests.test_progress_plan047_deadline_steps) (operation='notice_send', when='after')
----------------------------------------------------------------------
Traceback (most recent call last):
  File "/home/auss/git_repos/samaust/Experiments_4DGS/tests/test_vipe_benchmark_supervisor.py", line 3706, in test_progress_plan047_deadline_steps
    self.assertIn(name,before_controls)
    ~~~~~~~~~~~~~^^^^^^^^^^^^^^^^^^^^^^
AssertionError: 'notice_send' not found in {'checkpoint_write': {'spec': {'target': {'operation': 'write', 'stage': 'write', 'phase': 'checkpoint'}, 'successor': {'operation': 'flush', 'stage': 'flush', 'phase': 'checkpoint'}}, 'target': [{'role': 'target', 'operation': 'write', 'stage': 'write', 'entered': 89283.858130341, 'completed': True, 'exited': 89283.858130341}], 'successor': [{'role': 'successor', 'operation': 'flush', 'stage': 'flush', 'entered': 89283.858130341, 'completed': True, 'exited': 89283.858130341}], 'predecessor': {'operation': 'checkpoint/fdopen', 'entered_before': 85713.951569804, 'returned_at': 89283.858130341}}, 'checkpoint_flush': {'spec': {'target': {'operation': 'flush', 'stage': 'flush', 'phase': 'checkpoint'}, 'successor': {'operation': 'fsync', 'stage': 'file_fsync', 'phase': 'checkpoint'}}, 'target': [{'role': 'target', 'operation': 'flush', 'stage': 'flush', 'entered': 89284.158339353, 'completed': True, 'exited': 89284.158339353}], 'successor': [{'role': 'successor', 'operation': 'fsync', 'stage': 'file_fsync', 'entered': 89284.158339353, 'completed': True, 'exited': 89284.158339353}], 'predecessor': {'operation': 'write/write', 'entered_before': 85714.250234867, 'returned_at': 89284.158339353}}, 'checkpoint_fsync': {'spec': {'target': {'operation': 'fsync', 'stage': 'file_fsync', 'phase': 'checkpoint'}, 'successor': {'operation': 'close', 'stage': 'close', 'phase': 'checkpoint'}}, 'target': [{'role': 'target', 'operation': 'fsync', 'stage': 'file_fsync', 'entered': 89284.450318611, 'completed': True, 'exited': 89284.450318611}], 'successor': [{'role': 'successor', 'operation': 'close', 'stage': 'close', 'entered': 89284.450318611, 'completed': True, 'exited': 89284.450318611}], 'predecessor': {'operation': 'flush/flush', 'entered_before': 85714.541803871, 'returned_at': 89284.450318611}}, 'checkpoint_close': {'spec': {'target': {'operation': 'close', 'stage': 'close', 'phase': 'checkpoint'}, 'successor': {'operation': 'read_bytes', 'stage': 'close_readback', 'phase': 'checkpoint'}}, 'target': [{'role': 'target', 'operation': 'close', 'stage': 'close', 'entered': 89284.74263084799, 'completed': True, 'exited': 89284.74263084799}], 'successor': [{'role': 'successor', 'operation': 'read_bytes', 'stage': 'close_readback', 'entered': 89284.74263084799, 'completed': True, 'exited': 89284.74263084799}], 'predecessor': {'operation': 'file_fsync/fsync', 'entered_before': 85714.835511779, 'returned_at': 89284.74263084799}}, 'checkpoint_readback': {'spec': {'target': {'operation': 'read_bytes', 'stage': 'close_readback', 'phase': 'checkpoint'}, 'successor': {'operation': 'record', 'stage': 'close_readback', 'phase': 'checkpoint'}}, 'target': [{'role': 'target', 'operation': 'read_bytes', 'stage': 'close_readback', 'entered': 89285.039075886, 'completed': True, 'exited': 89285.039075886}], 'successor': [{'role': 'successor', 'operation': 'record', 'stage': 'close_readback', 'entered': 89285.039075886, 'completed': True, 'exited': 89285.039075886}], 'predecessor': {'operation': 'close/close', 'entered_before': 85715.130888248, 'returned_at': 89285.039075886}}, 'head_write': {'spec': {'target': {'operation': 'write', 'stage': 'write', 'phase': 'head'}, 'successor': {'operation': 'flush', 'stage': 'flush', 'phase': 'head'}}, 'target': [{'role': 'target', 'operation': 'write', 'stage': 'write', 'entered': 89285.33266695999, 'completed': True, 'exited': 89285.33266695999}], 'successor': [{'role': 'successor', 'operation': 'flush', 'stage': 'flush', 'entered': 89285.33266695999, 'completed': True, 'exited': 89285.33266695999}], 'predecessor': {'operation': 'head/fdopen', 'entered_before': 85715.424654288, 'returned_at': 89285.33266695999}}, 'head_flush': {'spec': {'target': {'operation': 'flush', 'stage': 'flush', 'phase': 'head'}, 'successor': {'operation': 'fsync', 'stage': 'file_fsync', 'phase': 'head'}}, 'target': [{'role': 'target', 'operation': 'flush', 'stage': 'flush', 'entered': 89285.631904104, 'completed': True, 'exited': 89285.631904104}], 'successor': [{'role': 'successor', 'operation': 'fsync', 'stage': 'file_fsync', 'entered': 89285.631904104, 'completed': True, 'exited': 89285.631904104}], 'predecessor': {'operation': 'write/write', 'entered_before': 85715.724356331, 'returned_at': 89285.631904104}}, 'head_fsync': {'spec': {'target': {'operation': 'fsync', 'stage': 'file_fsync', 'phase': 'head'}, 'successor': {'operation': 'close', 'stage': 'close', 'phase': 'head'}}, 'target': [{'role': 'target', 'operation': 'fsync', 'stage': 'file_fsync', 'entered': 89285.934812917, 'completed': True, 'exited': 89285.934812917}], 'successor': [{'role': 'successor', 'operation': 'close', 'stage': 'close', 'entered': 89285.934812917, 'completed': True, 'exited': 89285.934812917}], 'predecessor': {'operation': 'flush/flush', 'entered_before': 85716.02584844, 'returned_at': 89285.934812917}}, 'head_close': {'spec': {'target': {'operation': 'close', 'stage': 'close', 'phase': 'head'}, 'successor': {'operation': 'read_bytes', 'stage': 'close_readback', 'phase': 'head'}}, 'target': [{'role': 'target', 'operation': 'close', 'stage': 'close', 'entered': 89286.23209641699, 'completed': True, 'exited': 89286.23209641699}], 'successor': [{'role': 'successor', 'operation': 'read_bytes', 'stage': 'close_readback', 'entered': 89286.23209641699, 'completed': True, 'exited': 89286.23209641699}], 'predecessor': {'operation': 'file_fsync/fsync', 'entered_before': 85716.325791657, 'returned_at': 89286.23209641699}}, 'head_readback': {'spec': {'target': {'operation': 'read_bytes', 'stage': 'close_readback', 'phase': 'head'}, 'successor': {'operation': 'record', 'stage': 'close_readback', 'phase': 'head'}}, 'target': [{'role': 'target', 'operation': 'read_bytes', 'stage': 'close_readback', 'entered': 89286.533620573, 'completed': True, 'exited': 89286.533620573}], 'successor': [{'role': 'successor', 'operation': 'record', 'stage': 'close_readback', 'entered': 89286.533620573, 'completed': True, 'exited': 89286.533620573}], 'predecessor': {'operation': 'close/close', 'entered_before': 85716.625035369, 'returned_at': 89286.533620573}}, 'generation_install': {'spec': {'target': {'module': 'os', 'operation': 'link'}, 'successor': {'module': 'os', 'operation': 'unlink'}}, 'target': [{'role': 'target', 'operation': 'link', 'entered': 89286.83144605899, 'stage': 'generation_install', 'completed': True, 'exited': 89286.83144605899}], 'successor': [{'role': 'successor', 'operation': 'unlink', 'entered': 89286.83144605899, 'stage': 'generation_install', 'completed': True, 'exited': 89286.83144605899}], 'predecessor': {'operation': '/tmp/tmp4dm97jsp/30/jobs/S1-progress-1971bc2c963b4ad987d33ef96a3cb2f9/worker/checkpoint.tmp/durable_write_return', 'entered_before': 85716.923744272, 'returned_at': 89286.83144605899}}, 'generation_dir_fsync': {'spec': {'target': {'module': 'vipe_benchmark.s1_progress', 'operation': 'fsync_dir'}, 'successor': {'module': 'vipe_benchmark.s1_progress', 'operation': 'record'}}, 'target': [{'role': 'target', 'operation': 'fsync_dir', 'entered': 89287.14115710299, 'stage': 'generation_directory_fsync', 'completed': True, 'exited': 89287.14115710299}], 'successor': [{'role': 'successor', 'operation': 'record', 'entered': 89287.14115710299, 'stage': 'generation_directory_fsync', 'completed': True, 'exited': 89287.14115710299}], 'predecessor': {'operation': 'generation_install/unlink', 'entered_before': 85717.23343816, 'returned_at': 89287.14115710299}}, 'generation_reopen_hash': {'spec': {'target': {'module': 'vipe_benchmark.s1_progress', 'operation': 'read_record'}, 'successor': {'module': 'vipe_benchmark.s1_progress', 'operation': 'encode'}}, 'target': [{'role': 'target', 'operation': 'read_record', 'entered': 89287.437770754, 'stage': 'generation_reopen_hash', 'completed': True, 'exited': 89287.437770754}], 'successor': [{'role': 'successor', 'operation': 'encode', 'entered': 89287.437770754, 'stage': 'generation_reopen_hash', 'completed': True, 'exited': 89287.437770754}], 'predecessor': {'operation': 'generation_directory_fsync/record', 'entered_before': 85717.530746537, 'returned_at': 89287.437770754}}, 'head_install': {'spec': {'target': {'module': 'os', 'operation': 'replace'}, 'successor': {'module': 'vipe_benchmark.s1_progress', 'operation': 'fsync_dir'}}, 'target': [{'role': 'target', 'operation': 'replace', 'entered': 89287.737007812, 'stage': 'head_install', 'completed': True, 'exited': 89287.737007812}], 'successor': [{'role': 'successor', 'operation': 'fsync_dir', 'entered': 89287.737007812, 'stage': 'head_directory_fsync', 'completed': True, 'exited': 89287.737007812}], 'predecessor': {'operation': '/tmp/tmp4dm97jsp/39/jobs/S1-progress-82b2daafd49f41bd8eda148eaa14a59c/worker/head.tmp/durable_write_return', 'entered_before': 85717.829320866, 'returned_at': 89287.737007812}}, 'head_dir_fsync': {'spec': {'target': {'module': 'vipe_benchmark.s1_progress', 'operation': 'fsync_dir'}, 'successor': {'module': 'vipe_benchmark.s1_progress', 'operation': 'record'}}, 'target': [{'role': 'target', 'operation': 'fsync_dir', 'entered': 89288.039440268, 'stage': 'head_directory_fsync', 'completed': True, 'exited': 89288.039440268}], 'successor': [{'role': 'successor', 'operation': 'record', 'entered': 89288.039440268, 'stage': 'head_directory_fsync', 'completed': True, 'exited': 89288.039440268}], 'predecessor': {'operation': 'head_install/replace', 'entered_before': 85718.130634522, 'returned_at': 89288.039440268}}, 'final_head_read': {'spec': {'target': {'module': 'vipe_benchmark.s1_progress', 'operation': 'read_record'}, 'successor': {'module': 'vipe_benchmark.s1_progress', 'operation': 'read_record'}}, 'target': [{'role': 'target', 'operation': 'read_record', 'entered': 89288.33997317699, 'stage': 'final_head_read', 'completed': True, 'exited': 89288.33997317699}], 'successor': [{'role': 'successor', 'operation': 'read_record', 'entered': 89288.33997317699, 'stage': 'final_generation_read', 'completed': True, 'exited': 89288.33997317699}], 'predecessor': {'operation': 'head_directory_fsync/record', 'entered_before': 85718.433826928, 'returned_at': 89288.33997317699}}, 'final_generation_read': {'spec': {'target': {'module': 'vipe_benchmark.s1_progress', 'operation': 'read_record'}, 'successor': {'module': 'vipe_benchmark.s1_progress', 'operation': 'encode'}}, 'target': [{'role': 'target', 'operation': 'read_record', 'entered': 89288.64308871899, 'stage': 'final_generation_read', 'completed': True, 'exited': 89288.64308871899}], 'successor': [{'role': 'successor', 'operation': 'encode', 'entered': 89288.64308871899, 'stage': 'final_generation_read', 'completed': True, 'exited': 89288.64308871899}], 'predecessor': {'operation': 'final_head_read/read_record', 'entered_before': 85718.73474791, 'returned_at': 89288.64308871899}}}

======================================================================
FAIL: test_progress_plan047_deadline_steps (test_vipe_benchmark_supervisor.HelperSessionTests.test_progress_plan047_deadline_steps) (operation='owner_retention', when='equal')
----------------------------------------------------------------------
Traceback (most recent call last):
  File "/home/auss/git_repos/samaust/Experiments_4DGS/tests/test_vipe_benchmark_supervisor.py", line 3706, in test_progress_plan047_deadline_steps
    self.assertIn(name,before_controls)
    ~~~~~~~~~~~~~^^^^^^^^^^^^^^^^^^^^^^
AssertionError: 'owner_retention' not found in {'checkpoint_write': {'spec': {'target': {'operation': 'write', 'stage': 'write', 'phase': 'checkpoint'}, 'successor': {'operation': 'flush', 'stage': 'flush', 'phase': 'checkpoint'}}, 'target': [{'role': 'target', 'operation': 'write', 'stage': 'write', 'entered': 89283.858130341, 'completed': True, 'exited': 89283.858130341}], 'successor': [{'role': 'successor', 'operation': 'flush', 'stage': 'flush', 'entered': 89283.858130341, 'completed': True, 'exited': 89283.858130341}], 'predecessor': {'operation': 'checkpoint/fdopen', 'entered_before': 85713.951569804, 'returned_at': 89283.858130341}}, 'checkpoint_flush': {'spec': {'target': {'operation': 'flush', 'stage': 'flush', 'phase': 'checkpoint'}, 'successor': {'operation': 'fsync', 'stage': 'file_fsync', 'phase': 'checkpoint'}}, 'target': [{'role': 'target', 'operation': 'flush', 'stage': 'flush', 'entered': 89284.158339353, 'completed': True, 'exited': 89284.158339353}], 'successor': [{'role': 'successor', 'operation': 'fsync', 'stage': 'file_fsync', 'entered': 89284.158339353, 'completed': True, 'exited': 89284.158339353}], 'predecessor': {'operation': 'write/write', 'entered_before': 85714.250234867, 'returned_at': 89284.158339353}}, 'checkpoint_fsync': {'spec': {'target': {'operation': 'fsync', 'stage': 'file_fsync', 'phase': 'checkpoint'}, 'successor': {'operation': 'close', 'stage': 'close', 'phase': 'checkpoint'}}, 'target': [{'role': 'target', 'operation': 'fsync', 'stage': 'file_fsync', 'entered': 89284.450318611, 'completed': True, 'exited': 89284.450318611}], 'successor': [{'role': 'successor', 'operation': 'close', 'stage': 'close', 'entered': 89284.450318611, 'completed': True, 'exited': 89284.450318611}], 'predecessor': {'operation': 'flush/flush', 'entered_before': 85714.541803871, 'returned_at': 89284.450318611}}, 'checkpoint_close': {'spec': {'target': {'operation': 'close', 'stage': 'close', 'phase': 'checkpoint'}, 'successor': {'operation': 'read_bytes', 'stage': 'close_readback', 'phase': 'checkpoint'}}, 'target': [{'role': 'target', 'operation': 'close', 'stage': 'close', 'entered': 89284.74263084799, 'completed': True, 'exited': 89284.74263084799}], 'successor': [{'role': 'successor', 'operation': 'read_bytes', 'stage': 'close_readback', 'entered': 89284.74263084799, 'completed': True, 'exited': 89284.74263084799}], 'predecessor': {'operation': 'file_fsync/fsync', 'entered_before': 85714.835511779, 'returned_at': 89284.74263084799}}, 'checkpoint_readback': {'spec': {'target': {'operation': 'read_bytes', 'stage': 'close_readback', 'phase': 'checkpoint'}, 'successor': {'operation': 'record', 'stage': 'close_readback', 'phase': 'checkpoint'}}, 'target': [{'role': 'target', 'operation': 'read_bytes', 'stage': 'close_readback', 'entered': 89285.039075886, 'completed': True, 'exited': 89285.039075886}], 'successor': [{'role': 'successor', 'operation': 'record', 'stage': 'close_readback', 'entered': 89285.039075886, 'completed': True, 'exited': 89285.039075886}], 'predecessor': {'operation': 'close/close', 'entered_before': 85715.130888248, 'returned_at': 89285.039075886}}, 'head_write': {'spec': {'target': {'operation': 'write', 'stage': 'write', 'phase': 'head'}, 'successor': {'operation': 'flush', 'stage': 'flush', 'phase': 'head'}}, 'target': [{'role': 'target', 'operation': 'write', 'stage': 'write', 'entered': 89285.33266695999, 'completed': True, 'exited': 89285.33266695999}], 'successor': [{'role': 'successor', 'operation': 'flush', 'stage': 'flush', 'entered': 89285.33266695999, 'completed': True, 'exited': 89285.33266695999}], 'predecessor': {'operation': 'head/fdopen', 'entered_before': 85715.424654288, 'returned_at': 89285.33266695999}}, 'head_flush': {'spec': {'target': {'operation': 'flush', 'stage': 'flush', 'phase': 'head'}, 'successor': {'operation': 'fsync', 'stage': 'file_fsync', 'phase': 'head'}}, 'target': [{'role': 'target', 'operation': 'flush', 'stage': 'flush', 'entered': 89285.631904104, 'completed': True, 'exited': 89285.631904104}], 'successor': [{'role': 'successor', 'operation': 'fsync', 'stage': 'file_fsync', 'entered': 89285.631904104, 'completed': True, 'exited': 89285.631904104}], 'predecessor': {'operation': 'write/write', 'entered_before': 85715.724356331, 'returned_at': 89285.631904104}}, 'head_fsync': {'spec': {'target': {'operation': 'fsync', 'stage': 'file_fsync', 'phase': 'head'}, 'successor': {'operation': 'close', 'stage': 'close', 'phase': 'head'}}, 'target': [{'role': 'target', 'operation': 'fsync', 'stage': 'file_fsync', 'entered': 89285.934812917, 'completed': True, 'exited': 89285.934812917}], 'successor': [{'role': 'successor', 'operation': 'close', 'stage': 'close', 'entered': 89285.934812917, 'completed': True, 'exited': 89285.934812917}], 'predecessor': {'operation': 'flush/flush', 'entered_before': 85716.02584844, 'returned_at': 89285.934812917}}, 'head_close': {'spec': {'target': {'operation': 'close', 'stage': 'close', 'phase': 'head'}, 'successor': {'operation': 'read_bytes', 'stage': 'close_readback', 'phase': 'head'}}, 'target': [{'role': 'target', 'operation': 'close', 'stage': 'close', 'entered': 89286.23209641699, 'completed': True, 'exited': 89286.23209641699}], 'successor': [{'role': 'successor', 'operation': 'read_bytes', 'stage': 'close_readback', 'entered': 89286.23209641699, 'completed': True, 'exited': 89286.23209641699}], 'predecessor': {'operation': 'file_fsync/fsync', 'entered_before': 85716.325791657, 'returned_at': 89286.23209641699}}, 'head_readback': {'spec': {'target': {'operation': 'read_bytes', 'stage': 'close_readback', 'phase': 'head'}, 'successor': {'operation': 'record', 'stage': 'close_readback', 'phase': 'head'}}, 'target': [{'role': 'target', 'operation': 'read_bytes', 'stage': 'close_readback', 'entered': 89286.533620573, 'completed': True, 'exited': 89286.533620573}], 'successor': [{'role': 'successor', 'operation': 'record', 'stage': 'close_readback', 'entered': 89286.533620573, 'completed': True, 'exited': 89286.533620573}], 'predecessor': {'operation': 'close/close', 'entered_before': 85716.625035369, 'returned_at': 89286.533620573}}, 'generation_install': {'spec': {'target': {'module': 'os', 'operation': 'link'}, 'successor': {'module': 'os', 'operation': 'unlink'}}, 'target': [{'role': 'target', 'operation': 'link', 'entered': 89286.83144605899, 'stage': 'generation_install', 'completed': True, 'exited': 89286.83144605899}], 'successor': [{'role': 'successor', 'operation': 'unlink', 'entered': 89286.83144605899, 'stage': 'generation_install', 'completed': True, 'exited': 89286.83144605899}], 'predecessor': {'operation': '/tmp/tmp4dm97jsp/30/jobs/S1-progress-1971bc2c963b4ad987d33ef96a3cb2f9/worker/checkpoint.tmp/durable_write_return', 'entered_before': 85716.923744272, 'returned_at': 89286.83144605899}}, 'generation_dir_fsync': {'spec': {'target': {'module': 'vipe_benchmark.s1_progress', 'operation': 'fsync_dir'}, 'successor': {'module': 'vipe_benchmark.s1_progress', 'operation': 'record'}}, 'target': [{'role': 'target', 'operation': 'fsync_dir', 'entered': 89287.14115710299, 'stage': 'generation_directory_fsync', 'completed': True, 'exited': 89287.14115710299}], 'successor': [{'role': 'successor', 'operation': 'record', 'entered': 89287.14115710299, 'stage': 'generation_directory_fsync', 'completed': True, 'exited': 89287.14115710299}], 'predecessor': {'operation': 'generation_install/unlink', 'entered_before': 85717.23343816, 'returned_at': 89287.14115710299}}, 'generation_reopen_hash': {'spec': {'target': {'module': 'vipe_benchmark.s1_progress', 'operation': 'read_record'}, 'successor': {'module': 'vipe_benchmark.s1_progress', 'operation': 'encode'}}, 'target': [{'role': 'target', 'operation': 'read_record', 'entered': 89287.437770754, 'stage': 'generation_reopen_hash', 'completed': True, 'exited': 89287.437770754}], 'successor': [{'role': 'successor', 'operation': 'encode', 'entered': 89287.437770754, 'stage': 'generation_reopen_hash', 'completed': True, 'exited': 89287.437770754}], 'predecessor': {'operation': 'generation_directory_fsync/record', 'entered_before': 85717.530746537, 'returned_at': 89287.437770754}}, 'head_install': {'spec': {'target': {'module': 'os', 'operation': 'replace'}, 'successor': {'module': 'vipe_benchmark.s1_progress', 'operation': 'fsync_dir'}}, 'target': [{'role': 'target', 'operation': 'replace', 'entered': 89287.737007812, 'stage': 'head_install', 'completed': True, 'exited': 89287.737007812}], 'successor': [{'role': 'successor', 'operation': 'fsync_dir', 'entered': 89287.737007812, 'stage': 'head_directory_fsync', 'completed': True, 'exited': 89287.737007812}], 'predecessor': {'operation': '/tmp/tmp4dm97jsp/39/jobs/S1-progress-82b2daafd49f41bd8eda148eaa14a59c/worker/head.tmp/durable_write_return', 'entered_before': 85717.829320866, 'returned_at': 89287.737007812}}, 'head_dir_fsync': {'spec': {'target': {'module': 'vipe_benchmark.s1_progress', 'operation': 'fsync_dir'}, 'successor': {'module': 'vipe_benchmark.s1_progress', 'operation': 'record'}}, 'target': [{'role': 'target', 'operation': 'fsync_dir', 'entered': 89288.039440268, 'stage': 'head_directory_fsync', 'completed': True, 'exited': 89288.039440268}], 'successor': [{'role': 'successor', 'operation': 'record', 'entered': 89288.039440268, 'stage': 'head_directory_fsync', 'completed': True, 'exited': 89288.039440268}], 'predecessor': {'operation': 'head_install/replace', 'entered_before': 85718.130634522, 'returned_at': 89288.039440268}}, 'final_head_read': {'spec': {'target': {'module': 'vipe_benchmark.s1_progress', 'operation': 'read_record'}, 'successor': {'module': 'vipe_benchmark.s1_progress', 'operation': 'read_record'}}, 'target': [{'role': 'target', 'operation': 'read_record', 'entered': 89288.33997317699, 'stage': 'final_head_read', 'completed': True, 'exited': 89288.33997317699}], 'successor': [{'role': 'successor', 'operation': 'read_record', 'entered': 89288.33997317699, 'stage': 'final_generation_read', 'completed': True, 'exited': 89288.33997317699}], 'predecessor': {'operation': 'head_directory_fsync/record', 'entered_before': 85718.433826928, 'returned_at': 89288.33997317699}}, 'final_generation_read': {'spec': {'target': {'module': 'vipe_benchmark.s1_progress', 'operation': 'read_record'}, 'successor': {'module': 'vipe_benchmark.s1_progress', 'operation': 'encode'}}, 'target': [{'role': 'target', 'operation': 'read_record', 'entered': 89288.64308871899, 'stage': 'final_generation_read', 'completed': True, 'exited': 89288.64308871899}], 'successor': [{'role': 'successor', 'operation': 'encode', 'entered': 89288.64308871899, 'stage': 'final_generation_read', 'completed': True, 'exited': 89288.64308871899}], 'predecessor': {'operation': 'final_head_read/read_record', 'entered_before': 85718.73474791, 'returned_at': 89288.64308871899}}}

======================================================================
FAIL: test_progress_plan047_deadline_steps (test_vipe_benchmark_supervisor.HelperSessionTests.test_progress_plan047_deadline_steps) (operation='owner_retention', when='after')
----------------------------------------------------------------------
Traceback (most recent call last):
  File "/home/auss/git_repos/samaust/Experiments_4DGS/tests/test_vipe_benchmark_supervisor.py", line 3706, in test_progress_plan047_deadline_steps
    self.assertIn(name,before_controls)
    ~~~~~~~~~~~~~^^^^^^^^^^^^^^^^^^^^^^
AssertionError: 'owner_retention' not found in {'checkpoint_write': {'spec': {'target': {'operation': 'write', 'stage': 'write', 'phase': 'checkpoint'}, 'successor': {'operation': 'flush', 'stage': 'flush', 'phase': 'checkpoint'}}, 'target': [{'role': 'target', 'operation': 'write', 'stage': 'write', 'entered': 89283.858130341, 'completed': True, 'exited': 89283.858130341}], 'successor': [{'role': 'successor', 'operation': 'flush', 'stage': 'flush', 'entered': 89283.858130341, 'completed': True, 'exited': 89283.858130341}], 'predecessor': {'operation': 'checkpoint/fdopen', 'entered_before': 85713.951569804, 'returned_at': 89283.858130341}}, 'checkpoint_flush': {'spec': {'target': {'operation': 'flush', 'stage': 'flush', 'phase': 'checkpoint'}, 'successor': {'operation': 'fsync', 'stage': 'file_fsync', 'phase': 'checkpoint'}}, 'target': [{'role': 'target', 'operation': 'flush', 'stage': 'flush', 'entered': 89284.158339353, 'completed': True, 'exited': 89284.158339353}], 'successor': [{'role': 'successor', 'operation': 'fsync', 'stage': 'file_fsync', 'entered': 89284.158339353, 'completed': True, 'exited': 89284.158339353}], 'predecessor': {'operation': 'write/write', 'entered_before': 85714.250234867, 'returned_at': 89284.158339353}}, 'checkpoint_fsync': {'spec': {'target': {'operation': 'fsync', 'stage': 'file_fsync', 'phase': 'checkpoint'}, 'successor': {'operation': 'close', 'stage': 'close', 'phase': 'checkpoint'}}, 'target': [{'role': 'target', 'operation': 'fsync', 'stage': 'file_fsync', 'entered': 89284.450318611, 'completed': True, 'exited': 89284.450318611}], 'successor': [{'role': 'successor', 'operation': 'close', 'stage': 'close', 'entered': 89284.450318611, 'completed': True, 'exited': 89284.450318611}], 'predecessor': {'operation': 'flush/flush', 'entered_before': 85714.541803871, 'returned_at': 89284.450318611}}, 'checkpoint_close': {'spec': {'target': {'operation': 'close', 'stage': 'close', 'phase': 'checkpoint'}, 'successor': {'operation': 'read_bytes', 'stage': 'close_readback', 'phase': 'checkpoint'}}, 'target': [{'role': 'target', 'operation': 'close', 'stage': 'close', 'entered': 89284.74263084799, 'completed': True, 'exited': 89284.74263084799}], 'successor': [{'role': 'successor', 'operation': 'read_bytes', 'stage': 'close_readback', 'entered': 89284.74263084799, 'completed': True, 'exited': 89284.74263084799}], 'predecessor': {'operation': 'file_fsync/fsync', 'entered_before': 85714.835511779, 'returned_at': 89284.74263084799}}, 'checkpoint_readback': {'spec': {'target': {'operation': 'read_bytes', 'stage': 'close_readback', 'phase': 'checkpoint'}, 'successor': {'operation': 'record', 'stage': 'close_readback', 'phase': 'checkpoint'}}, 'target': [{'role': 'target', 'operation': 'read_bytes', 'stage': 'close_readback', 'entered': 89285.039075886, 'completed': True, 'exited': 89285.039075886}], 'successor': [{'role': 'successor', 'operation': 'record', 'stage': 'close_readback', 'entered': 89285.039075886, 'completed': True, 'exited': 89285.039075886}], 'predecessor': {'operation': 'close/close', 'entered_before': 85715.130888248, 'returned_at': 89285.039075886}}, 'head_write': {'spec': {'target': {'operation': 'write', 'stage': 'write', 'phase': 'head'}, 'successor': {'operation': 'flush', 'stage': 'flush', 'phase': 'head'}}, 'target': [{'role': 'target', 'operation': 'write', 'stage': 'write', 'entered': 89285.33266695999, 'completed': True, 'exited': 89285.33266695999}], 'successor': [{'role': 'successor', 'operation': 'flush', 'stage': 'flush', 'entered': 89285.33266695999, 'completed': True, 'exited': 89285.33266695999}], 'predecessor': {'operation': 'head/fdopen', 'entered_before': 85715.424654288, 'returned_at': 89285.33266695999}}, 'head_flush': {'spec': {'target': {'operation': 'flush', 'stage': 'flush', 'phase': 'head'}, 'successor': {'operation': 'fsync', 'stage': 'file_fsync', 'phase': 'head'}}, 'target': [{'role': 'target', 'operation': 'flush', 'stage': 'flush', 'entered': 89285.631904104, 'completed': True, 'exited': 89285.631904104}], 'successor': [{'role': 'successor', 'operation': 'fsync', 'stage': 'file_fsync', 'entered': 89285.631904104, 'completed': True, 'exited': 89285.631904104}], 'predecessor': {'operation': 'write/write', 'entered_before': 85715.724356331, 'returned_at': 89285.631904104}}, 'head_fsync': {'spec': {'target': {'operation': 'fsync', 'stage': 'file_fsync', 'phase': 'head'}, 'successor': {'operation': 'close', 'stage': 'close', 'phase': 'head'}}, 'target': [{'role': 'target', 'operation': 'fsync', 'stage': 'file_fsync', 'entered': 89285.934812917, 'completed': True, 'exited': 89285.934812917}], 'successor': [{'role': 'successor', 'operation': 'close', 'stage': 'close', 'entered': 89285.934812917, 'completed': True, 'exited': 89285.934812917}], 'predecessor': {'operation': 'flush/flush', 'entered_before': 85716.02584844, 'returned_at': 89285.934812917}}, 'head_close': {'spec': {'target': {'operation': 'close', 'stage': 'close', 'phase': 'head'}, 'successor': {'operation': 'read_bytes', 'stage': 'close_readback', 'phase': 'head'}}, 'target': [{'role': 'target', 'operation': 'close', 'stage': 'close', 'entered': 89286.23209641699, 'completed': True, 'exited': 89286.23209641699}], 'successor': [{'role': 'successor', 'operation': 'read_bytes', 'stage': 'close_readback', 'entered': 89286.23209641699, 'completed': True, 'exited': 89286.23209641699}], 'predecessor': {'operation': 'file_fsync/fsync', 'entered_before': 85716.325791657, 'returned_at': 89286.23209641699}}, 'head_readback': {'spec': {'target': {'operation': 'read_bytes', 'stage': 'close_readback', 'phase': 'head'}, 'successor': {'operation': 'record', 'stage': 'close_readback', 'phase': 'head'}}, 'target': [{'role': 'target', 'operation': 'read_bytes', 'stage': 'close_readback', 'entered': 89286.533620573, 'completed': True, 'exited': 89286.533620573}], 'successor': [{'role': 'successor', 'operation': 'record', 'stage': 'close_readback', 'entered': 89286.533620573, 'completed': True, 'exited': 89286.533620573}], 'predecessor': {'operation': 'close/close', 'entered_before': 85716.625035369, 'returned_at': 89286.533620573}}, 'generation_install': {'spec': {'target': {'module': 'os', 'operation': 'link'}, 'successor': {'module': 'os', 'operation': 'unlink'}}, 'target': [{'role': 'target', 'operation': 'link', 'entered': 89286.83144605899, 'stage': 'generation_install', 'completed': True, 'exited': 89286.83144605899}], 'successor': [{'role': 'successor', 'operation': 'unlink', 'entered': 89286.83144605899, 'stage': 'generation_install', 'completed': True, 'exited': 89286.83144605899}], 'predecessor': {'operation': '/tmp/tmp4dm97jsp/30/jobs/S1-progress-1971bc2c963b4ad987d33ef96a3cb2f9/worker/checkpoint.tmp/durable_write_return', 'entered_before': 85716.923744272, 'returned_at': 89286.83144605899}}, 'generation_dir_fsync': {'spec': {'target': {'module': 'vipe_benchmark.s1_progress', 'operation': 'fsync_dir'}, 'successor': {'module': 'vipe_benchmark.s1_progress', 'operation': 'record'}}, 'target': [{'role': 'target', 'operation': 'fsync_dir', 'entered': 89287.14115710299, 'stage': 'generation_directory_fsync', 'completed': True, 'exited': 89287.14115710299}], 'successor': [{'role': 'successor', 'operation': 'record', 'entered': 89287.14115710299, 'stage': 'generation_directory_fsync', 'completed': True, 'exited': 89287.14115710299}], 'predecessor': {'operation': 'generation_install/unlink', 'entered_before': 85717.23343816, 'returned_at': 89287.14115710299}}, 'generation_reopen_hash': {'spec': {'target': {'module': 'vipe_benchmark.s1_progress', 'operation': 'read_record'}, 'successor': {'module': 'vipe_benchmark.s1_progress', 'operation': 'encode'}}, 'target': [{'role': 'target', 'operation': 'read_record', 'entered': 89287.437770754, 'stage': 'generation_reopen_hash', 'completed': True, 'exited': 89287.437770754}], 'successor': [{'role': 'successor', 'operation': 'encode', 'entered': 89287.437770754, 'stage': 'generation_reopen_hash', 'completed': True, 'exited': 89287.437770754}], 'predecessor': {'operation': 'generation_directory_fsync/record', 'entered_before': 85717.530746537, 'returned_at': 89287.437770754}}, 'head_install': {'spec': {'target': {'module': 'os', 'operation': 'replace'}, 'successor': {'module': 'vipe_benchmark.s1_progress', 'operation': 'fsync_dir'}}, 'target': [{'role': 'target', 'operation': 'replace', 'entered': 89287.737007812, 'stage': 'head_install', 'completed': True, 'exited': 89287.737007812}], 'successor': [{'role': 'successor', 'operation': 'fsync_dir', 'entered': 89287.737007812, 'stage': 'head_directory_fsync', 'completed': True, 'exited': 89287.737007812}], 'predecessor': {'operation': '/tmp/tmp4dm97jsp/39/jobs/S1-progress-82b2daafd49f41bd8eda148eaa14a59c/worker/head.tmp/durable_write_return', 'entered_before': 85717.829320866, 'returned_at': 89287.737007812}}, 'head_dir_fsync': {'spec': {'target': {'module': 'vipe_benchmark.s1_progress', 'operation': 'fsync_dir'}, 'successor': {'module': 'vipe_benchmark.s1_progress', 'operation': 'record'}}, 'target': [{'role': 'target', 'operation': 'fsync_dir', 'entered': 89288.039440268, 'stage': 'head_directory_fsync', 'completed': True, 'exited': 89288.039440268}], 'successor': [{'role': 'successor', 'operation': 'record', 'entered': 89288.039440268, 'stage': 'head_directory_fsync', 'completed': True, 'exited': 89288.039440268}], 'predecessor': {'operation': 'head_install/replace', 'entered_before': 85718.130634522, 'returned_at': 89288.039440268}}, 'final_head_read': {'spec': {'target': {'module': 'vipe_benchmark.s1_progress', 'operation': 'read_record'}, 'successor': {'module': 'vipe_benchmark.s1_progress', 'operation': 'read_record'}}, 'target': [{'role': 'target', 'operation': 'read_record', 'entered': 89288.33997317699, 'stage': 'final_head_read', 'completed': True, 'exited': 89288.33997317699}], 'successor': [{'role': 'successor', 'operation': 'read_record', 'entered': 89288.33997317699, 'stage': 'final_generation_read', 'completed': True, 'exited': 89288.33997317699}], 'predecessor': {'operation': 'head_directory_fsync/record', 'entered_before': 85718.433826928, 'returned_at': 89288.33997317699}}, 'final_generation_read': {'spec': {'target': {'module': 'vipe_benchmark.s1_progress', 'operation': 'read_record'}, 'successor': {'module': 'vipe_benchmark.s1_progress', 'operation': 'encode'}}, 'target': [{'role': 'target', 'operation': 'read_record', 'entered': 89288.64308871899, 'stage': 'final_generation_read', 'completed': True, 'exited': 89288.64308871899}], 'successor': [{'role': 'successor', 'operation': 'encode', 'entered': 89288.64308871899, 'stage': 'final_generation_read', 'completed': True, 'exited': 89288.64308871899}], 'predecessor': {'operation': 'final_head_read/read_record', 'entered_before': 85718.73474791, 'returned_at': 89288.64308871899}}}

======================================================================
FAIL: test_progress_plan047_deadline_steps (test_vipe_benchmark_supervisor.HelperSessionTests.test_progress_plan047_deadline_steps) (operation='ack_send', when='equal')
----------------------------------------------------------------------
Traceback (most recent call last):
  File "/home/auss/git_repos/samaust/Experiments_4DGS/tests/test_vipe_benchmark_supervisor.py", line 3706, in test_progress_plan047_deadline_steps
    self.assertIn(name,before_controls)
    ~~~~~~~~~~~~~^^^^^^^^^^^^^^^^^^^^^^
AssertionError: 'ack_send' not found in {'checkpoint_write': {'spec': {'target': {'operation': 'write', 'stage': 'write', 'phase': 'checkpoint'}, 'successor': {'operation': 'flush', 'stage': 'flush', 'phase': 'checkpoint'}}, 'target': [{'role': 'target', 'operation': 'write', 'stage': 'write', 'entered': 89283.858130341, 'completed': True, 'exited': 89283.858130341}], 'successor': [{'role': 'successor', 'operation': 'flush', 'stage': 'flush', 'entered': 89283.858130341, 'completed': True, 'exited': 89283.858130341}], 'predecessor': {'operation': 'checkpoint/fdopen', 'entered_before': 85713.951569804, 'returned_at': 89283.858130341}}, 'checkpoint_flush': {'spec': {'target': {'operation': 'flush', 'stage': 'flush', 'phase': 'checkpoint'}, 'successor': {'operation': 'fsync', 'stage': 'file_fsync', 'phase': 'checkpoint'}}, 'target': [{'role': 'target', 'operation': 'flush', 'stage': 'flush', 'entered': 89284.158339353, 'completed': True, 'exited': 89284.158339353}], 'successor': [{'role': 'successor', 'operation': 'fsync', 'stage': 'file_fsync', 'entered': 89284.158339353, 'completed': True, 'exited': 89284.158339353}], 'predecessor': {'operation': 'write/write', 'entered_before': 85714.250234867, 'returned_at': 89284.158339353}}, 'checkpoint_fsync': {'spec': {'target': {'operation': 'fsync', 'stage': 'file_fsync', 'phase': 'checkpoint'}, 'successor': {'operation': 'close', 'stage': 'close', 'phase': 'checkpoint'}}, 'target': [{'role': 'target', 'operation': 'fsync', 'stage': 'file_fsync', 'entered': 89284.450318611, 'completed': True, 'exited': 89284.450318611}], 'successor': [{'role': 'successor', 'operation': 'close', 'stage': 'close', 'entered': 89284.450318611, 'completed': True, 'exited': 89284.450318611}], 'predecessor': {'operation': 'flush/flush', 'entered_before': 85714.541803871, 'returned_at': 89284.450318611}}, 'checkpoint_close': {'spec': {'target': {'operation': 'close', 'stage': 'close', 'phase': 'checkpoint'}, 'successor': {'operation': 'read_bytes', 'stage': 'close_readback', 'phase': 'checkpoint'}}, 'target': [{'role': 'target', 'operation': 'close', 'stage': 'close', 'entered': 89284.74263084799, 'completed': True, 'exited': 89284.74263084799}], 'successor': [{'role': 'successor', 'operation': 'read_bytes', 'stage': 'close_readback', 'entered': 89284.74263084799, 'completed': True, 'exited': 89284.74263084799}], 'predecessor': {'operation': 'file_fsync/fsync', 'entered_before': 85714.835511779, 'returned_at': 89284.74263084799}}, 'checkpoint_readback': {'spec': {'target': {'operation': 'read_bytes', 'stage': 'close_readback', 'phase': 'checkpoint'}, 'successor': {'operation': 'record', 'stage': 'close_readback', 'phase': 'checkpoint'}}, 'target': [{'role': 'target', 'operation': 'read_bytes', 'stage': 'close_readback', 'entered': 89285.039075886, 'completed': True, 'exited': 89285.039075886}], 'successor': [{'role': 'successor', 'operation': 'record', 'stage': 'close_readback', 'entered': 89285.039075886, 'completed': True, 'exited': 89285.039075886}], 'predecessor': {'operation': 'close/close', 'entered_before': 85715.130888248, 'returned_at': 89285.039075886}}, 'head_write': {'spec': {'target': {'operation': 'write', 'stage': 'write', 'phase': 'head'}, 'successor': {'operation': 'flush', 'stage': 'flush', 'phase': 'head'}}, 'target': [{'role': 'target', 'operation': 'write', 'stage': 'write', 'entered': 89285.33266695999, 'completed': True, 'exited': 89285.33266695999}], 'successor': [{'role': 'successor', 'operation': 'flush', 'stage': 'flush', 'entered': 89285.33266695999, 'completed': True, 'exited': 89285.33266695999}], 'predecessor': {'operation': 'head/fdopen', 'entered_before': 85715.424654288, 'returned_at': 89285.33266695999}}, 'head_flush': {'spec': {'target': {'operation': 'flush', 'stage': 'flush', 'phase': 'head'}, 'successor': {'operation': 'fsync', 'stage': 'file_fsync', 'phase': 'head'}}, 'target': [{'role': 'target', 'operation': 'flush', 'stage': 'flush', 'entered': 89285.631904104, 'completed': True, 'exited': 89285.631904104}], 'successor': [{'role': 'successor', 'operation': 'fsync', 'stage': 'file_fsync', 'entered': 89285.631904104, 'completed': True, 'exited': 89285.631904104}], 'predecessor': {'operation': 'write/write', 'entered_before': 85715.724356331, 'returned_at': 89285.631904104}}, 'head_fsync': {'spec': {'target': {'operation': 'fsync', 'stage': 'file_fsync', 'phase': 'head'}, 'successor': {'operation': 'close', 'stage': 'close', 'phase': 'head'}}, 'target': [{'role': 'target', 'operation': 'fsync', 'stage': 'file_fsync', 'entered': 89285.934812917, 'completed': True, 'exited': 89285.934812917}], 'successor': [{'role': 'successor', 'operation': 'close', 'stage': 'close', 'entered': 89285.934812917, 'completed': True, 'exited': 89285.934812917}], 'predecessor': {'operation': 'flush/flush', 'entered_before': 85716.02584844, 'returned_at': 89285.934812917}}, 'head_close': {'spec': {'target': {'operation': 'close', 'stage': 'close', 'phase': 'head'}, 'successor': {'operation': 'read_bytes', 'stage': 'close_readback', 'phase': 'head'}}, 'target': [{'role': 'target', 'operation': 'close', 'stage': 'close', 'entered': 89286.23209641699, 'completed': True, 'exited': 89286.23209641699}], 'successor': [{'role': 'successor', 'operation': 'read_bytes', 'stage': 'close_readback', 'entered': 89286.23209641699, 'completed': True, 'exited': 89286.23209641699}], 'predecessor': {'operation': 'file_fsync/fsync', 'entered_before': 85716.325791657, 'returned_at': 89286.23209641699}}, 'head_readback': {'spec': {'target': {'operation': 'read_bytes', 'stage': 'close_readback', 'phase': 'head'}, 'successor': {'operation': 'record', 'stage': 'close_readback', 'phase': 'head'}}, 'target': [{'role': 'target', 'operation': 'read_bytes', 'stage': 'close_readback', 'entered': 89286.533620573, 'completed': True, 'exited': 89286.533620573}], 'successor': [{'role': 'successor', 'operation': 'record', 'stage': 'close_readback', 'entered': 89286.533620573, 'completed': True, 'exited': 89286.533620573}], 'predecessor': {'operation': 'close/close', 'entered_before': 85716.625035369, 'returned_at': 89286.533620573}}, 'generation_install': {'spec': {'target': {'module': 'os', 'operation': 'link'}, 'successor': {'module': 'os', 'operation': 'unlink'}}, 'target': [{'role': 'target', 'operation': 'link', 'entered': 89286.83144605899, 'stage': 'generation_install', 'completed': True, 'exited': 89286.83144605899}], 'successor': [{'role': 'successor', 'operation': 'unlink', 'entered': 89286.83144605899, 'stage': 'generation_install', 'completed': True, 'exited': 89286.83144605899}], 'predecessor': {'operation': '/tmp/tmp4dm97jsp/30/jobs/S1-progress-1971bc2c963b4ad987d33ef96a3cb2f9/worker/checkpoint.tmp/durable_write_return', 'entered_before': 85716.923744272, 'returned_at': 89286.83144605899}}, 'generation_dir_fsync': {'spec': {'target': {'module': 'vipe_benchmark.s1_progress', 'operation': 'fsync_dir'}, 'successor': {'module': 'vipe_benchmark.s1_progress', 'operation': 'record'}}, 'target': [{'role': 'target', 'operation': 'fsync_dir', 'entered': 89287.14115710299, 'stage': 'generation_directory_fsync', 'completed': True, 'exited': 89287.14115710299}], 'successor': [{'role': 'successor', 'operation': 'record', 'entered': 89287.14115710299, 'stage': 'generation_directory_fsync', 'completed': True, 'exited': 89287.14115710299}], 'predecessor': {'operation': 'generation_install/unlink', 'entered_before': 85717.23343816, 'returned_at': 89287.14115710299}}, 'generation_reopen_hash': {'spec': {'target': {'module': 'vipe_benchmark.s1_progress', 'operation': 'read_record'}, 'successor': {'module': 'vipe_benchmark.s1_progress', 'operation': 'encode'}}, 'target': [{'role': 'target', 'operation': 'read_record', 'entered': 89287.437770754, 'stage': 'generation_reopen_hash', 'completed': True, 'exited': 89287.437770754}], 'successor': [{'role': 'successor', 'operation': 'encode', 'entered': 89287.437770754, 'stage': 'generation_reopen_hash', 'completed': True, 'exited': 89287.437770754}], 'predecessor': {'operation': 'generation_directory_fsync/record', 'entered_before': 85717.530746537, 'returned_at': 89287.437770754}}, 'head_install': {'spec': {'target': {'module': 'os', 'operation': 'replace'}, 'successor': {'module': 'vipe_benchmark.s1_progress', 'operation': 'fsync_dir'}}, 'target': [{'role': 'target', 'operation': 'replace', 'entered': 89287.737007812, 'stage': 'head_install', 'completed': True, 'exited': 89287.737007812}], 'successor': [{'role': 'successor', 'operation': 'fsync_dir', 'entered': 89287.737007812, 'stage': 'head_directory_fsync', 'completed': True, 'exited': 89287.737007812}], 'predecessor': {'operation': '/tmp/tmp4dm97jsp/39/jobs/S1-progress-82b2daafd49f41bd8eda148eaa14a59c/worker/head.tmp/durable_write_return', 'entered_before': 85717.829320866, 'returned_at': 89287.737007812}}, 'head_dir_fsync': {'spec': {'target': {'module': 'vipe_benchmark.s1_progress', 'operation': 'fsync_dir'}, 'successor': {'module': 'vipe_benchmark.s1_progress', 'operation': 'record'}}, 'target': [{'role': 'target', 'operation': 'fsync_dir', 'entered': 89288.039440268, 'stage': 'head_directory_fsync', 'completed': True, 'exited': 89288.039440268}], 'successor': [{'role': 'successor', 'operation': 'record', 'entered': 89288.039440268, 'stage': 'head_directory_fsync', 'completed': True, 'exited': 89288.039440268}], 'predecessor': {'operation': 'head_install/replace', 'entered_before': 85718.130634522, 'returned_at': 89288.039440268}}, 'final_head_read': {'spec': {'target': {'module': 'vipe_benchmark.s1_progress', 'operation': 'read_record'}, 'successor': {'module': 'vipe_benchmark.s1_progress', 'operation': 'read_record'}}, 'target': [{'role': 'target', 'operation': 'read_record', 'entered': 89288.33997317699, 'stage': 'final_head_read', 'completed': True, 'exited': 89288.33997317699}], 'successor': [{'role': 'successor', 'operation': 'read_record', 'entered': 89288.33997317699, 'stage': 'final_generation_read', 'completed': True, 'exited': 89288.33997317699}], 'predecessor': {'operation': 'head_directory_fsync/record', 'entered_before': 85718.433826928, 'returned_at': 89288.33997317699}}, 'final_generation_read': {'spec': {'target': {'module': 'vipe_benchmark.s1_progress', 'operation': 'read_record'}, 'successor': {'module': 'vipe_benchmark.s1_progress', 'operation': 'encode'}}, 'target': [{'role': 'target', 'operation': 'read_record', 'entered': 89288.64308871899, 'stage': 'final_generation_read', 'completed': True, 'exited': 89288.64308871899}], 'successor': [{'role': 'successor', 'operation': 'encode', 'entered': 89288.64308871899, 'stage': 'final_generation_read', 'completed': True, 'exited': 89288.64308871899}], 'predecessor': {'operation': 'final_head_read/read_record', 'entered_before': 85718.73474791, 'returned_at': 89288.64308871899}}}

======================================================================
FAIL: test_progress_plan047_deadline_steps (test_vipe_benchmark_supervisor.HelperSessionTests.test_progress_plan047_deadline_steps) (operation='ack_send', when='after')
----------------------------------------------------------------------
Traceback (most recent call last):
  File "/home/auss/git_repos/samaust/Experiments_4DGS/tests/test_vipe_benchmark_supervisor.py", line 3706, in test_progress_plan047_deadline_steps
    self.assertIn(name,before_controls)
    ~~~~~~~~~~~~~^^^^^^^^^^^^^^^^^^^^^^
AssertionError: 'ack_send' not found in {'checkpoint_write': {'spec': {'target': {'operation': 'write', 'stage': 'write', 'phase': 'checkpoint'}, 'successor': {'operation': 'flush', 'stage': 'flush', 'phase': 'checkpoint'}}, 'target': [{'role': 'target', 'operation': 'write', 'stage': 'write', 'entered': 89283.858130341, 'completed': True, 'exited': 89283.858130341}], 'successor': [{'role': 'successor', 'operation': 'flush', 'stage': 'flush', 'entered': 89283.858130341, 'completed': True, 'exited': 89283.858130341}], 'predecessor': {'operation': 'checkpoint/fdopen', 'entered_before': 85713.951569804, 'returned_at': 89283.858130341}}, 'checkpoint_flush': {'spec': {'target': {'operation': 'flush', 'stage': 'flush', 'phase': 'checkpoint'}, 'successor': {'operation': 'fsync', 'stage': 'file_fsync', 'phase': 'checkpoint'}}, 'target': [{'role': 'target', 'operation': 'flush', 'stage': 'flush', 'entered': 89284.158339353, 'completed': True, 'exited': 89284.158339353}], 'successor': [{'role': 'successor', 'operation': 'fsync', 'stage': 'file_fsync', 'entered': 89284.158339353, 'completed': True, 'exited': 89284.158339353}], 'predecessor': {'operation': 'write/write', 'entered_before': 85714.250234867, 'returned_at': 89284.158339353}}, 'checkpoint_fsync': {'spec': {'target': {'operation': 'fsync', 'stage': 'file_fsync', 'phase': 'checkpoint'}, 'successor': {'operation': 'close', 'stage': 'close', 'phase': 'checkpoint'}}, 'target': [{'role': 'target', 'operation': 'fsync', 'stage': 'file_fsync', 'entered': 89284.450318611, 'completed': True, 'exited': 89284.450318611}], 'successor': [{'role': 'successor', 'operation': 'close', 'stage': 'close', 'entered': 89284.450318611, 'completed': True, 'exited': 89284.450318611}], 'predecessor': {'operation': 'flush/flush', 'entered_before': 85714.541803871, 'returned_at': 89284.450318611}}, 'checkpoint_close': {'spec': {'target': {'operation': 'close', 'stage': 'close', 'phase': 'checkpoint'}, 'successor': {'operation': 'read_bytes', 'stage': 'close_readback', 'phase': 'checkpoint'}}, 'target': [{'role': 'target', 'operation': 'close', 'stage': 'close', 'entered': 89284.74263084799, 'completed': True, 'exited': 89284.74263084799}], 'successor': [{'role': 'successor', 'operation': 'read_bytes', 'stage': 'close_readback', 'entered': 89284.74263084799, 'completed': True, 'exited': 89284.74263084799}], 'predecessor': {'operation': 'file_fsync/fsync', 'entered_before': 85714.835511779, 'returned_at': 89284.74263084799}}, 'checkpoint_readback': {'spec': {'target': {'operation': 'read_bytes', 'stage': 'close_readback', 'phase': 'checkpoint'}, 'successor': {'operation': 'record', 'stage': 'close_readback', 'phase': 'checkpoint'}}, 'target': [{'role': 'target', 'operation': 'read_bytes', 'stage': 'close_readback', 'entered': 89285.039075886, 'completed': True, 'exited': 89285.039075886}], 'successor': [{'role': 'successor', 'operation': 'record', 'stage': 'close_readback', 'entered': 89285.039075886, 'completed': True, 'exited': 89285.039075886}], 'predecessor': {'operation': 'close/close', 'entered_before': 85715.130888248, 'returned_at': 89285.039075886}}, 'head_write': {'spec': {'target': {'operation': 'write', 'stage': 'write', 'phase': 'head'}, 'successor': {'operation': 'flush', 'stage': 'flush', 'phase': 'head'}}, 'target': [{'role': 'target', 'operation': 'write', 'stage': 'write', 'entered': 89285.33266695999, 'completed': True, 'exited': 89285.33266695999}], 'successor': [{'role': 'successor', 'operation': 'flush', 'stage': 'flush', 'entered': 89285.33266695999, 'completed': True, 'exited': 89285.33266695999}], 'predecessor': {'operation': 'head/fdopen', 'entered_before': 85715.424654288, 'returned_at': 89285.33266695999}}, 'head_flush': {'spec': {'target': {'operation': 'flush', 'stage': 'flush', 'phase': 'head'}, 'successor': {'operation': 'fsync', 'stage': 'file_fsync', 'phase': 'head'}}, 'target': [{'role': 'target', 'operation': 'flush', 'stage': 'flush', 'entered': 89285.631904104, 'completed': True, 'exited': 89285.631904104}], 'successor': [{'role': 'successor', 'operation': 'fsync', 'stage': 'file_fsync', 'entered': 89285.631904104, 'completed': True, 'exited': 89285.631904104}], 'predecessor': {'operation': 'write/write', 'entered_before': 85715.724356331, 'returned_at': 89285.631904104}}, 'head_fsync': {'spec': {'target': {'operation': 'fsync', 'stage': 'file_fsync', 'phase': 'head'}, 'successor': {'operation': 'close', 'stage': 'close', 'phase': 'head'}}, 'target': [{'role': 'target', 'operation': 'fsync', 'stage': 'file_fsync', 'entered': 89285.934812917, 'completed': True, 'exited': 89285.934812917}], 'successor': [{'role': 'successor', 'operation': 'close', 'stage': 'close', 'entered': 89285.934812917, 'completed': True, 'exited': 89285.934812917}], 'predecessor': {'operation': 'flush/flush', 'entered_before': 85716.02584844, 'returned_at': 89285.934812917}}, 'head_close': {'spec': {'target': {'operation': 'close', 'stage': 'close', 'phase': 'head'}, 'successor': {'operation': 'read_bytes', 'stage': 'close_readback', 'phase': 'head'}}, 'target': [{'role': 'target', 'operation': 'close', 'stage': 'close', 'entered': 89286.23209641699, 'completed': True, 'exited': 89286.23209641699}], 'successor': [{'role': 'successor', 'operation': 'read_bytes', 'stage': 'close_readback', 'entered': 89286.23209641699, 'completed': True, 'exited': 89286.23209641699}], 'predecessor': {'operation': 'file_fsync/fsync', 'entered_before': 85716.325791657, 'returned_at': 89286.23209641699}}, 'head_readback': {'spec': {'target': {'operation': 'read_bytes', 'stage': 'close_readback', 'phase': 'head'}, 'successor': {'operation': 'record', 'stage': 'close_readback', 'phase': 'head'}}, 'target': [{'role': 'target', 'operation': 'read_bytes', 'stage': 'close_readback', 'entered': 89286.533620573, 'completed': True, 'exited': 89286.533620573}], 'successor': [{'role': 'successor', 'operation': 'record', 'stage': 'close_readback', 'entered': 89286.533620573, 'completed': True, 'exited': 89286.533620573}], 'predecessor': {'operation': 'close/close', 'entered_before': 85716.625035369, 'returned_at': 89286.533620573}}, 'generation_install': {'spec': {'target': {'module': 'os', 'operation': 'link'}, 'successor': {'module': 'os', 'operation': 'unlink'}}, 'target': [{'role': 'target', 'operation': 'link', 'entered': 89286.83144605899, 'stage': 'generation_install', 'completed': True, 'exited': 89286.83144605899}], 'successor': [{'role': 'successor', 'operation': 'unlink', 'entered': 89286.83144605899, 'stage': 'generation_install', 'completed': True, 'exited': 89286.83144605899}], 'predecessor': {'operation': '/tmp/tmp4dm97jsp/30/jobs/S1-progress-1971bc2c963b4ad987d33ef96a3cb2f9/worker/checkpoint.tmp/durable_write_return', 'entered_before': 85716.923744272, 'returned_at': 89286.83144605899}}, 'generation_dir_fsync': {'spec': {'target': {'module': 'vipe_benchmark.s1_progress', 'operation': 'fsync_dir'}, 'successor': {'module': 'vipe_benchmark.s1_progress', 'operation': 'record'}}, 'target': [{'role': 'target', 'operation': 'fsync_dir', 'entered': 89287.14115710299, 'stage': 'generation_directory_fsync', 'completed': True, 'exited': 89287.14115710299}], 'successor': [{'role': 'successor', 'operation': 'record', 'entered': 89287.14115710299, 'stage': 'generation_directory_fsync', 'completed': True, 'exited': 89287.14115710299}], 'predecessor': {'operation': 'generation_install/unlink', 'entered_before': 85717.23343816, 'returned_at': 89287.14115710299}}, 'generation_reopen_hash': {'spec': {'target': {'module': 'vipe_benchmark.s1_progress', 'operation': 'read_record'}, 'successor': {'module': 'vipe_benchmark.s1_progress', 'operation': 'encode'}}, 'target': [{'role': 'target', 'operation': 'read_record', 'entered': 89287.437770754, 'stage': 'generation_reopen_hash', 'completed': True, 'exited': 89287.437770754}], 'successor': [{'role': 'successor', 'operation': 'encode', 'entered': 89287.437770754, 'stage': 'generation_reopen_hash', 'completed': True, 'exited': 89287.437770754}], 'predecessor': {'operation': 'generation_directory_fsync/record', 'entered_before': 85717.530746537, 'returned_at': 89287.437770754}}, 'head_install': {'spec': {'target': {'module': 'os', 'operation': 'replace'}, 'successor': {'module': 'vipe_benchmark.s1_progress', 'operation': 'fsync_dir'}}, 'target': [{'role': 'target', 'operation': 'replace', 'entered': 89287.737007812, 'stage': 'head_install', 'completed': True, 'exited': 89287.737007812}], 'successor': [{'role': 'successor', 'operation': 'fsync_dir', 'entered': 89287.737007812, 'stage': 'head_directory_fsync', 'completed': True, 'exited': 89287.737007812}], 'predecessor': {'operation': '/tmp/tmp4dm97jsp/39/jobs/S1-progress-82b2daafd49f41bd8eda148eaa14a59c/worker/head.tmp/durable_write_return', 'entered_before': 85717.829320866, 'returned_at': 89287.737007812}}, 'head_dir_fsync': {'spec': {'target': {'module': 'vipe_benchmark.s1_progress', 'operation': 'fsync_dir'}, 'successor': {'module': 'vipe_benchmark.s1_progress', 'operation': 'record'}}, 'target': [{'role': 'target', 'operation': 'fsync_dir', 'entered': 89288.039440268, 'stage': 'head_directory_fsync', 'completed': True, 'exited': 89288.039440268}], 'successor': [{'role': 'successor', 'operation': 'record', 'entered': 89288.039440268, 'stage': 'head_directory_fsync', 'completed': True, 'exited': 89288.039440268}], 'predecessor': {'operation': 'head_install/replace', 'entered_before': 85718.130634522, 'returned_at': 89288.039440268}}, 'final_head_read': {'spec': {'target': {'module': 'vipe_benchmark.s1_progress', 'operation': 'read_record'}, 'successor': {'module': 'vipe_benchmark.s1_progress', 'operation': 'read_record'}}, 'target': [{'role': 'target', 'operation': 'read_record', 'entered': 89288.33997317699, 'stage': 'final_head_read', 'completed': True, 'exited': 89288.33997317699}], 'successor': [{'role': 'successor', 'operation': 'read_record', 'entered': 89288.33997317699, 'stage': 'final_generation_read', 'completed': True, 'exited': 89288.33997317699}], 'predecessor': {'operation': 'head_directory_fsync/record', 'entered_before': 85718.433826928, 'returned_at': 89288.33997317699}}, 'final_generation_read': {'spec': {'target': {'module': 'vipe_benchmark.s1_progress', 'operation': 'read_record'}, 'successor': {'module': 'vipe_benchmark.s1_progress', 'operation': 'encode'}}, 'target': [{'role': 'target', 'operation': 'read_record', 'entered': 89288.64308871899, 'stage': 'final_generation_read', 'completed': True, 'exited': 89288.64308871899}], 'successor': [{'role': 'successor', 'operation': 'encode', 'entered': 89288.64308871899, 'stage': 'final_generation_read', 'completed': True, 'exited': 89288.64308871899}], 'predecessor': {'operation': 'final_head_read/read_record', 'entered_before': 85718.73474791, 'returned_at': 89288.64308871899}}}

======================================================================
FAIL: test_progress_plan047_deadline_steps (test_vipe_benchmark_supervisor.HelperSessionTests.test_progress_plan047_deadline_steps) (operation='ack_receipt', when='equal')
----------------------------------------------------------------------
Traceback (most recent call last):
  File "/home/auss/git_repos/samaust/Experiments_4DGS/tests/test_vipe_benchmark_supervisor.py", line 3706, in test_progress_plan047_deadline_steps
    self.assertIn(name,before_controls)
    ~~~~~~~~~~~~~^^^^^^^^^^^^^^^^^^^^^^
AssertionError: 'ack_receipt' not found in {'checkpoint_write': {'spec': {'target': {'operation': 'write', 'stage': 'write', 'phase': 'checkpoint'}, 'successor': {'operation': 'flush', 'stage': 'flush', 'phase': 'checkpoint'}}, 'target': [{'role': 'target', 'operation': 'write', 'stage': 'write', 'entered': 89283.858130341, 'completed': True, 'exited': 89283.858130341}], 'successor': [{'role': 'successor', 'operation': 'flush', 'stage': 'flush', 'entered': 89283.858130341, 'completed': True, 'exited': 89283.858130341}], 'predecessor': {'operation': 'checkpoint/fdopen', 'entered_before': 85713.951569804, 'returned_at': 89283.858130341}}, 'checkpoint_flush': {'spec': {'target': {'operation': 'flush', 'stage': 'flush', 'phase': 'checkpoint'}, 'successor': {'operation': 'fsync', 'stage': 'file_fsync', 'phase': 'checkpoint'}}, 'target': [{'role': 'target', 'operation': 'flush', 'stage': 'flush', 'entered': 89284.158339353, 'completed': True, 'exited': 89284.158339353}], 'successor': [{'role': 'successor', 'operation': 'fsync', 'stage': 'file_fsync', 'entered': 89284.158339353, 'completed': True, 'exited': 89284.158339353}], 'predecessor': {'operation': 'write/write', 'entered_before': 85714.250234867, 'returned_at': 89284.158339353}}, 'checkpoint_fsync': {'spec': {'target': {'operation': 'fsync', 'stage': 'file_fsync', 'phase': 'checkpoint'}, 'successor': {'operation': 'close', 'stage': 'close', 'phase': 'checkpoint'}}, 'target': [{'role': 'target', 'operation': 'fsync', 'stage': 'file_fsync', 'entered': 89284.450318611, 'completed': True, 'exited': 89284.450318611}], 'successor': [{'role': 'successor', 'operation': 'close', 'stage': 'close', 'entered': 89284.450318611, 'completed': True, 'exited': 89284.450318611}], 'predecessor': {'operation': 'flush/flush', 'entered_before': 85714.541803871, 'returned_at': 89284.450318611}}, 'checkpoint_close': {'spec': {'target': {'operation': 'close', 'stage': 'close', 'phase': 'checkpoint'}, 'successor': {'operation': 'read_bytes', 'stage': 'close_readback', 'phase': 'checkpoint'}}, 'target': [{'role': 'target', 'operation': 'close', 'stage': 'close', 'entered': 89284.74263084799, 'completed': True, 'exited': 89284.74263084799}], 'successor': [{'role': 'successor', 'operation': 'read_bytes', 'stage': 'close_readback', 'entered': 89284.74263084799, 'completed': True, 'exited': 89284.74263084799}], 'predecessor': {'operation': 'file_fsync/fsync', 'entered_before': 85714.835511779, 'returned_at': 89284.74263084799}}, 'checkpoint_readback': {'spec': {'target': {'operation': 'read_bytes', 'stage': 'close_readback', 'phase': 'checkpoint'}, 'successor': {'operation': 'record', 'stage': 'close_readback', 'phase': 'checkpoint'}}, 'target': [{'role': 'target', 'operation': 'read_bytes', 'stage': 'close_readback', 'entered': 89285.039075886, 'completed': True, 'exited': 89285.039075886}], 'successor': [{'role': 'successor', 'operation': 'record', 'stage': 'close_readback', 'entered': 89285.039075886, 'completed': True, 'exited': 89285.039075886}], 'predecessor': {'operation': 'close/close', 'entered_before': 85715.130888248, 'returned_at': 89285.039075886}}, 'head_write': {'spec': {'target': {'operation': 'write', 'stage': 'write', 'phase': 'head'}, 'successor': {'operation': 'flush', 'stage': 'flush', 'phase': 'head'}}, 'target': [{'role': 'target', 'operation': 'write', 'stage': 'write', 'entered': 89285.33266695999, 'completed': True, 'exited': 89285.33266695999}], 'successor': [{'role': 'successor', 'operation': 'flush', 'stage': 'flush', 'entered': 89285.33266695999, 'completed': True, 'exited': 89285.33266695999}], 'predecessor': {'operation': 'head/fdopen', 'entered_before': 85715.424654288, 'returned_at': 89285.33266695999}}, 'head_flush': {'spec': {'target': {'operation': 'flush', 'stage': 'flush', 'phase': 'head'}, 'successor': {'operation': 'fsync', 'stage': 'file_fsync', 'phase': 'head'}}, 'target': [{'role': 'target', 'operation': 'flush', 'stage': 'flush', 'entered': 89285.631904104, 'completed': True, 'exited': 89285.631904104}], 'successor': [{'role': 'successor', 'operation': 'fsync', 'stage': 'file_fsync', 'entered': 89285.631904104, 'completed': True, 'exited': 89285.631904104}], 'predecessor': {'operation': 'write/write', 'entered_before': 85715.724356331, 'returned_at': 89285.631904104}}, 'head_fsync': {'spec': {'target': {'operation': 'fsync', 'stage': 'file_fsync', 'phase': 'head'}, 'successor': {'operation': 'close', 'stage': 'close', 'phase': 'head'}}, 'target': [{'role': 'target', 'operation': 'fsync', 'stage': 'file_fsync', 'entered': 89285.934812917, 'completed': True, 'exited': 89285.934812917}], 'successor': [{'role': 'successor', 'operation': 'close', 'stage': 'close', 'entered': 89285.934812917, 'completed': True, 'exited': 89285.934812917}], 'predecessor': {'operation': 'flush/flush', 'entered_before': 85716.02584844, 'returned_at': 89285.934812917}}, 'head_close': {'spec': {'target': {'operation': 'close', 'stage': 'close', 'phase': 'head'}, 'successor': {'operation': 'read_bytes', 'stage': 'close_readback', 'phase': 'head'}}, 'target': [{'role': 'target', 'operation': 'close', 'stage': 'close', 'entered': 89286.23209641699, 'completed': True, 'exited': 89286.23209641699}], 'successor': [{'role': 'successor', 'operation': 'read_bytes', 'stage': 'close_readback', 'entered': 89286.23209641699, 'completed': True, 'exited': 89286.23209641699}], 'predecessor': {'operation': 'file_fsync/fsync', 'entered_before': 85716.325791657, 'returned_at': 89286.23209641699}}, 'head_readback': {'spec': {'target': {'operation': 'read_bytes', 'stage': 'close_readback', 'phase': 'head'}, 'successor': {'operation': 'record', 'stage': 'close_readback', 'phase': 'head'}}, 'target': [{'role': 'target', 'operation': 'read_bytes', 'stage': 'close_readback', 'entered': 89286.533620573, 'completed': True, 'exited': 89286.533620573}], 'successor': [{'role': 'successor', 'operation': 'record', 'stage': 'close_readback', 'entered': 89286.533620573, 'completed': True, 'exited': 89286.533620573}], 'predecessor': {'operation': 'close/close', 'entered_before': 85716.625035369, 'returned_at': 89286.533620573}}, 'generation_install': {'spec': {'target': {'module': 'os', 'operation': 'link'}, 'successor': {'module': 'os', 'operation': 'unlink'}}, 'target': [{'role': 'target', 'operation': 'link', 'entered': 89286.83144605899, 'stage': 'generation_install', 'completed': True, 'exited': 89286.83144605899}], 'successor': [{'role': 'successor', 'operation': 'unlink', 'entered': 89286.83144605899, 'stage': 'generation_install', 'completed': True, 'exited': 89286.83144605899}], 'predecessor': {'operation': '/tmp/tmp4dm97jsp/30/jobs/S1-progress-1971bc2c963b4ad987d33ef96a3cb2f9/worker/checkpoint.tmp/durable_write_return', 'entered_before': 85716.923744272, 'returned_at': 89286.83144605899}}, 'generation_dir_fsync': {'spec': {'target': {'module': 'vipe_benchmark.s1_progress', 'operation': 'fsync_dir'}, 'successor': {'module': 'vipe_benchmark.s1_progress', 'operation': 'record'}}, 'target': [{'role': 'target', 'operation': 'fsync_dir', 'entered': 89287.14115710299, 'stage': 'generation_directory_fsync', 'completed': True, 'exited': 89287.14115710299}], 'successor': [{'role': 'successor', 'operation': 'record', 'entered': 89287.14115710299, 'stage': 'generation_directory_fsync', 'completed': True, 'exited': 89287.14115710299}], 'predecessor': {'operation': 'generation_install/unlink', 'entered_before': 85717.23343816, 'returned_at': 89287.14115710299}}, 'generation_reopen_hash': {'spec': {'target': {'module': 'vipe_benchmark.s1_progress', 'operation': 'read_record'}, 'successor': {'module': 'vipe_benchmark.s1_progress', 'operation': 'encode'}}, 'target': [{'role': 'target', 'operation': 'read_record', 'entered': 89287.437770754, 'stage': 'generation_reopen_hash', 'completed': True, 'exited': 89287.437770754}], 'successor': [{'role': 'successor', 'operation': 'encode', 'entered': 89287.437770754, 'stage': 'generation_reopen_hash', 'completed': True, 'exited': 89287.437770754}], 'predecessor': {'operation': 'generation_directory_fsync/record', 'entered_before': 85717.530746537, 'returned_at': 89287.437770754}}, 'head_install': {'spec': {'target': {'module': 'os', 'operation': 'replace'}, 'successor': {'module': 'vipe_benchmark.s1_progress', 'operation': 'fsync_dir'}}, 'target': [{'role': 'target', 'operation': 'replace', 'entered': 89287.737007812, 'stage': 'head_install', 'completed': True, 'exited': 89287.737007812}], 'successor': [{'role': 'successor', 'operation': 'fsync_dir', 'entered': 89287.737007812, 'stage': 'head_directory_fsync', 'completed': True, 'exited': 89287.737007812}], 'predecessor': {'operation': '/tmp/tmp4dm97jsp/39/jobs/S1-progress-82b2daafd49f41bd8eda148eaa14a59c/worker/head.tmp/durable_write_return', 'entered_before': 85717.829320866, 'returned_at': 89287.737007812}}, 'head_dir_fsync': {'spec': {'target': {'module': 'vipe_benchmark.s1_progress', 'operation': 'fsync_dir'}, 'successor': {'module': 'vipe_benchmark.s1_progress', 'operation': 'record'}}, 'target': [{'role': 'target', 'operation': 'fsync_dir', 'entered': 89288.039440268, 'stage': 'head_directory_fsync', 'completed': True, 'exited': 89288.039440268}], 'successor': [{'role': 'successor', 'operation': 'record', 'entered': 89288.039440268, 'stage': 'head_directory_fsync', 'completed': True, 'exited': 89288.039440268}], 'predecessor': {'operation': 'head_install/replace', 'entered_before': 85718.130634522, 'returned_at': 89288.039440268}}, 'final_head_read': {'spec': {'target': {'module': 'vipe_benchmark.s1_progress', 'operation': 'read_record'}, 'successor': {'module': 'vipe_benchmark.s1_progress', 'operation': 'read_record'}}, 'target': [{'role': 'target', 'operation': 'read_record', 'entered': 89288.33997317699, 'stage': 'final_head_read', 'completed': True, 'exited': 89288.33997317699}], 'successor': [{'role': 'successor', 'operation': 'read_record', 'entered': 89288.33997317699, 'stage': 'final_generation_read', 'completed': True, 'exited': 89288.33997317699}], 'predecessor': {'operation': 'head_directory_fsync/record', 'entered_before': 85718.433826928, 'returned_at': 89288.33997317699}}, 'final_generation_read': {'spec': {'target': {'module': 'vipe_benchmark.s1_progress', 'operation': 'read_record'}, 'successor': {'module': 'vipe_benchmark.s1_progress', 'operation': 'encode'}}, 'target': [{'role': 'target', 'operation': 'read_record', 'entered': 89288.64308871899, 'stage': 'final_generation_read', 'completed': True, 'exited': 89288.64308871899}], 'successor': [{'role': 'successor', 'operation': 'encode', 'entered': 89288.64308871899, 'stage': 'final_generation_read', 'completed': True, 'exited': 89288.64308871899}], 'predecessor': {'operation': 'final_head_read/read_record', 'entered_before': 85718.73474791, 'returned_at': 89288.64308871899}}}

======================================================================
FAIL: test_progress_plan047_deadline_steps (test_vipe_benchmark_supervisor.HelperSessionTests.test_progress_plan047_deadline_steps) (operation='ack_receipt', when='after')
----------------------------------------------------------------------
Traceback (most recent call last):
  File "/home/auss/git_repos/samaust/Experiments_4DGS/tests/test_vipe_benchmark_supervisor.py", line 3706, in test_progress_plan047_deadline_steps
    self.assertIn(name,before_controls)
    ~~~~~~~~~~~~~^^^^^^^^^^^^^^^^^^^^^^
AssertionError: 'ack_receipt' not found in {'checkpoint_write': {'spec': {'target': {'operation': 'write', 'stage': 'write', 'phase': 'checkpoint'}, 'successor': {'operation': 'flush', 'stage': 'flush', 'phase': 'checkpoint'}}, 'target': [{'role': 'target', 'operation': 'write', 'stage': 'write', 'entered': 89283.858130341, 'completed': True, 'exited': 89283.858130341}], 'successor': [{'role': 'successor', 'operation': 'flush', 'stage': 'flush', 'entered': 89283.858130341, 'completed': True, 'exited': 89283.858130341}], 'predecessor': {'operation': 'checkpoint/fdopen', 'entered_before': 85713.951569804, 'returned_at': 89283.858130341}}, 'checkpoint_flush': {'spec': {'target': {'operation': 'flush', 'stage': 'flush', 'phase': 'checkpoint'}, 'successor': {'operation': 'fsync', 'stage': 'file_fsync', 'phase': 'checkpoint'}}, 'target': [{'role': 'target', 'operation': 'flush', 'stage': 'flush', 'entered': 89284.158339353, 'completed': True, 'exited': 89284.158339353}], 'successor': [{'role': 'successor', 'operation': 'fsync', 'stage': 'file_fsync', 'entered': 89284.158339353, 'completed': True, 'exited': 89284.158339353}], 'predecessor': {'operation': 'write/write', 'entered_before': 85714.250234867, 'returned_at': 89284.158339353}}, 'checkpoint_fsync': {'spec': {'target': {'operation': 'fsync', 'stage': 'file_fsync', 'phase': 'checkpoint'}, 'successor': {'operation': 'close', 'stage': 'close', 'phase': 'checkpoint'}}, 'target': [{'role': 'target', 'operation': 'fsync', 'stage': 'file_fsync', 'entered': 89284.450318611, 'completed': True, 'exited': 89284.450318611}], 'successor': [{'role': 'successor', 'operation': 'close', 'stage': 'close', 'entered': 89284.450318611, 'completed': True, 'exited': 89284.450318611}], 'predecessor': {'operation': 'flush/flush', 'entered_before': 85714.541803871, 'returned_at': 89284.450318611}}, 'checkpoint_close': {'spec': {'target': {'operation': 'close', 'stage': 'close', 'phase': 'checkpoint'}, 'successor': {'operation': 'read_bytes', 'stage': 'close_readback', 'phase': 'checkpoint'}}, 'target': [{'role': 'target', 'operation': 'close', 'stage': 'close', 'entered': 89284.74263084799, 'completed': True, 'exited': 89284.74263084799}], 'successor': [{'role': 'successor', 'operation': 'read_bytes', 'stage': 'close_readback', 'entered': 89284.74263084799, 'completed': True, 'exited': 89284.74263084799}], 'predecessor': {'operation': 'file_fsync/fsync', 'entered_before': 85714.835511779, 'returned_at': 89284.74263084799}}, 'checkpoint_readback': {'spec': {'target': {'operation': 'read_bytes', 'stage': 'close_readback', 'phase': 'checkpoint'}, 'successor': {'operation': 'record', 'stage': 'close_readback', 'phase': 'checkpoint'}}, 'target': [{'role': 'target', 'operation': 'read_bytes', 'stage': 'close_readback', 'entered': 89285.039075886, 'completed': True, 'exited': 89285.039075886}], 'successor': [{'role': 'successor', 'operation': 'record', 'stage': 'close_readback', 'entered': 89285.039075886, 'completed': True, 'exited': 89285.039075886}], 'predecessor': {'operation': 'close/close', 'entered_before': 85715.130888248, 'returned_at': 89285.039075886}}, 'head_write': {'spec': {'target': {'operation': 'write', 'stage': 'write', 'phase': 'head'}, 'successor': {'operation': 'flush', 'stage': 'flush', 'phase': 'head'}}, 'target': [{'role': 'target', 'operation': 'write', 'stage': 'write', 'entered': 89285.33266695999, 'completed': True, 'exited': 89285.33266695999}], 'successor': [{'role': 'successor', 'operation': 'flush', 'stage': 'flush', 'entered': 89285.33266695999, 'completed': True, 'exited': 89285.33266695999}], 'predecessor': {'operation': 'head/fdopen', 'entered_before': 85715.424654288, 'returned_at': 89285.33266695999}}, 'head_flush': {'spec': {'target': {'operation': 'flush', 'stage': 'flush', 'phase': 'head'}, 'successor': {'operation': 'fsync', 'stage': 'file_fsync', 'phase': 'head'}}, 'target': [{'role': 'target', 'operation': 'flush', 'stage': 'flush', 'entered': 89285.631904104, 'completed': True, 'exited': 89285.631904104}], 'successor': [{'role': 'successor', 'operation': 'fsync', 'stage': 'file_fsync', 'entered': 89285.631904104, 'completed': True, 'exited': 89285.631904104}], 'predecessor': {'operation': 'write/write', 'entered_before': 85715.724356331, 'returned_at': 89285.631904104}}, 'head_fsync': {'spec': {'target': {'operation': 'fsync', 'stage': 'file_fsync', 'phase': 'head'}, 'successor': {'operation': 'close', 'stage': 'close', 'phase': 'head'}}, 'target': [{'role': 'target', 'operation': 'fsync', 'stage': 'file_fsync', 'entered': 89285.934812917, 'completed': True, 'exited': 89285.934812917}], 'successor': [{'role': 'successor', 'operation': 'close', 'stage': 'close', 'entered': 89285.934812917, 'completed': True, 'exited': 89285.934812917}], 'predecessor': {'operation': 'flush/flush', 'entered_before': 85716.02584844, 'returned_at': 89285.934812917}}, 'head_close': {'spec': {'target': {'operation': 'close', 'stage': 'close', 'phase': 'head'}, 'successor': {'operation': 'read_bytes', 'stage': 'close_readback', 'phase': 'head'}}, 'target': [{'role': 'target', 'operation': 'close', 'stage': 'close', 'entered': 89286.23209641699, 'completed': True, 'exited': 89286.23209641699}], 'successor': [{'role': 'successor', 'operation': 'read_bytes', 'stage': 'close_readback', 'entered': 89286.23209641699, 'completed': True, 'exited': 89286.23209641699}], 'predecessor': {'operation': 'file_fsync/fsync', 'entered_before': 85716.325791657, 'returned_at': 89286.23209641699}}, 'head_readback': {'spec': {'target': {'operation': 'read_bytes', 'stage': 'close_readback', 'phase': 'head'}, 'successor': {'operation': 'record', 'stage': 'close_readback', 'phase': 'head'}}, 'target': [{'role': 'target', 'operation': 'read_bytes', 'stage': 'close_readback', 'entered': 89286.533620573, 'completed': True, 'exited': 89286.533620573}], 'successor': [{'role': 'successor', 'operation': 'record', 'stage': 'close_readback', 'entered': 89286.533620573, 'completed': True, 'exited': 89286.533620573}], 'predecessor': {'operation': 'close/close', 'entered_before': 85716.625035369, 'returned_at': 89286.533620573}}, 'generation_install': {'spec': {'target': {'module': 'os', 'operation': 'link'}, 'successor': {'module': 'os', 'operation': 'unlink'}}, 'target': [{'role': 'target', 'operation': 'link', 'entered': 89286.83144605899, 'stage': 'generation_install', 'completed': True, 'exited': 89286.83144605899}], 'successor': [{'role': 'successor', 'operation': 'unlink', 'entered': 89286.83144605899, 'stage': 'generation_install', 'completed': True, 'exited': 89286.83144605899}], 'predecessor': {'operation': '/tmp/tmp4dm97jsp/30/jobs/S1-progress-1971bc2c963b4ad987d33ef96a3cb2f9/worker/checkpoint.tmp/durable_write_return', 'entered_before': 85716.923744272, 'returned_at': 89286.83144605899}}, 'generation_dir_fsync': {'spec': {'target': {'module': 'vipe_benchmark.s1_progress', 'operation': 'fsync_dir'}, 'successor': {'module': 'vipe_benchmark.s1_progress', 'operation': 'record'}}, 'target': [{'role': 'target', 'operation': 'fsync_dir', 'entered': 89287.14115710299, 'stage': 'generation_directory_fsync', 'completed': True, 'exited': 89287.14115710299}], 'successor': [{'role': 'successor', 'operation': 'record', 'entered': 89287.14115710299, 'stage': 'generation_directory_fsync', 'completed': True, 'exited': 89287.14115710299}], 'predecessor': {'operation': 'generation_install/unlink', 'entered_before': 85717.23343816, 'returned_at': 89287.14115710299}}, 'generation_reopen_hash': {'spec': {'target': {'module': 'vipe_benchmark.s1_progress', 'operation': 'read_record'}, 'successor': {'module': 'vipe_benchmark.s1_progress', 'operation': 'encode'}}, 'target': [{'role': 'target', 'operation': 'read_record', 'entered': 89287.437770754, 'stage': 'generation_reopen_hash', 'completed': True, 'exited': 89287.437770754}], 'successor': [{'role': 'successor', 'operation': 'encode', 'entered': 89287.437770754, 'stage': 'generation_reopen_hash', 'completed': True, 'exited': 89287.437770754}], 'predecessor': {'operation': 'generation_directory_fsync/record', 'entered_before': 85717.530746537, 'returned_at': 89287.437770754}}, 'head_install': {'spec': {'target': {'module': 'os', 'operation': 'replace'}, 'successor': {'module': 'vipe_benchmark.s1_progress', 'operation': 'fsync_dir'}}, 'target': [{'role': 'target', 'operation': 'replace', 'entered': 89287.737007812, 'stage': 'head_install', 'completed': True, 'exited': 89287.737007812}], 'successor': [{'role': 'successor', 'operation': 'fsync_dir', 'entered': 89287.737007812, 'stage': 'head_directory_fsync', 'completed': True, 'exited': 89287.737007812}], 'predecessor': {'operation': '/tmp/tmp4dm97jsp/39/jobs/S1-progress-82b2daafd49f41bd8eda148eaa14a59c/worker/head.tmp/durable_write_return', 'entered_before': 85717.829320866, 'returned_at': 89287.737007812}}, 'head_dir_fsync': {'spec': {'target': {'module': 'vipe_benchmark.s1_progress', 'operation': 'fsync_dir'}, 'successor': {'module': 'vipe_benchmark.s1_progress', 'operation': 'record'}}, 'target': [{'role': 'target', 'operation': 'fsync_dir', 'entered': 89288.039440268, 'stage': 'head_directory_fsync', 'completed': True, 'exited': 89288.039440268}], 'successor': [{'role': 'successor', 'operation': 'record', 'entered': 89288.039440268, 'stage': 'head_directory_fsync', 'completed': True, 'exited': 89288.039440268}], 'predecessor': {'operation': 'head_install/replace', 'entered_before': 85718.130634522, 'returned_at': 89288.039440268}}, 'final_head_read': {'spec': {'target': {'module': 'vipe_benchmark.s1_progress', 'operation': 'read_record'}, 'successor': {'module': 'vipe_benchmark.s1_progress', 'operation': 'read_record'}}, 'target': [{'role': 'target', 'operation': 'read_record', 'entered': 89288.33997317699, 'stage': 'final_head_read', 'completed': True, 'exited': 89288.33997317699}], 'successor': [{'role': 'successor', 'operation': 'read_record', 'entered': 89288.33997317699, 'stage': 'final_generation_read', 'completed': True, 'exited': 89288.33997317699}], 'predecessor': {'operation': 'head_directory_fsync/record', 'entered_before': 85718.433826928, 'returned_at': 89288.33997317699}}, 'final_generation_read': {'spec': {'target': {'module': 'vipe_benchmark.s1_progress', 'operation': 'read_record'}, 'successor': {'module': 'vipe_benchmark.s1_progress', 'operation': 'encode'}}, 'target': [{'role': 'target', 'operation': 'read_record', 'entered': 89288.64308871899, 'stage': 'final_generation_read', 'completed': True, 'exited': 89288.64308871899}], 'successor': [{'role': 'successor', 'operation': 'encode', 'entered': 89288.64308871899, 'stage': 'final_generation_read', 'completed': True, 'exited': 89288.64308871899}], 'predecessor': {'operation': 'final_head_read/read_record', 'entered_before': 85718.73474791, 'returned_at': 89288.64308871899}}}

======================================================================
FAIL: test_progress_plan047_deadline_steps (test_vipe_benchmark_supervisor.HelperSessionTests.test_progress_plan047_deadline_steps) (operation='runtime_guard', when='before')
----------------------------------------------------------------------
Traceback (most recent call last):
  File "/home/auss/git_repos/samaust/Experiments_4DGS/tests/test_vipe_benchmark_supervisor.py", line 3328, in test_progress_plan047_deadline_steps
    seen.append(dict(stage='correction006_retirement_and_exact_C',retirement=backend_retirement_transition_controls(self,state.root),publication=publication_equality_controls(self,fixture,state.root)))
                                                                             ~~~~~~~~~~~~~~~~~~~~~~~~~~~~~~~~~~~~~~^^^^^^^^^^^^^^^^^
  File "/home/auss/git_repos/samaust/Experiments_4DGS/tests/test_vipe_benchmark_s1_helper_fixtures.py", line 1310, in backend_retirement_transition_controls
    test.assertEqual(attempts.count(target),1)
    ~~~~~~~~~~~~~~~~^^^^^^^^^^^^^^^^^^^^^^^^^^
AssertionError: 2 != 1

======================================================================
FAIL: test_progress_plan047_deadline_steps (test_vipe_benchmark_supervisor.HelperSessionTests.test_progress_plan047_deadline_steps) (operation='runtime_guard', when='equal')
----------------------------------------------------------------------
Traceback (most recent call last):
  File "/home/auss/git_repos/samaust/Experiments_4DGS/tests/test_vipe_benchmark_supervisor.py", line 3706, in test_progress_plan047_deadline_steps
    self.assertIn(name,before_controls)
    ~~~~~~~~~~~~~^^^^^^^^^^^^^^^^^^^^^^
AssertionError: 'runtime_guard' not found in {'checkpoint_write': {'spec': {'target': {'operation': 'write', 'stage': 'write', 'phase': 'checkpoint'}, 'successor': {'operation': 'flush', 'stage': 'flush', 'phase': 'checkpoint'}}, 'target': [{'role': 'target', 'operation': 'write', 'stage': 'write', 'entered': 89283.858130341, 'completed': True, 'exited': 89283.858130341}], 'successor': [{'role': 'successor', 'operation': 'flush', 'stage': 'flush', 'entered': 89283.858130341, 'completed': True, 'exited': 89283.858130341}], 'predecessor': {'operation': 'checkpoint/fdopen', 'entered_before': 85713.951569804, 'returned_at': 89283.858130341}}, 'checkpoint_flush': {'spec': {'target': {'operation': 'flush', 'stage': 'flush', 'phase': 'checkpoint'}, 'successor': {'operation': 'fsync', 'stage': 'file_fsync', 'phase': 'checkpoint'}}, 'target': [{'role': 'target', 'operation': 'flush', 'stage': 'flush', 'entered': 89284.158339353, 'completed': True, 'exited': 89284.158339353}], 'successor': [{'role': 'successor', 'operation': 'fsync', 'stage': 'file_fsync', 'entered': 89284.158339353, 'completed': True, 'exited': 89284.158339353}], 'predecessor': {'operation': 'write/write', 'entered_before': 85714.250234867, 'returned_at': 89284.158339353}}, 'checkpoint_fsync': {'spec': {'target': {'operation': 'fsync', 'stage': 'file_fsync', 'phase': 'checkpoint'}, 'successor': {'operation': 'close', 'stage': 'close', 'phase': 'checkpoint'}}, 'target': [{'role': 'target', 'operation': 'fsync', 'stage': 'file_fsync', 'entered': 89284.450318611, 'completed': True, 'exited': 89284.450318611}], 'successor': [{'role': 'successor', 'operation': 'close', 'stage': 'close', 'entered': 89284.450318611, 'completed': True, 'exited': 89284.450318611}], 'predecessor': {'operation': 'flush/flush', 'entered_before': 85714.541803871, 'returned_at': 89284.450318611}}, 'checkpoint_close': {'spec': {'target': {'operation': 'close', 'stage': 'close', 'phase': 'checkpoint'}, 'successor': {'operation': 'read_bytes', 'stage': 'close_readback', 'phase': 'checkpoint'}}, 'target': [{'role': 'target', 'operation': 'close', 'stage': 'close', 'entered': 89284.74263084799, 'completed': True, 'exited': 89284.74263084799}], 'successor': [{'role': 'successor', 'operation': 'read_bytes', 'stage': 'close_readback', 'entered': 89284.74263084799, 'completed': True, 'exited': 89284.74263084799}], 'predecessor': {'operation': 'file_fsync/fsync', 'entered_before': 85714.835511779, 'returned_at': 89284.74263084799}}, 'checkpoint_readback': {'spec': {'target': {'operation': 'read_bytes', 'stage': 'close_readback', 'phase': 'checkpoint'}, 'successor': {'operation': 'record', 'stage': 'close_readback', 'phase': 'checkpoint'}}, 'target': [{'role': 'target', 'operation': 'read_bytes', 'stage': 'close_readback', 'entered': 89285.039075886, 'completed': True, 'exited': 89285.039075886}], 'successor': [{'role': 'successor', 'operation': 'record', 'stage': 'close_readback', 'entered': 89285.039075886, 'completed': True, 'exited': 89285.039075886}], 'predecessor': {'operation': 'close/close', 'entered_before': 85715.130888248, 'returned_at': 89285.039075886}}, 'head_write': {'spec': {'target': {'operation': 'write', 'stage': 'write', 'phase': 'head'}, 'successor': {'operation': 'flush', 'stage': 'flush', 'phase': 'head'}}, 'target': [{'role': 'target', 'operation': 'write', 'stage': 'write', 'entered': 89285.33266695999, 'completed': True, 'exited': 89285.33266695999}], 'successor': [{'role': 'successor', 'operation': 'flush', 'stage': 'flush', 'entered': 89285.33266695999, 'completed': True, 'exited': 89285.33266695999}], 'predecessor': {'operation': 'head/fdopen', 'entered_before': 85715.424654288, 'returned_at': 89285.33266695999}}, 'head_flush': {'spec': {'target': {'operation': 'flush', 'stage': 'flush', 'phase': 'head'}, 'successor': {'operation': 'fsync', 'stage': 'file_fsync', 'phase': 'head'}}, 'target': [{'role': 'target', 'operation': 'flush', 'stage': 'flush', 'entered': 89285.631904104, 'completed': True, 'exited': 89285.631904104}], 'successor': [{'role': 'successor', 'operation': 'fsync', 'stage': 'file_fsync', 'entered': 89285.631904104, 'completed': True, 'exited': 89285.631904104}], 'predecessor': {'operation': 'write/write', 'entered_before': 85715.724356331, 'returned_at': 89285.631904104}}, 'head_fsync': {'spec': {'target': {'operation': 'fsync', 'stage': 'file_fsync', 'phase': 'head'}, 'successor': {'operation': 'close', 'stage': 'close', 'phase': 'head'}}, 'target': [{'role': 'target', 'operation': 'fsync', 'stage': 'file_fsync', 'entered': 89285.934812917, 'completed': True, 'exited': 89285.934812917}], 'successor': [{'role': 'successor', 'operation': 'close', 'stage': 'close', 'entered': 89285.934812917, 'completed': True, 'exited': 89285.934812917}], 'predecessor': {'operation': 'flush/flush', 'entered_before': 85716.02584844, 'returned_at': 89285.934812917}}, 'head_close': {'spec': {'target': {'operation': 'close', 'stage': 'close', 'phase': 'head'}, 'successor': {'operation': 'read_bytes', 'stage': 'close_readback', 'phase': 'head'}}, 'target': [{'role': 'target', 'operation': 'close', 'stage': 'close', 'entered': 89286.23209641699, 'completed': True, 'exited': 89286.23209641699}], 'successor': [{'role': 'successor', 'operation': 'read_bytes', 'stage': 'close_readback', 'entered': 89286.23209641699, 'completed': True, 'exited': 89286.23209641699}], 'predecessor': {'operation': 'file_fsync/fsync', 'entered_before': 85716.325791657, 'returned_at': 89286.23209641699}}, 'head_readback': {'spec': {'target': {'operation': 'read_bytes', 'stage': 'close_readback', 'phase': 'head'}, 'successor': {'operation': 'record', 'stage': 'close_readback', 'phase': 'head'}}, 'target': [{'role': 'target', 'operation': 'read_bytes', 'stage': 'close_readback', 'entered': 89286.533620573, 'completed': True, 'exited': 89286.533620573}], 'successor': [{'role': 'successor', 'operation': 'record', 'stage': 'close_readback', 'entered': 89286.533620573, 'completed': True, 'exited': 89286.533620573}], 'predecessor': {'operation': 'close/close', 'entered_before': 85716.625035369, 'returned_at': 89286.533620573}}, 'generation_install': {'spec': {'target': {'module': 'os', 'operation': 'link'}, 'successor': {'module': 'os', 'operation': 'unlink'}}, 'target': [{'role': 'target', 'operation': 'link', 'entered': 89286.83144605899, 'stage': 'generation_install', 'completed': True, 'exited': 89286.83144605899}], 'successor': [{'role': 'successor', 'operation': 'unlink', 'entered': 89286.83144605899, 'stage': 'generation_install', 'completed': True, 'exited': 89286.83144605899}], 'predecessor': {'operation': '/tmp/tmp4dm97jsp/30/jobs/S1-progress-1971bc2c963b4ad987d33ef96a3cb2f9/worker/checkpoint.tmp/durable_write_return', 'entered_before': 85716.923744272, 'returned_at': 89286.83144605899}}, 'generation_dir_fsync': {'spec': {'target': {'module': 'vipe_benchmark.s1_progress', 'operation': 'fsync_dir'}, 'successor': {'module': 'vipe_benchmark.s1_progress', 'operation': 'record'}}, 'target': [{'role': 'target', 'operation': 'fsync_dir', 'entered': 89287.14115710299, 'stage': 'generation_directory_fsync', 'completed': True, 'exited': 89287.14115710299}], 'successor': [{'role': 'successor', 'operation': 'record', 'entered': 89287.14115710299, 'stage': 'generation_directory_fsync', 'completed': True, 'exited': 89287.14115710299}], 'predecessor': {'operation': 'generation_install/unlink', 'entered_before': 85717.23343816, 'returned_at': 89287.14115710299}}, 'generation_reopen_hash': {'spec': {'target': {'module': 'vipe_benchmark.s1_progress', 'operation': 'read_record'}, 'successor': {'module': 'vipe_benchmark.s1_progress', 'operation': 'encode'}}, 'target': [{'role': 'target', 'operation': 'read_record', 'entered': 89287.437770754, 'stage': 'generation_reopen_hash', 'completed': True, 'exited': 89287.437770754}], 'successor': [{'role': 'successor', 'operation': 'encode', 'entered': 89287.437770754, 'stage': 'generation_reopen_hash', 'completed': True, 'exited': 89287.437770754}], 'predecessor': {'operation': 'generation_directory_fsync/record', 'entered_before': 85717.530746537, 'returned_at': 89287.437770754}}, 'head_install': {'spec': {'target': {'module': 'os', 'operation': 'replace'}, 'successor': {'module': 'vipe_benchmark.s1_progress', 'operation': 'fsync_dir'}}, 'target': [{'role': 'target', 'operation': 'replace', 'entered': 89287.737007812, 'stage': 'head_install', 'completed': True, 'exited': 89287.737007812}], 'successor': [{'role': 'successor', 'operation': 'fsync_dir', 'entered': 89287.737007812, 'stage': 'head_directory_fsync', 'completed': True, 'exited': 89287.737007812}], 'predecessor': {'operation': '/tmp/tmp4dm97jsp/39/jobs/S1-progress-82b2daafd49f41bd8eda148eaa14a59c/worker/head.tmp/durable_write_return', 'entered_before': 85717.829320866, 'returned_at': 89287.737007812}}, 'head_dir_fsync': {'spec': {'target': {'module': 'vipe_benchmark.s1_progress', 'operation': 'fsync_dir'}, 'successor': {'module': 'vipe_benchmark.s1_progress', 'operation': 'record'}}, 'target': [{'role': 'target', 'operation': 'fsync_dir', 'entered': 89288.039440268, 'stage': 'head_directory_fsync', 'completed': True, 'exited': 89288.039440268}], 'successor': [{'role': 'successor', 'operation': 'record', 'entered': 89288.039440268, 'stage': 'head_directory_fsync', 'completed': True, 'exited': 89288.039440268}], 'predecessor': {'operation': 'head_install/replace', 'entered_before': 85718.130634522, 'returned_at': 89288.039440268}}, 'final_head_read': {'spec': {'target': {'module': 'vipe_benchmark.s1_progress', 'operation': 'read_record'}, 'successor': {'module': 'vipe_benchmark.s1_progress', 'operation': 'read_record'}}, 'target': [{'role': 'target', 'operation': 'read_record', 'entered': 89288.33997317699, 'stage': 'final_head_read', 'completed': True, 'exited': 89288.33997317699}], 'successor': [{'role': 'successor', 'operation': 'read_record', 'entered': 89288.33997317699, 'stage': 'final_generation_read', 'completed': True, 'exited': 89288.33997317699}], 'predecessor': {'operation': 'head_directory_fsync/record', 'entered_before': 85718.433826928, 'returned_at': 89288.33997317699}}, 'final_generation_read': {'spec': {'target': {'module': 'vipe_benchmark.s1_progress', 'operation': 'read_record'}, 'successor': {'module': 'vipe_benchmark.s1_progress', 'operation': 'encode'}}, 'target': [{'role': 'target', 'operation': 'read_record', 'entered': 89288.64308871899, 'stage': 'final_generation_read', 'completed': True, 'exited': 89288.64308871899}], 'successor': [{'role': 'successor', 'operation': 'encode', 'entered': 89288.64308871899, 'stage': 'final_generation_read', 'completed': True, 'exited': 89288.64308871899}], 'predecessor': {'operation': 'final_head_read/read_record', 'entered_before': 85718.73474791, 'returned_at': 89288.64308871899}}, 'array_npy': {'spec': {'target': {'module': 'numpy', 'operation': 'save'}, 'successor': {'module': 'DeadlineSink', 'operation': 'write'}}, 'target': [{'role': 'target', 'operation': 'save', 'entered': 89290.22022173999, 'stage': '', 'completed': True, 'exited': 89290.22022173999}], 'successor': [{'role': 'successor', 'operation': 'write', 'entered': 89290.22022173999, 'stage': '', 'completed': True, 'exited': 89290.22022173999}, {'role': 'successor', 'operation': 'write', 'entered': 89290.22022173999, 'stage': '', 'completed': True, 'exited': 89290.22022173999}], 'predecessor': {'operation': 'array_unbuffered_open_return', 'entered_before': 85720.312826859, 'returned_at': 89290.22022173999}}, 'array_png': {'spec': {'target': {'module': 'cv2', 'operation': 'imencode'}, 'successor': {'module': 'vipe_benchmark.s1_progress', 'operation': 'write_exclusive'}}, 'target': [{'role': 'target', 'operation': 'imencode', 'entered': 89290.50165369999, 'stage': '', 'completed': True, 'exited': 89290.50165369999}], 'successor': [{'role': 'successor', 'operation': 'write_exclusive', 'entered': 89290.50165369999, 'stage': '', 'completed': True, 'exited': 89290.50165369999}], 'predecessor': {'operation': 'png_destination_stat_return', 'entered_before': 85720.596163473, 'returned_at': 89290.50165369999}}, 'npz_member': {'spec': {'target': {'module': 'ZipFile', 'operation': 'open'}, 'successor': {'module': 'numpy.lib.format', 'operation': 'write_array'}}, 'target': [{'role': 'target', 'operation': 'open', 'entered': 89290.784111694, 'stage': '', 'completed': True, 'exited': 89290.784111694}], 'successor': [{'role': 'successor', 'operation': 'write_array', 'entered': 89290.784111694, 'stage': '', 'completed': True, 'exited': 89290.784111694}], 'predecessor': {'operation': 'second_npz_array_conversion_return_before_member_open', 'entered_before': 85720.876237976, 'returned_at': 89290.784111694}}, 'npz_finalize': {'spec': {'target': {'module': 'ZipFile', 'operation': 'close'}, 'successor': {'module': 'DeadlineSink', 'operation': 'write'}}, 'target': [{'role': 'target', 'operation': 'close', 'entered': 89291.071497548, 'stage': '', 'completed': True, 'exited': 89291.071497548}], 'successor': [{'role': 'successor', 'operation': 'write', 'entered': 89291.071497548, 'stage': '', 'completed': True, 'exited': 89291.071497548}, {'role': 'successor', 'operation': 'write', 'entered': 89291.071497548, 'stage': '', 'completed': True, 'exited': 89291.071497548}, {'role': 'successor', 'operation': 'write', 'entered': 89291.071497548, 'stage': '', 'completed': True, 'exited': 89291.071497548}, {'role': 'successor', 'operation': 'write', 'entered': 89291.071497548, 'stage': '', 'completed': True, 'exited': 89291.071497548}, {'role': 'successor', 'operation': 'write', 'entered': 89291.071497548, 'stage': '', 'completed': True, 'exited': 89291.071497548}, {'role': 'successor', 'operation': 'write', 'entered': 89291.071497548, 'stage': '', 'completed': True, 'exited': 89291.071497548}, {'role': 'successor', 'operation': 'write', 'entered': 89291.071497548, 'stage': '', 'completed': True, 'exited': 89291.071497548}, {'role': 'successor', 'operation': 'write', 'entered': 89291.071497548, 'stage': '', 'completed': True, 'exited': 89291.071497548}, {'role': 'successor', 'operation': 'write', 'entered': 89291.071497548, 'stage': '', 'completed': True, 'exited': 89291.071497548}, {'role': 'successor', 'operation': 'write', 'entered': 89291.071497548, 'stage': '', 'completed': True, 'exited': 89291.071497548}], 'predecessor': {'operation': 'npz_member_2_close_return', 'entered_before': 85721.163958034, 'returned_at': 89291.071497548}}, 'array_hash': {'spec': {'target': {'module': 'vipe_benchmark.s1_progress', 'operation': 'checked_file_record'}, 'successor': {'module': 'vipe_benchmark.s1_progress', 'operation': 'read_bytes'}}, 'target': [{'role': 'target', 'operation': 'checked_file_record', 'entered': 89291.354615295, 'stage': '', 'completed': True, 'exited': 89291.354615295}], 'successor': [{'role': 'successor', 'operation': 'read_bytes', 'entered': 89291.354615295, 'stage': '', 'completed': True, 'exited': 89291.354615295}], 'predecessor': {'operation': 'array_normal_close_return_before_hash', 'entered_before': 85721.44821041, 'returned_at': 89291.354615295}}, 'produced_json': {'spec': {'target': {'module': 'vipe_benchmark.s1_progress', 'operation': 'encode'}, 'successor': {'module': 'vipe_benchmark.s1_progress', 'operation': 'write_exclusive'}}, 'target': [{'role': 'target', 'operation': 'encode', 'entered': 89291.636437012, 'stage': '', 'completed': True, 'exited': 89291.636437012}, {'role': 'target', 'operation': 'encode', 'entered': 89291.636437012, 'stage': '', 'completed': True, 'exited': 89291.636437012}, {'role': 'target', 'operation': 'encode', 'entered': 89291.636437012, 'stage': '', 'completed': True, 'exited': 89291.636437012}, {'role': 'target', 'operation': 'encode', 'entered': 89291.636437012, 'stage': '', 'completed': True, 'exited': 89291.636437012}], 'successor': [{'role': 'successor', 'operation': 'write_exclusive', 'entered': 89291.636437012, 'stage': '', 'completed': True, 'exited': 89291.636437012}], 'predecessor': {'operation': 'input_manifest_read_and_parse_return', 'entered_before': 85721.728231701, 'returned_at': 89291.636437012}}, 'produced_read': {'spec': {'target': {'module': 'vipe_benchmark.s1_progress', 'operation': 'read_record'}, 'successor': {'module': 'vipe_benchmark.s1_evidence', 'operation': 'produced_row'}}, 'target': [{'role': 'target', 'operation': 'read_record', 'entered': 89292.03004561299, 'stage': '', 'completed': True, 'exited': 89292.03004561299}], 'successor': [{'role': 'successor', 'operation': 'produced_row', 'entered': 89292.03004561299, 'stage': '', 'completed': True, 'exited': 89292.03004561299}], 'predecessor': {'operation': 'produced_row_durable_write_return', 'entered_before': 85722.122448669, 'returned_at': 89292.03004561299}}, 'produced_guard': {'spec': {'target': {'module': 'vipe_benchmark.s1_evidence', 'operation': 'produced_row'}, 'successor': {'module': 'Publisher', 'operation': 'seal'}}, 'target': [{'role': 'target', 'operation': 'produced_row', 'entered': 89292.429246377, 'stage': '', 'completed': True, 'exited': 89292.429246377}], 'successor': [{'role': 'successor', 'operation': 'seal', 'entered': 89292.429246377, 'stage': '', 'completed': True, 'exited': 89292.429246377}, {'role': 'successor', 'operation': 'seal', 'entered': 89292.429246377, 'stage': '', 'completed': True, 'exited': 89292.429246377}], 'predecessor': {'operation': 'produced_row_read_hash_parse_return', 'entered_before': 85722.520515784, 'returned_at': 89292.429246377}}, 'qualified_guard': {'spec': {'target': {'module': 'vipe_benchmark.s1_evidence', 'operation': 'qualify_row'}, 'successor': {'module': 'vipe_benchmark.s1_progress', 'operation': 'write_exclusive'}}, 'target': [{'role': 'target', 'operation': 'qualify_row', 'entered': 89292.82985551699, 'stage': '', 'completed': True, 'exited': 89292.82985551699}], 'successor': [{'role': 'successor', 'operation': 'write_exclusive', 'entered': 89292.82985551699, 'stage': '', 'completed': True, 'exited': 89292.82985551699}], 'predecessor': {'operation': 'produced_guard_seal_ack_return', 'entered_before': 85722.952269048, 'returned_at': 89292.82985551699}}}

======================================================================
FAIL: test_progress_plan047_deadline_steps (test_vipe_benchmark_supervisor.HelperSessionTests.test_progress_plan047_deadline_steps) (operation='runtime_guard', when='after')
----------------------------------------------------------------------
Traceback (most recent call last):
  File "/home/auss/git_repos/samaust/Experiments_4DGS/tests/test_vipe_benchmark_supervisor.py", line 3706, in test_progress_plan047_deadline_steps
    self.assertIn(name,before_controls)
    ~~~~~~~~~~~~~^^^^^^^^^^^^^^^^^^^^^^
AssertionError: 'runtime_guard' not found in {'checkpoint_write': {'spec': {'target': {'operation': 'write', 'stage': 'write', 'phase': 'checkpoint'}, 'successor': {'operation': 'flush', 'stage': 'flush', 'phase': 'checkpoint'}}, 'target': [{'role': 'target', 'operation': 'write', 'stage': 'write', 'entered': 89283.858130341, 'completed': True, 'exited': 89283.858130341}], 'successor': [{'role': 'successor', 'operation': 'flush', 'stage': 'flush', 'entered': 89283.858130341, 'completed': True, 'exited': 89283.858130341}], 'predecessor': {'operation': 'checkpoint/fdopen', 'entered_before': 85713.951569804, 'returned_at': 89283.858130341}}, 'checkpoint_flush': {'spec': {'target': {'operation': 'flush', 'stage': 'flush', 'phase': 'checkpoint'}, 'successor': {'operation': 'fsync', 'stage': 'file_fsync', 'phase': 'checkpoint'}}, 'target': [{'role': 'target', 'operation': 'flush', 'stage': 'flush', 'entered': 89284.158339353, 'completed': True, 'exited': 89284.158339353}], 'successor': [{'role': 'successor', 'operation': 'fsync', 'stage': 'file_fsync', 'entered': 89284.158339353, 'completed': True, 'exited': 89284.158339353}], 'predecessor': {'operation': 'write/write', 'entered_before': 85714.250234867, 'returned_at': 89284.158339353}}, 'checkpoint_fsync': {'spec': {'target': {'operation': 'fsync', 'stage': 'file_fsync', 'phase': 'checkpoint'}, 'successor': {'operation': 'close', 'stage': 'close', 'phase': 'checkpoint'}}, 'target': [{'role': 'target', 'operation': 'fsync', 'stage': 'file_fsync', 'entered': 89284.450318611, 'completed': True, 'exited': 89284.450318611}], 'successor': [{'role': 'successor', 'operation': 'close', 'stage': 'close', 'entered': 89284.450318611, 'completed': True, 'exited': 89284.450318611}], 'predecessor': {'operation': 'flush/flush', 'entered_before': 85714.541803871, 'returned_at': 89284.450318611}}, 'checkpoint_close': {'spec': {'target': {'operation': 'close', 'stage': 'close', 'phase': 'checkpoint'}, 'successor': {'operation': 'read_bytes', 'stage': 'close_readback', 'phase': 'checkpoint'}}, 'target': [{'role': 'target', 'operation': 'close', 'stage': 'close', 'entered': 89284.74263084799, 'completed': True, 'exited': 89284.74263084799}], 'successor': [{'role': 'successor', 'operation': 'read_bytes', 'stage': 'close_readback', 'entered': 89284.74263084799, 'completed': True, 'exited': 89284.74263084799}], 'predecessor': {'operation': 'file_fsync/fsync', 'entered_before': 85714.835511779, 'returned_at': 89284.74263084799}}, 'checkpoint_readback': {'spec': {'target': {'operation': 'read_bytes', 'stage': 'close_readback', 'phase': 'checkpoint'}, 'successor': {'operation': 'record', 'stage': 'close_readback', 'phase': 'checkpoint'}}, 'target': [{'role': 'target', 'operation': 'read_bytes', 'stage': 'close_readback', 'entered': 89285.039075886, 'completed': True, 'exited': 89285.039075886}], 'successor': [{'role': 'successor', 'operation': 'record', 'stage': 'close_readback', 'entered': 89285.039075886, 'completed': True, 'exited': 89285.039075886}], 'predecessor': {'operation': 'close/close', 'entered_before': 85715.130888248, 'returned_at': 89285.039075886}}, 'head_write': {'spec': {'target': {'operation': 'write', 'stage': 'write', 'phase': 'head'}, 'successor': {'operation': 'flush', 'stage': 'flush', 'phase': 'head'}}, 'target': [{'role': 'target', 'operation': 'write', 'stage': 'write', 'entered': 89285.33266695999, 'completed': True, 'exited': 89285.33266695999}], 'successor': [{'role': 'successor', 'operation': 'flush', 'stage': 'flush', 'entered': 89285.33266695999, 'completed': True, 'exited': 89285.33266695999}], 'predecessor': {'operation': 'head/fdopen', 'entered_before': 85715.424654288, 'returned_at': 89285.33266695999}}, 'head_flush': {'spec': {'target': {'operation': 'flush', 'stage': 'flush', 'phase': 'head'}, 'successor': {'operation': 'fsync', 'stage': 'file_fsync', 'phase': 'head'}}, 'target': [{'role': 'target', 'operation': 'flush', 'stage': 'flush', 'entered': 89285.631904104, 'completed': True, 'exited': 89285.631904104}], 'successor': [{'role': 'successor', 'operation': 'fsync', 'stage': 'file_fsync', 'entered': 89285.631904104, 'completed': True, 'exited': 89285.631904104}], 'predecessor': {'operation': 'write/write', 'entered_before': 85715.724356331, 'returned_at': 89285.631904104}}, 'head_fsync': {'spec': {'target': {'operation': 'fsync', 'stage': 'file_fsync', 'phase': 'head'}, 'successor': {'operation': 'close', 'stage': 'close', 'phase': 'head'}}, 'target': [{'role': 'target', 'operation': 'fsync', 'stage': 'file_fsync', 'entered': 89285.934812917, 'completed': True, 'exited': 89285.934812917}], 'successor': [{'role': 'successor', 'operation': 'close', 'stage': 'close', 'entered': 89285.934812917, 'completed': True, 'exited': 89285.934812917}], 'predecessor': {'operation': 'flush/flush', 'entered_before': 85716.02584844, 'returned_at': 89285.934812917}}, 'head_close': {'spec': {'target': {'operation': 'close', 'stage': 'close', 'phase': 'head'}, 'successor': {'operation': 'read_bytes', 'stage': 'close_readback', 'phase': 'head'}}, 'target': [{'role': 'target', 'operation': 'close', 'stage': 'close', 'entered': 89286.23209641699, 'completed': True, 'exited': 89286.23209641699}], 'successor': [{'role': 'successor', 'operation': 'read_bytes', 'stage': 'close_readback', 'entered': 89286.23209641699, 'completed': True, 'exited': 89286.23209641699}], 'predecessor': {'operation': 'file_fsync/fsync', 'entered_before': 85716.325791657, 'returned_at': 89286.23209641699}}, 'head_readback': {'spec': {'target': {'operation': 'read_bytes', 'stage': 'close_readback', 'phase': 'head'}, 'successor': {'operation': 'record', 'stage': 'close_readback', 'phase': 'head'}}, 'target': [{'role': 'target', 'operation': 'read_bytes', 'stage': 'close_readback', 'entered': 89286.533620573, 'completed': True, 'exited': 89286.533620573}], 'successor': [{'role': 'successor', 'operation': 'record', 'stage': 'close_readback', 'entered': 89286.533620573, 'completed': True, 'exited': 89286.533620573}], 'predecessor': {'operation': 'close/close', 'entered_before': 85716.625035369, 'returned_at': 89286.533620573}}, 'generation_install': {'spec': {'target': {'module': 'os', 'operation': 'link'}, 'successor': {'module': 'os', 'operation': 'unlink'}}, 'target': [{'role': 'target', 'operation': 'link', 'entered': 89286.83144605899, 'stage': 'generation_install', 'completed': True, 'exited': 89286.83144605899}], 'successor': [{'role': 'successor', 'operation': 'unlink', 'entered': 89286.83144605899, 'stage': 'generation_install', 'completed': True, 'exited': 89286.83144605899}], 'predecessor': {'operation': '/tmp/tmp4dm97jsp/30/jobs/S1-progress-1971bc2c963b4ad987d33ef96a3cb2f9/worker/checkpoint.tmp/durable_write_return', 'entered_before': 85716.923744272, 'returned_at': 89286.83144605899}}, 'generation_dir_fsync': {'spec': {'target': {'module': 'vipe_benchmark.s1_progress', 'operation': 'fsync_dir'}, 'successor': {'module': 'vipe_benchmark.s1_progress', 'operation': 'record'}}, 'target': [{'role': 'target', 'operation': 'fsync_dir', 'entered': 89287.14115710299, 'stage': 'generation_directory_fsync', 'completed': True, 'exited': 89287.14115710299}], 'successor': [{'role': 'successor', 'operation': 'record', 'entered': 89287.14115710299, 'stage': 'generation_directory_fsync', 'completed': True, 'exited': 89287.14115710299}], 'predecessor': {'operation': 'generation_install/unlink', 'entered_before': 85717.23343816, 'returned_at': 89287.14115710299}}, 'generation_reopen_hash': {'spec': {'target': {'module': 'vipe_benchmark.s1_progress', 'operation': 'read_record'}, 'successor': {'module': 'vipe_benchmark.s1_progress', 'operation': 'encode'}}, 'target': [{'role': 'target', 'operation': 'read_record', 'entered': 89287.437770754, 'stage': 'generation_reopen_hash', 'completed': True, 'exited': 89287.437770754}], 'successor': [{'role': 'successor', 'operation': 'encode', 'entered': 89287.437770754, 'stage': 'generation_reopen_hash', 'completed': True, 'exited': 89287.437770754}], 'predecessor': {'operation': 'generation_directory_fsync/record', 'entered_before': 85717.530746537, 'returned_at': 89287.437770754}}, 'head_install': {'spec': {'target': {'module': 'os', 'operation': 'replace'}, 'successor': {'module': 'vipe_benchmark.s1_progress', 'operation': 'fsync_dir'}}, 'target': [{'role': 'target', 'operation': 'replace', 'entered': 89287.737007812, 'stage': 'head_install', 'completed': True, 'exited': 89287.737007812}], 'successor': [{'role': 'successor', 'operation': 'fsync_dir', 'entered': 89287.737007812, 'stage': 'head_directory_fsync', 'completed': True, 'exited': 89287.737007812}], 'predecessor': {'operation': '/tmp/tmp4dm97jsp/39/jobs/S1-progress-82b2daafd49f41bd8eda148eaa14a59c/worker/head.tmp/durable_write_return', 'entered_before': 85717.829320866, 'returned_at': 89287.737007812}}, 'head_dir_fsync': {'spec': {'target': {'module': 'vipe_benchmark.s1_progress', 'operation': 'fsync_dir'}, 'successor': {'module': 'vipe_benchmark.s1_progress', 'operation': 'record'}}, 'target': [{'role': 'target', 'operation': 'fsync_dir', 'entered': 89288.039440268, 'stage': 'head_directory_fsync', 'completed': True, 'exited': 89288.039440268}], 'successor': [{'role': 'successor', 'operation': 'record', 'entered': 89288.039440268, 'stage': 'head_directory_fsync', 'completed': True, 'exited': 89288.039440268}], 'predecessor': {'operation': 'head_install/replace', 'entered_before': 85718.130634522, 'returned_at': 89288.039440268}}, 'final_head_read': {'spec': {'target': {'module': 'vipe_benchmark.s1_progress', 'operation': 'read_record'}, 'successor': {'module': 'vipe_benchmark.s1_progress', 'operation': 'read_record'}}, 'target': [{'role': 'target', 'operation': 'read_record', 'entered': 89288.33997317699, 'stage': 'final_head_read', 'completed': True, 'exited': 89288.33997317699}], 'successor': [{'role': 'successor', 'operation': 'read_record', 'entered': 89288.33997317699, 'stage': 'final_generation_read', 'completed': True, 'exited': 89288.33997317699}], 'predecessor': {'operation': 'head_directory_fsync/record', 'entered_before': 85718.433826928, 'returned_at': 89288.33997317699}}, 'final_generation_read': {'spec': {'target': {'module': 'vipe_benchmark.s1_progress', 'operation': 'read_record'}, 'successor': {'module': 'vipe_benchmark.s1_progress', 'operation': 'encode'}}, 'target': [{'role': 'target', 'operation': 'read_record', 'entered': 89288.64308871899, 'stage': 'final_generation_read', 'completed': True, 'exited': 89288.64308871899}], 'successor': [{'role': 'successor', 'operation': 'encode', 'entered': 89288.64308871899, 'stage': 'final_generation_read', 'completed': True, 'exited': 89288.64308871899}], 'predecessor': {'operation': 'final_head_read/read_record', 'entered_before': 85718.73474791, 'returned_at': 89288.64308871899}}, 'array_npy': {'spec': {'target': {'module': 'numpy', 'operation': 'save'}, 'successor': {'module': 'DeadlineSink', 'operation': 'write'}}, 'target': [{'role': 'target', 'operation': 'save', 'entered': 89290.22022173999, 'stage': '', 'completed': True, 'exited': 89290.22022173999}], 'successor': [{'role': 'successor', 'operation': 'write', 'entered': 89290.22022173999, 'stage': '', 'completed': True, 'exited': 89290.22022173999}, {'role': 'successor', 'operation': 'write', 'entered': 89290.22022173999, 'stage': '', 'completed': True, 'exited': 89290.22022173999}], 'predecessor': {'operation': 'array_unbuffered_open_return', 'entered_before': 85720.312826859, 'returned_at': 89290.22022173999}}, 'array_png': {'spec': {'target': {'module': 'cv2', 'operation': 'imencode'}, 'successor': {'module': 'vipe_benchmark.s1_progress', 'operation': 'write_exclusive'}}, 'target': [{'role': 'target', 'operation': 'imencode', 'entered': 89290.50165369999, 'stage': '', 'completed': True, 'exited': 89290.50165369999}], 'successor': [{'role': 'successor', 'operation': 'write_exclusive', 'entered': 89290.50165369999, 'stage': '', 'completed': True, 'exited': 89290.50165369999}], 'predecessor': {'operation': 'png_destination_stat_return', 'entered_before': 85720.596163473, 'returned_at': 89290.50165369999}}, 'npz_member': {'spec': {'target': {'module': 'ZipFile', 'operation': 'open'}, 'successor': {'module': 'numpy.lib.format', 'operation': 'write_array'}}, 'target': [{'role': 'target', 'operation': 'open', 'entered': 89290.784111694, 'stage': '', 'completed': True, 'exited': 89290.784111694}], 'successor': [{'role': 'successor', 'operation': 'write_array', 'entered': 89290.784111694, 'stage': '', 'completed': True, 'exited': 89290.784111694}], 'predecessor': {'operation': 'second_npz_array_conversion_return_before_member_open', 'entered_before': 85720.876237976, 'returned_at': 89290.784111694}}, 'npz_finalize': {'spec': {'target': {'module': 'ZipFile', 'operation': 'close'}, 'successor': {'module': 'DeadlineSink', 'operation': 'write'}}, 'target': [{'role': 'target', 'operation': 'close', 'entered': 89291.071497548, 'stage': '', 'completed': True, 'exited': 89291.071497548}], 'successor': [{'role': 'successor', 'operation': 'write', 'entered': 89291.071497548, 'stage': '', 'completed': True, 'exited': 89291.071497548}, {'role': 'successor', 'operation': 'write', 'entered': 89291.071497548, 'stage': '', 'completed': True, 'exited': 89291.071497548}, {'role': 'successor', 'operation': 'write', 'entered': 89291.071497548, 'stage': '', 'completed': True, 'exited': 89291.071497548}, {'role': 'successor', 'operation': 'write', 'entered': 89291.071497548, 'stage': '', 'completed': True, 'exited': 89291.071497548}, {'role': 'successor', 'operation': 'write', 'entered': 89291.071497548, 'stage': '', 'completed': True, 'exited': 89291.071497548}, {'role': 'successor', 'operation': 'write', 'entered': 89291.071497548, 'stage': '', 'completed': True, 'exited': 89291.071497548}, {'role': 'successor', 'operation': 'write', 'entered': 89291.071497548, 'stage': '', 'completed': True, 'exited': 89291.071497548}, {'role': 'successor', 'operation': 'write', 'entered': 89291.071497548, 'stage': '', 'completed': True, 'exited': 89291.071497548}, {'role': 'successor', 'operation': 'write', 'entered': 89291.071497548, 'stage': '', 'completed': True, 'exited': 89291.071497548}, {'role': 'successor', 'operation': 'write', 'entered': 89291.071497548, 'stage': '', 'completed': True, 'exited': 89291.071497548}], 'predecessor': {'operation': 'npz_member_2_close_return', 'entered_before': 85721.163958034, 'returned_at': 89291.071497548}}, 'array_hash': {'spec': {'target': {'module': 'vipe_benchmark.s1_progress', 'operation': 'checked_file_record'}, 'successor': {'module': 'vipe_benchmark.s1_progress', 'operation': 'read_bytes'}}, 'target': [{'role': 'target', 'operation': 'checked_file_record', 'entered': 89291.354615295, 'stage': '', 'completed': True, 'exited': 89291.354615295}], 'successor': [{'role': 'successor', 'operation': 'read_bytes', 'entered': 89291.354615295, 'stage': '', 'completed': True, 'exited': 89291.354615295}], 'predecessor': {'operation': 'array_normal_close_return_before_hash', 'entered_before': 85721.44821041, 'returned_at': 89291.354615295}}, 'produced_json': {'spec': {'target': {'module': 'vipe_benchmark.s1_progress', 'operation': 'encode'}, 'successor': {'module': 'vipe_benchmark.s1_progress', 'operation': 'write_exclusive'}}, 'target': [{'role': 'target', 'operation': 'encode', 'entered': 89291.636437012, 'stage': '', 'completed': True, 'exited': 89291.636437012}, {'role': 'target', 'operation': 'encode', 'entered': 89291.636437012, 'stage': '', 'completed': True, 'exited': 89291.636437012}, {'role': 'target', 'operation': 'encode', 'entered': 89291.636437012, 'stage': '', 'completed': True, 'exited': 89291.636437012}, {'role': 'target', 'operation': 'encode', 'entered': 89291.636437012, 'stage': '', 'completed': True, 'exited': 89291.636437012}], 'successor': [{'role': 'successor', 'operation': 'write_exclusive', 'entered': 89291.636437012, 'stage': '', 'completed': True, 'exited': 89291.636437012}], 'predecessor': {'operation': 'input_manifest_read_and_parse_return', 'entered_before': 85721.728231701, 'returned_at': 89291.636437012}}, 'produced_read': {'spec': {'target': {'module': 'vipe_benchmark.s1_progress', 'operation': 'read_record'}, 'successor': {'module': 'vipe_benchmark.s1_evidence', 'operation': 'produced_row'}}, 'target': [{'role': 'target', 'operation': 'read_record', 'entered': 89292.03004561299, 'stage': '', 'completed': True, 'exited': 89292.03004561299}], 'successor': [{'role': 'successor', 'operation': 'produced_row', 'entered': 89292.03004561299, 'stage': '', 'completed': True, 'exited': 89292.03004561299}], 'predecessor': {'operation': 'produced_row_durable_write_return', 'entered_before': 85722.122448669, 'returned_at': 89292.03004561299}}, 'produced_guard': {'spec': {'target': {'module': 'vipe_benchmark.s1_evidence', 'operation': 'produced_row'}, 'successor': {'module': 'Publisher', 'operation': 'seal'}}, 'target': [{'role': 'target', 'operation': 'produced_row', 'entered': 89292.429246377, 'stage': '', 'completed': True, 'exited': 89292.429246377}], 'successor': [{'role': 'successor', 'operation': 'seal', 'entered': 89292.429246377, 'stage': '', 'completed': True, 'exited': 89292.429246377}, {'role': 'successor', 'operation': 'seal', 'entered': 89292.429246377, 'stage': '', 'completed': True, 'exited': 89292.429246377}], 'predecessor': {'operation': 'produced_row_read_hash_parse_return', 'entered_before': 85722.520515784, 'returned_at': 89292.429246377}}, 'qualified_guard': {'spec': {'target': {'module': 'vipe_benchmark.s1_evidence', 'operation': 'qualify_row'}, 'successor': {'module': 'vipe_benchmark.s1_progress', 'operation': 'write_exclusive'}}, 'target': [{'role': 'target', 'operation': 'qualify_row', 'entered': 89292.82985551699, 'stage': '', 'completed': True, 'exited': 89292.82985551699}], 'successor': [{'role': 'successor', 'operation': 'write_exclusive', 'entered': 89292.82985551699, 'stage': '', 'completed': True, 'exited': 89292.82985551699}], 'predecessor': {'operation': 'produced_guard_seal_ack_return', 'entered_before': 85722.952269048, 'returned_at': 89292.82985551699}}}

======================================================================
FAIL: test_progress_plan047_deadline_steps (test_vipe_benchmark_supervisor.HelperSessionTests.test_progress_plan047_deadline_steps) (operation='next_input', when='before')
----------------------------------------------------------------------
Traceback (most recent call last):
  File "/home/auss/git_repos/samaust/Experiments_4DGS/tests/test_vipe_benchmark_supervisor.py", line 3717, in test_progress_plan047_deadline_steps
    if name=='next_input':self.assertEqual([row['operation'] for row in witness.successor],['frame62_valid_array'])
                          ~~~~~~~~~~~~~~~~^^^^^^^^^^^^^^^^^^^^^^^^^^^^^^^^^^^^^^^^^^^^^^^^^^^^^^^^^^^^^^^^^^^^^^^^^
AssertionError: Lists differ: ['frame62_valid_array', 'frame62_valid_array'] != ['frame62_valid_array']

First list contains 1 additional elements.
First extra element 1:
'frame62_valid_array'

- ['frame62_valid_array', 'frame62_valid_array']
+ ['frame62_valid_array']

======================================================================
FAIL: test_progress_plan047_deadline_steps (test_vipe_benchmark_supervisor.HelperSessionTests.test_progress_plan047_deadline_steps) (operation='next_input', when='equal')
----------------------------------------------------------------------
Traceback (most recent call last):
  File "/home/auss/git_repos/samaust/Experiments_4DGS/tests/test_vipe_benchmark_supervisor.py", line 3706, in test_progress_plan047_deadline_steps
    self.assertIn(name,before_controls)
    ~~~~~~~~~~~~~^^^^^^^^^^^^^^^^^^^^^^
AssertionError: 'next_input' not found in {'checkpoint_write': {'spec': {'target': {'operation': 'write', 'stage': 'write', 'phase': 'checkpoint'}, 'successor': {'operation': 'flush', 'stage': 'flush', 'phase': 'checkpoint'}}, 'target': [{'role': 'target', 'operation': 'write', 'stage': 'write', 'entered': 89283.858130341, 'completed': True, 'exited': 89283.858130341}], 'successor': [{'role': 'successor', 'operation': 'flush', 'stage': 'flush', 'entered': 89283.858130341, 'completed': True, 'exited': 89283.858130341}], 'predecessor': {'operation': 'checkpoint/fdopen', 'entered_before': 85713.951569804, 'returned_at': 89283.858130341}}, 'checkpoint_flush': {'spec': {'target': {'operation': 'flush', 'stage': 'flush', 'phase': 'checkpoint'}, 'successor': {'operation': 'fsync', 'stage': 'file_fsync', 'phase': 'checkpoint'}}, 'target': [{'role': 'target', 'operation': 'flush', 'stage': 'flush', 'entered': 89284.158339353, 'completed': True, 'exited': 89284.158339353}], 'successor': [{'role': 'successor', 'operation': 'fsync', 'stage': 'file_fsync', 'entered': 89284.158339353, 'completed': True, 'exited': 89284.158339353}], 'predecessor': {'operation': 'write/write', 'entered_before': 85714.250234867, 'returned_at': 89284.158339353}}, 'checkpoint_fsync': {'spec': {'target': {'operation': 'fsync', 'stage': 'file_fsync', 'phase': 'checkpoint'}, 'successor': {'operation': 'close', 'stage': 'close', 'phase': 'checkpoint'}}, 'target': [{'role': 'target', 'operation': 'fsync', 'stage': 'file_fsync', 'entered': 89284.450318611, 'completed': True, 'exited': 89284.450318611}], 'successor': [{'role': 'successor', 'operation': 'close', 'stage': 'close', 'entered': 89284.450318611, 'completed': True, 'exited': 89284.450318611}], 'predecessor': {'operation': 'flush/flush', 'entered_before': 85714.541803871, 'returned_at': 89284.450318611}}, 'checkpoint_close': {'spec': {'target': {'operation': 'close', 'stage': 'close', 'phase': 'checkpoint'}, 'successor': {'operation': 'read_bytes', 'stage': 'close_readback', 'phase': 'checkpoint'}}, 'target': [{'role': 'target', 'operation': 'close', 'stage': 'close', 'entered': 89284.74263084799, 'completed': True, 'exited': 89284.74263084799}], 'successor': [{'role': 'successor', 'operation': 'read_bytes', 'stage': 'close_readback', 'entered': 89284.74263084799, 'completed': True, 'exited': 89284.74263084799}], 'predecessor': {'operation': 'file_fsync/fsync', 'entered_before': 85714.835511779, 'returned_at': 89284.74263084799}}, 'checkpoint_readback': {'spec': {'target': {'operation': 'read_bytes', 'stage': 'close_readback', 'phase': 'checkpoint'}, 'successor': {'operation': 'record', 'stage': 'close_readback', 'phase': 'checkpoint'}}, 'target': [{'role': 'target', 'operation': 'read_bytes', 'stage': 'close_readback', 'entered': 89285.039075886, 'completed': True, 'exited': 89285.039075886}], 'successor': [{'role': 'successor', 'operation': 'record', 'stage': 'close_readback', 'entered': 89285.039075886, 'completed': True, 'exited': 89285.039075886}], 'predecessor': {'operation': 'close/close', 'entered_before': 85715.130888248, 'returned_at': 89285.039075886}}, 'head_write': {'spec': {'target': {'operation': 'write', 'stage': 'write', 'phase': 'head'}, 'successor': {'operation': 'flush', 'stage': 'flush', 'phase': 'head'}}, 'target': [{'role': 'target', 'operation': 'write', 'stage': 'write', 'entered': 89285.33266695999, 'completed': True, 'exited': 89285.33266695999}], 'successor': [{'role': 'successor', 'operation': 'flush', 'stage': 'flush', 'entered': 89285.33266695999, 'completed': True, 'exited': 89285.33266695999}], 'predecessor': {'operation': 'head/fdopen', 'entered_before': 85715.424654288, 'returned_at': 89285.33266695999}}, 'head_flush': {'spec': {'target': {'operation': 'flush', 'stage': 'flush', 'phase': 'head'}, 'successor': {'operation': 'fsync', 'stage': 'file_fsync', 'phase': 'head'}}, 'target': [{'role': 'target', 'operation': 'flush', 'stage': 'flush', 'entered': 89285.631904104, 'completed': True, 'exited': 89285.631904104}], 'successor': [{'role': 'successor', 'operation': 'fsync', 'stage': 'file_fsync', 'entered': 89285.631904104, 'completed': True, 'exited': 89285.631904104}], 'predecessor': {'operation': 'write/write', 'entered_before': 85715.724356331, 'returned_at': 89285.631904104}}, 'head_fsync': {'spec': {'target': {'operation': 'fsync', 'stage': 'file_fsync', 'phase': 'head'}, 'successor': {'operation': 'close', 'stage': 'close', 'phase': 'head'}}, 'target': [{'role': 'target', 'operation': 'fsync', 'stage': 'file_fsync', 'entered': 89285.934812917, 'completed': True, 'exited': 89285.934812917}], 'successor': [{'role': 'successor', 'operation': 'close', 'stage': 'close', 'entered': 89285.934812917, 'completed': True, 'exited': 89285.934812917}], 'predecessor': {'operation': 'flush/flush', 'entered_before': 85716.02584844, 'returned_at': 89285.934812917}}, 'head_close': {'spec': {'target': {'operation': 'close', 'stage': 'close', 'phase': 'head'}, 'successor': {'operation': 'read_bytes', 'stage': 'close_readback', 'phase': 'head'}}, 'target': [{'role': 'target', 'operation': 'close', 'stage': 'close', 'entered': 89286.23209641699, 'completed': True, 'exited': 89286.23209641699}], 'successor': [{'role': 'successor', 'operation': 'read_bytes', 'stage': 'close_readback', 'entered': 89286.23209641699, 'completed': True, 'exited': 89286.23209641699}], 'predecessor': {'operation': 'file_fsync/fsync', 'entered_before': 85716.325791657, 'returned_at': 89286.23209641699}}, 'head_readback': {'spec': {'target': {'operation': 'read_bytes', 'stage': 'close_readback', 'phase': 'head'}, 'successor': {'operation': 'record', 'stage': 'close_readback', 'phase': 'head'}}, 'target': [{'role': 'target', 'operation': 'read_bytes', 'stage': 'close_readback', 'entered': 89286.533620573, 'completed': True, 'exited': 89286.533620573}], 'successor': [{'role': 'successor', 'operation': 'record', 'stage': 'close_readback', 'entered': 89286.533620573, 'completed': True, 'exited': 89286.533620573}], 'predecessor': {'operation': 'close/close', 'entered_before': 85716.625035369, 'returned_at': 89286.533620573}}, 'generation_install': {'spec': {'target': {'module': 'os', 'operation': 'link'}, 'successor': {'module': 'os', 'operation': 'unlink'}}, 'target': [{'role': 'target', 'operation': 'link', 'entered': 89286.83144605899, 'stage': 'generation_install', 'completed': True, 'exited': 89286.83144605899}], 'successor': [{'role': 'successor', 'operation': 'unlink', 'entered': 89286.83144605899, 'stage': 'generation_install', 'completed': True, 'exited': 89286.83144605899}], 'predecessor': {'operation': '/tmp/tmp4dm97jsp/30/jobs/S1-progress-1971bc2c963b4ad987d33ef96a3cb2f9/worker/checkpoint.tmp/durable_write_return', 'entered_before': 85716.923744272, 'returned_at': 89286.83144605899}}, 'generation_dir_fsync': {'spec': {'target': {'module': 'vipe_benchmark.s1_progress', 'operation': 'fsync_dir'}, 'successor': {'module': 'vipe_benchmark.s1_progress', 'operation': 'record'}}, 'target': [{'role': 'target', 'operation': 'fsync_dir', 'entered': 89287.14115710299, 'stage': 'generation_directory_fsync', 'completed': True, 'exited': 89287.14115710299}], 'successor': [{'role': 'successor', 'operation': 'record', 'entered': 89287.14115710299, 'stage': 'generation_directory_fsync', 'completed': True, 'exited': 89287.14115710299}], 'predecessor': {'operation': 'generation_install/unlink', 'entered_before': 85717.23343816, 'returned_at': 89287.14115710299}}, 'generation_reopen_hash': {'spec': {'target': {'module': 'vipe_benchmark.s1_progress', 'operation': 'read_record'}, 'successor': {'module': 'vipe_benchmark.s1_progress', 'operation': 'encode'}}, 'target': [{'role': 'target', 'operation': 'read_record', 'entered': 89287.437770754, 'stage': 'generation_reopen_hash', 'completed': True, 'exited': 89287.437770754}], 'successor': [{'role': 'successor', 'operation': 'encode', 'entered': 89287.437770754, 'stage': 'generation_reopen_hash', 'completed': True, 'exited': 89287.437770754}], 'predecessor': {'operation': 'generation_directory_fsync/record', 'entered_before': 85717.530746537, 'returned_at': 89287.437770754}}, 'head_install': {'spec': {'target': {'module': 'os', 'operation': 'replace'}, 'successor': {'module': 'vipe_benchmark.s1_progress', 'operation': 'fsync_dir'}}, 'target': [{'role': 'target', 'operation': 'replace', 'entered': 89287.737007812, 'stage': 'head_install', 'completed': True, 'exited': 89287.737007812}], 'successor': [{'role': 'successor', 'operation': 'fsync_dir', 'entered': 89287.737007812, 'stage': 'head_directory_fsync', 'completed': True, 'exited': 89287.737007812}], 'predecessor': {'operation': '/tmp/tmp4dm97jsp/39/jobs/S1-progress-82b2daafd49f41bd8eda148eaa14a59c/worker/head.tmp/durable_write_return', 'entered_before': 85717.829320866, 'returned_at': 89287.737007812}}, 'head_dir_fsync': {'spec': {'target': {'module': 'vipe_benchmark.s1_progress', 'operation': 'fsync_dir'}, 'successor': {'module': 'vipe_benchmark.s1_progress', 'operation': 'record'}}, 'target': [{'role': 'target', 'operation': 'fsync_dir', 'entered': 89288.039440268, 'stage': 'head_directory_fsync', 'completed': True, 'exited': 89288.039440268}], 'successor': [{'role': 'successor', 'operation': 'record', 'entered': 89288.039440268, 'stage': 'head_directory_fsync', 'completed': True, 'exited': 89288.039440268}], 'predecessor': {'operation': 'head_install/replace', 'entered_before': 85718.130634522, 'returned_at': 89288.039440268}}, 'final_head_read': {'spec': {'target': {'module': 'vipe_benchmark.s1_progress', 'operation': 'read_record'}, 'successor': {'module': 'vipe_benchmark.s1_progress', 'operation': 'read_record'}}, 'target': [{'role': 'target', 'operation': 'read_record', 'entered': 89288.33997317699, 'stage': 'final_head_read', 'completed': True, 'exited': 89288.33997317699}], 'successor': [{'role': 'successor', 'operation': 'read_record', 'entered': 89288.33997317699, 'stage': 'final_generation_read', 'completed': True, 'exited': 89288.33997317699}], 'predecessor': {'operation': 'head_directory_fsync/record', 'entered_before': 85718.433826928, 'returned_at': 89288.33997317699}}, 'final_generation_read': {'spec': {'target': {'module': 'vipe_benchmark.s1_progress', 'operation': 'read_record'}, 'successor': {'module': 'vipe_benchmark.s1_progress', 'operation': 'encode'}}, 'target': [{'role': 'target', 'operation': 'read_record', 'entered': 89288.64308871899, 'stage': 'final_generation_read', 'completed': True, 'exited': 89288.64308871899}], 'successor': [{'role': 'successor', 'operation': 'encode', 'entered': 89288.64308871899, 'stage': 'final_generation_read', 'completed': True, 'exited': 89288.64308871899}], 'predecessor': {'operation': 'final_head_read/read_record', 'entered_before': 85718.73474791, 'returned_at': 89288.64308871899}}, 'array_npy': {'spec': {'target': {'module': 'numpy', 'operation': 'save'}, 'successor': {'module': 'DeadlineSink', 'operation': 'write'}}, 'target': [{'role': 'target', 'operation': 'save', 'entered': 89290.22022173999, 'stage': '', 'completed': True, 'exited': 89290.22022173999}], 'successor': [{'role': 'successor', 'operation': 'write', 'entered': 89290.22022173999, 'stage': '', 'completed': True, 'exited': 89290.22022173999}, {'role': 'successor', 'operation': 'write', 'entered': 89290.22022173999, 'stage': '', 'completed': True, 'exited': 89290.22022173999}], 'predecessor': {'operation': 'array_unbuffered_open_return', 'entered_before': 85720.312826859, 'returned_at': 89290.22022173999}}, 'array_png': {'spec': {'target': {'module': 'cv2', 'operation': 'imencode'}, 'successor': {'module': 'vipe_benchmark.s1_progress', 'operation': 'write_exclusive'}}, 'target': [{'role': 'target', 'operation': 'imencode', 'entered': 89290.50165369999, 'stage': '', 'completed': True, 'exited': 89290.50165369999}], 'successor': [{'role': 'successor', 'operation': 'write_exclusive', 'entered': 89290.50165369999, 'stage': '', 'completed': True, 'exited': 89290.50165369999}], 'predecessor': {'operation': 'png_destination_stat_return', 'entered_before': 85720.596163473, 'returned_at': 89290.50165369999}}, 'npz_member': {'spec': {'target': {'module': 'ZipFile', 'operation': 'open'}, 'successor': {'module': 'numpy.lib.format', 'operation': 'write_array'}}, 'target': [{'role': 'target', 'operation': 'open', 'entered': 89290.784111694, 'stage': '', 'completed': True, 'exited': 89290.784111694}], 'successor': [{'role': 'successor', 'operation': 'write_array', 'entered': 89290.784111694, 'stage': '', 'completed': True, 'exited': 89290.784111694}], 'predecessor': {'operation': 'second_npz_array_conversion_return_before_member_open', 'entered_before': 85720.876237976, 'returned_at': 89290.784111694}}, 'npz_finalize': {'spec': {'target': {'module': 'ZipFile', 'operation': 'close'}, 'successor': {'module': 'DeadlineSink', 'operation': 'write'}}, 'target': [{'role': 'target', 'operation': 'close', 'entered': 89291.071497548, 'stage': '', 'completed': True, 'exited': 89291.071497548}], 'successor': [{'role': 'successor', 'operation': 'write', 'entered': 89291.071497548, 'stage': '', 'completed': True, 'exited': 89291.071497548}, {'role': 'successor', 'operation': 'write', 'entered': 89291.071497548, 'stage': '', 'completed': True, 'exited': 89291.071497548}, {'role': 'successor', 'operation': 'write', 'entered': 89291.071497548, 'stage': '', 'completed': True, 'exited': 89291.071497548}, {'role': 'successor', 'operation': 'write', 'entered': 89291.071497548, 'stage': '', 'completed': True, 'exited': 89291.071497548}, {'role': 'successor', 'operation': 'write', 'entered': 89291.071497548, 'stage': '', 'completed': True, 'exited': 89291.071497548}, {'role': 'successor', 'operation': 'write', 'entered': 89291.071497548, 'stage': '', 'completed': True, 'exited': 89291.071497548}, {'role': 'successor', 'operation': 'write', 'entered': 89291.071497548, 'stage': '', 'completed': True, 'exited': 89291.071497548}, {'role': 'successor', 'operation': 'write', 'entered': 89291.071497548, 'stage': '', 'completed': True, 'exited': 89291.071497548}, {'role': 'successor', 'operation': 'write', 'entered': 89291.071497548, 'stage': '', 'completed': True, 'exited': 89291.071497548}, {'role': 'successor', 'operation': 'write', 'entered': 89291.071497548, 'stage': '', 'completed': True, 'exited': 89291.071497548}], 'predecessor': {'operation': 'npz_member_2_close_return', 'entered_before': 85721.163958034, 'returned_at': 89291.071497548}}, 'array_hash': {'spec': {'target': {'module': 'vipe_benchmark.s1_progress', 'operation': 'checked_file_record'}, 'successor': {'module': 'vipe_benchmark.s1_progress', 'operation': 'read_bytes'}}, 'target': [{'role': 'target', 'operation': 'checked_file_record', 'entered': 89291.354615295, 'stage': '', 'completed': True, 'exited': 89291.354615295}], 'successor': [{'role': 'successor', 'operation': 'read_bytes', 'entered': 89291.354615295, 'stage': '', 'completed': True, 'exited': 89291.354615295}], 'predecessor': {'operation': 'array_normal_close_return_before_hash', 'entered_before': 85721.44821041, 'returned_at': 89291.354615295}}, 'produced_json': {'spec': {'target': {'module': 'vipe_benchmark.s1_progress', 'operation': 'encode'}, 'successor': {'module': 'vipe_benchmark.s1_progress', 'operation': 'write_exclusive'}}, 'target': [{'role': 'target', 'operation': 'encode', 'entered': 89291.636437012, 'stage': '', 'completed': True, 'exited': 89291.636437012}, {'role': 'target', 'operation': 'encode', 'entered': 89291.636437012, 'stage': '', 'completed': True, 'exited': 89291.636437012}, {'role': 'target', 'operation': 'encode', 'entered': 89291.636437012, 'stage': '', 'completed': True, 'exited': 89291.636437012}, {'role': 'target', 'operation': 'encode', 'entered': 89291.636437012, 'stage': '', 'completed': True, 'exited': 89291.636437012}], 'successor': [{'role': 'successor', 'operation': 'write_exclusive', 'entered': 89291.636437012, 'stage': '', 'completed': True, 'exited': 89291.636437012}], 'predecessor': {'operation': 'input_manifest_read_and_parse_return', 'entered_before': 85721.728231701, 'returned_at': 89291.636437012}}, 'produced_read': {'spec': {'target': {'module': 'vipe_benchmark.s1_progress', 'operation': 'read_record'}, 'successor': {'module': 'vipe_benchmark.s1_evidence', 'operation': 'produced_row'}}, 'target': [{'role': 'target', 'operation': 'read_record', 'entered': 89292.03004561299, 'stage': '', 'completed': True, 'exited': 89292.03004561299}], 'successor': [{'role': 'successor', 'operation': 'produced_row', 'entered': 89292.03004561299, 'stage': '', 'completed': True, 'exited': 89292.03004561299}], 'predecessor': {'operation': 'produced_row_durable_write_return', 'entered_before': 85722.122448669, 'returned_at': 89292.03004561299}}, 'produced_guard': {'spec': {'target': {'module': 'vipe_benchmark.s1_evidence', 'operation': 'produced_row'}, 'successor': {'module': 'Publisher', 'operation': 'seal'}}, 'target': [{'role': 'target', 'operation': 'produced_row', 'entered': 89292.429246377, 'stage': '', 'completed': True, 'exited': 89292.429246377}], 'successor': [{'role': 'successor', 'operation': 'seal', 'entered': 89292.429246377, 'stage': '', 'completed': True, 'exited': 89292.429246377}, {'role': 'successor', 'operation': 'seal', 'entered': 89292.429246377, 'stage': '', 'completed': True, 'exited': 89292.429246377}], 'predecessor': {'operation': 'produced_row_read_hash_parse_return', 'entered_before': 85722.520515784, 'returned_at': 89292.429246377}}, 'qualified_guard': {'spec': {'target': {'module': 'vipe_benchmark.s1_evidence', 'operation': 'qualify_row'}, 'successor': {'module': 'vipe_benchmark.s1_progress', 'operation': 'write_exclusive'}}, 'target': [{'role': 'target', 'operation': 'qualify_row', 'entered': 89292.82985551699, 'stage': '', 'completed': True, 'exited': 89292.82985551699}], 'successor': [{'role': 'successor', 'operation': 'write_exclusive', 'entered': 89292.82985551699, 'stage': '', 'completed': True, 'exited': 89292.82985551699}], 'predecessor': {'operation': 'produced_guard_seal_ack_return', 'entered_before': 85722.952269048, 'returned_at': 89292.82985551699}}, 'cleanup_next_array': {'spec': {'target': {'module': 'numpy', 'operation': 'asanyarray'}, 'successor': {'module': 'ZipFile', 'operation': 'open'}}, 'target': [{'role': 'target', 'operation': 'asanyarray', 'entered': 89294.55753352, 'stage': '', 'completed': True, 'exited': 89294.55753352}], 'successor': [{'role': 'successor', 'operation': 'open', 'entered': 89294.55753352, 'stage': '', 'completed': True, 'exited': 89294.55753352}], 'predecessor': {'operation': 'npz_member_1_close_return', 'entered_before': 85724.651883676, 'returned_at': 89294.55753352}}}

======================================================================
FAIL: test_progress_plan047_deadline_steps (test_vipe_benchmark_supervisor.HelperSessionTests.test_progress_plan047_deadline_steps) (operation='next_input', when='after')
----------------------------------------------------------------------
Traceback (most recent call last):
  File "/home/auss/git_repos/samaust/Experiments_4DGS/tests/test_vipe_benchmark_supervisor.py", line 3706, in test_progress_plan047_deadline_steps
    self.assertIn(name,before_controls)
    ~~~~~~~~~~~~~^^^^^^^^^^^^^^^^^^^^^^
AssertionError: 'next_input' not found in {'checkpoint_write': {'spec': {'target': {'operation': 'write', 'stage': 'write', 'phase': 'checkpoint'}, 'successor': {'operation': 'flush', 'stage': 'flush', 'phase': 'checkpoint'}}, 'target': [{'role': 'target', 'operation': 'write', 'stage': 'write', 'entered': 89283.858130341, 'completed': True, 'exited': 89283.858130341}], 'successor': [{'role': 'successor', 'operation': 'flush', 'stage': 'flush', 'entered': 89283.858130341, 'completed': True, 'exited': 89283.858130341}], 'predecessor': {'operation': 'checkpoint/fdopen', 'entered_before': 85713.951569804, 'returned_at': 89283.858130341}}, 'checkpoint_flush': {'spec': {'target': {'operation': 'flush', 'stage': 'flush', 'phase': 'checkpoint'}, 'successor': {'operation': 'fsync', 'stage': 'file_fsync', 'phase': 'checkpoint'}}, 'target': [{'role': 'target', 'operation': 'flush', 'stage': 'flush', 'entered': 89284.158339353, 'completed': True, 'exited': 89284.158339353}], 'successor': [{'role': 'successor', 'operation': 'fsync', 'stage': 'file_fsync', 'entered': 89284.158339353, 'completed': True, 'exited': 89284.158339353}], 'predecessor': {'operation': 'write/write', 'entered_before': 85714.250234867, 'returned_at': 89284.158339353}}, 'checkpoint_fsync': {'spec': {'target': {'operation': 'fsync', 'stage': 'file_fsync', 'phase': 'checkpoint'}, 'successor': {'operation': 'close', 'stage': 'close', 'phase': 'checkpoint'}}, 'target': [{'role': 'target', 'operation': 'fsync', 'stage': 'file_fsync', 'entered': 89284.450318611, 'completed': True, 'exited': 89284.450318611}], 'successor': [{'role': 'successor', 'operation': 'close', 'stage': 'close', 'entered': 89284.450318611, 'completed': True, 'exited': 89284.450318611}], 'predecessor': {'operation': 'flush/flush', 'entered_before': 85714.541803871, 'returned_at': 89284.450318611}}, 'checkpoint_close': {'spec': {'target': {'operation': 'close', 'stage': 'close', 'phase': 'checkpoint'}, 'successor': {'operation': 'read_bytes', 'stage': 'close_readback', 'phase': 'checkpoint'}}, 'target': [{'role': 'target', 'operation': 'close', 'stage': 'close', 'entered': 89284.74263084799, 'completed': True, 'exited': 89284.74263084799}], 'successor': [{'role': 'successor', 'operation': 'read_bytes', 'stage': 'close_readback', 'entered': 89284.74263084799, 'completed': True, 'exited': 89284.74263084799}], 'predecessor': {'operation': 'file_fsync/fsync', 'entered_before': 85714.835511779, 'returned_at': 89284.74263084799}}, 'checkpoint_readback': {'spec': {'target': {'operation': 'read_bytes', 'stage': 'close_readback', 'phase': 'checkpoint'}, 'successor': {'operation': 'record', 'stage': 'close_readback', 'phase': 'checkpoint'}}, 'target': [{'role': 'target', 'operation': 'read_bytes', 'stage': 'close_readback', 'entered': 89285.039075886, 'completed': True, 'exited': 89285.039075886}], 'successor': [{'role': 'successor', 'operation': 'record', 'stage': 'close_readback', 'entered': 89285.039075886, 'completed': True, 'exited': 89285.039075886}], 'predecessor': {'operation': 'close/close', 'entered_before': 85715.130888248, 'returned_at': 89285.039075886}}, 'head_write': {'spec': {'target': {'operation': 'write', 'stage': 'write', 'phase': 'head'}, 'successor': {'operation': 'flush', 'stage': 'flush', 'phase': 'head'}}, 'target': [{'role': 'target', 'operation': 'write', 'stage': 'write', 'entered': 89285.33266695999, 'completed': True, 'exited': 89285.33266695999}], 'successor': [{'role': 'successor', 'operation': 'flush', 'stage': 'flush', 'entered': 89285.33266695999, 'completed': True, 'exited': 89285.33266695999}], 'predecessor': {'operation': 'head/fdopen', 'entered_before': 85715.424654288, 'returned_at': 89285.33266695999}}, 'head_flush': {'spec': {'target': {'operation': 'flush', 'stage': 'flush', 'phase': 'head'}, 'successor': {'operation': 'fsync', 'stage': 'file_fsync', 'phase': 'head'}}, 'target': [{'role': 'target', 'operation': 'flush', 'stage': 'flush', 'entered': 89285.631904104, 'completed': True, 'exited': 89285.631904104}], 'successor': [{'role': 'successor', 'operation': 'fsync', 'stage': 'file_fsync', 'entered': 89285.631904104, 'completed': True, 'exited': 89285.631904104}], 'predecessor': {'operation': 'write/write', 'entered_before': 85715.724356331, 'returned_at': 89285.631904104}}, 'head_fsync': {'spec': {'target': {'operation': 'fsync', 'stage': 'file_fsync', 'phase': 'head'}, 'successor': {'operation': 'close', 'stage': 'close', 'phase': 'head'}}, 'target': [{'role': 'target', 'operation': 'fsync', 'stage': 'file_fsync', 'entered': 89285.934812917, 'completed': True, 'exited': 89285.934812917}], 'successor': [{'role': 'successor', 'operation': 'close', 'stage': 'close', 'entered': 89285.934812917, 'completed': True, 'exited': 89285.934812917}], 'predecessor': {'operation': 'flush/flush', 'entered_before': 85716.02584844, 'returned_at': 89285.934812917}}, 'head_close': {'spec': {'target': {'operation': 'close', 'stage': 'close', 'phase': 'head'}, 'successor': {'operation': 'read_bytes', 'stage': 'close_readback', 'phase': 'head'}}, 'target': [{'role': 'target', 'operation': 'close', 'stage': 'close', 'entered': 89286.23209641699, 'completed': True, 'exited': 89286.23209641699}], 'successor': [{'role': 'successor', 'operation': 'read_bytes', 'stage': 'close_readback', 'entered': 89286.23209641699, 'completed': True, 'exited': 89286.23209641699}], 'predecessor': {'operation': 'file_fsync/fsync', 'entered_before': 85716.325791657, 'returned_at': 89286.23209641699}}, 'head_readback': {'spec': {'target': {'operation': 'read_bytes', 'stage': 'close_readback', 'phase': 'head'}, 'successor': {'operation': 'record', 'stage': 'close_readback', 'phase': 'head'}}, 'target': [{'role': 'target', 'operation': 'read_bytes', 'stage': 'close_readback', 'entered': 89286.533620573, 'completed': True, 'exited': 89286.533620573}], 'successor': [{'role': 'successor', 'operation': 'record', 'stage': 'close_readback', 'entered': 89286.533620573, 'completed': True, 'exited': 89286.533620573}], 'predecessor': {'operation': 'close/close', 'entered_before': 85716.625035369, 'returned_at': 89286.533620573}}, 'generation_install': {'spec': {'target': {'module': 'os', 'operation': 'link'}, 'successor': {'module': 'os', 'operation': 'unlink'}}, 'target': [{'role': 'target', 'operation': 'link', 'entered': 89286.83144605899, 'stage': 'generation_install', 'completed': True, 'exited': 89286.83144605899}], 'successor': [{'role': 'successor', 'operation': 'unlink', 'entered': 89286.83144605899, 'stage': 'generation_install', 'completed': True, 'exited': 89286.83144605899}], 'predecessor': {'operation': '/tmp/tmp4dm97jsp/30/jobs/S1-progress-1971bc2c963b4ad987d33ef96a3cb2f9/worker/checkpoint.tmp/durable_write_return', 'entered_before': 85716.923744272, 'returned_at': 89286.83144605899}}, 'generation_dir_fsync': {'spec': {'target': {'module': 'vipe_benchmark.s1_progress', 'operation': 'fsync_dir'}, 'successor': {'module': 'vipe_benchmark.s1_progress', 'operation': 'record'}}, 'target': [{'role': 'target', 'operation': 'fsync_dir', 'entered': 89287.14115710299, 'stage': 'generation_directory_fsync', 'completed': True, 'exited': 89287.14115710299}], 'successor': [{'role': 'successor', 'operation': 'record', 'entered': 89287.14115710299, 'stage': 'generation_directory_fsync', 'completed': True, 'exited': 89287.14115710299}], 'predecessor': {'operation': 'generation_install/unlink', 'entered_before': 85717.23343816, 'returned_at': 89287.14115710299}}, 'generation_reopen_hash': {'spec': {'target': {'module': 'vipe_benchmark.s1_progress', 'operation': 'read_record'}, 'successor': {'module': 'vipe_benchmark.s1_progress', 'operation': 'encode'}}, 'target': [{'role': 'target', 'operation': 'read_record', 'entered': 89287.437770754, 'stage': 'generation_reopen_hash', 'completed': True, 'exited': 89287.437770754}], 'successor': [{'role': 'successor', 'operation': 'encode', 'entered': 89287.437770754, 'stage': 'generation_reopen_hash', 'completed': True, 'exited': 89287.437770754}], 'predecessor': {'operation': 'generation_directory_fsync/record', 'entered_before': 85717.530746537, 'returned_at': 89287.437770754}}, 'head_install': {'spec': {'target': {'module': 'os', 'operation': 'replace'}, 'successor': {'module': 'vipe_benchmark.s1_progress', 'operation': 'fsync_dir'}}, 'target': [{'role': 'target', 'operation': 'replace', 'entered': 89287.737007812, 'stage': 'head_install', 'completed': True, 'exited': 89287.737007812}], 'successor': [{'role': 'successor', 'operation': 'fsync_dir', 'entered': 89287.737007812, 'stage': 'head_directory_fsync', 'completed': True, 'exited': 89287.737007812}], 'predecessor': {'operation': '/tmp/tmp4dm97jsp/39/jobs/S1-progress-82b2daafd49f41bd8eda148eaa14a59c/worker/head.tmp/durable_write_return', 'entered_before': 85717.829320866, 'returned_at': 89287.737007812}}, 'head_dir_fsync': {'spec': {'target': {'module': 'vipe_benchmark.s1_progress', 'operation': 'fsync_dir'}, 'successor': {'module': 'vipe_benchmark.s1_progress', 'operation': 'record'}}, 'target': [{'role': 'target', 'operation': 'fsync_dir', 'entered': 89288.039440268, 'stage': 'head_directory_fsync', 'completed': True, 'exited': 89288.039440268}], 'successor': [{'role': 'successor', 'operation': 'record', 'entered': 89288.039440268, 'stage': 'head_directory_fsync', 'completed': True, 'exited': 89288.039440268}], 'predecessor': {'operation': 'head_install/replace', 'entered_before': 85718.130634522, 'returned_at': 89288.039440268}}, 'final_head_read': {'spec': {'target': {'module': 'vipe_benchmark.s1_progress', 'operation': 'read_record'}, 'successor': {'module': 'vipe_benchmark.s1_progress', 'operation': 'read_record'}}, 'target': [{'role': 'target', 'operation': 'read_record', 'entered': 89288.33997317699, 'stage': 'final_head_read', 'completed': True, 'exited': 89288.33997317699}], 'successor': [{'role': 'successor', 'operation': 'read_record', 'entered': 89288.33997317699, 'stage': 'final_generation_read', 'completed': True, 'exited': 89288.33997317699}], 'predecessor': {'operation': 'head_directory_fsync/record', 'entered_before': 85718.433826928, 'returned_at': 89288.33997317699}}, 'final_generation_read': {'spec': {'target': {'module': 'vipe_benchmark.s1_progress', 'operation': 'read_record'}, 'successor': {'module': 'vipe_benchmark.s1_progress', 'operation': 'encode'}}, 'target': [{'role': 'target', 'operation': 'read_record', 'entered': 89288.64308871899, 'stage': 'final_generation_read', 'completed': True, 'exited': 89288.64308871899}], 'successor': [{'role': 'successor', 'operation': 'encode', 'entered': 89288.64308871899, 'stage': 'final_generation_read', 'completed': True, 'exited': 89288.64308871899}], 'predecessor': {'operation': 'final_head_read/read_record', 'entered_before': 85718.73474791, 'returned_at': 89288.64308871899}}, 'array_npy': {'spec': {'target': {'module': 'numpy', 'operation': 'save'}, 'successor': {'module': 'DeadlineSink', 'operation': 'write'}}, 'target': [{'role': 'target', 'operation': 'save', 'entered': 89290.22022173999, 'stage': '', 'completed': True, 'exited': 89290.22022173999}], 'successor': [{'role': 'successor', 'operation': 'write', 'entered': 89290.22022173999, 'stage': '', 'completed': True, 'exited': 89290.22022173999}, {'role': 'successor', 'operation': 'write', 'entered': 89290.22022173999, 'stage': '', 'completed': True, 'exited': 89290.22022173999}], 'predecessor': {'operation': 'array_unbuffered_open_return', 'entered_before': 85720.312826859, 'returned_at': 89290.22022173999}}, 'array_png': {'spec': {'target': {'module': 'cv2', 'operation': 'imencode'}, 'successor': {'module': 'vipe_benchmark.s1_progress', 'operation': 'write_exclusive'}}, 'target': [{'role': 'target', 'operation': 'imencode', 'entered': 89290.50165369999, 'stage': '', 'completed': True, 'exited': 89290.50165369999}], 'successor': [{'role': 'successor', 'operation': 'write_exclusive', 'entered': 89290.50165369999, 'stage': '', 'completed': True, 'exited': 89290.50165369999}], 'predecessor': {'operation': 'png_destination_stat_return', 'entered_before': 85720.596163473, 'returned_at': 89290.50165369999}}, 'npz_member': {'spec': {'target': {'module': 'ZipFile', 'operation': 'open'}, 'successor': {'module': 'numpy.lib.format', 'operation': 'write_array'}}, 'target': [{'role': 'target', 'operation': 'open', 'entered': 89290.784111694, 'stage': '', 'completed': True, 'exited': 89290.784111694}], 'successor': [{'role': 'successor', 'operation': 'write_array', 'entered': 89290.784111694, 'stage': '', 'completed': True, 'exited': 89290.784111694}], 'predecessor': {'operation': 'second_npz_array_conversion_return_before_member_open', 'entered_before': 85720.876237976, 'returned_at': 89290.784111694}}, 'npz_finalize': {'spec': {'target': {'module': 'ZipFile', 'operation': 'close'}, 'successor': {'module': 'DeadlineSink', 'operation': 'write'}}, 'target': [{'role': 'target', 'operation': 'close', 'entered': 89291.071497548, 'stage': '', 'completed': True, 'exited': 89291.071497548}], 'successor': [{'role': 'successor', 'operation': 'write', 'entered': 89291.071497548, 'stage': '', 'completed': True, 'exited': 89291.071497548}, {'role': 'successor', 'operation': 'write', 'entered': 89291.071497548, 'stage': '', 'completed': True, 'exited': 89291.071497548}, {'role': 'successor', 'operation': 'write', 'entered': 89291.071497548, 'stage': '', 'completed': True, 'exited': 89291.071497548}, {'role': 'successor', 'operation': 'write', 'entered': 89291.071497548, 'stage': '', 'completed': True, 'exited': 89291.071497548}, {'role': 'successor', 'operation': 'write', 'entered': 89291.071497548, 'stage': '', 'completed': True, 'exited': 89291.071497548}, {'role': 'successor', 'operation': 'write', 'entered': 89291.071497548, 'stage': '', 'completed': True, 'exited': 89291.071497548}, {'role': 'successor', 'operation': 'write', 'entered': 89291.071497548, 'stage': '', 'completed': True, 'exited': 89291.071497548}, {'role': 'successor', 'operation': 'write', 'entered': 89291.071497548, 'stage': '', 'completed': True, 'exited': 89291.071497548}, {'role': 'successor', 'operation': 'write', 'entered': 89291.071497548, 'stage': '', 'completed': True, 'exited': 89291.071497548}, {'role': 'successor', 'operation': 'write', 'entered': 89291.071497548, 'stage': '', 'completed': True, 'exited': 89291.071497548}], 'predecessor': {'operation': 'npz_member_2_close_return', 'entered_before': 85721.163958034, 'returned_at': 89291.071497548}}, 'array_hash': {'spec': {'target': {'module': 'vipe_benchmark.s1_progress', 'operation': 'checked_file_record'}, 'successor': {'module': 'vipe_benchmark.s1_progress', 'operation': 'read_bytes'}}, 'target': [{'role': 'target', 'operation': 'checked_file_record', 'entered': 89291.354615295, 'stage': '', 'completed': True, 'exited': 89291.354615295}], 'successor': [{'role': 'successor', 'operation': 'read_bytes', 'entered': 89291.354615295, 'stage': '', 'completed': True, 'exited': 89291.354615295}], 'predecessor': {'operation': 'array_normal_close_return_before_hash', 'entered_before': 85721.44821041, 'returned_at': 89291.354615295}}, 'produced_json': {'spec': {'target': {'module': 'vipe_benchmark.s1_progress', 'operation': 'encode'}, 'successor': {'module': 'vipe_benchmark.s1_progress', 'operation': 'write_exclusive'}}, 'target': [{'role': 'target', 'operation': 'encode', 'entered': 89291.636437012, 'stage': '', 'completed': True, 'exited': 89291.636437012}, {'role': 'target', 'operation': 'encode', 'entered': 89291.636437012, 'stage': '', 'completed': True, 'exited': 89291.636437012}, {'role': 'target', 'operation': 'encode', 'entered': 89291.636437012, 'stage': '', 'completed': True, 'exited': 89291.636437012}, {'role': 'target', 'operation': 'encode', 'entered': 89291.636437012, 'stage': '', 'completed': True, 'exited': 89291.636437012}], 'successor': [{'role': 'successor', 'operation': 'write_exclusive', 'entered': 89291.636437012, 'stage': '', 'completed': True, 'exited': 89291.636437012}], 'predecessor': {'operation': 'input_manifest_read_and_parse_return', 'entered_before': 85721.728231701, 'returned_at': 89291.636437012}}, 'produced_read': {'spec': {'target': {'module': 'vipe_benchmark.s1_progress', 'operation': 'read_record'}, 'successor': {'module': 'vipe_benchmark.s1_evidence', 'operation': 'produced_row'}}, 'target': [{'role': 'target', 'operation': 'read_record', 'entered': 89292.03004561299, 'stage': '', 'completed': True, 'exited': 89292.03004561299}], 'successor': [{'role': 'successor', 'operation': 'produced_row', 'entered': 89292.03004561299, 'stage': '', 'completed': True, 'exited': 89292.03004561299}], 'predecessor': {'operation': 'produced_row_durable_write_return', 'entered_before': 85722.122448669, 'returned_at': 89292.03004561299}}, 'produced_guard': {'spec': {'target': {'module': 'vipe_benchmark.s1_evidence', 'operation': 'produced_row'}, 'successor': {'module': 'Publisher', 'operation': 'seal'}}, 'target': [{'role': 'target', 'operation': 'produced_row', 'entered': 89292.429246377, 'stage': '', 'completed': True, 'exited': 89292.429246377}], 'successor': [{'role': 'successor', 'operation': 'seal', 'entered': 89292.429246377, 'stage': '', 'completed': True, 'exited': 89292.429246377}, {'role': 'successor', 'operation': 'seal', 'entered': 89292.429246377, 'stage': '', 'completed': True, 'exited': 89292.429246377}], 'predecessor': {'operation': 'produced_row_read_hash_parse_return', 'entered_before': 85722.520515784, 'returned_at': 89292.429246377}}, 'qualified_guard': {'spec': {'target': {'module': 'vipe_benchmark.s1_evidence', 'operation': 'qualify_row'}, 'successor': {'module': 'vipe_benchmark.s1_progress', 'operation': 'write_exclusive'}}, 'target': [{'role': 'target', 'operation': 'qualify_row', 'entered': 89292.82985551699, 'stage': '', 'completed': True, 'exited': 89292.82985551699}], 'successor': [{'role': 'successor', 'operation': 'write_exclusive', 'entered': 89292.82985551699, 'stage': '', 'completed': True, 'exited': 89292.82985551699}], 'predecessor': {'operation': 'produced_guard_seal_ack_return', 'entered_before': 85722.952269048, 'returned_at': 89292.82985551699}}, 'cleanup_next_array': {'spec': {'target': {'module': 'numpy', 'operation': 'asanyarray'}, 'successor': {'module': 'ZipFile', 'operation': 'open'}}, 'target': [{'role': 'target', 'operation': 'asanyarray', 'entered': 89294.55753352, 'stage': '', 'completed': True, 'exited': 89294.55753352}], 'successor': [{'role': 'successor', 'operation': 'open', 'entered': 89294.55753352, 'stage': '', 'completed': True, 'exited': 89294.55753352}], 'predecessor': {'operation': 'npz_member_1_close_return', 'entered_before': 85724.651883676, 'returned_at': 89294.55753352}}}

----------------------------------------------------------------------
Ran 73 tests in 119.765s

FAILED (failures=19, errors=17)
