test_bounded_traces_counters_and_authority (test_vipe_benchmark_supervisor.HelperSessionTests.test_bounded_traces_counters_and_authority) ... ok
test_census_immutable_identity_mutations (test_vipe_benchmark_supervisor.HelperSessionTests.test_census_immutable_identity_mutations) ... ok
test_combined_duplex_and_same_turn_bounds (test_vipe_benchmark_supervisor.HelperSessionTests.test_combined_duplex_and_same_turn_bounds) ... ok
test_control_primitive_and_frame_mutations (test_vipe_benchmark_supervisor.HelperSessionTests.test_control_primitive_and_frame_mutations) ... ok
test_envelope_correlation_mutations (test_vipe_benchmark_supervisor.HelperSessionTests.test_envelope_correlation_mutations) ... ok
test_exact_frame_bounds_and_trailing_data (test_vipe_benchmark_supervisor.HelperSessionTests.test_exact_frame_bounds_and_trailing_data) ... ok
test_l01_ready_reuse (test_vipe_benchmark_supervisor.HelperSessionTests.test_l01_ready_reuse) ... ok
test_l02_ready_and_sample_before_reserve (test_vipe_benchmark_supervisor.HelperSessionTests.test_l02_ready_and_sample_before_reserve) ... ok
test_l03_owner_bootstrap_block (test_vipe_benchmark_supervisor.HelperSessionTests.test_l03_owner_bootstrap_block) ... ok
test_l04_child_before_ready_block (test_vipe_benchmark_supervisor.HelperSessionTests.test_l04_child_before_ready_block) ... ok
test_l05_error_after_spawn (test_vipe_benchmark_supervisor.HelperSessionTests.test_l05_error_after_spawn) ... ok
test_l06_late_ready (test_vipe_benchmark_supervisor.HelperSessionTests.test_l06_late_ready) ... ok
test_l07_cancel_during_spawn (test_vipe_benchmark_supervisor.HelperSessionTests.test_l07_cancel_during_spawn) ... ok
test_l08_late_owner_retained (test_vipe_benchmark_supervisor.HelperSessionTests.test_l08_late_owner_retained) ... ok
test_l09_partial_header (test_vipe_benchmark_supervisor.HelperSessionTests.test_l09_partial_header) ... ok
test_l10_stalled_body (test_vipe_benchmark_supervisor.HelperSessionTests.test_l10_stalled_body) ... ok
test_l11_eof_midframe (test_vipe_benchmark_supervisor.HelperSessionTests.test_l11_eof_midframe) ... ok
test_l12_stalled_request_reader (test_vipe_benchmark_supervisor.HelperSessionTests.test_l12_stalled_request_reader) ... ok
test_l13_oversized_frame (test_vipe_benchmark_supervisor.HelperSessionTests.test_l13_oversized_frame) ... ok
test_l14_wrong_correlation (test_vipe_benchmark_supervisor.HelperSessionTests.test_l14_wrong_correlation) ... ok
test_l15_sample_deadline (test_vipe_benchmark_supervisor.HelperSessionTests.test_l15_sample_deadline) ... ok
test_l16_phase_deadline (test_vipe_benchmark_supervisor.HelperSessionTests.test_l16_phase_deadline) ... ok
test_l17_post_task_acquisition (test_vipe_benchmark_supervisor.HelperSessionTests.test_l17_post_task_acquisition) ... ok
test_l18_descendant_and_foreign_sentinel (test_vipe_benchmark_supervisor.HelperSessionTests.test_l18_descendant_and_foreign_sentinel) ... ok
test_l19_term_resistance (test_vipe_benchmark_supervisor.HelperSessionTests.test_l19_term_resistance) ... ok
test_l20_exit_during_transport (test_vipe_benchmark_supervisor.HelperSessionTests.test_l20_exit_during_transport) ... ok
test_l21_enumeration_failure (test_vipe_benchmark_supervisor.HelperSessionTests.test_l21_enumeration_failure) ... ok
test_l22_signal_failure (test_vipe_benchmark_supervisor.HelperSessionTests.test_l22_signal_failure) ... ok
test_l23_reap_failure (test_vipe_benchmark_supervisor.HelperSessionTests.test_l23_reap_failure) ... ok
test_l24_summary_reference_adapter (test_vipe_benchmark_supervisor.HelperSessionTests.test_l24_summary_reference_adapter) ... ok
test_l25_delayed_actual_reserve (test_vipe_benchmark_supervisor.HelperSessionTests.test_l25_delayed_actual_reserve) ... ok
test_l26_equal_actual_reserve (test_vipe_benchmark_supervisor.HelperSessionTests.test_l26_equal_actual_reserve) ... ok
test_l27_encoder_early_response (test_vipe_benchmark_supervisor.HelperSessionTests.test_l27_encoder_early_response) ... ok
test_l28_partial_early_response (test_vipe_benchmark_supervisor.HelperSessionTests.test_l28_partial_early_response) ... ok
test_l29_readable_sample_equality (test_vipe_benchmark_supervisor.HelperSessionTests.test_l29_readable_sample_equality) ... ok
test_l30_readable_phase_equality (test_vipe_benchmark_supervisor.HelperSessionTests.test_l30_readable_phase_equality) ... ok
test_l31_live_worker_bracket_and_foreign (test_vipe_benchmark_supervisor.HelperSessionTests.test_l31_live_worker_bracket_and_foreign) ... ok
test_l32_unreaped_worker_pin (test_vipe_benchmark_supervisor.HelperSessionTests.test_l32_unreaped_worker_pin) ... ok
test_l33_blocked_census_refuses_stale (test_vipe_benchmark_supervisor.HelperSessionTests.test_l33_blocked_census_refuses_stale) ... ok
test_l34_enumeration_error_empty_sample (test_vipe_benchmark_supervisor.HelperSessionTests.test_l34_enumeration_error_empty_sample) ... ok
test_l35_exited_leader_live_descendant (test_vipe_benchmark_supervisor.HelperSessionTests.test_l35_exited_leader_live_descendant) ... ok
test_l36_ambiguous_native_start_retained (test_vipe_benchmark_supervisor.HelperSessionTests.test_l36_ambiguous_native_start_retained) ... ok
test_partial_constructor_boundaries (test_vipe_benchmark_supervisor.HelperSessionTests.test_partial_constructor_boundaries) ... ok
test_progress_closed_inventory_and_faults (test_vipe_benchmark_supervisor.HelperSessionTests.test_progress_closed_inventory_and_faults) ... ok
test_progress_metadata_mutations (test_vipe_benchmark_supervisor.HelperSessionTests.test_progress_metadata_mutations) ... ok
test_progress_p01_worker_deadline (test_vipe_benchmark_supervisor.HelperSessionTests.test_progress_p01_worker_deadline) ... ok
test_progress_p02_reconcile_interruption (test_vipe_benchmark_supervisor.HelperSessionTests.test_progress_p02_reconcile_interruption) ... ok
test_progress_p03_helper_death (test_vipe_benchmark_supervisor.HelperSessionTests.test_progress_p03_helper_death) ... ok
test_progress_p04_failed_final_sample (test_vipe_benchmark_supervisor.HelperSessionTests.test_progress_p04_failed_final_sample) ... ok
test_progress_p05_interrupted_publisher (test_vipe_benchmark_supervisor.HelperSessionTests.test_progress_p05_interrupted_publisher) ... ok
test_progress_p06_blocked_owner (test_vipe_benchmark_supervisor.HelperSessionTests.test_progress_p06_blocked_owner) ... ok
test_progress_plan046_inventory (test_vipe_benchmark_supervisor.HelperSessionTests.test_progress_plan046_inventory) ... ok
test_progress_plan046_launch_deadline (test_vipe_benchmark_supervisor.HelperSessionTests.test_progress_plan046_launch_deadline) ... ok
test_progress_plan046_ownership (test_vipe_benchmark_supervisor.HelperSessionTests.test_progress_plan046_ownership) ... ok
test_progress_plan046_protocol (test_vipe_benchmark_supervisor.HelperSessionTests.test_progress_plan046_protocol) ... ok
test_progress_plan046_publication_faults (test_vipe_benchmark_supervisor.HelperSessionTests.test_progress_plan046_publication_faults) ... ok
test_progress_plan046_summary (test_vipe_benchmark_supervisor.HelperSessionTests.test_progress_plan046_summary) ... ok
test_progress_plan046_worker_authority (test_vipe_benchmark_supervisor.HelperSessionTests.test_progress_plan046_worker_authority) ... ok
test_progress_plan047_alias_inventory (test_vipe_benchmark_supervisor.HelperSessionTests.test_progress_plan047_alias_inventory) ... ok
test_progress_plan047_cancellation (test_vipe_benchmark_supervisor.HelperSessionTests.test_progress_plan047_cancellation) ... 
  test_progress_plan047_cancellation (test_vipe_benchmark_supervisor.HelperSessionTests.test_progress_plan047_cancellation) (stage='dequeue', when='before') ... ERROR
  test_progress_plan047_cancellation (test_vipe_benchmark_supervisor.HelperSessionTests.test_progress_plan047_cancellation) (stage='dequeue', when='after') ... ERROR
  test_progress_plan047_cancellation (test_vipe_benchmark_supervisor.HelperSessionTests.test_progress_plan047_cancellation) (stage='credentials', when='before') ... ERROR
  test_progress_plan047_cancellation (test_vipe_benchmark_supervisor.HelperSessionTests.test_progress_plan047_cancellation) (stage='credentials', when='after') ... ERROR
  test_progress_plan047_cancellation (test_vipe_benchmark_supervisor.HelperSessionTests.test_progress_plan047_cancellation) (stage='context_read', when='before') ... ERROR
  test_progress_plan047_cancellation (test_vipe_benchmark_supervisor.HelperSessionTests.test_progress_plan047_cancellation) (stage='context_read', when='after') ... ERROR
  test_progress_plan047_cancellation (test_vipe_benchmark_supervisor.HelperSessionTests.test_progress_plan047_cancellation) (stage='old_checkpoint_read', when='before') ... ERROR
  test_progress_plan047_cancellation (test_vipe_benchmark_supervisor.HelperSessionTests.test_progress_plan047_cancellation) (stage='old_checkpoint_read', when='after') ... ERROR
  test_progress_plan047_cancellation (test_vipe_benchmark_supervisor.HelperSessionTests.test_progress_plan047_cancellation) (stage='head_read', when='before') ... ERROR
  test_progress_plan047_cancellation (test_vipe_benchmark_supervisor.HelperSessionTests.test_progress_plan047_cancellation) (stage='head_read', when='after') ... ERROR
  test_progress_plan047_cancellation (test_vipe_benchmark_supervisor.HelperSessionTests.test_progress_plan047_cancellation) (stage='new_checkpoint_read', when='before') ... ERROR
  test_progress_plan047_cancellation (test_vipe_benchmark_supervisor.HelperSessionTests.test_progress_plan047_cancellation) (stage='new_checkpoint_read', when='after') ... ERROR
  test_progress_plan047_cancellation (test_vipe_benchmark_supervisor.HelperSessionTests.test_progress_plan047_cancellation) (stage='worker_authority_read', when='before') ... ERROR
  test_progress_plan047_cancellation (test_vipe_benchmark_supervisor.HelperSessionTests.test_progress_plan047_cancellation) (stage='worker_authority_read', when='after') ... ERROR
  test_progress_plan047_cancellation (test_vipe_benchmark_supervisor.HelperSessionTests.test_progress_plan047_cancellation) (stage='retention', when='before') ... ERROR
  test_progress_plan047_cancellation (test_vipe_benchmark_supervisor.HelperSessionTests.test_progress_plan047_cancellation) (stage='retention', when='after') ... ERROR
  test_progress_plan047_cancellation (test_vipe_benchmark_supervisor.HelperSessionTests.test_progress_plan047_cancellation) (stage='ack_send', when='before') ... ERROR
  test_progress_plan047_cancellation (test_vipe_benchmark_supervisor.HelperSessionTests.test_progress_plan047_cancellation) (stage='ack_send', when='after') ... ERROR
  test_progress_plan047_cancellation (test_vipe_benchmark_supervisor.HelperSessionTests.test_progress_plan047_cancellation) (stage='ack_receipt', when='before') ... ERROR
  test_progress_plan047_cancellation (test_vipe_benchmark_supervisor.HelperSessionTests.test_progress_plan047_cancellation) (stage='ack_receipt', when='after') ... ERROR
test_progress_plan047_complete_final_sample (test_vipe_benchmark_supervisor.HelperSessionTests.test_progress_plan047_complete_final_sample) ... ok
test_progress_plan047_deadline_steps (test_vipe_benchmark_supervisor.HelperSessionTests.test_progress_plan047_deadline_steps) ... 
  test_progress_plan047_deadline_steps (test_vipe_benchmark_supervisor.HelperSessionTests.test_progress_plan047_deadline_steps) (operation='checkpoint_write', when='before') ... ERROR
  test_progress_plan047_deadline_steps (test_vipe_benchmark_supervisor.HelperSessionTests.test_progress_plan047_deadline_steps) (operation='checkpoint_write', when='equal') ... ERROR
  test_progress_plan047_deadline_steps (test_vipe_benchmark_supervisor.HelperSessionTests.test_progress_plan047_deadline_steps) (operation='checkpoint_write', when='after') ... ERROR
  test_progress_plan047_deadline_steps (test_vipe_benchmark_supervisor.HelperSessionTests.test_progress_plan047_deadline_steps) (operation='checkpoint_flush', when='before') ... ERROR
  test_progress_plan047_deadline_steps (test_vipe_benchmark_supervisor.HelperSessionTests.test_progress_plan047_deadline_steps) (operation='checkpoint_flush', when='equal') ... ERROR
  test_progress_plan047_deadline_steps (test_vipe_benchmark_supervisor.HelperSessionTests.test_progress_plan047_deadline_steps) (operation='checkpoint_flush', when='after') ... ERROR
  test_progress_plan047_deadline_steps (test_vipe_benchmark_supervisor.HelperSessionTests.test_progress_plan047_deadline_steps) (operation='checkpoint_fsync', when='before') ... ERROR
  test_progress_plan047_deadline_steps (test_vipe_benchmark_supervisor.HelperSessionTests.test_progress_plan047_deadline_steps) (operation='checkpoint_fsync', when='equal') ... ERROR
  test_progress_plan047_deadline_steps (test_vipe_benchmark_supervisor.HelperSessionTests.test_progress_plan047_deadline_steps) (operation='checkpoint_fsync', when='after') ... ERROR
  test_progress_plan047_deadline_steps (test_vipe_benchmark_supervisor.HelperSessionTests.test_progress_plan047_deadline_steps) (operation='checkpoint_close', when='before') ... ERROR
  test_progress_plan047_deadline_steps (test_vipe_benchmark_supervisor.HelperSessionTests.test_progress_plan047_deadline_steps) (operation='checkpoint_close', when='equal') ... ERROR
  test_progress_plan047_deadline_steps (test_vipe_benchmark_supervisor.HelperSessionTests.test_progress_plan047_deadline_steps) (operation='checkpoint_close', when='after') ... ERROR
  test_progress_plan047_deadline_steps (test_vipe_benchmark_supervisor.HelperSessionTests.test_progress_plan047_deadline_steps) (operation='checkpoint_readback', when='before') ... ERROR
  test_progress_plan047_deadline_steps (test_vipe_benchmark_supervisor.HelperSessionTests.test_progress_plan047_deadline_steps) (operation='checkpoint_readback', when='equal') ... ERROR
  test_progress_plan047_deadline_steps (test_vipe_benchmark_supervisor.HelperSessionTests.test_progress_plan047_deadline_steps) (operation='checkpoint_readback', when='after') ... ERROR
  test_progress_plan047_deadline_steps (test_vipe_benchmark_supervisor.HelperSessionTests.test_progress_plan047_deadline_steps) (operation='head_write', when='before') ... ERROR
  test_progress_plan047_deadline_steps (test_vipe_benchmark_supervisor.HelperSessionTests.test_progress_plan047_deadline_steps) (operation='head_write', when='equal') ... ERROR
  test_progress_plan047_deadline_steps (test_vipe_benchmark_supervisor.HelperSessionTests.test_progress_plan047_deadline_steps) (operation='head_write', when='after') ... ERROR
  test_progress_plan047_deadline_steps (test_vipe_benchmark_supervisor.HelperSessionTests.test_progress_plan047_deadline_steps) (operation='head_flush', when='before') ... ERROR
  test_progress_plan047_deadline_steps (test_vipe_benchmark_supervisor.HelperSessionTests.test_progress_plan047_deadline_steps) (operation='head_flush', when='equal') ... ERROR
  test_progress_plan047_deadline_steps (test_vipe_benchmark_supervisor.HelperSessionTests.test_progress_plan047_deadline_steps) (operation='head_flush', when='after') ... ERROR
  test_progress_plan047_deadline_steps (test_vipe_benchmark_supervisor.HelperSessionTests.test_progress_plan047_deadline_steps) (operation='head_fsync', when='before') ... ERROR
  test_progress_plan047_deadline_steps (test_vipe_benchmark_supervisor.HelperSessionTests.test_progress_plan047_deadline_steps) (operation='head_fsync', when='equal') ... ERROR
  test_progress_plan047_deadline_steps (test_vipe_benchmark_supervisor.HelperSessionTests.test_progress_plan047_deadline_steps) (operation='head_fsync', when='after') ... ERROR
  test_progress_plan047_deadline_steps (test_vipe_benchmark_supervisor.HelperSessionTests.test_progress_plan047_deadline_steps) (operation='head_close', when='before') ... ERROR
  test_progress_plan047_deadline_steps (test_vipe_benchmark_supervisor.HelperSessionTests.test_progress_plan047_deadline_steps) (operation='head_close', when='equal') ... ERROR
  test_progress_plan047_deadline_steps (test_vipe_benchmark_supervisor.HelperSessionTests.test_progress_plan047_deadline_steps) (operation='head_close', when='after') ... ERROR
  test_progress_plan047_deadline_steps (test_vipe_benchmark_supervisor.HelperSessionTests.test_progress_plan047_deadline_steps) (operation='head_readback', when='before') ... ERROR
  test_progress_plan047_deadline_steps (test_vipe_benchmark_supervisor.HelperSessionTests.test_progress_plan047_deadline_steps) (operation='head_readback', when='equal') ... ERROR
  test_progress_plan047_deadline_steps (test_vipe_benchmark_supervisor.HelperSessionTests.test_progress_plan047_deadline_steps) (operation='head_readback', when='after') ... ERROR
  test_progress_plan047_deadline_steps (test_vipe_benchmark_supervisor.HelperSessionTests.test_progress_plan047_deadline_steps) (operation='generation_install', when='before') ... ERROR
  test_progress_plan047_deadline_steps (test_vipe_benchmark_supervisor.HelperSessionTests.test_progress_plan047_deadline_steps) (operation='generation_install', when='equal') ... ERROR
  test_progress_plan047_deadline_steps (test_vipe_benchmark_supervisor.HelperSessionTests.test_progress_plan047_deadline_steps) (operation='generation_install', when='after') ... ERROR
  test_progress_plan047_deadline_steps (test_vipe_benchmark_supervisor.HelperSessionTests.test_progress_plan047_deadline_steps) (operation='generation_dir_fsync', when='before') ... ERROR
  test_progress_plan047_deadline_steps (test_vipe_benchmark_supervisor.HelperSessionTests.test_progress_plan047_deadline_steps) (operation='generation_dir_fsync', when='equal') ... ERROR
  test_progress_plan047_deadline_steps (test_vipe_benchmark_supervisor.HelperSessionTests.test_progress_plan047_deadline_steps) (operation='generation_dir_fsync', when='after') ... ERROR
  test_progress_plan047_deadline_steps (test_vipe_benchmark_supervisor.HelperSessionTests.test_progress_plan047_deadline_steps) (operation='generation_reopen_hash', when='before') ... ERROR
  test_progress_plan047_deadline_steps (test_vipe_benchmark_supervisor.HelperSessionTests.test_progress_plan047_deadline_steps) (operation='generation_reopen_hash', when='equal') ... ERROR
  test_progress_plan047_deadline_steps (test_vipe_benchmark_supervisor.HelperSessionTests.test_progress_plan047_deadline_steps) (operation='generation_reopen_hash', when='after') ... ERROR
  test_progress_plan047_deadline_steps (test_vipe_benchmark_supervisor.HelperSessionTests.test_progress_plan047_deadline_steps) (operation='head_install', when='before') ... ERROR
  test_progress_plan047_deadline_steps (test_vipe_benchmark_supervisor.HelperSessionTests.test_progress_plan047_deadline_steps) (operation='head_install', when='equal') ... ERROR
  test_progress_plan047_deadline_steps (test_vipe_benchmark_supervisor.HelperSessionTests.test_progress_plan047_deadline_steps) (operation='head_install', when='after') ... ERROR
  test_progress_plan047_deadline_steps (test_vipe_benchmark_supervisor.HelperSessionTests.test_progress_plan047_deadline_steps) (operation='head_dir_fsync', when='before') ... ERROR
  test_progress_plan047_deadline_steps (test_vipe_benchmark_supervisor.HelperSessionTests.test_progress_plan047_deadline_steps) (operation='head_dir_fsync', when='equal') ... ERROR
  test_progress_plan047_deadline_steps (test_vipe_benchmark_supervisor.HelperSessionTests.test_progress_plan047_deadline_steps) (operation='head_dir_fsync', when='after') ... ERROR
  test_progress_plan047_deadline_steps (test_vipe_benchmark_supervisor.HelperSessionTests.test_progress_plan047_deadline_steps) (operation='final_head_read', when='before') ... ERROR
  test_progress_plan047_deadline_steps (test_vipe_benchmark_supervisor.HelperSessionTests.test_progress_plan047_deadline_steps) (operation='final_head_read', when='equal') ... ERROR
  test_progress_plan047_deadline_steps (test_vipe_benchmark_supervisor.HelperSessionTests.test_progress_plan047_deadline_steps) (operation='final_head_read', when='after') ... ERROR
  test_progress_plan047_deadline_steps (test_vipe_benchmark_supervisor.HelperSessionTests.test_progress_plan047_deadline_steps) (operation='final_generation_read', when='before') ... ERROR
  test_progress_plan047_deadline_steps (test_vipe_benchmark_supervisor.HelperSessionTests.test_progress_plan047_deadline_steps) (operation='final_generation_read', when='equal') ... ERROR
  test_progress_plan047_deadline_steps (test_vipe_benchmark_supervisor.HelperSessionTests.test_progress_plan047_deadline_steps) (operation='final_generation_read', when='after') ... ERROR
  test_progress_plan047_deadline_steps (test_vipe_benchmark_supervisor.HelperSessionTests.test_progress_plan047_deadline_steps) (operation='notice_send', when='before') ... ERROR
  test_progress_plan047_deadline_steps (test_vipe_benchmark_supervisor.HelperSessionTests.test_progress_plan047_deadline_steps) (operation='notice_send', when='equal') ... ERROR
  test_progress_plan047_deadline_steps (test_vipe_benchmark_supervisor.HelperSessionTests.test_progress_plan047_deadline_steps) (operation='notice_send', when='after') ... ERROR
  test_progress_plan047_deadline_steps (test_vipe_benchmark_supervisor.HelperSessionTests.test_progress_plan047_deadline_steps) (operation='owner_retention', when='before') ... ERROR
  test_progress_plan047_deadline_steps (test_vipe_benchmark_supervisor.HelperSessionTests.test_progress_plan047_deadline_steps) (operation='owner_retention', when='equal') ... ERROR
  test_progress_plan047_deadline_steps (test_vipe_benchmark_supervisor.HelperSessionTests.test_progress_plan047_deadline_steps) (operation='owner_retention', when='after') ... ERROR
  test_progress_plan047_deadline_steps (test_vipe_benchmark_supervisor.HelperSessionTests.test_progress_plan047_deadline_steps) (operation='ack_send', when='before') ... ERROR
  test_progress_plan047_deadline_steps (test_vipe_benchmark_supervisor.HelperSessionTests.test_progress_plan047_deadline_steps) (operation='ack_send', when='equal') ... ERROR
  test_progress_plan047_deadline_steps (test_vipe_benchmark_supervisor.HelperSessionTests.test_progress_plan047_deadline_steps) (operation='ack_send', when='after') ... ERROR
  test_progress_plan047_deadline_steps (test_vipe_benchmark_supervisor.HelperSessionTests.test_progress_plan047_deadline_steps) (operation='ack_receipt', when='before') ... ERROR
  test_progress_plan047_deadline_steps (test_vipe_benchmark_supervisor.HelperSessionTests.test_progress_plan047_deadline_steps) (operation='ack_receipt', when='equal') ... ERROR
  test_progress_plan047_deadline_steps (test_vipe_benchmark_supervisor.HelperSessionTests.test_progress_plan047_deadline_steps) (operation='ack_receipt', when='after') ... ERROR
  test_progress_plan047_deadline_steps (test_vipe_benchmark_supervisor.HelperSessionTests.test_progress_plan047_deadline_steps) (operation='array_npy', when='before') ... ERROR
  test_progress_plan047_deadline_steps (test_vipe_benchmark_supervisor.HelperSessionTests.test_progress_plan047_deadline_steps) (operation='array_npy', when='equal') ... ERROR
  test_progress_plan047_deadline_steps (test_vipe_benchmark_supervisor.HelperSessionTests.test_progress_plan047_deadline_steps) (operation='array_npy', when='after') ... ERROR
  test_progress_plan047_deadline_steps (test_vipe_benchmark_supervisor.HelperSessionTests.test_progress_plan047_deadline_steps) (operation='array_png', when='before') ... ERROR
  test_progress_plan047_deadline_steps (test_vipe_benchmark_supervisor.HelperSessionTests.test_progress_plan047_deadline_steps) (operation='array_png', when='equal') ... ERROR
  test_progress_plan047_deadline_steps (test_vipe_benchmark_supervisor.HelperSessionTests.test_progress_plan047_deadline_steps) (operation='array_png', when='after') ... ERROR
  test_progress_plan047_deadline_steps (test_vipe_benchmark_supervisor.HelperSessionTests.test_progress_plan047_deadline_steps) (operation='npz_member', when='before') ... ERROR
  test_progress_plan047_deadline_steps (test_vipe_benchmark_supervisor.HelperSessionTests.test_progress_plan047_deadline_steps) (operation='npz_member', when='equal') ... ERROR
  test_progress_plan047_deadline_steps (test_vipe_benchmark_supervisor.HelperSessionTests.test_progress_plan047_deadline_steps) (operation='npz_member', when='after') ... ERROR
  test_progress_plan047_deadline_steps (test_vipe_benchmark_supervisor.HelperSessionTests.test_progress_plan047_deadline_steps) (operation='npz_finalize', when='before') ... ERROR
  test_progress_plan047_deadline_steps (test_vipe_benchmark_supervisor.HelperSessionTests.test_progress_plan047_deadline_steps) (operation='npz_finalize', when='equal') ... ERROR
  test_progress_plan047_deadline_steps (test_vipe_benchmark_supervisor.HelperSessionTests.test_progress_plan047_deadline_steps) (operation='npz_finalize', when='after') ... ERROR
  test_progress_plan047_deadline_steps (test_vipe_benchmark_supervisor.HelperSessionTests.test_progress_plan047_deadline_steps) (operation='array_hash', when='before') ... ERROR
  test_progress_plan047_deadline_steps (test_vipe_benchmark_supervisor.HelperSessionTests.test_progress_plan047_deadline_steps) (operation='array_hash', when='equal') ... ERROR
  test_progress_plan047_deadline_steps (test_vipe_benchmark_supervisor.HelperSessionTests.test_progress_plan047_deadline_steps) (operation='array_hash', when='after') ... ERROR
  test_progress_plan047_deadline_steps (test_vipe_benchmark_supervisor.HelperSessionTests.test_progress_plan047_deadline_steps) (operation='produced_json', when='before') ... ERROR
  test_progress_plan047_deadline_steps (test_vipe_benchmark_supervisor.HelperSessionTests.test_progress_plan047_deadline_steps) (operation='produced_json', when='equal') ... ERROR
  test_progress_plan047_deadline_steps (test_vipe_benchmark_supervisor.HelperSessionTests.test_progress_plan047_deadline_steps) (operation='produced_json', when='after') ... ERROR
  test_progress_plan047_deadline_steps (test_vipe_benchmark_supervisor.HelperSessionTests.test_progress_plan047_deadline_steps) (operation='produced_read', when='before') ... ERROR
  test_progress_plan047_deadline_steps (test_vipe_benchmark_supervisor.HelperSessionTests.test_progress_plan047_deadline_steps) (operation='produced_read', when='equal') ... ERROR
  test_progress_plan047_deadline_steps (test_vipe_benchmark_supervisor.HelperSessionTests.test_progress_plan047_deadline_steps) (operation='produced_read', when='after') ... ERROR
  test_progress_plan047_deadline_steps (test_vipe_benchmark_supervisor.HelperSessionTests.test_progress_plan047_deadline_steps) (operation='produced_guard', when='before') ... ERROR
  test_progress_plan047_deadline_steps (test_vipe_benchmark_supervisor.HelperSessionTests.test_progress_plan047_deadline_steps) (operation='produced_guard', when='equal') ... ERROR
  test_progress_plan047_deadline_steps (test_vipe_benchmark_supervisor.HelperSessionTests.test_progress_plan047_deadline_steps) (operation='produced_guard', when='after') ... ERROR
  test_progress_plan047_deadline_steps (test_vipe_benchmark_supervisor.HelperSessionTests.test_progress_plan047_deadline_steps) (operation='qualified_guard', when='before') ... ERROR
  test_progress_plan047_deadline_steps (test_vipe_benchmark_supervisor.HelperSessionTests.test_progress_plan047_deadline_steps) (operation='qualified_guard', when='equal') ... ERROR
  test_progress_plan047_deadline_steps (test_vipe_benchmark_supervisor.HelperSessionTests.test_progress_plan047_deadline_steps) (operation='qualified_guard', when='after') ... ERROR
  test_progress_plan047_deadline_steps (test_vipe_benchmark_supervisor.HelperSessionTests.test_progress_plan047_deadline_steps) (operation='first_guard', when='before') ... ERROR
  test_progress_plan047_deadline_steps (test_vipe_benchmark_supervisor.HelperSessionTests.test_progress_plan047_deadline_steps) (operation='first_guard', when='equal') ... ERROR
  test_progress_plan047_deadline_steps (test_vipe_benchmark_supervisor.HelperSessionTests.test_progress_plan047_deadline_steps) (operation='first_guard', when='after') ... ERROR
  test_progress_plan047_deadline_steps (test_vipe_benchmark_supervisor.HelperSessionTests.test_progress_plan047_deadline_steps) (operation='runtime_guard', when='before') ... ERROR
  test_progress_plan047_deadline_steps (test_vipe_benchmark_supervisor.HelperSessionTests.test_progress_plan047_deadline_steps) (operation='runtime_guard', when='equal') ... ERROR
  test_progress_plan047_deadline_steps (test_vipe_benchmark_supervisor.HelperSessionTests.test_progress_plan047_deadline_steps) (operation='runtime_guard', when='after') ... ERROR
  test_progress_plan047_deadline_steps (test_vipe_benchmark_supervisor.HelperSessionTests.test_progress_plan047_deadline_steps) (operation='reuse_after_read', when='before') ... ERROR
  test_progress_plan047_deadline_steps (test_vipe_benchmark_supervisor.HelperSessionTests.test_progress_plan047_deadline_steps) (operation='reuse_after_read', when='equal') ... ERROR
  test_progress_plan047_deadline_steps (test_vipe_benchmark_supervisor.HelperSessionTests.test_progress_plan047_deadline_steps) (operation='reuse_after_read', when='after') ... ERROR
  test_progress_plan047_deadline_steps (test_vipe_benchmark_supervisor.HelperSessionTests.test_progress_plan047_deadline_steps) (operation='cleanup_next_array', when='before') ... ERROR
  test_progress_plan047_deadline_steps (test_vipe_benchmark_supervisor.HelperSessionTests.test_progress_plan047_deadline_steps) (operation='cleanup_next_array', when='equal') ... ERROR
  test_progress_plan047_deadline_steps (test_vipe_benchmark_supervisor.HelperSessionTests.test_progress_plan047_deadline_steps) (operation='cleanup_next_array', when='after') ... ERROR
  test_progress_plan047_deadline_steps (test_vipe_benchmark_supervisor.HelperSessionTests.test_progress_plan047_deadline_steps) (operation='accept_after_read', when='before') ... ERROR
  test_progress_plan047_deadline_steps (test_vipe_benchmark_supervisor.HelperSessionTests.test_progress_plan047_deadline_steps) (operation='accept_after_read', when='equal') ... ERROR
  test_progress_plan047_deadline_steps (test_vipe_benchmark_supervisor.HelperSessionTests.test_progress_plan047_deadline_steps) (operation='accept_after_read', when='after') ... ERROR
  test_progress_plan047_deadline_steps (test_vipe_benchmark_supervisor.HelperSessionTests.test_progress_plan047_deadline_steps) (operation='complete_after_read', when='before') ... ERROR
  test_progress_plan047_deadline_steps (test_vipe_benchmark_supervisor.HelperSessionTests.test_progress_plan047_deadline_steps) (operation='complete_after_read', when='equal') ... ERROR
  test_progress_plan047_deadline_steps (test_vipe_benchmark_supervisor.HelperSessionTests.test_progress_plan047_deadline_steps) (operation='complete_after_read', when='after') ... ERROR
  test_progress_plan047_deadline_steps (test_vipe_benchmark_supervisor.HelperSessionTests.test_progress_plan047_deadline_steps) (operation='next_input', when='before') ... ERROR
  test_progress_plan047_deadline_steps (test_vipe_benchmark_supervisor.HelperSessionTests.test_progress_plan047_deadline_steps) (operation='next_input', when='equal') ... ERROR
  test_progress_plan047_deadline_steps (test_vipe_benchmark_supervisor.HelperSessionTests.test_progress_plan047_deadline_steps) (operation='next_input', when='after') ... ERROR
  test_progress_plan047_deadline_steps (test_vipe_benchmark_supervisor.HelperSessionTests.test_progress_plan047_deadline_steps) (operation='worker_popen', when='before') ... ERROR
  test_progress_plan047_deadline_steps (test_vipe_benchmark_supervisor.HelperSessionTests.test_progress_plan047_deadline_steps) (operation='worker_popen', when='equal') ... ERROR
  test_progress_plan047_deadline_steps (test_vipe_benchmark_supervisor.HelperSessionTests.test_progress_plan047_deadline_steps) (operation='worker_popen', when='after') ... ERROR
test_progress_plan047_limits (test_vipe_benchmark_supervisor.HelperSessionTests.test_progress_plan047_limits) ... ERROR
test_progress_plan047_nested (test_vipe_benchmark_supervisor.HelperSessionTests.test_progress_plan047_nested) ... ERROR
test_progress_plan047_ownership (test_vipe_benchmark_supervisor.HelperSessionTests.test_progress_plan047_ownership) ... ok
test_progress_plan047_publication_faults (test_vipe_benchmark_supervisor.HelperSessionTests.test_progress_plan047_publication_faults) ... 
  test_progress_plan047_publication_faults (test_vipe_benchmark_supervisor.HelperSessionTests.test_progress_plan047_publication_faults) (kind='checkpoint_open') ... ERROR
  test_progress_plan047_publication_faults (test_vipe_benchmark_supervisor.HelperSessionTests.test_progress_plan047_publication_faults) (kind='checkpoint_write_short') ... ERROR
  test_progress_plan047_publication_faults (test_vipe_benchmark_supervisor.HelperSessionTests.test_progress_plan047_publication_faults) (kind='checkpoint_flush') ... ERROR
  test_progress_plan047_publication_faults (test_vipe_benchmark_supervisor.HelperSessionTests.test_progress_plan047_publication_faults) (kind='checkpoint_fsync') ... ERROR
  test_progress_plan047_publication_faults (test_vipe_benchmark_supervisor.HelperSessionTests.test_progress_plan047_publication_faults) (kind='checkpoint_close') ... ERROR
  test_progress_plan047_publication_faults (test_vipe_benchmark_supervisor.HelperSessionTests.test_progress_plan047_publication_faults) (kind='checkpoint_readback') ... ERROR
  test_progress_plan047_publication_faults (test_vipe_benchmark_supervisor.HelperSessionTests.test_progress_plan047_publication_faults) (kind='head_open') ... ERROR
  test_progress_plan047_publication_faults (test_vipe_benchmark_supervisor.HelperSessionTests.test_progress_plan047_publication_faults) (kind='head_write_short') ... ERROR
  test_progress_plan047_publication_faults (test_vipe_benchmark_supervisor.HelperSessionTests.test_progress_plan047_publication_faults) (kind='head_flush') ... ERROR
  test_progress_plan047_publication_faults (test_vipe_benchmark_supervisor.HelperSessionTests.test_progress_plan047_publication_faults) (kind='head_fsync') ... ERROR
  test_progress_plan047_publication_faults (test_vipe_benchmark_supervisor.HelperSessionTests.test_progress_plan047_publication_faults) (kind='head_close') ... ERROR
  test_progress_plan047_publication_faults (test_vipe_benchmark_supervisor.HelperSessionTests.test_progress_plan047_publication_faults) (kind='head_readback') ... ERROR
  test_progress_plan047_publication_faults (test_vipe_benchmark_supervisor.HelperSessionTests.test_progress_plan047_publication_faults) (kind='generation_collision_exact') ... ERROR
  test_progress_plan047_publication_faults (test_vipe_benchmark_supervisor.HelperSessionTests.test_progress_plan047_publication_faults) (kind='generation_collision_changed') ... ERROR
  test_progress_plan047_publication_faults (test_vipe_benchmark_supervisor.HelperSessionTests.test_progress_plan047_publication_faults) (kind='generation_dir_fsync') ... ERROR
  test_progress_plan047_publication_faults (test_vipe_benchmark_supervisor.HelperSessionTests.test_progress_plan047_publication_faults) (kind='head_dir_fsync') ... ERROR
  test_progress_plan047_publication_faults (test_vipe_benchmark_supervisor.HelperSessionTests.test_progress_plan047_publication_faults) (kind='final_generation_readback') ... ERROR
  test_progress_plan047_publication_faults (test_vipe_benchmark_supervisor.HelperSessionTests.test_progress_plan047_publication_faults) (kind='final_head_readback') ... ERROR
  test_progress_plan047_publication_faults (test_vipe_benchmark_supervisor.HelperSessionTests.test_progress_plan047_publication_faults) (kind='ack_send_short') ... ERROR
  test_progress_plan047_publication_faults (test_vipe_benchmark_supervisor.HelperSessionTests.test_progress_plan047_publication_faults) (kind='ack_send_late') ... ERROR
  test_progress_plan047_publication_faults (test_vipe_benchmark_supervisor.HelperSessionTests.test_progress_plan047_publication_faults) (kind='ack_receive_late') ... ERROR
  test_progress_plan047_publication_faults (test_vipe_benchmark_supervisor.HelperSessionTests.test_progress_plan047_publication_faults) (kind='owner_retention_error') ... ERROR
test_progress_plan047_recovery (test_vipe_benchmark_supervisor.HelperSessionTests.test_progress_plan047_recovery) ... 
  test_progress_plan047_recovery (test_vipe_benchmark_supervisor.HelperSessionTests.test_progress_plan047_recovery) (kind='accepted_exact') ... ERROR
  test_progress_plan047_recovery (test_vipe_benchmark_supervisor.HelperSessionTests.test_progress_plan047_recovery) (kind='optional_valid_successor') ... ERROR
  test_progress_plan047_recovery (test_vipe_benchmark_supervisor.HelperSessionTests.test_progress_plan047_recovery) (kind='optional_successor_body_missing') ... ERROR
  test_progress_plan047_recovery (test_vipe_benchmark_supervisor.HelperSessionTests.test_progress_plan047_recovery) (kind='optional_successor_body_truncated') ... ERROR
  test_progress_plan047_recovery (test_vipe_benchmark_supervisor.HelperSessionTests.test_progress_plan047_recovery) (kind='optional_successor_head_truncated') ... ERROR
  test_progress_plan047_recovery (test_vipe_benchmark_supervisor.HelperSessionTests.test_progress_plan047_recovery) (kind='head_missing_no_intent') ... ERROR
  test_progress_plan047_recovery (test_vipe_benchmark_supervisor.HelperSessionTests.test_progress_plan047_recovery) (kind='head_truncated_no_intent') ... ERROR
  test_progress_plan047_recovery (test_vipe_benchmark_supervisor.HelperSessionTests.test_progress_plan047_recovery) (kind='accepted_body_missing') ... ERROR
  test_progress_plan047_recovery (test_vipe_benchmark_supervisor.HelperSessionTests.test_progress_plan047_recovery) (kind='accepted_body_changed') ... ERROR
  test_progress_plan047_recovery (test_vipe_benchmark_supervisor.HelperSessionTests.test_progress_plan047_recovery) (kind='accepted_head_changed') ... ERROR
  test_progress_plan047_recovery (test_vipe_benchmark_supervisor.HelperSessionTests.test_progress_plan047_recovery) (kind='head_regressed') ... ERROR
  test_progress_plan047_recovery (test_vipe_benchmark_supervisor.HelperSessionTests.test_progress_plan047_recovery) (kind='context_changed') ... ERROR
  test_progress_plan047_recovery (test_vipe_benchmark_supervisor.HelperSessionTests.test_progress_plan047_recovery) (kind='foreign_provenance') ... ERROR
  test_progress_plan047_recovery (test_vipe_benchmark_supervisor.HelperSessionTests.test_progress_plan047_recovery) (kind='unacknowledged_only') ... ERROR
  test_progress_plan047_recovery (test_vipe_benchmark_supervisor.HelperSessionTests.test_progress_plan047_recovery) (kind='history_tripwire') ... ERROR
  test_progress_plan047_recovery (test_vipe_benchmark_supervisor.HelperSessionTests.test_progress_plan047_recovery) (kind='current_previous_retention') ... ERROR
  test_progress_plan047_recovery (test_vipe_benchmark_supervisor.HelperSessionTests.test_progress_plan047_recovery) (kind='late_recovery') ... ERROR
test_progress_plan047_result_summary (test_vipe_benchmark_supervisor.HelperSessionTests.test_progress_plan047_result_summary) ... ERROR
test_progress_plan047_state_authority (test_vipe_benchmark_supervisor.HelperSessionTests.test_progress_plan047_state_authority) ... 
  test_progress_plan047_state_authority (test_vipe_benchmark_supervisor.HelperSessionTests.test_progress_plan047_state_authority) (kind='produced_then_semantic_failure') ... ERROR
  test_progress_plan047_state_authority (test_vipe_benchmark_supervisor.HelperSessionTests.test_progress_plan047_state_authority) (kind='first_identity_semantics') ... ERROR
  test_progress_plan047_state_authority (test_vipe_benchmark_supervisor.HelperSessionTests.test_progress_plan047_state_authority) (kind='worker_reuse_exact') ... ERROR
  test_progress_plan047_state_authority (test_vipe_benchmark_supervisor.HelperSessionTests.test_progress_plan047_state_authority) (kind='worker_stale_interleave') ... ERROR
  test_progress_plan047_state_authority (test_vipe_benchmark_supervisor.HelperSessionTests.test_progress_plan047_state_authority) (kind='worker_future_reference') ... ERROR
  test_progress_plan047_state_authority (test_vipe_benchmark_supervisor.HelperSessionTests.test_progress_plan047_state_authority) (kind='worker_self_reference') ... ERROR
  test_progress_plan047_state_authority (test_vipe_benchmark_supervisor.HelperSessionTests.test_progress_plan047_state_authority) (kind='worker_qualified_overclaim') ... ERROR
  test_progress_plan047_state_authority (test_vipe_benchmark_supervisor.HelperSessionTests.test_progress_plan047_state_authority) (kind='worker_sources_changed') ... ERROR
  test_progress_plan047_state_authority (test_vipe_benchmark_supervisor.HelperSessionTests.test_progress_plan047_state_authority) (kind='worker_row_version_changed') ... ERROR
  test_progress_plan047_state_authority (test_vipe_benchmark_supervisor.HelperSessionTests.test_progress_plan047_state_authority) (kind='worker_detached_identity') ... ERROR
  test_progress_plan047_state_authority (test_vipe_benchmark_supervisor.HelperSessionTests.test_progress_plan047_state_authority) (kind='trusted_conflict') ... ERROR
  test_progress_plan047_state_authority (test_vipe_benchmark_supervisor.HelperSessionTests.test_progress_plan047_state_authority) (kind='discovered_conflict') ... ERROR
  test_progress_plan047_state_authority (test_vipe_benchmark_supervisor.HelperSessionTests.test_progress_plan047_state_authority) (kind='fallback_no_unique_version') ... ERROR
  test_progress_plan047_state_authority (test_vipe_benchmark_supervisor.HelperSessionTests.test_progress_plan047_state_authority) (kind='fallback_invalidated') ... ERROR
  test_progress_plan047_state_authority (test_vipe_benchmark_supervisor.HelperSessionTests.test_progress_plan047_state_authority) (kind='conflict_to_closed') ... ERROR
  test_progress_plan047_state_authority (test_vipe_benchmark_supervisor.HelperSessionTests.test_progress_plan047_state_authority) (kind='overflow_to_closed') ... ERROR
  test_progress_plan047_state_authority (test_vipe_benchmark_supervisor.HelperSessionTests.test_progress_plan047_state_authority) (kind='overflow_to_incomplete') ... ERROR
  test_progress_plan047_state_authority (test_vipe_benchmark_supervisor.HelperSessionTests.test_progress_plan047_state_authority) (kind='conflict_plus_overflow') ... ERROR
  test_progress_plan047_state_authority (test_vipe_benchmark_supervisor.HelperSessionTests.test_progress_plan047_state_authority) (kind='errors_saturation') ... ERROR
  test_progress_plan047_state_authority (test_vipe_benchmark_supervisor.HelperSessionTests.test_progress_plan047_state_authority) (kind='diagnostics_drop_regression') ... ERROR
  test_progress_plan047_state_authority (test_vipe_benchmark_supervisor.HelperSessionTests.test_progress_plan047_state_authority) (kind='diagnostics_primary_replaced') ... ERROR
  test_progress_plan047_state_authority (test_vipe_benchmark_supervisor.HelperSessionTests.test_progress_plan047_state_authority) (kind='checkpoint_v1_rejected') ... ERROR
  test_progress_plan047_state_authority (test_vipe_benchmark_supervisor.HelperSessionTests.test_progress_plan047_state_authority) (kind='qualification_regression') ... ERROR
  test_progress_plan047_state_authority (test_vipe_benchmark_supervisor.HelperSessionTests.test_progress_plan047_state_authority) (kind='first_runtime_regression') ... ERROR
  test_progress_plan047_state_authority (test_vipe_benchmark_supervisor.HelperSessionTests.test_progress_plan047_state_authority) (kind='acceptance_regression') ... ERROR
  test_progress_plan047_state_authority (test_vipe_benchmark_supervisor.HelperSessionTests.test_progress_plan047_state_authority) (kind='duplicate_exact') ... ERROR
  test_progress_plan047_state_authority (test_vipe_benchmark_supervisor.HelperSessionTests.test_progress_plan047_state_authority) (kind='duplicate_conflict') ... ERROR
  test_progress_plan047_state_authority (test_vipe_benchmark_supervisor.HelperSessionTests.test_progress_plan047_state_authority) (kind='sequence_replay') ... ERROR
  test_progress_plan047_state_authority (test_vipe_benchmark_supervisor.HelperSessionTests.test_progress_plan047_state_authority) (kind='sequence_jump') ... ERROR
  test_progress_plan047_state_authority (test_vipe_benchmark_supervisor.HelperSessionTests.test_progress_plan047_state_authority) (kind='request_changed_late') ... ERROR
test_progress_strict_primitives (test_vipe_benchmark_supervisor.HelperSessionTests.test_progress_strict_primitives) ... ok
test_resource_field_mutations (test_vipe_benchmark_supervisor.HelperSessionTests.test_resource_field_mutations) ... ok
test_sample_typed_timing_mutations (test_vipe_benchmark_supervisor.HelperSessionTests.test_sample_typed_timing_mutations) ... ok

======================================================================
ERROR: test_progress_plan047_cancellation (test_vipe_benchmark_supervisor.HelperSessionTests.test_progress_plan047_cancellation) (stage='dequeue', when='before')
----------------------------------------------------------------------
Traceback (most recent call last):
  File "/home/auss/git_repos/samaust/Experiments_4DGS/tests/test_vipe_benchmark_supervisor.py", line 2429, in test_progress_plan047_cancellation
    with self.subTest(**case),plan047_state(fixture,Path(temp)/str(index)) as state:
                              ~~~~~~~~~~~~~^^^^^^^^^^^^^^^^^^^^^^^^^^^^^^^
  File "/usr/lib/python3.14/contextlib.py", line 141, in __enter__
    return next(self.gen)
  File "/home/auss/git_repos/samaust/Experiments_4DGS/tests/test_vipe_benchmark_s1_helper_fixtures.py", line 290, in state
    root=Path(root);root.mkdir(parents=True);(root/'jobs').mkdir()
              ^^^^
UnboundLocalError: cannot access local variable 'root' where it is not associated with a value

======================================================================
ERROR: test_progress_plan047_cancellation (test_vipe_benchmark_supervisor.HelperSessionTests.test_progress_plan047_cancellation) (stage='dequeue', when='after')
----------------------------------------------------------------------
Traceback (most recent call last):
  File "/home/auss/git_repos/samaust/Experiments_4DGS/tests/test_vipe_benchmark_supervisor.py", line 2429, in test_progress_plan047_cancellation
    with self.subTest(**case),plan047_state(fixture,Path(temp)/str(index)) as state:
                              ~~~~~~~~~~~~~^^^^^^^^^^^^^^^^^^^^^^^^^^^^^^^
  File "/usr/lib/python3.14/contextlib.py", line 141, in __enter__
    return next(self.gen)
  File "/home/auss/git_repos/samaust/Experiments_4DGS/tests/test_vipe_benchmark_s1_helper_fixtures.py", line 290, in state
    root=Path(root);root.mkdir(parents=True);(root/'jobs').mkdir()
              ^^^^
UnboundLocalError: cannot access local variable 'root' where it is not associated with a value

======================================================================
ERROR: test_progress_plan047_cancellation (test_vipe_benchmark_supervisor.HelperSessionTests.test_progress_plan047_cancellation) (stage='credentials', when='before')
----------------------------------------------------------------------
Traceback (most recent call last):
  File "/home/auss/git_repos/samaust/Experiments_4DGS/tests/test_vipe_benchmark_supervisor.py", line 2429, in test_progress_plan047_cancellation
    with self.subTest(**case),plan047_state(fixture,Path(temp)/str(index)) as state:
                              ~~~~~~~~~~~~~^^^^^^^^^^^^^^^^^^^^^^^^^^^^^^^
  File "/usr/lib/python3.14/contextlib.py", line 141, in __enter__
    return next(self.gen)
  File "/home/auss/git_repos/samaust/Experiments_4DGS/tests/test_vipe_benchmark_s1_helper_fixtures.py", line 290, in state
    root=Path(root);root.mkdir(parents=True);(root/'jobs').mkdir()
              ^^^^
UnboundLocalError: cannot access local variable 'root' where it is not associated with a value

======================================================================
ERROR: test_progress_plan047_cancellation (test_vipe_benchmark_supervisor.HelperSessionTests.test_progress_plan047_cancellation) (stage='credentials', when='after')
----------------------------------------------------------------------
Traceback (most recent call last):
  File "/home/auss/git_repos/samaust/Experiments_4DGS/tests/test_vipe_benchmark_supervisor.py", line 2429, in test_progress_plan047_cancellation
    with self.subTest(**case),plan047_state(fixture,Path(temp)/str(index)) as state:
                              ~~~~~~~~~~~~~^^^^^^^^^^^^^^^^^^^^^^^^^^^^^^^
  File "/usr/lib/python3.14/contextlib.py", line 141, in __enter__
    return next(self.gen)
  File "/home/auss/git_repos/samaust/Experiments_4DGS/tests/test_vipe_benchmark_s1_helper_fixtures.py", line 290, in state
    root=Path(root);root.mkdir(parents=True);(root/'jobs').mkdir()
              ^^^^
UnboundLocalError: cannot access local variable 'root' where it is not associated with a value

======================================================================
ERROR: test_progress_plan047_cancellation (test_vipe_benchmark_supervisor.HelperSessionTests.test_progress_plan047_cancellation) (stage='context_read', when='before')
----------------------------------------------------------------------
Traceback (most recent call last):
  File "/home/auss/git_repos/samaust/Experiments_4DGS/tests/test_vipe_benchmark_supervisor.py", line 2429, in test_progress_plan047_cancellation
    with self.subTest(**case),plan047_state(fixture,Path(temp)/str(index)) as state:
                              ~~~~~~~~~~~~~^^^^^^^^^^^^^^^^^^^^^^^^^^^^^^^
  File "/usr/lib/python3.14/contextlib.py", line 141, in __enter__
    return next(self.gen)
  File "/home/auss/git_repos/samaust/Experiments_4DGS/tests/test_vipe_benchmark_s1_helper_fixtures.py", line 290, in state
    root=Path(root);root.mkdir(parents=True);(root/'jobs').mkdir()
              ^^^^
UnboundLocalError: cannot access local variable 'root' where it is not associated with a value

======================================================================
ERROR: test_progress_plan047_cancellation (test_vipe_benchmark_supervisor.HelperSessionTests.test_progress_plan047_cancellation) (stage='context_read', when='after')
----------------------------------------------------------------------
Traceback (most recent call last):
  File "/home/auss/git_repos/samaust/Experiments_4DGS/tests/test_vipe_benchmark_supervisor.py", line 2429, in test_progress_plan047_cancellation
    with self.subTest(**case),plan047_state(fixture,Path(temp)/str(index)) as state:
                              ~~~~~~~~~~~~~^^^^^^^^^^^^^^^^^^^^^^^^^^^^^^^
  File "/usr/lib/python3.14/contextlib.py", line 141, in __enter__
    return next(self.gen)
  File "/home/auss/git_repos/samaust/Experiments_4DGS/tests/test_vipe_benchmark_s1_helper_fixtures.py", line 290, in state
    root=Path(root);root.mkdir(parents=True);(root/'jobs').mkdir()
              ^^^^
UnboundLocalError: cannot access local variable 'root' where it is not associated with a value

======================================================================
ERROR: test_progress_plan047_cancellation (test_vipe_benchmark_supervisor.HelperSessionTests.test_progress_plan047_cancellation) (stage='old_checkpoint_read', when='before')
----------------------------------------------------------------------
Traceback (most recent call last):
  File "/home/auss/git_repos/samaust/Experiments_4DGS/tests/test_vipe_benchmark_supervisor.py", line 2429, in test_progress_plan047_cancellation
    with self.subTest(**case),plan047_state(fixture,Path(temp)/str(index)) as state:
                              ~~~~~~~~~~~~~^^^^^^^^^^^^^^^^^^^^^^^^^^^^^^^
  File "/usr/lib/python3.14/contextlib.py", line 141, in __enter__
    return next(self.gen)
  File "/home/auss/git_repos/samaust/Experiments_4DGS/tests/test_vipe_benchmark_s1_helper_fixtures.py", line 290, in state
    root=Path(root);root.mkdir(parents=True);(root/'jobs').mkdir()
              ^^^^
UnboundLocalError: cannot access local variable 'root' where it is not associated with a value

======================================================================
ERROR: test_progress_plan047_cancellation (test_vipe_benchmark_supervisor.HelperSessionTests.test_progress_plan047_cancellation) (stage='old_checkpoint_read', when='after')
----------------------------------------------------------------------
Traceback (most recent call last):
  File "/home/auss/git_repos/samaust/Experiments_4DGS/tests/test_vipe_benchmark_supervisor.py", line 2429, in test_progress_plan047_cancellation
    with self.subTest(**case),plan047_state(fixture,Path(temp)/str(index)) as state:
                              ~~~~~~~~~~~~~^^^^^^^^^^^^^^^^^^^^^^^^^^^^^^^
  File "/usr/lib/python3.14/contextlib.py", line 141, in __enter__
    return next(self.gen)
  File "/home/auss/git_repos/samaust/Experiments_4DGS/tests/test_vipe_benchmark_s1_helper_fixtures.py", line 290, in state
    root=Path(root);root.mkdir(parents=True);(root/'jobs').mkdir()
              ^^^^
UnboundLocalError: cannot access local variable 'root' where it is not associated with a value

======================================================================
ERROR: test_progress_plan047_cancellation (test_vipe_benchmark_supervisor.HelperSessionTests.test_progress_plan047_cancellation) (stage='head_read', when='before')
----------------------------------------------------------------------
Traceback (most recent call last):
  File "/home/auss/git_repos/samaust/Experiments_4DGS/tests/test_vipe_benchmark_supervisor.py", line 2429, in test_progress_plan047_cancellation
    with self.subTest(**case),plan047_state(fixture,Path(temp)/str(index)) as state:
                              ~~~~~~~~~~~~~^^^^^^^^^^^^^^^^^^^^^^^^^^^^^^^
  File "/usr/lib/python3.14/contextlib.py", line 141, in __enter__
    return next(self.gen)
  File "/home/auss/git_repos/samaust/Experiments_4DGS/tests/test_vipe_benchmark_s1_helper_fixtures.py", line 290, in state
    root=Path(root);root.mkdir(parents=True);(root/'jobs').mkdir()
              ^^^^
UnboundLocalError: cannot access local variable 'root' where it is not associated with a value

======================================================================
ERROR: test_progress_plan047_cancellation (test_vipe_benchmark_supervisor.HelperSessionTests.test_progress_plan047_cancellation) (stage='head_read', when='after')
----------------------------------------------------------------------
Traceback (most recent call last):
  File "/home/auss/git_repos/samaust/Experiments_4DGS/tests/test_vipe_benchmark_supervisor.py", line 2429, in test_progress_plan047_cancellation
    with self.subTest(**case),plan047_state(fixture,Path(temp)/str(index)) as state:
                              ~~~~~~~~~~~~~^^^^^^^^^^^^^^^^^^^^^^^^^^^^^^^
  File "/usr/lib/python3.14/contextlib.py", line 141, in __enter__
    return next(self.gen)
  File "/home/auss/git_repos/samaust/Experiments_4DGS/tests/test_vipe_benchmark_s1_helper_fixtures.py", line 290, in state
    root=Path(root);root.mkdir(parents=True);(root/'jobs').mkdir()
              ^^^^
UnboundLocalError: cannot access local variable 'root' where it is not associated with a value

======================================================================
ERROR: test_progress_plan047_cancellation (test_vipe_benchmark_supervisor.HelperSessionTests.test_progress_plan047_cancellation) (stage='new_checkpoint_read', when='before')
----------------------------------------------------------------------
Traceback (most recent call last):
  File "/home/auss/git_repos/samaust/Experiments_4DGS/tests/test_vipe_benchmark_supervisor.py", line 2429, in test_progress_plan047_cancellation
    with self.subTest(**case),plan047_state(fixture,Path(temp)/str(index)) as state:
                              ~~~~~~~~~~~~~^^^^^^^^^^^^^^^^^^^^^^^^^^^^^^^
  File "/usr/lib/python3.14/contextlib.py", line 141, in __enter__
    return next(self.gen)
  File "/home/auss/git_repos/samaust/Experiments_4DGS/tests/test_vipe_benchmark_s1_helper_fixtures.py", line 290, in state
    root=Path(root);root.mkdir(parents=True);(root/'jobs').mkdir()
              ^^^^
UnboundLocalError: cannot access local variable 'root' where it is not associated with a value

======================================================================
ERROR: test_progress_plan047_cancellation (test_vipe_benchmark_supervisor.HelperSessionTests.test_progress_plan047_cancellation) (stage='new_checkpoint_read', when='after')
----------------------------------------------------------------------
Traceback (most recent call last):
  File "/home/auss/git_repos/samaust/Experiments_4DGS/tests/test_vipe_benchmark_supervisor.py", line 2429, in test_progress_plan047_cancellation
    with self.subTest(**case),plan047_state(fixture,Path(temp)/str(index)) as state:
                              ~~~~~~~~~~~~~^^^^^^^^^^^^^^^^^^^^^^^^^^^^^^^
  File "/usr/lib/python3.14/contextlib.py", line 141, in __enter__
    return next(self.gen)
  File "/home/auss/git_repos/samaust/Experiments_4DGS/tests/test_vipe_benchmark_s1_helper_fixtures.py", line 290, in state
    root=Path(root);root.mkdir(parents=True);(root/'jobs').mkdir()
              ^^^^
UnboundLocalError: cannot access local variable 'root' where it is not associated with a value

======================================================================
ERROR: test_progress_plan047_cancellation (test_vipe_benchmark_supervisor.HelperSessionTests.test_progress_plan047_cancellation) (stage='worker_authority_read', when='before')
----------------------------------------------------------------------
Traceback (most recent call last):
  File "/home/auss/git_repos/samaust/Experiments_4DGS/tests/test_vipe_benchmark_supervisor.py", line 2429, in test_progress_plan047_cancellation
    with self.subTest(**case),plan047_state(fixture,Path(temp)/str(index)) as state:
                              ~~~~~~~~~~~~~^^^^^^^^^^^^^^^^^^^^^^^^^^^^^^^
  File "/usr/lib/python3.14/contextlib.py", line 141, in __enter__
    return next(self.gen)
  File "/home/auss/git_repos/samaust/Experiments_4DGS/tests/test_vipe_benchmark_s1_helper_fixtures.py", line 290, in state
    root=Path(root);root.mkdir(parents=True);(root/'jobs').mkdir()
              ^^^^
UnboundLocalError: cannot access local variable 'root' where it is not associated with a value

======================================================================
ERROR: test_progress_plan047_cancellation (test_vipe_benchmark_supervisor.HelperSessionTests.test_progress_plan047_cancellation) (stage='worker_authority_read', when='after')
----------------------------------------------------------------------
Traceback (most recent call last):
  File "/home/auss/git_repos/samaust/Experiments_4DGS/tests/test_vipe_benchmark_supervisor.py", line 2429, in test_progress_plan047_cancellation
    with self.subTest(**case),plan047_state(fixture,Path(temp)/str(index)) as state:
                              ~~~~~~~~~~~~~^^^^^^^^^^^^^^^^^^^^^^^^^^^^^^^
  File "/usr/lib/python3.14/contextlib.py", line 141, in __enter__
    return next(self.gen)
  File "/home/auss/git_repos/samaust/Experiments_4DGS/tests/test_vipe_benchmark_s1_helper_fixtures.py", line 290, in state
    root=Path(root);root.mkdir(parents=True);(root/'jobs').mkdir()
              ^^^^
UnboundLocalError: cannot access local variable 'root' where it is not associated with a value

======================================================================
ERROR: test_progress_plan047_cancellation (test_vipe_benchmark_supervisor.HelperSessionTests.test_progress_plan047_cancellation) (stage='retention', when='before')
----------------------------------------------------------------------
Traceback (most recent call last):
  File "/home/auss/git_repos/samaust/Experiments_4DGS/tests/test_vipe_benchmark_supervisor.py", line 2429, in test_progress_plan047_cancellation
    with self.subTest(**case),plan047_state(fixture,Path(temp)/str(index)) as state:
                              ~~~~~~~~~~~~~^^^^^^^^^^^^^^^^^^^^^^^^^^^^^^^
  File "/usr/lib/python3.14/contextlib.py", line 141, in __enter__
    return next(self.gen)
  File "/home/auss/git_repos/samaust/Experiments_4DGS/tests/test_vipe_benchmark_s1_helper_fixtures.py", line 290, in state
    root=Path(root);root.mkdir(parents=True);(root/'jobs').mkdir()
              ^^^^
UnboundLocalError: cannot access local variable 'root' where it is not associated with a value

======================================================================
ERROR: test_progress_plan047_cancellation (test_vipe_benchmark_supervisor.HelperSessionTests.test_progress_plan047_cancellation) (stage='retention', when='after')
----------------------------------------------------------------------
Traceback (most recent call last):
  File "/home/auss/git_repos/samaust/Experiments_4DGS/tests/test_vipe_benchmark_supervisor.py", line 2429, in test_progress_plan047_cancellation
    with self.subTest(**case),plan047_state(fixture,Path(temp)/str(index)) as state:
                              ~~~~~~~~~~~~~^^^^^^^^^^^^^^^^^^^^^^^^^^^^^^^
  File "/usr/lib/python3.14/contextlib.py", line 141, in __enter__
    return next(self.gen)
  File "/home/auss/git_repos/samaust/Experiments_4DGS/tests/test_vipe_benchmark_s1_helper_fixtures.py", line 290, in state
    root=Path(root);root.mkdir(parents=True);(root/'jobs').mkdir()
              ^^^^
UnboundLocalError: cannot access local variable 'root' where it is not associated with a value

======================================================================
ERROR: test_progress_plan047_cancellation (test_vipe_benchmark_supervisor.HelperSessionTests.test_progress_plan047_cancellation) (stage='ack_send', when='before')
----------------------------------------------------------------------
Traceback (most recent call last):
  File "/home/auss/git_repos/samaust/Experiments_4DGS/tests/test_vipe_benchmark_supervisor.py", line 2429, in test_progress_plan047_cancellation
    with self.subTest(**case),plan047_state(fixture,Path(temp)/str(index)) as state:
                              ~~~~~~~~~~~~~^^^^^^^^^^^^^^^^^^^^^^^^^^^^^^^
  File "/usr/lib/python3.14/contextlib.py", line 141, in __enter__
    return next(self.gen)
  File "/home/auss/git_repos/samaust/Experiments_4DGS/tests/test_vipe_benchmark_s1_helper_fixtures.py", line 290, in state
    root=Path(root);root.mkdir(parents=True);(root/'jobs').mkdir()
              ^^^^
UnboundLocalError: cannot access local variable 'root' where it is not associated with a value

======================================================================
ERROR: test_progress_plan047_cancellation (test_vipe_benchmark_supervisor.HelperSessionTests.test_progress_plan047_cancellation) (stage='ack_send', when='after')
----------------------------------------------------------------------
Traceback (most recent call last):
  File "/home/auss/git_repos/samaust/Experiments_4DGS/tests/test_vipe_benchmark_supervisor.py", line 2429, in test_progress_plan047_cancellation
    with self.subTest(**case),plan047_state(fixture,Path(temp)/str(index)) as state:
                              ~~~~~~~~~~~~~^^^^^^^^^^^^^^^^^^^^^^^^^^^^^^^
  File "/usr/lib/python3.14/contextlib.py", line 141, in __enter__
    return next(self.gen)
  File "/home/auss/git_repos/samaust/Experiments_4DGS/tests/test_vipe_benchmark_s1_helper_fixtures.py", line 290, in state
    root=Path(root);root.mkdir(parents=True);(root/'jobs').mkdir()
              ^^^^
UnboundLocalError: cannot access local variable 'root' where it is not associated with a value

======================================================================
ERROR: test_progress_plan047_cancellation (test_vipe_benchmark_supervisor.HelperSessionTests.test_progress_plan047_cancellation) (stage='ack_receipt', when='before')
----------------------------------------------------------------------
Traceback (most recent call last):
  File "/home/auss/git_repos/samaust/Experiments_4DGS/tests/test_vipe_benchmark_supervisor.py", line 2429, in test_progress_plan047_cancellation
    with self.subTest(**case),plan047_state(fixture,Path(temp)/str(index)) as state:
                              ~~~~~~~~~~~~~^^^^^^^^^^^^^^^^^^^^^^^^^^^^^^^
  File "/usr/lib/python3.14/contextlib.py", line 141, in __enter__
    return next(self.gen)
  File "/home/auss/git_repos/samaust/Experiments_4DGS/tests/test_vipe_benchmark_s1_helper_fixtures.py", line 290, in state
    root=Path(root);root.mkdir(parents=True);(root/'jobs').mkdir()
              ^^^^
UnboundLocalError: cannot access local variable 'root' where it is not associated with a value

======================================================================
ERROR: test_progress_plan047_cancellation (test_vipe_benchmark_supervisor.HelperSessionTests.test_progress_plan047_cancellation) (stage='ack_receipt', when='after')
----------------------------------------------------------------------
Traceback (most recent call last):
  File "/home/auss/git_repos/samaust/Experiments_4DGS/tests/test_vipe_benchmark_supervisor.py", line 2429, in test_progress_plan047_cancellation
    with self.subTest(**case),plan047_state(fixture,Path(temp)/str(index)) as state:
                              ~~~~~~~~~~~~~^^^^^^^^^^^^^^^^^^^^^^^^^^^^^^^
  File "/usr/lib/python3.14/contextlib.py", line 141, in __enter__
    return next(self.gen)
  File "/home/auss/git_repos/samaust/Experiments_4DGS/tests/test_vipe_benchmark_s1_helper_fixtures.py", line 290, in state
    root=Path(root);root.mkdir(parents=True);(root/'jobs').mkdir()
              ^^^^
UnboundLocalError: cannot access local variable 'root' where it is not associated with a value

======================================================================
ERROR: test_progress_plan047_deadline_steps (test_vipe_benchmark_supervisor.HelperSessionTests.test_progress_plan047_deadline_steps) (operation='checkpoint_write', when='before')
----------------------------------------------------------------------
Traceback (most recent call last):
  File "/home/auss/git_repos/samaust/Experiments_4DGS/tests/test_vipe_benchmark_supervisor.py", line 2735, in test_progress_plan047_deadline_steps
    with self.subTest(**case),plan047_state(fixture,Path(temp)/str(index)) as state,contextlib.ExitStack() as stack:
                              ~~~~~~~~~~~~~^^^^^^^^^^^^^^^^^^^^^^^^^^^^^^^
  File "/usr/lib/python3.14/contextlib.py", line 141, in __enter__
    return next(self.gen)
  File "/home/auss/git_repos/samaust/Experiments_4DGS/tests/test_vipe_benchmark_s1_helper_fixtures.py", line 290, in state
    root=Path(root);root.mkdir(parents=True);(root/'jobs').mkdir()
              ^^^^
UnboundLocalError: cannot access local variable 'root' where it is not associated with a value

======================================================================
ERROR: test_progress_plan047_deadline_steps (test_vipe_benchmark_supervisor.HelperSessionTests.test_progress_plan047_deadline_steps) (operation='checkpoint_write', when='equal')
----------------------------------------------------------------------
Traceback (most recent call last):
  File "/home/auss/git_repos/samaust/Experiments_4DGS/tests/test_vipe_benchmark_supervisor.py", line 2735, in test_progress_plan047_deadline_steps
    with self.subTest(**case),plan047_state(fixture,Path(temp)/str(index)) as state,contextlib.ExitStack() as stack:
                              ~~~~~~~~~~~~~^^^^^^^^^^^^^^^^^^^^^^^^^^^^^^^
  File "/usr/lib/python3.14/contextlib.py", line 141, in __enter__
    return next(self.gen)
  File "/home/auss/git_repos/samaust/Experiments_4DGS/tests/test_vipe_benchmark_s1_helper_fixtures.py", line 290, in state
    root=Path(root);root.mkdir(parents=True);(root/'jobs').mkdir()
              ^^^^
UnboundLocalError: cannot access local variable 'root' where it is not associated with a value

======================================================================
ERROR: test_progress_plan047_deadline_steps (test_vipe_benchmark_supervisor.HelperSessionTests.test_progress_plan047_deadline_steps) (operation='checkpoint_write', when='after')
----------------------------------------------------------------------
Traceback (most recent call last):
  File "/home/auss/git_repos/samaust/Experiments_4DGS/tests/test_vipe_benchmark_supervisor.py", line 2735, in test_progress_plan047_deadline_steps
    with self.subTest(**case),plan047_state(fixture,Path(temp)/str(index)) as state,contextlib.ExitStack() as stack:
                              ~~~~~~~~~~~~~^^^^^^^^^^^^^^^^^^^^^^^^^^^^^^^
  File "/usr/lib/python3.14/contextlib.py", line 141, in __enter__
    return next(self.gen)
  File "/home/auss/git_repos/samaust/Experiments_4DGS/tests/test_vipe_benchmark_s1_helper_fixtures.py", line 290, in state
    root=Path(root);root.mkdir(parents=True);(root/'jobs').mkdir()
              ^^^^
UnboundLocalError: cannot access local variable 'root' where it is not associated with a value

======================================================================
ERROR: test_progress_plan047_deadline_steps (test_vipe_benchmark_supervisor.HelperSessionTests.test_progress_plan047_deadline_steps) (operation='checkpoint_flush', when='before')
----------------------------------------------------------------------
Traceback (most recent call last):
  File "/home/auss/git_repos/samaust/Experiments_4DGS/tests/test_vipe_benchmark_supervisor.py", line 2735, in test_progress_plan047_deadline_steps
    with self.subTest(**case),plan047_state(fixture,Path(temp)/str(index)) as state,contextlib.ExitStack() as stack:
                              ~~~~~~~~~~~~~^^^^^^^^^^^^^^^^^^^^^^^^^^^^^^^
  File "/usr/lib/python3.14/contextlib.py", line 141, in __enter__
    return next(self.gen)
  File "/home/auss/git_repos/samaust/Experiments_4DGS/tests/test_vipe_benchmark_s1_helper_fixtures.py", line 290, in state
    root=Path(root);root.mkdir(parents=True);(root/'jobs').mkdir()
              ^^^^
UnboundLocalError: cannot access local variable 'root' where it is not associated with a value

======================================================================
ERROR: test_progress_plan047_deadline_steps (test_vipe_benchmark_supervisor.HelperSessionTests.test_progress_plan047_deadline_steps) (operation='checkpoint_flush', when='equal')
----------------------------------------------------------------------
Traceback (most recent call last):
  File "/home/auss/git_repos/samaust/Experiments_4DGS/tests/test_vipe_benchmark_supervisor.py", line 2735, in test_progress_plan047_deadline_steps
    with self.subTest(**case),plan047_state(fixture,Path(temp)/str(index)) as state,contextlib.ExitStack() as stack:
                              ~~~~~~~~~~~~~^^^^^^^^^^^^^^^^^^^^^^^^^^^^^^^
  File "/usr/lib/python3.14/contextlib.py", line 141, in __enter__
    return next(self.gen)
  File "/home/auss/git_repos/samaust/Experiments_4DGS/tests/test_vipe_benchmark_s1_helper_fixtures.py", line 290, in state
    root=Path(root);root.mkdir(parents=True);(root/'jobs').mkdir()
              ^^^^
UnboundLocalError: cannot access local variable 'root' where it is not associated with a value

======================================================================
ERROR: test_progress_plan047_deadline_steps (test_vipe_benchmark_supervisor.HelperSessionTests.test_progress_plan047_deadline_steps) (operation='checkpoint_flush', when='after')
----------------------------------------------------------------------
Traceback (most recent call last):
  File "/home/auss/git_repos/samaust/Experiments_4DGS/tests/test_vipe_benchmark_supervisor.py", line 2735, in test_progress_plan047_deadline_steps
    with self.subTest(**case),plan047_state(fixture,Path(temp)/str(index)) as state,contextlib.ExitStack() as stack:
                              ~~~~~~~~~~~~~^^^^^^^^^^^^^^^^^^^^^^^^^^^^^^^
  File "/usr/lib/python3.14/contextlib.py", line 141, in __enter__
    return next(self.gen)
  File "/home/auss/git_repos/samaust/Experiments_4DGS/tests/test_vipe_benchmark_s1_helper_fixtures.py", line 290, in state
    root=Path(root);root.mkdir(parents=True);(root/'jobs').mkdir()
              ^^^^
UnboundLocalError: cannot access local variable 'root' where it is not associated with a value

======================================================================
ERROR: test_progress_plan047_deadline_steps (test_vipe_benchmark_supervisor.HelperSessionTests.test_progress_plan047_deadline_steps) (operation='checkpoint_fsync', when='before')
----------------------------------------------------------------------
Traceback (most recent call last):
  File "/home/auss/git_repos/samaust/Experiments_4DGS/tests/test_vipe_benchmark_supervisor.py", line 2735, in test_progress_plan047_deadline_steps
    with self.subTest(**case),plan047_state(fixture,Path(temp)/str(index)) as state,contextlib.ExitStack() as stack:
                              ~~~~~~~~~~~~~^^^^^^^^^^^^^^^^^^^^^^^^^^^^^^^
  File "/usr/lib/python3.14/contextlib.py", line 141, in __enter__
    return next(self.gen)
  File "/home/auss/git_repos/samaust/Experiments_4DGS/tests/test_vipe_benchmark_s1_helper_fixtures.py", line 290, in state
    root=Path(root);root.mkdir(parents=True);(root/'jobs').mkdir()
              ^^^^
UnboundLocalError: cannot access local variable 'root' where it is not associated with a value

======================================================================
ERROR: test_progress_plan047_deadline_steps (test_vipe_benchmark_supervisor.HelperSessionTests.test_progress_plan047_deadline_steps) (operation='checkpoint_fsync', when='equal')
----------------------------------------------------------------------
Traceback (most recent call last):
  File "/home/auss/git_repos/samaust/Experiments_4DGS/tests/test_vipe_benchmark_supervisor.py", line 2735, in test_progress_plan047_deadline_steps
    with self.subTest(**case),plan047_state(fixture,Path(temp)/str(index)) as state,contextlib.ExitStack() as stack:
                              ~~~~~~~~~~~~~^^^^^^^^^^^^^^^^^^^^^^^^^^^^^^^
  File "/usr/lib/python3.14/contextlib.py", line 141, in __enter__
    return next(self.gen)
  File "/home/auss/git_repos/samaust/Experiments_4DGS/tests/test_vipe_benchmark_s1_helper_fixtures.py", line 290, in state
    root=Path(root);root.mkdir(parents=True);(root/'jobs').mkdir()
              ^^^^
UnboundLocalError: cannot access local variable 'root' where it is not associated with a value

======================================================================
ERROR: test_progress_plan047_deadline_steps (test_vipe_benchmark_supervisor.HelperSessionTests.test_progress_plan047_deadline_steps) (operation='checkpoint_fsync', when='after')
----------------------------------------------------------------------
Traceback (most recent call last):
  File "/home/auss/git_repos/samaust/Experiments_4DGS/tests/test_vipe_benchmark_supervisor.py", line 2735, in test_progress_plan047_deadline_steps
    with self.subTest(**case),plan047_state(fixture,Path(temp)/str(index)) as state,contextlib.ExitStack() as stack:
                              ~~~~~~~~~~~~~^^^^^^^^^^^^^^^^^^^^^^^^^^^^^^^
  File "/usr/lib/python3.14/contextlib.py", line 141, in __enter__
    return next(self.gen)
  File "/home/auss/git_repos/samaust/Experiments_4DGS/tests/test_vipe_benchmark_s1_helper_fixtures.py", line 290, in state
    root=Path(root);root.mkdir(parents=True);(root/'jobs').mkdir()
              ^^^^
UnboundLocalError: cannot access local variable 'root' where it is not associated with a value

======================================================================
ERROR: test_progress_plan047_deadline_steps (test_vipe_benchmark_supervisor.HelperSessionTests.test_progress_plan047_deadline_steps) (operation='checkpoint_close', when='before')
----------------------------------------------------------------------
Traceback (most recent call last):
  File "/home/auss/git_repos/samaust/Experiments_4DGS/tests/test_vipe_benchmark_supervisor.py", line 2735, in test_progress_plan047_deadline_steps
    with self.subTest(**case),plan047_state(fixture,Path(temp)/str(index)) as state,contextlib.ExitStack() as stack:
                              ~~~~~~~~~~~~~^^^^^^^^^^^^^^^^^^^^^^^^^^^^^^^
  File "/usr/lib/python3.14/contextlib.py", line 141, in __enter__
    return next(self.gen)
  File "/home/auss/git_repos/samaust/Experiments_4DGS/tests/test_vipe_benchmark_s1_helper_fixtures.py", line 290, in state
    root=Path(root);root.mkdir(parents=True);(root/'jobs').mkdir()
              ^^^^
UnboundLocalError: cannot access local variable 'root' where it is not associated with a value

======================================================================
ERROR: test_progress_plan047_deadline_steps (test_vipe_benchmark_supervisor.HelperSessionTests.test_progress_plan047_deadline_steps) (operation='checkpoint_close', when='equal')
----------------------------------------------------------------------
Traceback (most recent call last):
  File "/home/auss/git_repos/samaust/Experiments_4DGS/tests/test_vipe_benchmark_supervisor.py", line 2735, in test_progress_plan047_deadline_steps
    with self.subTest(**case),plan047_state(fixture,Path(temp)/str(index)) as state,contextlib.ExitStack() as stack:
                              ~~~~~~~~~~~~~^^^^^^^^^^^^^^^^^^^^^^^^^^^^^^^
  File "/usr/lib/python3.14/contextlib.py", line 141, in __enter__
    return next(self.gen)
  File "/home/auss/git_repos/samaust/Experiments_4DGS/tests/test_vipe_benchmark_s1_helper_fixtures.py", line 290, in state
    root=Path(root);root.mkdir(parents=True);(root/'jobs').mkdir()
              ^^^^
UnboundLocalError: cannot access local variable 'root' where it is not associated with a value

======================================================================
ERROR: test_progress_plan047_deadline_steps (test_vipe_benchmark_supervisor.HelperSessionTests.test_progress_plan047_deadline_steps) (operation='checkpoint_close', when='after')
----------------------------------------------------------------------
Traceback (most recent call last):
  File "/home/auss/git_repos/samaust/Experiments_4DGS/tests/test_vipe_benchmark_supervisor.py", line 2735, in test_progress_plan047_deadline_steps
    with self.subTest(**case),plan047_state(fixture,Path(temp)/str(index)) as state,contextlib.ExitStack() as stack:
                              ~~~~~~~~~~~~~^^^^^^^^^^^^^^^^^^^^^^^^^^^^^^^
  File "/usr/lib/python3.14/contextlib.py", line 141, in __enter__
    return next(self.gen)
  File "/home/auss/git_repos/samaust/Experiments_4DGS/tests/test_vipe_benchmark_s1_helper_fixtures.py", line 290, in state
    root=Path(root);root.mkdir(parents=True);(root/'jobs').mkdir()
              ^^^^
UnboundLocalError: cannot access local variable 'root' where it is not associated with a value

======================================================================
ERROR: test_progress_plan047_deadline_steps (test_vipe_benchmark_supervisor.HelperSessionTests.test_progress_plan047_deadline_steps) (operation='checkpoint_readback', when='before')
----------------------------------------------------------------------
Traceback (most recent call last):
  File "/home/auss/git_repos/samaust/Experiments_4DGS/tests/test_vipe_benchmark_supervisor.py", line 2735, in test_progress_plan047_deadline_steps
    with self.subTest(**case),plan047_state(fixture,Path(temp)/str(index)) as state,contextlib.ExitStack() as stack:
                              ~~~~~~~~~~~~~^^^^^^^^^^^^^^^^^^^^^^^^^^^^^^^
  File "/usr/lib/python3.14/contextlib.py", line 141, in __enter__
    return next(self.gen)
  File "/home/auss/git_repos/samaust/Experiments_4DGS/tests/test_vipe_benchmark_s1_helper_fixtures.py", line 290, in state
    root=Path(root);root.mkdir(parents=True);(root/'jobs').mkdir()
              ^^^^
UnboundLocalError: cannot access local variable 'root' where it is not associated with a value

======================================================================
ERROR: test_progress_plan047_deadline_steps (test_vipe_benchmark_supervisor.HelperSessionTests.test_progress_plan047_deadline_steps) (operation='checkpoint_readback', when='equal')
----------------------------------------------------------------------
Traceback (most recent call last):
  File "/home/auss/git_repos/samaust/Experiments_4DGS/tests/test_vipe_benchmark_supervisor.py", line 2735, in test_progress_plan047_deadline_steps
    with self.subTest(**case),plan047_state(fixture,Path(temp)/str(index)) as state,contextlib.ExitStack() as stack:
                              ~~~~~~~~~~~~~^^^^^^^^^^^^^^^^^^^^^^^^^^^^^^^
  File "/usr/lib/python3.14/contextlib.py", line 141, in __enter__
    return next(self.gen)
  File "/home/auss/git_repos/samaust/Experiments_4DGS/tests/test_vipe_benchmark_s1_helper_fixtures.py", line 290, in state
    root=Path(root);root.mkdir(parents=True);(root/'jobs').mkdir()
              ^^^^
UnboundLocalError: cannot access local variable 'root' where it is not associated with a value

======================================================================
ERROR: test_progress_plan047_deadline_steps (test_vipe_benchmark_supervisor.HelperSessionTests.test_progress_plan047_deadline_steps) (operation='checkpoint_readback', when='after')
----------------------------------------------------------------------
Traceback (most recent call last):
  File "/home/auss/git_repos/samaust/Experiments_4DGS/tests/test_vipe_benchmark_supervisor.py", line 2735, in test_progress_plan047_deadline_steps
    with self.subTest(**case),plan047_state(fixture,Path(temp)/str(index)) as state,contextlib.ExitStack() as stack:
                              ~~~~~~~~~~~~~^^^^^^^^^^^^^^^^^^^^^^^^^^^^^^^
  File "/usr/lib/python3.14/contextlib.py", line 141, in __enter__
    return next(self.gen)
  File "/home/auss/git_repos/samaust/Experiments_4DGS/tests/test_vipe_benchmark_s1_helper_fixtures.py", line 290, in state
    root=Path(root);root.mkdir(parents=True);(root/'jobs').mkdir()
              ^^^^
UnboundLocalError: cannot access local variable 'root' where it is not associated with a value

======================================================================
ERROR: test_progress_plan047_deadline_steps (test_vipe_benchmark_supervisor.HelperSessionTests.test_progress_plan047_deadline_steps) (operation='head_write', when='before')
----------------------------------------------------------------------
Traceback (most recent call last):
  File "/home/auss/git_repos/samaust/Experiments_4DGS/tests/test_vipe_benchmark_supervisor.py", line 2735, in test_progress_plan047_deadline_steps
    with self.subTest(**case),plan047_state(fixture,Path(temp)/str(index)) as state,contextlib.ExitStack() as stack:
                              ~~~~~~~~~~~~~^^^^^^^^^^^^^^^^^^^^^^^^^^^^^^^
  File "/usr/lib/python3.14/contextlib.py", line 141, in __enter__
    return next(self.gen)
  File "/home/auss/git_repos/samaust/Experiments_4DGS/tests/test_vipe_benchmark_s1_helper_fixtures.py", line 290, in state
    root=Path(root);root.mkdir(parents=True);(root/'jobs').mkdir()
              ^^^^
UnboundLocalError: cannot access local variable 'root' where it is not associated with a value

======================================================================
ERROR: test_progress_plan047_deadline_steps (test_vipe_benchmark_supervisor.HelperSessionTests.test_progress_plan047_deadline_steps) (operation='head_write', when='equal')
----------------------------------------------------------------------
Traceback (most recent call last):
  File "/home/auss/git_repos/samaust/Experiments_4DGS/tests/test_vipe_benchmark_supervisor.py", line 2735, in test_progress_plan047_deadline_steps
    with self.subTest(**case),plan047_state(fixture,Path(temp)/str(index)) as state,contextlib.ExitStack() as stack:
                              ~~~~~~~~~~~~~^^^^^^^^^^^^^^^^^^^^^^^^^^^^^^^
  File "/usr/lib/python3.14/contextlib.py", line 141, in __enter__
    return next(self.gen)
  File "/home/auss/git_repos/samaust/Experiments_4DGS/tests/test_vipe_benchmark_s1_helper_fixtures.py", line 290, in state
    root=Path(root);root.mkdir(parents=True);(root/'jobs').mkdir()
              ^^^^
UnboundLocalError: cannot access local variable 'root' where it is not associated with a value

======================================================================
ERROR: test_progress_plan047_deadline_steps (test_vipe_benchmark_supervisor.HelperSessionTests.test_progress_plan047_deadline_steps) (operation='head_write', when='after')
----------------------------------------------------------------------
Traceback (most recent call last):
  File "/home/auss/git_repos/samaust/Experiments_4DGS/tests/test_vipe_benchmark_supervisor.py", line 2735, in test_progress_plan047_deadline_steps
    with self.subTest(**case),plan047_state(fixture,Path(temp)/str(index)) as state,contextlib.ExitStack() as stack:
                              ~~~~~~~~~~~~~^^^^^^^^^^^^^^^^^^^^^^^^^^^^^^^
  File "/usr/lib/python3.14/contextlib.py", line 141, in __enter__
    return next(self.gen)
  File "/home/auss/git_repos/samaust/Experiments_4DGS/tests/test_vipe_benchmark_s1_helper_fixtures.py", line 290, in state
    root=Path(root);root.mkdir(parents=True);(root/'jobs').mkdir()
              ^^^^
UnboundLocalError: cannot access local variable 'root' where it is not associated with a value

======================================================================
ERROR: test_progress_plan047_deadline_steps (test_vipe_benchmark_supervisor.HelperSessionTests.test_progress_plan047_deadline_steps) (operation='head_flush', when='before')
----------------------------------------------------------------------
Traceback (most recent call last):
  File "/home/auss/git_repos/samaust/Experiments_4DGS/tests/test_vipe_benchmark_supervisor.py", line 2735, in test_progress_plan047_deadline_steps
    with self.subTest(**case),plan047_state(fixture,Path(temp)/str(index)) as state,contextlib.ExitStack() as stack:
                              ~~~~~~~~~~~~~^^^^^^^^^^^^^^^^^^^^^^^^^^^^^^^
  File "/usr/lib/python3.14/contextlib.py", line 141, in __enter__
    return next(self.gen)
  File "/home/auss/git_repos/samaust/Experiments_4DGS/tests/test_vipe_benchmark_s1_helper_fixtures.py", line 290, in state
    root=Path(root);root.mkdir(parents=True);(root/'jobs').mkdir()
              ^^^^
UnboundLocalError: cannot access local variable 'root' where it is not associated with a value

======================================================================
ERROR: test_progress_plan047_deadline_steps (test_vipe_benchmark_supervisor.HelperSessionTests.test_progress_plan047_deadline_steps) (operation='head_flush', when='equal')
----------------------------------------------------------------------
Traceback (most recent call last):
  File "/home/auss/git_repos/samaust/Experiments_4DGS/tests/test_vipe_benchmark_supervisor.py", line 2735, in test_progress_plan047_deadline_steps
    with self.subTest(**case),plan047_state(fixture,Path(temp)/str(index)) as state,contextlib.ExitStack() as stack:
                              ~~~~~~~~~~~~~^^^^^^^^^^^^^^^^^^^^^^^^^^^^^^^
  File "/usr/lib/python3.14/contextlib.py", line 141, in __enter__
    return next(self.gen)
  File "/home/auss/git_repos/samaust/Experiments_4DGS/tests/test_vipe_benchmark_s1_helper_fixtures.py", line 290, in state
    root=Path(root);root.mkdir(parents=True);(root/'jobs').mkdir()
              ^^^^
UnboundLocalError: cannot access local variable 'root' where it is not associated with a value

======================================================================
ERROR: test_progress_plan047_deadline_steps (test_vipe_benchmark_supervisor.HelperSessionTests.test_progress_plan047_deadline_steps) (operation='head_flush', when='after')
----------------------------------------------------------------------
Traceback (most recent call last):
  File "/home/auss/git_repos/samaust/Experiments_4DGS/tests/test_vipe_benchmark_supervisor.py", line 2735, in test_progress_plan047_deadline_steps
    with self.subTest(**case),plan047_state(fixture,Path(temp)/str(index)) as state,contextlib.ExitStack() as stack:
                              ~~~~~~~~~~~~~^^^^^^^^^^^^^^^^^^^^^^^^^^^^^^^
  File "/usr/lib/python3.14/contextlib.py", line 141, in __enter__
    return next(self.gen)
  File "/home/auss/git_repos/samaust/Experiments_4DGS/tests/test_vipe_benchmark_s1_helper_fixtures.py", line 290, in state
    root=Path(root);root.mkdir(parents=True);(root/'jobs').mkdir()
              ^^^^
UnboundLocalError: cannot access local variable 'root' where it is not associated with a value

======================================================================
ERROR: test_progress_plan047_deadline_steps (test_vipe_benchmark_supervisor.HelperSessionTests.test_progress_plan047_deadline_steps) (operation='head_fsync', when='before')
----------------------------------------------------------------------
Traceback (most recent call last):
  File "/home/auss/git_repos/samaust/Experiments_4DGS/tests/test_vipe_benchmark_supervisor.py", line 2735, in test_progress_plan047_deadline_steps
    with self.subTest(**case),plan047_state(fixture,Path(temp)/str(index)) as state,contextlib.ExitStack() as stack:
                              ~~~~~~~~~~~~~^^^^^^^^^^^^^^^^^^^^^^^^^^^^^^^
  File "/usr/lib/python3.14/contextlib.py", line 141, in __enter__
    return next(self.gen)
  File "/home/auss/git_repos/samaust/Experiments_4DGS/tests/test_vipe_benchmark_s1_helper_fixtures.py", line 290, in state
    root=Path(root);root.mkdir(parents=True);(root/'jobs').mkdir()
              ^^^^
UnboundLocalError: cannot access local variable 'root' where it is not associated with a value

======================================================================
ERROR: test_progress_plan047_deadline_steps (test_vipe_benchmark_supervisor.HelperSessionTests.test_progress_plan047_deadline_steps) (operation='head_fsync', when='equal')
----------------------------------------------------------------------
Traceback (most recent call last):
  File "/home/auss/git_repos/samaust/Experiments_4DGS/tests/test_vipe_benchmark_supervisor.py", line 2735, in test_progress_plan047_deadline_steps
    with self.subTest(**case),plan047_state(fixture,Path(temp)/str(index)) as state,contextlib.ExitStack() as stack:
                              ~~~~~~~~~~~~~^^^^^^^^^^^^^^^^^^^^^^^^^^^^^^^
  File "/usr/lib/python3.14/contextlib.py", line 141, in __enter__
    return next(self.gen)
  File "/home/auss/git_repos/samaust/Experiments_4DGS/tests/test_vipe_benchmark_s1_helper_fixtures.py", line 290, in state
    root=Path(root);root.mkdir(parents=True);(root/'jobs').mkdir()
              ^^^^
UnboundLocalError: cannot access local variable 'root' where it is not associated with a value

======================================================================
ERROR: test_progress_plan047_deadline_steps (test_vipe_benchmark_supervisor.HelperSessionTests.test_progress_plan047_deadline_steps) (operation='head_fsync', when='after')
----------------------------------------------------------------------
Traceback (most recent call last):
  File "/home/auss/git_repos/samaust/Experiments_4DGS/tests/test_vipe_benchmark_supervisor.py", line 2735, in test_progress_plan047_deadline_steps
    with self.subTest(**case),plan047_state(fixture,Path(temp)/str(index)) as state,contextlib.ExitStack() as stack:
                              ~~~~~~~~~~~~~^^^^^^^^^^^^^^^^^^^^^^^^^^^^^^^
  File "/usr/lib/python3.14/contextlib.py", line 141, in __enter__
    return next(self.gen)
  File "/home/auss/git_repos/samaust/Experiments_4DGS/tests/test_vipe_benchmark_s1_helper_fixtures.py", line 290, in state
    root=Path(root);root.mkdir(parents=True);(root/'jobs').mkdir()
              ^^^^
UnboundLocalError: cannot access local variable 'root' where it is not associated with a value

======================================================================
ERROR: test_progress_plan047_deadline_steps (test_vipe_benchmark_supervisor.HelperSessionTests.test_progress_plan047_deadline_steps) (operation='head_close', when='before')
----------------------------------------------------------------------
Traceback (most recent call last):
  File "/home/auss/git_repos/samaust/Experiments_4DGS/tests/test_vipe_benchmark_supervisor.py", line 2735, in test_progress_plan047_deadline_steps
    with self.subTest(**case),plan047_state(fixture,Path(temp)/str(index)) as state,contextlib.ExitStack() as stack:
                              ~~~~~~~~~~~~~^^^^^^^^^^^^^^^^^^^^^^^^^^^^^^^
  File "/usr/lib/python3.14/contextlib.py", line 141, in __enter__
    return next(self.gen)
  File "/home/auss/git_repos/samaust/Experiments_4DGS/tests/test_vipe_benchmark_s1_helper_fixtures.py", line 290, in state
    root=Path(root);root.mkdir(parents=True);(root/'jobs').mkdir()
              ^^^^
UnboundLocalError: cannot access local variable 'root' where it is not associated with a value

======================================================================
ERROR: test_progress_plan047_deadline_steps (test_vipe_benchmark_supervisor.HelperSessionTests.test_progress_plan047_deadline_steps) (operation='head_close', when='equal')
----------------------------------------------------------------------
Traceback (most recent call last):
  File "/home/auss/git_repos/samaust/Experiments_4DGS/tests/test_vipe_benchmark_supervisor.py", line 2735, in test_progress_plan047_deadline_steps
    with self.subTest(**case),plan047_state(fixture,Path(temp)/str(index)) as state,contextlib.ExitStack() as stack:
                              ~~~~~~~~~~~~~^^^^^^^^^^^^^^^^^^^^^^^^^^^^^^^
  File "/usr/lib/python3.14/contextlib.py", line 141, in __enter__
    return next(self.gen)
  File "/home/auss/git_repos/samaust/Experiments_4DGS/tests/test_vipe_benchmark_s1_helper_fixtures.py", line 290, in state
    root=Path(root);root.mkdir(parents=True);(root/'jobs').mkdir()
              ^^^^
UnboundLocalError: cannot access local variable 'root' where it is not associated with a value

======================================================================
ERROR: test_progress_plan047_deadline_steps (test_vipe_benchmark_supervisor.HelperSessionTests.test_progress_plan047_deadline_steps) (operation='head_close', when='after')
----------------------------------------------------------------------
Traceback (most recent call last):
  File "/home/auss/git_repos/samaust/Experiments_4DGS/tests/test_vipe_benchmark_supervisor.py", line 2735, in test_progress_plan047_deadline_steps
    with self.subTest(**case),plan047_state(fixture,Path(temp)/str(index)) as state,contextlib.ExitStack() as stack:
                              ~~~~~~~~~~~~~^^^^^^^^^^^^^^^^^^^^^^^^^^^^^^^
  File "/usr/lib/python3.14/contextlib.py", line 141, in __enter__
    return next(self.gen)
  File "/home/auss/git_repos/samaust/Experiments_4DGS/tests/test_vipe_benchmark_s1_helper_fixtures.py", line 290, in state
    root=Path(root);root.mkdir(parents=True);(root/'jobs').mkdir()
              ^^^^
UnboundLocalError: cannot access local variable 'root' where it is not associated with a value

======================================================================
ERROR: test_progress_plan047_deadline_steps (test_vipe_benchmark_supervisor.HelperSessionTests.test_progress_plan047_deadline_steps) (operation='head_readback', when='before')
----------------------------------------------------------------------
Traceback (most recent call last):
  File "/home/auss/git_repos/samaust/Experiments_4DGS/tests/test_vipe_benchmark_supervisor.py", line 2735, in test_progress_plan047_deadline_steps
    with self.subTest(**case),plan047_state(fixture,Path(temp)/str(index)) as state,contextlib.ExitStack() as stack:
                              ~~~~~~~~~~~~~^^^^^^^^^^^^^^^^^^^^^^^^^^^^^^^
  File "/usr/lib/python3.14/contextlib.py", line 141, in __enter__
    return next(self.gen)
  File "/home/auss/git_repos/samaust/Experiments_4DGS/tests/test_vipe_benchmark_s1_helper_fixtures.py", line 290, in state
    root=Path(root);root.mkdir(parents=True);(root/'jobs').mkdir()
              ^^^^
UnboundLocalError: cannot access local variable 'root' where it is not associated with a value

======================================================================
ERROR: test_progress_plan047_deadline_steps (test_vipe_benchmark_supervisor.HelperSessionTests.test_progress_plan047_deadline_steps) (operation='head_readback', when='equal')
----------------------------------------------------------------------
Traceback (most recent call last):
  File "/home/auss/git_repos/samaust/Experiments_4DGS/tests/test_vipe_benchmark_supervisor.py", line 2735, in test_progress_plan047_deadline_steps
    with self.subTest(**case),plan047_state(fixture,Path(temp)/str(index)) as state,contextlib.ExitStack() as stack:
                              ~~~~~~~~~~~~~^^^^^^^^^^^^^^^^^^^^^^^^^^^^^^^
  File "/usr/lib/python3.14/contextlib.py", line 141, in __enter__
    return next(self.gen)
  File "/home/auss/git_repos/samaust/Experiments_4DGS/tests/test_vipe_benchmark_s1_helper_fixtures.py", line 290, in state
    root=Path(root);root.mkdir(parents=True);(root/'jobs').mkdir()
              ^^^^
UnboundLocalError: cannot access local variable 'root' where it is not associated with a value

======================================================================
ERROR: test_progress_plan047_deadline_steps (test_vipe_benchmark_supervisor.HelperSessionTests.test_progress_plan047_deadline_steps) (operation='head_readback', when='after')
----------------------------------------------------------------------
Traceback (most recent call last):
  File "/home/auss/git_repos/samaust/Experiments_4DGS/tests/test_vipe_benchmark_supervisor.py", line 2735, in test_progress_plan047_deadline_steps
    with self.subTest(**case),plan047_state(fixture,Path(temp)/str(index)) as state,contextlib.ExitStack() as stack:
                              ~~~~~~~~~~~~~^^^^^^^^^^^^^^^^^^^^^^^^^^^^^^^
  File "/usr/lib/python3.14/contextlib.py", line 141, in __enter__
    return next(self.gen)
  File "/home/auss/git_repos/samaust/Experiments_4DGS/tests/test_vipe_benchmark_s1_helper_fixtures.py", line 290, in state
    root=Path(root);root.mkdir(parents=True);(root/'jobs').mkdir()
              ^^^^
UnboundLocalError: cannot access local variable 'root' where it is not associated with a value

======================================================================
ERROR: test_progress_plan047_deadline_steps (test_vipe_benchmark_supervisor.HelperSessionTests.test_progress_plan047_deadline_steps) (operation='generation_install', when='before')
----------------------------------------------------------------------
Traceback (most recent call last):
  File "/home/auss/git_repos/samaust/Experiments_4DGS/tests/test_vipe_benchmark_supervisor.py", line 2735, in test_progress_plan047_deadline_steps
    with self.subTest(**case),plan047_state(fixture,Path(temp)/str(index)) as state,contextlib.ExitStack() as stack:
                              ~~~~~~~~~~~~~^^^^^^^^^^^^^^^^^^^^^^^^^^^^^^^
  File "/usr/lib/python3.14/contextlib.py", line 141, in __enter__
    return next(self.gen)
  File "/home/auss/git_repos/samaust/Experiments_4DGS/tests/test_vipe_benchmark_s1_helper_fixtures.py", line 290, in state
    root=Path(root);root.mkdir(parents=True);(root/'jobs').mkdir()
              ^^^^
UnboundLocalError: cannot access local variable 'root' where it is not associated with a value

======================================================================
ERROR: test_progress_plan047_deadline_steps (test_vipe_benchmark_supervisor.HelperSessionTests.test_progress_plan047_deadline_steps) (operation='generation_install', when='equal')
----------------------------------------------------------------------
Traceback (most recent call last):
  File "/home/auss/git_repos/samaust/Experiments_4DGS/tests/test_vipe_benchmark_supervisor.py", line 2735, in test_progress_plan047_deadline_steps
    with self.subTest(**case),plan047_state(fixture,Path(temp)/str(index)) as state,contextlib.ExitStack() as stack:
                              ~~~~~~~~~~~~~^^^^^^^^^^^^^^^^^^^^^^^^^^^^^^^
  File "/usr/lib/python3.14/contextlib.py", line 141, in __enter__
    return next(self.gen)
  File "/home/auss/git_repos/samaust/Experiments_4DGS/tests/test_vipe_benchmark_s1_helper_fixtures.py", line 290, in state
    root=Path(root);root.mkdir(parents=True);(root/'jobs').mkdir()
              ^^^^
UnboundLocalError: cannot access local variable 'root' where it is not associated with a value

======================================================================
ERROR: test_progress_plan047_deadline_steps (test_vipe_benchmark_supervisor.HelperSessionTests.test_progress_plan047_deadline_steps) (operation='generation_install', when='after')
----------------------------------------------------------------------
Traceback (most recent call last):
  File "/home/auss/git_repos/samaust/Experiments_4DGS/tests/test_vipe_benchmark_supervisor.py", line 2735, in test_progress_plan047_deadline_steps
    with self.subTest(**case),plan047_state(fixture,Path(temp)/str(index)) as state,contextlib.ExitStack() as stack:
                              ~~~~~~~~~~~~~^^^^^^^^^^^^^^^^^^^^^^^^^^^^^^^
  File "/usr/lib/python3.14/contextlib.py", line 141, in __enter__
    return next(self.gen)
  File "/home/auss/git_repos/samaust/Experiments_4DGS/tests/test_vipe_benchmark_s1_helper_fixtures.py", line 290, in state
    root=Path(root);root.mkdir(parents=True);(root/'jobs').mkdir()
              ^^^^
UnboundLocalError: cannot access local variable 'root' where it is not associated with a value

======================================================================
ERROR: test_progress_plan047_deadline_steps (test_vipe_benchmark_supervisor.HelperSessionTests.test_progress_plan047_deadline_steps) (operation='generation_dir_fsync', when='before')
----------------------------------------------------------------------
Traceback (most recent call last):
  File "/home/auss/git_repos/samaust/Experiments_4DGS/tests/test_vipe_benchmark_supervisor.py", line 2735, in test_progress_plan047_deadline_steps
    with self.subTest(**case),plan047_state(fixture,Path(temp)/str(index)) as state,contextlib.ExitStack() as stack:
                              ~~~~~~~~~~~~~^^^^^^^^^^^^^^^^^^^^^^^^^^^^^^^
  File "/usr/lib/python3.14/contextlib.py", line 141, in __enter__
    return next(self.gen)
  File "/home/auss/git_repos/samaust/Experiments_4DGS/tests/test_vipe_benchmark_s1_helper_fixtures.py", line 290, in state
    root=Path(root);root.mkdir(parents=True);(root/'jobs').mkdir()
              ^^^^
UnboundLocalError: cannot access local variable 'root' where it is not associated with a value

======================================================================
ERROR: test_progress_plan047_deadline_steps (test_vipe_benchmark_supervisor.HelperSessionTests.test_progress_plan047_deadline_steps) (operation='generation_dir_fsync', when='equal')
----------------------------------------------------------------------
Traceback (most recent call last):
  File "/home/auss/git_repos/samaust/Experiments_4DGS/tests/test_vipe_benchmark_supervisor.py", line 2735, in test_progress_plan047_deadline_steps
    with self.subTest(**case),plan047_state(fixture,Path(temp)/str(index)) as state,contextlib.ExitStack() as stack:
                              ~~~~~~~~~~~~~^^^^^^^^^^^^^^^^^^^^^^^^^^^^^^^
  File "/usr/lib/python3.14/contextlib.py", line 141, in __enter__
    return next(self.gen)
  File "/home/auss/git_repos/samaust/Experiments_4DGS/tests/test_vipe_benchmark_s1_helper_fixtures.py", line 290, in state
    root=Path(root);root.mkdir(parents=True);(root/'jobs').mkdir()
              ^^^^
UnboundLocalError: cannot access local variable 'root' where it is not associated with a value

======================================================================
ERROR: test_progress_plan047_deadline_steps (test_vipe_benchmark_supervisor.HelperSessionTests.test_progress_plan047_deadline_steps) (operation='generation_dir_fsync', when='after')
----------------------------------------------------------------------
Traceback (most recent call last):
  File "/home/auss/git_repos/samaust/Experiments_4DGS/tests/test_vipe_benchmark_supervisor.py", line 2735, in test_progress_plan047_deadline_steps
    with self.subTest(**case),plan047_state(fixture,Path(temp)/str(index)) as state,contextlib.ExitStack() as stack:
                              ~~~~~~~~~~~~~^^^^^^^^^^^^^^^^^^^^^^^^^^^^^^^
  File "/usr/lib/python3.14/contextlib.py", line 141, in __enter__
    return next(self.gen)
  File "/home/auss/git_repos/samaust/Experiments_4DGS/tests/test_vipe_benchmark_s1_helper_fixtures.py", line 290, in state
    root=Path(root);root.mkdir(parents=True);(root/'jobs').mkdir()
              ^^^^
UnboundLocalError: cannot access local variable 'root' where it is not associated with a value

======================================================================
ERROR: test_progress_plan047_deadline_steps (test_vipe_benchmark_supervisor.HelperSessionTests.test_progress_plan047_deadline_steps) (operation='generation_reopen_hash', when='before')
----------------------------------------------------------------------
Traceback (most recent call last):
  File "/home/auss/git_repos/samaust/Experiments_4DGS/tests/test_vipe_benchmark_supervisor.py", line 2735, in test_progress_plan047_deadline_steps
    with self.subTest(**case),plan047_state(fixture,Path(temp)/str(index)) as state,contextlib.ExitStack() as stack:
                              ~~~~~~~~~~~~~^^^^^^^^^^^^^^^^^^^^^^^^^^^^^^^
  File "/usr/lib/python3.14/contextlib.py", line 141, in __enter__
    return next(self.gen)
  File "/home/auss/git_repos/samaust/Experiments_4DGS/tests/test_vipe_benchmark_s1_helper_fixtures.py", line 290, in state
    root=Path(root);root.mkdir(parents=True);(root/'jobs').mkdir()
              ^^^^
UnboundLocalError: cannot access local variable 'root' where it is not associated with a value

======================================================================
ERROR: test_progress_plan047_deadline_steps (test_vipe_benchmark_supervisor.HelperSessionTests.test_progress_plan047_deadline_steps) (operation='generation_reopen_hash', when='equal')
----------------------------------------------------------------------
Traceback (most recent call last):
  File "/home/auss/git_repos/samaust/Experiments_4DGS/tests/test_vipe_benchmark_supervisor.py", line 2735, in test_progress_plan047_deadline_steps
    with self.subTest(**case),plan047_state(fixture,Path(temp)/str(index)) as state,contextlib.ExitStack() as stack:
                              ~~~~~~~~~~~~~^^^^^^^^^^^^^^^^^^^^^^^^^^^^^^^
  File "/usr/lib/python3.14/contextlib.py", line 141, in __enter__
    return next(self.gen)
  File "/home/auss/git_repos/samaust/Experiments_4DGS/tests/test_vipe_benchmark_s1_helper_fixtures.py", line 290, in state
    root=Path(root);root.mkdir(parents=True);(root/'jobs').mkdir()
              ^^^^
UnboundLocalError: cannot access local variable 'root' where it is not associated with a value

======================================================================
ERROR: test_progress_plan047_deadline_steps (test_vipe_benchmark_supervisor.HelperSessionTests.test_progress_plan047_deadline_steps) (operation='generation_reopen_hash', when='after')
----------------------------------------------------------------------
Traceback (most recent call last):
  File "/home/auss/git_repos/samaust/Experiments_4DGS/tests/test_vipe_benchmark_supervisor.py", line 2735, in test_progress_plan047_deadline_steps
    with self.subTest(**case),plan047_state(fixture,Path(temp)/str(index)) as state,contextlib.ExitStack() as stack:
                              ~~~~~~~~~~~~~^^^^^^^^^^^^^^^^^^^^^^^^^^^^^^^
  File "/usr/lib/python3.14/contextlib.py", line 141, in __enter__
    return next(self.gen)
  File "/home/auss/git_repos/samaust/Experiments_4DGS/tests/test_vipe_benchmark_s1_helper_fixtures.py", line 290, in state
    root=Path(root);root.mkdir(parents=True);(root/'jobs').mkdir()
              ^^^^
UnboundLocalError: cannot access local variable 'root' where it is not associated with a value

======================================================================
ERROR: test_progress_plan047_deadline_steps (test_vipe_benchmark_supervisor.HelperSessionTests.test_progress_plan047_deadline_steps) (operation='head_install', when='before')
----------------------------------------------------------------------
Traceback (most recent call last):
  File "/home/auss/git_repos/samaust/Experiments_4DGS/tests/test_vipe_benchmark_supervisor.py", line 2735, in test_progress_plan047_deadline_steps
    with self.subTest(**case),plan047_state(fixture,Path(temp)/str(index)) as state,contextlib.ExitStack() as stack:
                              ~~~~~~~~~~~~~^^^^^^^^^^^^^^^^^^^^^^^^^^^^^^^
  File "/usr/lib/python3.14/contextlib.py", line 141, in __enter__
    return next(self.gen)
  File "/home/auss/git_repos/samaust/Experiments_4DGS/tests/test_vipe_benchmark_s1_helper_fixtures.py", line 290, in state
    root=Path(root);root.mkdir(parents=True);(root/'jobs').mkdir()
              ^^^^
UnboundLocalError: cannot access local variable 'root' where it is not associated with a value

======================================================================
ERROR: test_progress_plan047_deadline_steps (test_vipe_benchmark_supervisor.HelperSessionTests.test_progress_plan047_deadline_steps) (operation='head_install', when='equal')
----------------------------------------------------------------------
Traceback (most recent call last):
  File "/home/auss/git_repos/samaust/Experiments_4DGS/tests/test_vipe_benchmark_supervisor.py", line 2735, in test_progress_plan047_deadline_steps
    with self.subTest(**case),plan047_state(fixture,Path(temp)/str(index)) as state,contextlib.ExitStack() as stack:
                              ~~~~~~~~~~~~~^^^^^^^^^^^^^^^^^^^^^^^^^^^^^^^
  File "/usr/lib/python3.14/contextlib.py", line 141, in __enter__
    return next(self.gen)
  File "/home/auss/git_repos/samaust/Experiments_4DGS/tests/test_vipe_benchmark_s1_helper_fixtures.py", line 290, in state
    root=Path(root);root.mkdir(parents=True);(root/'jobs').mkdir()
              ^^^^
UnboundLocalError: cannot access local variable 'root' where it is not associated with a value

======================================================================
ERROR: test_progress_plan047_deadline_steps (test_vipe_benchmark_supervisor.HelperSessionTests.test_progress_plan047_deadline_steps) (operation='head_install', when='after')
----------------------------------------------------------------------
Traceback (most recent call last):
  File "/home/auss/git_repos/samaust/Experiments_4DGS/tests/test_vipe_benchmark_supervisor.py", line 2735, in test_progress_plan047_deadline_steps
    with self.subTest(**case),plan047_state(fixture,Path(temp)/str(index)) as state,contextlib.ExitStack() as stack:
                              ~~~~~~~~~~~~~^^^^^^^^^^^^^^^^^^^^^^^^^^^^^^^
  File "/usr/lib/python3.14/contextlib.py", line 141, in __enter__
    return next(self.gen)
  File "/home/auss/git_repos/samaust/Experiments_4DGS/tests/test_vipe_benchmark_s1_helper_fixtures.py", line 290, in state
    root=Path(root);root.mkdir(parents=True);(root/'jobs').mkdir()
              ^^^^
UnboundLocalError: cannot access local variable 'root' where it is not associated with a value

======================================================================
ERROR: test_progress_plan047_deadline_steps (test_vipe_benchmark_supervisor.HelperSessionTests.test_progress_plan047_deadline_steps) (operation='head_dir_fsync', when='before')
----------------------------------------------------------------------
Traceback (most recent call last):
  File "/home/auss/git_repos/samaust/Experiments_4DGS/tests/test_vipe_benchmark_supervisor.py", line 2735, in test_progress_plan047_deadline_steps
    with self.subTest(**case),plan047_state(fixture,Path(temp)/str(index)) as state,contextlib.ExitStack() as stack:
                              ~~~~~~~~~~~~~^^^^^^^^^^^^^^^^^^^^^^^^^^^^^^^
  File "/usr/lib/python3.14/contextlib.py", line 141, in __enter__
    return next(self.gen)
  File "/home/auss/git_repos/samaust/Experiments_4DGS/tests/test_vipe_benchmark_s1_helper_fixtures.py", line 290, in state
    root=Path(root);root.mkdir(parents=True);(root/'jobs').mkdir()
              ^^^^
UnboundLocalError: cannot access local variable 'root' where it is not associated with a value

======================================================================
ERROR: test_progress_plan047_deadline_steps (test_vipe_benchmark_supervisor.HelperSessionTests.test_progress_plan047_deadline_steps) (operation='head_dir_fsync', when='equal')
----------------------------------------------------------------------
Traceback (most recent call last):
  File "/home/auss/git_repos/samaust/Experiments_4DGS/tests/test_vipe_benchmark_supervisor.py", line 2735, in test_progress_plan047_deadline_steps
    with self.subTest(**case),plan047_state(fixture,Path(temp)/str(index)) as state,contextlib.ExitStack() as stack:
                              ~~~~~~~~~~~~~^^^^^^^^^^^^^^^^^^^^^^^^^^^^^^^
  File "/usr/lib/python3.14/contextlib.py", line 141, in __enter__
    return next(self.gen)
  File "/home/auss/git_repos/samaust/Experiments_4DGS/tests/test_vipe_benchmark_s1_helper_fixtures.py", line 290, in state
    root=Path(root);root.mkdir(parents=True);(root/'jobs').mkdir()
              ^^^^
UnboundLocalError: cannot access local variable 'root' where it is not associated with a value

======================================================================
ERROR: test_progress_plan047_deadline_steps (test_vipe_benchmark_supervisor.HelperSessionTests.test_progress_plan047_deadline_steps) (operation='head_dir_fsync', when='after')
----------------------------------------------------------------------
Traceback (most recent call last):
  File "/home/auss/git_repos/samaust/Experiments_4DGS/tests/test_vipe_benchmark_supervisor.py", line 2735, in test_progress_plan047_deadline_steps
    with self.subTest(**case),plan047_state(fixture,Path(temp)/str(index)) as state,contextlib.ExitStack() as stack:
                              ~~~~~~~~~~~~~^^^^^^^^^^^^^^^^^^^^^^^^^^^^^^^
  File "/usr/lib/python3.14/contextlib.py", line 141, in __enter__
    return next(self.gen)
  File "/home/auss/git_repos/samaust/Experiments_4DGS/tests/test_vipe_benchmark_s1_helper_fixtures.py", line 290, in state
    root=Path(root);root.mkdir(parents=True);(root/'jobs').mkdir()
              ^^^^
UnboundLocalError: cannot access local variable 'root' where it is not associated with a value

======================================================================
ERROR: test_progress_plan047_deadline_steps (test_vipe_benchmark_supervisor.HelperSessionTests.test_progress_plan047_deadline_steps) (operation='final_head_read', when='before')
----------------------------------------------------------------------
Traceback (most recent call last):
  File "/home/auss/git_repos/samaust/Experiments_4DGS/tests/test_vipe_benchmark_supervisor.py", line 2735, in test_progress_plan047_deadline_steps
    with self.subTest(**case),plan047_state(fixture,Path(temp)/str(index)) as state,contextlib.ExitStack() as stack:
                              ~~~~~~~~~~~~~^^^^^^^^^^^^^^^^^^^^^^^^^^^^^^^
  File "/usr/lib/python3.14/contextlib.py", line 141, in __enter__
    return next(self.gen)
  File "/home/auss/git_repos/samaust/Experiments_4DGS/tests/test_vipe_benchmark_s1_helper_fixtures.py", line 290, in state
    root=Path(root);root.mkdir(parents=True);(root/'jobs').mkdir()
              ^^^^
UnboundLocalError: cannot access local variable 'root' where it is not associated with a value

======================================================================
ERROR: test_progress_plan047_deadline_steps (test_vipe_benchmark_supervisor.HelperSessionTests.test_progress_plan047_deadline_steps) (operation='final_head_read', when='equal')
----------------------------------------------------------------------
Traceback (most recent call last):
  File "/home/auss/git_repos/samaust/Experiments_4DGS/tests/test_vipe_benchmark_supervisor.py", line 2735, in test_progress_plan047_deadline_steps
    with self.subTest(**case),plan047_state(fixture,Path(temp)/str(index)) as state,contextlib.ExitStack() as stack:
                              ~~~~~~~~~~~~~^^^^^^^^^^^^^^^^^^^^^^^^^^^^^^^
  File "/usr/lib/python3.14/contextlib.py", line 141, in __enter__
    return next(self.gen)
  File "/home/auss/git_repos/samaust/Experiments_4DGS/tests/test_vipe_benchmark_s1_helper_fixtures.py", line 290, in state
    root=Path(root);root.mkdir(parents=True);(root/'jobs').mkdir()
              ^^^^
UnboundLocalError: cannot access local variable 'root' where it is not associated with a value

======================================================================
ERROR: test_progress_plan047_deadline_steps (test_vipe_benchmark_supervisor.HelperSessionTests.test_progress_plan047_deadline_steps) (operation='final_head_read', when='after')
----------------------------------------------------------------------
Traceback (most recent call last):
  File "/home/auss/git_repos/samaust/Experiments_4DGS/tests/test_vipe_benchmark_supervisor.py", line 2735, in test_progress_plan047_deadline_steps
    with self.subTest(**case),plan047_state(fixture,Path(temp)/str(index)) as state,contextlib.ExitStack() as stack:
                              ~~~~~~~~~~~~~^^^^^^^^^^^^^^^^^^^^^^^^^^^^^^^
  File "/usr/lib/python3.14/contextlib.py", line 141, in __enter__
    return next(self.gen)
  File "/home/auss/git_repos/samaust/Experiments_4DGS/tests/test_vipe_benchmark_s1_helper_fixtures.py", line 290, in state
    root=Path(root);root.mkdir(parents=True);(root/'jobs').mkdir()
              ^^^^
UnboundLocalError: cannot access local variable 'root' where it is not associated with a value

======================================================================
ERROR: test_progress_plan047_deadline_steps (test_vipe_benchmark_supervisor.HelperSessionTests.test_progress_plan047_deadline_steps) (operation='final_generation_read', when='before')
----------------------------------------------------------------------
Traceback (most recent call last):
  File "/home/auss/git_repos/samaust/Experiments_4DGS/tests/test_vipe_benchmark_supervisor.py", line 2735, in test_progress_plan047_deadline_steps
    with self.subTest(**case),plan047_state(fixture,Path(temp)/str(index)) as state,contextlib.ExitStack() as stack:
                              ~~~~~~~~~~~~~^^^^^^^^^^^^^^^^^^^^^^^^^^^^^^^
  File "/usr/lib/python3.14/contextlib.py", line 141, in __enter__
    return next(self.gen)
  File "/home/auss/git_repos/samaust/Experiments_4DGS/tests/test_vipe_benchmark_s1_helper_fixtures.py", line 290, in state
    root=Path(root);root.mkdir(parents=True);(root/'jobs').mkdir()
              ^^^^
UnboundLocalError: cannot access local variable 'root' where it is not associated with a value

======================================================================
ERROR: test_progress_plan047_deadline_steps (test_vipe_benchmark_supervisor.HelperSessionTests.test_progress_plan047_deadline_steps) (operation='final_generation_read', when='equal')
----------------------------------------------------------------------
Traceback (most recent call last):
  File "/home/auss/git_repos/samaust/Experiments_4DGS/tests/test_vipe_benchmark_supervisor.py", line 2735, in test_progress_plan047_deadline_steps
    with self.subTest(**case),plan047_state(fixture,Path(temp)/str(index)) as state,contextlib.ExitStack() as stack:
                              ~~~~~~~~~~~~~^^^^^^^^^^^^^^^^^^^^^^^^^^^^^^^
  File "/usr/lib/python3.14/contextlib.py", line 141, in __enter__
    return next(self.gen)
  File "/home/auss/git_repos/samaust/Experiments_4DGS/tests/test_vipe_benchmark_s1_helper_fixtures.py", line 290, in state
    root=Path(root);root.mkdir(parents=True);(root/'jobs').mkdir()
              ^^^^
UnboundLocalError: cannot access local variable 'root' where it is not associated with a value

======================================================================
ERROR: test_progress_plan047_deadline_steps (test_vipe_benchmark_supervisor.HelperSessionTests.test_progress_plan047_deadline_steps) (operation='final_generation_read', when='after')
----------------------------------------------------------------------
Traceback (most recent call last):
  File "/home/auss/git_repos/samaust/Experiments_4DGS/tests/test_vipe_benchmark_supervisor.py", line 2735, in test_progress_plan047_deadline_steps
    with self.subTest(**case),plan047_state(fixture,Path(temp)/str(index)) as state,contextlib.ExitStack() as stack:
                              ~~~~~~~~~~~~~^^^^^^^^^^^^^^^^^^^^^^^^^^^^^^^
  File "/usr/lib/python3.14/contextlib.py", line 141, in __enter__
    return next(self.gen)
  File "/home/auss/git_repos/samaust/Experiments_4DGS/tests/test_vipe_benchmark_s1_helper_fixtures.py", line 290, in state
    root=Path(root);root.mkdir(parents=True);(root/'jobs').mkdir()
              ^^^^
UnboundLocalError: cannot access local variable 'root' where it is not associated with a value

======================================================================
ERROR: test_progress_plan047_deadline_steps (test_vipe_benchmark_supervisor.HelperSessionTests.test_progress_plan047_deadline_steps) (operation='notice_send', when='before')
----------------------------------------------------------------------
Traceback (most recent call last):
  File "/home/auss/git_repos/samaust/Experiments_4DGS/tests/test_vipe_benchmark_supervisor.py", line 2735, in test_progress_plan047_deadline_steps
    with self.subTest(**case),plan047_state(fixture,Path(temp)/str(index)) as state,contextlib.ExitStack() as stack:
                              ~~~~~~~~~~~~~^^^^^^^^^^^^^^^^^^^^^^^^^^^^^^^
  File "/usr/lib/python3.14/contextlib.py", line 141, in __enter__
    return next(self.gen)
  File "/home/auss/git_repos/samaust/Experiments_4DGS/tests/test_vipe_benchmark_s1_helper_fixtures.py", line 290, in state
    root=Path(root);root.mkdir(parents=True);(root/'jobs').mkdir()
              ^^^^
UnboundLocalError: cannot access local variable 'root' where it is not associated with a value

======================================================================
ERROR: test_progress_plan047_deadline_steps (test_vipe_benchmark_supervisor.HelperSessionTests.test_progress_plan047_deadline_steps) (operation='notice_send', when='equal')
----------------------------------------------------------------------
Traceback (most recent call last):
  File "/home/auss/git_repos/samaust/Experiments_4DGS/tests/test_vipe_benchmark_supervisor.py", line 2735, in test_progress_plan047_deadline_steps
    with self.subTest(**case),plan047_state(fixture,Path(temp)/str(index)) as state,contextlib.ExitStack() as stack:
                              ~~~~~~~~~~~~~^^^^^^^^^^^^^^^^^^^^^^^^^^^^^^^
  File "/usr/lib/python3.14/contextlib.py", line 141, in __enter__
    return next(self.gen)
  File "/home/auss/git_repos/samaust/Experiments_4DGS/tests/test_vipe_benchmark_s1_helper_fixtures.py", line 290, in state
    root=Path(root);root.mkdir(parents=True);(root/'jobs').mkdir()
              ^^^^
UnboundLocalError: cannot access local variable 'root' where it is not associated with a value

======================================================================
ERROR: test_progress_plan047_deadline_steps (test_vipe_benchmark_supervisor.HelperSessionTests.test_progress_plan047_deadline_steps) (operation='notice_send', when='after')
----------------------------------------------------------------------
Traceback (most recent call last):
  File "/home/auss/git_repos/samaust/Experiments_4DGS/tests/test_vipe_benchmark_supervisor.py", line 2735, in test_progress_plan047_deadline_steps
    with self.subTest(**case),plan047_state(fixture,Path(temp)/str(index)) as state,contextlib.ExitStack() as stack:
                              ~~~~~~~~~~~~~^^^^^^^^^^^^^^^^^^^^^^^^^^^^^^^
  File "/usr/lib/python3.14/contextlib.py", line 141, in __enter__
    return next(self.gen)
  File "/home/auss/git_repos/samaust/Experiments_4DGS/tests/test_vipe_benchmark_s1_helper_fixtures.py", line 290, in state
    root=Path(root);root.mkdir(parents=True);(root/'jobs').mkdir()
              ^^^^
UnboundLocalError: cannot access local variable 'root' where it is not associated with a value

======================================================================
ERROR: test_progress_plan047_deadline_steps (test_vipe_benchmark_supervisor.HelperSessionTests.test_progress_plan047_deadline_steps) (operation='owner_retention', when='before')
----------------------------------------------------------------------
Traceback (most recent call last):
  File "/home/auss/git_repos/samaust/Experiments_4DGS/tests/test_vipe_benchmark_supervisor.py", line 2735, in test_progress_plan047_deadline_steps
    with self.subTest(**case),plan047_state(fixture,Path(temp)/str(index)) as state,contextlib.ExitStack() as stack:
                              ~~~~~~~~~~~~~^^^^^^^^^^^^^^^^^^^^^^^^^^^^^^^
  File "/usr/lib/python3.14/contextlib.py", line 141, in __enter__
    return next(self.gen)
  File "/home/auss/git_repos/samaust/Experiments_4DGS/tests/test_vipe_benchmark_s1_helper_fixtures.py", line 290, in state
    root=Path(root);root.mkdir(parents=True);(root/'jobs').mkdir()
              ^^^^
UnboundLocalError: cannot access local variable 'root' where it is not associated with a value

======================================================================
ERROR: test_progress_plan047_deadline_steps (test_vipe_benchmark_supervisor.HelperSessionTests.test_progress_plan047_deadline_steps) (operation='owner_retention', when='equal')
----------------------------------------------------------------------
Traceback (most recent call last):
  File "/home/auss/git_repos/samaust/Experiments_4DGS/tests/test_vipe_benchmark_supervisor.py", line 2735, in test_progress_plan047_deadline_steps
    with self.subTest(**case),plan047_state(fixture,Path(temp)/str(index)) as state,contextlib.ExitStack() as stack:
                              ~~~~~~~~~~~~~^^^^^^^^^^^^^^^^^^^^^^^^^^^^^^^
  File "/usr/lib/python3.14/contextlib.py", line 141, in __enter__
    return next(self.gen)
  File "/home/auss/git_repos/samaust/Experiments_4DGS/tests/test_vipe_benchmark_s1_helper_fixtures.py", line 290, in state
    root=Path(root);root.mkdir(parents=True);(root/'jobs').mkdir()
              ^^^^
UnboundLocalError: cannot access local variable 'root' where it is not associated with a value

======================================================================
ERROR: test_progress_plan047_deadline_steps (test_vipe_benchmark_supervisor.HelperSessionTests.test_progress_plan047_deadline_steps) (operation='owner_retention', when='after')
----------------------------------------------------------------------
Traceback (most recent call last):
  File "/home/auss/git_repos/samaust/Experiments_4DGS/tests/test_vipe_benchmark_supervisor.py", line 2735, in test_progress_plan047_deadline_steps
    with self.subTest(**case),plan047_state(fixture,Path(temp)/str(index)) as state,contextlib.ExitStack() as stack:
                              ~~~~~~~~~~~~~^^^^^^^^^^^^^^^^^^^^^^^^^^^^^^^
  File "/usr/lib/python3.14/contextlib.py", line 141, in __enter__
    return next(self.gen)
  File "/home/auss/git_repos/samaust/Experiments_4DGS/tests/test_vipe_benchmark_s1_helper_fixtures.py", line 290, in state
    root=Path(root);root.mkdir(parents=True);(root/'jobs').mkdir()
              ^^^^
UnboundLocalError: cannot access local variable 'root' where it is not associated with a value

======================================================================
ERROR: test_progress_plan047_deadline_steps (test_vipe_benchmark_supervisor.HelperSessionTests.test_progress_plan047_deadline_steps) (operation='ack_send', when='before')
----------------------------------------------------------------------
Traceback (most recent call last):
  File "/home/auss/git_repos/samaust/Experiments_4DGS/tests/test_vipe_benchmark_supervisor.py", line 2735, in test_progress_plan047_deadline_steps
    with self.subTest(**case),plan047_state(fixture,Path(temp)/str(index)) as state,contextlib.ExitStack() as stack:
                              ~~~~~~~~~~~~~^^^^^^^^^^^^^^^^^^^^^^^^^^^^^^^
  File "/usr/lib/python3.14/contextlib.py", line 141, in __enter__
    return next(self.gen)
  File "/home/auss/git_repos/samaust/Experiments_4DGS/tests/test_vipe_benchmark_s1_helper_fixtures.py", line 290, in state
    root=Path(root);root.mkdir(parents=True);(root/'jobs').mkdir()
              ^^^^
UnboundLocalError: cannot access local variable 'root' where it is not associated with a value

======================================================================
ERROR: test_progress_plan047_deadline_steps (test_vipe_benchmark_supervisor.HelperSessionTests.test_progress_plan047_deadline_steps) (operation='ack_send', when='equal')
----------------------------------------------------------------------
Traceback (most recent call last):
  File "/home/auss/git_repos/samaust/Experiments_4DGS/tests/test_vipe_benchmark_supervisor.py", line 2735, in test_progress_plan047_deadline_steps
    with self.subTest(**case),plan047_state(fixture,Path(temp)/str(index)) as state,contextlib.ExitStack() as stack:
                              ~~~~~~~~~~~~~^^^^^^^^^^^^^^^^^^^^^^^^^^^^^^^
  File "/usr/lib/python3.14/contextlib.py", line 141, in __enter__
    return next(self.gen)
  File "/home/auss/git_repos/samaust/Experiments_4DGS/tests/test_vipe_benchmark_s1_helper_fixtures.py", line 290, in state
    root=Path(root);root.mkdir(parents=True);(root/'jobs').mkdir()
              ^^^^
UnboundLocalError: cannot access local variable 'root' where it is not associated with a value

======================================================================
ERROR: test_progress_plan047_deadline_steps (test_vipe_benchmark_supervisor.HelperSessionTests.test_progress_plan047_deadline_steps) (operation='ack_send', when='after')
----------------------------------------------------------------------
Traceback (most recent call last):
  File "/home/auss/git_repos/samaust/Experiments_4DGS/tests/test_vipe_benchmark_supervisor.py", line 2735, in test_progress_plan047_deadline_steps
    with self.subTest(**case),plan047_state(fixture,Path(temp)/str(index)) as state,contextlib.ExitStack() as stack:
                              ~~~~~~~~~~~~~^^^^^^^^^^^^^^^^^^^^^^^^^^^^^^^
  File "/usr/lib/python3.14/contextlib.py", line 141, in __enter__
    return next(self.gen)
  File "/home/auss/git_repos/samaust/Experiments_4DGS/tests/test_vipe_benchmark_s1_helper_fixtures.py", line 290, in state
    root=Path(root);root.mkdir(parents=True);(root/'jobs').mkdir()
              ^^^^
UnboundLocalError: cannot access local variable 'root' where it is not associated with a value

======================================================================
ERROR: test_progress_plan047_deadline_steps (test_vipe_benchmark_supervisor.HelperSessionTests.test_progress_plan047_deadline_steps) (operation='ack_receipt', when='before')
----------------------------------------------------------------------
Traceback (most recent call last):
  File "/home/auss/git_repos/samaust/Experiments_4DGS/tests/test_vipe_benchmark_supervisor.py", line 2735, in test_progress_plan047_deadline_steps
    with self.subTest(**case),plan047_state(fixture,Path(temp)/str(index)) as state,contextlib.ExitStack() as stack:
                              ~~~~~~~~~~~~~^^^^^^^^^^^^^^^^^^^^^^^^^^^^^^^
  File "/usr/lib/python3.14/contextlib.py", line 141, in __enter__
    return next(self.gen)
  File "/home/auss/git_repos/samaust/Experiments_4DGS/tests/test_vipe_benchmark_s1_helper_fixtures.py", line 290, in state
    root=Path(root);root.mkdir(parents=True);(root/'jobs').mkdir()
              ^^^^
UnboundLocalError: cannot access local variable 'root' where it is not associated with a value

======================================================================
ERROR: test_progress_plan047_deadline_steps (test_vipe_benchmark_supervisor.HelperSessionTests.test_progress_plan047_deadline_steps) (operation='ack_receipt', when='equal')
----------------------------------------------------------------------
Traceback (most recent call last):
  File "/home/auss/git_repos/samaust/Experiments_4DGS/tests/test_vipe_benchmark_supervisor.py", line 2735, in test_progress_plan047_deadline_steps
    with self.subTest(**case),plan047_state(fixture,Path(temp)/str(index)) as state,contextlib.ExitStack() as stack:
                              ~~~~~~~~~~~~~^^^^^^^^^^^^^^^^^^^^^^^^^^^^^^^
  File "/usr/lib/python3.14/contextlib.py", line 141, in __enter__
    return next(self.gen)
  File "/home/auss/git_repos/samaust/Experiments_4DGS/tests/test_vipe_benchmark_s1_helper_fixtures.py", line 290, in state
    root=Path(root);root.mkdir(parents=True);(root/'jobs').mkdir()
              ^^^^
UnboundLocalError: cannot access local variable 'root' where it is not associated with a value

======================================================================
ERROR: test_progress_plan047_deadline_steps (test_vipe_benchmark_supervisor.HelperSessionTests.test_progress_plan047_deadline_steps) (operation='ack_receipt', when='after')
----------------------------------------------------------------------
Traceback (most recent call last):
  File "/home/auss/git_repos/samaust/Experiments_4DGS/tests/test_vipe_benchmark_supervisor.py", line 2735, in test_progress_plan047_deadline_steps
    with self.subTest(**case),plan047_state(fixture,Path(temp)/str(index)) as state,contextlib.ExitStack() as stack:
                              ~~~~~~~~~~~~~^^^^^^^^^^^^^^^^^^^^^^^^^^^^^^^
  File "/usr/lib/python3.14/contextlib.py", line 141, in __enter__
    return next(self.gen)
  File "/home/auss/git_repos/samaust/Experiments_4DGS/tests/test_vipe_benchmark_s1_helper_fixtures.py", line 290, in state
    root=Path(root);root.mkdir(parents=True);(root/'jobs').mkdir()
              ^^^^
UnboundLocalError: cannot access local variable 'root' where it is not associated with a value

======================================================================
ERROR: test_progress_plan047_deadline_steps (test_vipe_benchmark_supervisor.HelperSessionTests.test_progress_plan047_deadline_steps) (operation='array_npy', when='before')
----------------------------------------------------------------------
Traceback (most recent call last):
  File "/home/auss/git_repos/samaust/Experiments_4DGS/tests/test_vipe_benchmark_supervisor.py", line 2735, in test_progress_plan047_deadline_steps
    with self.subTest(**case),plan047_state(fixture,Path(temp)/str(index)) as state,contextlib.ExitStack() as stack:
                              ~~~~~~~~~~~~~^^^^^^^^^^^^^^^^^^^^^^^^^^^^^^^
  File "/usr/lib/python3.14/contextlib.py", line 141, in __enter__
    return next(self.gen)
  File "/home/auss/git_repos/samaust/Experiments_4DGS/tests/test_vipe_benchmark_s1_helper_fixtures.py", line 290, in state
    root=Path(root);root.mkdir(parents=True);(root/'jobs').mkdir()
              ^^^^
UnboundLocalError: cannot access local variable 'root' where it is not associated with a value

======================================================================
ERROR: test_progress_plan047_deadline_steps (test_vipe_benchmark_supervisor.HelperSessionTests.test_progress_plan047_deadline_steps) (operation='array_npy', when='equal')
----------------------------------------------------------------------
Traceback (most recent call last):
  File "/home/auss/git_repos/samaust/Experiments_4DGS/tests/test_vipe_benchmark_supervisor.py", line 2735, in test_progress_plan047_deadline_steps
    with self.subTest(**case),plan047_state(fixture,Path(temp)/str(index)) as state,contextlib.ExitStack() as stack:
                              ~~~~~~~~~~~~~^^^^^^^^^^^^^^^^^^^^^^^^^^^^^^^
  File "/usr/lib/python3.14/contextlib.py", line 141, in __enter__
    return next(self.gen)
  File "/home/auss/git_repos/samaust/Experiments_4DGS/tests/test_vipe_benchmark_s1_helper_fixtures.py", line 290, in state
    root=Path(root);root.mkdir(parents=True);(root/'jobs').mkdir()
              ^^^^
UnboundLocalError: cannot access local variable 'root' where it is not associated with a value

======================================================================
ERROR: test_progress_plan047_deadline_steps (test_vipe_benchmark_supervisor.HelperSessionTests.test_progress_plan047_deadline_steps) (operation='array_npy', when='after')
----------------------------------------------------------------------
Traceback (most recent call last):
  File "/home/auss/git_repos/samaust/Experiments_4DGS/tests/test_vipe_benchmark_supervisor.py", line 2735, in test_progress_plan047_deadline_steps
    with self.subTest(**case),plan047_state(fixture,Path(temp)/str(index)) as state,contextlib.ExitStack() as stack:
                              ~~~~~~~~~~~~~^^^^^^^^^^^^^^^^^^^^^^^^^^^^^^^
  File "/usr/lib/python3.14/contextlib.py", line 141, in __enter__
    return next(self.gen)
  File "/home/auss/git_repos/samaust/Experiments_4DGS/tests/test_vipe_benchmark_s1_helper_fixtures.py", line 290, in state
    root=Path(root);root.mkdir(parents=True);(root/'jobs').mkdir()
              ^^^^
UnboundLocalError: cannot access local variable 'root' where it is not associated with a value

======================================================================
ERROR: test_progress_plan047_deadline_steps (test_vipe_benchmark_supervisor.HelperSessionTests.test_progress_plan047_deadline_steps) (operation='array_png', when='before')
----------------------------------------------------------------------
Traceback (most recent call last):
  File "/home/auss/git_repos/samaust/Experiments_4DGS/tests/test_vipe_benchmark_supervisor.py", line 2735, in test_progress_plan047_deadline_steps
    with self.subTest(**case),plan047_state(fixture,Path(temp)/str(index)) as state,contextlib.ExitStack() as stack:
                              ~~~~~~~~~~~~~^^^^^^^^^^^^^^^^^^^^^^^^^^^^^^^
  File "/usr/lib/python3.14/contextlib.py", line 141, in __enter__
    return next(self.gen)
  File "/home/auss/git_repos/samaust/Experiments_4DGS/tests/test_vipe_benchmark_s1_helper_fixtures.py", line 290, in state
    root=Path(root);root.mkdir(parents=True);(root/'jobs').mkdir()
              ^^^^
UnboundLocalError: cannot access local variable 'root' where it is not associated with a value

======================================================================
ERROR: test_progress_plan047_deadline_steps (test_vipe_benchmark_supervisor.HelperSessionTests.test_progress_plan047_deadline_steps) (operation='array_png', when='equal')
----------------------------------------------------------------------
Traceback (most recent call last):
  File "/home/auss/git_repos/samaust/Experiments_4DGS/tests/test_vipe_benchmark_supervisor.py", line 2735, in test_progress_plan047_deadline_steps
    with self.subTest(**case),plan047_state(fixture,Path(temp)/str(index)) as state,contextlib.ExitStack() as stack:
                              ~~~~~~~~~~~~~^^^^^^^^^^^^^^^^^^^^^^^^^^^^^^^
  File "/usr/lib/python3.14/contextlib.py", line 141, in __enter__
    return next(self.gen)
  File "/home/auss/git_repos/samaust/Experiments_4DGS/tests/test_vipe_benchmark_s1_helper_fixtures.py", line 290, in state
    root=Path(root);root.mkdir(parents=True);(root/'jobs').mkdir()
              ^^^^
UnboundLocalError: cannot access local variable 'root' where it is not associated with a value

======================================================================
ERROR: test_progress_plan047_deadline_steps (test_vipe_benchmark_supervisor.HelperSessionTests.test_progress_plan047_deadline_steps) (operation='array_png', when='after')
----------------------------------------------------------------------
Traceback (most recent call last):
  File "/home/auss/git_repos/samaust/Experiments_4DGS/tests/test_vipe_benchmark_supervisor.py", line 2735, in test_progress_plan047_deadline_steps
    with self.subTest(**case),plan047_state(fixture,Path(temp)/str(index)) as state,contextlib.ExitStack() as stack:
                              ~~~~~~~~~~~~~^^^^^^^^^^^^^^^^^^^^^^^^^^^^^^^
  File "/usr/lib/python3.14/contextlib.py", line 141, in __enter__
    return next(self.gen)
  File "/home/auss/git_repos/samaust/Experiments_4DGS/tests/test_vipe_benchmark_s1_helper_fixtures.py", line 290, in state
    root=Path(root);root.mkdir(parents=True);(root/'jobs').mkdir()
              ^^^^
UnboundLocalError: cannot access local variable 'root' where it is not associated with a value

======================================================================
ERROR: test_progress_plan047_deadline_steps (test_vipe_benchmark_supervisor.HelperSessionTests.test_progress_plan047_deadline_steps) (operation='npz_member', when='before')
----------------------------------------------------------------------
Traceback (most recent call last):
  File "/home/auss/git_repos/samaust/Experiments_4DGS/tests/test_vipe_benchmark_supervisor.py", line 2735, in test_progress_plan047_deadline_steps
    with self.subTest(**case),plan047_state(fixture,Path(temp)/str(index)) as state,contextlib.ExitStack() as stack:
                              ~~~~~~~~~~~~~^^^^^^^^^^^^^^^^^^^^^^^^^^^^^^^
  File "/usr/lib/python3.14/contextlib.py", line 141, in __enter__
    return next(self.gen)
  File "/home/auss/git_repos/samaust/Experiments_4DGS/tests/test_vipe_benchmark_s1_helper_fixtures.py", line 290, in state
    root=Path(root);root.mkdir(parents=True);(root/'jobs').mkdir()
              ^^^^
UnboundLocalError: cannot access local variable 'root' where it is not associated with a value

======================================================================
ERROR: test_progress_plan047_deadline_steps (test_vipe_benchmark_supervisor.HelperSessionTests.test_progress_plan047_deadline_steps) (operation='npz_member', when='equal')
----------------------------------------------------------------------
Traceback (most recent call last):
  File "/home/auss/git_repos/samaust/Experiments_4DGS/tests/test_vipe_benchmark_supervisor.py", line 2735, in test_progress_plan047_deadline_steps
    with self.subTest(**case),plan047_state(fixture,Path(temp)/str(index)) as state,contextlib.ExitStack() as stack:
                              ~~~~~~~~~~~~~^^^^^^^^^^^^^^^^^^^^^^^^^^^^^^^
  File "/usr/lib/python3.14/contextlib.py", line 141, in __enter__
    return next(self.gen)
  File "/home/auss/git_repos/samaust/Experiments_4DGS/tests/test_vipe_benchmark_s1_helper_fixtures.py", line 290, in state
    root=Path(root);root.mkdir(parents=True);(root/'jobs').mkdir()
              ^^^^
UnboundLocalError: cannot access local variable 'root' where it is not associated with a value

======================================================================
ERROR: test_progress_plan047_deadline_steps (test_vipe_benchmark_supervisor.HelperSessionTests.test_progress_plan047_deadline_steps) (operation='npz_member', when='after')
----------------------------------------------------------------------
Traceback (most recent call last):
  File "/home/auss/git_repos/samaust/Experiments_4DGS/tests/test_vipe_benchmark_supervisor.py", line 2735, in test_progress_plan047_deadline_steps
    with self.subTest(**case),plan047_state(fixture,Path(temp)/str(index)) as state,contextlib.ExitStack() as stack:
                              ~~~~~~~~~~~~~^^^^^^^^^^^^^^^^^^^^^^^^^^^^^^^
  File "/usr/lib/python3.14/contextlib.py", line 141, in __enter__
    return next(self.gen)
  File "/home/auss/git_repos/samaust/Experiments_4DGS/tests/test_vipe_benchmark_s1_helper_fixtures.py", line 290, in state
    root=Path(root);root.mkdir(parents=True);(root/'jobs').mkdir()
              ^^^^
UnboundLocalError: cannot access local variable 'root' where it is not associated with a value

======================================================================
ERROR: test_progress_plan047_deadline_steps (test_vipe_benchmark_supervisor.HelperSessionTests.test_progress_plan047_deadline_steps) (operation='npz_finalize', when='before')
----------------------------------------------------------------------
Traceback (most recent call last):
  File "/home/auss/git_repos/samaust/Experiments_4DGS/tests/test_vipe_benchmark_supervisor.py", line 2735, in test_progress_plan047_deadline_steps
    with self.subTest(**case),plan047_state(fixture,Path(temp)/str(index)) as state,contextlib.ExitStack() as stack:
                              ~~~~~~~~~~~~~^^^^^^^^^^^^^^^^^^^^^^^^^^^^^^^
  File "/usr/lib/python3.14/contextlib.py", line 141, in __enter__
    return next(self.gen)
  File "/home/auss/git_repos/samaust/Experiments_4DGS/tests/test_vipe_benchmark_s1_helper_fixtures.py", line 290, in state
    root=Path(root);root.mkdir(parents=True);(root/'jobs').mkdir()
              ^^^^
UnboundLocalError: cannot access local variable 'root' where it is not associated with a value

======================================================================
ERROR: test_progress_plan047_deadline_steps (test_vipe_benchmark_supervisor.HelperSessionTests.test_progress_plan047_deadline_steps) (operation='npz_finalize', when='equal')
----------------------------------------------------------------------
Traceback (most recent call last):
  File "/home/auss/git_repos/samaust/Experiments_4DGS/tests/test_vipe_benchmark_supervisor.py", line 2735, in test_progress_plan047_deadline_steps
    with self.subTest(**case),plan047_state(fixture,Path(temp)/str(index)) as state,contextlib.ExitStack() as stack:
                              ~~~~~~~~~~~~~^^^^^^^^^^^^^^^^^^^^^^^^^^^^^^^
  File "/usr/lib/python3.14/contextlib.py", line 141, in __enter__
    return next(self.gen)
  File "/home/auss/git_repos/samaust/Experiments_4DGS/tests/test_vipe_benchmark_s1_helper_fixtures.py", line 290, in state
    root=Path(root);root.mkdir(parents=True);(root/'jobs').mkdir()
              ^^^^
UnboundLocalError: cannot access local variable 'root' where it is not associated with a value

======================================================================
ERROR: test_progress_plan047_deadline_steps (test_vipe_benchmark_supervisor.HelperSessionTests.test_progress_plan047_deadline_steps) (operation='npz_finalize', when='after')
----------------------------------------------------------------------
Traceback (most recent call last):
  File "/home/auss/git_repos/samaust/Experiments_4DGS/tests/test_vipe_benchmark_supervisor.py", line 2735, in test_progress_plan047_deadline_steps
    with self.subTest(**case),plan047_state(fixture,Path(temp)/str(index)) as state,contextlib.ExitStack() as stack:
                              ~~~~~~~~~~~~~^^^^^^^^^^^^^^^^^^^^^^^^^^^^^^^
  File "/usr/lib/python3.14/contextlib.py", line 141, in __enter__
    return next(self.gen)
  File "/home/auss/git_repos/samaust/Experiments_4DGS/tests/test_vipe_benchmark_s1_helper_fixtures.py", line 290, in state
    root=Path(root);root.mkdir(parents=True);(root/'jobs').mkdir()
              ^^^^
UnboundLocalError: cannot access local variable 'root' where it is not associated with a value

======================================================================
ERROR: test_progress_plan047_deadline_steps (test_vipe_benchmark_supervisor.HelperSessionTests.test_progress_plan047_deadline_steps) (operation='array_hash', when='before')
----------------------------------------------------------------------
Traceback (most recent call last):
  File "/home/auss/git_repos/samaust/Experiments_4DGS/tests/test_vipe_benchmark_supervisor.py", line 2735, in test_progress_plan047_deadline_steps
    with self.subTest(**case),plan047_state(fixture,Path(temp)/str(index)) as state,contextlib.ExitStack() as stack:
                              ~~~~~~~~~~~~~^^^^^^^^^^^^^^^^^^^^^^^^^^^^^^^
  File "/usr/lib/python3.14/contextlib.py", line 141, in __enter__
    return next(self.gen)
  File "/home/auss/git_repos/samaust/Experiments_4DGS/tests/test_vipe_benchmark_s1_helper_fixtures.py", line 290, in state
    root=Path(root);root.mkdir(parents=True);(root/'jobs').mkdir()
              ^^^^
UnboundLocalError: cannot access local variable 'root' where it is not associated with a value

======================================================================
ERROR: test_progress_plan047_deadline_steps (test_vipe_benchmark_supervisor.HelperSessionTests.test_progress_plan047_deadline_steps) (operation='array_hash', when='equal')
----------------------------------------------------------------------
Traceback (most recent call last):
  File "/home/auss/git_repos/samaust/Experiments_4DGS/tests/test_vipe_benchmark_supervisor.py", line 2735, in test_progress_plan047_deadline_steps
    with self.subTest(**case),plan047_state(fixture,Path(temp)/str(index)) as state,contextlib.ExitStack() as stack:
                              ~~~~~~~~~~~~~^^^^^^^^^^^^^^^^^^^^^^^^^^^^^^^
  File "/usr/lib/python3.14/contextlib.py", line 141, in __enter__
    return next(self.gen)
  File "/home/auss/git_repos/samaust/Experiments_4DGS/tests/test_vipe_benchmark_s1_helper_fixtures.py", line 290, in state
    root=Path(root);root.mkdir(parents=True);(root/'jobs').mkdir()
              ^^^^
UnboundLocalError: cannot access local variable 'root' where it is not associated with a value

======================================================================
ERROR: test_progress_plan047_deadline_steps (test_vipe_benchmark_supervisor.HelperSessionTests.test_progress_plan047_deadline_steps) (operation='array_hash', when='after')
----------------------------------------------------------------------
Traceback (most recent call last):
  File "/home/auss/git_repos/samaust/Experiments_4DGS/tests/test_vipe_benchmark_supervisor.py", line 2735, in test_progress_plan047_deadline_steps
    with self.subTest(**case),plan047_state(fixture,Path(temp)/str(index)) as state,contextlib.ExitStack() as stack:
                              ~~~~~~~~~~~~~^^^^^^^^^^^^^^^^^^^^^^^^^^^^^^^
  File "/usr/lib/python3.14/contextlib.py", line 141, in __enter__
    return next(self.gen)
  File "/home/auss/git_repos/samaust/Experiments_4DGS/tests/test_vipe_benchmark_s1_helper_fixtures.py", line 290, in state
    root=Path(root);root.mkdir(parents=True);(root/'jobs').mkdir()
              ^^^^
UnboundLocalError: cannot access local variable 'root' where it is not associated with a value

======================================================================
ERROR: test_progress_plan047_deadline_steps (test_vipe_benchmark_supervisor.HelperSessionTests.test_progress_plan047_deadline_steps) (operation='produced_json', when='before')
----------------------------------------------------------------------
Traceback (most recent call last):
  File "/home/auss/git_repos/samaust/Experiments_4DGS/tests/test_vipe_benchmark_supervisor.py", line 2735, in test_progress_plan047_deadline_steps
    with self.subTest(**case),plan047_state(fixture,Path(temp)/str(index)) as state,contextlib.ExitStack() as stack:
                              ~~~~~~~~~~~~~^^^^^^^^^^^^^^^^^^^^^^^^^^^^^^^
  File "/usr/lib/python3.14/contextlib.py", line 141, in __enter__
    return next(self.gen)
  File "/home/auss/git_repos/samaust/Experiments_4DGS/tests/test_vipe_benchmark_s1_helper_fixtures.py", line 290, in state
    root=Path(root);root.mkdir(parents=True);(root/'jobs').mkdir()
              ^^^^
UnboundLocalError: cannot access local variable 'root' where it is not associated with a value

======================================================================
ERROR: test_progress_plan047_deadline_steps (test_vipe_benchmark_supervisor.HelperSessionTests.test_progress_plan047_deadline_steps) (operation='produced_json', when='equal')
----------------------------------------------------------------------
Traceback (most recent call last):
  File "/home/auss/git_repos/samaust/Experiments_4DGS/tests/test_vipe_benchmark_supervisor.py", line 2735, in test_progress_plan047_deadline_steps
    with self.subTest(**case),plan047_state(fixture,Path(temp)/str(index)) as state,contextlib.ExitStack() as stack:
                              ~~~~~~~~~~~~~^^^^^^^^^^^^^^^^^^^^^^^^^^^^^^^
  File "/usr/lib/python3.14/contextlib.py", line 141, in __enter__
    return next(self.gen)
  File "/home/auss/git_repos/samaust/Experiments_4DGS/tests/test_vipe_benchmark_s1_helper_fixtures.py", line 290, in state
    root=Path(root);root.mkdir(parents=True);(root/'jobs').mkdir()
              ^^^^
UnboundLocalError: cannot access local variable 'root' where it is not associated with a value

======================================================================
ERROR: test_progress_plan047_deadline_steps (test_vipe_benchmark_supervisor.HelperSessionTests.test_progress_plan047_deadline_steps) (operation='produced_json', when='after')
----------------------------------------------------------------------
Traceback (most recent call last):
  File "/home/auss/git_repos/samaust/Experiments_4DGS/tests/test_vipe_benchmark_supervisor.py", line 2735, in test_progress_plan047_deadline_steps
    with self.subTest(**case),plan047_state(fixture,Path(temp)/str(index)) as state,contextlib.ExitStack() as stack:
                              ~~~~~~~~~~~~~^^^^^^^^^^^^^^^^^^^^^^^^^^^^^^^
  File "/usr/lib/python3.14/contextlib.py", line 141, in __enter__
    return next(self.gen)
  File "/home/auss/git_repos/samaust/Experiments_4DGS/tests/test_vipe_benchmark_s1_helper_fixtures.py", line 290, in state
    root=Path(root);root.mkdir(parents=True);(root/'jobs').mkdir()
              ^^^^
UnboundLocalError: cannot access local variable 'root' where it is not associated with a value

======================================================================
ERROR: test_progress_plan047_deadline_steps (test_vipe_benchmark_supervisor.HelperSessionTests.test_progress_plan047_deadline_steps) (operation='produced_read', when='before')
----------------------------------------------------------------------
Traceback (most recent call last):
  File "/home/auss/git_repos/samaust/Experiments_4DGS/tests/test_vipe_benchmark_supervisor.py", line 2735, in test_progress_plan047_deadline_steps
    with self.subTest(**case),plan047_state(fixture,Path(temp)/str(index)) as state,contextlib.ExitStack() as stack:
                              ~~~~~~~~~~~~~^^^^^^^^^^^^^^^^^^^^^^^^^^^^^^^
  File "/usr/lib/python3.14/contextlib.py", line 141, in __enter__
    return next(self.gen)
  File "/home/auss/git_repos/samaust/Experiments_4DGS/tests/test_vipe_benchmark_s1_helper_fixtures.py", line 290, in state
    root=Path(root);root.mkdir(parents=True);(root/'jobs').mkdir()
              ^^^^
UnboundLocalError: cannot access local variable 'root' where it is not associated with a value

======================================================================
ERROR: test_progress_plan047_deadline_steps (test_vipe_benchmark_supervisor.HelperSessionTests.test_progress_plan047_deadline_steps) (operation='produced_read', when='equal')
----------------------------------------------------------------------
Traceback (most recent call last):
  File "/home/auss/git_repos/samaust/Experiments_4DGS/tests/test_vipe_benchmark_supervisor.py", line 2735, in test_progress_plan047_deadline_steps
    with self.subTest(**case),plan047_state(fixture,Path(temp)/str(index)) as state,contextlib.ExitStack() as stack:
                              ~~~~~~~~~~~~~^^^^^^^^^^^^^^^^^^^^^^^^^^^^^^^
  File "/usr/lib/python3.14/contextlib.py", line 141, in __enter__
    return next(self.gen)
  File "/home/auss/git_repos/samaust/Experiments_4DGS/tests/test_vipe_benchmark_s1_helper_fixtures.py", line 290, in state
    root=Path(root);root.mkdir(parents=True);(root/'jobs').mkdir()
              ^^^^
UnboundLocalError: cannot access local variable 'root' where it is not associated with a value

======================================================================
ERROR: test_progress_plan047_deadline_steps (test_vipe_benchmark_supervisor.HelperSessionTests.test_progress_plan047_deadline_steps) (operation='produced_read', when='after')
----------------------------------------------------------------------
Traceback (most recent call last):
  File "/home/auss/git_repos/samaust/Experiments_4DGS/tests/test_vipe_benchmark_supervisor.py", line 2735, in test_progress_plan047_deadline_steps
    with self.subTest(**case),plan047_state(fixture,Path(temp)/str(index)) as state,contextlib.ExitStack() as stack:
                              ~~~~~~~~~~~~~^^^^^^^^^^^^^^^^^^^^^^^^^^^^^^^
  File "/usr/lib/python3.14/contextlib.py", line 141, in __enter__
    return next(self.gen)
  File "/home/auss/git_repos/samaust/Experiments_4DGS/tests/test_vipe_benchmark_s1_helper_fixtures.py", line 290, in state
    root=Path(root);root.mkdir(parents=True);(root/'jobs').mkdir()
              ^^^^
UnboundLocalError: cannot access local variable 'root' where it is not associated with a value

======================================================================
ERROR: test_progress_plan047_deadline_steps (test_vipe_benchmark_supervisor.HelperSessionTests.test_progress_plan047_deadline_steps) (operation='produced_guard', when='before')
----------------------------------------------------------------------
Traceback (most recent call last):
  File "/home/auss/git_repos/samaust/Experiments_4DGS/tests/test_vipe_benchmark_supervisor.py", line 2735, in test_progress_plan047_deadline_steps
    with self.subTest(**case),plan047_state(fixture,Path(temp)/str(index)) as state,contextlib.ExitStack() as stack:
                              ~~~~~~~~~~~~~^^^^^^^^^^^^^^^^^^^^^^^^^^^^^^^
  File "/usr/lib/python3.14/contextlib.py", line 141, in __enter__
    return next(self.gen)
  File "/home/auss/git_repos/samaust/Experiments_4DGS/tests/test_vipe_benchmark_s1_helper_fixtures.py", line 290, in state
    root=Path(root);root.mkdir(parents=True);(root/'jobs').mkdir()
              ^^^^
UnboundLocalError: cannot access local variable 'root' where it is not associated with a value

======================================================================
ERROR: test_progress_plan047_deadline_steps (test_vipe_benchmark_supervisor.HelperSessionTests.test_progress_plan047_deadline_steps) (operation='produced_guard', when='equal')
----------------------------------------------------------------------
Traceback (most recent call last):
  File "/home/auss/git_repos/samaust/Experiments_4DGS/tests/test_vipe_benchmark_supervisor.py", line 2735, in test_progress_plan047_deadline_steps
    with self.subTest(**case),plan047_state(fixture,Path(temp)/str(index)) as state,contextlib.ExitStack() as stack:
                              ~~~~~~~~~~~~~^^^^^^^^^^^^^^^^^^^^^^^^^^^^^^^
  File "/usr/lib/python3.14/contextlib.py", line 141, in __enter__
    return next(self.gen)
  File "/home/auss/git_repos/samaust/Experiments_4DGS/tests/test_vipe_benchmark_s1_helper_fixtures.py", line 290, in state
    root=Path(root);root.mkdir(parents=True);(root/'jobs').mkdir()
              ^^^^
UnboundLocalError: cannot access local variable 'root' where it is not associated with a value

======================================================================
ERROR: test_progress_plan047_deadline_steps (test_vipe_benchmark_supervisor.HelperSessionTests.test_progress_plan047_deadline_steps) (operation='produced_guard', when='after')
----------------------------------------------------------------------
Traceback (most recent call last):
  File "/home/auss/git_repos/samaust/Experiments_4DGS/tests/test_vipe_benchmark_supervisor.py", line 2735, in test_progress_plan047_deadline_steps
    with self.subTest(**case),plan047_state(fixture,Path(temp)/str(index)) as state,contextlib.ExitStack() as stack:
                              ~~~~~~~~~~~~~^^^^^^^^^^^^^^^^^^^^^^^^^^^^^^^
  File "/usr/lib/python3.14/contextlib.py", line 141, in __enter__
    return next(self.gen)
  File "/home/auss/git_repos/samaust/Experiments_4DGS/tests/test_vipe_benchmark_s1_helper_fixtures.py", line 290, in state
    root=Path(root);root.mkdir(parents=True);(root/'jobs').mkdir()
              ^^^^
UnboundLocalError: cannot access local variable 'root' where it is not associated with a value

======================================================================
ERROR: test_progress_plan047_deadline_steps (test_vipe_benchmark_supervisor.HelperSessionTests.test_progress_plan047_deadline_steps) (operation='qualified_guard', when='before')
----------------------------------------------------------------------
Traceback (most recent call last):
  File "/home/auss/git_repos/samaust/Experiments_4DGS/tests/test_vipe_benchmark_supervisor.py", line 2735, in test_progress_plan047_deadline_steps
    with self.subTest(**case),plan047_state(fixture,Path(temp)/str(index)) as state,contextlib.ExitStack() as stack:
                              ~~~~~~~~~~~~~^^^^^^^^^^^^^^^^^^^^^^^^^^^^^^^
  File "/usr/lib/python3.14/contextlib.py", line 141, in __enter__
    return next(self.gen)
  File "/home/auss/git_repos/samaust/Experiments_4DGS/tests/test_vipe_benchmark_s1_helper_fixtures.py", line 290, in state
    root=Path(root);root.mkdir(parents=True);(root/'jobs').mkdir()
              ^^^^
UnboundLocalError: cannot access local variable 'root' where it is not associated with a value

======================================================================
ERROR: test_progress_plan047_deadline_steps (test_vipe_benchmark_supervisor.HelperSessionTests.test_progress_plan047_deadline_steps) (operation='qualified_guard', when='equal')
----------------------------------------------------------------------
Traceback (most recent call last):
  File "/home/auss/git_repos/samaust/Experiments_4DGS/tests/test_vipe_benchmark_supervisor.py", line 2735, in test_progress_plan047_deadline_steps
    with self.subTest(**case),plan047_state(fixture,Path(temp)/str(index)) as state,contextlib.ExitStack() as stack:
                              ~~~~~~~~~~~~~^^^^^^^^^^^^^^^^^^^^^^^^^^^^^^^
  File "/usr/lib/python3.14/contextlib.py", line 141, in __enter__
    return next(self.gen)
  File "/home/auss/git_repos/samaust/Experiments_4DGS/tests/test_vipe_benchmark_s1_helper_fixtures.py", line 290, in state
    root=Path(root);root.mkdir(parents=True);(root/'jobs').mkdir()
              ^^^^
UnboundLocalError: cannot access local variable 'root' where it is not associated with a value

======================================================================
ERROR: test_progress_plan047_deadline_steps (test_vipe_benchmark_supervisor.HelperSessionTests.test_progress_plan047_deadline_steps) (operation='qualified_guard', when='after')
----------------------------------------------------------------------
Traceback (most recent call last):
  File "/home/auss/git_repos/samaust/Experiments_4DGS/tests/test_vipe_benchmark_supervisor.py", line 2735, in test_progress_plan047_deadline_steps
    with self.subTest(**case),plan047_state(fixture,Path(temp)/str(index)) as state,contextlib.ExitStack() as stack:
                              ~~~~~~~~~~~~~^^^^^^^^^^^^^^^^^^^^^^^^^^^^^^^
  File "/usr/lib/python3.14/contextlib.py", line 141, in __enter__
    return next(self.gen)
  File "/home/auss/git_repos/samaust/Experiments_4DGS/tests/test_vipe_benchmark_s1_helper_fixtures.py", line 290, in state
    root=Path(root);root.mkdir(parents=True);(root/'jobs').mkdir()
              ^^^^
UnboundLocalError: cannot access local variable 'root' where it is not associated with a value

======================================================================
ERROR: test_progress_plan047_deadline_steps (test_vipe_benchmark_supervisor.HelperSessionTests.test_progress_plan047_deadline_steps) (operation='first_guard', when='before')
----------------------------------------------------------------------
Traceback (most recent call last):
  File "/home/auss/git_repos/samaust/Experiments_4DGS/tests/test_vipe_benchmark_supervisor.py", line 2735, in test_progress_plan047_deadline_steps
    with self.subTest(**case),plan047_state(fixture,Path(temp)/str(index)) as state,contextlib.ExitStack() as stack:
                              ~~~~~~~~~~~~~^^^^^^^^^^^^^^^^^^^^^^^^^^^^^^^
  File "/usr/lib/python3.14/contextlib.py", line 141, in __enter__
    return next(self.gen)
  File "/home/auss/git_repos/samaust/Experiments_4DGS/tests/test_vipe_benchmark_s1_helper_fixtures.py", line 290, in state
    root=Path(root);root.mkdir(parents=True);(root/'jobs').mkdir()
              ^^^^
UnboundLocalError: cannot access local variable 'root' where it is not associated with a value

======================================================================
ERROR: test_progress_plan047_deadline_steps (test_vipe_benchmark_supervisor.HelperSessionTests.test_progress_plan047_deadline_steps) (operation='first_guard', when='equal')
----------------------------------------------------------------------
Traceback (most recent call last):
  File "/home/auss/git_repos/samaust/Experiments_4DGS/tests/test_vipe_benchmark_supervisor.py", line 2735, in test_progress_plan047_deadline_steps
    with self.subTest(**case),plan047_state(fixture,Path(temp)/str(index)) as state,contextlib.ExitStack() as stack:
                              ~~~~~~~~~~~~~^^^^^^^^^^^^^^^^^^^^^^^^^^^^^^^
  File "/usr/lib/python3.14/contextlib.py", line 141, in __enter__
    return next(self.gen)
  File "/home/auss/git_repos/samaust/Experiments_4DGS/tests/test_vipe_benchmark_s1_helper_fixtures.py", line 290, in state
    root=Path(root);root.mkdir(parents=True);(root/'jobs').mkdir()
              ^^^^
UnboundLocalError: cannot access local variable 'root' where it is not associated with a value

======================================================================
ERROR: test_progress_plan047_deadline_steps (test_vipe_benchmark_supervisor.HelperSessionTests.test_progress_plan047_deadline_steps) (operation='first_guard', when='after')
----------------------------------------------------------------------
Traceback (most recent call last):
  File "/home/auss/git_repos/samaust/Experiments_4DGS/tests/test_vipe_benchmark_supervisor.py", line 2735, in test_progress_plan047_deadline_steps
    with self.subTest(**case),plan047_state(fixture,Path(temp)/str(index)) as state,contextlib.ExitStack() as stack:
                              ~~~~~~~~~~~~~^^^^^^^^^^^^^^^^^^^^^^^^^^^^^^^
  File "/usr/lib/python3.14/contextlib.py", line 141, in __enter__
    return next(self.gen)
  File "/home/auss/git_repos/samaust/Experiments_4DGS/tests/test_vipe_benchmark_s1_helper_fixtures.py", line 290, in state
    root=Path(root);root.mkdir(parents=True);(root/'jobs').mkdir()
              ^^^^
UnboundLocalError: cannot access local variable 'root' where it is not associated with a value

======================================================================
ERROR: test_progress_plan047_deadline_steps (test_vipe_benchmark_supervisor.HelperSessionTests.test_progress_plan047_deadline_steps) (operation='runtime_guard', when='before')
----------------------------------------------------------------------
Traceback (most recent call last):
  File "/home/auss/git_repos/samaust/Experiments_4DGS/tests/test_vipe_benchmark_supervisor.py", line 2735, in test_progress_plan047_deadline_steps
    with self.subTest(**case),plan047_state(fixture,Path(temp)/str(index)) as state,contextlib.ExitStack() as stack:
                              ~~~~~~~~~~~~~^^^^^^^^^^^^^^^^^^^^^^^^^^^^^^^
  File "/usr/lib/python3.14/contextlib.py", line 141, in __enter__
    return next(self.gen)
  File "/home/auss/git_repos/samaust/Experiments_4DGS/tests/test_vipe_benchmark_s1_helper_fixtures.py", line 290, in state
    root=Path(root);root.mkdir(parents=True);(root/'jobs').mkdir()
              ^^^^
UnboundLocalError: cannot access local variable 'root' where it is not associated with a value

======================================================================
ERROR: test_progress_plan047_deadline_steps (test_vipe_benchmark_supervisor.HelperSessionTests.test_progress_plan047_deadline_steps) (operation='runtime_guard', when='equal')
----------------------------------------------------------------------
Traceback (most recent call last):
  File "/home/auss/git_repos/samaust/Experiments_4DGS/tests/test_vipe_benchmark_supervisor.py", line 2735, in test_progress_plan047_deadline_steps
    with self.subTest(**case),plan047_state(fixture,Path(temp)/str(index)) as state,contextlib.ExitStack() as stack:
                              ~~~~~~~~~~~~~^^^^^^^^^^^^^^^^^^^^^^^^^^^^^^^
  File "/usr/lib/python3.14/contextlib.py", line 141, in __enter__
    return next(self.gen)
  File "/home/auss/git_repos/samaust/Experiments_4DGS/tests/test_vipe_benchmark_s1_helper_fixtures.py", line 290, in state
    root=Path(root);root.mkdir(parents=True);(root/'jobs').mkdir()
              ^^^^
UnboundLocalError: cannot access local variable 'root' where it is not associated with a value

======================================================================
ERROR: test_progress_plan047_deadline_steps (test_vipe_benchmark_supervisor.HelperSessionTests.test_progress_plan047_deadline_steps) (operation='runtime_guard', when='after')
----------------------------------------------------------------------
Traceback (most recent call last):
  File "/home/auss/git_repos/samaust/Experiments_4DGS/tests/test_vipe_benchmark_supervisor.py", line 2735, in test_progress_plan047_deadline_steps
    with self.subTest(**case),plan047_state(fixture,Path(temp)/str(index)) as state,contextlib.ExitStack() as stack:
                              ~~~~~~~~~~~~~^^^^^^^^^^^^^^^^^^^^^^^^^^^^^^^
  File "/usr/lib/python3.14/contextlib.py", line 141, in __enter__
    return next(self.gen)
  File "/home/auss/git_repos/samaust/Experiments_4DGS/tests/test_vipe_benchmark_s1_helper_fixtures.py", line 290, in state
    root=Path(root);root.mkdir(parents=True);(root/'jobs').mkdir()
              ^^^^
UnboundLocalError: cannot access local variable 'root' where it is not associated with a value

======================================================================
ERROR: test_progress_plan047_deadline_steps (test_vipe_benchmark_supervisor.HelperSessionTests.test_progress_plan047_deadline_steps) (operation='reuse_after_read', when='before')
----------------------------------------------------------------------
Traceback (most recent call last):
  File "/home/auss/git_repos/samaust/Experiments_4DGS/tests/test_vipe_benchmark_supervisor.py", line 2735, in test_progress_plan047_deadline_steps
    with self.subTest(**case),plan047_state(fixture,Path(temp)/str(index)) as state,contextlib.ExitStack() as stack:
                              ~~~~~~~~~~~~~^^^^^^^^^^^^^^^^^^^^^^^^^^^^^^^
  File "/usr/lib/python3.14/contextlib.py", line 141, in __enter__
    return next(self.gen)
  File "/home/auss/git_repos/samaust/Experiments_4DGS/tests/test_vipe_benchmark_s1_helper_fixtures.py", line 290, in state
    root=Path(root);root.mkdir(parents=True);(root/'jobs').mkdir()
              ^^^^
UnboundLocalError: cannot access local variable 'root' where it is not associated with a value

======================================================================
ERROR: test_progress_plan047_deadline_steps (test_vipe_benchmark_supervisor.HelperSessionTests.test_progress_plan047_deadline_steps) (operation='reuse_after_read', when='equal')
----------------------------------------------------------------------
Traceback (most recent call last):
  File "/home/auss/git_repos/samaust/Experiments_4DGS/tests/test_vipe_benchmark_supervisor.py", line 2735, in test_progress_plan047_deadline_steps
    with self.subTest(**case),plan047_state(fixture,Path(temp)/str(index)) as state,contextlib.ExitStack() as stack:
                              ~~~~~~~~~~~~~^^^^^^^^^^^^^^^^^^^^^^^^^^^^^^^
  File "/usr/lib/python3.14/contextlib.py", line 141, in __enter__
    return next(self.gen)
  File "/home/auss/git_repos/samaust/Experiments_4DGS/tests/test_vipe_benchmark_s1_helper_fixtures.py", line 290, in state
    root=Path(root);root.mkdir(parents=True);(root/'jobs').mkdir()
              ^^^^
UnboundLocalError: cannot access local variable 'root' where it is not associated with a value

======================================================================
ERROR: test_progress_plan047_deadline_steps (test_vipe_benchmark_supervisor.HelperSessionTests.test_progress_plan047_deadline_steps) (operation='reuse_after_read', when='after')
----------------------------------------------------------------------
Traceback (most recent call last):
  File "/home/auss/git_repos/samaust/Experiments_4DGS/tests/test_vipe_benchmark_supervisor.py", line 2735, in test_progress_plan047_deadline_steps
    with self.subTest(**case),plan047_state(fixture,Path(temp)/str(index)) as state,contextlib.ExitStack() as stack:
                              ~~~~~~~~~~~~~^^^^^^^^^^^^^^^^^^^^^^^^^^^^^^^
  File "/usr/lib/python3.14/contextlib.py", line 141, in __enter__
    return next(self.gen)
  File "/home/auss/git_repos/samaust/Experiments_4DGS/tests/test_vipe_benchmark_s1_helper_fixtures.py", line 290, in state
    root=Path(root);root.mkdir(parents=True);(root/'jobs').mkdir()
              ^^^^
UnboundLocalError: cannot access local variable 'root' where it is not associated with a value

======================================================================
ERROR: test_progress_plan047_deadline_steps (test_vipe_benchmark_supervisor.HelperSessionTests.test_progress_plan047_deadline_steps) (operation='cleanup_next_array', when='before')
----------------------------------------------------------------------
Traceback (most recent call last):
  File "/home/auss/git_repos/samaust/Experiments_4DGS/tests/test_vipe_benchmark_supervisor.py", line 2735, in test_progress_plan047_deadline_steps
    with self.subTest(**case),plan047_state(fixture,Path(temp)/str(index)) as state,contextlib.ExitStack() as stack:
                              ~~~~~~~~~~~~~^^^^^^^^^^^^^^^^^^^^^^^^^^^^^^^
  File "/usr/lib/python3.14/contextlib.py", line 141, in __enter__
    return next(self.gen)
  File "/home/auss/git_repos/samaust/Experiments_4DGS/tests/test_vipe_benchmark_s1_helper_fixtures.py", line 290, in state
    root=Path(root);root.mkdir(parents=True);(root/'jobs').mkdir()
              ^^^^
UnboundLocalError: cannot access local variable 'root' where it is not associated with a value

======================================================================
ERROR: test_progress_plan047_deadline_steps (test_vipe_benchmark_supervisor.HelperSessionTests.test_progress_plan047_deadline_steps) (operation='cleanup_next_array', when='equal')
----------------------------------------------------------------------
Traceback (most recent call last):
  File "/home/auss/git_repos/samaust/Experiments_4DGS/tests/test_vipe_benchmark_supervisor.py", line 2735, in test_progress_plan047_deadline_steps
    with self.subTest(**case),plan047_state(fixture,Path(temp)/str(index)) as state,contextlib.ExitStack() as stack:
                              ~~~~~~~~~~~~~^^^^^^^^^^^^^^^^^^^^^^^^^^^^^^^
  File "/usr/lib/python3.14/contextlib.py", line 141, in __enter__
    return next(self.gen)
  File "/home/auss/git_repos/samaust/Experiments_4DGS/tests/test_vipe_benchmark_s1_helper_fixtures.py", line 290, in state
    root=Path(root);root.mkdir(parents=True);(root/'jobs').mkdir()
              ^^^^
UnboundLocalError: cannot access local variable 'root' where it is not associated with a value

======================================================================
ERROR: test_progress_plan047_deadline_steps (test_vipe_benchmark_supervisor.HelperSessionTests.test_progress_plan047_deadline_steps) (operation='cleanup_next_array', when='after')
----------------------------------------------------------------------
Traceback (most recent call last):
  File "/home/auss/git_repos/samaust/Experiments_4DGS/tests/test_vipe_benchmark_supervisor.py", line 2735, in test_progress_plan047_deadline_steps
    with self.subTest(**case),plan047_state(fixture,Path(temp)/str(index)) as state,contextlib.ExitStack() as stack:
                              ~~~~~~~~~~~~~^^^^^^^^^^^^^^^^^^^^^^^^^^^^^^^
  File "/usr/lib/python3.14/contextlib.py", line 141, in __enter__
    return next(self.gen)
  File "/home/auss/git_repos/samaust/Experiments_4DGS/tests/test_vipe_benchmark_s1_helper_fixtures.py", line 290, in state
    root=Path(root);root.mkdir(parents=True);(root/'jobs').mkdir()
              ^^^^
UnboundLocalError: cannot access local variable 'root' where it is not associated with a value

======================================================================
ERROR: test_progress_plan047_deadline_steps (test_vipe_benchmark_supervisor.HelperSessionTests.test_progress_plan047_deadline_steps) (operation='accept_after_read', when='before')
----------------------------------------------------------------------
Traceback (most recent call last):
  File "/home/auss/git_repos/samaust/Experiments_4DGS/tests/test_vipe_benchmark_supervisor.py", line 2735, in test_progress_plan047_deadline_steps
    with self.subTest(**case),plan047_state(fixture,Path(temp)/str(index)) as state,contextlib.ExitStack() as stack:
                              ~~~~~~~~~~~~~^^^^^^^^^^^^^^^^^^^^^^^^^^^^^^^
  File "/usr/lib/python3.14/contextlib.py", line 141, in __enter__
    return next(self.gen)
  File "/home/auss/git_repos/samaust/Experiments_4DGS/tests/test_vipe_benchmark_s1_helper_fixtures.py", line 290, in state
    root=Path(root);root.mkdir(parents=True);(root/'jobs').mkdir()
              ^^^^
UnboundLocalError: cannot access local variable 'root' where it is not associated with a value

======================================================================
ERROR: test_progress_plan047_deadline_steps (test_vipe_benchmark_supervisor.HelperSessionTests.test_progress_plan047_deadline_steps) (operation='accept_after_read', when='equal')
----------------------------------------------------------------------
Traceback (most recent call last):
  File "/home/auss/git_repos/samaust/Experiments_4DGS/tests/test_vipe_benchmark_supervisor.py", line 2735, in test_progress_plan047_deadline_steps
    with self.subTest(**case),plan047_state(fixture,Path(temp)/str(index)) as state,contextlib.ExitStack() as stack:
                              ~~~~~~~~~~~~~^^^^^^^^^^^^^^^^^^^^^^^^^^^^^^^
  File "/usr/lib/python3.14/contextlib.py", line 141, in __enter__
    return next(self.gen)
  File "/home/auss/git_repos/samaust/Experiments_4DGS/tests/test_vipe_benchmark_s1_helper_fixtures.py", line 290, in state
    root=Path(root);root.mkdir(parents=True);(root/'jobs').mkdir()
              ^^^^
UnboundLocalError: cannot access local variable 'root' where it is not associated with a value

======================================================================
ERROR: test_progress_plan047_deadline_steps (test_vipe_benchmark_supervisor.HelperSessionTests.test_progress_plan047_deadline_steps) (operation='accept_after_read', when='after')
----------------------------------------------------------------------
Traceback (most recent call last):
  File "/home/auss/git_repos/samaust/Experiments_4DGS/tests/test_vipe_benchmark_supervisor.py", line 2735, in test_progress_plan047_deadline_steps
    with self.subTest(**case),plan047_state(fixture,Path(temp)/str(index)) as state,contextlib.ExitStack() as stack:
                              ~~~~~~~~~~~~~^^^^^^^^^^^^^^^^^^^^^^^^^^^^^^^
  File "/usr/lib/python3.14/contextlib.py", line 141, in __enter__
    return next(self.gen)
  File "/home/auss/git_repos/samaust/Experiments_4DGS/tests/test_vipe_benchmark_s1_helper_fixtures.py", line 290, in state
    root=Path(root);root.mkdir(parents=True);(root/'jobs').mkdir()
              ^^^^
UnboundLocalError: cannot access local variable 'root' where it is not associated with a value

======================================================================
ERROR: test_progress_plan047_deadline_steps (test_vipe_benchmark_supervisor.HelperSessionTests.test_progress_plan047_deadline_steps) (operation='complete_after_read', when='before')
----------------------------------------------------------------------
Traceback (most recent call last):
  File "/home/auss/git_repos/samaust/Experiments_4DGS/tests/test_vipe_benchmark_supervisor.py", line 2735, in test_progress_plan047_deadline_steps
    with self.subTest(**case),plan047_state(fixture,Path(temp)/str(index)) as state,contextlib.ExitStack() as stack:
                              ~~~~~~~~~~~~~^^^^^^^^^^^^^^^^^^^^^^^^^^^^^^^
  File "/usr/lib/python3.14/contextlib.py", line 141, in __enter__
    return next(self.gen)
  File "/home/auss/git_repos/samaust/Experiments_4DGS/tests/test_vipe_benchmark_s1_helper_fixtures.py", line 290, in state
    root=Path(root);root.mkdir(parents=True);(root/'jobs').mkdir()
              ^^^^
UnboundLocalError: cannot access local variable 'root' where it is not associated with a value

======================================================================
ERROR: test_progress_plan047_deadline_steps (test_vipe_benchmark_supervisor.HelperSessionTests.test_progress_plan047_deadline_steps) (operation='complete_after_read', when='equal')
----------------------------------------------------------------------
Traceback (most recent call last):
  File "/home/auss/git_repos/samaust/Experiments_4DGS/tests/test_vipe_benchmark_supervisor.py", line 2735, in test_progress_plan047_deadline_steps
    with self.subTest(**case),plan047_state(fixture,Path(temp)/str(index)) as state,contextlib.ExitStack() as stack:
                              ~~~~~~~~~~~~~^^^^^^^^^^^^^^^^^^^^^^^^^^^^^^^
  File "/usr/lib/python3.14/contextlib.py", line 141, in __enter__
    return next(self.gen)
  File "/home/auss/git_repos/samaust/Experiments_4DGS/tests/test_vipe_benchmark_s1_helper_fixtures.py", line 290, in state
    root=Path(root);root.mkdir(parents=True);(root/'jobs').mkdir()
              ^^^^
UnboundLocalError: cannot access local variable 'root' where it is not associated with a value

======================================================================
ERROR: test_progress_plan047_deadline_steps (test_vipe_benchmark_supervisor.HelperSessionTests.test_progress_plan047_deadline_steps) (operation='complete_after_read', when='after')
----------------------------------------------------------------------
Traceback (most recent call last):
  File "/home/auss/git_repos/samaust/Experiments_4DGS/tests/test_vipe_benchmark_supervisor.py", line 2735, in test_progress_plan047_deadline_steps
    with self.subTest(**case),plan047_state(fixture,Path(temp)/str(index)) as state,contextlib.ExitStack() as stack:
                              ~~~~~~~~~~~~~^^^^^^^^^^^^^^^^^^^^^^^^^^^^^^^
  File "/usr/lib/python3.14/contextlib.py", line 141, in __enter__
    return next(self.gen)
  File "/home/auss/git_repos/samaust/Experiments_4DGS/tests/test_vipe_benchmark_s1_helper_fixtures.py", line 290, in state
    root=Path(root);root.mkdir(parents=True);(root/'jobs').mkdir()
              ^^^^
UnboundLocalError: cannot access local variable 'root' where it is not associated with a value

======================================================================
ERROR: test_progress_plan047_deadline_steps (test_vipe_benchmark_supervisor.HelperSessionTests.test_progress_plan047_deadline_steps) (operation='next_input', when='before')
----------------------------------------------------------------------
Traceback (most recent call last):
  File "/home/auss/git_repos/samaust/Experiments_4DGS/tests/test_vipe_benchmark_supervisor.py", line 2735, in test_progress_plan047_deadline_steps
    with self.subTest(**case),plan047_state(fixture,Path(temp)/str(index)) as state,contextlib.ExitStack() as stack:
                              ~~~~~~~~~~~~~^^^^^^^^^^^^^^^^^^^^^^^^^^^^^^^
  File "/usr/lib/python3.14/contextlib.py", line 141, in __enter__
    return next(self.gen)
  File "/home/auss/git_repos/samaust/Experiments_4DGS/tests/test_vipe_benchmark_s1_helper_fixtures.py", line 290, in state
    root=Path(root);root.mkdir(parents=True);(root/'jobs').mkdir()
              ^^^^
UnboundLocalError: cannot access local variable 'root' where it is not associated with a value

======================================================================
ERROR: test_progress_plan047_deadline_steps (test_vipe_benchmark_supervisor.HelperSessionTests.test_progress_plan047_deadline_steps) (operation='next_input', when='equal')
----------------------------------------------------------------------
Traceback (most recent call last):
  File "/home/auss/git_repos/samaust/Experiments_4DGS/tests/test_vipe_benchmark_supervisor.py", line 2735, in test_progress_plan047_deadline_steps
    with self.subTest(**case),plan047_state(fixture,Path(temp)/str(index)) as state,contextlib.ExitStack() as stack:
                              ~~~~~~~~~~~~~^^^^^^^^^^^^^^^^^^^^^^^^^^^^^^^
  File "/usr/lib/python3.14/contextlib.py", line 141, in __enter__
    return next(self.gen)
  File "/home/auss/git_repos/samaust/Experiments_4DGS/tests/test_vipe_benchmark_s1_helper_fixtures.py", line 290, in state
    root=Path(root);root.mkdir(parents=True);(root/'jobs').mkdir()
              ^^^^
UnboundLocalError: cannot access local variable 'root' where it is not associated with a value

======================================================================
ERROR: test_progress_plan047_deadline_steps (test_vipe_benchmark_supervisor.HelperSessionTests.test_progress_plan047_deadline_steps) (operation='next_input', when='after')
----------------------------------------------------------------------
Traceback (most recent call last):
  File "/home/auss/git_repos/samaust/Experiments_4DGS/tests/test_vipe_benchmark_supervisor.py", line 2735, in test_progress_plan047_deadline_steps
    with self.subTest(**case),plan047_state(fixture,Path(temp)/str(index)) as state,contextlib.ExitStack() as stack:
                              ~~~~~~~~~~~~~^^^^^^^^^^^^^^^^^^^^^^^^^^^^^^^
  File "/usr/lib/python3.14/contextlib.py", line 141, in __enter__
    return next(self.gen)
  File "/home/auss/git_repos/samaust/Experiments_4DGS/tests/test_vipe_benchmark_s1_helper_fixtures.py", line 290, in state
    root=Path(root);root.mkdir(parents=True);(root/'jobs').mkdir()
              ^^^^
UnboundLocalError: cannot access local variable 'root' where it is not associated with a value

======================================================================
ERROR: test_progress_plan047_deadline_steps (test_vipe_benchmark_supervisor.HelperSessionTests.test_progress_plan047_deadline_steps) (operation='worker_popen', when='before')
----------------------------------------------------------------------
Traceback (most recent call last):
  File "/home/auss/git_repos/samaust/Experiments_4DGS/tests/test_vipe_benchmark_supervisor.py", line 2735, in test_progress_plan047_deadline_steps
    with self.subTest(**case),plan047_state(fixture,Path(temp)/str(index)) as state,contextlib.ExitStack() as stack:
                              ~~~~~~~~~~~~~^^^^^^^^^^^^^^^^^^^^^^^^^^^^^^^
  File "/usr/lib/python3.14/contextlib.py", line 141, in __enter__
    return next(self.gen)
  File "/home/auss/git_repos/samaust/Experiments_4DGS/tests/test_vipe_benchmark_s1_helper_fixtures.py", line 290, in state
    root=Path(root);root.mkdir(parents=True);(root/'jobs').mkdir()
              ^^^^
UnboundLocalError: cannot access local variable 'root' where it is not associated with a value

======================================================================
ERROR: test_progress_plan047_deadline_steps (test_vipe_benchmark_supervisor.HelperSessionTests.test_progress_plan047_deadline_steps) (operation='worker_popen', when='equal')
----------------------------------------------------------------------
Traceback (most recent call last):
  File "/home/auss/git_repos/samaust/Experiments_4DGS/tests/test_vipe_benchmark_supervisor.py", line 2735, in test_progress_plan047_deadline_steps
    with self.subTest(**case),plan047_state(fixture,Path(temp)/str(index)) as state,contextlib.ExitStack() as stack:
                              ~~~~~~~~~~~~~^^^^^^^^^^^^^^^^^^^^^^^^^^^^^^^
  File "/usr/lib/python3.14/contextlib.py", line 141, in __enter__
    return next(self.gen)
  File "/home/auss/git_repos/samaust/Experiments_4DGS/tests/test_vipe_benchmark_s1_helper_fixtures.py", line 290, in state
    root=Path(root);root.mkdir(parents=True);(root/'jobs').mkdir()
              ^^^^
UnboundLocalError: cannot access local variable 'root' where it is not associated with a value

======================================================================
ERROR: test_progress_plan047_deadline_steps (test_vipe_benchmark_supervisor.HelperSessionTests.test_progress_plan047_deadline_steps) (operation='worker_popen', when='after')
----------------------------------------------------------------------
Traceback (most recent call last):
  File "/home/auss/git_repos/samaust/Experiments_4DGS/tests/test_vipe_benchmark_supervisor.py", line 2735, in test_progress_plan047_deadline_steps
    with self.subTest(**case),plan047_state(fixture,Path(temp)/str(index)) as state,contextlib.ExitStack() as stack:
                              ~~~~~~~~~~~~~^^^^^^^^^^^^^^^^^^^^^^^^^^^^^^^
  File "/usr/lib/python3.14/contextlib.py", line 141, in __enter__
    return next(self.gen)
  File "/home/auss/git_repos/samaust/Experiments_4DGS/tests/test_vipe_benchmark_s1_helper_fixtures.py", line 290, in state
    root=Path(root);root.mkdir(parents=True);(root/'jobs').mkdir()
              ^^^^
UnboundLocalError: cannot access local variable 'root' where it is not associated with a value

======================================================================
ERROR: test_progress_plan047_limits (test_vipe_benchmark_supervisor.HelperSessionTests.test_progress_plan047_limits)
----------------------------------------------------------------------
Traceback (most recent call last):
  File "/home/auss/git_repos/samaust/Experiments_4DGS/tests/test_vipe_benchmark_supervisor.py", line 2223, in test_progress_plan047_limits
    with plan047_state(fixture,root/'state') as state:
         ~~~~~~~~~~~~~^^^^^^^^^^^^^^^^^^^^^^
  File "/usr/lib/python3.14/contextlib.py", line 141, in __enter__
    return next(self.gen)
  File "/home/auss/git_repos/samaust/Experiments_4DGS/tests/test_vipe_benchmark_s1_helper_fixtures.py", line 290, in state
    root=Path(root);root.mkdir(parents=True);(root/'jobs').mkdir()
              ^^^^
UnboundLocalError: cannot access local variable 'root' where it is not associated with a value

======================================================================
ERROR: test_progress_plan047_nested (test_vipe_benchmark_supervisor.HelperSessionTests.test_progress_plan047_nested)
----------------------------------------------------------------------
Traceback (most recent call last):
  File "/home/auss/git_repos/samaust/Experiments_4DGS/tests/test_vipe_benchmark_supervisor.py", line 2091, in test_progress_plan047_nested
    with plan047_state(fixture,Path(temp)/'state') as state:
         ~~~~~~~~~~~~~^^^^^^^^^^^^^^^^^^^^^^^^^^^^
  File "/usr/lib/python3.14/contextlib.py", line 141, in __enter__
    return next(self.gen)
  File "/home/auss/git_repos/samaust/Experiments_4DGS/tests/test_vipe_benchmark_s1_helper_fixtures.py", line 290, in state
    root=Path(root);root.mkdir(parents=True);(root/'jobs').mkdir()
              ^^^^
UnboundLocalError: cannot access local variable 'root' where it is not associated with a value

======================================================================
ERROR: test_progress_plan047_publication_faults (test_vipe_benchmark_supervisor.HelperSessionTests.test_progress_plan047_publication_faults) (kind='checkpoint_open')
----------------------------------------------------------------------
Traceback (most recent call last):
  File "/home/auss/git_repos/samaust/Experiments_4DGS/tests/test_vipe_benchmark_supervisor.py", line 2296, in test_progress_plan047_publication_faults
    with self.subTest(**case),plan047_state(fixture,Path(temp)/case['kind']) as state:
                              ~~~~~~~~~~~~~^^^^^^^^^^^^^^^^^^^^^^^^^^^^^^^^^
  File "/usr/lib/python3.14/contextlib.py", line 141, in __enter__
    return next(self.gen)
  File "/home/auss/git_repos/samaust/Experiments_4DGS/tests/test_vipe_benchmark_s1_helper_fixtures.py", line 290, in state
    root=Path(root);root.mkdir(parents=True);(root/'jobs').mkdir()
              ^^^^
UnboundLocalError: cannot access local variable 'root' where it is not associated with a value

======================================================================
ERROR: test_progress_plan047_publication_faults (test_vipe_benchmark_supervisor.HelperSessionTests.test_progress_plan047_publication_faults) (kind='checkpoint_write_short')
----------------------------------------------------------------------
Traceback (most recent call last):
  File "/home/auss/git_repos/samaust/Experiments_4DGS/tests/test_vipe_benchmark_supervisor.py", line 2296, in test_progress_plan047_publication_faults
    with self.subTest(**case),plan047_state(fixture,Path(temp)/case['kind']) as state:
                              ~~~~~~~~~~~~~^^^^^^^^^^^^^^^^^^^^^^^^^^^^^^^^^
  File "/usr/lib/python3.14/contextlib.py", line 141, in __enter__
    return next(self.gen)
  File "/home/auss/git_repos/samaust/Experiments_4DGS/tests/test_vipe_benchmark_s1_helper_fixtures.py", line 290, in state
    root=Path(root);root.mkdir(parents=True);(root/'jobs').mkdir()
              ^^^^
UnboundLocalError: cannot access local variable 'root' where it is not associated with a value

======================================================================
ERROR: test_progress_plan047_publication_faults (test_vipe_benchmark_supervisor.HelperSessionTests.test_progress_plan047_publication_faults) (kind='checkpoint_flush')
----------------------------------------------------------------------
Traceback (most recent call last):
  File "/home/auss/git_repos/samaust/Experiments_4DGS/tests/test_vipe_benchmark_supervisor.py", line 2296, in test_progress_plan047_publication_faults
    with self.subTest(**case),plan047_state(fixture,Path(temp)/case['kind']) as state:
                              ~~~~~~~~~~~~~^^^^^^^^^^^^^^^^^^^^^^^^^^^^^^^^^
  File "/usr/lib/python3.14/contextlib.py", line 141, in __enter__
    return next(self.gen)
  File "/home/auss/git_repos/samaust/Experiments_4DGS/tests/test_vipe_benchmark_s1_helper_fixtures.py", line 290, in state
    root=Path(root);root.mkdir(parents=True);(root/'jobs').mkdir()
              ^^^^
UnboundLocalError: cannot access local variable 'root' where it is not associated with a value

======================================================================
ERROR: test_progress_plan047_publication_faults (test_vipe_benchmark_supervisor.HelperSessionTests.test_progress_plan047_publication_faults) (kind='checkpoint_fsync')
----------------------------------------------------------------------
Traceback (most recent call last):
  File "/home/auss/git_repos/samaust/Experiments_4DGS/tests/test_vipe_benchmark_supervisor.py", line 2296, in test_progress_plan047_publication_faults
    with self.subTest(**case),plan047_state(fixture,Path(temp)/case['kind']) as state:
                              ~~~~~~~~~~~~~^^^^^^^^^^^^^^^^^^^^^^^^^^^^^^^^^
  File "/usr/lib/python3.14/contextlib.py", line 141, in __enter__
    return next(self.gen)
  File "/home/auss/git_repos/samaust/Experiments_4DGS/tests/test_vipe_benchmark_s1_helper_fixtures.py", line 290, in state
    root=Path(root);root.mkdir(parents=True);(root/'jobs').mkdir()
              ^^^^
UnboundLocalError: cannot access local variable 'root' where it is not associated with a value

======================================================================
ERROR: test_progress_plan047_publication_faults (test_vipe_benchmark_supervisor.HelperSessionTests.test_progress_plan047_publication_faults) (kind='checkpoint_close')
----------------------------------------------------------------------
Traceback (most recent call last):
  File "/home/auss/git_repos/samaust/Experiments_4DGS/tests/test_vipe_benchmark_supervisor.py", line 2296, in test_progress_plan047_publication_faults
    with self.subTest(**case),plan047_state(fixture,Path(temp)/case['kind']) as state:
                              ~~~~~~~~~~~~~^^^^^^^^^^^^^^^^^^^^^^^^^^^^^^^^^
  File "/usr/lib/python3.14/contextlib.py", line 141, in __enter__
    return next(self.gen)
  File "/home/auss/git_repos/samaust/Experiments_4DGS/tests/test_vipe_benchmark_s1_helper_fixtures.py", line 290, in state
    root=Path(root);root.mkdir(parents=True);(root/'jobs').mkdir()
              ^^^^
UnboundLocalError: cannot access local variable 'root' where it is not associated with a value

======================================================================
ERROR: test_progress_plan047_publication_faults (test_vipe_benchmark_supervisor.HelperSessionTests.test_progress_plan047_publication_faults) (kind='checkpoint_readback')
----------------------------------------------------------------------
Traceback (most recent call last):
  File "/home/auss/git_repos/samaust/Experiments_4DGS/tests/test_vipe_benchmark_supervisor.py", line 2296, in test_progress_plan047_publication_faults
    with self.subTest(**case),plan047_state(fixture,Path(temp)/case['kind']) as state:
                              ~~~~~~~~~~~~~^^^^^^^^^^^^^^^^^^^^^^^^^^^^^^^^^
  File "/usr/lib/python3.14/contextlib.py", line 141, in __enter__
    return next(self.gen)
  File "/home/auss/git_repos/samaust/Experiments_4DGS/tests/test_vipe_benchmark_s1_helper_fixtures.py", line 290, in state
    root=Path(root);root.mkdir(parents=True);(root/'jobs').mkdir()
              ^^^^
UnboundLocalError: cannot access local variable 'root' where it is not associated with a value

======================================================================
ERROR: test_progress_plan047_publication_faults (test_vipe_benchmark_supervisor.HelperSessionTests.test_progress_plan047_publication_faults) (kind='head_open')
----------------------------------------------------------------------
Traceback (most recent call last):
  File "/home/auss/git_repos/samaust/Experiments_4DGS/tests/test_vipe_benchmark_supervisor.py", line 2296, in test_progress_plan047_publication_faults
    with self.subTest(**case),plan047_state(fixture,Path(temp)/case['kind']) as state:
                              ~~~~~~~~~~~~~^^^^^^^^^^^^^^^^^^^^^^^^^^^^^^^^^
  File "/usr/lib/python3.14/contextlib.py", line 141, in __enter__
    return next(self.gen)
  File "/home/auss/git_repos/samaust/Experiments_4DGS/tests/test_vipe_benchmark_s1_helper_fixtures.py", line 290, in state
    root=Path(root);root.mkdir(parents=True);(root/'jobs').mkdir()
              ^^^^
UnboundLocalError: cannot access local variable 'root' where it is not associated with a value

======================================================================
ERROR: test_progress_plan047_publication_faults (test_vipe_benchmark_supervisor.HelperSessionTests.test_progress_plan047_publication_faults) (kind='head_write_short')
----------------------------------------------------------------------
Traceback (most recent call last):
  File "/home/auss/git_repos/samaust/Experiments_4DGS/tests/test_vipe_benchmark_supervisor.py", line 2296, in test_progress_plan047_publication_faults
    with self.subTest(**case),plan047_state(fixture,Path(temp)/case['kind']) as state:
                              ~~~~~~~~~~~~~^^^^^^^^^^^^^^^^^^^^^^^^^^^^^^^^^
  File "/usr/lib/python3.14/contextlib.py", line 141, in __enter__
    return next(self.gen)
  File "/home/auss/git_repos/samaust/Experiments_4DGS/tests/test_vipe_benchmark_s1_helper_fixtures.py", line 290, in state
    root=Path(root);root.mkdir(parents=True);(root/'jobs').mkdir()
              ^^^^
UnboundLocalError: cannot access local variable 'root' where it is not associated with a value

======================================================================
ERROR: test_progress_plan047_publication_faults (test_vipe_benchmark_supervisor.HelperSessionTests.test_progress_plan047_publication_faults) (kind='head_flush')
----------------------------------------------------------------------
Traceback (most recent call last):
  File "/home/auss/git_repos/samaust/Experiments_4DGS/tests/test_vipe_benchmark_supervisor.py", line 2296, in test_progress_plan047_publication_faults
    with self.subTest(**case),plan047_state(fixture,Path(temp)/case['kind']) as state:
                              ~~~~~~~~~~~~~^^^^^^^^^^^^^^^^^^^^^^^^^^^^^^^^^
  File "/usr/lib/python3.14/contextlib.py", line 141, in __enter__
    return next(self.gen)
  File "/home/auss/git_repos/samaust/Experiments_4DGS/tests/test_vipe_benchmark_s1_helper_fixtures.py", line 290, in state
    root=Path(root);root.mkdir(parents=True);(root/'jobs').mkdir()
              ^^^^
UnboundLocalError: cannot access local variable 'root' where it is not associated with a value

======================================================================
ERROR: test_progress_plan047_publication_faults (test_vipe_benchmark_supervisor.HelperSessionTests.test_progress_plan047_publication_faults) (kind='head_fsync')
----------------------------------------------------------------------
Traceback (most recent call last):
  File "/home/auss/git_repos/samaust/Experiments_4DGS/tests/test_vipe_benchmark_supervisor.py", line 2296, in test_progress_plan047_publication_faults
    with self.subTest(**case),plan047_state(fixture,Path(temp)/case['kind']) as state:
                              ~~~~~~~~~~~~~^^^^^^^^^^^^^^^^^^^^^^^^^^^^^^^^^
  File "/usr/lib/python3.14/contextlib.py", line 141, in __enter__
    return next(self.gen)
  File "/home/auss/git_repos/samaust/Experiments_4DGS/tests/test_vipe_benchmark_s1_helper_fixtures.py", line 290, in state
    root=Path(root);root.mkdir(parents=True);(root/'jobs').mkdir()
              ^^^^
UnboundLocalError: cannot access local variable 'root' where it is not associated with a value

======================================================================
ERROR: test_progress_plan047_publication_faults (test_vipe_benchmark_supervisor.HelperSessionTests.test_progress_plan047_publication_faults) (kind='head_close')
----------------------------------------------------------------------
Traceback (most recent call last):
  File "/home/auss/git_repos/samaust/Experiments_4DGS/tests/test_vipe_benchmark_supervisor.py", line 2296, in test_progress_plan047_publication_faults
    with self.subTest(**case),plan047_state(fixture,Path(temp)/case['kind']) as state:
                              ~~~~~~~~~~~~~^^^^^^^^^^^^^^^^^^^^^^^^^^^^^^^^^
  File "/usr/lib/python3.14/contextlib.py", line 141, in __enter__
    return next(self.gen)
  File "/home/auss/git_repos/samaust/Experiments_4DGS/tests/test_vipe_benchmark_s1_helper_fixtures.py", line 290, in state
    root=Path(root);root.mkdir(parents=True);(root/'jobs').mkdir()
              ^^^^
UnboundLocalError: cannot access local variable 'root' where it is not associated with a value

======================================================================
ERROR: test_progress_plan047_publication_faults (test_vipe_benchmark_supervisor.HelperSessionTests.test_progress_plan047_publication_faults) (kind='head_readback')
----------------------------------------------------------------------
Traceback (most recent call last):
  File "/home/auss/git_repos/samaust/Experiments_4DGS/tests/test_vipe_benchmark_supervisor.py", line 2296, in test_progress_plan047_publication_faults
    with self.subTest(**case),plan047_state(fixture,Path(temp)/case['kind']) as state:
                              ~~~~~~~~~~~~~^^^^^^^^^^^^^^^^^^^^^^^^^^^^^^^^^
  File "/usr/lib/python3.14/contextlib.py", line 141, in __enter__
    return next(self.gen)
  File "/home/auss/git_repos/samaust/Experiments_4DGS/tests/test_vipe_benchmark_s1_helper_fixtures.py", line 290, in state
    root=Path(root);root.mkdir(parents=True);(root/'jobs').mkdir()
              ^^^^
UnboundLocalError: cannot access local variable 'root' where it is not associated with a value

======================================================================
ERROR: test_progress_plan047_publication_faults (test_vipe_benchmark_supervisor.HelperSessionTests.test_progress_plan047_publication_faults) (kind='generation_collision_exact')
----------------------------------------------------------------------
Traceback (most recent call last):
  File "/home/auss/git_repos/samaust/Experiments_4DGS/tests/test_vipe_benchmark_supervisor.py", line 2296, in test_progress_plan047_publication_faults
    with self.subTest(**case),plan047_state(fixture,Path(temp)/case['kind']) as state:
                              ~~~~~~~~~~~~~^^^^^^^^^^^^^^^^^^^^^^^^^^^^^^^^^
  File "/usr/lib/python3.14/contextlib.py", line 141, in __enter__
    return next(self.gen)
  File "/home/auss/git_repos/samaust/Experiments_4DGS/tests/test_vipe_benchmark_s1_helper_fixtures.py", line 290, in state
    root=Path(root);root.mkdir(parents=True);(root/'jobs').mkdir()
              ^^^^
UnboundLocalError: cannot access local variable 'root' where it is not associated with a value

======================================================================
ERROR: test_progress_plan047_publication_faults (test_vipe_benchmark_supervisor.HelperSessionTests.test_progress_plan047_publication_faults) (kind='generation_collision_changed')
----------------------------------------------------------------------
Traceback (most recent call last):
  File "/home/auss/git_repos/samaust/Experiments_4DGS/tests/test_vipe_benchmark_supervisor.py", line 2296, in test_progress_plan047_publication_faults
    with self.subTest(**case),plan047_state(fixture,Path(temp)/case['kind']) as state:
                              ~~~~~~~~~~~~~^^^^^^^^^^^^^^^^^^^^^^^^^^^^^^^^^
  File "/usr/lib/python3.14/contextlib.py", line 141, in __enter__
    return next(self.gen)
  File "/home/auss/git_repos/samaust/Experiments_4DGS/tests/test_vipe_benchmark_s1_helper_fixtures.py", line 290, in state
    root=Path(root);root.mkdir(parents=True);(root/'jobs').mkdir()
              ^^^^
UnboundLocalError: cannot access local variable 'root' where it is not associated with a value

======================================================================
ERROR: test_progress_plan047_publication_faults (test_vipe_benchmark_supervisor.HelperSessionTests.test_progress_plan047_publication_faults) (kind='generation_dir_fsync')
----------------------------------------------------------------------
Traceback (most recent call last):
  File "/home/auss/git_repos/samaust/Experiments_4DGS/tests/test_vipe_benchmark_supervisor.py", line 2296, in test_progress_plan047_publication_faults
    with self.subTest(**case),plan047_state(fixture,Path(temp)/case['kind']) as state:
                              ~~~~~~~~~~~~~^^^^^^^^^^^^^^^^^^^^^^^^^^^^^^^^^
  File "/usr/lib/python3.14/contextlib.py", line 141, in __enter__
    return next(self.gen)
  File "/home/auss/git_repos/samaust/Experiments_4DGS/tests/test_vipe_benchmark_s1_helper_fixtures.py", line 290, in state
    root=Path(root);root.mkdir(parents=True);(root/'jobs').mkdir()
              ^^^^
UnboundLocalError: cannot access local variable 'root' where it is not associated with a value

======================================================================
ERROR: test_progress_plan047_publication_faults (test_vipe_benchmark_supervisor.HelperSessionTests.test_progress_plan047_publication_faults) (kind='head_dir_fsync')
----------------------------------------------------------------------
Traceback (most recent call last):
  File "/home/auss/git_repos/samaust/Experiments_4DGS/tests/test_vipe_benchmark_supervisor.py", line 2296, in test_progress_plan047_publication_faults
    with self.subTest(**case),plan047_state(fixture,Path(temp)/case['kind']) as state:
                              ~~~~~~~~~~~~~^^^^^^^^^^^^^^^^^^^^^^^^^^^^^^^^^
  File "/usr/lib/python3.14/contextlib.py", line 141, in __enter__
    return next(self.gen)
  File "/home/auss/git_repos/samaust/Experiments_4DGS/tests/test_vipe_benchmark_s1_helper_fixtures.py", line 290, in state
    root=Path(root);root.mkdir(parents=True);(root/'jobs').mkdir()
              ^^^^
UnboundLocalError: cannot access local variable 'root' where it is not associated with a value

======================================================================
ERROR: test_progress_plan047_publication_faults (test_vipe_benchmark_supervisor.HelperSessionTests.test_progress_plan047_publication_faults) (kind='final_generation_readback')
----------------------------------------------------------------------
Traceback (most recent call last):
  File "/home/auss/git_repos/samaust/Experiments_4DGS/tests/test_vipe_benchmark_supervisor.py", line 2296, in test_progress_plan047_publication_faults
    with self.subTest(**case),plan047_state(fixture,Path(temp)/case['kind']) as state:
                              ~~~~~~~~~~~~~^^^^^^^^^^^^^^^^^^^^^^^^^^^^^^^^^
  File "/usr/lib/python3.14/contextlib.py", line 141, in __enter__
    return next(self.gen)
  File "/home/auss/git_repos/samaust/Experiments_4DGS/tests/test_vipe_benchmark_s1_helper_fixtures.py", line 290, in state
    root=Path(root);root.mkdir(parents=True);(root/'jobs').mkdir()
              ^^^^
UnboundLocalError: cannot access local variable 'root' where it is not associated with a value

======================================================================
ERROR: test_progress_plan047_publication_faults (test_vipe_benchmark_supervisor.HelperSessionTests.test_progress_plan047_publication_faults) (kind='final_head_readback')
----------------------------------------------------------------------
Traceback (most recent call last):
  File "/home/auss/git_repos/samaust/Experiments_4DGS/tests/test_vipe_benchmark_supervisor.py", line 2296, in test_progress_plan047_publication_faults
    with self.subTest(**case),plan047_state(fixture,Path(temp)/case['kind']) as state:
                              ~~~~~~~~~~~~~^^^^^^^^^^^^^^^^^^^^^^^^^^^^^^^^^
  File "/usr/lib/python3.14/contextlib.py", line 141, in __enter__
    return next(self.gen)
  File "/home/auss/git_repos/samaust/Experiments_4DGS/tests/test_vipe_benchmark_s1_helper_fixtures.py", line 290, in state
    root=Path(root);root.mkdir(parents=True);(root/'jobs').mkdir()
              ^^^^
UnboundLocalError: cannot access local variable 'root' where it is not associated with a value

======================================================================
ERROR: test_progress_plan047_publication_faults (test_vipe_benchmark_supervisor.HelperSessionTests.test_progress_plan047_publication_faults) (kind='ack_send_short')
----------------------------------------------------------------------
Traceback (most recent call last):
  File "/home/auss/git_repos/samaust/Experiments_4DGS/tests/test_vipe_benchmark_supervisor.py", line 2296, in test_progress_plan047_publication_faults
    with self.subTest(**case),plan047_state(fixture,Path(temp)/case['kind']) as state:
                              ~~~~~~~~~~~~~^^^^^^^^^^^^^^^^^^^^^^^^^^^^^^^^^
  File "/usr/lib/python3.14/contextlib.py", line 141, in __enter__
    return next(self.gen)
  File "/home/auss/git_repos/samaust/Experiments_4DGS/tests/test_vipe_benchmark_s1_helper_fixtures.py", line 290, in state
    root=Path(root);root.mkdir(parents=True);(root/'jobs').mkdir()
              ^^^^
UnboundLocalError: cannot access local variable 'root' where it is not associated with a value

======================================================================
ERROR: test_progress_plan047_publication_faults (test_vipe_benchmark_supervisor.HelperSessionTests.test_progress_plan047_publication_faults) (kind='ack_send_late')
----------------------------------------------------------------------
Traceback (most recent call last):
  File "/home/auss/git_repos/samaust/Experiments_4DGS/tests/test_vipe_benchmark_supervisor.py", line 2296, in test_progress_plan047_publication_faults
    with self.subTest(**case),plan047_state(fixture,Path(temp)/case['kind']) as state:
                              ~~~~~~~~~~~~~^^^^^^^^^^^^^^^^^^^^^^^^^^^^^^^^^
  File "/usr/lib/python3.14/contextlib.py", line 141, in __enter__
    return next(self.gen)
  File "/home/auss/git_repos/samaust/Experiments_4DGS/tests/test_vipe_benchmark_s1_helper_fixtures.py", line 290, in state
    root=Path(root);root.mkdir(parents=True);(root/'jobs').mkdir()
              ^^^^
UnboundLocalError: cannot access local variable 'root' where it is not associated with a value

======================================================================
ERROR: test_progress_plan047_publication_faults (test_vipe_benchmark_supervisor.HelperSessionTests.test_progress_plan047_publication_faults) (kind='ack_receive_late')
----------------------------------------------------------------------
Traceback (most recent call last):
  File "/home/auss/git_repos/samaust/Experiments_4DGS/tests/test_vipe_benchmark_supervisor.py", line 2296, in test_progress_plan047_publication_faults
    with self.subTest(**case),plan047_state(fixture,Path(temp)/case['kind']) as state:
                              ~~~~~~~~~~~~~^^^^^^^^^^^^^^^^^^^^^^^^^^^^^^^^^
  File "/usr/lib/python3.14/contextlib.py", line 141, in __enter__
    return next(self.gen)
  File "/home/auss/git_repos/samaust/Experiments_4DGS/tests/test_vipe_benchmark_s1_helper_fixtures.py", line 290, in state
    root=Path(root);root.mkdir(parents=True);(root/'jobs').mkdir()
              ^^^^
UnboundLocalError: cannot access local variable 'root' where it is not associated with a value

======================================================================
ERROR: test_progress_plan047_publication_faults (test_vipe_benchmark_supervisor.HelperSessionTests.test_progress_plan047_publication_faults) (kind='owner_retention_error')
----------------------------------------------------------------------
Traceback (most recent call last):
  File "/home/auss/git_repos/samaust/Experiments_4DGS/tests/test_vipe_benchmark_supervisor.py", line 2296, in test_progress_plan047_publication_faults
    with self.subTest(**case),plan047_state(fixture,Path(temp)/case['kind']) as state:
                              ~~~~~~~~~~~~~^^^^^^^^^^^^^^^^^^^^^^^^^^^^^^^^^
  File "/usr/lib/python3.14/contextlib.py", line 141, in __enter__
    return next(self.gen)
  File "/home/auss/git_repos/samaust/Experiments_4DGS/tests/test_vipe_benchmark_s1_helper_fixtures.py", line 290, in state
    root=Path(root);root.mkdir(parents=True);(root/'jobs').mkdir()
              ^^^^
UnboundLocalError: cannot access local variable 'root' where it is not associated with a value

======================================================================
ERROR: test_progress_plan047_recovery (test_vipe_benchmark_supervisor.HelperSessionTests.test_progress_plan047_recovery) (kind='accepted_exact')
----------------------------------------------------------------------
Traceback (most recent call last):
  File "/home/auss/git_repos/samaust/Experiments_4DGS/tests/test_vipe_benchmark_supervisor.py", line 2178, in test_progress_plan047_recovery
    with self.subTest(**case),plan047_state(fixture,Path(temp)/case['kind']) as state:
                              ~~~~~~~~~~~~~^^^^^^^^^^^^^^^^^^^^^^^^^^^^^^^^^
  File "/usr/lib/python3.14/contextlib.py", line 141, in __enter__
    return next(self.gen)
  File "/home/auss/git_repos/samaust/Experiments_4DGS/tests/test_vipe_benchmark_s1_helper_fixtures.py", line 290, in state
    root=Path(root);root.mkdir(parents=True);(root/'jobs').mkdir()
              ^^^^
UnboundLocalError: cannot access local variable 'root' where it is not associated with a value

======================================================================
ERROR: test_progress_plan047_recovery (test_vipe_benchmark_supervisor.HelperSessionTests.test_progress_plan047_recovery) (kind='optional_valid_successor')
----------------------------------------------------------------------
Traceback (most recent call last):
  File "/home/auss/git_repos/samaust/Experiments_4DGS/tests/test_vipe_benchmark_supervisor.py", line 2178, in test_progress_plan047_recovery
    with self.subTest(**case),plan047_state(fixture,Path(temp)/case['kind']) as state:
                              ~~~~~~~~~~~~~^^^^^^^^^^^^^^^^^^^^^^^^^^^^^^^^^
  File "/usr/lib/python3.14/contextlib.py", line 141, in __enter__
    return next(self.gen)
  File "/home/auss/git_repos/samaust/Experiments_4DGS/tests/test_vipe_benchmark_s1_helper_fixtures.py", line 290, in state
    root=Path(root);root.mkdir(parents=True);(root/'jobs').mkdir()
              ^^^^
UnboundLocalError: cannot access local variable 'root' where it is not associated with a value

======================================================================
ERROR: test_progress_plan047_recovery (test_vipe_benchmark_supervisor.HelperSessionTests.test_progress_plan047_recovery) (kind='optional_successor_body_missing')
----------------------------------------------------------------------
Traceback (most recent call last):
  File "/home/auss/git_repos/samaust/Experiments_4DGS/tests/test_vipe_benchmark_supervisor.py", line 2178, in test_progress_plan047_recovery
    with self.subTest(**case),plan047_state(fixture,Path(temp)/case['kind']) as state:
                              ~~~~~~~~~~~~~^^^^^^^^^^^^^^^^^^^^^^^^^^^^^^^^^
  File "/usr/lib/python3.14/contextlib.py", line 141, in __enter__
    return next(self.gen)
  File "/home/auss/git_repos/samaust/Experiments_4DGS/tests/test_vipe_benchmark_s1_helper_fixtures.py", line 290, in state
    root=Path(root);root.mkdir(parents=True);(root/'jobs').mkdir()
              ^^^^
UnboundLocalError: cannot access local variable 'root' where it is not associated with a value

======================================================================
ERROR: test_progress_plan047_recovery (test_vipe_benchmark_supervisor.HelperSessionTests.test_progress_plan047_recovery) (kind='optional_successor_body_truncated')
----------------------------------------------------------------------
Traceback (most recent call last):
  File "/home/auss/git_repos/samaust/Experiments_4DGS/tests/test_vipe_benchmark_supervisor.py", line 2178, in test_progress_plan047_recovery
    with self.subTest(**case),plan047_state(fixture,Path(temp)/case['kind']) as state:
                              ~~~~~~~~~~~~~^^^^^^^^^^^^^^^^^^^^^^^^^^^^^^^^^
  File "/usr/lib/python3.14/contextlib.py", line 141, in __enter__
    return next(self.gen)
  File "/home/auss/git_repos/samaust/Experiments_4DGS/tests/test_vipe_benchmark_s1_helper_fixtures.py", line 290, in state
    root=Path(root);root.mkdir(parents=True);(root/'jobs').mkdir()
              ^^^^
UnboundLocalError: cannot access local variable 'root' where it is not associated with a value

======================================================================
ERROR: test_progress_plan047_recovery (test_vipe_benchmark_supervisor.HelperSessionTests.test_progress_plan047_recovery) (kind='optional_successor_head_truncated')
----------------------------------------------------------------------
Traceback (most recent call last):
  File "/home/auss/git_repos/samaust/Experiments_4DGS/tests/test_vipe_benchmark_supervisor.py", line 2178, in test_progress_plan047_recovery
    with self.subTest(**case),plan047_state(fixture,Path(temp)/case['kind']) as state:
                              ~~~~~~~~~~~~~^^^^^^^^^^^^^^^^^^^^^^^^^^^^^^^^^
  File "/usr/lib/python3.14/contextlib.py", line 141, in __enter__
    return next(self.gen)
  File "/home/auss/git_repos/samaust/Experiments_4DGS/tests/test_vipe_benchmark_s1_helper_fixtures.py", line 290, in state
    root=Path(root);root.mkdir(parents=True);(root/'jobs').mkdir()
              ^^^^
UnboundLocalError: cannot access local variable 'root' where it is not associated with a value

======================================================================
ERROR: test_progress_plan047_recovery (test_vipe_benchmark_supervisor.HelperSessionTests.test_progress_plan047_recovery) (kind='head_missing_no_intent')
----------------------------------------------------------------------
Traceback (most recent call last):
  File "/home/auss/git_repos/samaust/Experiments_4DGS/tests/test_vipe_benchmark_supervisor.py", line 2178, in test_progress_plan047_recovery
    with self.subTest(**case),plan047_state(fixture,Path(temp)/case['kind']) as state:
                              ~~~~~~~~~~~~~^^^^^^^^^^^^^^^^^^^^^^^^^^^^^^^^^
  File "/usr/lib/python3.14/contextlib.py", line 141, in __enter__
    return next(self.gen)
  File "/home/auss/git_repos/samaust/Experiments_4DGS/tests/test_vipe_benchmark_s1_helper_fixtures.py", line 290, in state
    root=Path(root);root.mkdir(parents=True);(root/'jobs').mkdir()
              ^^^^
UnboundLocalError: cannot access local variable 'root' where it is not associated with a value

======================================================================
ERROR: test_progress_plan047_recovery (test_vipe_benchmark_supervisor.HelperSessionTests.test_progress_plan047_recovery) (kind='head_truncated_no_intent')
----------------------------------------------------------------------
Traceback (most recent call last):
  File "/home/auss/git_repos/samaust/Experiments_4DGS/tests/test_vipe_benchmark_supervisor.py", line 2178, in test_progress_plan047_recovery
    with self.subTest(**case),plan047_state(fixture,Path(temp)/case['kind']) as state:
                              ~~~~~~~~~~~~~^^^^^^^^^^^^^^^^^^^^^^^^^^^^^^^^^
  File "/usr/lib/python3.14/contextlib.py", line 141, in __enter__
    return next(self.gen)
  File "/home/auss/git_repos/samaust/Experiments_4DGS/tests/test_vipe_benchmark_s1_helper_fixtures.py", line 290, in state
    root=Path(root);root.mkdir(parents=True);(root/'jobs').mkdir()
              ^^^^
UnboundLocalError: cannot access local variable 'root' where it is not associated with a value

======================================================================
ERROR: test_progress_plan047_recovery (test_vipe_benchmark_supervisor.HelperSessionTests.test_progress_plan047_recovery) (kind='accepted_body_missing')
----------------------------------------------------------------------
Traceback (most recent call last):
  File "/home/auss/git_repos/samaust/Experiments_4DGS/tests/test_vipe_benchmark_supervisor.py", line 2178, in test_progress_plan047_recovery
    with self.subTest(**case),plan047_state(fixture,Path(temp)/case['kind']) as state:
                              ~~~~~~~~~~~~~^^^^^^^^^^^^^^^^^^^^^^^^^^^^^^^^^
  File "/usr/lib/python3.14/contextlib.py", line 141, in __enter__
    return next(self.gen)
  File "/home/auss/git_repos/samaust/Experiments_4DGS/tests/test_vipe_benchmark_s1_helper_fixtures.py", line 290, in state
    root=Path(root);root.mkdir(parents=True);(root/'jobs').mkdir()
              ^^^^
UnboundLocalError: cannot access local variable 'root' where it is not associated with a value

======================================================================
ERROR: test_progress_plan047_recovery (test_vipe_benchmark_supervisor.HelperSessionTests.test_progress_plan047_recovery) (kind='accepted_body_changed')
----------------------------------------------------------------------
Traceback (most recent call last):
  File "/home/auss/git_repos/samaust/Experiments_4DGS/tests/test_vipe_benchmark_supervisor.py", line 2178, in test_progress_plan047_recovery
    with self.subTest(**case),plan047_state(fixture,Path(temp)/case['kind']) as state:
                              ~~~~~~~~~~~~~^^^^^^^^^^^^^^^^^^^^^^^^^^^^^^^^^
  File "/usr/lib/python3.14/contextlib.py", line 141, in __enter__
    return next(self.gen)
  File "/home/auss/git_repos/samaust/Experiments_4DGS/tests/test_vipe_benchmark_s1_helper_fixtures.py", line 290, in state
    root=Path(root);root.mkdir(parents=True);(root/'jobs').mkdir()
              ^^^^
UnboundLocalError: cannot access local variable 'root' where it is not associated with a value

======================================================================
ERROR: test_progress_plan047_recovery (test_vipe_benchmark_supervisor.HelperSessionTests.test_progress_plan047_recovery) (kind='accepted_head_changed')
----------------------------------------------------------------------
Traceback (most recent call last):
  File "/home/auss/git_repos/samaust/Experiments_4DGS/tests/test_vipe_benchmark_supervisor.py", line 2178, in test_progress_plan047_recovery
    with self.subTest(**case),plan047_state(fixture,Path(temp)/case['kind']) as state:
                              ~~~~~~~~~~~~~^^^^^^^^^^^^^^^^^^^^^^^^^^^^^^^^^
  File "/usr/lib/python3.14/contextlib.py", line 141, in __enter__
    return next(self.gen)
  File "/home/auss/git_repos/samaust/Experiments_4DGS/tests/test_vipe_benchmark_s1_helper_fixtures.py", line 290, in state
    root=Path(root);root.mkdir(parents=True);(root/'jobs').mkdir()
              ^^^^
UnboundLocalError: cannot access local variable 'root' where it is not associated with a value

======================================================================
ERROR: test_progress_plan047_recovery (test_vipe_benchmark_supervisor.HelperSessionTests.test_progress_plan047_recovery) (kind='head_regressed')
----------------------------------------------------------------------
Traceback (most recent call last):
  File "/home/auss/git_repos/samaust/Experiments_4DGS/tests/test_vipe_benchmark_supervisor.py", line 2178, in test_progress_plan047_recovery
    with self.subTest(**case),plan047_state(fixture,Path(temp)/case['kind']) as state:
                              ~~~~~~~~~~~~~^^^^^^^^^^^^^^^^^^^^^^^^^^^^^^^^^
  File "/usr/lib/python3.14/contextlib.py", line 141, in __enter__
    return next(self.gen)
  File "/home/auss/git_repos/samaust/Experiments_4DGS/tests/test_vipe_benchmark_s1_helper_fixtures.py", line 290, in state
    root=Path(root);root.mkdir(parents=True);(root/'jobs').mkdir()
              ^^^^
UnboundLocalError: cannot access local variable 'root' where it is not associated with a value

======================================================================
ERROR: test_progress_plan047_recovery (test_vipe_benchmark_supervisor.HelperSessionTests.test_progress_plan047_recovery) (kind='context_changed')
----------------------------------------------------------------------
Traceback (most recent call last):
  File "/home/auss/git_repos/samaust/Experiments_4DGS/tests/test_vipe_benchmark_supervisor.py", line 2178, in test_progress_plan047_recovery
    with self.subTest(**case),plan047_state(fixture,Path(temp)/case['kind']) as state:
                              ~~~~~~~~~~~~~^^^^^^^^^^^^^^^^^^^^^^^^^^^^^^^^^
  File "/usr/lib/python3.14/contextlib.py", line 141, in __enter__
    return next(self.gen)
  File "/home/auss/git_repos/samaust/Experiments_4DGS/tests/test_vipe_benchmark_s1_helper_fixtures.py", line 290, in state
    root=Path(root);root.mkdir(parents=True);(root/'jobs').mkdir()
              ^^^^
UnboundLocalError: cannot access local variable 'root' where it is not associated with a value

======================================================================
ERROR: test_progress_plan047_recovery (test_vipe_benchmark_supervisor.HelperSessionTests.test_progress_plan047_recovery) (kind='foreign_provenance')
----------------------------------------------------------------------
Traceback (most recent call last):
  File "/home/auss/git_repos/samaust/Experiments_4DGS/tests/test_vipe_benchmark_supervisor.py", line 2178, in test_progress_plan047_recovery
    with self.subTest(**case),plan047_state(fixture,Path(temp)/case['kind']) as state:
                              ~~~~~~~~~~~~~^^^^^^^^^^^^^^^^^^^^^^^^^^^^^^^^^
  File "/usr/lib/python3.14/contextlib.py", line 141, in __enter__
    return next(self.gen)
  File "/home/auss/git_repos/samaust/Experiments_4DGS/tests/test_vipe_benchmark_s1_helper_fixtures.py", line 290, in state
    root=Path(root);root.mkdir(parents=True);(root/'jobs').mkdir()
              ^^^^
UnboundLocalError: cannot access local variable 'root' where it is not associated with a value

======================================================================
ERROR: test_progress_plan047_recovery (test_vipe_benchmark_supervisor.HelperSessionTests.test_progress_plan047_recovery) (kind='unacknowledged_only')
----------------------------------------------------------------------
Traceback (most recent call last):
  File "/home/auss/git_repos/samaust/Experiments_4DGS/tests/test_vipe_benchmark_supervisor.py", line 2178, in test_progress_plan047_recovery
    with self.subTest(**case),plan047_state(fixture,Path(temp)/case['kind']) as state:
                              ~~~~~~~~~~~~~^^^^^^^^^^^^^^^^^^^^^^^^^^^^^^^^^
  File "/usr/lib/python3.14/contextlib.py", line 141, in __enter__
    return next(self.gen)
  File "/home/auss/git_repos/samaust/Experiments_4DGS/tests/test_vipe_benchmark_s1_helper_fixtures.py", line 290, in state
    root=Path(root);root.mkdir(parents=True);(root/'jobs').mkdir()
              ^^^^
UnboundLocalError: cannot access local variable 'root' where it is not associated with a value

======================================================================
ERROR: test_progress_plan047_recovery (test_vipe_benchmark_supervisor.HelperSessionTests.test_progress_plan047_recovery) (kind='history_tripwire')
----------------------------------------------------------------------
Traceback (most recent call last):
  File "/home/auss/git_repos/samaust/Experiments_4DGS/tests/test_vipe_benchmark_supervisor.py", line 2178, in test_progress_plan047_recovery
    with self.subTest(**case),plan047_state(fixture,Path(temp)/case['kind']) as state:
                              ~~~~~~~~~~~~~^^^^^^^^^^^^^^^^^^^^^^^^^^^^^^^^^
  File "/usr/lib/python3.14/contextlib.py", line 141, in __enter__
    return next(self.gen)
  File "/home/auss/git_repos/samaust/Experiments_4DGS/tests/test_vipe_benchmark_s1_helper_fixtures.py", line 290, in state
    root=Path(root);root.mkdir(parents=True);(root/'jobs').mkdir()
              ^^^^
UnboundLocalError: cannot access local variable 'root' where it is not associated with a value

======================================================================
ERROR: test_progress_plan047_recovery (test_vipe_benchmark_supervisor.HelperSessionTests.test_progress_plan047_recovery) (kind='current_previous_retention')
----------------------------------------------------------------------
Traceback (most recent call last):
  File "/home/auss/git_repos/samaust/Experiments_4DGS/tests/test_vipe_benchmark_supervisor.py", line 2178, in test_progress_plan047_recovery
    with self.subTest(**case),plan047_state(fixture,Path(temp)/case['kind']) as state:
                              ~~~~~~~~~~~~~^^^^^^^^^^^^^^^^^^^^^^^^^^^^^^^^^
  File "/usr/lib/python3.14/contextlib.py", line 141, in __enter__
    return next(self.gen)
  File "/home/auss/git_repos/samaust/Experiments_4DGS/tests/test_vipe_benchmark_s1_helper_fixtures.py", line 290, in state
    root=Path(root);root.mkdir(parents=True);(root/'jobs').mkdir()
              ^^^^
UnboundLocalError: cannot access local variable 'root' where it is not associated with a value

======================================================================
ERROR: test_progress_plan047_recovery (test_vipe_benchmark_supervisor.HelperSessionTests.test_progress_plan047_recovery) (kind='late_recovery')
----------------------------------------------------------------------
Traceback (most recent call last):
  File "/home/auss/git_repos/samaust/Experiments_4DGS/tests/test_vipe_benchmark_supervisor.py", line 2178, in test_progress_plan047_recovery
    with self.subTest(**case),plan047_state(fixture,Path(temp)/case['kind']) as state:
                              ~~~~~~~~~~~~~^^^^^^^^^^^^^^^^^^^^^^^^^^^^^^^^^
  File "/usr/lib/python3.14/contextlib.py", line 141, in __enter__
    return next(self.gen)
  File "/home/auss/git_repos/samaust/Experiments_4DGS/tests/test_vipe_benchmark_s1_helper_fixtures.py", line 290, in state
    root=Path(root);root.mkdir(parents=True);(root/'jobs').mkdir()
              ^^^^
UnboundLocalError: cannot access local variable 'root' where it is not associated with a value

======================================================================
ERROR: test_progress_plan047_result_summary (test_vipe_benchmark_supervisor.HelperSessionTests.test_progress_plan047_result_summary)
----------------------------------------------------------------------
Traceback (most recent call last):
  File "/home/auss/git_repos/samaust/Experiments_4DGS/tests/test_vipe_benchmark_supervisor.py", line 2642, in test_progress_plan047_result_summary
    with plan047_state(fixture,Path(temp)/'state') as state:
         ~~~~~~~~~~~~~^^^^^^^^^^^^^^^^^^^^^^^^^^^^
  File "/usr/lib/python3.14/contextlib.py", line 141, in __enter__
    return next(self.gen)
  File "/home/auss/git_repos/samaust/Experiments_4DGS/tests/test_vipe_benchmark_s1_helper_fixtures.py", line 290, in state
    root=Path(root);root.mkdir(parents=True);(root/'jobs').mkdir()
              ^^^^
UnboundLocalError: cannot access local variable 'root' where it is not associated with a value

======================================================================
ERROR: test_progress_plan047_state_authority (test_vipe_benchmark_supervisor.HelperSessionTests.test_progress_plan047_state_authority) (kind='produced_then_semantic_failure')
----------------------------------------------------------------------
Traceback (most recent call last):
  File "/home/auss/git_repos/samaust/Experiments_4DGS/tests/test_vipe_benchmark_supervisor.py", line 2539, in test_progress_plan047_state_authority
    with self.subTest(**case),plan047_state(fixture,Path(temp)/case['kind'],qualified=case['kind']!='worker_qualified_overclaim') as state:
                              ~~~~~~~~~~~~~^^^^^^^^^^^^^^^^^^^^^^^^^^^^^^^^^^^^^^^^^^^^^^^^^^^^^^^^^^^^^^^^^^^^^^^^^^^^^^^^^^^^^^
  File "/usr/lib/python3.14/contextlib.py", line 141, in __enter__
    return next(self.gen)
  File "/home/auss/git_repos/samaust/Experiments_4DGS/tests/test_vipe_benchmark_s1_helper_fixtures.py", line 290, in state
    root=Path(root);root.mkdir(parents=True);(root/'jobs').mkdir()
              ^^^^
UnboundLocalError: cannot access local variable 'root' where it is not associated with a value

======================================================================
ERROR: test_progress_plan047_state_authority (test_vipe_benchmark_supervisor.HelperSessionTests.test_progress_plan047_state_authority) (kind='first_identity_semantics')
----------------------------------------------------------------------
Traceback (most recent call last):
  File "/home/auss/git_repos/samaust/Experiments_4DGS/tests/test_vipe_benchmark_supervisor.py", line 2539, in test_progress_plan047_state_authority
    with self.subTest(**case),plan047_state(fixture,Path(temp)/case['kind'],qualified=case['kind']!='worker_qualified_overclaim') as state:
                              ~~~~~~~~~~~~~^^^^^^^^^^^^^^^^^^^^^^^^^^^^^^^^^^^^^^^^^^^^^^^^^^^^^^^^^^^^^^^^^^^^^^^^^^^^^^^^^^^^^^
  File "/usr/lib/python3.14/contextlib.py", line 141, in __enter__
    return next(self.gen)
  File "/home/auss/git_repos/samaust/Experiments_4DGS/tests/test_vipe_benchmark_s1_helper_fixtures.py", line 290, in state
    root=Path(root);root.mkdir(parents=True);(root/'jobs').mkdir()
              ^^^^
UnboundLocalError: cannot access local variable 'root' where it is not associated with a value

======================================================================
ERROR: test_progress_plan047_state_authority (test_vipe_benchmark_supervisor.HelperSessionTests.test_progress_plan047_state_authority) (kind='worker_reuse_exact')
----------------------------------------------------------------------
Traceback (most recent call last):
  File "/home/auss/git_repos/samaust/Experiments_4DGS/tests/test_vipe_benchmark_supervisor.py", line 2539, in test_progress_plan047_state_authority
    with self.subTest(**case),plan047_state(fixture,Path(temp)/case['kind'],qualified=case['kind']!='worker_qualified_overclaim') as state:
                              ~~~~~~~~~~~~~^^^^^^^^^^^^^^^^^^^^^^^^^^^^^^^^^^^^^^^^^^^^^^^^^^^^^^^^^^^^^^^^^^^^^^^^^^^^^^^^^^^^^^
  File "/usr/lib/python3.14/contextlib.py", line 141, in __enter__
    return next(self.gen)
  File "/home/auss/git_repos/samaust/Experiments_4DGS/tests/test_vipe_benchmark_s1_helper_fixtures.py", line 290, in state
    root=Path(root);root.mkdir(parents=True);(root/'jobs').mkdir()
              ^^^^
UnboundLocalError: cannot access local variable 'root' where it is not associated with a value

======================================================================
ERROR: test_progress_plan047_state_authority (test_vipe_benchmark_supervisor.HelperSessionTests.test_progress_plan047_state_authority) (kind='worker_stale_interleave')
----------------------------------------------------------------------
Traceback (most recent call last):
  File "/home/auss/git_repos/samaust/Experiments_4DGS/tests/test_vipe_benchmark_supervisor.py", line 2539, in test_progress_plan047_state_authority
    with self.subTest(**case),plan047_state(fixture,Path(temp)/case['kind'],qualified=case['kind']!='worker_qualified_overclaim') as state:
                              ~~~~~~~~~~~~~^^^^^^^^^^^^^^^^^^^^^^^^^^^^^^^^^^^^^^^^^^^^^^^^^^^^^^^^^^^^^^^^^^^^^^^^^^^^^^^^^^^^^^
  File "/usr/lib/python3.14/contextlib.py", line 141, in __enter__
    return next(self.gen)
  File "/home/auss/git_repos/samaust/Experiments_4DGS/tests/test_vipe_benchmark_s1_helper_fixtures.py", line 290, in state
    root=Path(root);root.mkdir(parents=True);(root/'jobs').mkdir()
              ^^^^
UnboundLocalError: cannot access local variable 'root' where it is not associated with a value

======================================================================
ERROR: test_progress_plan047_state_authority (test_vipe_benchmark_supervisor.HelperSessionTests.test_progress_plan047_state_authority) (kind='worker_future_reference')
----------------------------------------------------------------------
Traceback (most recent call last):
  File "/home/auss/git_repos/samaust/Experiments_4DGS/tests/test_vipe_benchmark_supervisor.py", line 2539, in test_progress_plan047_state_authority
    with self.subTest(**case),plan047_state(fixture,Path(temp)/case['kind'],qualified=case['kind']!='worker_qualified_overclaim') as state:
                              ~~~~~~~~~~~~~^^^^^^^^^^^^^^^^^^^^^^^^^^^^^^^^^^^^^^^^^^^^^^^^^^^^^^^^^^^^^^^^^^^^^^^^^^^^^^^^^^^^^^
  File "/usr/lib/python3.14/contextlib.py", line 141, in __enter__
    return next(self.gen)
  File "/home/auss/git_repos/samaust/Experiments_4DGS/tests/test_vipe_benchmark_s1_helper_fixtures.py", line 290, in state
    root=Path(root);root.mkdir(parents=True);(root/'jobs').mkdir()
              ^^^^
UnboundLocalError: cannot access local variable 'root' where it is not associated with a value

======================================================================
ERROR: test_progress_plan047_state_authority (test_vipe_benchmark_supervisor.HelperSessionTests.test_progress_plan047_state_authority) (kind='worker_self_reference')
----------------------------------------------------------------------
Traceback (most recent call last):
  File "/home/auss/git_repos/samaust/Experiments_4DGS/tests/test_vipe_benchmark_supervisor.py", line 2539, in test_progress_plan047_state_authority
    with self.subTest(**case),plan047_state(fixture,Path(temp)/case['kind'],qualified=case['kind']!='worker_qualified_overclaim') as state:
                              ~~~~~~~~~~~~~^^^^^^^^^^^^^^^^^^^^^^^^^^^^^^^^^^^^^^^^^^^^^^^^^^^^^^^^^^^^^^^^^^^^^^^^^^^^^^^^^^^^^^
  File "/usr/lib/python3.14/contextlib.py", line 141, in __enter__
    return next(self.gen)
  File "/home/auss/git_repos/samaust/Experiments_4DGS/tests/test_vipe_benchmark_s1_helper_fixtures.py", line 290, in state
    root=Path(root);root.mkdir(parents=True);(root/'jobs').mkdir()
              ^^^^
UnboundLocalError: cannot access local variable 'root' where it is not associated with a value

======================================================================
ERROR: test_progress_plan047_state_authority (test_vipe_benchmark_supervisor.HelperSessionTests.test_progress_plan047_state_authority) (kind='worker_qualified_overclaim')
----------------------------------------------------------------------
Traceback (most recent call last):
  File "/home/auss/git_repos/samaust/Experiments_4DGS/tests/test_vipe_benchmark_supervisor.py", line 2539, in test_progress_plan047_state_authority
    with self.subTest(**case),plan047_state(fixture,Path(temp)/case['kind'],qualified=case['kind']!='worker_qualified_overclaim') as state:
                              ~~~~~~~~~~~~~^^^^^^^^^^^^^^^^^^^^^^^^^^^^^^^^^^^^^^^^^^^^^^^^^^^^^^^^^^^^^^^^^^^^^^^^^^^^^^^^^^^^^^
  File "/usr/lib/python3.14/contextlib.py", line 141, in __enter__
    return next(self.gen)
  File "/home/auss/git_repos/samaust/Experiments_4DGS/tests/test_vipe_benchmark_s1_helper_fixtures.py", line 290, in state
    root=Path(root);root.mkdir(parents=True);(root/'jobs').mkdir()
              ^^^^
UnboundLocalError: cannot access local variable 'root' where it is not associated with a value

======================================================================
ERROR: test_progress_plan047_state_authority (test_vipe_benchmark_supervisor.HelperSessionTests.test_progress_plan047_state_authority) (kind='worker_sources_changed')
----------------------------------------------------------------------
Traceback (most recent call last):
  File "/home/auss/git_repos/samaust/Experiments_4DGS/tests/test_vipe_benchmark_supervisor.py", line 2539, in test_progress_plan047_state_authority
    with self.subTest(**case),plan047_state(fixture,Path(temp)/case['kind'],qualified=case['kind']!='worker_qualified_overclaim') as state:
                              ~~~~~~~~~~~~~^^^^^^^^^^^^^^^^^^^^^^^^^^^^^^^^^^^^^^^^^^^^^^^^^^^^^^^^^^^^^^^^^^^^^^^^^^^^^^^^^^^^^^
  File "/usr/lib/python3.14/contextlib.py", line 141, in __enter__
    return next(self.gen)
  File "/home/auss/git_repos/samaust/Experiments_4DGS/tests/test_vipe_benchmark_s1_helper_fixtures.py", line 290, in state
    root=Path(root);root.mkdir(parents=True);(root/'jobs').mkdir()
              ^^^^
UnboundLocalError: cannot access local variable 'root' where it is not associated with a value

======================================================================
ERROR: test_progress_plan047_state_authority (test_vipe_benchmark_supervisor.HelperSessionTests.test_progress_plan047_state_authority) (kind='worker_row_version_changed')
----------------------------------------------------------------------
Traceback (most recent call last):
  File "/home/auss/git_repos/samaust/Experiments_4DGS/tests/test_vipe_benchmark_supervisor.py", line 2539, in test_progress_plan047_state_authority
    with self.subTest(**case),plan047_state(fixture,Path(temp)/case['kind'],qualified=case['kind']!='worker_qualified_overclaim') as state:
                              ~~~~~~~~~~~~~^^^^^^^^^^^^^^^^^^^^^^^^^^^^^^^^^^^^^^^^^^^^^^^^^^^^^^^^^^^^^^^^^^^^^^^^^^^^^^^^^^^^^^
  File "/usr/lib/python3.14/contextlib.py", line 141, in __enter__
    return next(self.gen)
  File "/home/auss/git_repos/samaust/Experiments_4DGS/tests/test_vipe_benchmark_s1_helper_fixtures.py", line 290, in state
    root=Path(root);root.mkdir(parents=True);(root/'jobs').mkdir()
              ^^^^
UnboundLocalError: cannot access local variable 'root' where it is not associated with a value

======================================================================
ERROR: test_progress_plan047_state_authority (test_vipe_benchmark_supervisor.HelperSessionTests.test_progress_plan047_state_authority) (kind='worker_detached_identity')
----------------------------------------------------------------------
Traceback (most recent call last):
  File "/home/auss/git_repos/samaust/Experiments_4DGS/tests/test_vipe_benchmark_supervisor.py", line 2539, in test_progress_plan047_state_authority
    with self.subTest(**case),plan047_state(fixture,Path(temp)/case['kind'],qualified=case['kind']!='worker_qualified_overclaim') as state:
                              ~~~~~~~~~~~~~^^^^^^^^^^^^^^^^^^^^^^^^^^^^^^^^^^^^^^^^^^^^^^^^^^^^^^^^^^^^^^^^^^^^^^^^^^^^^^^^^^^^^^
  File "/usr/lib/python3.14/contextlib.py", line 141, in __enter__
    return next(self.gen)
  File "/home/auss/git_repos/samaust/Experiments_4DGS/tests/test_vipe_benchmark_s1_helper_fixtures.py", line 290, in state
    root=Path(root);root.mkdir(parents=True);(root/'jobs').mkdir()
              ^^^^
UnboundLocalError: cannot access local variable 'root' where it is not associated with a value

======================================================================
ERROR: test_progress_plan047_state_authority (test_vipe_benchmark_supervisor.HelperSessionTests.test_progress_plan047_state_authority) (kind='trusted_conflict')
----------------------------------------------------------------------
Traceback (most recent call last):
  File "/home/auss/git_repos/samaust/Experiments_4DGS/tests/test_vipe_benchmark_supervisor.py", line 2539, in test_progress_plan047_state_authority
    with self.subTest(**case),plan047_state(fixture,Path(temp)/case['kind'],qualified=case['kind']!='worker_qualified_overclaim') as state:
                              ~~~~~~~~~~~~~^^^^^^^^^^^^^^^^^^^^^^^^^^^^^^^^^^^^^^^^^^^^^^^^^^^^^^^^^^^^^^^^^^^^^^^^^^^^^^^^^^^^^^
  File "/usr/lib/python3.14/contextlib.py", line 141, in __enter__
    return next(self.gen)
  File "/home/auss/git_repos/samaust/Experiments_4DGS/tests/test_vipe_benchmark_s1_helper_fixtures.py", line 290, in state
    root=Path(root);root.mkdir(parents=True);(root/'jobs').mkdir()
              ^^^^
UnboundLocalError: cannot access local variable 'root' where it is not associated with a value

======================================================================
ERROR: test_progress_plan047_state_authority (test_vipe_benchmark_supervisor.HelperSessionTests.test_progress_plan047_state_authority) (kind='discovered_conflict')
----------------------------------------------------------------------
Traceback (most recent call last):
  File "/home/auss/git_repos/samaust/Experiments_4DGS/tests/test_vipe_benchmark_supervisor.py", line 2539, in test_progress_plan047_state_authority
    with self.subTest(**case),plan047_state(fixture,Path(temp)/case['kind'],qualified=case['kind']!='worker_qualified_overclaim') as state:
                              ~~~~~~~~~~~~~^^^^^^^^^^^^^^^^^^^^^^^^^^^^^^^^^^^^^^^^^^^^^^^^^^^^^^^^^^^^^^^^^^^^^^^^^^^^^^^^^^^^^^
  File "/usr/lib/python3.14/contextlib.py", line 141, in __enter__
    return next(self.gen)
  File "/home/auss/git_repos/samaust/Experiments_4DGS/tests/test_vipe_benchmark_s1_helper_fixtures.py", line 290, in state
    root=Path(root);root.mkdir(parents=True);(root/'jobs').mkdir()
              ^^^^
UnboundLocalError: cannot access local variable 'root' where it is not associated with a value

======================================================================
ERROR: test_progress_plan047_state_authority (test_vipe_benchmark_supervisor.HelperSessionTests.test_progress_plan047_state_authority) (kind='fallback_no_unique_version')
----------------------------------------------------------------------
Traceback (most recent call last):
  File "/home/auss/git_repos/samaust/Experiments_4DGS/tests/test_vipe_benchmark_supervisor.py", line 2539, in test_progress_plan047_state_authority
    with self.subTest(**case),plan047_state(fixture,Path(temp)/case['kind'],qualified=case['kind']!='worker_qualified_overclaim') as state:
                              ~~~~~~~~~~~~~^^^^^^^^^^^^^^^^^^^^^^^^^^^^^^^^^^^^^^^^^^^^^^^^^^^^^^^^^^^^^^^^^^^^^^^^^^^^^^^^^^^^^^
  File "/usr/lib/python3.14/contextlib.py", line 141, in __enter__
    return next(self.gen)
  File "/home/auss/git_repos/samaust/Experiments_4DGS/tests/test_vipe_benchmark_s1_helper_fixtures.py", line 290, in state
    root=Path(root);root.mkdir(parents=True);(root/'jobs').mkdir()
              ^^^^
UnboundLocalError: cannot access local variable 'root' where it is not associated with a value

======================================================================
ERROR: test_progress_plan047_state_authority (test_vipe_benchmark_supervisor.HelperSessionTests.test_progress_plan047_state_authority) (kind='fallback_invalidated')
----------------------------------------------------------------------
Traceback (most recent call last):
  File "/home/auss/git_repos/samaust/Experiments_4DGS/tests/test_vipe_benchmark_supervisor.py", line 2539, in test_progress_plan047_state_authority
    with self.subTest(**case),plan047_state(fixture,Path(temp)/case['kind'],qualified=case['kind']!='worker_qualified_overclaim') as state:
                              ~~~~~~~~~~~~~^^^^^^^^^^^^^^^^^^^^^^^^^^^^^^^^^^^^^^^^^^^^^^^^^^^^^^^^^^^^^^^^^^^^^^^^^^^^^^^^^^^^^^
  File "/usr/lib/python3.14/contextlib.py", line 141, in __enter__
    return next(self.gen)
  File "/home/auss/git_repos/samaust/Experiments_4DGS/tests/test_vipe_benchmark_s1_helper_fixtures.py", line 290, in state
    root=Path(root);root.mkdir(parents=True);(root/'jobs').mkdir()
              ^^^^
UnboundLocalError: cannot access local variable 'root' where it is not associated with a value

======================================================================
ERROR: test_progress_plan047_state_authority (test_vipe_benchmark_supervisor.HelperSessionTests.test_progress_plan047_state_authority) (kind='conflict_to_closed')
----------------------------------------------------------------------
Traceback (most recent call last):
  File "/home/auss/git_repos/samaust/Experiments_4DGS/tests/test_vipe_benchmark_supervisor.py", line 2539, in test_progress_plan047_state_authority
    with self.subTest(**case),plan047_state(fixture,Path(temp)/case['kind'],qualified=case['kind']!='worker_qualified_overclaim') as state:
                              ~~~~~~~~~~~~~^^^^^^^^^^^^^^^^^^^^^^^^^^^^^^^^^^^^^^^^^^^^^^^^^^^^^^^^^^^^^^^^^^^^^^^^^^^^^^^^^^^^^^
  File "/usr/lib/python3.14/contextlib.py", line 141, in __enter__
    return next(self.gen)
  File "/home/auss/git_repos/samaust/Experiments_4DGS/tests/test_vipe_benchmark_s1_helper_fixtures.py", line 290, in state
    root=Path(root);root.mkdir(parents=True);(root/'jobs').mkdir()
              ^^^^
UnboundLocalError: cannot access local variable 'root' where it is not associated with a value

======================================================================
ERROR: test_progress_plan047_state_authority (test_vipe_benchmark_supervisor.HelperSessionTests.test_progress_plan047_state_authority) (kind='overflow_to_closed')
----------------------------------------------------------------------
Traceback (most recent call last):
  File "/home/auss/git_repos/samaust/Experiments_4DGS/tests/test_vipe_benchmark_supervisor.py", line 2539, in test_progress_plan047_state_authority
    with self.subTest(**case),plan047_state(fixture,Path(temp)/case['kind'],qualified=case['kind']!='worker_qualified_overclaim') as state:
                              ~~~~~~~~~~~~~^^^^^^^^^^^^^^^^^^^^^^^^^^^^^^^^^^^^^^^^^^^^^^^^^^^^^^^^^^^^^^^^^^^^^^^^^^^^^^^^^^^^^^
  File "/usr/lib/python3.14/contextlib.py", line 141, in __enter__
    return next(self.gen)
  File "/home/auss/git_repos/samaust/Experiments_4DGS/tests/test_vipe_benchmark_s1_helper_fixtures.py", line 290, in state
    root=Path(root);root.mkdir(parents=True);(root/'jobs').mkdir()
              ^^^^
UnboundLocalError: cannot access local variable 'root' where it is not associated with a value

======================================================================
ERROR: test_progress_plan047_state_authority (test_vipe_benchmark_supervisor.HelperSessionTests.test_progress_plan047_state_authority) (kind='overflow_to_incomplete')
----------------------------------------------------------------------
Traceback (most recent call last):
  File "/home/auss/git_repos/samaust/Experiments_4DGS/tests/test_vipe_benchmark_supervisor.py", line 2539, in test_progress_plan047_state_authority
    with self.subTest(**case),plan047_state(fixture,Path(temp)/case['kind'],qualified=case['kind']!='worker_qualified_overclaim') as state:
                              ~~~~~~~~~~~~~^^^^^^^^^^^^^^^^^^^^^^^^^^^^^^^^^^^^^^^^^^^^^^^^^^^^^^^^^^^^^^^^^^^^^^^^^^^^^^^^^^^^^^
  File "/usr/lib/python3.14/contextlib.py", line 141, in __enter__
    return next(self.gen)
  File "/home/auss/git_repos/samaust/Experiments_4DGS/tests/test_vipe_benchmark_s1_helper_fixtures.py", line 290, in state
    root=Path(root);root.mkdir(parents=True);(root/'jobs').mkdir()
              ^^^^
UnboundLocalError: cannot access local variable 'root' where it is not associated with a value

======================================================================
ERROR: test_progress_plan047_state_authority (test_vipe_benchmark_supervisor.HelperSessionTests.test_progress_plan047_state_authority) (kind='conflict_plus_overflow')
----------------------------------------------------------------------
Traceback (most recent call last):
  File "/home/auss/git_repos/samaust/Experiments_4DGS/tests/test_vipe_benchmark_supervisor.py", line 2539, in test_progress_plan047_state_authority
    with self.subTest(**case),plan047_state(fixture,Path(temp)/case['kind'],qualified=case['kind']!='worker_qualified_overclaim') as state:
                              ~~~~~~~~~~~~~^^^^^^^^^^^^^^^^^^^^^^^^^^^^^^^^^^^^^^^^^^^^^^^^^^^^^^^^^^^^^^^^^^^^^^^^^^^^^^^^^^^^^^
  File "/usr/lib/python3.14/contextlib.py", line 141, in __enter__
    return next(self.gen)
  File "/home/auss/git_repos/samaust/Experiments_4DGS/tests/test_vipe_benchmark_s1_helper_fixtures.py", line 290, in state
    root=Path(root);root.mkdir(parents=True);(root/'jobs').mkdir()
              ^^^^
UnboundLocalError: cannot access local variable 'root' where it is not associated with a value

======================================================================
ERROR: test_progress_plan047_state_authority (test_vipe_benchmark_supervisor.HelperSessionTests.test_progress_plan047_state_authority) (kind='errors_saturation')
----------------------------------------------------------------------
Traceback (most recent call last):
  File "/home/auss/git_repos/samaust/Experiments_4DGS/tests/test_vipe_benchmark_supervisor.py", line 2539, in test_progress_plan047_state_authority
    with self.subTest(**case),plan047_state(fixture,Path(temp)/case['kind'],qualified=case['kind']!='worker_qualified_overclaim') as state:
                              ~~~~~~~~~~~~~^^^^^^^^^^^^^^^^^^^^^^^^^^^^^^^^^^^^^^^^^^^^^^^^^^^^^^^^^^^^^^^^^^^^^^^^^^^^^^^^^^^^^^
  File "/usr/lib/python3.14/contextlib.py", line 141, in __enter__
    return next(self.gen)
  File "/home/auss/git_repos/samaust/Experiments_4DGS/tests/test_vipe_benchmark_s1_helper_fixtures.py", line 290, in state
    root=Path(root);root.mkdir(parents=True);(root/'jobs').mkdir()
              ^^^^
UnboundLocalError: cannot access local variable 'root' where it is not associated with a value

======================================================================
ERROR: test_progress_plan047_state_authority (test_vipe_benchmark_supervisor.HelperSessionTests.test_progress_plan047_state_authority) (kind='diagnostics_drop_regression')
----------------------------------------------------------------------
Traceback (most recent call last):
  File "/home/auss/git_repos/samaust/Experiments_4DGS/tests/test_vipe_benchmark_supervisor.py", line 2539, in test_progress_plan047_state_authority
    with self.subTest(**case),plan047_state(fixture,Path(temp)/case['kind'],qualified=case['kind']!='worker_qualified_overclaim') as state:
                              ~~~~~~~~~~~~~^^^^^^^^^^^^^^^^^^^^^^^^^^^^^^^^^^^^^^^^^^^^^^^^^^^^^^^^^^^^^^^^^^^^^^^^^^^^^^^^^^^^^^
  File "/usr/lib/python3.14/contextlib.py", line 141, in __enter__
    return next(self.gen)
  File "/home/auss/git_repos/samaust/Experiments_4DGS/tests/test_vipe_benchmark_s1_helper_fixtures.py", line 290, in state
    root=Path(root);root.mkdir(parents=True);(root/'jobs').mkdir()
              ^^^^
UnboundLocalError: cannot access local variable 'root' where it is not associated with a value

======================================================================
ERROR: test_progress_plan047_state_authority (test_vipe_benchmark_supervisor.HelperSessionTests.test_progress_plan047_state_authority) (kind='diagnostics_primary_replaced')
----------------------------------------------------------------------
Traceback (most recent call last):
  File "/home/auss/git_repos/samaust/Experiments_4DGS/tests/test_vipe_benchmark_supervisor.py", line 2539, in test_progress_plan047_state_authority
    with self.subTest(**case),plan047_state(fixture,Path(temp)/case['kind'],qualified=case['kind']!='worker_qualified_overclaim') as state:
                              ~~~~~~~~~~~~~^^^^^^^^^^^^^^^^^^^^^^^^^^^^^^^^^^^^^^^^^^^^^^^^^^^^^^^^^^^^^^^^^^^^^^^^^^^^^^^^^^^^^^
  File "/usr/lib/python3.14/contextlib.py", line 141, in __enter__
    return next(self.gen)
  File "/home/auss/git_repos/samaust/Experiments_4DGS/tests/test_vipe_benchmark_s1_helper_fixtures.py", line 290, in state
    root=Path(root);root.mkdir(parents=True);(root/'jobs').mkdir()
              ^^^^
UnboundLocalError: cannot access local variable 'root' where it is not associated with a value

======================================================================
ERROR: test_progress_plan047_state_authority (test_vipe_benchmark_supervisor.HelperSessionTests.test_progress_plan047_state_authority) (kind='checkpoint_v1_rejected')
----------------------------------------------------------------------
Traceback (most recent call last):
  File "/home/auss/git_repos/samaust/Experiments_4DGS/tests/test_vipe_benchmark_supervisor.py", line 2539, in test_progress_plan047_state_authority
    with self.subTest(**case),plan047_state(fixture,Path(temp)/case['kind'],qualified=case['kind']!='worker_qualified_overclaim') as state:
                              ~~~~~~~~~~~~~^^^^^^^^^^^^^^^^^^^^^^^^^^^^^^^^^^^^^^^^^^^^^^^^^^^^^^^^^^^^^^^^^^^^^^^^^^^^^^^^^^^^^^
  File "/usr/lib/python3.14/contextlib.py", line 141, in __enter__
    return next(self.gen)
  File "/home/auss/git_repos/samaust/Experiments_4DGS/tests/test_vipe_benchmark_s1_helper_fixtures.py", line 290, in state
    root=Path(root);root.mkdir(parents=True);(root/'jobs').mkdir()
              ^^^^
UnboundLocalError: cannot access local variable 'root' where it is not associated with a value

======================================================================
ERROR: test_progress_plan047_state_authority (test_vipe_benchmark_supervisor.HelperSessionTests.test_progress_plan047_state_authority) (kind='qualification_regression')
----------------------------------------------------------------------
Traceback (most recent call last):
  File "/home/auss/git_repos/samaust/Experiments_4DGS/tests/test_vipe_benchmark_supervisor.py", line 2539, in test_progress_plan047_state_authority
    with self.subTest(**case),plan047_state(fixture,Path(temp)/case['kind'],qualified=case['kind']!='worker_qualified_overclaim') as state:
                              ~~~~~~~~~~~~~^^^^^^^^^^^^^^^^^^^^^^^^^^^^^^^^^^^^^^^^^^^^^^^^^^^^^^^^^^^^^^^^^^^^^^^^^^^^^^^^^^^^^^
  File "/usr/lib/python3.14/contextlib.py", line 141, in __enter__
    return next(self.gen)
  File "/home/auss/git_repos/samaust/Experiments_4DGS/tests/test_vipe_benchmark_s1_helper_fixtures.py", line 290, in state
    root=Path(root);root.mkdir(parents=True);(root/'jobs').mkdir()
              ^^^^
UnboundLocalError: cannot access local variable 'root' where it is not associated with a value

======================================================================
ERROR: test_progress_plan047_state_authority (test_vipe_benchmark_supervisor.HelperSessionTests.test_progress_plan047_state_authority) (kind='first_runtime_regression')
----------------------------------------------------------------------
Traceback (most recent call last):
  File "/home/auss/git_repos/samaust/Experiments_4DGS/tests/test_vipe_benchmark_supervisor.py", line 2539, in test_progress_plan047_state_authority
    with self.subTest(**case),plan047_state(fixture,Path(temp)/case['kind'],qualified=case['kind']!='worker_qualified_overclaim') as state:
                              ~~~~~~~~~~~~~^^^^^^^^^^^^^^^^^^^^^^^^^^^^^^^^^^^^^^^^^^^^^^^^^^^^^^^^^^^^^^^^^^^^^^^^^^^^^^^^^^^^^^
  File "/usr/lib/python3.14/contextlib.py", line 141, in __enter__
    return next(self.gen)
  File "/home/auss/git_repos/samaust/Experiments_4DGS/tests/test_vipe_benchmark_s1_helper_fixtures.py", line 290, in state
    root=Path(root);root.mkdir(parents=True);(root/'jobs').mkdir()
              ^^^^
UnboundLocalError: cannot access local variable 'root' where it is not associated with a value

======================================================================
ERROR: test_progress_plan047_state_authority (test_vipe_benchmark_supervisor.HelperSessionTests.test_progress_plan047_state_authority) (kind='acceptance_regression')
----------------------------------------------------------------------
Traceback (most recent call last):
  File "/home/auss/git_repos/samaust/Experiments_4DGS/tests/test_vipe_benchmark_supervisor.py", line 2539, in test_progress_plan047_state_authority
    with self.subTest(**case),plan047_state(fixture,Path(temp)/case['kind'],qualified=case['kind']!='worker_qualified_overclaim') as state:
                              ~~~~~~~~~~~~~^^^^^^^^^^^^^^^^^^^^^^^^^^^^^^^^^^^^^^^^^^^^^^^^^^^^^^^^^^^^^^^^^^^^^^^^^^^^^^^^^^^^^^
  File "/usr/lib/python3.14/contextlib.py", line 141, in __enter__
    return next(self.gen)
  File "/home/auss/git_repos/samaust/Experiments_4DGS/tests/test_vipe_benchmark_s1_helper_fixtures.py", line 290, in state
    root=Path(root);root.mkdir(parents=True);(root/'jobs').mkdir()
              ^^^^
UnboundLocalError: cannot access local variable 'root' where it is not associated with a value

======================================================================
ERROR: test_progress_plan047_state_authority (test_vipe_benchmark_supervisor.HelperSessionTests.test_progress_plan047_state_authority) (kind='duplicate_exact')
----------------------------------------------------------------------
Traceback (most recent call last):
  File "/home/auss/git_repos/samaust/Experiments_4DGS/tests/test_vipe_benchmark_supervisor.py", line 2539, in test_progress_plan047_state_authority
    with self.subTest(**case),plan047_state(fixture,Path(temp)/case['kind'],qualified=case['kind']!='worker_qualified_overclaim') as state:
                              ~~~~~~~~~~~~~^^^^^^^^^^^^^^^^^^^^^^^^^^^^^^^^^^^^^^^^^^^^^^^^^^^^^^^^^^^^^^^^^^^^^^^^^^^^^^^^^^^^^^
  File "/usr/lib/python3.14/contextlib.py", line 141, in __enter__
    return next(self.gen)
  File "/home/auss/git_repos/samaust/Experiments_4DGS/tests/test_vipe_benchmark_s1_helper_fixtures.py", line 290, in state
    root=Path(root);root.mkdir(parents=True);(root/'jobs').mkdir()
              ^^^^
UnboundLocalError: cannot access local variable 'root' where it is not associated with a value

======================================================================
ERROR: test_progress_plan047_state_authority (test_vipe_benchmark_supervisor.HelperSessionTests.test_progress_plan047_state_authority) (kind='duplicate_conflict')
----------------------------------------------------------------------
Traceback (most recent call last):
  File "/home/auss/git_repos/samaust/Experiments_4DGS/tests/test_vipe_benchmark_supervisor.py", line 2539, in test_progress_plan047_state_authority
    with self.subTest(**case),plan047_state(fixture,Path(temp)/case['kind'],qualified=case['kind']!='worker_qualified_overclaim') as state:
                              ~~~~~~~~~~~~~^^^^^^^^^^^^^^^^^^^^^^^^^^^^^^^^^^^^^^^^^^^^^^^^^^^^^^^^^^^^^^^^^^^^^^^^^^^^^^^^^^^^^^
  File "/usr/lib/python3.14/contextlib.py", line 141, in __enter__
    return next(self.gen)
  File "/home/auss/git_repos/samaust/Experiments_4DGS/tests/test_vipe_benchmark_s1_helper_fixtures.py", line 290, in state
    root=Path(root);root.mkdir(parents=True);(root/'jobs').mkdir()
              ^^^^
UnboundLocalError: cannot access local variable 'root' where it is not associated with a value

======================================================================
ERROR: test_progress_plan047_state_authority (test_vipe_benchmark_supervisor.HelperSessionTests.test_progress_plan047_state_authority) (kind='sequence_replay')
----------------------------------------------------------------------
Traceback (most recent call last):
  File "/home/auss/git_repos/samaust/Experiments_4DGS/tests/test_vipe_benchmark_supervisor.py", line 2539, in test_progress_plan047_state_authority
    with self.subTest(**case),plan047_state(fixture,Path(temp)/case['kind'],qualified=case['kind']!='worker_qualified_overclaim') as state:
                              ~~~~~~~~~~~~~^^^^^^^^^^^^^^^^^^^^^^^^^^^^^^^^^^^^^^^^^^^^^^^^^^^^^^^^^^^^^^^^^^^^^^^^^^^^^^^^^^^^^^
  File "/usr/lib/python3.14/contextlib.py", line 141, in __enter__
    return next(self.gen)
  File "/home/auss/git_repos/samaust/Experiments_4DGS/tests/test_vipe_benchmark_s1_helper_fixtures.py", line 290, in state
    root=Path(root);root.mkdir(parents=True);(root/'jobs').mkdir()
              ^^^^
UnboundLocalError: cannot access local variable 'root' where it is not associated with a value

======================================================================
ERROR: test_progress_plan047_state_authority (test_vipe_benchmark_supervisor.HelperSessionTests.test_progress_plan047_state_authority) (kind='sequence_jump')
----------------------------------------------------------------------
Traceback (most recent call last):
  File "/home/auss/git_repos/samaust/Experiments_4DGS/tests/test_vipe_benchmark_supervisor.py", line 2539, in test_progress_plan047_state_authority
    with self.subTest(**case),plan047_state(fixture,Path(temp)/case['kind'],qualified=case['kind']!='worker_qualified_overclaim') as state:
                              ~~~~~~~~~~~~~^^^^^^^^^^^^^^^^^^^^^^^^^^^^^^^^^^^^^^^^^^^^^^^^^^^^^^^^^^^^^^^^^^^^^^^^^^^^^^^^^^^^^^
  File "/usr/lib/python3.14/contextlib.py", line 141, in __enter__
    return next(self.gen)
  File "/home/auss/git_repos/samaust/Experiments_4DGS/tests/test_vipe_benchmark_s1_helper_fixtures.py", line 290, in state
    root=Path(root);root.mkdir(parents=True);(root/'jobs').mkdir()
              ^^^^
UnboundLocalError: cannot access local variable 'root' where it is not associated with a value

======================================================================
ERROR: test_progress_plan047_state_authority (test_vipe_benchmark_supervisor.HelperSessionTests.test_progress_plan047_state_authority) (kind='request_changed_late')
----------------------------------------------------------------------
Traceback (most recent call last):
  File "/home/auss/git_repos/samaust/Experiments_4DGS/tests/test_vipe_benchmark_supervisor.py", line 2539, in test_progress_plan047_state_authority
    with self.subTest(**case),plan047_state(fixture,Path(temp)/case['kind'],qualified=case['kind']!='worker_qualified_overclaim') as state:
                              ~~~~~~~~~~~~~^^^^^^^^^^^^^^^^^^^^^^^^^^^^^^^^^^^^^^^^^^^^^^^^^^^^^^^^^^^^^^^^^^^^^^^^^^^^^^^^^^^^^^
  File "/usr/lib/python3.14/contextlib.py", line 141, in __enter__
    return next(self.gen)
  File "/home/auss/git_repos/samaust/Experiments_4DGS/tests/test_vipe_benchmark_s1_helper_fixtures.py", line 290, in state
    root=Path(root);root.mkdir(parents=True);(root/'jobs').mkdir()
              ^^^^
UnboundLocalError: cannot access local variable 'root' where it is not associated with a value

----------------------------------------------------------------------
Ran 72 tests in 89.982s

FAILED (errors=206)
