test_assignment_survives_sam_and_pair_propagation (test_vipe_benchmark_s1_semantics.S1SemanticsTests.test_assignment_survives_sam_and_pair_propagation) ... ok
test_contract_rejects_missing_or_tampered_assignment (test_vipe_benchmark_s1_semantics.S1SemanticsTests.test_contract_rejects_missing_or_tampered_assignment) ... ok
test_empty_combined_disagreement_tie_and_subword_sum (test_vipe_benchmark_s1_semantics.S1SemanticsTests.test_empty_combined_disagreement_tie_and_subword_sum) ... ok
test_invalid_evidence_and_unamended_contract (test_vipe_benchmark_s1_semantics.S1SemanticsTests.test_invalid_evidence_and_unamended_contract) ... ok
test_native_query_alignment_and_full_evidence (test_vipe_benchmark_s1_semantics.S1SemanticsTests.test_native_query_alignment_and_full_evidence) ... ok

----------------------------------------------------------------------
Ran 5 tests in 0.013s

OK
test_collection_rereads_same_size_same_mtime (test_vipe_benchmark_s1_recovery.DeclarationCacheTests.test_collection_rereads_same_size_same_mtime) ... ok
test_collection_warm_cache_does_not_hide_deletion (test_vipe_benchmark_s1_recovery.DeclarationCacheTests.test_collection_warm_cache_does_not_hide_deletion) ... ok
test_exact_text_and_module_keys (test_vipe_benchmark_s1_recovery.DeclarationCacheTests.test_exact_text_and_module_keys) ... ok
test_invalid_inputs_are_not_cached (test_vipe_benchmark_s1_recovery.DeclarationCacheTests.test_invalid_inputs_are_not_cached) ... ok
test_lru_bound_and_eviction (test_vipe_benchmark_s1_recovery.DeclarationCacheTests.test_lru_bound_and_eviction) ... ok
test_repeated_exact_key_reuses_parse (test_vipe_benchmark_s1_recovery.DeclarationCacheTests.test_repeated_exact_key_reuses_parse) ... ok
test_returned_mutation_isolation (test_vipe_benchmark_s1_recovery.DeclarationCacheTests.test_returned_mutation_isolation) ... ok
test_alignment_layout_pre_forward_and_no_stale_capture (test_vipe_benchmark_s1_recovery.FailureEvidenceTests.test_alignment_layout_pre_forward_and_no_stale_capture) ... ok
test_first_result_failure_stops_before_second_input (test_vipe_benchmark_s1_recovery.FailureEvidenceTests.test_first_result_failure_stops_before_second_input) ... ok
test_direct_script_declaration_lookup (test_vipe_benchmark_s1_recovery.NumericalEnvelopeTests.test_direct_script_declaration_lookup) ... 
  test_direct_script_declaration_lookup (test_vipe_benchmark_s1_recovery.NumericalEnvelopeTests.test_direct_script_declaration_lookup) (suite='s1_semantics', selector='S1SemanticsTests.test_contract_rejects_missing_or_tampered_assignment') ... ERROR
  test_direct_script_declaration_lookup (test_vipe_benchmark_s1_recovery.NumericalEnvelopeTests.test_direct_script_declaration_lookup) (suite='s1_recovery', selector='ReceiptContractTests.test_typed_primitive_callbacks') ... ERROR
  test_direct_script_declaration_lookup (test_vipe_benchmark_s1_recovery.NumericalEnvelopeTests.test_direct_script_declaration_lookup) (suite='backends', selector='AssetAndDetectorTests.test_phrase_ambiguity_and_capacity_fail_before_casting') ... ERROR
  test_direct_script_declaration_lookup (test_vipe_benchmark_s1_recovery.NumericalEnvelopeTests.test_direct_script_declaration_lookup) (suite='contracts', selector='AccessTests.test_heldout_final_window_wrong_branch_and_pair_rejected') ... ERROR
  test_direct_script_declaration_lookup (test_vipe_benchmark_s1_recovery.NumericalEnvelopeTests.test_direct_script_declaration_lookup) (suite='component_recovery', selector='ComponentRecoveryTests.test_scope_validation_and_cumulative_cap_are_not_relaxed') ... ERROR
  test_direct_script_declaration_lookup (test_vipe_benchmark_s1_recovery.NumericalEnvelopeTests.test_direct_script_declaration_lookup) (suite='supervisor', selector='HelperIntegrationTests.test_cleanup_failures') ... ERROR
test_produced_and_qualified_numerical_rows (test_vipe_benchmark_s1_recovery.NumericalEnvelopeTests.test_produced_and_qualified_numerical_rows) ... ok
test_sum_and_allocator_boundaries (test_vipe_benchmark_s1_recovery.NumericalEnvelopeTests.test_sum_and_allocator_boundaries) ... ok
test_terminal_and_resolver_numerical_mutations (test_vipe_benchmark_s1_recovery.NumericalEnvelopeTests.test_terminal_and_resolver_numerical_mutations) ... ERROR
test_typed_numerical_fields (test_vipe_benchmark_s1_recovery.NumericalEnvelopeTests.test_typed_numerical_fields) ... ok
test_accounting_mutations (test_vipe_benchmark_s1_recovery.ReceiptContractTests.test_accounting_mutations) ... ok
test_artifact_record_matrix (test_vipe_benchmark_s1_recovery.ReceiptContractTests.test_artifact_record_matrix) ... ok
test_binding_mutations (test_vipe_benchmark_s1_recovery.ReceiptContractTests.test_binding_mutations) ... ok
test_callback_mutations (test_vipe_benchmark_s1_recovery.ReceiptContractTests.test_callback_mutations) ... ok
test_declaration_parser_mutations (test_vipe_benchmark_s1_recovery.ReceiptContractTests.test_declaration_parser_mutations) ... ok
test_execution_mutations (test_vipe_benchmark_s1_recovery.ReceiptContractTests.test_execution_mutations) ... FAIL
test_legacy_receipts_rejected (test_vipe_benchmark_s1_recovery.ReceiptContractTests.test_legacy_receipts_rejected) ... ok
test_positive_complete_fixture (test_vipe_benchmark_s1_recovery.ReceiptContractTests.test_positive_complete_fixture) ... ok
test_typed_primitive_callbacks (test_vipe_benchmark_s1_recovery.ReceiptContractTests.test_typed_primitive_callbacks) ... ok
test_acceptance_and_historical_authority (test_vipe_benchmark_s1_recovery.ReservationClockTests.test_acceptance_and_historical_authority) ... ERROR
test_context_matrix (test_vipe_benchmark_s1_recovery.ReservationClockTests.test_context_matrix) ... ok
test_failure_reconciliation (test_vipe_benchmark_s1_recovery.ReservationClockTests.test_failure_reconciliation) ... ok
test_identical_reuse_and_conflicts (test_vipe_benchmark_s1_recovery.ReservationClockTests.test_identical_reuse_and_conflicts) ... ok
test_phase_boundaries (test_vipe_benchmark_s1_recovery.ReservationClockTests.test_phase_boundaries) ... ok
test_real_segment_publication_barriers (test_vipe_benchmark_s1_recovery.ReservationClockTests.test_real_segment_publication_barriers) ... ok
test_worker_bootstrap (test_vipe_benchmark_s1_recovery.ReservationClockTests.test_worker_bootstrap) ... ok
test_binding_historical_versus_canonical_and_no_mutation (test_vipe_benchmark_s1_recovery.S1RecoveryTests.test_binding_historical_versus_canonical_and_no_mutation) ... ok
test_changed_prerequisite_records_rejected (test_vipe_benchmark_s1_recovery.S1RecoveryTests.test_changed_prerequisite_records_rejected) ... ok
test_exhausted_state (test_vipe_benchmark_s1_recovery.S1RecoveryTests.test_exhausted_state) ... ok
test_live_cleanup_active_and_exhausted_state (test_vipe_benchmark_s1_recovery.S1RecoveryTests.test_live_cleanup_active_and_exhausted_state) ... ok
test_reduced_cumulative_deadline (test_vipe_benchmark_s1_recovery.S1RecoveryTests.test_reduced_cumulative_deadline) ... ok
test_reduced_remaining_time_and_mutation_at_reservation_lock (test_vipe_benchmark_s1_recovery.S1RecoveryTests.test_reduced_remaining_time_and_mutation_at_reservation_lock) ... ok
test_registered_authorization_and_validation_mutation_block (test_vipe_benchmark_s1_recovery.S1RecoveryTests.test_registered_authorization_and_validation_mutation_block) ... ok
test_registration_needs_admission_duplicate_and_reservation_consumes_once (test_vipe_benchmark_s1_recovery.S1RecoveryTests.test_registration_needs_admission_duplicate_and_reservation_consumes_once) ... ok
test_result_requires_supervised_cleanup_and_exact_membership (test_vipe_benchmark_s1_recovery.S1RecoveryTests.test_result_requires_supervised_cleanup_and_exact_membership) ... ERROR
test_source_requalification_preserves_allocation_and_binds_reservation (test_vipe_benchmark_s1_recovery.S1RecoveryTests.test_source_requalification_preserves_allocation_and_binds_reservation) ... ok
test_source_requalification_rejects_scope_and_snapshot_changes_without_append (test_vipe_benchmark_s1_recovery.S1RecoveryTests.test_source_requalification_rejects_scope_and_snapshot_changes_without_append) ... ok
test_typed_scope_schema_branch_and_second_identity (test_vipe_benchmark_s1_recovery.S1RecoveryTests.test_typed_scope_schema_branch_and_second_identity) ... ok
test_validation_missing_extra_duplicate_aliased_stale_and_failed_receipts (test_vipe_benchmark_s1_recovery.S1RecoveryTests.test_validation_missing_extra_duplicate_aliased_stale_and_failed_receipts) ... ok

======================================================================
ERROR: test_direct_script_declaration_lookup (test_vipe_benchmark_s1_recovery.NumericalEnvelopeTests.test_direct_script_declaration_lookup) (suite='s1_semantics', selector='S1SemanticsTests.test_contract_rejects_missing_or_tampered_assignment')
----------------------------------------------------------------------
Traceback (most recent call last):
  File "/home/auss/git_repos/samaust/Experiments_4DGS/tests/test_vipe_benchmark_s1_recovery.py", line 2573, in test_direct_script_declaration_lookup
    process = direct_script_launch(argv,cwd=ROOT,env=env)
  File "/home/auss/git_repos/samaust/Experiments_4DGS/tests/test_vipe_benchmark_s1_helper_fixtures.py", line 594, in direct_script_launch
    process=create_owned_process('direct script',subprocess.Popen,command,cwd=cwd,env=env,
        stdout=subprocess.PIPE,stderr=subprocess.PIPE,text=True,start_new_session=True)
  File "/home/auss/git_repos/samaust/Experiments_4DGS/scripts/vipe_benchmark/s1_helper_session.py", line 1573, in create_owned_process
    candidate=_prepare_owned_candidate(create,args,kwargs)
  File "/home/auss/git_repos/samaust/Experiments_4DGS/scripts/vipe_benchmark/s1_helper_session.py", line 337, in _prepare_owned_candidate
    descriptor,environment=_candidate_bytes(create,args,kwargs)
                           ~~~~~~~~~~~~~~~~^^^^^^^^^^^^^^^^^^^^
  File "/home/auss/git_repos/samaust/Experiments_4DGS/scripts/vipe_benchmark/s1_helper_session.py", line 276, in _candidate_bytes
    if value<0:raise ValueError('negative process stdio descriptor')
               ^^^^^^^^^^^^^^^^^^^^^^^^^^^^^^^^^^^^^^^^^^^^^^^^^^^^^
ValueError: negative process stdio descriptor

======================================================================
ERROR: test_direct_script_declaration_lookup (test_vipe_benchmark_s1_recovery.NumericalEnvelopeTests.test_direct_script_declaration_lookup) (suite='s1_recovery', selector='ReceiptContractTests.test_typed_primitive_callbacks')
----------------------------------------------------------------------
Traceback (most recent call last):
  File "/home/auss/git_repos/samaust/Experiments_4DGS/tests/test_vipe_benchmark_s1_recovery.py", line 2573, in test_direct_script_declaration_lookup
    process = direct_script_launch(argv,cwd=ROOT,env=env)
  File "/home/auss/git_repos/samaust/Experiments_4DGS/tests/test_vipe_benchmark_s1_helper_fixtures.py", line 594, in direct_script_launch
    process=create_owned_process('direct script',subprocess.Popen,command,cwd=cwd,env=env,
        stdout=subprocess.PIPE,stderr=subprocess.PIPE,text=True,start_new_session=True)
  File "/home/auss/git_repos/samaust/Experiments_4DGS/scripts/vipe_benchmark/s1_helper_session.py", line 1573, in create_owned_process
    candidate=_prepare_owned_candidate(create,args,kwargs)
  File "/home/auss/git_repos/samaust/Experiments_4DGS/scripts/vipe_benchmark/s1_helper_session.py", line 337, in _prepare_owned_candidate
    descriptor,environment=_candidate_bytes(create,args,kwargs)
                           ~~~~~~~~~~~~~~~~^^^^^^^^^^^^^^^^^^^^
  File "/home/auss/git_repos/samaust/Experiments_4DGS/scripts/vipe_benchmark/s1_helper_session.py", line 276, in _candidate_bytes
    if value<0:raise ValueError('negative process stdio descriptor')
               ^^^^^^^^^^^^^^^^^^^^^^^^^^^^^^^^^^^^^^^^^^^^^^^^^^^^^
ValueError: negative process stdio descriptor

======================================================================
ERROR: test_direct_script_declaration_lookup (test_vipe_benchmark_s1_recovery.NumericalEnvelopeTests.test_direct_script_declaration_lookup) (suite='backends', selector='AssetAndDetectorTests.test_phrase_ambiguity_and_capacity_fail_before_casting')
----------------------------------------------------------------------
Traceback (most recent call last):
  File "/home/auss/git_repos/samaust/Experiments_4DGS/tests/test_vipe_benchmark_s1_recovery.py", line 2573, in test_direct_script_declaration_lookup
    process = direct_script_launch(argv,cwd=ROOT,env=env)
  File "/home/auss/git_repos/samaust/Experiments_4DGS/tests/test_vipe_benchmark_s1_helper_fixtures.py", line 594, in direct_script_launch
    process=create_owned_process('direct script',subprocess.Popen,command,cwd=cwd,env=env,
        stdout=subprocess.PIPE,stderr=subprocess.PIPE,text=True,start_new_session=True)
  File "/home/auss/git_repos/samaust/Experiments_4DGS/scripts/vipe_benchmark/s1_helper_session.py", line 1573, in create_owned_process
    candidate=_prepare_owned_candidate(create,args,kwargs)
  File "/home/auss/git_repos/samaust/Experiments_4DGS/scripts/vipe_benchmark/s1_helper_session.py", line 337, in _prepare_owned_candidate
    descriptor,environment=_candidate_bytes(create,args,kwargs)
                           ~~~~~~~~~~~~~~~~^^^^^^^^^^^^^^^^^^^^
  File "/home/auss/git_repos/samaust/Experiments_4DGS/scripts/vipe_benchmark/s1_helper_session.py", line 276, in _candidate_bytes
    if value<0:raise ValueError('negative process stdio descriptor')
               ^^^^^^^^^^^^^^^^^^^^^^^^^^^^^^^^^^^^^^^^^^^^^^^^^^^^^
ValueError: negative process stdio descriptor

======================================================================
ERROR: test_direct_script_declaration_lookup (test_vipe_benchmark_s1_recovery.NumericalEnvelopeTests.test_direct_script_declaration_lookup) (suite='contracts', selector='AccessTests.test_heldout_final_window_wrong_branch_and_pair_rejected')
----------------------------------------------------------------------
Traceback (most recent call last):
  File "/home/auss/git_repos/samaust/Experiments_4DGS/tests/test_vipe_benchmark_s1_recovery.py", line 2573, in test_direct_script_declaration_lookup
    process = direct_script_launch(argv,cwd=ROOT,env=env)
  File "/home/auss/git_repos/samaust/Experiments_4DGS/tests/test_vipe_benchmark_s1_helper_fixtures.py", line 594, in direct_script_launch
    process=create_owned_process('direct script',subprocess.Popen,command,cwd=cwd,env=env,
        stdout=subprocess.PIPE,stderr=subprocess.PIPE,text=True,start_new_session=True)
  File "/home/auss/git_repos/samaust/Experiments_4DGS/scripts/vipe_benchmark/s1_helper_session.py", line 1573, in create_owned_process
    candidate=_prepare_owned_candidate(create,args,kwargs)
  File "/home/auss/git_repos/samaust/Experiments_4DGS/scripts/vipe_benchmark/s1_helper_session.py", line 337, in _prepare_owned_candidate
    descriptor,environment=_candidate_bytes(create,args,kwargs)
                           ~~~~~~~~~~~~~~~~^^^^^^^^^^^^^^^^^^^^
  File "/home/auss/git_repos/samaust/Experiments_4DGS/scripts/vipe_benchmark/s1_helper_session.py", line 276, in _candidate_bytes
    if value<0:raise ValueError('negative process stdio descriptor')
               ^^^^^^^^^^^^^^^^^^^^^^^^^^^^^^^^^^^^^^^^^^^^^^^^^^^^^
ValueError: negative process stdio descriptor

======================================================================
ERROR: test_direct_script_declaration_lookup (test_vipe_benchmark_s1_recovery.NumericalEnvelopeTests.test_direct_script_declaration_lookup) (suite='component_recovery', selector='ComponentRecoveryTests.test_scope_validation_and_cumulative_cap_are_not_relaxed')
----------------------------------------------------------------------
Traceback (most recent call last):
  File "/home/auss/git_repos/samaust/Experiments_4DGS/tests/test_vipe_benchmark_s1_recovery.py", line 2573, in test_direct_script_declaration_lookup
    process = direct_script_launch(argv,cwd=ROOT,env=env)
  File "/home/auss/git_repos/samaust/Experiments_4DGS/tests/test_vipe_benchmark_s1_helper_fixtures.py", line 594, in direct_script_launch
    process=create_owned_process('direct script',subprocess.Popen,command,cwd=cwd,env=env,
        stdout=subprocess.PIPE,stderr=subprocess.PIPE,text=True,start_new_session=True)
  File "/home/auss/git_repos/samaust/Experiments_4DGS/scripts/vipe_benchmark/s1_helper_session.py", line 1573, in create_owned_process
    candidate=_prepare_owned_candidate(create,args,kwargs)
  File "/home/auss/git_repos/samaust/Experiments_4DGS/scripts/vipe_benchmark/s1_helper_session.py", line 337, in _prepare_owned_candidate
    descriptor,environment=_candidate_bytes(create,args,kwargs)
                           ~~~~~~~~~~~~~~~~^^^^^^^^^^^^^^^^^^^^
  File "/home/auss/git_repos/samaust/Experiments_4DGS/scripts/vipe_benchmark/s1_helper_session.py", line 276, in _candidate_bytes
    if value<0:raise ValueError('negative process stdio descriptor')
               ^^^^^^^^^^^^^^^^^^^^^^^^^^^^^^^^^^^^^^^^^^^^^^^^^^^^^
ValueError: negative process stdio descriptor

======================================================================
ERROR: test_direct_script_declaration_lookup (test_vipe_benchmark_s1_recovery.NumericalEnvelopeTests.test_direct_script_declaration_lookup) (suite='supervisor', selector='HelperIntegrationTests.test_cleanup_failures')
----------------------------------------------------------------------
Traceback (most recent call last):
  File "/home/auss/git_repos/samaust/Experiments_4DGS/tests/test_vipe_benchmark_s1_recovery.py", line 2573, in test_direct_script_declaration_lookup
    process = direct_script_launch(argv,cwd=ROOT,env=env)
  File "/home/auss/git_repos/samaust/Experiments_4DGS/tests/test_vipe_benchmark_s1_helper_fixtures.py", line 594, in direct_script_launch
    process=create_owned_process('direct script',subprocess.Popen,command,cwd=cwd,env=env,
        stdout=subprocess.PIPE,stderr=subprocess.PIPE,text=True,start_new_session=True)
  File "/home/auss/git_repos/samaust/Experiments_4DGS/scripts/vipe_benchmark/s1_helper_session.py", line 1573, in create_owned_process
    candidate=_prepare_owned_candidate(create,args,kwargs)
  File "/home/auss/git_repos/samaust/Experiments_4DGS/scripts/vipe_benchmark/s1_helper_session.py", line 337, in _prepare_owned_candidate
    descriptor,environment=_candidate_bytes(create,args,kwargs)
                           ~~~~~~~~~~~~~~~~^^^^^^^^^^^^^^^^^^^^
  File "/home/auss/git_repos/samaust/Experiments_4DGS/scripts/vipe_benchmark/s1_helper_session.py", line 276, in _candidate_bytes
    if value<0:raise ValueError('negative process stdio descriptor')
               ^^^^^^^^^^^^^^^^^^^^^^^^^^^^^^^^^^^^^^^^^^^^^^^^^^^^^
ValueError: negative process stdio descriptor

======================================================================
ERROR: test_terminal_and_resolver_numerical_mutations (test_vipe_benchmark_s1_recovery.NumericalEnvelopeTests.test_terminal_and_resolver_numerical_mutations)
----------------------------------------------------------------------
Traceback (most recent call last):
  File "/home/auss/git_repos/samaust/Experiments_4DGS/scripts/vipe_benchmark/supervisor.py", line 446, in supervise
    process = create_owned_process('supervisor worker',subprocess.Popen,command, deadline=run_deadline if is_s1 else None, stdout=log, stderr=subprocess.STDOUT,
                               start_new_session=True, env=env)
  File "/home/auss/git_repos/samaust/Experiments_4DGS/scripts/vipe_benchmark/s1_helper_session.py", line 1573, in create_owned_process
    candidate=_prepare_owned_candidate(create,args,kwargs)
  File "/home/auss/git_repos/samaust/Experiments_4DGS/scripts/vipe_benchmark/s1_helper_session.py", line 337, in _prepare_owned_candidate
    descriptor,environment=_candidate_bytes(create,args,kwargs)
                           ~~~~~~~~~~~~~~~~^^^^^^^^^^^^^^^^^^^^
  File "/home/auss/git_repos/samaust/Experiments_4DGS/scripts/vipe_benchmark/s1_helper_session.py", line 276, in _candidate_bytes
    if value<0:raise ValueError('negative process stdio descriptor')
               ^^^^^^^^^^^^^^^^^^^^^^^^^^^^^^^^^^^^^^^^^^^^^^^^^^^^^
ValueError: negative process stdio descriptor

The above exception was the direct cause of the following exception:

Traceback (most recent call last):
  File "/home/auss/git_repos/samaust/Experiments_4DGS/tests/test_vipe_benchmark_s1_recovery.py", line 2520, in test_terminal_and_resolver_numerical_mutations
    _, request, record = fixture.run_controller()
                         ~~~~~~~~~~~~~~~~~~~~~~^^
  File "/home/auss/git_repos/samaust/Experiments_4DGS/tests/test_vipe_benchmark_s1_recovery.py", line 520, in run_controller
    execute_s1_recovery(self.root,docs,self.config,auth)
    ~~~~~~~~~~~~~~~~~~~^^^^^^^^^^^^^^^^^^^^^^^^^^^^^^^^^
  File "/home/auss/git_repos/samaust/Experiments_4DGS/scripts/vipe_benchmark/execution.py", line 669, in execute_s1_recovery
    return dispatch(local, docs, config, component_recovery_request(local, config, JOB))
  File "/home/auss/git_repos/samaust/Experiments_4DGS/scripts/vipe_benchmark/execution.py", line 545, in dispatch
    result = supervise(ledger, job, command, local / 'jobs' / suffix,
        evidence=evidence,
        sample_resources=s1_sampling_operation(local) if job == 'S1-calibration-recovery-001' else lambda: resources(local, gpu=device_monitored),
        validate_result=validate, poll_seconds=.1 if job == 'S1-calibration-recovery-001' else 2., checkpoint=checkpoint, resume_checkpoint=resume_checkpoint,
        terminal_publisher=publish if job == 'S1-calibration-recovery-001' else None, terminal_docs=docs)
  File "/home/auss/git_repos/samaust/Experiments_4DGS/scripts/vipe_benchmark/supervisor.py", line 607, in supervise
    raise failure from primary_exception
vipe_benchmark.supervisor.SupervisionFailure: ValueError: negative process stdio descriptor

======================================================================
ERROR: test_acceptance_and_historical_authority (test_vipe_benchmark_s1_recovery.ReservationClockTests.test_acceptance_and_historical_authority)
----------------------------------------------------------------------
Traceback (most recent call last):
  File "/home/auss/git_repos/samaust/Experiments_4DGS/scripts/vipe_benchmark/supervisor.py", line 446, in supervise
    process = create_owned_process('supervisor worker',subprocess.Popen,command, deadline=run_deadline if is_s1 else None, stdout=log, stderr=subprocess.STDOUT,
                               start_new_session=True, env=env)
  File "/home/auss/git_repos/samaust/Experiments_4DGS/scripts/vipe_benchmark/s1_helper_session.py", line 1573, in create_owned_process
    candidate=_prepare_owned_candidate(create,args,kwargs)
  File "/home/auss/git_repos/samaust/Experiments_4DGS/scripts/vipe_benchmark/s1_helper_session.py", line 337, in _prepare_owned_candidate
    descriptor,environment=_candidate_bytes(create,args,kwargs)
                           ~~~~~~~~~~~~~~~~^^^^^^^^^^^^^^^^^^^^
  File "/home/auss/git_repos/samaust/Experiments_4DGS/scripts/vipe_benchmark/s1_helper_session.py", line 276, in _candidate_bytes
    if value<0:raise ValueError('negative process stdio descriptor')
               ^^^^^^^^^^^^^^^^^^^^^^^^^^^^^^^^^^^^^^^^^^^^^^^^^^^^^
ValueError: negative process stdio descriptor

The above exception was the direct cause of the following exception:

Traceback (most recent call last):
  File "/home/auss/git_repos/samaust/Experiments_4DGS/tests/test_vipe_benchmark_s1_recovery.py", line 2377, in test_acceptance_and_historical_authority
    _,request,record=fixture.run_controller(); clock=fixture.clock
                     ~~~~~~~~~~~~~~~~~~~~~~^^
  File "/home/auss/git_repos/samaust/Experiments_4DGS/tests/test_vipe_benchmark_s1_recovery.py", line 520, in run_controller
    execute_s1_recovery(self.root,docs,self.config,auth)
    ~~~~~~~~~~~~~~~~~~~^^^^^^^^^^^^^^^^^^^^^^^^^^^^^^^^^
  File "/home/auss/git_repos/samaust/Experiments_4DGS/scripts/vipe_benchmark/execution.py", line 669, in execute_s1_recovery
    return dispatch(local, docs, config, component_recovery_request(local, config, JOB))
  File "/home/auss/git_repos/samaust/Experiments_4DGS/scripts/vipe_benchmark/execution.py", line 545, in dispatch
    result = supervise(ledger, job, command, local / 'jobs' / suffix,
        evidence=evidence,
        sample_resources=s1_sampling_operation(local) if job == 'S1-calibration-recovery-001' else lambda: resources(local, gpu=device_monitored),
        validate_result=validate, poll_seconds=.1 if job == 'S1-calibration-recovery-001' else 2., checkpoint=checkpoint, resume_checkpoint=resume_checkpoint,
        terminal_publisher=publish if job == 'S1-calibration-recovery-001' else None, terminal_docs=docs)
  File "/home/auss/git_repos/samaust/Experiments_4DGS/scripts/vipe_benchmark/supervisor.py", line 607, in supervise
    raise failure from primary_exception
vipe_benchmark.supervisor.SupervisionFailure: ValueError: negative process stdio descriptor

======================================================================
ERROR: test_result_requires_supervised_cleanup_and_exact_membership (test_vipe_benchmark_s1_recovery.S1RecoveryTests.test_result_requires_supervised_cleanup_and_exact_membership)
----------------------------------------------------------------------
Traceback (most recent call last):
  File "/home/auss/git_repos/samaust/Experiments_4DGS/scripts/vipe_benchmark/supervisor.py", line 446, in supervise
    process = create_owned_process('supervisor worker',subprocess.Popen,command, deadline=run_deadline if is_s1 else None, stdout=log, stderr=subprocess.STDOUT,
                               start_new_session=True, env=env)
  File "/home/auss/git_repos/samaust/Experiments_4DGS/scripts/vipe_benchmark/s1_helper_session.py", line 1573, in create_owned_process
    candidate=_prepare_owned_candidate(create,args,kwargs)
  File "/home/auss/git_repos/samaust/Experiments_4DGS/scripts/vipe_benchmark/s1_helper_session.py", line 337, in _prepare_owned_candidate
    descriptor,environment=_candidate_bytes(create,args,kwargs)
                           ~~~~~~~~~~~~~~~~^^^^^^^^^^^^^^^^^^^^
  File "/home/auss/git_repos/samaust/Experiments_4DGS/scripts/vipe_benchmark/s1_helper_session.py", line 276, in _candidate_bytes
    if value<0:raise ValueError('negative process stdio descriptor')
               ^^^^^^^^^^^^^^^^^^^^^^^^^^^^^^^^^^^^^^^^^^^^^^^^^^^^^
ValueError: negative process stdio descriptor

The above exception was the direct cause of the following exception:

Traceback (most recent call last):
  File "/home/auss/git_repos/samaust/Experiments_4DGS/tests/test_vipe_benchmark_s1_recovery.py", line 550, in test_result_requires_supervised_cleanup_and_exact_membership
    auth,request,result=self.run_controller()
                        ~~~~~~~~~~~~~~~~~~~^^
  File "/home/auss/git_repos/samaust/Experiments_4DGS/tests/test_vipe_benchmark_s1_recovery.py", line 520, in run_controller
    execute_s1_recovery(self.root,docs,self.config,auth)
    ~~~~~~~~~~~~~~~~~~~^^^^^^^^^^^^^^^^^^^^^^^^^^^^^^^^^
  File "/home/auss/git_repos/samaust/Experiments_4DGS/scripts/vipe_benchmark/execution.py", line 669, in execute_s1_recovery
    return dispatch(local, docs, config, component_recovery_request(local, config, JOB))
  File "/home/auss/git_repos/samaust/Experiments_4DGS/scripts/vipe_benchmark/execution.py", line 545, in dispatch
    result = supervise(ledger, job, command, local / 'jobs' / suffix,
        evidence=evidence,
        sample_resources=s1_sampling_operation(local) if job == 'S1-calibration-recovery-001' else lambda: resources(local, gpu=device_monitored),
        validate_result=validate, poll_seconds=.1 if job == 'S1-calibration-recovery-001' else 2., checkpoint=checkpoint, resume_checkpoint=resume_checkpoint,
        terminal_publisher=publish if job == 'S1-calibration-recovery-001' else None, terminal_docs=docs)
  File "/home/auss/git_repos/samaust/Experiments_4DGS/scripts/vipe_benchmark/supervisor.py", line 607, in supervise
    raise failure from primary_exception
vipe_benchmark.supervisor.SupervisionFailure: ValueError: negative process stdio descriptor

======================================================================
FAIL: test_execution_mutations (test_vipe_benchmark_s1_recovery.ReceiptContractTests.test_execution_mutations)
----------------------------------------------------------------------
Traceback (most recent call last):
  File "/home/auss/git_repos/samaust/Experiments_4DGS/tests/test_vipe_benchmark_s1_recovery.py", line 922, in test_execution_mutations
    cap_child=fresh_process_refuses(path,prefix,terminal,'cap')
  File "/home/auss/git_repos/samaust/Experiments_4DGS/tests/test_vipe_benchmark_s1_recovery.py", line 894, in fresh_process_refuses
    self.assertEqual(tuple(child.args),command)
    ~~~~~~~~~~~~~~~~^^^^^^^^^^^^^^^^^^^^^^^^^^^
AssertionError: Tuples differ: (b'/home/auss/git_repos/samaust/Experiment[970 chars]7}}') != ('/home/auss/git_repos/samaust/Experiments[964 chars]7}}')

First differing element 0:
b'/home/auss/git_repos/samaust/Experiment[36 chars]thon'
'/home/auss/git_repos/samaust/Experiments[35 chars]thon'

Diff is 2574 characters long. Set self.maxDiff to None to see it.

----------------------------------------------------------------------
Ran 43 tests in 36.270s

FAILED (failures=1, errors=9)
test_grounding_uses_native_caption_thresholds_and_float_boxes (test_vipe_benchmark_backends.AssetAndDetectorTests.test_grounding_uses_native_caption_thresholds_and_float_boxes) ... ok
test_missing_assets_fail_before_torch_import (test_vipe_benchmark_backends.AssetAndDetectorTests.test_missing_assets_fail_before_torch_import) ... ok
test_phrase_ambiguity_and_capacity_fail_before_casting (test_vipe_benchmark_backends.AssetAndDetectorTests.test_phrase_ambiguity_and_capacity_fail_before_casting) ... ok
test_rtdetr_threshold_equality_label_names_and_processor (test_vipe_benchmark_backends.AssetAndDetectorTests.test_rtdetr_threshold_equality_label_names_and_processor) ... ok
test_source_pin_and_snapshot_contents_are_not_inferred_from_directory_name (test_vipe_benchmark_backends.AssetAndDetectorTests.test_source_pin_and_snapshot_contents_are_not_inferred_from_directory_name) ... ok
test_d0_preserves_native_centered_K_and_float_invocation (test_vipe_benchmark_backends.DepthTests.test_d0_preserves_native_centered_K_and_float_invocation) ... ok
test_da3_invalid_support_is_not_interpolated_and_double_scaling_fails (test_vipe_benchmark_backends.DepthTests.test_da3_invalid_support_is_not_interpolated_and_double_scaling_fails) ... ok
test_da3_uses_processor_K_once_no_pose_alignment_and_missing_confidence (test_vipe_benchmark_backends.DepthTests.test_da3_uses_processor_K_once_no_pose_alignment_and_missing_confidence) ... ok
test_depth_pro_focal_device_tensor_native_inversion_and_no_extra_factor (test_vipe_benchmark_backends.DepthTests.test_depth_pro_focal_device_tensor_native_inversion_and_no_extra_factor) ... ok
test_metric3d_resized_focal_unpad_and_native_clamp (test_vipe_benchmark_backends.DepthTests.test_metric3d_resized_focal_unpad_and_native_clamp) ... ok
test_unidepth_byte_nchw_K_and_actual_dimensions (test_vipe_benchmark_backends.DepthTests.test_unidepth_byte_nchw_K_and_actual_dimensions) ... ok
test_d1_native_constructor_only_uses_explicit_snapshot_and_bilinear (test_vipe_benchmark_backends.FactoryTests.test_d1_native_constructor_only_uses_explicit_snapshot_and_bilinear) ... ok
test_metric3d_hub_is_local_and_never_fetches_pretrained_URL (test_vipe_benchmark_backends.FactoryTests.test_metric3d_hub_is_local_and_never_fetches_pretrained_URL) ... ok
test_sam2_requires_native_extension_and_disables_build_compilation (test_vipe_benchmark_backends.FactoryTests.test_sam2_requires_native_extension_and_disables_build_compilation) ... ok
test_sam3_missing_required_weight_stops_before_processor_and_restores_loader (test_vipe_benchmark_backends.FactoryTests.test_sam3_missing_required_weight_stops_before_processor_and_restores_loader) ... ok
test_sam3_preserves_native_key_selection_records_extras_and_moves_cuda_index (test_vipe_benchmark_backends.FactoryTests.test_sam3_preserves_native_key_selection_records_extras_and_moves_cuda_index) ... ok
test_sam3_serial_and_perflib_overrides_are_checked_without_fallback (test_vipe_benchmark_backends.FactoryTests.test_sam3_serial_and_perflib_overrides_are_checked_without_fallback) ... ok
test_sam3_unobserved_or_repeated_checkpoint_load_cannot_qualify (test_vipe_benchmark_backends.FactoryTests.test_sam3_unobserved_or_repeated_checkpoint_load_cannot_qualify) ... ok
test_fresh_trackers_reuse_stable_checkpoint_cache_keys (test_vipe_benchmark_backends.HistoricalCacheBindingTests.test_fresh_trackers_reuse_stable_checkpoint_cache_keys) ... ok
test_s0_observes_native_scores_without_changing_invocation (test_vipe_benchmark_backends.LegacyAndSAM3Tests.test_s0_observes_native_scores_without_changing_invocation) ... ok
test_s1_native_box_refinement_tiny_masks_merge_and_tracking (test_vipe_benchmark_backends.LegacyAndSAM3Tests.test_s1_native_box_refinement_tiny_masks_merge_and_tracking) ... ok
test_sam3_separate_concepts_native_births_and_score_ties (test_vipe_benchmark_backends.LegacyAndSAM3Tests.test_sam3_separate_concepts_native_births_and_score_ties) ... ok
test_constructor_failure_restores_cwd_and_native_builder (test_vipe_benchmark_backends.S1NativeBridgeTests.test_constructor_failure_restores_cwd_and_native_builder) ... ok
test_constructor_rejects_changed_arguments_and_unsupervised_temporary_root (test_vipe_benchmark_backends.S1NativeBridgeTests.test_constructor_rejects_changed_arguments_and_unsupervised_temporary_root) ... ok
test_constructor_removes_only_inert_argument_and_contains_native_config_writes (test_vipe_benchmark_backends.S1NativeBridgeTests.test_constructor_removes_only_inert_argument_and_contains_native_config_writes) ... ok
test_memory_update_uses_exact_native_nearest_grid_and_keeps_original_export (test_vipe_benchmark_backends.S1NativeBridgeTests.test_memory_update_uses_exact_native_nearest_grid_and_keeps_original_export) ... ok
test_native_palette_import_preserves_seed_state_on_success_and_failure (test_vipe_benchmark_backends.S1NativeBridgeTests.test_native_palette_import_preserves_seed_state_on_success_and_failure) ... ok
test_native_wrapper_argument_drift_is_rejected_before_engine_construction (test_vipe_benchmark_backends.S1NativeBridgeTests.test_native_wrapper_argument_drift_is_rejected_before_engine_construction) ... ok
test_pair_bridge_rejects_extra_frames_reference_and_propagation (test_vipe_benchmark_backends.S1NativeBridgeTests.test_pair_bridge_rejects_extra_frames_reference_and_propagation) ... ok
test_pair_bridge_rejects_missing_resets_and_singleton_tracking (test_vipe_benchmark_backends.S1NativeBridgeTests.test_pair_bridge_rejects_missing_resets_and_singleton_tracking) ... ok
test_empty_keyframe_never_runs_successor_detector (test_vipe_benchmark_backends.SAM2Tests.test_empty_keyframe_never_runs_successor_detector) ... ok
test_incomplete_propagation_fails_and_resets (test_vipe_benchmark_backends.SAM2Tests.test_incomplete_propagation_fails_and_resets) ... ok
test_native_postprocessing_skip_fails_pair_and_resets_before_export (test_vipe_benchmark_backends.SAM2Tests.test_native_postprocessing_skip_fails_pair_and_resets_before_export) ... ok
test_pair_reset_highest_iou_original_grid_overlap_and_static (test_vipe_benchmark_backends.SAM2Tests.test_pair_reset_highest_iou_original_grid_overlap_and_static) ... ok
test_source_frames_not_internal_indices_or_cross_role_context (test_vipe_benchmark_backends.SAM2Tests.test_source_frames_not_internal_indices_or_cross_role_context) ... ok

----------------------------------------------------------------------
Ran 35 tests in 0.049s

OK
test_duplicate_missing_and_wrong_grid (test_vipe_benchmark_contracts.AccessTests.test_duplicate_missing_and_wrong_grid) ... ok
test_exact_protocol_counts_and_order (test_vipe_benchmark_contracts.AccessTests.test_exact_protocol_counts_and_order) ... ok
test_hash_change_and_exclusive_output (test_vipe_benchmark_contracts.AccessTests.test_hash_change_and_exclusive_output) ... ok
test_heldout_final_window_wrong_branch_and_pair_rejected (test_vipe_benchmark_contracts.AccessTests.test_heldout_final_window_wrong_branch_and_pair_rejected) ... ok
test_motion_context_roles_and_ends (test_vipe_benchmark_contracts.AccessTests.test_motion_context_roles_and_ends) ... ok
test_pair_contexts_are_distinct_without_weakening_historical_guard (test_vipe_benchmark_contracts.AccessTests.test_pair_contexts_are_distinct_without_weakening_historical_guard) ... ok
test_prohibited_spelling_and_symlink_rejected_without_reading (test_vipe_benchmark_contracts.AccessTests.test_prohibited_spelling_and_symlink_rejected_without_reading) ... ok
test_camera_z_range_and_exactly_one_metric_conversion (test_vipe_benchmark_contracts.ArrayTests.test_camera_z_range_and_exactly_one_metric_conversion) ... ok
test_invalid_depth_nan_contract (test_vipe_benchmark_contracts.ArrayTests.test_invalid_depth_nan_contract) ... ok
test_nonuniform_crop_pad_and_half_pixel_analytic (test_vipe_benchmark_contracts.ArrayTests.test_nonuniform_crop_pad_and_half_pixel_analytic) ... ok
test_overlap_greatest_logit_then_score_then_index (test_vipe_benchmark_contracts.ArrayTests.test_overlap_greatest_logit_then_score_then_index) ... ok
test_radial_remap_against_independent_formula (test_vipe_benchmark_contracts.ArrayTests.test_radial_remap_against_independent_formula) ... ok
test_scaled_camera_projection_and_normalization (test_vipe_benchmark_contracts.ArrayTests.test_scaled_camera_projection_and_normalization) ... ok
test_sparse_cv_quantized_support_including_borders (test_vipe_benchmark_contracts.ArrayTests.test_sparse_cv_quantized_support_including_borders) ... ok
test_static_polarity_semantics_invalid_and_capacity (test_vipe_benchmark_contracts.ArrayTests.test_static_polarity_semantics_invalid_and_capacity) ... ok

----------------------------------------------------------------------
Ran 15 tests in 0.010s

OK
test_recipe_is_derived_from_original_and_missing_prerequisites_block (test_vipe_benchmark_component_recovery.ComponentRecoveryTests.test_recipe_is_derived_from_original_and_missing_prerequisites_block) ... ok
test_scope_validation_and_cumulative_cap_are_not_relaxed (test_vipe_benchmark_component_recovery.ComponentRecoveryTests.test_scope_validation_and_cumulative_cap_are_not_relaxed) ... ok
test_successful_recovery_preserves_failure_and_requires_registered_valid_result (test_vipe_benchmark_component_recovery.ComponentRecoveryTests.test_successful_recovery_preserves_failure_and_requires_registered_valid_result) ... ok

----------------------------------------------------------------------
Ran 3 tests in 0.022s

OK
test_invalid_json_never_publishes_partial_evidence (test_vipe_benchmark_execution.AtomicEvidenceTests.test_invalid_json_never_publishes_partial_evidence) ... ok
test_model_attempts_cannot_use_aggregation_resume (test_vipe_benchmark_execution.CheckpointTests.test_model_attempts_cannot_use_aggregation_resume) ... ok
test_three_stages_consume_one_aggregate_attempt_and_charge_only_active_wall (test_vipe_benchmark_execution.CheckpointTests.test_three_stages_consume_one_aggregate_attempt_and_charge_only_active_wall) ... ok
test_annotation_result_and_aggregate_checkpoint_bind_successful_parent (test_vipe_benchmark_execution.FrozenHandoffTests.test_annotation_result_and_aggregate_checkpoint_bind_successful_parent) ... ok
test_completed_report_is_returned_without_readmission_or_another_pass (test_vipe_benchmark_execution.FrozenHandoffTests.test_completed_report_is_returned_without_readmission_or_another_pass) ... ok
test_failed_readonly_qualification_still_charges_elapsed_cpu (test_vipe_benchmark_execution.FrozenHandoffTests.test_failed_readonly_qualification_still_charges_elapsed_cpu) ... ok
test_orphaned_passing_scale_cannot_admit_check_and_completed_scale_cannot_change (test_vipe_benchmark_execution.FrozenHandoffTests.test_orphaned_passing_scale_cannot_admit_check_and_completed_scale_cannot_change) ... ok
test_worker_error_cannot_override_supervisor_exclusivity_stop (test_vipe_benchmark_execution.FrozenHandoffTests.test_worker_error_cannot_override_supervisor_exclusivity_stop) ... ok
test_worker_retains_grid_identity_and_validates_first_output_before_continuing (test_vipe_benchmark_execution.SegmentationWorkerTests.test_worker_retains_grid_identity_and_validates_first_output_before_continuing) ... ok
test_revision_and_path_traversal_are_checked_before_extracting (test_vipe_benchmark_execution.SourceArchiveTests.test_revision_and_path_traversal_are_checked_before_extracting) ... ok

----------------------------------------------------------------------
Ran 10 tests in 0.066s

OK
test_artifact_allowance_limits_next_read (test_vipe_benchmark_budgets.BudgetTests.test_artifact_allowance_limits_next_read) ... ok
test_artifact_hardlinks_count_once_with_allocated_blocks (test_vipe_benchmark_budgets.BudgetTests.test_artifact_hardlinks_count_once_with_allocated_blocks) ... ok
test_cancelled_waiting_lock_does_not_enter_download_scope (test_vipe_benchmark_budgets.BudgetTests.test_cancelled_waiting_lock_does_not_enter_download_scope) ... ok
test_concurrent_rename_is_rescanned_instead_of_losing_storage (test_vipe_benchmark_budgets.BudgetTests.test_concurrent_rename_is_rescanned_instead_of_losing_storage) ... ok
test_counted_output_cannot_escape_the_run (test_vipe_benchmark_budgets.BudgetTests.test_counted_output_cannot_escape_the_run) ... ok
test_direct_actual_counter_cannot_decrease_or_change_output (test_vipe_benchmark_budgets.BudgetTests.test_direct_actual_counter_cannot_decrease_or_change_output) ... ok
test_direct_file_inside_cache_is_not_also_a_package_proxy (test_vipe_benchmark_budgets.BudgetTests.test_direct_file_inside_cache_is_not_also_a_package_proxy) ... ok
test_direct_progress_baseline_does_not_double_charge_own_flushed_chunk (test_vipe_benchmark_budgets.BudgetTests.test_direct_progress_baseline_does_not_double_charge_own_flushed_chunk) ... ok
test_direct_reservation_survives_failure_receipt_with_fewer_known_bytes (test_vipe_benchmark_budgets.BudgetTests.test_direct_reservation_survives_failure_receipt_with_fewer_known_bytes) ... ok
test_duplicate_identity_and_negative_counts_fail_closed (test_vipe_benchmark_budgets.BudgetTests.test_duplicate_identity_and_negative_counts_fail_closed) ... ok
test_exact_sixty_gib_cap_requires_no_large_fixture (test_vipe_benchmark_budgets.BudgetTests.test_exact_sixty_gib_cap_requires_no_large_fixture) ... ok
test_failed_and_successful_receipts_retain_all_received_bytes (test_vipe_benchmark_budgets.BudgetTests.test_failed_and_successful_receipts_retain_all_received_bytes) ... ok
test_historical_reservation_does_not_mask_new_attempt_local_bytes (test_vipe_benchmark_budgets.BudgetTests.test_historical_reservation_does_not_mask_new_attempt_local_bytes) ... ok
test_incomplete_receipts_fail_closed (test_vipe_benchmark_budgets.BudgetTests.test_incomplete_receipts_fail_closed) ... ok
test_intent_bridges_partial_rename_and_receipt_publication_once (test_vipe_benchmark_budgets.BudgetTests.test_intent_bridges_partial_rename_and_receipt_publication_once) ... ok
test_legacy_teacher_partial_covered_but_later_growth_charged (test_vipe_benchmark_budgets.BudgetTests.test_legacy_teacher_partial_covered_but_later_growth_charged) ... ok
test_lock_caches_scan_but_charges_every_intervening_read (test_vipe_benchmark_budgets.BudgetTests.test_lock_caches_scan_but_charges_every_intervening_read) ... ok
test_negative_count_is_not_silently_ignored (test_vipe_benchmark_budgets.BudgetTests.test_negative_count_is_not_silently_ignored) ... ok
test_nested_scope_indexes_are_fresh_and_preserve_publication_charges (test_vipe_benchmark_budgets.BudgetTests.test_nested_scope_indexes_are_fresh_and_preserve_publication_charges) ... ok
test_new_attempt_on_same_path_adds_bytes_to_historical_failure (test_vipe_benchmark_budgets.BudgetTests.test_new_attempt_on_same_path_adds_bytes_to_historical_failure) ... ok
test_orphan_partial_is_charged (test_vipe_benchmark_budgets.BudgetTests.test_orphan_partial_is_charged) ... ok
test_package_orphan_partial_uses_retained_cache_scope_once (test_vipe_benchmark_budgets.BudgetTests.test_package_orphan_partial_uses_retained_cache_scope_once) ... ok
test_progress_without_final_receipt_or_payload_keeps_crash_charge (test_vipe_benchmark_budgets.BudgetTests.test_progress_without_final_receipt_or_payload_keeps_crash_charge) ... ok
test_received_but_unwritten_bytes_reduce_next_read (test_vipe_benchmark_budgets.BudgetTests.test_received_but_unwritten_bytes_reduce_next_read) ... ok
test_retained_failed_partial_is_not_counted_twice (test_vipe_benchmark_budgets.BudgetTests.test_retained_failed_partial_is_not_counted_twice) ... ok
test_slow_snapshot_still_reuses_inventory_and_charges_pending_bytes (test_vipe_benchmark_budgets.BudgetTests.test_slow_snapshot_still_reuses_inventory_and_charges_pending_bytes) ... ok
test_successful_direct_flush_replaces_reservation_with_actual_bytes_once (test_vipe_benchmark_budgets.BudgetTests.test_successful_direct_flush_replaces_reservation_with_actual_bytes_once) ... ok
test_symlinks_and_prompts_directories_are_not_traversed (test_vipe_benchmark_budgets.BudgetTests.test_symlinks_and_prompts_directories_are_not_traversed) ... ok
test_two_transfer_threads_cannot_spend_the_same_remaining_bytes (test_vipe_benchmark_budgets.BudgetTests.test_two_transfer_threads_cannot_spend_the_same_remaining_bytes) ... ok
test_unreceipted_teacher_output_is_counted_during_publication_gap (test_vipe_benchmark_budgets.BudgetTests.test_unreceipted_teacher_output_is_counted_during_publication_gap) ... ok
test_uv_local_growth_obeys_max_without_double_charging_cache (test_vipe_benchmark_budgets.BudgetTests.test_uv_local_growth_obeys_max_without_double_charging_cache) ... ok
test_uv_uses_larger_wire_or_retained_package_scope (test_vipe_benchmark_budgets.BudgetTests.test_uv_uses_larger_wire_or_retained_package_scope) ... ok

----------------------------------------------------------------------
Ran 32 tests in 0.244s

OK
test_bootstrap_failure_and_eof_preserve_child (test_vipe_benchmark_supervisor.HelperIntegrationTests.test_bootstrap_failure_and_eof_preserve_child) ... ok
test_cleanup_failures (test_vipe_benchmark_supervisor.HelperIntegrationTests.test_cleanup_failures) ... ok
test_cleanup_matrix (test_vipe_benchmark_supervisor.HelperIntegrationTests.test_cleanup_matrix) ... ok
test_foreign_only_pid (test_vipe_benchmark_supervisor.HelperIntegrationTests.test_foreign_only_pid) ... ok
test_importable_guarded_file_control (test_vipe_benchmark_supervisor.HelperIntegrationTests.test_importable_guarded_file_control) ... ERROR
test_mixed_owned_foreign_pid (test_vipe_benchmark_supervisor.HelperIntegrationTests.test_mixed_owned_foreign_pid) ... ok
test_owned_live_pid (test_vipe_benchmark_supervisor.HelperIntegrationTests.test_owned_live_pid) ... ok
test_owned_unreaped_exited_pid (test_vipe_benchmark_supervisor.HelperIntegrationTests.test_owned_unreaped_exited_pid) ... ok
test_prelaunch_empty_ownership (test_vipe_benchmark_supervisor.HelperIntegrationTests.test_prelaunch_empty_ownership) ... ok
test_primary_survives_secondary_cleanup_error (test_vipe_benchmark_supervisor.HelperIntegrationTests.test_primary_survives_secondary_cleanup_error) ... ok
test_real_close_repeated_and_descendant_cleanup (test_vipe_benchmark_supervisor.HelperIntegrationTests.test_real_close_repeated_and_descendant_cleanup) ... ERROR
test_real_close_repeated_and_descendant_cleanup (test_vipe_benchmark_supervisor.HelperIntegrationTests.test_real_close_repeated_and_descendant_cleanup) ... ERROR
test_spawn_constant_reaped_under_actual_runner (test_vipe_benchmark_supervisor.HelperIntegrationTests.test_spawn_constant_reaped_under_actual_runner) ... ok
test_supervisor_worker_context_and_consumed_cleanup_stop (test_vipe_benchmark_supervisor.HelperIntegrationTests.test_supervisor_worker_context_and_consumed_cleanup_stop) ... FAIL
test_bounded_traces_counters_and_authority (test_vipe_benchmark_supervisor.HelperSessionTests.test_bounded_traces_counters_and_authority) ... ok
test_census_immutable_identity_mutations (test_vipe_benchmark_supervisor.HelperSessionTests.test_census_immutable_identity_mutations) ... ok
test_combined_duplex_and_same_turn_bounds (test_vipe_benchmark_supervisor.HelperSessionTests.test_combined_duplex_and_same_turn_bounds) ... ok
test_control_primitive_and_frame_mutations (test_vipe_benchmark_supervisor.HelperSessionTests.test_control_primitive_and_frame_mutations) ... ok
test_envelope_correlation_mutations (test_vipe_benchmark_supervisor.HelperSessionTests.test_envelope_correlation_mutations) ... ok
test_exact_frame_bounds_and_trailing_data (test_vipe_benchmark_supervisor.HelperSessionTests.test_exact_frame_bounds_and_trailing_data) ... ok
test_l01_ready_reuse (test_vipe_benchmark_supervisor.HelperSessionTests.test_l01_ready_reuse) ... FAIL
test_l02_ready_and_sample_before_reserve (test_vipe_benchmark_supervisor.HelperSessionTests.test_l02_ready_and_sample_before_reserve) ... ok
test_l03_owner_bootstrap_block (test_vipe_benchmark_supervisor.HelperSessionTests.test_l03_owner_bootstrap_block) ... FAIL
test_l04_child_before_ready_block (test_vipe_benchmark_supervisor.HelperSessionTests.test_l04_child_before_ready_block) ... FAIL
test_l05_error_after_spawn (test_vipe_benchmark_supervisor.HelperSessionTests.test_l05_error_after_spawn) ... FAIL
test_l06_late_ready (test_vipe_benchmark_supervisor.HelperSessionTests.test_l06_late_ready) ... FAIL
test_l07_cancel_during_spawn (test_vipe_benchmark_supervisor.HelperSessionTests.test_l07_cancel_during_spawn) ... FAIL
test_l08_late_owner_retained (test_vipe_benchmark_supervisor.HelperSessionTests.test_l08_late_owner_retained) ... FAIL
test_l09_partial_header (test_vipe_benchmark_supervisor.HelperSessionTests.test_l09_partial_header) ... FAIL
test_l10_stalled_body (test_vipe_benchmark_supervisor.HelperSessionTests.test_l10_stalled_body) ... FAIL
test_l11_eof_midframe (test_vipe_benchmark_supervisor.HelperSessionTests.test_l11_eof_midframe) ... FAIL
test_l12_stalled_request_reader (test_vipe_benchmark_supervisor.HelperSessionTests.test_l12_stalled_request_reader) ... ERROR
test_l13_oversized_frame (test_vipe_benchmark_supervisor.HelperSessionTests.test_l13_oversized_frame) ... FAIL
test_l14_wrong_correlation (test_vipe_benchmark_supervisor.HelperSessionTests.test_l14_wrong_correlation) ... FAIL
test_l15_sample_deadline (test_vipe_benchmark_supervisor.HelperSessionTests.test_l15_sample_deadline) ... ERROR
test_l16_phase_deadline (test_vipe_benchmark_supervisor.HelperSessionTests.test_l16_phase_deadline) ... ERROR
test_l17_post_task_acquisition (test_vipe_benchmark_supervisor.HelperSessionTests.test_l17_post_task_acquisition) ... ERROR
test_l18_descendant_and_foreign_sentinel (test_vipe_benchmark_supervisor.HelperSessionTests.test_l18_descendant_and_foreign_sentinel) ... ERROR
test_l19_term_resistance (test_vipe_benchmark_supervisor.HelperSessionTests.test_l19_term_resistance) ... ERROR
test_l20_exit_during_transport (test_vipe_benchmark_supervisor.HelperSessionTests.test_l20_exit_during_transport) ... ERROR
test_l21_enumeration_failure (test_vipe_benchmark_supervisor.HelperSessionTests.test_l21_enumeration_failure) ... ERROR
test_l22_signal_failure (test_vipe_benchmark_supervisor.HelperSessionTests.test_l22_signal_failure) ... ERROR
test_l23_reap_failure (test_vipe_benchmark_supervisor.HelperSessionTests.test_l23_reap_failure) ... ERROR
test_l24_summary_reference_adapter (test_vipe_benchmark_supervisor.HelperSessionTests.test_l24_summary_reference_adapter) ... ERROR
test_l25_delayed_actual_reserve (test_vipe_benchmark_supervisor.HelperSessionTests.test_l25_delayed_actual_reserve) ... FAIL
test_l26_equal_actual_reserve (test_vipe_benchmark_supervisor.HelperSessionTests.test_l26_equal_actual_reserve) ... FAIL
test_l27_encoder_early_response (test_vipe_benchmark_supervisor.HelperSessionTests.test_l27_encoder_early_response) ... ERROR
test_l28_partial_early_response (test_vipe_benchmark_supervisor.HelperSessionTests.test_l28_partial_early_response) ... ERROR
test_l29_readable_sample_equality (test_vipe_benchmark_supervisor.HelperSessionTests.test_l29_readable_sample_equality) ... ERROR
test_l30_readable_phase_equality (test_vipe_benchmark_supervisor.HelperSessionTests.test_l30_readable_phase_equality) ... ERROR
test_l31_live_worker_bracket_and_foreign (test_vipe_benchmark_supervisor.HelperSessionTests.test_l31_live_worker_bracket_and_foreign) ... ERROR
test_l32_unreaped_worker_pin (test_vipe_benchmark_supervisor.HelperSessionTests.test_l32_unreaped_worker_pin) ... ERROR
test_l33_blocked_census_refuses_stale (test_vipe_benchmark_supervisor.HelperSessionTests.test_l33_blocked_census_refuses_stale) ... ERROR
test_l34_enumeration_error_empty_sample (test_vipe_benchmark_supervisor.HelperSessionTests.test_l34_enumeration_error_empty_sample) ... ERROR
test_l35_exited_leader_live_descendant (test_vipe_benchmark_supervisor.HelperSessionTests.test_l35_exited_leader_live_descendant) ... ERROR
test_l36_ambiguous_native_start_retained (test_vipe_benchmark_supervisor.HelperSessionTests.test_l36_ambiguous_native_start_retained) ... FAIL
test_partial_constructor_boundaries (test_vipe_benchmark_supervisor.HelperSessionTests.test_partial_constructor_boundaries) ... ok
test_progress_closed_inventory_and_faults (test_vipe_benchmark_supervisor.HelperSessionTests.test_progress_closed_inventory_and_faults) ... ok
test_progress_metadata_mutations (test_vipe_benchmark_supervisor.HelperSessionTests.test_progress_metadata_mutations) ... ok
test_progress_p01_worker_deadline (test_vipe_benchmark_supervisor.HelperSessionTests.test_progress_p01_worker_deadline) ... ERROR
test_progress_p02_reconcile_interruption (test_vipe_benchmark_supervisor.HelperSessionTests.test_progress_p02_reconcile_interruption) ... ERROR
test_progress_p03_helper_death (test_vipe_benchmark_supervisor.HelperSessionTests.test_progress_p03_helper_death) ... ERROR
test_progress_p04_failed_final_sample (test_vipe_benchmark_supervisor.HelperSessionTests.test_progress_p04_failed_final_sample) ... ERROR
test_progress_p05_interrupted_publisher (test_vipe_benchmark_supervisor.HelperSessionTests.test_progress_p05_interrupted_publisher) ... ERROR
test_progress_p06_blocked_owner (test_vipe_benchmark_supervisor.HelperSessionTests.test_progress_p06_blocked_owner) ... ERROR
test_progress_plan046_inventory (test_vipe_benchmark_supervisor.HelperSessionTests.test_progress_plan046_inventory) ... ok
test_progress_plan046_launch_deadline (test_vipe_benchmark_supervisor.HelperSessionTests.test_progress_plan046_launch_deadline) ... 
  test_progress_plan046_launch_deadline (test_vipe_benchmark_supervisor.HelperSessionTests.test_progress_plan046_launch_deadline) (kind='before', offset=-0.001) ... FAIL
test_progress_plan046_ownership (test_vipe_benchmark_supervisor.HelperSessionTests.test_progress_plan046_ownership) ... ok
test_progress_plan046_protocol (test_vipe_benchmark_supervisor.HelperSessionTests.test_progress_plan046_protocol) ... ok
test_progress_plan046_publication_faults (test_vipe_benchmark_supervisor.HelperSessionTests.test_progress_plan046_publication_faults) ... ok
test_progress_plan046_summary (test_vipe_benchmark_supervisor.HelperSessionTests.test_progress_plan046_summary) ... ok
test_progress_plan046_worker_authority (test_vipe_benchmark_supervisor.HelperSessionTests.test_progress_plan046_worker_authority) ... ok
test_progress_plan047_alias_inventory (test_vipe_benchmark_supervisor.HelperSessionTests.test_progress_plan047_alias_inventory) ... ok
test_progress_plan047_cancellation (test_vipe_benchmark_supervisor.HelperSessionTests.test_progress_plan047_cancellation) ... ok
test_progress_plan047_complete_final_sample (test_vipe_benchmark_supervisor.HelperSessionTests.test_progress_plan047_complete_final_sample) ... 
  test_progress_plan047_complete_final_sample (test_vipe_benchmark_supervisor.HelperSessionTests.test_progress_plan047_complete_final_sample) (kind='success') ... ERROR
  test_progress_plan047_complete_final_sample (test_vipe_benchmark_supervisor.HelperSessionTests.test_progress_plan047_complete_final_sample) (kind='final_sample_failure') ... ERROR
test_progress_plan047_deadline_steps (test_vipe_benchmark_supervisor.HelperSessionTests.test_progress_plan047_deadline_steps) ... 
  test_progress_plan047_deadline_steps (test_vipe_benchmark_supervisor.HelperSessionTests.test_progress_plan047_deadline_steps) (operation='worker_popen', when='before') ... FAIL
  test_progress_plan047_deadline_steps (test_vipe_benchmark_supervisor.HelperSessionTests.test_progress_plan047_deadline_steps) (operation='worker_popen', when='equal') ... FAIL
  test_progress_plan047_deadline_steps (test_vipe_benchmark_supervisor.HelperSessionTests.test_progress_plan047_deadline_steps) (operation='worker_popen', when='after') ... FAIL
test_progress_plan047_limits (test_vipe_benchmark_supervisor.HelperSessionTests.test_progress_plan047_limits) ... ok
test_progress_plan047_nested (test_vipe_benchmark_supervisor.HelperSessionTests.test_progress_plan047_nested) ... ok
test_progress_plan047_ownership (test_vipe_benchmark_supervisor.HelperSessionTests.test_progress_plan047_ownership) ... 
  test_progress_plan047_ownership (test_vipe_benchmark_supervisor.HelperSessionTests.test_progress_plan047_ownership) (kind='registry_owner_dispatch') ... ERROR
  test_progress_plan047_ownership (test_vipe_benchmark_supervisor.HelperSessionTests.test_progress_plan047_ownership) (kind='registry_worker_dispatch') ... ERROR
  test_progress_plan047_ownership (test_vipe_benchmark_supervisor.HelperSessionTests.test_progress_plan047_ownership) (kind='registry_direct_dispatch') ... ERROR
  test_progress_plan047_ownership (test_vipe_benchmark_supervisor.HelperSessionTests.test_progress_plan047_ownership) (kind='registry_sentinel_dispatch') ... ERROR
test_progress_plan047_publication_faults (test_vipe_benchmark_supervisor.HelperSessionTests.test_progress_plan047_publication_faults) ... ok
test_progress_plan047_recovery (test_vipe_benchmark_supervisor.HelperSessionTests.test_progress_plan047_recovery) ... ok
test_progress_plan047_result_summary (test_vipe_benchmark_supervisor.HelperSessionTests.test_progress_plan047_result_summary) ... ok
test_progress_plan047_state_authority (test_vipe_benchmark_supervisor.HelperSessionTests.test_progress_plan047_state_authority) ... ok
test_progress_plan048_pure_memo (test_vipe_benchmark_supervisor.HelperSessionTests.test_progress_plan048_pure_memo) ... ok
test_progress_strict_primitives (test_vipe_benchmark_supervisor.HelperSessionTests.test_progress_strict_primitives) ... ok
test_resource_field_mutations (test_vipe_benchmark_supervisor.HelperSessionTests.test_resource_field_mutations) ... ok
test_sample_typed_timing_mutations (test_vipe_benchmark_supervisor.HelperSessionTests.test_sample_typed_timing_mutations) ... ok
test_append_chain_detects_changed_history (test_vipe_benchmark_supervisor.SupervisorTests.test_append_chain_detects_changed_history) ... ok
test_child_survival_invalidates_parent_success_and_is_cleaned_up (test_vipe_benchmark_supervisor.SupervisorTests.test_child_survival_invalidates_parent_success_and_is_cleaned_up) ... FAIL
test_completed_worker_is_not_dispatched_again (test_vipe_benchmark_supervisor.SupervisorTests.test_completed_worker_is_not_dispatched_again) ... ERROR
test_concurrent_reservation_has_one_winner (test_vipe_benchmark_supervisor.SupervisorTests.test_concurrent_reservation_has_one_winner) ... ERROR
test_explicit_resume_reopens_unstarted_slots_only (test_vipe_benchmark_supervisor.SupervisorTests.test_explicit_resume_reopens_unstarted_slots_only) ... ok
test_foreign_gpu_pid_still_fails_and_preserves_ownership_evidence (test_vipe_benchmark_supervisor.SupervisorTests.test_foreign_gpu_pid_still_fails_and_preserves_ownership_evidence) ... FAIL
test_gpu_sample_of_exited_unreaped_worker_keeps_true_group_ownership (test_vipe_benchmark_supervisor.SupervisorTests.test_gpu_sample_of_exited_unreaped_worker_keeps_true_group_ownership) ... ERROR
test_interruption_cleans_owned_process_group (test_vipe_benchmark_supervisor.SupervisorTests.test_interruption_cleans_owned_process_group) ... FAIL
test_missing_result_and_nonzero_exit_consume_attempts (test_vipe_benchmark_supervisor.SupervisorTests.test_missing_result_and_nonzero_exit_consume_attempts) ... FAIL
test_native_kernel_caches_stay_in_monitored_attempt_and_override_external_paths (test_vipe_benchmark_supervisor.SupervisorTests.test_native_kernel_caches_stay_in_monitored_attempt_and_override_external_paths) ... ERROR
test_preexisting_resource_cap_never_spends_an_attempt (test_vipe_benchmark_supervisor.SupervisorTests.test_preexisting_resource_cap_never_spends_an_attempt) ... ok
test_restart_does_not_relaunch_unfinished_attempt (test_vipe_benchmark_supervisor.SupervisorTests.test_restart_does_not_relaunch_unfinished_attempt) ... ok
test_simulated_memory_and_foreign_gpu_process (test_vipe_benchmark_supervisor.SupervisorTests.test_simulated_memory_and_foreign_gpu_process) ... FAIL
test_simulated_storage_cap_stops_worker (test_vipe_benchmark_supervisor.SupervisorTests.test_simulated_storage_cap_stops_worker) ... FAIL
test_timeout_kills_sigterm_ignoring_group_within_allocation (test_vipe_benchmark_supervisor.SupervisorTests.test_timeout_kills_sigterm_ignoring_group_within_allocation) ... FAIL

======================================================================
ERROR: test_importable_guarded_file_control (test_vipe_benchmark_supervisor.HelperIntegrationTests.test_importable_guarded_file_control)
----------------------------------------------------------------------
Traceback (most recent call last):
  File "/home/auss/git_repos/samaust/Experiments_4DGS/tests/test_vipe_benchmark_supervisor.py", line 863, in test_importable_guarded_file_control
    process=fixture_process_launch('existing helper runner',command,stdout=subprocess.PIPE,stderr=subprocess.PIPE,text=True,env=env)
  File "/home/auss/git_repos/samaust/Experiments_4DGS/tests/test_vipe_benchmark_s1_helper_fixtures.py", line 888, in fixture_process_launch
    process=create_owned_process(event,subprocess.Popen,command,**kwargs)
  File "/home/auss/git_repos/samaust/Experiments_4DGS/scripts/vipe_benchmark/s1_helper_session.py", line 1573, in create_owned_process
    candidate=_prepare_owned_candidate(create,args,kwargs)
  File "/home/auss/git_repos/samaust/Experiments_4DGS/scripts/vipe_benchmark/s1_helper_session.py", line 337, in _prepare_owned_candidate
    descriptor,environment=_candidate_bytes(create,args,kwargs)
                           ~~~~~~~~~~~~~~~~^^^^^^^^^^^^^^^^^^^^
  File "/home/auss/git_repos/samaust/Experiments_4DGS/scripts/vipe_benchmark/s1_helper_session.py", line 276, in _candidate_bytes
    if value<0:raise ValueError('negative process stdio descriptor')
               ^^^^^^^^^^^^^^^^^^^^^^^^^^^^^^^^^^^^^^^^^^^^^^^^^^^^^
ValueError: negative process stdio descriptor

======================================================================
ERROR: test_real_close_repeated_and_descendant_cleanup (test_vipe_benchmark_supervisor.HelperIntegrationTests.test_real_close_repeated_and_descendant_cleanup)
----------------------------------------------------------------------
Traceback (most recent call last):
  File "/home/auss/git_repos/samaust/Experiments_4DGS/tests/test_vipe_benchmark_supervisor.py", line 1048, in test_real_close_repeated_and_descendant_cleanup
    self.assertEqual(self.sup.stop_group(process,limit),[])
                     ~~~~~~~~~~~~~~~~~~~^^^^^^^^^^^^^^^
  File "/home/auss/git_repos/samaust/Experiments_4DGS/scripts/vipe_benchmark/supervisor.py", line 108, in stop_group
    raise ValueError('stop_group descendant creation not acknowledged')
ValueError: stop_group descendant creation not acknowledged

======================================================================
ERROR: test_real_close_repeated_and_descendant_cleanup (test_vipe_benchmark_supervisor.HelperIntegrationTests.test_real_close_repeated_and_descendant_cleanup)
----------------------------------------------------------------------
Traceback (most recent call last):
  File "/home/auss/git_repos/samaust/Experiments_4DGS/tests/test_vipe_benchmark_supervisor.py", line 899, in <lambda>
    self.addCleanup(lambda:retire_fixture_processes([process],sys.exception(),stop=lambda value:self.sup.stop_group(value,self.time.monotonic()+1)))
                           ~~~~~~~~~~~~~~~~~~~~~~~~^^^^^^^^^^^^^^^^^^^^^^^^^^^^^^^^^^^^^^^^^^^^^^^^^^^^^^^^^^^^^^^^^^^^^^^^^^^^^^^^^^^^^^^^^^^^^^^^
  File "/home/auss/git_repos/samaust/Experiments_4DGS/tests/test_vipe_benchmark_s1_helper_fixtures.py", line 880, in retire_fixture_processes
    if primary is None:raise failure
                       ^^^^^^^^^^^^^
  File "/home/auss/git_repos/samaust/Experiments_4DGS/tests/test_vipe_benchmark_s1_helper_fixtures.py", line 865, in retire_fixture_processes
    elif stop(process):raise RuntimeError('fixture process cleanup unconfirmed')
         ~~~~^^^^^^^^^
  File "/home/auss/git_repos/samaust/Experiments_4DGS/tests/test_vipe_benchmark_supervisor.py", line 899, in <lambda>
    self.addCleanup(lambda:retire_fixture_processes([process],sys.exception(),stop=lambda value:self.sup.stop_group(value,self.time.monotonic()+1)))
                                                                                                ~~~~~~~~~~~~~~~~~~~^^^^^^^^^^^^^^^^^^^^^^^^^^^^^^^
  File "/home/auss/git_repos/samaust/Experiments_4DGS/scripts/vipe_benchmark/supervisor.py", line 148, in stop_group
    retire_job_descendant_pidfd(selected,descriptor,deadline)
    ~~~~~~~~~~~~~~~~~~~~~~~~~~~^^^^^^^^^^^^^^^^^^^^^^^^^^^^^^
  File "/home/auss/git_repos/samaust/Experiments_4DGS/scripts/vipe_benchmark/s1_helper_session.py", line 1152, in retire_job_descendant_pidfd
    raise ValueError('L35 descendant identity changed')
ValueError: L35 descendant identity changed
owned fixture retirement: ValueError('L35 descendant identity changed')

======================================================================
ERROR: test_l12_stalled_request_reader (test_vipe_benchmark_supervisor.HelperSessionTests.test_l12_stalled_request_reader)
----------------------------------------------------------------------
Traceback (most recent call last):
  File "/home/auss/git_repos/samaust/Experiments_4DGS/tests/test_vipe_benchmark_supervisor.py", line 1364, in test_l12_stalled_request_reader
    session.await_ready()
    ~~~~~~~~~~~~~~~~~~~^^
  File "/home/auss/git_repos/samaust/Experiments_4DGS/tests/test_vipe_benchmark_supervisor.py", line 1165, in observed
    result=operation(*args,**kwargs);return result
  File "/home/auss/git_repos/samaust/Experiments_4DGS/scripts/vipe_benchmark/s1_helper_session.py", line 2397, in await_ready
    self.tick(end); time.sleep(min(.005,max(0.,end-time.monotonic())))
    ~~~~~~~~~^^^^^
  File "/home/auss/git_repos/samaust/Experiments_4DGS/tests/test_vipe_benchmark_supervisor.py", line 1165, in observed
    result=operation(*args,**kwargs);return result
  File "/home/auss/git_repos/samaust/Experiments_4DGS/scripts/vipe_benchmark/s1_helper_session.py", line 2308, in tick
    if gap>.1: raise TimeoutError('S1 monitor tick overrun')
               ^^^^^^^^^^^^^^^^^^^^^^^^^^^^^^^^^^^^^^^^^^^^^
TimeoutError: S1 monitor tick overrun
timing_or_cleanup_check_2: AssertionError: 1.0622211830050219 not less than or equal to 1

======================================================================
ERROR: test_l15_sample_deadline (test_vipe_benchmark_supervisor.HelperSessionTests.test_l15_sample_deadline)
----------------------------------------------------------------------
Traceback (most recent call last):
  File "/home/auss/git_repos/samaust/Experiments_4DGS/tests/test_vipe_benchmark_supervisor.py", line 1380, in test_l15_sample_deadline
    session.await_ready()
    ~~~~~~~~~~~~~~~~~~~^^
  File "/home/auss/git_repos/samaust/Experiments_4DGS/tests/test_vipe_benchmark_supervisor.py", line 1165, in observed
    result=operation(*args,**kwargs);return result
  File "/home/auss/git_repos/samaust/Experiments_4DGS/scripts/vipe_benchmark/s1_helper_session.py", line 2397, in await_ready
    self.tick(end); time.sleep(min(.005,max(0.,end-time.monotonic())))
    ~~~~~~~~~^^^^^
  File "/home/auss/git_repos/samaust/Experiments_4DGS/tests/test_vipe_benchmark_supervisor.py", line 1165, in observed
    result=operation(*args,**kwargs);return result
  File "/home/auss/git_repos/samaust/Experiments_4DGS/scripts/vipe_benchmark/s1_helper_session.py", line 2308, in tick
    if gap>.1: raise TimeoutError('S1 monitor tick overrun')
               ^^^^^^^^^^^^^^^^^^^^^^^^^^^^^^^^^^^^^^^^^^^^^
TimeoutError: S1 monitor tick overrun
timing_or_cleanup_check_2: AssertionError: 1.1199179920076858 not less than or equal to 1

======================================================================
ERROR: test_l16_phase_deadline (test_vipe_benchmark_supervisor.HelperSessionTests.test_l16_phase_deadline)
----------------------------------------------------------------------
Traceback (most recent call last):
  File "/home/auss/git_repos/samaust/Experiments_4DGS/tests/test_vipe_benchmark_supervisor.py", line 1386, in test_l16_phase_deadline
    session.await_ready()
    ~~~~~~~~~~~~~~~~~~~^^
  File "/home/auss/git_repos/samaust/Experiments_4DGS/tests/test_vipe_benchmark_supervisor.py", line 1165, in observed
    result=operation(*args,**kwargs);return result
  File "/home/auss/git_repos/samaust/Experiments_4DGS/scripts/vipe_benchmark/s1_helper_session.py", line 2397, in await_ready
    self.tick(end); time.sleep(min(.005,max(0.,end-time.monotonic())))
    ~~~~~~~~~^^^^^
  File "/home/auss/git_repos/samaust/Experiments_4DGS/tests/test_vipe_benchmark_supervisor.py", line 1165, in observed
    result=operation(*args,**kwargs);return result
  File "/home/auss/git_repos/samaust/Experiments_4DGS/scripts/vipe_benchmark/s1_helper_session.py", line 2308, in tick
    if gap>.1: raise TimeoutError('S1 monitor tick overrun')
               ^^^^^^^^^^^^^^^^^^^^^^^^^^^^^^^^^^^^^^^^^^^^^
TimeoutError: S1 monitor tick overrun
timing_or_cleanup_check_2: AssertionError: 1.1370197369833477 not less than or equal to 1

======================================================================
ERROR: test_l17_post_task_acquisition (test_vipe_benchmark_supervisor.HelperSessionTests.test_l17_post_task_acquisition)
----------------------------------------------------------------------
Traceback (most recent call last):
  File "/home/auss/git_repos/samaust/Experiments_4DGS/tests/test_vipe_benchmark_supervisor.py", line 1391, in test_l17_post_task_acquisition
    session.await_ready()
    ~~~~~~~~~~~~~~~~~~~^^
  File "/home/auss/git_repos/samaust/Experiments_4DGS/tests/test_vipe_benchmark_supervisor.py", line 1165, in observed
    result=operation(*args,**kwargs);return result
  File "/home/auss/git_repos/samaust/Experiments_4DGS/scripts/vipe_benchmark/s1_helper_session.py", line 2397, in await_ready
    self.tick(end); time.sleep(min(.005,max(0.,end-time.monotonic())))
    ~~~~~~~~~^^^^^
  File "/home/auss/git_repos/samaust/Experiments_4DGS/tests/test_vipe_benchmark_supervisor.py", line 1165, in observed
    result=operation(*args,**kwargs);return result
  File "/home/auss/git_repos/samaust/Experiments_4DGS/scripts/vipe_benchmark/s1_helper_session.py", line 2308, in tick
    if gap>.1: raise TimeoutError('S1 monitor tick overrun')
               ^^^^^^^^^^^^^^^^^^^^^^^^^^^^^^^^^^^^^^^^^^^^^
TimeoutError: S1 monitor tick overrun
timing_or_cleanup_check_2: AssertionError: 1.191687425976852 not less than or equal to 1

======================================================================
ERROR: test_l18_descendant_and_foreign_sentinel (test_vipe_benchmark_supervisor.HelperSessionTests.test_l18_descendant_and_foreign_sentinel)
----------------------------------------------------------------------
Traceback (most recent call last):
  File "/home/auss/git_repos/samaust/Experiments_4DGS/tests/test_vipe_benchmark_supervisor.py", line 1409, in test_l18_descendant_and_foreign_sentinel
    session.await_ready()
    ~~~~~~~~~~~~~~~~~~~^^
  File "/home/auss/git_repos/samaust/Experiments_4DGS/tests/test_vipe_benchmark_supervisor.py", line 1165, in observed
    result=operation(*args,**kwargs);return result
  File "/home/auss/git_repos/samaust/Experiments_4DGS/scripts/vipe_benchmark/s1_helper_session.py", line 2397, in await_ready
    self.tick(end); time.sleep(min(.005,max(0.,end-time.monotonic())))
    ~~~~~~~~~^^^^^
  File "/home/auss/git_repos/samaust/Experiments_4DGS/tests/test_vipe_benchmark_supervisor.py", line 1165, in observed
    result=operation(*args,**kwargs);return result
  File "/home/auss/git_repos/samaust/Experiments_4DGS/scripts/vipe_benchmark/s1_helper_session.py", line 2308, in tick
    if gap>.1: raise TimeoutError('S1 monitor tick overrun')
               ^^^^^^^^^^^^^^^^^^^^^^^^^^^^^^^^^^^^^^^^^^^^^
TimeoutError: S1 monitor tick overrun
timing_or_cleanup_check_0: AssertionError: False is not true : {'scenario': 'L18', 'mode': 'descendant', 'constructor_entry': 201048.667057037, 'action_cutoff': 201050.667057037, 'safety_cutoff': 201051.667057037, 'constructor_end': 201048.795817003, 't0': 201048.667080576, 'ready_deadline': 201049.667080576, 'setup_deadline': 201050.667080576, 'setup_cleanup_deadline': 201051.667080576, 'action_end': 201048.795840378, 'end': 201051.66755346, 'execution_seconds': 0.12878334100241773, 'cleanup_seconds': 2.871713081985945, 'cleanup_confirmed': False, 'records': {'work': {'role': 'work', 'state': 'pid_owned', 'pid': 495563, 'pgid': 495563, 'start_ticks': 25857873}, 'sample': {'role': 'sample', 'state': 'pending', 'pid': None}}, 'errors': [], 'signals': [{'pid': 495563, 'signal': 15, 'monotonic': 201049.056193912}, {'pid': 495563, 'signal': 9, 'monotonic': 201049.382599147}, {'pid': 495563, 'signal': 9, 'monotonic': 201049.550571273}, {'pid': 495563, 'signal': 9, 'monotonic': 201049.61391876}, {'pid': 495563, 'signal': 9, 'monotonic': 201049.677663788}, {'pid': 495563, 'signal': 9, 'monotonic': 201049.741322488}, {'pid': 495563, 'signal': 9, 'monotonic': 201049.80531163}, {'pid': 495563, 'signal': 9, 'monotonic': 201049.868489664}, {'pid': 495563, 'signal': 9, 'monotonic': 201049.932212286}, {'pid': 495563, 'signal': 9, 'monotonic': 201049.995875217}, {'pid': 495563, 'signal': 9, 'monotonic': 201050.058521539}, {'pid': 495563, 'signal': 9, 'monotonic': 201050.121950802}, {'pid': 495563, 'signal': 9, 'monotonic': 201050.185896803}, {'pid': 495563, 'signal': 9, 'monotonic': 201050.249978074}, {'pid': 495563, 'signal': 9, 'monotonic': 201050.312851219}, {'pid': 495563, 'signal': 9, 'monotonic': 201050.375397653}, {'pid': 495563, 'signal': 9, 'monotonic': 201050.437570628}, {'pid': 495563, 'signal': 9, 'monotonic': 201050.500170929}, {'pid': 495563, 'signal': 9, 'monotonic': 201050.56301161}, {'pid': 495563, 'signal': 9, 'monotonic': 201050.6257456}, {'pid': 495563, 'signal': 9, 'monotonic': 201050.688890986}, {'pid': 495563, 'signal': 9, 'monotonic': 201050.7531
timing_or_cleanup_check_2: AssertionError: 2.871713081985945 not less than or equal to 1
timing_or_cleanup_check_3: AssertionError: 3.0004964229883626 not less than or equal to 3

======================================================================
ERROR: test_l19_term_resistance (test_vipe_benchmark_supervisor.HelperSessionTests.test_l19_term_resistance)
----------------------------------------------------------------------
Traceback (most recent call last):
  File "/home/auss/git_repos/samaust/Experiments_4DGS/tests/test_vipe_benchmark_supervisor.py", line 1434, in test_l19_term_resistance
    session.await_ready()
    ~~~~~~~~~~~~~~~~~~~^^
  File "/home/auss/git_repos/samaust/Experiments_4DGS/tests/test_vipe_benchmark_supervisor.py", line 1165, in observed
    result=operation(*args,**kwargs);return result
  File "/home/auss/git_repos/samaust/Experiments_4DGS/scripts/vipe_benchmark/s1_helper_session.py", line 2397, in await_ready
    self.tick(end); time.sleep(min(.005,max(0.,end-time.monotonic())))
    ~~~~~~~~~^^^^^
  File "/home/auss/git_repos/samaust/Experiments_4DGS/tests/test_vipe_benchmark_supervisor.py", line 1165, in observed
    result=operation(*args,**kwargs);return result
  File "/home/auss/git_repos/samaust/Experiments_4DGS/scripts/vipe_benchmark/s1_helper_session.py", line 2308, in tick
    if gap>.1: raise TimeoutError('S1 monitor tick overrun')
               ^^^^^^^^^^^^^^^^^^^^^^^^^^^^^^^^^^^^^^^^^^^^^
TimeoutError: S1 monitor tick overrun
timing_or_cleanup_check_2: AssertionError: 1.7790740210039075 not less than or equal to 1

======================================================================
ERROR: test_l20_exit_during_transport (test_vipe_benchmark_supervisor.HelperSessionTests.test_l20_exit_during_transport)
----------------------------------------------------------------------
Traceback (most recent call last):
  File "/home/auss/git_repos/samaust/Experiments_4DGS/tests/test_vipe_benchmark_supervisor.py", line 1441, in test_l20_exit_during_transport
    session.await_ready()
    ~~~~~~~~~~~~~~~~~~~^^
  File "/home/auss/git_repos/samaust/Experiments_4DGS/tests/test_vipe_benchmark_supervisor.py", line 1165, in observed
    result=operation(*args,**kwargs);return result
  File "/home/auss/git_repos/samaust/Experiments_4DGS/scripts/vipe_benchmark/s1_helper_session.py", line 2397, in await_ready
    self.tick(end); time.sleep(min(.005,max(0.,end-time.monotonic())))
    ~~~~~~~~~^^^^^
  File "/home/auss/git_repos/samaust/Experiments_4DGS/tests/test_vipe_benchmark_supervisor.py", line 1165, in observed
    result=operation(*args,**kwargs);return result
  File "/home/auss/git_repos/samaust/Experiments_4DGS/scripts/vipe_benchmark/s1_helper_session.py", line 2308, in tick
    if gap>.1: raise TimeoutError('S1 monitor tick overrun')
               ^^^^^^^^^^^^^^^^^^^^^^^^^^^^^^^^^^^^^^^^^^^^^
TimeoutError: S1 monitor tick overrun
timing_or_cleanup_check_2: AssertionError: 1.611060508992523 not less than or equal to 1

======================================================================
ERROR: test_l21_enumeration_failure (test_vipe_benchmark_supervisor.HelperSessionTests.test_l21_enumeration_failure)
----------------------------------------------------------------------
Traceback (most recent call last):
  File "/home/auss/git_repos/samaust/Experiments_4DGS/tests/test_vipe_benchmark_supervisor.py", line 1456, in test_l21_enumeration_failure
    def test_l21_enumeration_failure(self): self.failed_cleanup('L21','enumeration_failure')
                                            ~~~~~~~~~~~~~~~~~~~^^^^^^^^^^^^^^^^^^^^^^^^^^^^^
  File "/home/auss/git_repos/samaust/Experiments_4DGS/tests/test_vipe_benchmark_supervisor.py", line 1447, in failed_cleanup
    session.await_ready()
    ~~~~~~~~~~~~~~~~~~~^^
  File "/home/auss/git_repos/samaust/Experiments_4DGS/tests/test_vipe_benchmark_supervisor.py", line 1165, in observed
    result=operation(*args,**kwargs);return result
  File "/home/auss/git_repos/samaust/Experiments_4DGS/scripts/vipe_benchmark/s1_helper_session.py", line 2397, in await_ready
    self.tick(end); time.sleep(min(.005,max(0.,end-time.monotonic())))
    ~~~~~~~~~^^^^^
  File "/home/auss/git_repos/samaust/Experiments_4DGS/tests/test_vipe_benchmark_supervisor.py", line 1165, in observed
    result=operation(*args,**kwargs);return result
  File "/home/auss/git_repos/samaust/Experiments_4DGS/scripts/vipe_benchmark/s1_helper_session.py", line 2308, in tick
    if gap>.1: raise TimeoutError('S1 monitor tick overrun')
               ^^^^^^^^^^^^^^^^^^^^^^^^^^^^^^^^^^^^^^^^^^^^^
TimeoutError: S1 monitor tick overrun
timing_or_cleanup_check_2: AssertionError: 1.6662639309943188 not less than or equal to 1

======================================================================
ERROR: test_l22_signal_failure (test_vipe_benchmark_supervisor.HelperSessionTests.test_l22_signal_failure)
----------------------------------------------------------------------
Traceback (most recent call last):
  File "/home/auss/git_repos/samaust/Experiments_4DGS/tests/test_vipe_benchmark_supervisor.py", line 1457, in test_l22_signal_failure
    def test_l22_signal_failure(self): self.failed_cleanup('L22','signal_failure')
                                       ~~~~~~~~~~~~~~~~~~~^^^^^^^^^^^^^^^^^^^^^^^^
  File "/home/auss/git_repos/samaust/Experiments_4DGS/tests/test_vipe_benchmark_supervisor.py", line 1447, in failed_cleanup
    session.await_ready()
    ~~~~~~~~~~~~~~~~~~~^^
  File "/home/auss/git_repos/samaust/Experiments_4DGS/tests/test_vipe_benchmark_supervisor.py", line 1165, in observed
    result=operation(*args,**kwargs);return result
  File "/home/auss/git_repos/samaust/Experiments_4DGS/scripts/vipe_benchmark/s1_helper_session.py", line 2397, in await_ready
    self.tick(end); time.sleep(min(.005,max(0.,end-time.monotonic())))
    ~~~~~~~~~^^^^^
  File "/home/auss/git_repos/samaust/Experiments_4DGS/tests/test_vipe_benchmark_supervisor.py", line 1165, in observed
    result=operation(*args,**kwargs);return result
  File "/home/auss/git_repos/samaust/Experiments_4DGS/scripts/vipe_benchmark/s1_helper_session.py", line 2308, in tick
    if gap>.1: raise TimeoutError('S1 monitor tick overrun')
               ^^^^^^^^^^^^^^^^^^^^^^^^^^^^^^^^^^^^^^^^^^^^^
TimeoutError: S1 monitor tick overrun
timing_or_cleanup_check_2: AssertionError: 1.6622520620003343 not less than or equal to 1

======================================================================
ERROR: test_l23_reap_failure (test_vipe_benchmark_supervisor.HelperSessionTests.test_l23_reap_failure)
----------------------------------------------------------------------
Traceback (most recent call last):
  File "/home/auss/git_repos/samaust/Experiments_4DGS/tests/test_vipe_benchmark_supervisor.py", line 1458, in test_l23_reap_failure
    def test_l23_reap_failure(self): self.failed_cleanup('L23','reap_failure')
                                     ~~~~~~~~~~~~~~~~~~~^^^^^^^^^^^^^^^^^^^^^^
  File "/home/auss/git_repos/samaust/Experiments_4DGS/tests/test_vipe_benchmark_supervisor.py", line 1447, in failed_cleanup
    session.await_ready()
    ~~~~~~~~~~~~~~~~~~~^^
  File "/home/auss/git_repos/samaust/Experiments_4DGS/tests/test_vipe_benchmark_supervisor.py", line 1165, in observed
    result=operation(*args,**kwargs);return result
  File "/home/auss/git_repos/samaust/Experiments_4DGS/scripts/vipe_benchmark/s1_helper_session.py", line 2397, in await_ready
    self.tick(end); time.sleep(min(.005,max(0.,end-time.monotonic())))
    ~~~~~~~~~^^^^^
  File "/home/auss/git_repos/samaust/Experiments_4DGS/tests/test_vipe_benchmark_supervisor.py", line 1165, in observed
    result=operation(*args,**kwargs);return result
  File "/home/auss/git_repos/samaust/Experiments_4DGS/scripts/vipe_benchmark/s1_helper_session.py", line 2308, in tick
    if gap>.1: raise TimeoutError('S1 monitor tick overrun')
               ^^^^^^^^^^^^^^^^^^^^^^^^^^^^^^^^^^^^^^^^^^^^^
TimeoutError: S1 monitor tick overrun
timing_or_cleanup_check_2: AssertionError: 1.9819681999797467 not less than or equal to 1

======================================================================
ERROR: test_l24_summary_reference_adapter (test_vipe_benchmark_supervisor.HelperSessionTests.test_l24_summary_reference_adapter)
----------------------------------------------------------------------
Traceback (most recent call last):
  File "/home/auss/git_repos/samaust/Experiments_4DGS/tests/test_vipe_benchmark_supervisor.py", line 1469, in test_l24_summary_reference_adapter
    session.await_ready()
    ~~~~~~~~~~~~~~~~~~~^^
  File "/home/auss/git_repos/samaust/Experiments_4DGS/tests/test_vipe_benchmark_supervisor.py", line 1165, in observed
    result=operation(*args,**kwargs);return result
  File "/home/auss/git_repos/samaust/Experiments_4DGS/scripts/vipe_benchmark/s1_helper_session.py", line 2397, in await_ready
    self.tick(end); time.sleep(min(.005,max(0.,end-time.monotonic())))
    ~~~~~~~~~^^^^^
  File "/home/auss/git_repos/samaust/Experiments_4DGS/tests/test_vipe_benchmark_supervisor.py", line 1165, in observed
    result=operation(*args,**kwargs);return result
  File "/home/auss/git_repos/samaust/Experiments_4DGS/scripts/vipe_benchmark/s1_helper_session.py", line 2308, in tick
    if gap>.1: raise TimeoutError('S1 monitor tick overrun')
               ^^^^^^^^^^^^^^^^^^^^^^^^^^^^^^^^^^^^^^^^^^^^^
TimeoutError: S1 monitor tick overrun
timing_or_cleanup_check_2: AssertionError: 1.4798258009832352 not less than or equal to 1

======================================================================
ERROR: test_l27_encoder_early_response (test_vipe_benchmark_supervisor.HelperSessionTests.test_l27_encoder_early_response)
----------------------------------------------------------------------
Traceback (most recent call last):
  File "/home/auss/git_repos/samaust/Experiments_4DGS/tests/test_vipe_benchmark_supervisor.py", line 1542, in test_l27_encoder_early_response
    def test_l27_encoder_early_response(self): self.early_response('L27','early_encoder')
                                               ~~~~~~~~~~~~~~~~~~~^^^^^^^^^^^^^^^^^^^^^^^
  File "/home/auss/git_repos/samaust/Experiments_4DGS/tests/test_vipe_benchmark_supervisor.py", line 1521, in early_response
    session.await_ready(); wire=session.wires['work']
    ~~~~~~~~~~~~~~~~~~~^^
  File "/home/auss/git_repos/samaust/Experiments_4DGS/tests/test_vipe_benchmark_supervisor.py", line 1165, in observed
    result=operation(*args,**kwargs);return result
  File "/home/auss/git_repos/samaust/Experiments_4DGS/scripts/vipe_benchmark/s1_helper_session.py", line 2397, in await_ready
    self.tick(end); time.sleep(min(.005,max(0.,end-time.monotonic())))
    ~~~~~~~~~^^^^^
  File "/home/auss/git_repos/samaust/Experiments_4DGS/tests/test_vipe_benchmark_supervisor.py", line 1165, in observed
    result=operation(*args,**kwargs);return result
  File "/home/auss/git_repos/samaust/Experiments_4DGS/scripts/vipe_benchmark/s1_helper_session.py", line 2308, in tick
    if gap>.1: raise TimeoutError('S1 monitor tick overrun')
               ^^^^^^^^^^^^^^^^^^^^^^^^^^^^^^^^^^^^^^^^^^^^^
TimeoutError: S1 monitor tick overrun
timing_or_cleanup_check_2: AssertionError: 1.4875649779860396 not less than or equal to 1

======================================================================
ERROR: test_l28_partial_early_response (test_vipe_benchmark_supervisor.HelperSessionTests.test_l28_partial_early_response)
----------------------------------------------------------------------
Traceback (most recent call last):
  File "/home/auss/git_repos/samaust/Experiments_4DGS/tests/test_vipe_benchmark_supervisor.py", line 1543, in test_l28_partial_early_response
    def test_l28_partial_early_response(self): self.early_response('L28','early_partial')
                                               ~~~~~~~~~~~~~~~~~~~^^^^^^^^^^^^^^^^^^^^^^^
  File "/home/auss/git_repos/samaust/Experiments_4DGS/tests/test_vipe_benchmark_supervisor.py", line 1521, in early_response
    session.await_ready(); wire=session.wires['work']
    ~~~~~~~~~~~~~~~~~~~^^
  File "/home/auss/git_repos/samaust/Experiments_4DGS/tests/test_vipe_benchmark_supervisor.py", line 1165, in observed
    result=operation(*args,**kwargs);return result
  File "/home/auss/git_repos/samaust/Experiments_4DGS/scripts/vipe_benchmark/s1_helper_session.py", line 2397, in await_ready
    self.tick(end); time.sleep(min(.005,max(0.,end-time.monotonic())))
    ~~~~~~~~~^^^^^
  File "/home/auss/git_repos/samaust/Experiments_4DGS/tests/test_vipe_benchmark_supervisor.py", line 1165, in observed
    result=operation(*args,**kwargs);return result
  File "/home/auss/git_repos/samaust/Experiments_4DGS/scripts/vipe_benchmark/s1_helper_session.py", line 2308, in tick
    if gap>.1: raise TimeoutError('S1 monitor tick overrun')
               ^^^^^^^^^^^^^^^^^^^^^^^^^^^^^^^^^^^^^^^^^^^^^
TimeoutError: S1 monitor tick overrun
timing_or_cleanup_check_2: AssertionError: 1.4982611890009139 not less than or equal to 1

======================================================================
ERROR: test_l29_readable_sample_equality (test_vipe_benchmark_supervisor.HelperSessionTests.test_l29_readable_sample_equality)
----------------------------------------------------------------------
Traceback (most recent call last):
  File "/home/auss/git_repos/samaust/Experiments_4DGS/tests/test_vipe_benchmark_supervisor.py", line 1572, in test_l29_readable_sample_equality
    def test_l29_readable_sample_equality(self): self.readable_equal('L29',1.2)
                                                 ~~~~~~~~~~~~~~~~~~~^^^^^^^^^^^
  File "/home/auss/git_repos/samaust/Experiments_4DGS/tests/test_vipe_benchmark_supervisor.py", line 1547, in readable_equal
    session.await_ready()
    ~~~~~~~~~~~~~~~~~~~^^
  File "/home/auss/git_repos/samaust/Experiments_4DGS/tests/test_vipe_benchmark_supervisor.py", line 1165, in observed
    result=operation(*args,**kwargs);return result
  File "/home/auss/git_repos/samaust/Experiments_4DGS/scripts/vipe_benchmark/s1_helper_session.py", line 2397, in await_ready
    self.tick(end); time.sleep(min(.005,max(0.,end-time.monotonic())))
    ~~~~~~~~~^^^^^
  File "/home/auss/git_repos/samaust/Experiments_4DGS/tests/test_vipe_benchmark_supervisor.py", line 1165, in observed
    result=operation(*args,**kwargs);return result
  File "/home/auss/git_repos/samaust/Experiments_4DGS/scripts/vipe_benchmark/s1_helper_session.py", line 2308, in tick
    if gap>.1: raise TimeoutError('S1 monitor tick overrun')
               ^^^^^^^^^^^^^^^^^^^^^^^^^^^^^^^^^^^^^^^^^^^^^
TimeoutError: S1 monitor tick overrun
timing_or_cleanup_check_2: AssertionError: 1.5513602829887532 not less than or equal to 1

======================================================================
ERROR: test_l30_readable_phase_equality (test_vipe_benchmark_supervisor.HelperSessionTests.test_l30_readable_phase_equality)
----------------------------------------------------------------------
Traceback (most recent call last):
  File "/home/auss/git_repos/samaust/Experiments_4DGS/tests/test_vipe_benchmark_supervisor.py", line 1573, in test_l30_readable_phase_equality
    def test_l30_readable_phase_equality(self): self.readable_equal('L30',.2)
                                                ~~~~~~~~~~~~~~~~~~~^^^^^^^^^^
  File "/home/auss/git_repos/samaust/Experiments_4DGS/tests/test_vipe_benchmark_supervisor.py", line 1547, in readable_equal
    session.await_ready()
    ~~~~~~~~~~~~~~~~~~~^^
  File "/home/auss/git_repos/samaust/Experiments_4DGS/tests/test_vipe_benchmark_supervisor.py", line 1165, in observed
    result=operation(*args,**kwargs);return result
  File "/home/auss/git_repos/samaust/Experiments_4DGS/scripts/vipe_benchmark/s1_helper_session.py", line 2397, in await_ready
    self.tick(end); time.sleep(min(.005,max(0.,end-time.monotonic())))
    ~~~~~~~~~^^^^^
  File "/home/auss/git_repos/samaust/Experiments_4DGS/tests/test_vipe_benchmark_supervisor.py", line 1165, in observed
    result=operation(*args,**kwargs);return result
  File "/home/auss/git_repos/samaust/Experiments_4DGS/scripts/vipe_benchmark/s1_helper_session.py", line 2308, in tick
    if gap>.1: raise TimeoutError('S1 monitor tick overrun')
               ^^^^^^^^^^^^^^^^^^^^^^^^^^^^^^^^^^^^^^^^^^^^^
TimeoutError: S1 monitor tick overrun
timing_or_cleanup_check_2: AssertionError: 1.571498076984426 not less than or equal to 1

======================================================================
ERROR: test_l31_live_worker_bracket_and_foreign (test_vipe_benchmark_supervisor.HelperSessionTests.test_l31_live_worker_bracket_and_foreign)
----------------------------------------------------------------------
Traceback (most recent call last):
  File "/home/auss/git_repos/samaust/Experiments_4DGS/tests/test_vipe_benchmark_supervisor.py", line 1607, in test_l31_live_worker_bracket_and_foreign
    session.await_ready()
    ~~~~~~~~~~~~~~~~~~~^^
  File "/home/auss/git_repos/samaust/Experiments_4DGS/tests/test_vipe_benchmark_supervisor.py", line 1165, in observed
    result=operation(*args,**kwargs);return result
  File "/home/auss/git_repos/samaust/Experiments_4DGS/scripts/vipe_benchmark/s1_helper_session.py", line 2397, in await_ready
    self.tick(end); time.sleep(min(.005,max(0.,end-time.monotonic())))
    ~~~~~~~~~^^^^^
  File "/home/auss/git_repos/samaust/Experiments_4DGS/tests/test_vipe_benchmark_supervisor.py", line 1165, in observed
    result=operation(*args,**kwargs);return result
  File "/home/auss/git_repos/samaust/Experiments_4DGS/scripts/vipe_benchmark/s1_helper_session.py", line 2308, in tick
    if gap>.1: raise TimeoutError('S1 monitor tick overrun')
               ^^^^^^^^^^^^^^^^^^^^^^^^^^^^^^^^^^^^^^^^^^^^^
TimeoutError: S1 monitor tick overrun
timing_or_cleanup_check_2: AssertionError: 1.6154897969972808 not less than or equal to 1

======================================================================
ERROR: test_l32_unreaped_worker_pin (test_vipe_benchmark_supervisor.HelperSessionTests.test_l32_unreaped_worker_pin)
----------------------------------------------------------------------
Traceback (most recent call last):
  File "/home/auss/git_repos/samaust/Experiments_4DGS/tests/test_vipe_benchmark_supervisor.py", line 1622, in test_l32_unreaped_worker_pin
    session.await_ready()
    ~~~~~~~~~~~~~~~~~~~^^
  File "/home/auss/git_repos/samaust/Experiments_4DGS/tests/test_vipe_benchmark_supervisor.py", line 1165, in observed
    result=operation(*args,**kwargs);return result
  File "/home/auss/git_repos/samaust/Experiments_4DGS/scripts/vipe_benchmark/s1_helper_session.py", line 2397, in await_ready
    self.tick(end); time.sleep(min(.005,max(0.,end-time.monotonic())))
    ~~~~~~~~~^^^^^
  File "/home/auss/git_repos/samaust/Experiments_4DGS/tests/test_vipe_benchmark_supervisor.py", line 1165, in observed
    result=operation(*args,**kwargs);return result
  File "/home/auss/git_repos/samaust/Experiments_4DGS/scripts/vipe_benchmark/s1_helper_session.py", line 2308, in tick
    if gap>.1: raise TimeoutError('S1 monitor tick overrun')
               ^^^^^^^^^^^^^^^^^^^^^^^^^^^^^^^^^^^^^^^^^^^^^
TimeoutError: S1 monitor tick overrun
timing_or_cleanup_check_2: AssertionError: 1.6329425439762417 not less than or equal to 1

======================================================================
ERROR: test_l33_blocked_census_refuses_stale (test_vipe_benchmark_supervisor.HelperSessionTests.test_l33_blocked_census_refuses_stale)
----------------------------------------------------------------------
Traceback (most recent call last):
  File "/home/auss/git_repos/samaust/Experiments_4DGS/tests/test_vipe_benchmark_supervisor.py", line 1635, in test_l33_blocked_census_refuses_stale
    session.await_ready()
    ~~~~~~~~~~~~~~~~~~~^^
  File "/home/auss/git_repos/samaust/Experiments_4DGS/tests/test_vipe_benchmark_supervisor.py", line 1165, in observed
    result=operation(*args,**kwargs);return result
  File "/home/auss/git_repos/samaust/Experiments_4DGS/scripts/vipe_benchmark/s1_helper_session.py", line 2397, in await_ready
    self.tick(end); time.sleep(min(.005,max(0.,end-time.monotonic())))
    ~~~~~~~~~^^^^^
  File "/home/auss/git_repos/samaust/Experiments_4DGS/tests/test_vipe_benchmark_supervisor.py", line 1165, in observed
    result=operation(*args,**kwargs);return result
  File "/home/auss/git_repos/samaust/Experiments_4DGS/scripts/vipe_benchmark/s1_helper_session.py", line 2308, in tick
    if gap>.1: raise TimeoutError('S1 monitor tick overrun')
               ^^^^^^^^^^^^^^^^^^^^^^^^^^^^^^^^^^^^^^^^^^^^^
TimeoutError: S1 monitor tick overrun
timing_or_cleanup_check_2: AssertionError: 1.687739244021941 not less than or equal to 1

======================================================================
ERROR: test_l34_enumeration_error_empty_sample (test_vipe_benchmark_supervisor.HelperSessionTests.test_l34_enumeration_error_empty_sample)
----------------------------------------------------------------------
Traceback (most recent call last):
  File "/home/auss/git_repos/samaust/Experiments_4DGS/tests/test_vipe_benchmark_supervisor.py", line 1656, in test_l34_enumeration_error_empty_sample
    session.await_ready();session.owner.armed=True
    ~~~~~~~~~~~~~~~~~~~^^
  File "/home/auss/git_repos/samaust/Experiments_4DGS/tests/test_vipe_benchmark_supervisor.py", line 1165, in observed
    result=operation(*args,**kwargs);return result
  File "/home/auss/git_repos/samaust/Experiments_4DGS/scripts/vipe_benchmark/s1_helper_session.py", line 2397, in await_ready
    self.tick(end); time.sleep(min(.005,max(0.,end-time.monotonic())))
    ~~~~~~~~~^^^^^
  File "/home/auss/git_repos/samaust/Experiments_4DGS/tests/test_vipe_benchmark_supervisor.py", line 1165, in observed
    result=operation(*args,**kwargs);return result
  File "/home/auss/git_repos/samaust/Experiments_4DGS/scripts/vipe_benchmark/s1_helper_session.py", line 2308, in tick
    if gap>.1: raise TimeoutError('S1 monitor tick overrun')
               ^^^^^^^^^^^^^^^^^^^^^^^^^^^^^^^^^^^^^^^^^^^^^
TimeoutError: S1 monitor tick overrun
timing_or_cleanup_check_2: AssertionError: 1.7124668809992727 not less than or equal to 1

======================================================================
ERROR: test_l35_exited_leader_live_descendant (test_vipe_benchmark_supervisor.HelperSessionTests.test_l35_exited_leader_live_descendant)
----------------------------------------------------------------------
Traceback (most recent call last):
  File "/home/auss/git_repos/samaust/Experiments_4DGS/tests/test_vipe_benchmark_supervisor.py", line 1670, in test_l35_exited_leader_live_descendant
    session.await_ready()
    ~~~~~~~~~~~~~~~~~~~^^
  File "/home/auss/git_repos/samaust/Experiments_4DGS/tests/test_vipe_benchmark_supervisor.py", line 1165, in observed
    result=operation(*args,**kwargs);return result
  File "/home/auss/git_repos/samaust/Experiments_4DGS/scripts/vipe_benchmark/s1_helper_session.py", line 2397, in await_ready
    self.tick(end); time.sleep(min(.005,max(0.,end-time.monotonic())))
    ~~~~~~~~~^^^^^
  File "/home/auss/git_repos/samaust/Experiments_4DGS/tests/test_vipe_benchmark_supervisor.py", line 1165, in observed
    result=operation(*args,**kwargs);return result
  File "/home/auss/git_repos/samaust/Experiments_4DGS/scripts/vipe_benchmark/s1_helper_session.py", line 2308, in tick
    if gap>.1: raise TimeoutError('S1 monitor tick overrun')
               ^^^^^^^^^^^^^^^^^^^^^^^^^^^^^^^^^^^^^^^^^^^^^
TimeoutError: S1 monitor tick overrun
timing_or_cleanup_check_2: AssertionError: 1.7807065219967626 not less than or equal to 1

======================================================================
ERROR: test_progress_p01_worker_deadline (test_vipe_benchmark_supervisor.HelperSessionTests.test_progress_p01_worker_deadline)
----------------------------------------------------------------------
Traceback (most recent call last):
  File "/home/auss/git_repos/samaust/Experiments_4DGS/tests/test_vipe_benchmark_supervisor.py", line 2027, in test_progress_p01_worker_deadline
    def test_progress_p01_worker_deadline(self):self.progress_scenario('P01','progress_worker',supervised=True)
                                                ~~~~~~~~~~~~~~~~~~~~~~^^^^^^^^^^^^^^^^^^^^^^^^^^^^^^^^^^^^^^^^^
  File "/home/auss/git_repos/samaust/Experiments_4DGS/tests/test_vipe_benchmark_supervisor.py", line 1779, in progress_scenario
    with self.scenario(label,mode) as session, tempfile.TemporaryDirectory() as temp:
         ~~~~~~~~~~~~~^^^^^^^^^^^^
  File "/usr/lib/python3.14/contextlib.py", line 141, in __enter__
    return next(self.gen)
  File "/home/auss/git_repos/samaust/Experiments_4DGS/tests/test_vipe_benchmark_supervisor.py", line 1153, in owned
    session(mode,instance=current,**bounds)
    ~~~~~~~^^^^^^^^^^^^^^^^^^^^^^^^^^^^^^^^
  File "/home/auss/git_repos/samaust/Experiments_4DGS/tests/test_vipe_benchmark_s1_helper_fixtures.py", line 69, in session
    instance.__init__(owner_factory=Selected, **kwargs)
    ~~~~~~~~~~~~~~~~~^^^^^^^^^^^^^^^^^^^^^^^^^^^^^^^^^^
  File "/home/auss/git_repos/samaust/Experiments_4DGS/scripts/vipe_benchmark/s1_helper_session.py", line 2155, in __init__
    self.job_thread=reserve_job_root('H','Session owner thread',allow_descendant=False) if os.environ.get('S1_JOB_LEDGER') else None
                    ~~~~~~~~~~~~~~~~^^^^^^^^^^^^^^^^^^^^^^^^^^^^^^^^^^^^^^^^^^^^^^^^^^^
  File "/home/auss/git_repos/samaust/Experiments_4DGS/scripts/vipe_benchmark/s1_helper_session.py", line 1046, in reserve_job_root
    append_job_event('root-reserved',dict(token=token,role=role,label=label,creator=creator),guard=guard)
    ~~~~~~~~~~~~~~~~^^^^^^^^^^^^^^^^^^^^^^^^^^^^^^^^^^^^^^^^^^^^^^^^^^^^^^^^^^^^^^^^^^^^^^^^^^^^^^^^^^^^^
  File "/home/auss/git_repos/samaust/Experiments_4DGS/scripts/vipe_benchmark/s1_helper_session.py", line 720, in append_job_event
    replacement=guard(state)
  File "/home/auss/git_repos/samaust/Experiments_4DGS/scripts/vipe_benchmark/s1_helper_session.py", line 1042, in guard
    raise ValueError('job root capacity')
ValueError: job root capacity
timing_or_cleanup_check_0: AssertionError: False is not true : {'scenario': 'P01', 'mode': 'progress_worker', 'constructor_entry': 201080.78344694, 'action_cutoff': 201082.78344694, 'safety_cutoff': 201083.78344694, 'progress_final_outcome': {'event': 'progress_final_outcome', 'label': 'P01', 'phase': 'startup_or_fixture_preparation', 'primary': {'error_class': 'ValueError', 'message': 'job root capacity'}, 'secondary': [], 'reference': None, 'cleanup_confirmed': False, 'observed': 201080.822159024, 'causal_status': 'actual startup failure; no inferred EPERM cause'}, 'action_end': 201080.822150745, 'end': 201080.822159024, 'execution_seconds': 0.0387038049811963, 'cleanup_seconds': 8.279021130874753e-06, 'cleanup_confirmed': False, 'records': {'work': {'role': 'work', 'state': 'pending', 'pid': None}, 'sample': {'role': 'sample', 'state': 'pending', 'pid': None}}, 'errors': [], 'signals': [], 'ticks': [201080.783472578], 'events': [{'event': 'progress_final_outcome', 'label': 'P01', 'phase': 'startup_or_fixture_preparation', 'primary': {'error_class': 'ValueError', 'message': 'job root capacity'}, 'secondary': [], 'reference': None, 'cleanup_confirmed': False, 'observed': 201080.822159024, 'causal_status': 'actual startup failure; no inferred EPERM cause'}], 'trace_facts': {'capacity': 256, 'total': 1, 'dropped': 0, 'saturated': False, 'first': 201080.822167708, 'last': 201080.822167708}, 'tick_facts': {'capacity': 128, 'total': 1, 'dropped': 0, 'saturated': False, 'first': 201080.783479256, 'last': 201080.783479256}, 'owner_error_facts': {'capacity': 32, 'total': 0, 'dropped': 0, 'saturated': False, 'first': None, 'last': None}, 'owner_signal_facts': {'capacity': 128, 'total': 0, 'dropped': 0, 'saturated': False, 'first': None, 'last': None}, 'request_counts': {'work': {'dispatch': 0, 'response': 0}, 'sample': {'dispatch': 0, 'response': 0}}, 'census_request_count': 0, 'max_gap': 0.0, 'max_turn': 0.0, 'call_observations': [], 'call_observation_facts': {'capacity': 128, 'total': 0, 'dropped': 0, 'saturated': False, 'first': None, 'last': None}, 'timing_fa

======================================================================
ERROR: test_progress_p02_reconcile_interruption (test_vipe_benchmark_supervisor.HelperSessionTests.test_progress_p02_reconcile_interruption)
----------------------------------------------------------------------
Traceback (most recent call last):
  File "/home/auss/git_repos/samaust/Experiments_4DGS/tests/test_vipe_benchmark_supervisor.py", line 2028, in test_progress_p02_reconcile_interruption
    def test_progress_p02_reconcile_interruption(self):self.progress_scenario('P02','progress_block')
                                                       ~~~~~~~~~~~~~~~~~~~~~~^^^^^^^^^^^^^^^^^^^^^^^^
  File "/home/auss/git_repos/samaust/Experiments_4DGS/tests/test_vipe_benchmark_supervisor.py", line 1779, in progress_scenario
    with self.scenario(label,mode) as session, tempfile.TemporaryDirectory() as temp:
         ~~~~~~~~~~~~~^^^^^^^^^^^^
  File "/usr/lib/python3.14/contextlib.py", line 141, in __enter__
    return next(self.gen)
  File "/home/auss/git_repos/samaust/Experiments_4DGS/tests/test_vipe_benchmark_supervisor.py", line 1153, in owned
    session(mode,instance=current,**bounds)
    ~~~~~~~^^^^^^^^^^^^^^^^^^^^^^^^^^^^^^^^
  File "/home/auss/git_repos/samaust/Experiments_4DGS/tests/test_vipe_benchmark_s1_helper_fixtures.py", line 69, in session
    instance.__init__(owner_factory=Selected, **kwargs)
    ~~~~~~~~~~~~~~~~~^^^^^^^^^^^^^^^^^^^^^^^^^^^^^^^^^^
  File "/home/auss/git_repos/samaust/Experiments_4DGS/scripts/vipe_benchmark/s1_helper_session.py", line 2155, in __init__
    self.job_thread=reserve_job_root('H','Session owner thread',allow_descendant=False) if os.environ.get('S1_JOB_LEDGER') else None
                    ~~~~~~~~~~~~~~~~^^^^^^^^^^^^^^^^^^^^^^^^^^^^^^^^^^^^^^^^^^^^^^^^^^^
  File "/home/auss/git_repos/samaust/Experiments_4DGS/scripts/vipe_benchmark/s1_helper_session.py", line 1046, in reserve_job_root
    append_job_event('root-reserved',dict(token=token,role=role,label=label,creator=creator),guard=guard)
    ~~~~~~~~~~~~~~~~^^^^^^^^^^^^^^^^^^^^^^^^^^^^^^^^^^^^^^^^^^^^^^^^^^^^^^^^^^^^^^^^^^^^^^^^^^^^^^^^^^^^^
  File "/home/auss/git_repos/samaust/Experiments_4DGS/scripts/vipe_benchmark/s1_helper_session.py", line 720, in append_job_event
    replacement=guard(state)
  File "/home/auss/git_repos/samaust/Experiments_4DGS/scripts/vipe_benchmark/s1_helper_session.py", line 1042, in guard
    raise ValueError('job root capacity')
ValueError: job root capacity
timing_or_cleanup_check_0: AssertionError: False is not true : {'scenario': 'P02', 'mode': 'progress_block', 'constructor_entry': 201080.823216021, 'action_cutoff': 201082.823216021, 'safety_cutoff': 201083.823216021, 'progress_final_outcome': {'event': 'progress_final_outcome', 'label': 'P02', 'phase': 'startup_or_fixture_preparation', 'primary': {'error_class': 'ValueError', 'message': 'job root capacity'}, 'secondary': [], 'reference': None, 'cleanup_confirmed': False, 'observed': 201080.863651273, 'causal_status': 'actual startup failure; no inferred EPERM cause'}, 'action_end': 201080.863641248, 'end': 201080.863651273, 'execution_seconds': 0.040425226994557306, 'cleanup_seconds': 1.0024989023804665e-05, 'cleanup_confirmed': False, 'records': {'work': {'role': 'work', 'state': 'pending', 'pid': None}, 'sample': {'role': 'sample', 'state': 'pending', 'pid': None}}, 'errors': [], 'signals': [], 'ticks': [201080.823237653], 'events': [{'event': 'progress_final_outcome', 'label': 'P02', 'phase': 'startup_or_fixture_preparation', 'primary': {'error_class': 'ValueError', 'message': 'job root capacity'}, 'secondary': [], 'reference': None, 'cleanup_confirmed': False, 'observed': 201080.863651273, 'causal_status': 'actual startup failure; no inferred EPERM cause'}], 'trace_facts': {'capacity': 256, 'total': 1, 'dropped': 0, 'saturated': False, 'first': 201080.86366109, 'last': 201080.86366109}, 'tick_facts': {'capacity': 128, 'total': 1, 'dropped': 0, 'saturated': False, 'first': 201080.823241271, 'last': 201080.823241271}, 'owner_error_facts': {'capacity': 32, 'total': 0, 'dropped': 0, 'saturated': False, 'first': None, 'last': None}, 'owner_signal_facts': {'capacity': 128, 'total': 0, 'dropped': 0, 'saturated': False, 'first': None, 'last': None}, 'request_counts': {'work': {'dispatch': 0, 'response': 0}, 'sample': {'dispatch': 0, 'response': 0}}, 'census_request_count': 0, 'max_gap': 0.0, 'max_turn': 0.0, 'call_observations': [], 'call_observation_facts': {'capacity': 128, 'total': 0, 'dropped': 0, 'saturated': False, 'first': None, 'last': None}, 'timing

======================================================================
ERROR: test_progress_p03_helper_death (test_vipe_benchmark_supervisor.HelperSessionTests.test_progress_p03_helper_death)
----------------------------------------------------------------------
Traceback (most recent call last):
  File "/home/auss/git_repos/samaust/Experiments_4DGS/tests/test_vipe_benchmark_supervisor.py", line 2029, in test_progress_p03_helper_death
    def test_progress_p03_helper_death(self):self.progress_scenario('P03','progress_death')
                                             ~~~~~~~~~~~~~~~~~~~~~~^^^^^^^^^^^^^^^^^^^^^^^^
  File "/home/auss/git_repos/samaust/Experiments_4DGS/tests/test_vipe_benchmark_supervisor.py", line 1779, in progress_scenario
    with self.scenario(label,mode) as session, tempfile.TemporaryDirectory() as temp:
         ~~~~~~~~~~~~~^^^^^^^^^^^^
  File "/usr/lib/python3.14/contextlib.py", line 141, in __enter__
    return next(self.gen)
  File "/home/auss/git_repos/samaust/Experiments_4DGS/tests/test_vipe_benchmark_supervisor.py", line 1153, in owned
    session(mode,instance=current,**bounds)
    ~~~~~~~^^^^^^^^^^^^^^^^^^^^^^^^^^^^^^^^
  File "/home/auss/git_repos/samaust/Experiments_4DGS/tests/test_vipe_benchmark_s1_helper_fixtures.py", line 69, in session
    instance.__init__(owner_factory=Selected, **kwargs)
    ~~~~~~~~~~~~~~~~~^^^^^^^^^^^^^^^^^^^^^^^^^^^^^^^^^^
  File "/home/auss/git_repos/samaust/Experiments_4DGS/scripts/vipe_benchmark/s1_helper_session.py", line 2155, in __init__
    self.job_thread=reserve_job_root('H','Session owner thread',allow_descendant=False) if os.environ.get('S1_JOB_LEDGER') else None
                    ~~~~~~~~~~~~~~~~^^^^^^^^^^^^^^^^^^^^^^^^^^^^^^^^^^^^^^^^^^^^^^^^^^^
  File "/home/auss/git_repos/samaust/Experiments_4DGS/scripts/vipe_benchmark/s1_helper_session.py", line 1046, in reserve_job_root
    append_job_event('root-reserved',dict(token=token,role=role,label=label,creator=creator),guard=guard)
    ~~~~~~~~~~~~~~~~^^^^^^^^^^^^^^^^^^^^^^^^^^^^^^^^^^^^^^^^^^^^^^^^^^^^^^^^^^^^^^^^^^^^^^^^^^^^^^^^^^^^^
  File "/home/auss/git_repos/samaust/Experiments_4DGS/scripts/vipe_benchmark/s1_helper_session.py", line 720, in append_job_event
    replacement=guard(state)
  File "/home/auss/git_repos/samaust/Experiments_4DGS/scripts/vipe_benchmark/s1_helper_session.py", line 1042, in guard
    raise ValueError('job root capacity')
ValueError: job root capacity
timing_or_cleanup_check_0: AssertionError: False is not true : {'scenario': 'P03', 'mode': 'progress_death', 'constructor_entry': 201080.864937226, 'action_cutoff': 201082.864937226, 'safety_cutoff': 201083.864937226, 'progress_final_outcome': {'event': 'progress_final_outcome', 'label': 'P03', 'phase': 'startup_or_fixture_preparation', 'primary': {'error_class': 'ValueError', 'message': 'job root capacity'}, 'secondary': [], 'reference': None, 'cleanup_confirmed': False, 'observed': 201080.903892843, 'causal_status': 'actual startup failure; no inferred EPERM cause'}, 'action_end': 201080.903884604, 'end': 201080.903892843, 'execution_seconds': 0.0389473779941909, 'cleanup_seconds': 8.239003363996744e-06, 'cleanup_confirmed': False, 'records': {'work': {'role': 'work', 'state': 'pending', 'pid': None}, 'sample': {'role': 'sample', 'state': 'pending', 'pid': None}}, 'errors': [], 'signals': [], 'ticks': [201080.86496238], 'events': [{'event': 'progress_final_outcome', 'label': 'P03', 'phase': 'startup_or_fixture_preparation', 'primary': {'error_class': 'ValueError', 'message': 'job root capacity'}, 'secondary': [], 'reference': None, 'cleanup_confirmed': False, 'observed': 201080.903892843, 'causal_status': 'actual startup failure; no inferred EPERM cause'}], 'trace_facts': {'capacity': 256, 'total': 1, 'dropped': 0, 'saturated': False, 'first': 201080.90390032, 'last': 201080.90390032}, 'tick_facts': {'capacity': 128, 'total': 1, 'dropped': 0, 'saturated': False, 'first': 201080.864967137, 'last': 201080.864967137}, 'owner_error_facts': {'capacity': 32, 'total': 0, 'dropped': 0, 'saturated': False, 'first': None, 'last': None}, 'owner_signal_facts': {'capacity': 128, 'total': 0, 'dropped': 0, 'saturated': False, 'first': None, 'last': None}, 'request_counts': {'work': {'dispatch': 0, 'response': 0}, 'sample': {'dispatch': 0, 'response': 0}}, 'census_request_count': 0, 'max_gap': 0.0, 'max_turn': 0.0, 'call_observations': [], 'call_observation_facts': {'capacity': 128, 'total': 0, 'dropped': 0, 'saturated': False, 'first': None, 'last': None}, 'timing_fai

======================================================================
ERROR: test_progress_p04_failed_final_sample (test_vipe_benchmark_supervisor.HelperSessionTests.test_progress_p04_failed_final_sample)
----------------------------------------------------------------------
Traceback (most recent call last):
  File "/home/auss/git_repos/samaust/Experiments_4DGS/tests/test_vipe_benchmark_supervisor.py", line 2030, in test_progress_p04_failed_final_sample
    def test_progress_p04_failed_final_sample(self):self.progress_scenario('P04','progress_final',supervised=True)
                                                    ~~~~~~~~~~~~~~~~~~~~~~^^^^^^^^^^^^^^^^^^^^^^^^^^^^^^^^^^^^^^^^
  File "/home/auss/git_repos/samaust/Experiments_4DGS/tests/test_vipe_benchmark_supervisor.py", line 1779, in progress_scenario
    with self.scenario(label,mode) as session, tempfile.TemporaryDirectory() as temp:
         ~~~~~~~~~~~~~^^^^^^^^^^^^
  File "/usr/lib/python3.14/contextlib.py", line 141, in __enter__
    return next(self.gen)
  File "/home/auss/git_repos/samaust/Experiments_4DGS/tests/test_vipe_benchmark_supervisor.py", line 1153, in owned
    session(mode,instance=current,**bounds)
    ~~~~~~~^^^^^^^^^^^^^^^^^^^^^^^^^^^^^^^^
  File "/home/auss/git_repos/samaust/Experiments_4DGS/tests/test_vipe_benchmark_s1_helper_fixtures.py", line 69, in session
    instance.__init__(owner_factory=Selected, **kwargs)
    ~~~~~~~~~~~~~~~~~^^^^^^^^^^^^^^^^^^^^^^^^^^^^^^^^^^
  File "/home/auss/git_repos/samaust/Experiments_4DGS/scripts/vipe_benchmark/s1_helper_session.py", line 2155, in __init__
    self.job_thread=reserve_job_root('H','Session owner thread',allow_descendant=False) if os.environ.get('S1_JOB_LEDGER') else None
                    ~~~~~~~~~~~~~~~~^^^^^^^^^^^^^^^^^^^^^^^^^^^^^^^^^^^^^^^^^^^^^^^^^^^
  File "/home/auss/git_repos/samaust/Experiments_4DGS/scripts/vipe_benchmark/s1_helper_session.py", line 1046, in reserve_job_root
    append_job_event('root-reserved',dict(token=token,role=role,label=label,creator=creator),guard=guard)
    ~~~~~~~~~~~~~~~~^^^^^^^^^^^^^^^^^^^^^^^^^^^^^^^^^^^^^^^^^^^^^^^^^^^^^^^^^^^^^^^^^^^^^^^^^^^^^^^^^^^^^
  File "/home/auss/git_repos/samaust/Experiments_4DGS/scripts/vipe_benchmark/s1_helper_session.py", line 720, in append_job_event
    replacement=guard(state)
  File "/home/auss/git_repos/samaust/Experiments_4DGS/scripts/vipe_benchmark/s1_helper_session.py", line 1042, in guard
    raise ValueError('job root capacity')
ValueError: job root capacity
timing_or_cleanup_check_0: AssertionError: False is not true : {'scenario': 'P04', 'mode': 'progress_final', 'constructor_entry': 201080.904969089, 'action_cutoff': 201082.904969089, 'safety_cutoff': 201083.904969089, 'progress_final_outcome': {'event': 'progress_final_outcome', 'label': 'P04', 'phase': 'startup_or_fixture_preparation', 'primary': {'error_class': 'ValueError', 'message': 'job root capacity'}, 'secondary': [], 'reference': None, 'cleanup_confirmed': False, 'observed': 201080.944040631, 'causal_status': 'actual startup failure; no inferred EPERM cause'}, 'action_end': 201080.94403067, 'end': 201080.944040631, 'execution_seconds': 0.0390615810174495, 'cleanup_seconds': 9.960989700630307e-06, 'cleanup_confirmed': False, 'records': {'work': {'role': 'work', 'state': 'pending', 'pid': None}, 'sample': {'role': 'sample', 'state': 'pending', 'pid': None}}, 'errors': [], 'signals': [], 'ticks': [201080.904991695], 'events': [{'event': 'progress_final_outcome', 'label': 'P04', 'phase': 'startup_or_fixture_preparation', 'primary': {'error_class': 'ValueError', 'message': 'job root capacity'}, 'secondary': [], 'reference': None, 'cleanup_confirmed': False, 'observed': 201080.944040631, 'causal_status': 'actual startup failure; no inferred EPERM cause'}], 'trace_facts': {'capacity': 256, 'total': 1, 'dropped': 0, 'saturated': False, 'first': 201080.944048643, 'last': 201080.944048643}, 'tick_facts': {'capacity': 128, 'total': 1, 'dropped': 0, 'saturated': False, 'first': 201080.904995775, 'last': 201080.904995775}, 'owner_error_facts': {'capacity': 32, 'total': 0, 'dropped': 0, 'saturated': False, 'first': None, 'last': None}, 'owner_signal_facts': {'capacity': 128, 'total': 0, 'dropped': 0, 'saturated': False, 'first': None, 'last': None}, 'request_counts': {'work': {'dispatch': 0, 'response': 0}, 'sample': {'dispatch': 0, 'response': 0}}, 'census_request_count': 0, 'max_gap': 0.0, 'max_turn': 0.0, 'call_observations': [], 'call_observation_facts': {'capacity': 128, 'total': 0, 'dropped': 0, 'saturated': False, 'first': None, 'last': None}, 'timing_f

======================================================================
ERROR: test_progress_p05_interrupted_publisher (test_vipe_benchmark_supervisor.HelperSessionTests.test_progress_p05_interrupted_publisher)
----------------------------------------------------------------------
Traceback (most recent call last):
  File "/home/auss/git_repos/samaust/Experiments_4DGS/tests/test_vipe_benchmark_supervisor.py", line 2031, in test_progress_p05_interrupted_publisher
    def test_progress_p05_interrupted_publisher(self):self.progress_scenario('P05','progress_torn')
                                                      ~~~~~~~~~~~~~~~~~~~~~~^^^^^^^^^^^^^^^^^^^^^^^
  File "/home/auss/git_repos/samaust/Experiments_4DGS/tests/test_vipe_benchmark_supervisor.py", line 1779, in progress_scenario
    with self.scenario(label,mode) as session, tempfile.TemporaryDirectory() as temp:
         ~~~~~~~~~~~~~^^^^^^^^^^^^
  File "/usr/lib/python3.14/contextlib.py", line 141, in __enter__
    return next(self.gen)
  File "/home/auss/git_repos/samaust/Experiments_4DGS/tests/test_vipe_benchmark_supervisor.py", line 1153, in owned
    session(mode,instance=current,**bounds)
    ~~~~~~~^^^^^^^^^^^^^^^^^^^^^^^^^^^^^^^^
  File "/home/auss/git_repos/samaust/Experiments_4DGS/tests/test_vipe_benchmark_s1_helper_fixtures.py", line 69, in session
    instance.__init__(owner_factory=Selected, **kwargs)
    ~~~~~~~~~~~~~~~~~^^^^^^^^^^^^^^^^^^^^^^^^^^^^^^^^^^
  File "/home/auss/git_repos/samaust/Experiments_4DGS/scripts/vipe_benchmark/s1_helper_session.py", line 2155, in __init__
    self.job_thread=reserve_job_root('H','Session owner thread',allow_descendant=False) if os.environ.get('S1_JOB_LEDGER') else None
                    ~~~~~~~~~~~~~~~~^^^^^^^^^^^^^^^^^^^^^^^^^^^^^^^^^^^^^^^^^^^^^^^^^^^
  File "/home/auss/git_repos/samaust/Experiments_4DGS/scripts/vipe_benchmark/s1_helper_session.py", line 1046, in reserve_job_root
    append_job_event('root-reserved',dict(token=token,role=role,label=label,creator=creator),guard=guard)
    ~~~~~~~~~~~~~~~~^^^^^^^^^^^^^^^^^^^^^^^^^^^^^^^^^^^^^^^^^^^^^^^^^^^^^^^^^^^^^^^^^^^^^^^^^^^^^^^^^^^^^
  File "/home/auss/git_repos/samaust/Experiments_4DGS/scripts/vipe_benchmark/s1_helper_session.py", line 720, in append_job_event
    replacement=guard(state)
  File "/home/auss/git_repos/samaust/Experiments_4DGS/scripts/vipe_benchmark/s1_helper_session.py", line 1042, in guard
    raise ValueError('job root capacity')
ValueError: job root capacity
timing_or_cleanup_check_0: AssertionError: False is not true : {'scenario': 'P05', 'mode': 'progress_torn', 'constructor_entry': 201080.945160563, 'action_cutoff': 201082.945160563, 'safety_cutoff': 201083.945160563, 'progress_final_outcome': {'event': 'progress_final_outcome', 'label': 'P05', 'phase': 'startup_or_fixture_preparation', 'primary': {'error_class': 'ValueError', 'message': 'job root capacity'}, 'secondary': [], 'reference': None, 'cleanup_confirmed': False, 'observed': 201080.984182346, 'causal_status': 'actual startup failure; no inferred EPERM cause'}, 'action_end': 201080.984172652, 'end': 201080.984182346, 'execution_seconds': 0.03901208902243525, 'cleanup_seconds': 9.693991160020232e-06, 'cleanup_confirmed': False, 'records': {'work': {'role': 'work', 'state': 'pending', 'pid': None}, 'sample': {'role': 'sample', 'state': 'pending', 'pid': None}}, 'errors': [], 'signals': [], 'ticks': [201080.945184676], 'events': [{'event': 'progress_final_outcome', 'label': 'P05', 'phase': 'startup_or_fixture_preparation', 'primary': {'error_class': 'ValueError', 'message': 'job root capacity'}, 'secondary': [], 'reference': None, 'cleanup_confirmed': False, 'observed': 201080.984182346, 'causal_status': 'actual startup failure; no inferred EPERM cause'}], 'trace_facts': {'capacity': 256, 'total': 1, 'dropped': 0, 'saturated': False, 'first': 201080.984190835, 'last': 201080.984190835}, 'tick_facts': {'capacity': 128, 'total': 1, 'dropped': 0, 'saturated': False, 'first': 201080.945189528, 'last': 201080.945189528}, 'owner_error_facts': {'capacity': 32, 'total': 0, 'dropped': 0, 'saturated': False, 'first': None, 'last': None}, 'owner_signal_facts': {'capacity': 128, 'total': 0, 'dropped': 0, 'saturated': False, 'first': None, 'last': None}, 'request_counts': {'work': {'dispatch': 0, 'response': 0}, 'sample': {'dispatch': 0, 'response': 0}}, 'census_request_count': 0, 'max_gap': 0.0, 'max_turn': 0.0, 'call_observations': [], 'call_observation_facts': {'capacity': 128, 'total': 0, 'dropped': 0, 'saturated': False, 'first': None, 'last': None}, 'timing_

======================================================================
ERROR: test_progress_p06_blocked_owner (test_vipe_benchmark_supervisor.HelperSessionTests.test_progress_p06_blocked_owner)
----------------------------------------------------------------------
Traceback (most recent call last):
  File "/home/auss/git_repos/samaust/Experiments_4DGS/tests/test_vipe_benchmark_supervisor.py", line 2032, in test_progress_p06_blocked_owner
    def test_progress_p06_blocked_owner(self):self.progress_scenario('P06','progress_normal')
                                              ~~~~~~~~~~~~~~~~~~~~~~^^^^^^^^^^^^^^^^^^^^^^^^^
  File "/home/auss/git_repos/samaust/Experiments_4DGS/tests/test_vipe_benchmark_supervisor.py", line 1779, in progress_scenario
    with self.scenario(label,mode) as session, tempfile.TemporaryDirectory() as temp:
         ~~~~~~~~~~~~~^^^^^^^^^^^^
  File "/usr/lib/python3.14/contextlib.py", line 141, in __enter__
    return next(self.gen)
  File "/home/auss/git_repos/samaust/Experiments_4DGS/tests/test_vipe_benchmark_supervisor.py", line 1153, in owned
    session(mode,instance=current,**bounds)
    ~~~~~~~^^^^^^^^^^^^^^^^^^^^^^^^^^^^^^^^
  File "/home/auss/git_repos/samaust/Experiments_4DGS/tests/test_vipe_benchmark_s1_helper_fixtures.py", line 69, in session
    instance.__init__(owner_factory=Selected, **kwargs)
    ~~~~~~~~~~~~~~~~~^^^^^^^^^^^^^^^^^^^^^^^^^^^^^^^^^^
  File "/home/auss/git_repos/samaust/Experiments_4DGS/scripts/vipe_benchmark/s1_helper_session.py", line 2155, in __init__
    self.job_thread=reserve_job_root('H','Session owner thread',allow_descendant=False) if os.environ.get('S1_JOB_LEDGER') else None
                    ~~~~~~~~~~~~~~~~^^^^^^^^^^^^^^^^^^^^^^^^^^^^^^^^^^^^^^^^^^^^^^^^^^^
  File "/home/auss/git_repos/samaust/Experiments_4DGS/scripts/vipe_benchmark/s1_helper_session.py", line 1046, in reserve_job_root
    append_job_event('root-reserved',dict(token=token,role=role,label=label,creator=creator),guard=guard)
    ~~~~~~~~~~~~~~~~^^^^^^^^^^^^^^^^^^^^^^^^^^^^^^^^^^^^^^^^^^^^^^^^^^^^^^^^^^^^^^^^^^^^^^^^^^^^^^^^^^^^^
  File "/home/auss/git_repos/samaust/Experiments_4DGS/scripts/vipe_benchmark/s1_helper_session.py", line 720, in append_job_event
    replacement=guard(state)
  File "/home/auss/git_repos/samaust/Experiments_4DGS/scripts/vipe_benchmark/s1_helper_session.py", line 1042, in guard
    raise ValueError('job root capacity')
ValueError: job root capacity
timing_or_cleanup_check_0: AssertionError: False is not true : {'scenario': 'P06', 'mode': 'progress_normal', 'constructor_entry': 201080.985269821, 'action_cutoff': 201082.985269821, 'safety_cutoff': 201083.985269821, 'progress_final_outcome': {'event': 'progress_final_outcome', 'label': 'P06', 'phase': 'startup_or_fixture_preparation', 'primary': {'error_class': 'ValueError', 'message': 'job root capacity'}, 'secondary': [], 'reference': None, 'cleanup_confirmed': False, 'observed': 201081.031393878, 'causal_status': 'actual startup failure; no inferred EPERM cause'}, 'action_end': 201081.03138425, 'end': 201081.031393878, 'execution_seconds': 0.04611442901659757, 'cleanup_seconds': 9.62798367254436e-06, 'cleanup_confirmed': False, 'records': {'work': {'role': 'work', 'state': 'pending', 'pid': None}, 'sample': {'role': 'sample', 'state': 'pending', 'pid': None}}, 'errors': [], 'signals': [], 'ticks': [201080.985295035], 'events': [{'event': 'progress_final_outcome', 'label': 'P06', 'phase': 'startup_or_fixture_preparation', 'primary': {'error_class': 'ValueError', 'message': 'job root capacity'}, 'secondary': [], 'reference': None, 'cleanup_confirmed': False, 'observed': 201081.031393878, 'causal_status': 'actual startup failure; no inferred EPERM cause'}], 'trace_facts': {'capacity': 256, 'total': 1, 'dropped': 0, 'saturated': False, 'first': 201081.031403368, 'last': 201081.031403368}, 'tick_facts': {'capacity': 128, 'total': 1, 'dropped': 0, 'saturated': False, 'first': 201080.98529964, 'last': 201080.98529964}, 'owner_error_facts': {'capacity': 32, 'total': 0, 'dropped': 0, 'saturated': False, 'first': None, 'last': None}, 'owner_signal_facts': {'capacity': 128, 'total': 0, 'dropped': 0, 'saturated': False, 'first': None, 'last': None}, 'request_counts': {'work': {'dispatch': 0, 'response': 0}, 'sample': {'dispatch': 0, 'response': 0}}, 'census_request_count': 0, 'max_gap': 0.0, 'max_turn': 0.0, 'call_observations': [], 'call_observation_facts': {'capacity': 128, 'total': 0, 'dropped': 0, 'saturated': False, 'first': None, 'last': None}, 'timing_fa

======================================================================
ERROR: test_progress_plan047_complete_final_sample (test_vipe_benchmark_supervisor.HelperSessionTests.test_progress_plan047_complete_final_sample) (kind='success')
----------------------------------------------------------------------
Traceback (most recent call last):
  File "/home/auss/git_repos/samaust/Experiments_4DGS/scripts/vipe_benchmark/supervisor.py", line 442, in supervise
    owned=predispatch_owned('supervisor worker')
  File "/home/auss/git_repos/samaust/Experiments_4DGS/scripts/vipe_benchmark/s1_helper_session.py", line 1565, in predispatch_owned
    if observed['total_workers']+1>8:raise ValueError('owned '+event+' dispatch CPU capacity')
                                     ^^^^^^^^^^^^^^^^^^^^^^^^^^^^^^^^^^^^^^^^^^^^^^^^^^^^^^^^^
ValueError: owned supervisor worker dispatch CPU capacity

The above exception was the direct cause of the following exception:

Traceback (most recent call last):
  File "/home/auss/git_repos/samaust/Experiments_4DGS/tests/test_vipe_benchmark_supervisor.py", line 3145, in test_progress_plan047_complete_final_sample
    sup.supervise(Ledger(),full.reservation['job_id'],full.command,full.output,evidence=full.binding,sample_resources=self.sampler,validate_result=lambda output:None,terminal_publisher=True,terminal_docs=docs)
    ~~~~~~~~~~~~~^^^^^^^^^^^^^^^^^^^^^^^^^^^^^^^^^^^^^^^^^^^^^^^^^^^^^^^^^^^^^^^^^^^^^^^^^^^^^^^^^^^^^^^^^^^^^^^^^^^^^^^^^^^^^^^^^^^^^^^^^^^^^^^^^^^^^^^^^^^^^^^^^^^^^^^^^^^^^^^^^^^^^^^^^^^^^^^^^^^^^^^^^^^^^^^^
  File "/home/auss/git_repos/samaust/Experiments_4DGS/scripts/vipe_benchmark/supervisor.py", line 607, in supervise
    raise failure from primary_exception
vipe_benchmark.supervisor.SupervisionFailure: ValueError: owned supervisor worker dispatch CPU capacity

======================================================================
ERROR: test_progress_plan047_complete_final_sample (test_vipe_benchmark_supervisor.HelperSessionTests.test_progress_plan047_complete_final_sample) (kind='final_sample_failure')
----------------------------------------------------------------------
Traceback (most recent call last):
  File "/home/auss/git_repos/samaust/Experiments_4DGS/tests/test_vipe_benchmark_supervisor.py", line 3142, in test_progress_plan047_complete_final_sample
    with self.assertRaises(sup.SupervisionFailure) as caught:sup.supervise(Ledger(),full.reservation['job_id'],full.command,full.output,evidence=full.binding,sample_resources=self.sampler,validate_result=lambda output:None,terminal_publisher=True,terminal_docs=docs)
                                                             ~~~~~~~~~~~~~^^^^^^^^^^^^^^^^^^^^^^^^^^^^^^^^^^^^^^^^^^^^^^^^^^^^^^^^^^^^^^^^^^^^^^^^^^^^^^^^^^^^^^^^^^^^^^^^^^^^^^^^^^^^^^^^^^^^^^^^^^^^^^^^^^^^^^^^^^^^^^^^^^^^^^^^^^^^^^^^^^^^^^^^^^^^^^^^^^^^^^^^^^^^^^^^
  File "/home/auss/git_repos/samaust/Experiments_4DGS/scripts/vipe_benchmark/supervisor.py", line 358, in supervise
    raise ValueError('refusing to overwrite incomplete or previous output')
ValueError: refusing to overwrite incomplete or previous output

======================================================================
ERROR: test_progress_plan047_ownership (test_vipe_benchmark_supervisor.HelperSessionTests.test_progress_plan047_ownership) (kind='registry_owner_dispatch')
----------------------------------------------------------------------
Traceback (most recent call last):
  File "/home/auss/git_repos/samaust/Experiments_4DGS/tests/test_vipe_benchmark_supervisor.py", line 2851, in test_progress_plan047_ownership
    observed=h.predispatch_owned(kind);self.assertEqual(observed['registry_identity'],id(h.INVOCATION));self.assertEqual(observed['root'],baseline['root']);result='same invocation registry'
  File "/home/auss/git_repos/samaust/Experiments_4DGS/scripts/vipe_benchmark/s1_helper_session.py", line 1565, in predispatch_owned
    if observed['total_workers']+1>8:raise ValueError('owned '+event+' dispatch CPU capacity')
                                     ^^^^^^^^^^^^^^^^^^^^^^^^^^^^^^^^^^^^^^^^^^^^^^^^^^^^^^^^^
ValueError: owned registry_owner_dispatch dispatch CPU capacity

======================================================================
ERROR: test_progress_plan047_ownership (test_vipe_benchmark_supervisor.HelperSessionTests.test_progress_plan047_ownership) (kind='registry_worker_dispatch')
----------------------------------------------------------------------
Traceback (most recent call last):
  File "/home/auss/git_repos/samaust/Experiments_4DGS/tests/test_vipe_benchmark_supervisor.py", line 2851, in test_progress_plan047_ownership
    observed=h.predispatch_owned(kind);self.assertEqual(observed['registry_identity'],id(h.INVOCATION));self.assertEqual(observed['root'],baseline['root']);result='same invocation registry'
  File "/home/auss/git_repos/samaust/Experiments_4DGS/scripts/vipe_benchmark/s1_helper_session.py", line 1565, in predispatch_owned
    if observed['total_workers']+1>8:raise ValueError('owned '+event+' dispatch CPU capacity')
                                     ^^^^^^^^^^^^^^^^^^^^^^^^^^^^^^^^^^^^^^^^^^^^^^^^^^^^^^^^^
ValueError: owned registry_worker_dispatch dispatch CPU capacity

======================================================================
ERROR: test_progress_plan047_ownership (test_vipe_benchmark_supervisor.HelperSessionTests.test_progress_plan047_ownership) (kind='registry_direct_dispatch')
----------------------------------------------------------------------
Traceback (most recent call last):
  File "/home/auss/git_repos/samaust/Experiments_4DGS/tests/test_vipe_benchmark_supervisor.py", line 2851, in test_progress_plan047_ownership
    observed=h.predispatch_owned(kind);self.assertEqual(observed['registry_identity'],id(h.INVOCATION));self.assertEqual(observed['root'],baseline['root']);result='same invocation registry'
  File "/home/auss/git_repos/samaust/Experiments_4DGS/scripts/vipe_benchmark/s1_helper_session.py", line 1565, in predispatch_owned
    if observed['total_workers']+1>8:raise ValueError('owned '+event+' dispatch CPU capacity')
                                     ^^^^^^^^^^^^^^^^^^^^^^^^^^^^^^^^^^^^^^^^^^^^^^^^^^^^^^^^^
ValueError: owned registry_direct_dispatch dispatch CPU capacity

======================================================================
ERROR: test_progress_plan047_ownership (test_vipe_benchmark_supervisor.HelperSessionTests.test_progress_plan047_ownership) (kind='registry_sentinel_dispatch')
----------------------------------------------------------------------
Traceback (most recent call last):
  File "/home/auss/git_repos/samaust/Experiments_4DGS/tests/test_vipe_benchmark_supervisor.py", line 2851, in test_progress_plan047_ownership
    observed=h.predispatch_owned(kind);self.assertEqual(observed['registry_identity'],id(h.INVOCATION));self.assertEqual(observed['root'],baseline['root']);result='same invocation registry'
  File "/home/auss/git_repos/samaust/Experiments_4DGS/scripts/vipe_benchmark/s1_helper_session.py", line 1565, in predispatch_owned
    if observed['total_workers']+1>8:raise ValueError('owned '+event+' dispatch CPU capacity')
                                     ^^^^^^^^^^^^^^^^^^^^^^^^^^^^^^^^^^^^^^^^^^^^^^^^^^^^^^^^^
ValueError: owned registry_sentinel_dispatch dispatch CPU capacity

======================================================================
ERROR: test_completed_worker_is_not_dispatched_again (test_vipe_benchmark_supervisor.SupervisorTests.test_completed_worker_is_not_dispatched_again)
----------------------------------------------------------------------
Traceback (most recent call last):
  File "/home/auss/git_repos/samaust/Experiments_4DGS/scripts/vipe_benchmark/supervisor.py", line 446, in supervise
    process = create_owned_process('supervisor worker',subprocess.Popen,command, deadline=run_deadline if is_s1 else None, stdout=log, stderr=subprocess.STDOUT,
                               start_new_session=True, env=env)
  File "/home/auss/git_repos/samaust/Experiments_4DGS/scripts/vipe_benchmark/s1_helper_session.py", line 1573, in create_owned_process
    candidate=_prepare_owned_candidate(create,args,kwargs)
  File "/home/auss/git_repos/samaust/Experiments_4DGS/scripts/vipe_benchmark/s1_helper_session.py", line 337, in _prepare_owned_candidate
    descriptor,environment=_candidate_bytes(create,args,kwargs)
                           ~~~~~~~~~~~~~~~~^^^^^^^^^^^^^^^^^^^^
  File "/home/auss/git_repos/samaust/Experiments_4DGS/scripts/vipe_benchmark/s1_helper_session.py", line 276, in _candidate_bytes
    if value<0:raise ValueError('negative process stdio descriptor')
               ^^^^^^^^^^^^^^^^^^^^^^^^^^^^^^^^^^^^^^^^^^^^^^^^^^^^^
ValueError: negative process stdio descriptor

The above exception was the direct cause of the following exception:

Traceback (most recent call last):
  File "/home/auss/git_repos/samaust/Experiments_4DGS/tests/test_vipe_benchmark_supervisor.py", line 43, in test_completed_worker_is_not_dispatched_again
    self.assertEqual(self.run_worker(code)['status'], 'complete')
                     ~~~~~~~~~~~~~~~^^^^^^
  File "/home/auss/git_repos/samaust/Experiments_4DGS/tests/test_vipe_benchmark_supervisor.py", line 37, in run_worker
    return supervise(self.ledger, 'prepare', self.command(code), self.root / 'output',
                     evidence={'kind': 'disposable CPU fixture; not a model evaluation'},
                     validate_result=self.validate, poll_seconds=.02, **kwargs)
  File "/home/auss/git_repos/samaust/Experiments_4DGS/scripts/vipe_benchmark/supervisor.py", line 607, in supervise
    raise failure from primary_exception
vipe_benchmark.supervisor.SupervisionFailure: ValueError: negative process stdio descriptor

======================================================================
ERROR: test_concurrent_reservation_has_one_winner (test_vipe_benchmark_supervisor.SupervisorTests.test_concurrent_reservation_has_one_winner)
----------------------------------------------------------------------
Traceback (most recent call last):
  File "/home/auss/git_repos/samaust/Experiments_4DGS/tests/test_vipe_benchmark_supervisor.py", line 211, in test_concurrent_reservation_has_one_winner
    process=fixture_process_launch('existing reservation race',command,stdout=subprocess.DEVNULL,stderr=subprocess.DEVNULL)
  File "/home/auss/git_repos/samaust/Experiments_4DGS/tests/test_vipe_benchmark_s1_helper_fixtures.py", line 888, in fixture_process_launch
    process=create_owned_process(event,subprocess.Popen,command,**kwargs)
  File "/home/auss/git_repos/samaust/Experiments_4DGS/scripts/vipe_benchmark/s1_helper_session.py", line 1573, in create_owned_process
    candidate=_prepare_owned_candidate(create,args,kwargs)
  File "/home/auss/git_repos/samaust/Experiments_4DGS/scripts/vipe_benchmark/s1_helper_session.py", line 337, in _prepare_owned_candidate
    descriptor,environment=_candidate_bytes(create,args,kwargs)
                           ~~~~~~~~~~~~~~~~^^^^^^^^^^^^^^^^^^^^
  File "/home/auss/git_repos/samaust/Experiments_4DGS/scripts/vipe_benchmark/s1_helper_session.py", line 276, in _candidate_bytes
    if value<0:raise ValueError('negative process stdio descriptor')
               ^^^^^^^^^^^^^^^^^^^^^^^^^^^^^^^^^^^^^^^^^^^^^^^^^^^^^
ValueError: negative process stdio descriptor

======================================================================
ERROR: test_gpu_sample_of_exited_unreaped_worker_keeps_true_group_ownership (test_vipe_benchmark_supervisor.SupervisorTests.test_gpu_sample_of_exited_unreaped_worker_keeps_true_group_ownership)
----------------------------------------------------------------------
Traceback (most recent call last):
  File "/home/auss/git_repos/samaust/Experiments_4DGS/scripts/vipe_benchmark/supervisor.py", line 446, in supervise
    process = create_owned_process('supervisor worker',subprocess.Popen,command, deadline=run_deadline if is_s1 else None, stdout=log, stderr=subprocess.STDOUT,
                               start_new_session=True, env=env)
  File "/home/auss/git_repos/samaust/Experiments_4DGS/scripts/vipe_benchmark/s1_helper_session.py", line 1573, in create_owned_process
    candidate=_prepare_owned_candidate(create,args,kwargs)
  File "/home/auss/git_repos/samaust/Experiments_4DGS/scripts/vipe_benchmark/s1_helper_session.py", line 337, in _prepare_owned_candidate
    descriptor,environment=_candidate_bytes(create,args,kwargs)
                           ~~~~~~~~~~~~~~~~^^^^^^^^^^^^^^^^^^^^
  File "/home/auss/git_repos/samaust/Experiments_4DGS/scripts/vipe_benchmark/s1_helper_session.py", line 276, in _candidate_bytes
    if value<0:raise ValueError('negative process stdio descriptor')
               ^^^^^^^^^^^^^^^^^^^^^^^^^^^^^^^^^^^^^^^^^^^^^^^^^^^^^
ValueError: negative process stdio descriptor

The above exception was the direct cause of the following exception:

Traceback (most recent call last):
  File "/home/auss/git_repos/samaust/Experiments_4DGS/tests/test_vipe_benchmark_supervisor.py", line 161, in test_gpu_sample_of_exited_unreaped_worker_keeps_true_group_ownership
    self.assertEqual(self.run_worker(code, sample_resources=sample)['status'], 'complete')
                     ~~~~~~~~~~~~~~~^^^^^^^^^^^^^^^^^^^^^^^^^^^^^^^
  File "/home/auss/git_repos/samaust/Experiments_4DGS/tests/test_vipe_benchmark_supervisor.py", line 37, in run_worker
    return supervise(self.ledger, 'prepare', self.command(code), self.root / 'output',
                     evidence={'kind': 'disposable CPU fixture; not a model evaluation'},
                     validate_result=self.validate, poll_seconds=.02, **kwargs)
  File "/home/auss/git_repos/samaust/Experiments_4DGS/scripts/vipe_benchmark/supervisor.py", line 607, in supervise
    raise failure from primary_exception
vipe_benchmark.supervisor.SupervisionFailure: ValueError: negative process stdio descriptor

======================================================================
ERROR: test_native_kernel_caches_stay_in_monitored_attempt_and_override_external_paths (test_vipe_benchmark_supervisor.SupervisorTests.test_native_kernel_caches_stay_in_monitored_attempt_and_override_external_paths)
----------------------------------------------------------------------
Traceback (most recent call last):
  File "/home/auss/git_repos/samaust/Experiments_4DGS/scripts/vipe_benchmark/supervisor.py", line 446, in supervise
    process = create_owned_process('supervisor worker',subprocess.Popen,command, deadline=run_deadline if is_s1 else None, stdout=log, stderr=subprocess.STDOUT,
                               start_new_session=True, env=env)
  File "/home/auss/git_repos/samaust/Experiments_4DGS/scripts/vipe_benchmark/s1_helper_session.py", line 1573, in create_owned_process
    candidate=_prepare_owned_candidate(create,args,kwargs)
  File "/home/auss/git_repos/samaust/Experiments_4DGS/scripts/vipe_benchmark/s1_helper_session.py", line 337, in _prepare_owned_candidate
    descriptor,environment=_candidate_bytes(create,args,kwargs)
                           ~~~~~~~~~~~~~~~~^^^^^^^^^^^^^^^^^^^^
  File "/home/auss/git_repos/samaust/Experiments_4DGS/scripts/vipe_benchmark/s1_helper_session.py", line 276, in _candidate_bytes
    if value<0:raise ValueError('negative process stdio descriptor')
               ^^^^^^^^^^^^^^^^^^^^^^^^^^^^^^^^^^^^^^^^^^^^^^^^^^^^^
ValueError: negative process stdio descriptor

The above exception was the direct cause of the following exception:

Traceback (most recent call last):
  File "/home/auss/git_repos/samaust/Experiments_4DGS/tests/test_vipe_benchmark_supervisor.py", line 63, in test_native_kernel_caches_stay_in_monitored_attempt_and_override_external_paths
    self.run_worker(code, sample_resources=lambda: dict(artifact_bytes=directory_bytes(self.root)))
    ~~~~~~~~~~~~~~~^^^^^^^^^^^^^^^^^^^^^^^^^^^^^^^^^^^^^^^^^^^^^^^^^^^^^^^^^^^^^^^^^^^^^^^^^^^^^^^^
  File "/home/auss/git_repos/samaust/Experiments_4DGS/tests/test_vipe_benchmark_supervisor.py", line 37, in run_worker
    return supervise(self.ledger, 'prepare', self.command(code), self.root / 'output',
                     evidence={'kind': 'disposable CPU fixture; not a model evaluation'},
                     validate_result=self.validate, poll_seconds=.02, **kwargs)
  File "/home/auss/git_repos/samaust/Experiments_4DGS/scripts/vipe_benchmark/supervisor.py", line 607, in supervise
    raise failure from primary_exception
vipe_benchmark.supervisor.SupervisionFailure: ValueError: negative process stdio descriptor

======================================================================
FAIL: test_supervisor_worker_context_and_consumed_cleanup_stop (test_vipe_benchmark_supervisor.HelperIntegrationTests.test_supervisor_worker_context_and_consumed_cleanup_stop)
----------------------------------------------------------------------
Traceback (most recent call last):
  File "/home/auss/git_repos/samaust/Experiments_4DGS/tests/test_vipe_benchmark_supervisor.py", line 1117, in test_supervisor_worker_context_and_consumed_cleanup_stop
    self.assertEqual(len(transported),1)
    ~~~~~~~~~~~~~~~~^^^^^^^^^^^^^^^^^^^^
AssertionError: 0 != 1

======================================================================
FAIL: test_l01_ready_reuse (test_vipe_benchmark_supervisor.HelperSessionTests.test_l01_ready_reuse)
----------------------------------------------------------------------
Traceback (most recent call last):
  File "/home/auss/git_repos/samaust/Experiments_4DGS/tests/test_vipe_benchmark_supervisor.py", line 1290, in test_l01_ready_reuse
    with self.scenario('L01') as session:
         ~~~~~~~~~~~~~^^^^^^^
  File "/usr/lib/python3.14/contextlib.py", line 148, in __exit__
    next(self.gen)
    ~~~~^^^^^^^^^^
  File "/home/auss/git_repos/samaust/Experiments_4DGS/tests/test_vipe_benchmark_supervisor.py", line 1258, in owned
    else:raise AssertionError('scenario cleanup/timing failures: '+repr(secondary))
         ^^^^^^^^^^^^^^^^^^^^^^^^^^^^^^^^^^^^^^^^^^^^^^^^^^^^^^^^^^^^^^^^^^^^^^^^^^
AssertionError: scenario cleanup/timing failures: [{'operation': 'timing_or_cleanup_check_2', 'error_class': 'AssertionError', 'message': '1.2432847320160363 not less than or equal to 1'}]

======================================================================
FAIL: test_l03_owner_bootstrap_block (test_vipe_benchmark_supervisor.HelperSessionTests.test_l03_owner_bootstrap_block)
----------------------------------------------------------------------
Traceback (most recent call last):
  File "/home/auss/git_repos/samaust/Experiments_4DGS/tests/test_vipe_benchmark_supervisor.py", line 1337, in test_l03_owner_bootstrap_block
    def test_l03_owner_bootstrap_block(self): self.reject_ready('L03','owner_block')
                                              ~~~~~~~~~~~~~~~~~^^^^^^^^^^^^^^^^^^^^^
  File "/home/auss/git_repos/samaust/Experiments_4DGS/tests/test_vipe_benchmark_supervisor.py", line 1274, in reject_ready
    self.assertLessEqual(max(b-a for a,b in zip(session.ticks,session.ticks[1:])),.1)
    ~~~~~~~~~~~~~~~~~~~~^^^^^^^^^^^^^^^^^^^^^^^^^^^^^^^^^^^^^^^^^^^^^^^^^^^^^^^^^^^^^
AssertionError: 0.10228908798308112 not less than or equal to 0.1

======================================================================
FAIL: test_l04_child_before_ready_block (test_vipe_benchmark_supervisor.HelperSessionTests.test_l04_child_before_ready_block)
----------------------------------------------------------------------
Traceback (most recent call last):
  File "/home/auss/git_repos/samaust/Experiments_4DGS/tests/test_vipe_benchmark_supervisor.py", line 1338, in test_l04_child_before_ready_block
    def test_l04_child_before_ready_block(self): self.reject_ready('L04','child_block')
                                                 ~~~~~~~~~~~~~~~~~^^^^^^^^^^^^^^^^^^^^^
  File "/home/auss/git_repos/samaust/Experiments_4DGS/tests/test_vipe_benchmark_supervisor.py", line 1274, in reject_ready
    self.assertLessEqual(max(b-a for a,b in zip(session.ticks,session.ticks[1:])),.1)
    ~~~~~~~~~~~~~~~~~~~~^^^^^^^^^^^^^^^^^^^^^^^^^^^^^^^^^^^^^^^^^^^^^^^^^^^^^^^^^^^^^
AssertionError: 0.10265832100412808 not less than or equal to 0.1

======================================================================
FAIL: test_l05_error_after_spawn (test_vipe_benchmark_supervisor.HelperSessionTests.test_l05_error_after_spawn)
----------------------------------------------------------------------
Traceback (most recent call last):
  File "/home/auss/git_repos/samaust/Experiments_4DGS/tests/test_vipe_benchmark_supervisor.py", line 1339, in test_l05_error_after_spawn
    def test_l05_error_after_spawn(self): self.reject_ready('L05','identity_failure')
                                          ~~~~~~~~~~~~~~~~~^^^^^^^^^^^^^^^^^^^^^^^^^^
  File "/home/auss/git_repos/samaust/Experiments_4DGS/tests/test_vipe_benchmark_supervisor.py", line 1274, in reject_ready
    self.assertLessEqual(max(b-a for a,b in zip(session.ticks,session.ticks[1:])),.1)
    ~~~~~~~~~~~~~~~~~~~~^^^^^^^^^^^^^^^^^^^^^^^^^^^^^^^^^^^^^^^^^^^^^^^^^^^^^^^^^^^^^
AssertionError: 0.10448129900032654 not less than or equal to 0.1

======================================================================
FAIL: test_l06_late_ready (test_vipe_benchmark_supervisor.HelperSessionTests.test_l06_late_ready)
----------------------------------------------------------------------
Traceback (most recent call last):
  File "/home/auss/git_repos/samaust/Experiments_4DGS/tests/test_vipe_benchmark_supervisor.py", line 1340, in test_l06_late_ready
    def test_l06_late_ready(self): self.reject_ready('L06','late_ready')
                                   ~~~~~~~~~~~~~~~~~^^^^^^^^^^^^^^^^^^^^
  File "/home/auss/git_repos/samaust/Experiments_4DGS/tests/test_vipe_benchmark_supervisor.py", line 1274, in reject_ready
    self.assertLessEqual(max(b-a for a,b in zip(session.ticks,session.ticks[1:])),.1)
    ~~~~~~~~~~~~~~~~~~~~^^^^^^^^^^^^^^^^^^^^^^^^^^^^^^^^^^^^^^^^^^^^^^^^^^^^^^^^^^^^^
AssertionError: 0.10535497797536664 not less than or equal to 0.1

======================================================================
FAIL: test_l07_cancel_during_spawn (test_vipe_benchmark_supervisor.HelperSessionTests.test_l07_cancel_during_spawn)
----------------------------------------------------------------------
Traceback (most recent call last):
  File "/home/auss/git_repos/samaust/Experiments_4DGS/tests/test_vipe_benchmark_supervisor.py", line 1341, in test_l07_cancel_during_spawn
    def test_l07_cancel_during_spawn(self): self.reject_ready('L07','held_spawn')
                                            ~~~~~~~~~~~~~~~~~^^^^^^^^^^^^^^^^^^^^
  File "/home/auss/git_repos/samaust/Experiments_4DGS/tests/test_vipe_benchmark_supervisor.py", line 1274, in reject_ready
    self.assertLessEqual(max(b-a for a,b in zip(session.ticks,session.ticks[1:])),.1)
    ~~~~~~~~~~~~~~~~~~~~^^^^^^^^^^^^^^^^^^^^^^^^^^^^^^^^^^^^^^^^^^^^^^^^^^^^^^^^^^^^^
AssertionError: 0.10659490697435103 not less than or equal to 0.1

======================================================================
FAIL: test_l08_late_owner_retained (test_vipe_benchmark_supervisor.HelperSessionTests.test_l08_late_owner_retained)
----------------------------------------------------------------------
Traceback (most recent call last):
  File "/home/auss/git_repos/samaust/Experiments_4DGS/tests/test_vipe_benchmark_supervisor.py", line 1347, in test_l08_late_owner_retained
    self.assertFalse(session.close(session.cleanup_deadline))
    ~~~~~~~~~~~~~~~~^^^^^^^^^^^^^^^^^^^^^^^^^^^^^^^^^^^^^^^^^
AssertionError: True is not false
timing_or_cleanup_check_4: AssertionError: Lists differ: [{'operation': 'close', 'message': '201041[113 chars]502}] != []

First list contains 1 additional elements.
First extra element 0:
{'operation': 'close', 'message': '201041.60291141 not less than or equal to 201041.51069149503', 'returned': 201041.60291141, 'deadline': 201041.41069149502}

+ []
- [{'deadline': 201041.41069149502,
-   'message': '201041.60291141 not less than or equal to 201041.51069149503',
-   'operation': 'close',
-   'returned': 201041.60291141}] : {'scenario': 'L08', 'mode': 'late_spawn', 'constructor_entry': 201041.210669247, 'action_cutoff': 201043.210669247, 'safety_cutoff': 201044.210669247, 'constructor_end': 201041.317178156, 't0': 201041.210691495, 'ready_deadline': 201041.270691495, 'setup_deadline': 201041.330691495, 'setup_cleanup_deadline': 201041.41069149502, 'action_end': 201041.602942307, 'end': 201041.602955213, 'execution_seconds': 0.39227306001703255, 'cleanup_seconds': 1.2905977200716734e-05, 'cleanup_confirmed': True, 'records': {'work': {'role': 'work', 'state': 'pending', 'pid': None, 'failed': True}, 'sample': {'role': 'sample', 'state': 'pending', 'pid': None}}, 'errors': [{'error_class': 'TimeoutError', 'message': 'progress original work deadline', 'phase': 'startup'}], 'signals': [], 'ticks': [201041.210691495, 201041.317191425], 'events': [{'event': 'fixture_spawn_entry', 'role': 'work', 'observed': 201041.253192306, 'ready_deadline': 201041.270691495}, {'event': 'owned_dispatch', 'role': 'work', 'processes': [{'boot_id': 'ba1b4efe-ee43-4088-86df-706c41cfac12', 'pid': 495012, 'ppid': 465812, 'pgid': 495012, 'start_ticks': 25845177, 'threads': [495012], 'thread_identities': [{'boot_id': 'ba1b4efe-ee43-4088-86df-706c41cfac12', 'pid': 495012, 'process_start_ticks': 25845177, 'tid': 495012, 'start_ticks': 25845177}], 'process_before': {'pid': 495012, 'pgid': 495012, 'start_ticks': 25845177}, 'process_after': {'pid': 495012, 'pgid': 495012, 'start_ticks': 25845177}, 'state': 'live', 'creation_parent': 465812, 'creation_event': 'owned descendant census'}, {'

======================================================================
FAIL: test_l09_partial_header (test_vipe_benchmark_supervisor.HelperSessionTests.test_l09_partial_header)
----------------------------------------------------------------------
Traceback (most recent call last):
  File "/home/auss/git_repos/samaust/Experiments_4DGS/tests/test_vipe_benchmark_supervisor.py", line 1357, in test_l09_partial_header
    def test_l09_partial_header(self): self.reject_ready('L09','partial_header')
                                       ~~~~~~~~~~~~~~~~~^^^^^^^^^^^^^^^^^^^^^^^^
  File "/home/auss/git_repos/samaust/Experiments_4DGS/tests/test_vipe_benchmark_supervisor.py", line 1274, in reject_ready
    self.assertLessEqual(max(b-a for a,b in zip(session.ticks,session.ticks[1:])),.1)
    ~~~~~~~~~~~~~~~~~~~~^^^^^^^^^^^^^^^^^^^^^^^^^^^^^^^^^^^^^^^^^^^^^^^^^^^^^^^^^^^^^
AssertionError: 0.10962609501439147 not less than or equal to 0.1
timing_or_cleanup_check_4: AssertionError: Lists differ: [{'operation': 'close', 'message': '201042[113 chars]398}] != []

First list contains 1 additional elements.
First extra element 0:
{'operation': 'close', 'message': '201042.016292242 not less than or equal to 201042.004872164', 'returned': 201042.016292242, 'deadline': 201041.90487216398}

+ []
- [{'deadline': 201041.90487216398,
-   'message': '201042.016292242 not less than or equal to 201042.004872164',
-   'operation': 'close',
-   'returned': 201042.016292242}] : {'scenario': 'L09', 'mode': 'partial_header', 'constructor_entry': 201041.604849596, 'action_cutoff': 201043.604849596, 'safety_cutoff': 201044.604849596, 'constructor_end': 201041.71448424, 't0': 201041.604872164, 'ready_deadline': 201041.68487216398, 'setup_deadline': 201041.784872164, 'setup_cleanup_deadline': 201041.90487216398, 'action_end': 201042.016321684, 'end': 201042.016332595, 'execution_seconds': 0.41147208798793145, 'cleanup_seconds': 1.0910996934399009e-05, 'cleanup_confirmed': True, 'records': {'work': {'role': 'work', 'state': 'pending', 'pid': None, 'failed': True}, 'sample': {'role': 'sample', 'state': 'pending', 'pid': None}}, 'errors': [{'error_class': 'TimeoutError', 'message': 'progress original work deadline', 'phase': 'startup'}], 'signals': [], 'ticks': [201041.604872164, 201041.714498259], 'events': [{'event': 'fixture_spawn_entry', 'role': 'work', 'observed': 201041.648709432, 'ready_deadline': 201041.68487216398}, {'event': 'owned_dispatch', 'role': 'work', 'processes': [{'boot_id': 'ba1b4efe-ee43-4088-86df-706c41cfac12', 'pid': 495012, 'ppid': 465812, 'pgid': 495012, 'start_ticks': 25845177, 'threads': [495012], 'thread_identities': [{'boot_id': 'ba1b4efe-ee43-4088-86df-706c41cfac12', 'pid': 495012, 'process_start_ticks': 25845177, 'tid': 495012, 'start_ticks': 25845177}], 'process_before': {'pid': 495012, 'pgid': 495012, 'start_ticks': 25845177}, 'process_after': {'pid': 495012, 'pgid': 495012, 'start_ticks': 25845177}, 'state': 'live', 'creation_parent': 465812, 'creation_event': 'owned descendant censu

======================================================================
FAIL: test_l10_stalled_body (test_vipe_benchmark_supervisor.HelperSessionTests.test_l10_stalled_body)
----------------------------------------------------------------------
Traceback (most recent call last):
  File "/home/auss/git_repos/samaust/Experiments_4DGS/tests/test_vipe_benchmark_supervisor.py", line 1358, in test_l10_stalled_body
    def test_l10_stalled_body(self): self.reject_ready('L10','stalled_body')
                                     ~~~~~~~~~~~~~~~~~^^^^^^^^^^^^^^^^^^^^^^
  File "/home/auss/git_repos/samaust/Experiments_4DGS/tests/test_vipe_benchmark_supervisor.py", line 1274, in reject_ready
    self.assertLessEqual(max(b-a for a,b in zip(session.ticks,session.ticks[1:])),.1)
    ~~~~~~~~~~~~~~~~~~~~^^^^^^^^^^^^^^^^^^^^^^^^^^^^^^^^^^^^^^^^^^^^^^^^^^^^^^^^^^^^^
AssertionError: 0.10852124998928048 not less than or equal to 0.1
timing_or_cleanup_check_4: AssertionError: Lists differ: [{'operation': 'close', 'message': '201042[111 chars]898}] != []

First list contains 1 additional elements.
First extra element 0:
{'operation': 'close', 'message': '201042.42009996 not less than or equal to 201042.418155709', 'returned': 201042.42009996, 'deadline': 201042.31815570898}

+ []
- [{'deadline': 201042.31815570898,
-   'message': '201042.42009996 not less than or equal to 201042.418155709',
-   'operation': 'close',
-   'returned': 201042.42009996}] : {'scenario': 'L10', 'mode': 'stalled_body', 'constructor_entry': 201042.018133502, 'action_cutoff': 201044.018133502, 'safety_cutoff': 201045.018133502, 'constructor_end': 201042.126664859, 't0': 201042.018155709, 'ready_deadline': 201042.09815570898, 'setup_deadline': 201042.198155709, 'setup_cleanup_deadline': 201042.31815570898, 'action_end': 201042.420124577, 'end': 201042.420134797, 'execution_seconds': 0.4019910750212148, 'cleanup_seconds': 1.021998468786478e-05, 'cleanup_confirmed': True, 'records': {'work': {'role': 'work', 'state': 'pending', 'pid': None, 'failed': True}, 'sample': {'role': 'sample', 'state': 'pending', 'pid': None}}, 'errors': [{'error_class': 'TimeoutError', 'message': 'progress original work deadline', 'phase': 'startup'}], 'signals': [], 'ticks': [201042.018155709, 201042.126676959], 'events': [{'event': 'fixture_spawn_entry', 'role': 'work', 'observed': 201042.06110772, 'ready_deadline': 201042.09815570898}, {'event': 'owned_dispatch', 'role': 'work', 'processes': [{'boot_id': 'ba1b4efe-ee43-4088-86df-706c41cfac12', 'pid': 495012, 'ppid': 465812, 'pgid': 495012, 'start_ticks': 25845177, 'threads': [495012], 'thread_identities': [{'boot_id': 'ba1b4efe-ee43-4088-86df-706c41cfac12', 'pid': 495012, 'process_start_ticks': 25845177, 'tid': 495012, 'start_ticks': 25845177}], 'process_before': {'pid': 495012, 'pgid': 495012, 'start_ticks': 25845177}, 'process_after': {'pid': 495012, 'pgid': 495012, 'start_ticks': 25845177}, 'state': 'live', 'creation_parent': 465812, 'creation_event': 'owned descendant census'}, {'b

======================================================================
FAIL: test_l11_eof_midframe (test_vipe_benchmark_supervisor.HelperSessionTests.test_l11_eof_midframe)
----------------------------------------------------------------------
Traceback (most recent call last):
  File "/home/auss/git_repos/samaust/Experiments_4DGS/tests/test_vipe_benchmark_supervisor.py", line 1359, in test_l11_eof_midframe
    def test_l11_eof_midframe(self): self.reject_ready('L11','eof_frame')
                                     ~~~~~~~~~~~~~~~~~^^^^^^^^^^^^^^^^^^^
  File "/home/auss/git_repos/samaust/Experiments_4DGS/tests/test_vipe_benchmark_supervisor.py", line 1274, in reject_ready
    self.assertLessEqual(max(b-a for a,b in zip(session.ticks,session.ticks[1:])),.1)
    ~~~~~~~~~~~~~~~~~~~~^^^^^^^^^^^^^^^^^^^^^^^^^^^^^^^^^^^^^^^^^^^^^^^^^^^^^^^^^^^^^
AssertionError: 0.10963284299941733 not less than or equal to 0.1
timing_or_cleanup_check_4: AssertionError: Lists differ: [{'operation': 'close', 'message': '201042[111 chars]712}] != []

First list contains 1 additional elements.
First extra element 0:
{'operation': 'close', 'message': '201042.827202174 not less than or equal to 201042.821972712', 'returned': 201042.827202174, 'deadline': 201042.721972712}

+ []
- [{'deadline': 201042.721972712,
-   'message': '201042.827202174 not less than or equal to 201042.821972712',
-   'operation': 'close',
-   'returned': 201042.827202174}] : {'scenario': 'L11', 'mode': 'eof_frame', 'constructor_entry': 201042.421950541, 'action_cutoff': 201044.421950541, 'safety_cutoff': 201045.421950541, 'constructor_end': 201042.531592552, 't0': 201042.421972712, 'ready_deadline': 201042.501972712, 'setup_deadline': 201042.601972712, 'setup_cleanup_deadline': 201042.721972712, 'action_end': 201042.827227621, 'end': 201042.827237129, 'execution_seconds': 0.4052770799899008, 'cleanup_seconds': 9.508017683401704e-06, 'cleanup_confirmed': True, 'records': {'work': {'role': 'work', 'state': 'pending', 'pid': None, 'failed': True}, 'sample': {'role': 'sample', 'state': 'pending', 'pid': None}}, 'errors': [{'error_class': 'TimeoutError', 'message': 'progress original work deadline', 'phase': 'startup'}], 'signals': [], 'ticks': [201042.421972712, 201042.531605555], 'events': [{'event': 'fixture_spawn_entry', 'role': 'work', 'observed': 201042.465593649, 'ready_deadline': 201042.501972712}, {'event': 'owned_dispatch', 'role': 'work', 'processes': [{'boot_id': 'ba1b4efe-ee43-4088-86df-706c41cfac12', 'pid': 495012, 'ppid': 465812, 'pgid': 495012, 'start_ticks': 25845177, 'threads': [495012], 'thread_identities': [{'boot_id': 'ba1b4efe-ee43-4088-86df-706c41cfac12', 'pid': 495012, 'process_start_ticks': 25845177, 'tid': 495012, 'start_ticks': 25845177}], 'process_before': {'pid': 495012, 'pgid': 495012, 'start_ticks': 25845177}, 'process_after': {'pid': 495012, 'pgid': 495012, 'start_ticks': 25845177}, 'state': 'live', 'creation_parent': 465812, 'creation_event': 'owned descendant census'}, {'boot_id':

======================================================================
FAIL: test_l13_oversized_frame (test_vipe_benchmark_supervisor.HelperSessionTests.test_l13_oversized_frame)
----------------------------------------------------------------------
Traceback (most recent call last):
  File "/home/auss/git_repos/samaust/Experiments_4DGS/tests/test_vipe_benchmark_supervisor.py", line 1375, in test_l13_oversized_frame
    def test_l13_oversized_frame(self): self.reject_ready('L13','oversized')
                                        ~~~~~~~~~~~~~~~~~^^^^^^^^^^^^^^^^^^^
  File "/home/auss/git_repos/samaust/Experiments_4DGS/tests/test_vipe_benchmark_supervisor.py", line 1274, in reject_ready
    self.assertLessEqual(max(b-a for a,b in zip(session.ticks,session.ticks[1:])),.1)
    ~~~~~~~~~~~~~~~~~~~~^^^^^^^^^^^^^^^^^^^^^^^^^^^^^^^^^^^^^^^^^^^^^^^^^^^^^^^^^^^^^
AssertionError: 0.11302657300257124 not less than or equal to 0.1
timing_or_cleanup_check_4: AssertionError: Lists differ: [{'operation': 'close', 'message': '201044[111 chars]488}] != []

First list contains 1 additional elements.
First extra element 0:
{'operation': 'close', 'message': '201044.422549316 not less than or equal to 201044.405032488', 'returned': 201044.422549316, 'deadline': 201044.305032488}

+ []
- [{'deadline': 201044.305032488,
-   'message': '201044.422549316 not less than or equal to 201044.405032488',
-   'operation': 'close',
-   'returned': 201044.422549316}] : {'scenario': 'L13', 'mode': 'oversized', 'constructor_entry': 201044.005010611, 'action_cutoff': 201046.005010611, 'safety_cutoff': 201047.005010611, 'constructor_end': 201044.118044085, 't0': 201044.005032488, 'ready_deadline': 201044.085032488, 'setup_deadline': 201044.185032488, 'setup_cleanup_deadline': 201044.305032488, 'action_end': 201044.422572908, 'end': 201044.422582556, 'execution_seconds': 0.41756229699240066, 'cleanup_seconds': 9.648007107898593e-06, 'cleanup_confirmed': True, 'records': {'work': {'role': 'work', 'state': 'pending', 'pid': None, 'failed': True}, 'sample': {'role': 'sample', 'state': 'pending', 'pid': None}}, 'errors': [{'error_class': 'TimeoutError', 'message': 'progress original work deadline', 'phase': 'startup'}], 'signals': [], 'ticks': [201044.005032488, 201044.118059061], 'events': [{'event': 'fixture_spawn_entry', 'role': 'work', 'observed': 201044.050196797, 'ready_deadline': 201044.085032488}, {'event': 'owned_dispatch', 'role': 'work', 'processes': [{'boot_id': 'ba1b4efe-ee43-4088-86df-706c41cfac12', 'pid': 495012, 'ppid': 465812, 'pgid': 495012, 'start_ticks': 25845177, 'threads': [495012], 'thread_identities': [{'boot_id': 'ba1b4efe-ee43-4088-86df-706c41cfac12', 'pid': 495012, 'process_start_ticks': 25845177, 'tid': 495012, 'start_ticks': 25845177}], 'process_before': {'pid': 495012, 'pgid': 495012, 'start_ticks': 25845177}, 'process_after': {'pid': 495012, 'pgid': 495012, 'start_ticks': 25845177}, 'state': 'live', 'creation_parent': 465812, 'creation_event': 'owned descendant census'}, {'boot_id'

======================================================================
FAIL: test_l14_wrong_correlation (test_vipe_benchmark_supervisor.HelperSessionTests.test_l14_wrong_correlation)
----------------------------------------------------------------------
Traceback (most recent call last):
  File "/home/auss/git_repos/samaust/Experiments_4DGS/tests/test_vipe_benchmark_supervisor.py", line 1376, in test_l14_wrong_correlation
    def test_l14_wrong_correlation(self): self.reject_ready('L14','wrong_role')
                                          ~~~~~~~~~~~~~~~~~^^^^^^^^^^^^^^^^^^^^
  File "/home/auss/git_repos/samaust/Experiments_4DGS/tests/test_vipe_benchmark_supervisor.py", line 1274, in reject_ready
    self.assertLessEqual(max(b-a for a,b in zip(session.ticks,session.ticks[1:])),.1)
    ~~~~~~~~~~~~~~~~~~~~^^^^^^^^^^^^^^^^^^^^^^^^^^^^^^^^^^^^^^^^^^^^^^^^^^^^^^^^^^^^^
AssertionError: 0.11497757100732997 not less than or equal to 0.1
timing_or_cleanup_check_4: AssertionError: Lists differ: [{'operation': 'close', 'message': '201044[111 chars]686}] != []

First list contains 1 additional elements.
First extra element 0:
{'operation': 'close', 'message': '201044.855537331 not less than or equal to 201044.824478686', 'returned': 201044.855537331, 'deadline': 201044.724478686}

+ []
- [{'deadline': 201044.724478686,
-   'message': '201044.855537331 not less than or equal to 201044.824478686',
-   'operation': 'close',
-   'returned': 201044.855537331}] : {'scenario': 'L14', 'mode': 'wrong_role', 'constructor_entry': 201044.424457603, 'action_cutoff': 201046.424457603, 'safety_cutoff': 201047.424457603, 'constructor_end': 201044.539442551, 't0': 201044.424478686, 'ready_deadline': 201044.504478686, 'setup_deadline': 201044.604478686, 'setup_cleanup_deadline': 201044.724478686, 'action_end': 201044.8555667, 'end': 201044.855576502, 'execution_seconds': 0.4311090970004443, 'cleanup_seconds': 9.802024578675628e-06, 'cleanup_confirmed': True, 'records': {'work': {'role': 'work', 'state': 'pending', 'pid': None, 'failed': True}, 'sample': {'role': 'sample', 'state': 'pending', 'pid': None}}, 'errors': [{'error_class': 'TimeoutError', 'message': 'progress original work deadline', 'phase': 'startup'}], 'signals': [], 'ticks': [201044.424478686, 201044.539456257], 'events': [{'event': 'fixture_spawn_entry', 'role': 'work', 'observed': 201044.47029674, 'ready_deadline': 201044.504478686}, {'event': 'owned_dispatch', 'role': 'work', 'processes': [{'boot_id': 'ba1b4efe-ee43-4088-86df-706c41cfac12', 'pid': 495012, 'ppid': 465812, 'pgid': 495012, 'start_ticks': 25845177, 'threads': [495012], 'thread_identities': [{'boot_id': 'ba1b4efe-ee43-4088-86df-706c41cfac12', 'pid': 495012, 'process_start_ticks': 25845177, 'tid': 495012, 'start_ticks': 25845177}], 'process_before': {'pid': 495012, 'pgid': 495012, 'start_ticks': 25845177}, 'process_after': {'pid': 495012, 'pgid': 495012, 'start_ticks': 25845177}, 'state': 'live', 'creation_parent': 465812, 'creation_event': 'owned descendant census'}, {'boot_id': '

======================================================================
FAIL: test_l25_delayed_actual_reserve (test_vipe_benchmark_supervisor.HelperSessionTests.test_l25_delayed_actual_reserve)
----------------------------------------------------------------------
TimeoutError: S1 monitor tick overrun

During handling of the above exception, another exception occurred:

Traceback (most recent call last):
  File "/home/auss/git_repos/samaust/Experiments_4DGS/tests/test_vipe_benchmark_supervisor.py", line 1513, in test_l25_delayed_actual_reserve
    def test_l25_delayed_actual_reserve(self): self.admission_rejected('L25',False)
                                               ~~~~~~~~~~~~~~~~~~~~~~~^^^^^^^^^^^^^
  File "/home/auss/git_repos/samaust/Experiments_4DGS/tests/test_vipe_benchmark_supervisor.py", line 1503, in admission_rejected
    with self.assertRaisesRegex(TimeoutError,'setup admission deadline'):
         ~~~~~~~~~~~~~~~~~~~~~~^^^^^^^^^^^^^^^^^^^^^^^^^^^^^^^^^^^^^^^^^
AssertionError: "setup admission deadline" does not match "S1 monitor tick overrun"

======================================================================
FAIL: test_l26_equal_actual_reserve (test_vipe_benchmark_supervisor.HelperSessionTests.test_l26_equal_actual_reserve)
----------------------------------------------------------------------
TimeoutError: S1 monitor tick overrun

During handling of the above exception, another exception occurred:

Traceback (most recent call last):
  File "/home/auss/git_repos/samaust/Experiments_4DGS/tests/test_vipe_benchmark_supervisor.py", line 1514, in test_l26_equal_actual_reserve
    def test_l26_equal_actual_reserve(self): self.admission_rejected('L26',True)
                                             ~~~~~~~~~~~~~~~~~~~~~~~^^^^^^^^^^^^
  File "/home/auss/git_repos/samaust/Experiments_4DGS/tests/test_vipe_benchmark_supervisor.py", line 1503, in admission_rejected
    with self.assertRaisesRegex(TimeoutError,'setup admission deadline'):
         ~~~~~~~~~~~~~~~~~~~~~~^^^^^^^^^^^^^^^^^^^^^^^^^^^^^^^^^^^^^^^^^
AssertionError: "setup admission deadline" does not match "S1 monitor tick overrun"

======================================================================
FAIL: test_l36_ambiguous_native_start_retained (test_vipe_benchmark_supervisor.HelperSessionTests.test_l36_ambiguous_native_start_retained)
----------------------------------------------------------------------
Traceback (most recent call last):
  File "/home/auss/git_repos/samaust/Experiments_4DGS/tests/test_vipe_benchmark_supervisor.py", line 1724, in test_l36_ambiguous_native_start_retained
    self.assertTrue(acquired)
    ~~~~~~~~~~~~~~~^^^^^^^^^^
AssertionError: [] is not true
L36 secondary: {'operation': 'retire_acquired', 'error_class': 'ValueError', 'message': 'different job handle'}
L36 secondary: {'operation': 'original_cleanup_assertions', 'error_class': 'AssertionError', 'message': 'False is not true'}

======================================================================
FAIL: test_progress_plan046_launch_deadline (test_vipe_benchmark_supervisor.HelperSessionTests.test_progress_plan046_launch_deadline) (kind='before', offset=-0.001)
----------------------------------------------------------------------
Traceback (most recent call last):
  File "/home/auss/git_repos/samaust/Experiments_4DGS/tests/test_vipe_benchmark_supervisor.py", line 2248, in test_progress_plan046_launch_deadline
    self.assertEqual(len(started),1 if case['kind']=='before' else 0)
    ~~~~~~~~~~~~~~~~^^^^^^^^^^^^^^^^^^^^^^^^^^^^^^^^^^^^^^^^^^^^^^^^^
AssertionError: 0 != 1

======================================================================
FAIL: test_progress_plan047_deadline_steps (test_vipe_benchmark_supervisor.HelperSessionTests.test_progress_plan047_deadline_steps) (operation='worker_popen', when='before')
----------------------------------------------------------------------
Traceback (most recent call last):
  File "/home/auss/git_repos/samaust/Experiments_4DGS/tests/test_vipe_benchmark_supervisor.py", line 3838, in test_progress_plan047_deadline_steps
    self.assertEqual(len(started),0 if expected_late else 1);observed=outcome['error']
    ~~~~~~~~~~~~~~~~^^^^^^^^^^^^^^^^^^^^^^^^^^^^^^^^^^^^^^^^
AssertionError: 0 != 1

======================================================================
FAIL: test_progress_plan047_deadline_steps (test_vipe_benchmark_supervisor.HelperSessionTests.test_progress_plan047_deadline_steps) (operation='worker_popen', when='equal')
----------------------------------------------------------------------
Traceback (most recent call last):
  File "/home/auss/git_repos/samaust/Experiments_4DGS/tests/test_vipe_benchmark_supervisor.py", line 3891, in test_progress_plan047_deadline_steps
    self.assertIn(name,before_controls)
    ~~~~~~~~~~~~~^^^^^^^^^^^^^^^^^^^^^^
AssertionError: 'worker_popen' not found in {'checkpoint_write': {'spec': {'target': {'operation': 'write', 'stage': 'write', 'phase': 'checkpoint'}, 'successor': {'operation': 'flush', 'stage': 'flush', 'phase': 'checkpoint'}}, 'target': [{'role': 'target', 'operation': 'write', 'stage': 'write', 'entered': 204657.334665892, 'completed': True, 'exited': 204657.334665892}], 'successor': [{'role': 'successor', 'operation': 'flush', 'stage': 'flush', 'entered': 204657.334665892, 'completed': True, 'exited': 204657.334665892}], 'predecessor': {'operation': 'checkpoint/fdopen', 'entered_before': 201087.425518326, 'returned_at': 204657.334665892}}, 'checkpoint_flush': {'spec': {'target': {'operation': 'flush', 'stage': 'flush', 'phase': 'checkpoint'}, 'successor': {'operation': 'fsync', 'stage': 'file_fsync', 'phase': 'checkpoint'}}, 'target': [{'role': 'target', 'operation': 'flush', 'stage': 'flush', 'entered': 204657.62688792602, 'completed': True, 'exited': 204657.62688792602}], 'successor': [{'role': 'successor', 'operation': 'fsync', 'stage': 'file_fsync', 'entered': 204657.62688792602, 'completed': True, 'exited': 204657.62688792602}], 'predecessor': {'operation': 'write/write', 'entered_before': 201087.718094985, 'returned_at': 204657.62688792602}}, 'checkpoint_fsync': {'spec': {'target': {'operation': 'fsync', 'stage': 'file_fsync', 'phase': 'checkpoint'}, 'successor': {'operation': 'close', 'stage': 'close', 'phase': 'checkpoint'}}, 'target': [{'role': 'target', 'operation': 'fsync', 'stage': 'file_fsync', 'entered': 204657.918465956, 'completed': True, 'exited': 204657.918465956}], 'successor': [{'role': 'successor', 'operation': 'close', 'stage': 'close', 'entered': 204657.918465956, 'completed': True, 'exited': 204657.918465956}], 'predecessor': {'operation': 'flush/flush', 'entered_before': 201088.011875344, 'returned_at': 204657.918465956}}, 'checkpoint_close': {'spec': {'target': {'operation': 'close', 'stage': 'close', 'phase': 'checkpoint'}, 'successor': {'operation': 'read_bytes', 'stage': 'close_readback', 'phase': 'checkpoint'}}, 'target': [{'role': 'target', 'operation': 'close', 'stage': 'close', 'entered': 204658.227216575, 'completed': True, 'exited': 204658.227216575}], 'successor': [{'role': 'successor', 'operation': 'read_bytes', 'stage': 'close_readback', 'entered': 204658.227216575, 'completed': True, 'exited': 204658.227216575}], 'predecessor': {'operation': 'file_fsync/fsync', 'entered_before': 201088.327928393, 'returned_at': 204658.227216575}}, 'checkpoint_readback': {'spec': {'target': {'operation': 'read_bytes', 'stage': 'close_readback', 'phase': 'checkpoint'}, 'successor': {'operation': 'record', 'stage': 'close_readback', 'phase': 'checkpoint'}}, 'target': [{'role': 'target', 'operation': 'read_bytes', 'stage': 'close_readback', 'entered': 204658.537226721, 'completed': True, 'exited': 204658.537226721}], 'successor': [{'role': 'successor', 'operation': 'record', 'stage': 'close_readback', 'entered': 204658.537226721, 'completed': True, 'exited': 204658.537226721}], 'predecessor': {'operation': 'close/close', 'entered_before': 201088.637326712, 'returned_at': 204658.537226721}}, 'head_write': {'spec': {'target': {'operation': 'write', 'stage': 'write', 'phase': 'head'}, 'successor': {'operation': 'flush', 'stage': 'flush', 'phase': 'head'}}, 'target': [{'role': 'target', 'operation': 'write', 'stage': 'write', 'entered': 204658.84488449, 'completed': True, 'exited': 204658.84488449}], 'successor': [{'role': 'successor', 'operation': 'flush', 'stage': 'flush', 'entered': 204658.84488449, 'completed': True, 'exited': 204658.84488449}], 'predecessor': {'operation': 'head/fdopen', 'entered_before': 201088.940925599, 'returned_at': 204658.84488449}}, 'head_flush': {'spec': {'target': {'operation': 'flush', 'stage': 'flush', 'phase': 'head'}, 'successor': {'operation': 'fsync', 'stage': 'file_fsync', 'phase': 'head'}}, 'target': [{'role': 'target', 'operation': 'flush', 'stage': 'flush', 'entered': 204659.161210518, 'completed': True, 'exited': 204659.161210518}], 'successor': [{'role': 'successor', 'operation': 'fsync', 'stage': 'file_fsync', 'entered': 204659.161210518, 'completed': True, 'exited': 204659.161210518}], 'predecessor': {'operation': 'write/write', 'entered_before': 201089.259124148, 'returned_at': 204659.161210518}}, 'head_fsync': {'spec': {'target': {'operation': 'fsync', 'stage': 'file_fsync', 'phase': 'head'}, 'successor': {'operation': 'close', 'stage': 'close', 'phase': 'head'}}, 'target': [{'role': 'target', 'operation': 'fsync', 'stage': 'file_fsync', 'entered': 204659.507078224, 'completed': True, 'exited': 204659.507078224}], 'successor': [{'role': 'successor', 'operation': 'close', 'stage': 'close', 'entered': 204659.507078224, 'completed': True, 'exited': 204659.507078224}], 'predecessor': {'operation': 'flush/flush', 'entered_before': 201089.601243627, 'returned_at': 204659.507078224}}, 'head_close': {'spec': {'target': {'operation': 'close', 'stage': 'close', 'phase': 'head'}, 'successor': {'operation': 'read_bytes', 'stage': 'close_readback', 'phase': 'head'}}, 'target': [{'role': 'target', 'operation': 'close', 'stage': 'close', 'entered': 204659.83346714702, 'completed': True, 'exited': 204659.83346714702}], 'successor': [{'role': 'successor', 'operation': 'read_bytes', 'stage': 'close_readback', 'entered': 204659.83346714702, 'completed': True, 'exited': 204659.83346714702}], 'predecessor': {'operation': 'file_fsync/fsync', 'entered_before': 201089.938208606, 'returned_at': 204659.83346714702}}, 'head_readback': {'spec': {'target': {'operation': 'read_bytes', 'stage': 'close_readback', 'phase': 'head'}, 'successor': {'operation': 'record', 'stage': 'close_readback', 'phase': 'head'}}, 'target': [{'role': 'target', 'operation': 'read_bytes', 'stage': 'close_readback', 'entered': 204660.174078098, 'completed': True, 'exited': 204660.174078098}], 'successor': [{'role': 'successor', 'operation': 'record', 'stage': 'close_readback', 'entered': 204660.174078098, 'completed': True, 'exited': 204660.174078098}], 'predecessor': {'operation': 'close/close', 'entered_before': 201090.275076175, 'returned_at': 204660.174078098}}, 'generation_install': {'spec': {'target': {'module': 'os', 'operation': 'link'}, 'successor': {'module': 'os', 'operation': 'unlink'}}, 'target': [{'role': 'target', 'operation': 'link', 'entered': 204660.515231967, 'stage': 'generation_install', 'completed': True, 'exited': 204660.515231967}], 'successor': [{'role': 'successor', 'operation': 'unlink', 'entered': 204660.515231967, 'stage': 'generation_install', 'completed': True, 'exited': 204660.515231967}], 'predecessor': {'operation': '/tmp/tmpvm2f67fa/30/jobs/S1-progress-ff8f7d9b419d4479a35e07afa85f64d9/worker/checkpoint.tmp/durable_write_return', 'entered_before': 201090.619733325, 'returned_at': 204660.515231967}}, 'generation_dir_fsync': {'spec': {'target': {'module': 'vipe_benchmark.s1_progress', 'operation': 'fsync_dir'}, 'successor': {'module': 'vipe_benchmark.s1_progress', 'operation': 'record'}}, 'target': [{'role': 'target', 'operation': 'fsync_dir', 'entered': 204660.850933065, 'stage': 'generation_directory_fsync', 'completed': True, 'exited': 204660.850933065}], 'successor': [{'role': 'successor', 'operation': 'record', 'entered': 204660.850933065, 'stage': 'generation_directory_fsync', 'completed': True, 'exited': 204660.850933065}], 'predecessor': {'operation': 'generation_install/unlink', 'entered_before': 201090.949426811, 'returned_at': 204660.850933065}}, 'generation_reopen_hash': {'spec': {'target': {'module': 'vipe_benchmark.s1_progress', 'operation': 'read_record'}, 'successor': {'module': 'vipe_benchmark.s1_progress', 'operation': 'encode'}}, 'target': [{'role': 'target', 'operation': 'read_record', 'entered': 204661.165637267, 'stage': 'generation_reopen_hash', 'completed': True, 'exited': 204661.165637267}], 'successor': [{'role': 'successor', 'operation': 'encode', 'entered': 204661.165637267, 'stage': 'generation_reopen_hash', 'completed': True, 'exited': 204661.165637267}], 'predecessor': {'operation': 'generation_directory_fsync/record', 'entered_before': 201091.26693964, 'returned_at': 204661.165637267}}, 'head_install': {'spec': {'target': {'module': 'os', 'operation': 'replace'}, 'successor': {'module': 'vipe_benchmark.s1_progress', 'operation': 'fsync_dir'}}, 'target': [{'role': 'target', 'operation': 'replace', 'entered': 204661.488296696, 'stage': 'head_install', 'completed': True, 'exited': 204661.488296696}], 'successor': [{'role': 'successor', 'operation': 'fsync_dir', 'entered': 204661.488296696, 'stage': 'head_directory_fsync', 'completed': True, 'exited': 204661.488296696}], 'predecessor': {'operation': '/tmp/tmpvm2f67fa/39/jobs/S1-progress-066a730c97e54be29d81cd6d2d5a0bd5/worker/head.tmp/durable_write_return', 'entered_before': 201091.582354245, 'returned_at': 204661.488296696}}, 'head_dir_fsync': {'spec': {'target': {'module': 'vipe_benchmark.s1_progress', 'operation': 'fsync_dir'}, 'successor': {'module': 'vipe_benchmark.s1_progress', 'operation': 'record'}}, 'target': [{'role': 'target', 'operation': 'fsync_dir', 'entered': 204661.79452253602, 'stage': 'head_directory_fsync', 'completed': True, 'exited': 204661.79452253602}], 'successor': [{'role': 'successor', 'operation': 'record', 'entered': 204661.79452253602, 'stage': 'head_directory_fsync', 'completed': True, 'exited': 204661.79452253602}], 'predecessor': {'operation': 'head_install/replace', 'entered_before': 201091.889754422, 'returned_at': 204661.79452253602}}, 'final_head_read': {'spec': {'target': {'module': 'vipe_benchmark.s1_progress', 'operation': 'read_record'}, 'successor': {'module': 'vipe_benchmark.s1_progress', 'operation': 'read_record'}}, 'target': [{'role': 'target', 'operation': 'read_record', 'entered': 204662.10790143002, 'stage': 'final_head_read', 'completed': True, 'exited': 204662.10790143002}], 'successor': [{'role': 'successor', 'operation': 'read_record', 'entered': 204662.10790143002, 'stage': 'final_generation_read', 'completed': True, 'exited': 204662.10790143002}], 'predecessor': {'operation': 'head_directory_fsync/record', 'entered_before': 201092.201848956, 'returned_at': 204662.10790143002}}, 'final_generation_read': {'spec': {'target': {'module': 'vipe_benchmark.s1_progress', 'operation': 'read_record'}, 'successor': {'module': 'vipe_benchmark.s1_progress', 'operation': 'encode'}}, 'target': [{'role': 'target', 'operation': 'read_record', 'entered': 204662.41539234802, 'stage': 'final_generation_read', 'completed': True, 'exited': 204662.41539234802}], 'successor': [{'role': 'successor', 'operation': 'encode', 'entered': 204662.41539234802, 'stage': 'final_generation_read', 'completed': True, 'exited': 204662.41539234802}], 'predecessor': {'operation': 'final_head_read/read_record', 'entered_before': 201092.509139748, 'returned_at': 204662.41539234802}}, 'notice_send': {'spec': {'target': {'operation': 'publisher.sendto'}, 'successor': {'module': 'vipe_benchmark.s1_progress', 'operation': 'receive'}}, 'target': [{'role': 'target', 'operation': 'sendto', 'entered': 204662.748080505, 'stage': 'notice_send', 'completed': True, 'exited': 204662.748080505}], 'successor': [{'role': 'successor', 'operation': 'receive', 'entered': 204662.748080505, 'stage': 'notice_receive', 'completed': True, 'exited': 204662.748080505}, {'role': 'successor', 'operation': 'receive', 'entered': 204662.748080505, 'stage': 'ack_receipt', 'completed': True, 'exited': 204662.748080505}], 'predecessor': {'operation': 's1-progress-notice/v1/encode', 'entered_before': 204662.499080505, 'returned_at': 204662.748080505}}, 'owner_retention': {'spec': {'target': {'module': 'RetainedProgress', 'operation': 'acknowledge'}, 'successor': {'module': 'RetainedProgress', 'operation': 'retain'}}, 'target': [{'role': 'target', 'operation': 'acknowledge', 'entered': 204663.05499241402, 'stage': 'retention:after', 'completed': True, 'exited': 204663.05499241402}], 'successor': [{'role': 'successor', 'operation': 'retain', 'entered': 204663.05499241402, 'stage': 'retention:after', 'completed': True, 'exited': 204663.05499241402}], 'predecessor': {'operation': 's1-progress-ack/v1/encode', 'entered_before': 204662.805992414, 'returned_at': 204663.05499241402}}, 'ack_send': {'spec': {'target': {'operation': 'owner.sendto'}, 'successor': {'module': 'vipe_benchmark.s1_progress', 'operation': 'receive'}}, 'target': [{'role': 'target', 'operation': 'sendto', 'entered': 204663.380186183, 'stage': 'ack_send', 'completed': True, 'exited': 204663.380186183}], 'successor': [{'role': 'successor', 'operation': 'receive', 'entered': 204663.380186183, 'stage': 'ack_receipt', 'completed': True, 'exited': 204663.380186183}], 'predecessor': {'operation': 'RetainedProgress.retain', 'entered_before': 204663.131186183, 'returned_at': 204663.380186183}}, 'ack_receipt': {'spec': {'target': {'operation': 'ack_correlation', 'stage': 'ack_receipt:after'}, 'successor': {'operation': 'Publisher._publish diagnostics encode', 'stage': 'ack_receipt:after', 'after_target': True}, 'unrelated': {'operation': 'encode', 'classification': 'separately_recorded_not_successor'}}, 'target': [{'role': 'target', 'operation': 'ack_correlation', 'entered': 204663.701432392, 'stage': 'ack_receipt:after', 'completed': True, 'exited': 204663.701432392}], 'successor': [{'role': 'successor', 'operation': 'encode', 'stage': 'ack_receipt:after', 'publisher_diagnostics': True, 'after_target': True, 'entered': 204663.701432392, 'completed': True, 'exited': 204663.701432392}], 'predecessor': {'operation': 'matching_ack_receive', 'entered_before': 204663.452432392, 'returned_at': 204663.701432392}}, 'array_npy': {'spec': {'target': {'module': 'numpy', 'operation': 'save'}, 'successor': {'module': 'DeadlineSink', 'operation': 'write'}}, 'target': [{'role': 'target', 'operation': 'save', 'entered': 204664.016638056, 'stage': '', 'completed': True, 'exited': 204664.016638056}], 'successor': [{'role': 'successor', 'operation': 'write', 'entered': 204664.016638056, 'stage': '', 'completed': True, 'exited': 204664.016638056}, {'role': 'successor', 'operation': 'write', 'entered': 204664.016638056, 'stage': '', 'completed': True, 'exited': 204664.016638056}], 'predecessor': {'operation': 'array_unbuffered_open_return', 'entered_before': 201094.108762407, 'returned_at': 204664.016638056}}, 'array_png': {'spec': {'target': {'module': 'cv2', 'operation': 'imencode'}, 'successor': {'module': 'vipe_benchmark.s1_progress', 'operation': 'write_exclusive'}}, 'target': [{'role': 'target', 'operation': 'imencode', 'entered': 204664.301657908, 'stage': '', 'completed': True, 'exited': 204664.301657908}], 'successor': [{'role': 'successor', 'operation': 'write_exclusive', 'entered': 204664.301657908, 'stage': '', 'completed': True, 'exited': 204664.301657908}], 'predecessor': {'operation': 'png_destination_stat_return', 'entered_before': 201094.39964661, 'returned_at': 204664.301657908}}, 'npz_member': {'spec': {'target': {'module': 'ZipFile', 'operation': 'open'}, 'successor': {'module': 'numpy.lib.format', 'operation': 'write_array'}}, 'target': [{'role': 'target', 'operation': 'open', 'entered': 204664.599674963, 'stage': '', 'completed': True, 'exited': 204664.599674963}], 'successor': [{'role': 'successor', 'operation': 'write_array', 'entered': 204664.599674963, 'stage': '', 'completed': True, 'exited': 204664.599674963}], 'predecessor': {'operation': 'second_npz_array_conversion_return_before_member_open', 'entered_before': 201094.694963722, 'returned_at': 204664.599674963}}, 'npz_finalize': {'spec': {'target': {'module': 'ZipFile', 'operation': 'close'}, 'successor': {'module': 'DeadlineSink', 'operation': 'write'}}, 'target': [{'role': 'target', 'operation': 'close', 'entered': 204664.896966572, 'stage': '', 'completed': True, 'exited': 204664.896966572}], 'successor': [{'role': 'successor', 'operation': 'write', 'entered': 204664.896966572, 'stage': '', 'completed': True, 'exited': 204664.896966572}, {'role': 'successor', 'operation': 'write', 'entered': 204664.896966572, 'stage': '', 'completed': True, 'exited': 204664.896966572}, {'role': 'successor', 'operation': 'write', 'entered': 204664.896966572, 'stage': '', 'completed': True, 'exited': 204664.896966572}, {'role': 'successor', 'operation': 'write', 'entered': 204664.896966572, 'stage': '', 'completed': True, 'exited': 204664.896966572}, {'role': 'successor', 'operation': 'write', 'entered': 204664.896966572, 'stage': '', 'completed': True, 'exited': 204664.896966572}, {'role': 'successor', 'operation': 'write', 'entered': 204664.896966572, 'stage': '', 'completed': True, 'exited': 204664.896966572}, {'role': 'successor', 'operation': 'write', 'entered': 204664.896966572, 'stage': '', 'completed': True, 'exited': 204664.896966572}, {'role': 'successor', 'operation': 'write', 'entered': 204664.896966572, 'stage': '', 'completed': True, 'exited': 204664.896966572}, {'role': 'successor', 'operation': 'write', 'entered': 204664.896966572, 'stage': '', 'completed': True, 'exited': 204664.896966572}, {'role': 'successor', 'operation': 'write', 'entered': 204664.896966572, 'stage': '', 'completed': True, 'exited': 204664.896966572}], 'predecessor': {'operation': 'npz_member_2_close_return', 'entered_before': 201094.991342199, 'returned_at': 204664.896966572}}, 'array_hash': {'spec': {'target': {'module': 'vipe_benchmark.s1_progress', 'operation': 'checked_file_record'}, 'successor': {'module': 'vipe_benchmark.s1_progress', 'operation': 'read_bytes'}}, 'target': [{'role': 'target', 'operation': 'checked_file_record', 'entered': 204665.188780658, 'stage': '', 'completed': True, 'exited': 204665.188780658}], 'successor': [{'role': 'successor', 'operation': 'read_bytes', 'entered': 204665.188780658, 'stage': '', 'completed': True, 'exited': 204665.188780658}], 'predecessor': {'operation': 'array_normal_close_return_before_hash', 'entered_before': 201095.281109534, 'returned_at': 204665.188780658}}, 'produced_json': {'spec': {'target': {'module': 'vipe_benchmark.s1_progress', 'operation': 'encode'}, 'successor': {'module': 'vipe_benchmark.s1_progress', 'operation': 'write_exclusive'}}, 'target': [{'role': 'target', 'operation': 'encode', 'entered': 204665.477122037, 'stage': '', 'completed': True, 'exited': 204665.477122037}, {'role': 'target', 'operation': 'encode', 'entered': 204665.477122037, 'stage': '', 'completed': True, 'exited': 204665.477122037}, {'role': 'target', 'operation': 'encode', 'entered': 204665.477122037, 'stage': '', 'completed': True, 'exited': 204665.477122037}, {'role': 'target', 'operation': 'encode', 'entered': 204665.477122037, 'stage': '', 'completed': True, 'exited': 204665.477122037}], 'successor': [{'role': 'successor', 'operation': 'write_exclusive', 'entered': 204665.477122037, 'stage': '', 'completed': True, 'exited': 204665.477122037}], 'predecessor': {'operation': 'input_manifest_read_and_parse_return', 'entered_before': 201095.570625692, 'returned_at': 204665.477122037}}, 'produced_read': {'spec': {'target': {'module': 'vipe_benchmark.s1_progress', 'operation': 'read_record'}, 'successor': {'module': 'vipe_benchmark.s1_evidence', 'operation': 'produced_row'}}, 'target': [{'role': 'target', 'operation': 'read_record', 'entered': 204665.90869991702, 'stage': '', 'completed': True, 'exited': 204665.90869991702}], 'successor': [{'role': 'successor', 'operation': 'produced_row', 'entered': 204665.90869991702, 'stage': '', 'completed': True, 'exited': 204665.90869991702}], 'predecessor': {'operation': 'produced_row_durable_write_return', 'entered_before': 201096.002565306, 'returned_at': 204665.90869991702}}, 'produced_guard': {'spec': {'target': {'module': 'vipe_benchmark.s1_evidence', 'operation': 'produced_row'}, 'successor': {'module': 'Publisher', 'operation': 'seal'}}, 'target': [{'role': 'target', 'operation': 'produced_row', 'entered': 204666.31578194702, 'stage': '', 'completed': True, 'exited': 204666.31578194702}], 'successor': [{'role': 'successor', 'operation': 'seal', 'entered': 204666.31578194702, 'stage': '', 'completed': True, 'exited': 204666.31578194702}, {'role': 'successor', 'operation': 'seal', 'entered': 204666.31578194702, 'stage': '', 'completed': True, 'exited': 204666.31578194702}], 'predecessor': {'operation': 'produced_row_read_hash_parse_return', 'entered_before': 201096.407166656, 'returned_at': 204666.31578194702}}, 'qualified_guard': {'spec': {'target': {'module': 'vipe_benchmark.s1_evidence', 'operation': 'qualify_row'}, 'successor': {'module': 'vipe_benchmark.s1_progress', 'operation': 'write_exclusive'}}, 'target': [{'role': 'target', 'operation': 'qualify_row', 'entered': 204666.71343652502, 'stage': '', 'completed': True, 'exited': 204666.71343652502}], 'successor': [{'role': 'successor', 'operation': 'write_exclusive', 'entered': 204666.71343652502, 'stage': '', 'completed': True, 'exited': 204666.71343652502}], 'predecessor': {'operation': 'produced_guard_seal_ack_return', 'entered_before': 201096.804223943, 'returned_at': 204666.71343652502}}, 'first_guard': {'spec': {'target': {'module': 'vipe_benchmark.s1_evidence', 'operation': 'verify_first'}, 'successor': {'module': 'vipe_benchmark.s1_evidence', 'operation': 'qualify_runtime'}}, 'target': [{'role': 'target', 'operation': 'verify_first', 'entered': 204667.16322299402, 'stage': '', 'completed': True, 'exited': 204667.16322299402}], 'successor': [{'role': 'successor', 'operation': 'qualify_runtime', 'entered': 204667.16322299402, 'stage': '', 'completed': True, 'exited': 204667.16322299402}], 'predecessor': {'operation': 'first_metadata_read_parse_return', 'entered_before': 201097.254389319, 'returned_at': 204667.16322299402}}, 'runtime_guard': {'spec': {'target': {'module': 'vipe_benchmark.s1_evidence', 'operation': 'qualify_runtime'}, 'successor': {'module': 'vipe_benchmark.s1_recovery', 'operation': 'strict_record'}}, 'target': [{'role': 'target', 'operation': 'qualify_runtime', 'entered': 204668.197695139, 'stage': '', 'completed': True, 'exited': 204668.197695139}], 'successor': [{'role': 'successor', 'operation': 'strict_record', 'entered': 204668.197695139, 'stage': '', 'completed': True, 'exited': 204668.197695139}, {'role': 'successor', 'operation': 'strict_record', 'entered': 204668.197695139, 'stage': '', 'completed': True, 'exited': 204668.197695139}, {'role': 'successor', 'operation': 'strict_record', 'entered': 204668.197695139, 'stage': '', 'completed': True, 'exited': 204668.197695139}, {'role': 'successor', 'operation': 'strict_record', 'entered': 204668.197695139, 'stage': '', 'completed': True, 'exited': 204668.197695139}, {'role': 'successor', 'operation': 'strict_record', 'entered': 204668.197695139, 'stage': '', 'completed': True, 'exited': 204668.197695139}, {'role': 'successor', 'operation': 'strict_record', 'entered': 204668.197695139, 'stage': '', 'completed': True, 'exited': 204668.197695139}, {'role': 'successor', 'operation': 'strict_record', 'entered': 204668.197695139, 'stage': '', 'completed': True, 'exited': 204668.197695139}, {'role': 'successor', 'operation': 'strict_record', 'entered': 204668.197695139, 'stage': '', 'completed': True, 'exited': 204668.197695139}, {'role': 'successor', 'operation': 'strict_record', 'entered': 204668.197695139, 'stage': '', 'completed': True, 'exited': 204668.197695139}, {'role': 'successor', 'operation': 'strict_record', 'entered': 204668.197695139, 'stage': '', 'completed': True, 'exited': 204668.197695139}, {'role': 'successor', 'operation': 'strict_record', 'entered': 204668.197695139, 'stage': '', 'completed': True, 'exited': 204668.197695139}, {'role': 'successor', 'operation': 'strict_record', 'entered': 204668.197695139, 'stage': '', 'completed': True, 'exited': 204668.197695139}, {'role': 'successor', 'operation': 'strict_record', 'entered': 204668.197695139, 'stage': '', 'completed': True, 'exited': 204668.197695139}, {'role': 'successor', 'operation': 'strict_record', 'entered': 204668.197695139, 'stage': '', 'completed': True, 'exited': 204668.197695139}, {'role': 'successor', 'operation': 'strict_record', 'entered': 204668.197695139, 'stage': '', 'completed': True, 'exited': 204668.197695139}, {'role': 'successor', 'operation': 'strict_record', 'entered': 204668.197695139, 'stage': '', 'completed': True, 'exited': 204668.197695139}, {'role': 'successor', 'operation': 'strict_record', 'entered': 204668.197695139, 'stage': '', 'completed': True, 'exited': 204668.197695139}, {'role': 'successor', 'operation': 'strict_record', 'entered': 204668.197695139, 'stage': '', 'completed': True, 'exited': 204668.197695139}, {'role': 'successor', 'operation': 'strict_record', 'entered': 204668.197695139, 'stage': '', 'completed': True, 'exited': 204668.197695139}, {'role': 'successor', 'operation': 'strict_record', 'entered': 204668.197695139, 'stage': '', 'completed': True, 'exited': 204668.197695139}, {'role': 'successor', 'operation': 'strict_record', 'entered': 204668.197695139, 'stage': '', 'completed': True, 'exited': 204668.197695139}, {'role': 'successor', 'operation': 'strict_record', 'entered': 204668.197695139, 'stage': '', 'completed': True, 'exited': 204668.197695139}, {'role': 'successor', 'operation': 'strict_record', 'entered': 204668.197695139, 'stage': '', 'completed': True, 'exited': 204668.197695139}, {'role': 'successor', 'operation': 'strict_record', 'entered': 204668.197695139, 'stage': '', 'completed': True, 'exited': 204668.197695139}, {'role': 'successor', 'operation': 'strict_record', 'entered': 204668.197695139, 'stage': '', 'completed': True, 'exited': 204668.197695139}], 'predecessor': {'operation': 'runtime_metadata_read_parse_return', 'entered_before': 201098.293591531, 'returned_at': 204668.197695139}}, 'reuse_after_read': {'spec': {'target': {'module': 'vipe_benchmark.s1_evidence', 'operation': 'verify_first'}, 'successor': {'module': 'vipe_benchmark.s1_evidence', 'operation': 'qualify_runtime'}}, 'target': [{'role': 'target', 'operation': 'verify_first', 'entered': 204668.71351761502, 'stage': '', 'completed': True, 'exited': 204668.71351761502}, {'role': 'target', 'operation': 'verify_first', 'entered': 204668.71351761502, 'stage': '', 'completed': True, 'exited': 204668.71351761502}], 'successor': [{'role': 'successor', 'operation': 'qualify_runtime', 'entered': 204668.71351761502, 'stage': '', 'completed': True, 'exited': 204668.71351761502}, {'role': 'successor', 'operation': 'qualify_runtime', 'entered': 204668.71351761502, 'stage': '', 'completed': True, 'exited': 204668.71351761502}], 'predecessor': {'operation': 'first_metadata_read_parse_return', 'entered_before': 201098.801955353, 'returned_at': 204668.71351761502}}, 'cleanup_next_array': {'spec': {'target': {'module': 'numpy', 'operation': 'asanyarray'}, 'successor': {'module': 'ZipFile', 'operation': 'open'}}, 'target': [{'role': 'target', 'operation': 'asanyarray', 'entered': 204669.75888755202, 'stage': '', 'completed': True, 'exited': 204669.75888755202}], 'successor': [{'role': 'successor', 'operation': 'open', 'entered': 204669.75888755202, 'stage': '', 'completed': True, 'exited': 204669.75888755202}], 'predecessor': {'operation': 'npz_member_1_close_return', 'entered_before': 201099.848109216, 'returned_at': 204669.75888755202}}, 'accept_after_read': {'spec': {'target': {'module': 'vipe_benchmark.s1_evidence', 'operation': 'validate_result'}, 'successor': {'module': 'vipe_benchmark.s1_evidence', 'operation': 'verify_first'}}, 'target': [{'role': 'target', 'operation': 'validate_result', 'entered': 204670.510585804, 'stage': '', 'completed': True, 'exited': 204670.510585804}], 'successor': [{'role': 'successor', 'operation': 'verify_first', 'entered': 204670.510585804, 'stage': '', 'completed': True, 'exited': 204670.510585804}], 'predecessor': {'operation': 'accepted_request_read_parse_return', 'entered_before': 201100.157139647, 'returned_at': 204670.510585804}}, 'complete_after_read': {'spec': {'target': {'module': 'vipe_benchmark.s1_evidence', 'operation': 'evidence_counts'}, 'successor': {'module': 'vipe_benchmark.s1_evidence', 'operation': 'qualify_runtime'}}, 'target': [{'role': 'target', 'operation': 'evidence_counts', 'entered': 204670.510585804, 'stage': '', 'completed': True, 'exited': 204670.510585804}], 'successor': [{'role': 'successor', 'operation': 'qualify_runtime', 'entered': 204670.510585804, 'stage': '', 'completed': True, 'exited': 204670.510585804}, {'role': 'successor', 'operation': 'qualify_runtime', 'entered': 204670.510585804, 'stage': '', 'completed': True, 'exited': 204670.510585804}], 'predecessor': {'operation': 'acceptance_metadata_read_parse_return', 'entered_before': 201122.179680621, 'returned_at': 204670.510585804}}, 'next_input': {'spec': {'target': {'operation': 'load_rgb(frame62)'}, 'successor': {'operation': 'frame62 valid/native/raw'}}, 'target': [{'operation': 'load_rgb(frame62)', 'entered': 201239.33665684902, 'completed': True, 'exited': 201239.33665684902}], 'successor': [{'operation': 'frame62_valid_array', 'entered': 201239.33665684902, 'record': {'path': '/tmp/tmp4ndcqyrv/valid.npy', 'sha256': 'a67cf6012a57f3530aeb9524b85e40171bfb0fcdaa6dbc66e95356a30dcfc6a3', 'bytes': 518528}, 'context': 'second_input_validation'}], 'predecessor': {'operation': 'segment_frame50_print_return_before_frame62', 'entered_before': 201172.837656849, 'returned_at': 201239.33665684902}}}

======================================================================
FAIL: test_progress_plan047_deadline_steps (test_vipe_benchmark_supervisor.HelperSessionTests.test_progress_plan047_deadline_steps) (operation='worker_popen', when='after')
----------------------------------------------------------------------
Traceback (most recent call last):
  File "/home/auss/git_repos/samaust/Experiments_4DGS/tests/test_vipe_benchmark_supervisor.py", line 3891, in test_progress_plan047_deadline_steps
    self.assertIn(name,before_controls)
    ~~~~~~~~~~~~~^^^^^^^^^^^^^^^^^^^^^^
AssertionError: 'worker_popen' not found in {'checkpoint_write': {'spec': {'target': {'operation': 'write', 'stage': 'write', 'phase': 'checkpoint'}, 'successor': {'operation': 'flush', 'stage': 'flush', 'phase': 'checkpoint'}}, 'target': [{'role': 'target', 'operation': 'write', 'stage': 'write', 'entered': 204657.334665892, 'completed': True, 'exited': 204657.334665892}], 'successor': [{'role': 'successor', 'operation': 'flush', 'stage': 'flush', 'entered': 204657.334665892, 'completed': True, 'exited': 204657.334665892}], 'predecessor': {'operation': 'checkpoint/fdopen', 'entered_before': 201087.425518326, 'returned_at': 204657.334665892}}, 'checkpoint_flush': {'spec': {'target': {'operation': 'flush', 'stage': 'flush', 'phase': 'checkpoint'}, 'successor': {'operation': 'fsync', 'stage': 'file_fsync', 'phase': 'checkpoint'}}, 'target': [{'role': 'target', 'operation': 'flush', 'stage': 'flush', 'entered': 204657.62688792602, 'completed': True, 'exited': 204657.62688792602}], 'successor': [{'role': 'successor', 'operation': 'fsync', 'stage': 'file_fsync', 'entered': 204657.62688792602, 'completed': True, 'exited': 204657.62688792602}], 'predecessor': {'operation': 'write/write', 'entered_before': 201087.718094985, 'returned_at': 204657.62688792602}}, 'checkpoint_fsync': {'spec': {'target': {'operation': 'fsync', 'stage': 'file_fsync', 'phase': 'checkpoint'}, 'successor': {'operation': 'close', 'stage': 'close', 'phase': 'checkpoint'}}, 'target': [{'role': 'target', 'operation': 'fsync', 'stage': 'file_fsync', 'entered': 204657.918465956, 'completed': True, 'exited': 204657.918465956}], 'successor': [{'role': 'successor', 'operation': 'close', 'stage': 'close', 'entered': 204657.918465956, 'completed': True, 'exited': 204657.918465956}], 'predecessor': {'operation': 'flush/flush', 'entered_before': 201088.011875344, 'returned_at': 204657.918465956}}, 'checkpoint_close': {'spec': {'target': {'operation': 'close', 'stage': 'close', 'phase': 'checkpoint'}, 'successor': {'operation': 'read_bytes', 'stage': 'close_readback', 'phase': 'checkpoint'}}, 'target': [{'role': 'target', 'operation': 'close', 'stage': 'close', 'entered': 204658.227216575, 'completed': True, 'exited': 204658.227216575}], 'successor': [{'role': 'successor', 'operation': 'read_bytes', 'stage': 'close_readback', 'entered': 204658.227216575, 'completed': True, 'exited': 204658.227216575}], 'predecessor': {'operation': 'file_fsync/fsync', 'entered_before': 201088.327928393, 'returned_at': 204658.227216575}}, 'checkpoint_readback': {'spec': {'target': {'operation': 'read_bytes', 'stage': 'close_readback', 'phase': 'checkpoint'}, 'successor': {'operation': 'record', 'stage': 'close_readback', 'phase': 'checkpoint'}}, 'target': [{'role': 'target', 'operation': 'read_bytes', 'stage': 'close_readback', 'entered': 204658.537226721, 'completed': True, 'exited': 204658.537226721}], 'successor': [{'role': 'successor', 'operation': 'record', 'stage': 'close_readback', 'entered': 204658.537226721, 'completed': True, 'exited': 204658.537226721}], 'predecessor': {'operation': 'close/close', 'entered_before': 201088.637326712, 'returned_at': 204658.537226721}}, 'head_write': {'spec': {'target': {'operation': 'write', 'stage': 'write', 'phase': 'head'}, 'successor': {'operation': 'flush', 'stage': 'flush', 'phase': 'head'}}, 'target': [{'role': 'target', 'operation': 'write', 'stage': 'write', 'entered': 204658.84488449, 'completed': True, 'exited': 204658.84488449}], 'successor': [{'role': 'successor', 'operation': 'flush', 'stage': 'flush', 'entered': 204658.84488449, 'completed': True, 'exited': 204658.84488449}], 'predecessor': {'operation': 'head/fdopen', 'entered_before': 201088.940925599, 'returned_at': 204658.84488449}}, 'head_flush': {'spec': {'target': {'operation': 'flush', 'stage': 'flush', 'phase': 'head'}, 'successor': {'operation': 'fsync', 'stage': 'file_fsync', 'phase': 'head'}}, 'target': [{'role': 'target', 'operation': 'flush', 'stage': 'flush', 'entered': 204659.161210518, 'completed': True, 'exited': 204659.161210518}], 'successor': [{'role': 'successor', 'operation': 'fsync', 'stage': 'file_fsync', 'entered': 204659.161210518, 'completed': True, 'exited': 204659.161210518}], 'predecessor': {'operation': 'write/write', 'entered_before': 201089.259124148, 'returned_at': 204659.161210518}}, 'head_fsync': {'spec': {'target': {'operation': 'fsync', 'stage': 'file_fsync', 'phase': 'head'}, 'successor': {'operation': 'close', 'stage': 'close', 'phase': 'head'}}, 'target': [{'role': 'target', 'operation': 'fsync', 'stage': 'file_fsync', 'entered': 204659.507078224, 'completed': True, 'exited': 204659.507078224}], 'successor': [{'role': 'successor', 'operation': 'close', 'stage': 'close', 'entered': 204659.507078224, 'completed': True, 'exited': 204659.507078224}], 'predecessor': {'operation': 'flush/flush', 'entered_before': 201089.601243627, 'returned_at': 204659.507078224}}, 'head_close': {'spec': {'target': {'operation': 'close', 'stage': 'close', 'phase': 'head'}, 'successor': {'operation': 'read_bytes', 'stage': 'close_readback', 'phase': 'head'}}, 'target': [{'role': 'target', 'operation': 'close', 'stage': 'close', 'entered': 204659.83346714702, 'completed': True, 'exited': 204659.83346714702}], 'successor': [{'role': 'successor', 'operation': 'read_bytes', 'stage': 'close_readback', 'entered': 204659.83346714702, 'completed': True, 'exited': 204659.83346714702}], 'predecessor': {'operation': 'file_fsync/fsync', 'entered_before': 201089.938208606, 'returned_at': 204659.83346714702}}, 'head_readback': {'spec': {'target': {'operation': 'read_bytes', 'stage': 'close_readback', 'phase': 'head'}, 'successor': {'operation': 'record', 'stage': 'close_readback', 'phase': 'head'}}, 'target': [{'role': 'target', 'operation': 'read_bytes', 'stage': 'close_readback', 'entered': 204660.174078098, 'completed': True, 'exited': 204660.174078098}], 'successor': [{'role': 'successor', 'operation': 'record', 'stage': 'close_readback', 'entered': 204660.174078098, 'completed': True, 'exited': 204660.174078098}], 'predecessor': {'operation': 'close/close', 'entered_before': 201090.275076175, 'returned_at': 204660.174078098}}, 'generation_install': {'spec': {'target': {'module': 'os', 'operation': 'link'}, 'successor': {'module': 'os', 'operation': 'unlink'}}, 'target': [{'role': 'target', 'operation': 'link', 'entered': 204660.515231967, 'stage': 'generation_install', 'completed': True, 'exited': 204660.515231967}], 'successor': [{'role': 'successor', 'operation': 'unlink', 'entered': 204660.515231967, 'stage': 'generation_install', 'completed': True, 'exited': 204660.515231967}], 'predecessor': {'operation': '/tmp/tmpvm2f67fa/30/jobs/S1-progress-ff8f7d9b419d4479a35e07afa85f64d9/worker/checkpoint.tmp/durable_write_return', 'entered_before': 201090.619733325, 'returned_at': 204660.515231967}}, 'generation_dir_fsync': {'spec': {'target': {'module': 'vipe_benchmark.s1_progress', 'operation': 'fsync_dir'}, 'successor': {'module': 'vipe_benchmark.s1_progress', 'operation': 'record'}}, 'target': [{'role': 'target', 'operation': 'fsync_dir', 'entered': 204660.850933065, 'stage': 'generation_directory_fsync', 'completed': True, 'exited': 204660.850933065}], 'successor': [{'role': 'successor', 'operation': 'record', 'entered': 204660.850933065, 'stage': 'generation_directory_fsync', 'completed': True, 'exited': 204660.850933065}], 'predecessor': {'operation': 'generation_install/unlink', 'entered_before': 201090.949426811, 'returned_at': 204660.850933065}}, 'generation_reopen_hash': {'spec': {'target': {'module': 'vipe_benchmark.s1_progress', 'operation': 'read_record'}, 'successor': {'module': 'vipe_benchmark.s1_progress', 'operation': 'encode'}}, 'target': [{'role': 'target', 'operation': 'read_record', 'entered': 204661.165637267, 'stage': 'generation_reopen_hash', 'completed': True, 'exited': 204661.165637267}], 'successor': [{'role': 'successor', 'operation': 'encode', 'entered': 204661.165637267, 'stage': 'generation_reopen_hash', 'completed': True, 'exited': 204661.165637267}], 'predecessor': {'operation': 'generation_directory_fsync/record', 'entered_before': 201091.26693964, 'returned_at': 204661.165637267}}, 'head_install': {'spec': {'target': {'module': 'os', 'operation': 'replace'}, 'successor': {'module': 'vipe_benchmark.s1_progress', 'operation': 'fsync_dir'}}, 'target': [{'role': 'target', 'operation': 'replace', 'entered': 204661.488296696, 'stage': 'head_install', 'completed': True, 'exited': 204661.488296696}], 'successor': [{'role': 'successor', 'operation': 'fsync_dir', 'entered': 204661.488296696, 'stage': 'head_directory_fsync', 'completed': True, 'exited': 204661.488296696}], 'predecessor': {'operation': '/tmp/tmpvm2f67fa/39/jobs/S1-progress-066a730c97e54be29d81cd6d2d5a0bd5/worker/head.tmp/durable_write_return', 'entered_before': 201091.582354245, 'returned_at': 204661.488296696}}, 'head_dir_fsync': {'spec': {'target': {'module': 'vipe_benchmark.s1_progress', 'operation': 'fsync_dir'}, 'successor': {'module': 'vipe_benchmark.s1_progress', 'operation': 'record'}}, 'target': [{'role': 'target', 'operation': 'fsync_dir', 'entered': 204661.79452253602, 'stage': 'head_directory_fsync', 'completed': True, 'exited': 204661.79452253602}], 'successor': [{'role': 'successor', 'operation': 'record', 'entered': 204661.79452253602, 'stage': 'head_directory_fsync', 'completed': True, 'exited': 204661.79452253602}], 'predecessor': {'operation': 'head_install/replace', 'entered_before': 201091.889754422, 'returned_at': 204661.79452253602}}, 'final_head_read': {'spec': {'target': {'module': 'vipe_benchmark.s1_progress', 'operation': 'read_record'}, 'successor': {'module': 'vipe_benchmark.s1_progress', 'operation': 'read_record'}}, 'target': [{'role': 'target', 'operation': 'read_record', 'entered': 204662.10790143002, 'stage': 'final_head_read', 'completed': True, 'exited': 204662.10790143002}], 'successor': [{'role': 'successor', 'operation': 'read_record', 'entered': 204662.10790143002, 'stage': 'final_generation_read', 'completed': True, 'exited': 204662.10790143002}], 'predecessor': {'operation': 'head_directory_fsync/record', 'entered_before': 201092.201848956, 'returned_at': 204662.10790143002}}, 'final_generation_read': {'spec': {'target': {'module': 'vipe_benchmark.s1_progress', 'operation': 'read_record'}, 'successor': {'module': 'vipe_benchmark.s1_progress', 'operation': 'encode'}}, 'target': [{'role': 'target', 'operation': 'read_record', 'entered': 204662.41539234802, 'stage': 'final_generation_read', 'completed': True, 'exited': 204662.41539234802}], 'successor': [{'role': 'successor', 'operation': 'encode', 'entered': 204662.41539234802, 'stage': 'final_generation_read', 'completed': True, 'exited': 204662.41539234802}], 'predecessor': {'operation': 'final_head_read/read_record', 'entered_before': 201092.509139748, 'returned_at': 204662.41539234802}}, 'notice_send': {'spec': {'target': {'operation': 'publisher.sendto'}, 'successor': {'module': 'vipe_benchmark.s1_progress', 'operation': 'receive'}}, 'target': [{'role': 'target', 'operation': 'sendto', 'entered': 204662.748080505, 'stage': 'notice_send', 'completed': True, 'exited': 204662.748080505}], 'successor': [{'role': 'successor', 'operation': 'receive', 'entered': 204662.748080505, 'stage': 'notice_receive', 'completed': True, 'exited': 204662.748080505}, {'role': 'successor', 'operation': 'receive', 'entered': 204662.748080505, 'stage': 'ack_receipt', 'completed': True, 'exited': 204662.748080505}], 'predecessor': {'operation': 's1-progress-notice/v1/encode', 'entered_before': 204662.499080505, 'returned_at': 204662.748080505}}, 'owner_retention': {'spec': {'target': {'module': 'RetainedProgress', 'operation': 'acknowledge'}, 'successor': {'module': 'RetainedProgress', 'operation': 'retain'}}, 'target': [{'role': 'target', 'operation': 'acknowledge', 'entered': 204663.05499241402, 'stage': 'retention:after', 'completed': True, 'exited': 204663.05499241402}], 'successor': [{'role': 'successor', 'operation': 'retain', 'entered': 204663.05499241402, 'stage': 'retention:after', 'completed': True, 'exited': 204663.05499241402}], 'predecessor': {'operation': 's1-progress-ack/v1/encode', 'entered_before': 204662.805992414, 'returned_at': 204663.05499241402}}, 'ack_send': {'spec': {'target': {'operation': 'owner.sendto'}, 'successor': {'module': 'vipe_benchmark.s1_progress', 'operation': 'receive'}}, 'target': [{'role': 'target', 'operation': 'sendto', 'entered': 204663.380186183, 'stage': 'ack_send', 'completed': True, 'exited': 204663.380186183}], 'successor': [{'role': 'successor', 'operation': 'receive', 'entered': 204663.380186183, 'stage': 'ack_receipt', 'completed': True, 'exited': 204663.380186183}], 'predecessor': {'operation': 'RetainedProgress.retain', 'entered_before': 204663.131186183, 'returned_at': 204663.380186183}}, 'ack_receipt': {'spec': {'target': {'operation': 'ack_correlation', 'stage': 'ack_receipt:after'}, 'successor': {'operation': 'Publisher._publish diagnostics encode', 'stage': 'ack_receipt:after', 'after_target': True}, 'unrelated': {'operation': 'encode', 'classification': 'separately_recorded_not_successor'}}, 'target': [{'role': 'target', 'operation': 'ack_correlation', 'entered': 204663.701432392, 'stage': 'ack_receipt:after', 'completed': True, 'exited': 204663.701432392}], 'successor': [{'role': 'successor', 'operation': 'encode', 'stage': 'ack_receipt:after', 'publisher_diagnostics': True, 'after_target': True, 'entered': 204663.701432392, 'completed': True, 'exited': 204663.701432392}], 'predecessor': {'operation': 'matching_ack_receive', 'entered_before': 204663.452432392, 'returned_at': 204663.701432392}}, 'array_npy': {'spec': {'target': {'module': 'numpy', 'operation': 'save'}, 'successor': {'module': 'DeadlineSink', 'operation': 'write'}}, 'target': [{'role': 'target', 'operation': 'save', 'entered': 204664.016638056, 'stage': '', 'completed': True, 'exited': 204664.016638056}], 'successor': [{'role': 'successor', 'operation': 'write', 'entered': 204664.016638056, 'stage': '', 'completed': True, 'exited': 204664.016638056}, {'role': 'successor', 'operation': 'write', 'entered': 204664.016638056, 'stage': '', 'completed': True, 'exited': 204664.016638056}], 'predecessor': {'operation': 'array_unbuffered_open_return', 'entered_before': 201094.108762407, 'returned_at': 204664.016638056}}, 'array_png': {'spec': {'target': {'module': 'cv2', 'operation': 'imencode'}, 'successor': {'module': 'vipe_benchmark.s1_progress', 'operation': 'write_exclusive'}}, 'target': [{'role': 'target', 'operation': 'imencode', 'entered': 204664.301657908, 'stage': '', 'completed': True, 'exited': 204664.301657908}], 'successor': [{'role': 'successor', 'operation': 'write_exclusive', 'entered': 204664.301657908, 'stage': '', 'completed': True, 'exited': 204664.301657908}], 'predecessor': {'operation': 'png_destination_stat_return', 'entered_before': 201094.39964661, 'returned_at': 204664.301657908}}, 'npz_member': {'spec': {'target': {'module': 'ZipFile', 'operation': 'open'}, 'successor': {'module': 'numpy.lib.format', 'operation': 'write_array'}}, 'target': [{'role': 'target', 'operation': 'open', 'entered': 204664.599674963, 'stage': '', 'completed': True, 'exited': 204664.599674963}], 'successor': [{'role': 'successor', 'operation': 'write_array', 'entered': 204664.599674963, 'stage': '', 'completed': True, 'exited': 204664.599674963}], 'predecessor': {'operation': 'second_npz_array_conversion_return_before_member_open', 'entered_before': 201094.694963722, 'returned_at': 204664.599674963}}, 'npz_finalize': {'spec': {'target': {'module': 'ZipFile', 'operation': 'close'}, 'successor': {'module': 'DeadlineSink', 'operation': 'write'}}, 'target': [{'role': 'target', 'operation': 'close', 'entered': 204664.896966572, 'stage': '', 'completed': True, 'exited': 204664.896966572}], 'successor': [{'role': 'successor', 'operation': 'write', 'entered': 204664.896966572, 'stage': '', 'completed': True, 'exited': 204664.896966572}, {'role': 'successor', 'operation': 'write', 'entered': 204664.896966572, 'stage': '', 'completed': True, 'exited': 204664.896966572}, {'role': 'successor', 'operation': 'write', 'entered': 204664.896966572, 'stage': '', 'completed': True, 'exited': 204664.896966572}, {'role': 'successor', 'operation': 'write', 'entered': 204664.896966572, 'stage': '', 'completed': True, 'exited': 204664.896966572}, {'role': 'successor', 'operation': 'write', 'entered': 204664.896966572, 'stage': '', 'completed': True, 'exited': 204664.896966572}, {'role': 'successor', 'operation': 'write', 'entered': 204664.896966572, 'stage': '', 'completed': True, 'exited': 204664.896966572}, {'role': 'successor', 'operation': 'write', 'entered': 204664.896966572, 'stage': '', 'completed': True, 'exited': 204664.896966572}, {'role': 'successor', 'operation': 'write', 'entered': 204664.896966572, 'stage': '', 'completed': True, 'exited': 204664.896966572}, {'role': 'successor', 'operation': 'write', 'entered': 204664.896966572, 'stage': '', 'completed': True, 'exited': 204664.896966572}, {'role': 'successor', 'operation': 'write', 'entered': 204664.896966572, 'stage': '', 'completed': True, 'exited': 204664.896966572}], 'predecessor': {'operation': 'npz_member_2_close_return', 'entered_before': 201094.991342199, 'returned_at': 204664.896966572}}, 'array_hash': {'spec': {'target': {'module': 'vipe_benchmark.s1_progress', 'operation': 'checked_file_record'}, 'successor': {'module': 'vipe_benchmark.s1_progress', 'operation': 'read_bytes'}}, 'target': [{'role': 'target', 'operation': 'checked_file_record', 'entered': 204665.188780658, 'stage': '', 'completed': True, 'exited': 204665.188780658}], 'successor': [{'role': 'successor', 'operation': 'read_bytes', 'entered': 204665.188780658, 'stage': '', 'completed': True, 'exited': 204665.188780658}], 'predecessor': {'operation': 'array_normal_close_return_before_hash', 'entered_before': 201095.281109534, 'returned_at': 204665.188780658}}, 'produced_json': {'spec': {'target': {'module': 'vipe_benchmark.s1_progress', 'operation': 'encode'}, 'successor': {'module': 'vipe_benchmark.s1_progress', 'operation': 'write_exclusive'}}, 'target': [{'role': 'target', 'operation': 'encode', 'entered': 204665.477122037, 'stage': '', 'completed': True, 'exited': 204665.477122037}, {'role': 'target', 'operation': 'encode', 'entered': 204665.477122037, 'stage': '', 'completed': True, 'exited': 204665.477122037}, {'role': 'target', 'operation': 'encode', 'entered': 204665.477122037, 'stage': '', 'completed': True, 'exited': 204665.477122037}, {'role': 'target', 'operation': 'encode', 'entered': 204665.477122037, 'stage': '', 'completed': True, 'exited': 204665.477122037}], 'successor': [{'role': 'successor', 'operation': 'write_exclusive', 'entered': 204665.477122037, 'stage': '', 'completed': True, 'exited': 204665.477122037}], 'predecessor': {'operation': 'input_manifest_read_and_parse_return', 'entered_before': 201095.570625692, 'returned_at': 204665.477122037}}, 'produced_read': {'spec': {'target': {'module': 'vipe_benchmark.s1_progress', 'operation': 'read_record'}, 'successor': {'module': 'vipe_benchmark.s1_evidence', 'operation': 'produced_row'}}, 'target': [{'role': 'target', 'operation': 'read_record', 'entered': 204665.90869991702, 'stage': '', 'completed': True, 'exited': 204665.90869991702}], 'successor': [{'role': 'successor', 'operation': 'produced_row', 'entered': 204665.90869991702, 'stage': '', 'completed': True, 'exited': 204665.90869991702}], 'predecessor': {'operation': 'produced_row_durable_write_return', 'entered_before': 201096.002565306, 'returned_at': 204665.90869991702}}, 'produced_guard': {'spec': {'target': {'module': 'vipe_benchmark.s1_evidence', 'operation': 'produced_row'}, 'successor': {'module': 'Publisher', 'operation': 'seal'}}, 'target': [{'role': 'target', 'operation': 'produced_row', 'entered': 204666.31578194702, 'stage': '', 'completed': True, 'exited': 204666.31578194702}], 'successor': [{'role': 'successor', 'operation': 'seal', 'entered': 204666.31578194702, 'stage': '', 'completed': True, 'exited': 204666.31578194702}, {'role': 'successor', 'operation': 'seal', 'entered': 204666.31578194702, 'stage': '', 'completed': True, 'exited': 204666.31578194702}], 'predecessor': {'operation': 'produced_row_read_hash_parse_return', 'entered_before': 201096.407166656, 'returned_at': 204666.31578194702}}, 'qualified_guard': {'spec': {'target': {'module': 'vipe_benchmark.s1_evidence', 'operation': 'qualify_row'}, 'successor': {'module': 'vipe_benchmark.s1_progress', 'operation': 'write_exclusive'}}, 'target': [{'role': 'target', 'operation': 'qualify_row', 'entered': 204666.71343652502, 'stage': '', 'completed': True, 'exited': 204666.71343652502}], 'successor': [{'role': 'successor', 'operation': 'write_exclusive', 'entered': 204666.71343652502, 'stage': '', 'completed': True, 'exited': 204666.71343652502}], 'predecessor': {'operation': 'produced_guard_seal_ack_return', 'entered_before': 201096.804223943, 'returned_at': 204666.71343652502}}, 'first_guard': {'spec': {'target': {'module': 'vipe_benchmark.s1_evidence', 'operation': 'verify_first'}, 'successor': {'module': 'vipe_benchmark.s1_evidence', 'operation': 'qualify_runtime'}}, 'target': [{'role': 'target', 'operation': 'verify_first', 'entered': 204667.16322299402, 'stage': '', 'completed': True, 'exited': 204667.16322299402}], 'successor': [{'role': 'successor', 'operation': 'qualify_runtime', 'entered': 204667.16322299402, 'stage': '', 'completed': True, 'exited': 204667.16322299402}], 'predecessor': {'operation': 'first_metadata_read_parse_return', 'entered_before': 201097.254389319, 'returned_at': 204667.16322299402}}, 'runtime_guard': {'spec': {'target': {'module': 'vipe_benchmark.s1_evidence', 'operation': 'qualify_runtime'}, 'successor': {'module': 'vipe_benchmark.s1_recovery', 'operation': 'strict_record'}}, 'target': [{'role': 'target', 'operation': 'qualify_runtime', 'entered': 204668.197695139, 'stage': '', 'completed': True, 'exited': 204668.197695139}], 'successor': [{'role': 'successor', 'operation': 'strict_record', 'entered': 204668.197695139, 'stage': '', 'completed': True, 'exited': 204668.197695139}, {'role': 'successor', 'operation': 'strict_record', 'entered': 204668.197695139, 'stage': '', 'completed': True, 'exited': 204668.197695139}, {'role': 'successor', 'operation': 'strict_record', 'entered': 204668.197695139, 'stage': '', 'completed': True, 'exited': 204668.197695139}, {'role': 'successor', 'operation': 'strict_record', 'entered': 204668.197695139, 'stage': '', 'completed': True, 'exited': 204668.197695139}, {'role': 'successor', 'operation': 'strict_record', 'entered': 204668.197695139, 'stage': '', 'completed': True, 'exited': 204668.197695139}, {'role': 'successor', 'operation': 'strict_record', 'entered': 204668.197695139, 'stage': '', 'completed': True, 'exited': 204668.197695139}, {'role': 'successor', 'operation': 'strict_record', 'entered': 204668.197695139, 'stage': '', 'completed': True, 'exited': 204668.197695139}, {'role': 'successor', 'operation': 'strict_record', 'entered': 204668.197695139, 'stage': '', 'completed': True, 'exited': 204668.197695139}, {'role': 'successor', 'operation': 'strict_record', 'entered': 204668.197695139, 'stage': '', 'completed': True, 'exited': 204668.197695139}, {'role': 'successor', 'operation': 'strict_record', 'entered': 204668.197695139, 'stage': '', 'completed': True, 'exited': 204668.197695139}, {'role': 'successor', 'operation': 'strict_record', 'entered': 204668.197695139, 'stage': '', 'completed': True, 'exited': 204668.197695139}, {'role': 'successor', 'operation': 'strict_record', 'entered': 204668.197695139, 'stage': '', 'completed': True, 'exited': 204668.197695139}, {'role': 'successor', 'operation': 'strict_record', 'entered': 204668.197695139, 'stage': '', 'completed': True, 'exited': 204668.197695139}, {'role': 'successor', 'operation': 'strict_record', 'entered': 204668.197695139, 'stage': '', 'completed': True, 'exited': 204668.197695139}, {'role': 'successor', 'operation': 'strict_record', 'entered': 204668.197695139, 'stage': '', 'completed': True, 'exited': 204668.197695139}, {'role': 'successor', 'operation': 'strict_record', 'entered': 204668.197695139, 'stage': '', 'completed': True, 'exited': 204668.197695139}, {'role': 'successor', 'operation': 'strict_record', 'entered': 204668.197695139, 'stage': '', 'completed': True, 'exited': 204668.197695139}, {'role': 'successor', 'operation': 'strict_record', 'entered': 204668.197695139, 'stage': '', 'completed': True, 'exited': 204668.197695139}, {'role': 'successor', 'operation': 'strict_record', 'entered': 204668.197695139, 'stage': '', 'completed': True, 'exited': 204668.197695139}, {'role': 'successor', 'operation': 'strict_record', 'entered': 204668.197695139, 'stage': '', 'completed': True, 'exited': 204668.197695139}, {'role': 'successor', 'operation': 'strict_record', 'entered': 204668.197695139, 'stage': '', 'completed': True, 'exited': 204668.197695139}, {'role': 'successor', 'operation': 'strict_record', 'entered': 204668.197695139, 'stage': '', 'completed': True, 'exited': 204668.197695139}, {'role': 'successor', 'operation': 'strict_record', 'entered': 204668.197695139, 'stage': '', 'completed': True, 'exited': 204668.197695139}, {'role': 'successor', 'operation': 'strict_record', 'entered': 204668.197695139, 'stage': '', 'completed': True, 'exited': 204668.197695139}, {'role': 'successor', 'operation': 'strict_record', 'entered': 204668.197695139, 'stage': '', 'completed': True, 'exited': 204668.197695139}], 'predecessor': {'operation': 'runtime_metadata_read_parse_return', 'entered_before': 201098.293591531, 'returned_at': 204668.197695139}}, 'reuse_after_read': {'spec': {'target': {'module': 'vipe_benchmark.s1_evidence', 'operation': 'verify_first'}, 'successor': {'module': 'vipe_benchmark.s1_evidence', 'operation': 'qualify_runtime'}}, 'target': [{'role': 'target', 'operation': 'verify_first', 'entered': 204668.71351761502, 'stage': '', 'completed': True, 'exited': 204668.71351761502}, {'role': 'target', 'operation': 'verify_first', 'entered': 204668.71351761502, 'stage': '', 'completed': True, 'exited': 204668.71351761502}], 'successor': [{'role': 'successor', 'operation': 'qualify_runtime', 'entered': 204668.71351761502, 'stage': '', 'completed': True, 'exited': 204668.71351761502}, {'role': 'successor', 'operation': 'qualify_runtime', 'entered': 204668.71351761502, 'stage': '', 'completed': True, 'exited': 204668.71351761502}], 'predecessor': {'operation': 'first_metadata_read_parse_return', 'entered_before': 201098.801955353, 'returned_at': 204668.71351761502}}, 'cleanup_next_array': {'spec': {'target': {'module': 'numpy', 'operation': 'asanyarray'}, 'successor': {'module': 'ZipFile', 'operation': 'open'}}, 'target': [{'role': 'target', 'operation': 'asanyarray', 'entered': 204669.75888755202, 'stage': '', 'completed': True, 'exited': 204669.75888755202}], 'successor': [{'role': 'successor', 'operation': 'open', 'entered': 204669.75888755202, 'stage': '', 'completed': True, 'exited': 204669.75888755202}], 'predecessor': {'operation': 'npz_member_1_close_return', 'entered_before': 201099.848109216, 'returned_at': 204669.75888755202}}, 'accept_after_read': {'spec': {'target': {'module': 'vipe_benchmark.s1_evidence', 'operation': 'validate_result'}, 'successor': {'module': 'vipe_benchmark.s1_evidence', 'operation': 'verify_first'}}, 'target': [{'role': 'target', 'operation': 'validate_result', 'entered': 204670.510585804, 'stage': '', 'completed': True, 'exited': 204670.510585804}], 'successor': [{'role': 'successor', 'operation': 'verify_first', 'entered': 204670.510585804, 'stage': '', 'completed': True, 'exited': 204670.510585804}], 'predecessor': {'operation': 'accepted_request_read_parse_return', 'entered_before': 201100.157139647, 'returned_at': 204670.510585804}}, 'complete_after_read': {'spec': {'target': {'module': 'vipe_benchmark.s1_evidence', 'operation': 'evidence_counts'}, 'successor': {'module': 'vipe_benchmark.s1_evidence', 'operation': 'qualify_runtime'}}, 'target': [{'role': 'target', 'operation': 'evidence_counts', 'entered': 204670.510585804, 'stage': '', 'completed': True, 'exited': 204670.510585804}], 'successor': [{'role': 'successor', 'operation': 'qualify_runtime', 'entered': 204670.510585804, 'stage': '', 'completed': True, 'exited': 204670.510585804}, {'role': 'successor', 'operation': 'qualify_runtime', 'entered': 204670.510585804, 'stage': '', 'completed': True, 'exited': 204670.510585804}], 'predecessor': {'operation': 'acceptance_metadata_read_parse_return', 'entered_before': 201122.179680621, 'returned_at': 204670.510585804}}, 'next_input': {'spec': {'target': {'operation': 'load_rgb(frame62)'}, 'successor': {'operation': 'frame62 valid/native/raw'}}, 'target': [{'operation': 'load_rgb(frame62)', 'entered': 201239.33665684902, 'completed': True, 'exited': 201239.33665684902}], 'successor': [{'operation': 'frame62_valid_array', 'entered': 201239.33665684902, 'record': {'path': '/tmp/tmp4ndcqyrv/valid.npy', 'sha256': 'a67cf6012a57f3530aeb9524b85e40171bfb0fcdaa6dbc66e95356a30dcfc6a3', 'bytes': 518528}, 'context': 'second_input_validation'}], 'predecessor': {'operation': 'segment_frame50_print_return_before_frame62', 'entered_before': 201172.837656849, 'returned_at': 201239.33665684902}}}

======================================================================
FAIL: test_child_survival_invalidates_parent_success_and_is_cleaned_up (test_vipe_benchmark_supervisor.SupervisorTests.test_child_survival_invalidates_parent_success_and_is_cleaned_up)
----------------------------------------------------------------------
Traceback (most recent call last):
  File "/home/auss/git_repos/samaust/Experiments_4DGS/scripts/vipe_benchmark/supervisor.py", line 446, in supervise
    process = create_owned_process('supervisor worker',subprocess.Popen,command, deadline=run_deadline if is_s1 else None, stdout=log, stderr=subprocess.STDOUT,
                               start_new_session=True, env=env)
  File "/home/auss/git_repos/samaust/Experiments_4DGS/scripts/vipe_benchmark/s1_helper_session.py", line 1573, in create_owned_process
    candidate=_prepare_owned_candidate(create,args,kwargs)
  File "/home/auss/git_repos/samaust/Experiments_4DGS/scripts/vipe_benchmark/s1_helper_session.py", line 337, in _prepare_owned_candidate
    descriptor,environment=_candidate_bytes(create,args,kwargs)
                           ~~~~~~~~~~~~~~~~^^^^^^^^^^^^^^^^^^^^
  File "/home/auss/git_repos/samaust/Experiments_4DGS/scripts/vipe_benchmark/s1_helper_session.py", line 276, in _candidate_bytes
    if value<0:raise ValueError('negative process stdio descriptor')
               ^^^^^^^^^^^^^^^^^^^^^^^^^^^^^^^^^^^^^^^^^^^^^^^^^^^^^
ValueError: negative process stdio descriptor

The above exception was the direct cause of the following exception:

vipe_benchmark.supervisor.SupervisionFailure: ValueError: negative process stdio descriptor

During handling of the above exception, another exception occurred:

Traceback (most recent call last):
  File "/home/auss/git_repos/samaust/Experiments_4DGS/tests/test_vipe_benchmark_supervisor.py", line 88, in test_child_survival_invalidates_parent_success_and_is_cleaned_up
    with self.assertRaisesRegex(RuntimeError, 'live child'):
         ~~~~~~~~~~~~~~~~~~~~~~^^^^^^^^^^^^^^^^^^^^^^^^^^^^
AssertionError: "live child" does not match "ValueError: negative process stdio descriptor"

======================================================================
FAIL: test_foreign_gpu_pid_still_fails_and_preserves_ownership_evidence (test_vipe_benchmark_supervisor.SupervisorTests.test_foreign_gpu_pid_still_fails_and_preserves_ownership_evidence)
----------------------------------------------------------------------
Traceback (most recent call last):
  File "/home/auss/git_repos/samaust/Experiments_4DGS/scripts/vipe_benchmark/supervisor.py", line 446, in supervise
    process = create_owned_process('supervisor worker',subprocess.Popen,command, deadline=run_deadline if is_s1 else None, stdout=log, stderr=subprocess.STDOUT,
                               start_new_session=True, env=env)
  File "/home/auss/git_repos/samaust/Experiments_4DGS/scripts/vipe_benchmark/s1_helper_session.py", line 1573, in create_owned_process
    candidate=_prepare_owned_candidate(create,args,kwargs)
  File "/home/auss/git_repos/samaust/Experiments_4DGS/scripts/vipe_benchmark/s1_helper_session.py", line 337, in _prepare_owned_candidate
    descriptor,environment=_candidate_bytes(create,args,kwargs)
                           ~~~~~~~~~~~~~~~~^^^^^^^^^^^^^^^^^^^^
  File "/home/auss/git_repos/samaust/Experiments_4DGS/scripts/vipe_benchmark/s1_helper_session.py", line 276, in _candidate_bytes
    if value<0:raise ValueError('negative process stdio descriptor')
               ^^^^^^^^^^^^^^^^^^^^^^^^^^^^^^^^^^^^^^^^^^^^^^^^^^^^^
ValueError: negative process stdio descriptor

The above exception was the direct cause of the following exception:

vipe_benchmark.supervisor.SupervisionFailure: ValueError: negative process stdio descriptor

During handling of the above exception, another exception occurred:

Traceback (most recent call last):
  File "/home/auss/git_repos/samaust/Experiments_4DGS/tests/test_vipe_benchmark_supervisor.py", line 166, in test_foreign_gpu_pid_still_fails_and_preserves_ownership_evidence
    with self.assertRaisesRegex(SupervisionFailure, 'exclusive GPU access lost'):
         ~~~~~~~~~~~~~~~~~~~~~~^^^^^^^^^^^^^^^^^^^^^^^^^^^^^^^^^^^^^^^^^^^^^^^^^
AssertionError: "exclusive GPU access lost" does not match "ValueError: negative process stdio descriptor"

======================================================================
FAIL: test_interruption_cleans_owned_process_group (test_vipe_benchmark_supervisor.SupervisorTests.test_interruption_cleans_owned_process_group)
----------------------------------------------------------------------
Traceback (most recent call last):
  File "/home/auss/git_repos/samaust/Experiments_4DGS/scripts/vipe_benchmark/supervisor.py", line 446, in supervise
    process = create_owned_process('supervisor worker',subprocess.Popen,command, deadline=run_deadline if is_s1 else None, stdout=log, stderr=subprocess.STDOUT,
                               start_new_session=True, env=env)
  File "/home/auss/git_repos/samaust/Experiments_4DGS/scripts/vipe_benchmark/s1_helper_session.py", line 1573, in create_owned_process
    candidate=_prepare_owned_candidate(create,args,kwargs)
  File "/home/auss/git_repos/samaust/Experiments_4DGS/scripts/vipe_benchmark/s1_helper_session.py", line 337, in _prepare_owned_candidate
    descriptor,environment=_candidate_bytes(create,args,kwargs)
                           ~~~~~~~~~~~~~~~~^^^^^^^^^^^^^^^^^^^^
  File "/home/auss/git_repos/samaust/Experiments_4DGS/scripts/vipe_benchmark/s1_helper_session.py", line 276, in _candidate_bytes
    if value<0:raise ValueError('negative process stdio descriptor')
               ^^^^^^^^^^^^^^^^^^^^^^^^^^^^^^^^^^^^^^^^^^^^^^^^^^^^^
ValueError: negative process stdio descriptor

The above exception was the direct cause of the following exception:

vipe_benchmark.supervisor.SupervisionFailure: ValueError: negative process stdio descriptor

During handling of the above exception, another exception occurred:

Traceback (most recent call last):
  File "/home/auss/git_repos/samaust/Experiments_4DGS/tests/test_vipe_benchmark_supervisor.py", line 114, in test_interruption_cleans_owned_process_group
    with self.assertRaisesRegex(RuntimeError, 'InterruptedError'):
         ~~~~~~~~~~~~~~~~~~~~~~^^^^^^^^^^^^^^^^^^^^^^^^^^^^^^^^^^
AssertionError: "InterruptedError" does not match "ValueError: negative process stdio descriptor"

======================================================================
FAIL: test_missing_result_and_nonzero_exit_consume_attempts (test_vipe_benchmark_supervisor.SupervisorTests.test_missing_result_and_nonzero_exit_consume_attempts)
----------------------------------------------------------------------
Traceback (most recent call last):
  File "/home/auss/git_repos/samaust/Experiments_4DGS/scripts/vipe_benchmark/supervisor.py", line 446, in supervise
    process = create_owned_process('supervisor worker',subprocess.Popen,command, deadline=run_deadline if is_s1 else None, stdout=log, stderr=subprocess.STDOUT,
                               start_new_session=True, env=env)
  File "/home/auss/git_repos/samaust/Experiments_4DGS/scripts/vipe_benchmark/s1_helper_session.py", line 1573, in create_owned_process
    candidate=_prepare_owned_candidate(create,args,kwargs)
  File "/home/auss/git_repos/samaust/Experiments_4DGS/scripts/vipe_benchmark/s1_helper_session.py", line 337, in _prepare_owned_candidate
    descriptor,environment=_candidate_bytes(create,args,kwargs)
                           ~~~~~~~~~~~~~~~~^^^^^^^^^^^^^^^^^^^^
  File "/home/auss/git_repos/samaust/Experiments_4DGS/scripts/vipe_benchmark/s1_helper_session.py", line 276, in _candidate_bytes
    if value<0:raise ValueError('negative process stdio descriptor')
               ^^^^^^^^^^^^^^^^^^^^^^^^^^^^^^^^^^^^^^^^^^^^^^^^^^^^^
ValueError: negative process stdio descriptor

The above exception was the direct cause of the following exception:

vipe_benchmark.supervisor.SupervisionFailure: ValueError: negative process stdio descriptor

During handling of the above exception, another exception occurred:

Traceback (most recent call last):
  File "/home/auss/git_repos/samaust/Experiments_4DGS/tests/test_vipe_benchmark_supervisor.py", line 106, in test_missing_result_and_nonzero_exit_consume_attempts
    with self.assertRaisesRegex(RuntimeError, 'FileNotFoundError'):
         ~~~~~~~~~~~~~~~~~~~~~~^^^^^^^^^^^^^^^^^^^^^^^^^^^^^^^^^^^
AssertionError: "FileNotFoundError" does not match "ValueError: negative process stdio descriptor"

======================================================================
FAIL: test_simulated_memory_and_foreign_gpu_process (test_vipe_benchmark_supervisor.SupervisorTests.test_simulated_memory_and_foreign_gpu_process)
----------------------------------------------------------------------
Traceback (most recent call last):
  File "/home/auss/git_repos/samaust/Experiments_4DGS/scripts/vipe_benchmark/supervisor.py", line 446, in supervise
    process = create_owned_process('supervisor worker',subprocess.Popen,command, deadline=run_deadline if is_s1 else None, stdout=log, stderr=subprocess.STDOUT,
                               start_new_session=True, env=env)
  File "/home/auss/git_repos/samaust/Experiments_4DGS/scripts/vipe_benchmark/s1_helper_session.py", line 1573, in create_owned_process
    candidate=_prepare_owned_candidate(create,args,kwargs)
  File "/home/auss/git_repos/samaust/Experiments_4DGS/scripts/vipe_benchmark/s1_helper_session.py", line 337, in _prepare_owned_candidate
    descriptor,environment=_candidate_bytes(create,args,kwargs)
                           ~~~~~~~~~~~~~~~~^^^^^^^^^^^^^^^^^^^^
  File "/home/auss/git_repos/samaust/Experiments_4DGS/scripts/vipe_benchmark/s1_helper_session.py", line 276, in _candidate_bytes
    if value<0:raise ValueError('negative process stdio descriptor')
               ^^^^^^^^^^^^^^^^^^^^^^^^^^^^^^^^^^^^^^^^^^^^^^^^^^^^^
ValueError: negative process stdio descriptor

The above exception was the direct cause of the following exception:

vipe_benchmark.supervisor.SupervisionFailure: ValueError: negative process stdio descriptor

During handling of the above exception, another exception occurred:

Traceback (most recent call last):
  File "/home/auss/git_repos/samaust/Experiments_4DGS/tests/test_vipe_benchmark_supervisor.py", line 138, in test_simulated_memory_and_foreign_gpu_process
    with self.assertRaisesRegex(SupervisionFailure, 'memory ceiling') as failure:
         ~~~~~~~~~~~~~~~~~~~~~~^^^^^^^^^^^^^^^^^^^^^^^^^^^^^^^^^^^^^^
AssertionError: "memory ceiling" does not match "ValueError: negative process stdio descriptor"

======================================================================
FAIL: test_simulated_storage_cap_stops_worker (test_vipe_benchmark_supervisor.SupervisorTests.test_simulated_storage_cap_stops_worker)
----------------------------------------------------------------------
Traceback (most recent call last):
  File "/home/auss/git_repos/samaust/Experiments_4DGS/scripts/vipe_benchmark/supervisor.py", line 446, in supervise
    process = create_owned_process('supervisor worker',subprocess.Popen,command, deadline=run_deadline if is_s1 else None, stdout=log, stderr=subprocess.STDOUT,
                               start_new_session=True, env=env)
  File "/home/auss/git_repos/samaust/Experiments_4DGS/scripts/vipe_benchmark/s1_helper_session.py", line 1573, in create_owned_process
    candidate=_prepare_owned_candidate(create,args,kwargs)
  File "/home/auss/git_repos/samaust/Experiments_4DGS/scripts/vipe_benchmark/s1_helper_session.py", line 337, in _prepare_owned_candidate
    descriptor,environment=_candidate_bytes(create,args,kwargs)
                           ~~~~~~~~~~~~~~~~^^^^^^^^^^^^^^^^^^^^
  File "/home/auss/git_repos/samaust/Experiments_4DGS/scripts/vipe_benchmark/s1_helper_session.py", line 276, in _candidate_bytes
    if value<0:raise ValueError('negative process stdio descriptor')
               ^^^^^^^^^^^^^^^^^^^^^^^^^^^^^^^^^^^^^^^^^^^^^^^^^^^^^
ValueError: negative process stdio descriptor

The above exception was the direct cause of the following exception:

vipe_benchmark.supervisor.SupervisionFailure: ValueError: negative process stdio descriptor

During handling of the above exception, another exception occurred:

Traceback (most recent call last):
  File "/home/auss/git_repos/samaust/Experiments_4DGS/tests/test_vipe_benchmark_supervisor.py", line 123, in test_simulated_storage_cap_stops_worker
    with self.assertRaisesRegex(RuntimeError, 'storage ceiling'):
         ~~~~~~~~~~~~~~~~~~~~~~^^^^^^^^^^^^^^^^^^^^^^^^^^^^^^^^^
AssertionError: "storage ceiling" does not match "ValueError: negative process stdio descriptor"

======================================================================
FAIL: test_timeout_kills_sigterm_ignoring_group_within_allocation (test_vipe_benchmark_supervisor.SupervisorTests.test_timeout_kills_sigterm_ignoring_group_within_allocation)
----------------------------------------------------------------------
Traceback (most recent call last):
  File "/home/auss/git_repos/samaust/Experiments_4DGS/scripts/vipe_benchmark/supervisor.py", line 446, in supervise
    process = create_owned_process('supervisor worker',subprocess.Popen,command, deadline=run_deadline if is_s1 else None, stdout=log, stderr=subprocess.STDOUT,
                               start_new_session=True, env=env)
  File "/home/auss/git_repos/samaust/Experiments_4DGS/scripts/vipe_benchmark/s1_helper_session.py", line 1573, in create_owned_process
    candidate=_prepare_owned_candidate(create,args,kwargs)
  File "/home/auss/git_repos/samaust/Experiments_4DGS/scripts/vipe_benchmark/s1_helper_session.py", line 337, in _prepare_owned_candidate
    descriptor,environment=_candidate_bytes(create,args,kwargs)
                           ~~~~~~~~~~~~~~~~^^^^^^^^^^^^^^^^^^^^
  File "/home/auss/git_repos/samaust/Experiments_4DGS/scripts/vipe_benchmark/s1_helper_session.py", line 276, in _candidate_bytes
    if value<0:raise ValueError('negative process stdio descriptor')
               ^^^^^^^^^^^^^^^^^^^^^^^^^^^^^^^^^^^^^^^^^^^^^^^^^^^^^
ValueError: negative process stdio descriptor

The above exception was the direct cause of the following exception:

vipe_benchmark.supervisor.SupervisionFailure: ValueError: negative process stdio descriptor

During handling of the above exception, another exception occurred:

Traceback (most recent call last):
  File "/home/auss/git_repos/samaust/Experiments_4DGS/tests/test_vipe_benchmark_supervisor.py", line 76, in test_timeout_kills_sigterm_ignoring_group_within_allocation
    with self.assertRaisesRegex(RuntimeError, 'deadline'):
         ~~~~~~~~~~~~~~~~~~~~~~^^^^^^^^^^^^^^^^^^^^^^^^^^
AssertionError: "deadline" does not match "ValueError: negative process stdio descriptor"

----------------------------------------------------------------------
Ran 101 tests in 202.280s

FAILED (failures=27, errors=39)
test_correct_hash_cannot_authorize_an_unlisted_input (test_vipe_benchmark_review_annotations.IntegrityTests.test_correct_hash_cannot_authorize_an_unlisted_input) ... ok
test_corrupt_file_and_validly_rehashed_footprint_corruption_are_rejected (test_vipe_benchmark_review_annotations.IntegrityTests.test_corrupt_file_and_validly_rehashed_footprint_corruption_are_rejected) ... ok
test_grid_and_empty_changing_layer_cannot_silently_change (test_vipe_benchmark_review_annotations.IntegrityTests.test_grid_and_empty_changing_layer_cannot_silently_change) ... ok
test_semantic_and_feature_uncertainty_cannot_be_promoted (test_vipe_benchmark_review_annotations.IntegrityTests.test_semantic_and_feature_uncertainty_cannot_be_promoted) ... ok
test_valid_proxy_preserves_unknowns_and_does_not_claim_visual_review (test_vipe_benchmark_review_annotations.IntegrityTests.test_valid_proxy_preserves_unknowns_and_does_not_claim_visual_review) ... ok
test_duplicate_pair_and_uncovered_visible_identity_are_rejected (test_vipe_benchmark_review_annotations.PairTests.test_duplicate_pair_and_uncovered_visible_identity_are_rejected) ... ok
test_atomic_exclusive_publication_never_replaces_existing_evidence (test_vipe_benchmark_review_annotations.PublicationTests.test_atomic_exclusive_publication_never_replaces_existing_evidence) ... ok
test_visual_claim_requires_actual_attestation_and_bound_inspected_file (test_vipe_benchmark_review_annotations.PublicationTests.test_visual_claim_requires_actual_attestation_and_bound_inspected_file) ... ok

----------------------------------------------------------------------
Ran 8 tests in 0.226s

OK
