Resolved 158 packages in 28.74s
# This file was autogenerated by uv via the following command:
#    uv pip compile --python /home/auss/git_repos/samaust/Experiments_4DGS/.local/vipe-alternatives/plan031-20260913T032700Z/jobs/E5-setup-recovery-004/environment/bin/python --index-strategy unsafe-best-match -c /home/auss/git_repos/samaust/Experiments_4DGS/.local/vipe-alternatives/plan031-20260913T032700Z/jobs/E5-setup-recovery-004/constraints.txt --generate-hashes --no-build-isolation --output-file /home/auss/git_repos/samaust/Experiments_4DGS/.local/vipe-alternatives/plan031-20260913T032700Z/jobs/E5-setup-recovery-004/requirements.lock /home/auss/git_repos/samaust/Experiments_4DGS/.local/vipe-alternatives/plan031-20260913T032700Z/jobs/E5-setup-recovery-004/requirements.txt
addict==2.4.0 \
    --hash=sha256:249bb56bbfd3cdc2a004ea0ff4c2b6ddc84d53bc2194761636eb314d5cfa5dfc \
    --hash=sha256:b3b2210e0e067a281f5646c8c5db92e99b7231ea8b0eb5f74dbdf9e259d4e494
    # via -r .local/vipe-alternatives/plan031-20260913T032700Z/jobs/E5-setup-recovery-004/requirements.txt
annotated-doc==0.0.5 \
    --hash=sha256:117bac03a25ede5df5440e855b32d556049ca169ead221505badf432fed4b101 \
    --hash=sha256:c7e58ce09192557605d8bbd92836d7e1d520ac9580096042c0bfd197efacf1bb
    # via
    #   fastapi
    #   typer
annotated-types==0.8.0 \
    --hash=sha256:13b2beaad985e05e2d6407ee4c4f35590b11f8d693a258a561055cac8f64cab7 \
    --hash=sha256:f072f4d804ea359e4eaf198b1af7a8b0943881a87f31bb764f8bf219bb9419e0
    # via pydantic
antlr4-python3-runtime==4.9.3 \
    --hash=sha256:f224469b4168294902bb1efa80a8bf7855f24c99aef99cbefc1bcd3cce77881b
    # via omegaconf
anyio==4.15.1 \
    --hash=sha256:6152fdbbf9a77fdec97731721bebf7c4c44f7c29b424b0065826173efc7ed101 \
    --hash=sha256:9f28306018cbd6d329e64a36d58256edff76dd996fe423bc957326e578b82a94
    # via
    #   httpx2
    #   starlette
apsw==3.53.4.0 \
    --hash=sha256:041b362eb1efbedae8eb869b51902590d4b44b0625c7d0e44b0b0b1e7ff79978 \
    --hash=sha256:0b162856ab66bdc7424b9d9c34e686d827a6fcea32363d649af2cf447bf27c36 \
    --hash=sha256:0b5ccae16a9efdeca6fdbbe91330e73530782b4d98ee1c20054ae0b72efdabf3 \
    --hash=sha256:13bd0c01cada861ce9cd4a09ff36c5a245185477c5fe6ce52d266c46e69f76e5 \
    --hash=sha256:13db505f1f08a185917786124d0960615e81b3fe0a016d1069b6b91abe552100 \
    --hash=sha256:149fe6f761456ceb2b9f4c8b9c33dad9142544e6417267477b7a9d5b93da70e5 \
    --hash=sha256:15f342ddad6cd75d3372a541d0cd107c91630a35173ebd59d2135487dc6ca0fb \
    --hash=sha256:1826a9f3a62f5ed79940a7a67cb480be6d0a57f471198e65af57bdbc179b2de2 \
    --hash=sha256:19c8fb1b23a0ee58c31c6241022f1fac080025c924eac0069be612d1c49ad7c7 \
    --hash=sha256:1daf038c76267e1255baa870849f604f1bc59847083f46736574abd530dd4a39 \
    --hash=sha256:248060079ea0a8df3844f659e9c9ee41eb29ce7761b6022105c6968691e65259 \
    --hash=sha256:30b107e27947d366f5b3300feb624b39338448211a4e5cd8ee0d752baa9481fa \
    --hash=sha256:36d6605ae4d3447385fa0e81d66f854dd88b18c853d85b22d0016e611a0c99bc \
    --hash=sha256:371efde8c6cf0d278cb9e17848ddb637e5b40fa3f86bcfd57786cc26869608aa \
    --hash=sha256:3b729ec8df6cd0010f174a21c18e0315bc748800709176d3dd7e14d7a8aeeb6f \
    --hash=sha256:41bbbee759cd44b2053d0e8d071decca705116c085c9d0a15e8060f076510a3e \
    --hash=sha256:4250fab667cc41c55170028ab095a9d4a4ae66363f4bc0720771c20519702625 \
    --hash=sha256:44625dda9965e1f0a839f86191f9de14f34782789e4b3e9984609644bd5c00d2 \
    --hash=sha256:4760a026284318d5de6937a14add0d03b194ea60bf67fb51bdd28b541a249229 \
    --hash=sha256:4855c9115f87548fe608553262e07def3b51633b9995e3301cd3254f9cba394b \
    --hash=sha256:558be4a9ee48a9479732b011ea1fc068144ceb718223fa83ec20ba6ee930ccab \
    --hash=sha256:58abdd76ecc8d90f6a2f9a5c9d280b579e6994332c6b4cdb26ae0700e6984d3c \
    --hash=sha256:62945882058589d3f10e588beca18cbe36aa91eaa4e9961ca74cfd7278a69c01 \
    --hash=sha256:647b97ceebfe805dc75df6dc513557b9ac0e513983bd234458ead0e0522fd2cc \
    --hash=sha256:6b6c56c56006bc9593fd701df59b9a851b6143d45f7f447e65490658e53e4e38 \
    --hash=sha256:6c47c64ca9c2fac2b476317210b6e8c04681fb718594c0806bd33e5d2b459dff \
    --hash=sha256:6ec42090ec4150ad35b9e70d6bc7ee15554c268ac495cfbf0761c6a3d46edc6f \
    --hash=sha256:6eda7f8e79e5729c6ca0e9aa84cb2826ce0aa63257324a3066c78c8fa46d1b66 \
    --hash=sha256:6f5370dbd4467fdbb8a4188604a85e235a5efdc16a8340a7c9cd38d3866a908b \
    --hash=sha256:6f7b80f70d04e5f03b29a16db810b414c46e097434ba892741424c89db359c43 \
    --hash=sha256:6fadc24dfd89a4e6a1ea47536bbab5034276ff50a18e1497095a7a3a2794e7c1 \
    --hash=sha256:7718908b72f95f18091f723918eab4a4f0a3405a92d0a64a38371e2727e79e41 \
    --hash=sha256:7bfe8f1eb0efbdb61005447e73affa6f9339f509bfbd565e9bee8f33ec5904ed \
    --hash=sha256:7dcf83f5bf8ffacdd1ad5254322e157e426f73d8fcdafdae3e3cfc9f242f9e17 \
    --hash=sha256:7ed2b82e0b5d57c61c8f0cba91ce01d68a061cbea483a53b19f42ecc4ab6cb72 \
    --hash=sha256:813daf4c176ce6716bdad3785245ff35a373ac3ea5cde1a23f4219a96cd6317c \
    --hash=sha256:838dff7f0a360837dd5d480afbc818aeffa3decd83c81a39ac47cece7956fcee \
    --hash=sha256:8665b7e10bb97262bc821444469c0ed60bd039f5a2236dacb362e160a4a66097 \
    --hash=sha256:88856d0bb0271fcb98706bb5b3c82a5e7d58f7ce649a4757fdcf8cf1e889e191 \
    --hash=sha256:8a2956739873f76c1f8aa3fb0ec6933dddcc648524d3a8677a63c4dd4b7d7418 \
    --hash=sha256:8a5a722b4d544d2eddd559556424fa40b3206542591fa4563bb6a58432b362c6 \
    --hash=sha256:8cfa9ad1dd459d453bc7bc0b2beb2aa27f326822f0301ce1a903be1e0ad004b2 \
    --hash=sha256:8eb911c4c5fd03ed42b58153829aadde25196ef24d5438c3ff3009bb97210fd7 \
    --hash=sha256:8feaa19aeeac9acf984e5ade28478e44ae6c1cc3e03b423f8d66fdb4eb1a5bdc \
    --hash=sha256:943ab632e41663f4187f383497d280a6ca91114861f1b4fc37dbf8c84c392d4f \
    --hash=sha256:94d8e664e1b9f89dbc8635d7c7a5acff85332bdd058496c0bbb1c111b4dbcfb4 \
    --hash=sha256:94fab7525b77af4230a4e406c6c8dcc0dcf25eac91a1975c75706e4806d28915 \
    --hash=sha256:950f12259890c3fed24219a5219bcf1d98dedcbf258eb43bda218b919466d143 \
    --hash=sha256:95d2a5172d7b164c11a9b92c584bced9ddecbf963ad71432951b92b0de903d71 \
    --hash=sha256:96a617d936b3141899c8f60a9fc8291ec7fa55779bac0992b26bac713ab2f1cb \
    --hash=sha256:979f69f2ade92a2afd2f67208217cf2ba174e237f7edc936ecd5af28340a463e \
    --hash=sha256:997ea4a591459346ad69ed98fb7a627a01f49ea08d220a113cbb8caf34ca4e50 \
    --hash=sha256:9d46f4f9d45911f413fb21745c34a645984683442372dc45ae80c3c43c08808b \
    --hash=sha256:a078375b48bfe1f6c49a8dfc9697c73c9bff0e1de30542099691f8f209896fba \
    --hash=sha256:a4a41a246474ef12a1d4f1b8b87866a4deb8384047df70f5867018a6603e7fac \
    --hash=sha256:a6a85e6b3f896bcb9625e9b321947fd50f0e84627dbf0541e46b2fad151137fc \
    --hash=sha256:ac1b011f3301c6fbe51c4ccc43ceaab74266adedaf00e7d96acbaa38f3377835 \
    --hash=sha256:ac462dff754a62576872aba41921bad0f2a60b43e51811af54417e6cf01e3ce8 \
    --hash=sha256:ad5ead1a56415f298f31559c760587b2f24105904adfab72650ecc76c9886fa1 \
    --hash=sha256:b50af311ea4d32595bf403488e247093dfa470d267f0b1959cb252a716f5c9d1 \
    --hash=sha256:bb1d95203ebb3174126cf3a8d078c1c3f490ac42ad48333dd130d70acc408b81 \
    --hash=sha256:bdebb5495c6cf734c4355c99c976d85a58dfeb08083e5b8be263ed7faef799de \
    --hash=sha256:c4648b0954c021c2cd3f4498e70a9d0ba5bc46aaa2a737dc110a317e47df493d \
    --hash=sha256:c6c262ce950cbd831b52fffd0e39e5ca4bd6dc60ce048d0d6e44dae7204634a9 \
    --hash=sha256:c745c316301fcca10d1b85e2a8d3ff1df9c138aa6a755f143ef7437f6718a131 \
    --hash=sha256:c800584d288c8430fa242e9f5fccfd904c129e11821da6ca6f2180f98c30ceb9 \
    --hash=sha256:cad12a70fae847c7b0fcf98ba0299ffcfe9c51c9f0f7764185bd91a2c709c937 \
    --hash=sha256:caf15026394789e508991d43423937ab1d1cf07df8866876ce998d84862ed209 \
    --hash=sha256:cca0a8a4498a355326fb491d852187c2fd2031d3e61925e349ba297d3ab884f4 \
    --hash=sha256:cdbea67df0482681970bb4cf668252e405572fc4b582e8cfd860b5a29fe75cf0 \
    --hash=sha256:d08a97ddbbdde8a6ed3e631e8d7ca5f867d930a0dff2e2d800b3fe7540430f2c \
    --hash=sha256:d981f7999d289809d72af50cbd05b2d03de1e6b181690ce8f37bf98edc0d9c43 \
    --hash=sha256:d9e13967e93e2db2245ec7537ea3ba9e00808585cc6199a08dc649b702ebce01 \
    --hash=sha256:da86a8d03c55615ab494f474e94e06e86eb1cf5977a99d4734cd5699d4a57a65 \
    --hash=sha256:df343db6af8a650ca7fff0b06eb20f05c964332d0d1cf5706b7e7e6f849a8b3b \
    --hash=sha256:e2a194578d8f2508c6a73e18d640fdfe5b2b351946d99082ecb72d855e50ea0d \
    --hash=sha256:f0ecabb9e586d54d13edf4336af929a026b8c741aafdd0d98f252c6fc536d726 \
    --hash=sha256:f3dd4186c80bdddfd4ba4cc1edd88f87c0c7cc03bf92f2b69e00c08958fe2d7d \
    --hash=sha256:f3fb92964281dee49392081be15668fa11f9c638b01c2388517ce4ffff6c3311 \
    --hash=sha256:f66758d325f1209c68368d4ef6c974661ca3784c398b8ed3d61df660598c6d25 \
    --hash=sha256:fbb3cfe03751db6a2f29e938017e11851c93fddca1ac4f78287faceba4d24059
    # via rosbags
argcomplete==3.7.2 \
    --hash=sha256:6029205678bdd9c1c728a155f5f9ecf5812393f969eef58807641a2bc2aa5b19 \
    --hash=sha256:aad8b69a0b9969edb62db0d1752354c0d50717b10e0cbb00e2a958381b9fc6b9
    # via evo
asttokens==3.0.2 \
    --hash=sha256:3ecdbd8f2cc195f53ccada3a613538bb5f9ef6f6869129f13e03c30a677b8fe2 \
    --hash=sha256:9da13157f5b28becde0bd374fc677dcd3c290614264eff096f167c469cd9f933
    # via stack-data
attrs==26.1.0 \
    --hash=sha256:c647aa4a12dfbad9333ca4e71fe62ddc36f4e63b2d260a37a8b83d2f043ac309 \
    --hash=sha256:d03ceb89cb322a8fd706d4fb91940737b6642aa36998fe130a9bc96c985eff32
    # via
    #   jsonschema
    #   referencing
blinker==1.9.0 \
    --hash=sha256:b4ce2265a7abece45e7cc896e98dbebe6cead56bcf805a3d23136d145f5445bf \
    --hash=sha256:ba0efaa9080b619ff2f3459d1d500c57bddea4a6b424b60a91141db6fd2f08bc
    # via flask
certifi==2026.7.22 \
    --hash=sha256:62f22742b58a1a33014a2b6b706588a8d7e2a88ae7bd1a6ebe8c992928483775 \
    --hash=sha256:741e2c3b351ddf169a738da9f2c048608ff7f2c5cc02f1ebc6b118bb090d5d55
    # via requests
cfgv==3.5.0 \
    --hash=sha256:a8dc6b26ad22ff227d2634a65cb388215ce6cc96bbcc5cfde7641ae87e8dacc0 \
    --hash=sha256:d5b1034354820651caa73ede66a6294d6e95c1b00acc5e9b098e917404669132
    # via pre-commit
charset-normalizer==3.5.2 \
    --hash=sha256:01077390b03f7988f11d700a2194e69b119741a86b1a638b1db88891e3eced8e \
    --hash=sha256:01b0c0d2262a9e28e8484a278c7e1b5d650e3ac8cf2683d2967e25899f208bdf \
    --hash=sha256:04851f73ae72b8413dddadb16a49dfee95263553741fd42d546f7d66907e6be5 \
    --hash=sha256:0521c5665880b33d603717defa76c094048900010897909952397feb3039da56 \
    --hash=sha256:0774bf9bf620249fee3e0b8b9fd3065de213be30f3aa94ce2494b3b638949e26 \
    --hash=sha256:0891b9d3903c5571c03771ca669a4b0ec5618ca722a5c957d3d29cd4e5062848 \
    --hash=sha256:0c951d5e6dd9c2ff60609476752bee49da4206adde960ebc247766937f72e718 \
    --hash=sha256:0fed1d06615f022ee3b13caf5e8b180cfea32bb2c5aded8a9d44277afc040f93 \
    --hash=sha256:114e4d0c92d618409ed82a99e22b5c5e768fe995f2973f78265f4524f49d4640 \
    --hash=sha256:11912e4bb14baae7c5d8791aa55ba0a3a03ec6729073307b0f57270abaa713d3 \
    --hash=sha256:11a4d68a6ecda3292cb1e50239e111543ba5d709bb62a6b4ea1afcfa729d8875 \
    --hash=sha256:124fbf1a8ff966d87ae05bb8bd45a71f966055ed8bba320d0c7cf450bc5f4d0e \
    --hash=sha256:1461ac396c4fdb983a675f20aa555624f0ee18ac83d832b9244ffff3d8055275 \
    --hash=sha256:1503bccbeb36d5527790c3930327704c39af22de3112f1b1666a9f3ce15ee204 \
    --hash=sha256:15bb4005af6320d259dc7593ca84a38d7fe06a421dbcf7b910ae23979101e787 \
    --hash=sha256:15c44f7edfd477b06f517a5cc317fc1707edb9de2c865f43d4b6513907473234 \
    --hash=sha256:16fa0eccf81304b79c5cd87f9271c3b85dd9dd99245e4422ae9c0dd45e0f99d3 \
    --hash=sha256:183b88127acdb4fabe59d951ab424faf1af7b63cdbb5f776186c1ea2ffcaed98 \
    --hash=sha256:195c26fb65950f8fce54e26349852b7bdd7c5f120aeefbcc440b8a20faaed4a3 \
    --hash=sha256:1afb975bd5d68d5ce9f6b6d44fdf2f7e34b895a35e95708a7a91b20a3b51d187 \
    --hash=sha256:1b4cbc7c3491ccb4aa17fcd8165649d01cf39f76de1696da8631b5f71b85401d \
    --hash=sha256:1bc0baf5ef96b6ede57d47f4b8fe4d9d84019c3bfcbeb20a41edc6a6ee341f1f \
    --hash=sha256:1c50fe28bbc2ced33386f298650d91218076c05420e6cbd790b913adc41659e7 \
    --hash=sha256:1db38f4c5496827c1a501846d64d14c3b80c7e6714e406cd7dc36a9899fa1011 \
    --hash=sha256:211d5a3eb6af8f513b8d4ca19a8c1b7accab1b5f0d3175f9826b03c1a920dc1f \
    --hash=sha256:23851fb4e1b85ed3f6c2a27b777cdfe2e19fb5b38429a8faf38c7542b7665869 \
    --hash=sha256:254eb48b9fa5ee9898a3c445825a1f340fe53712a098904b39b0bddba8ea3cb1 \
    --hash=sha256:2625388c6c754520c37abaf3b41eb34d1cc4a373f457898f08606c8e362b891d \
    --hash=sha256:281cb91036248400f4cc957495cccd44c275c2e0c5854f7e45ac5cf7dc193847 \
    --hash=sha256:28a15fdad492a99b6eccfaaed66ef3f74050680545ea61ec8b2f4c538f1f1320 \
    --hash=sha256:28b4f0d66fb834ff90f28209ac7bce77868c45d8c93e26f906709d9b7c2e1af9 \
    --hash=sha256:2a925889534b3748302dae5dead07cc13480de1dac3aea80a941b729b471ef93 \
    --hash=sha256:2b7b3bbfb4fe8ef40600792d762fbaa9057559f9d3fad209525b7a22b99e91fd \
    --hash=sha256:2c9ad19a6cfcd5ea5c0d41161d22f9df1dcc277e9bef2751391334546a314c00 \
    --hash=sha256:2cc961b171b3f3440f410489ab3573e86aea8736134ebbb40ea1338b7f0831bc \
    --hash=sha256:2ce45c6627b22c47e390bc91a41c3d13032192e699fa0bea96e9671b373d69b0 \
    --hash=sha256:2e06a3a98f916dd41d27f3105e02e7a40181c98c94b9158733d03a6f80506c09 \
    --hash=sha256:304d5463e65a35d7bb0850550e0780395395f6fcf452f04db7d5ca7cecc425ac \
    --hash=sha256:304d8e4d493af723536393eee0c689eb7813f4a474c8b479dee63f1fdd98f621 \
    --hash=sha256:30fcd120b732aa79317f08dee04d7de0847822e4cf7ee0e9f445bb958832252c \
    --hash=sha256:31f3930700408d211f13378ccbe1c40845d8da54bd0681fac3a9b5aae81c7aa8 \
    --hash=sha256:34276fd796040bf0993ab33a369aa572e6979c7aab225a88893667ad8eac8f7a \
    --hash=sha256:355ad8011081dec5412240c087a9a0c9d4d5039f3ed11a3f13e18c2b29b56c51 \
    --hash=sha256:38a873987f3be698494da8b2e3085e29da02da7b633dce73e79c699a113d7bf0 \
    --hash=sha256:39de2a259fc954455c57274dc94c79d5842774e1247a016aff30bc0efed0f4ef \
    --hash=sha256:3d14b50de6bf4d0edf857a9386836846f982b8f524e188e2e68b96d702bcf4aa \
    --hash=sha256:3d21b8b13c7592db2ac5e544a6d83187b995257472b0c9e8351b6d507ae37ed6 \
    --hash=sha256:3d31298449090ab8d47b7b1b2a555ff73cac7ed438a08b7ac160980c7ebed649 \
    --hash=sha256:3ddacd27458c45bdacd6bd6db644bfb730efbf9e830310186e3045c9c5be8fb2 \
    --hash=sha256:3df041de8887954562c9b261cba85ca0e9ded74048daf125f45edcfaa4832229 \
    --hash=sha256:40ab6bffa02ae10a0581e6c198be7d2d8ca5c2a0c64e4ed3465d766df457573e \
    --hash=sha256:4275811936e2f06feff5e598fb42a1b7ae852da8e39605211892b56b81a34efd \
    --hash=sha256:443eae2bf318abeaf6f15d785138f71fd6de770e99a92158b8b814265e079115 \
    --hash=sha256:447441e76ec720b15e64418d32e092297340387053047c7c694f579efb0ee1d9 \
    --hash=sha256:4495c5002a7b28557e7e222e77e0b661183e432b7d6d2e788101e3f240e05b8c \
    --hash=sha256:44bd4fbb29dfbeba60e7d2bd000c59e4b21ddb3cc53912b14048d37092706d7c \
    --hash=sha256:4685902cf26edf013ed7a3da0f426ebba7a00ebb9541386d835afbf002c11cab \
    --hash=sha256:498dc3188ca05a68231ac3fdbfc7f57eb67e1343c30e0fea17f8218c1599b253 \
    --hash=sha256:4c2b5031f63e331e3839b40aed2dd6f191e9c07edbde303e7876846ea1946995 \
    --hash=sha256:4d48f2d08b9de5864e2c8744d4461b862fb149a18274abc8b698c45975573438 \
    --hash=sha256:4f87960d57feabfb618e4e0af6e7371645fa26a277860739d6e5d6e0012c92f0 \
    --hash=sha256:50e3adfb96fc189eb27b1cf62d3b598b89b4bb0420d93a3d3e42e137409011be \
    --hash=sha256:51cf45226a9b588d0d2b4880c62d686934b63ab0bd79ca23ab0e9762eb27441b \
    --hash=sha256:52aa6992700996af31f375de0c6bacd402b0097fe40b53c426b9f51a90ebabc7 \
    --hash=sha256:55ea99acb17b9325618de155a0cd6a2e8f5d10be008113e1d433bbb58db543b2 \
    --hash=sha256:56bc200a365efb37383b7852e4cc5898d3b2da5987289b543956cf8cad71018a \
    --hash=sha256:588461c2e8384d309bd63e5826019b6977bc66d629b99ac8737bb795d7b2cb5a \
    --hash=sha256:58ca3755ee7ff7f59b57789ec9833c9de9ea275405cdd240eda1f193112e398a \
    --hash=sha256:58f361dcbab699cf8f42db3f47c8e7fd1036f138c23a5d08de9fde5f425a730c \
    --hash=sha256:598a11a2c7ebaa5334bf698bf29568c9c390abac6a154d8170fedecd1cea38c5 \
    --hash=sha256:59f63901b0031c3136cf64704dcb21de0bbae62ce2c9529bc39d27665463de37 \
    --hash=sha256:5cde776b7cc66e4f6c99612cea4aa7269aa65863f7a15841b2c264f103822f4e \
    --hash=sha256:5e2b6b57e9733d39f0c9fd3185efa6b8e29652c4cd8fe94180272cf6ed9a78c4 \
    --hash=sha256:5fb29fb8cd1a46c27a1bf9613ad5ec2599310d46b4025d9556404a6b6a292800 \
    --hash=sha256:6045373d5a89a5ec71afde535db987ca28e76dfa276c2d4c818265b375d4b055 \
    --hash=sha256:619799369eeef6366ed3e8755a5670f4f2f0fb6b30a0fd7264dc0fdc2357058e \
    --hash=sha256:62588a277bfb59def052abd940703fa35107152bf479781a878617d60faf8fb5 \
    --hash=sha256:62603db9a7caa0802eaa28c1c46fecd7b3a263a774069c24c3c28c302448721c \
    --hash=sha256:65cd72beeeca9d3aaea1201e5923859f308f952f9c71de93f06063c79f0f7a3b \
    --hash=sha256:68eb192d85ab8e5f6ec69c2bc6ac0179fbf04a5ac1569d12fbef74883fe102d0 \
    --hash=sha256:6bd128f206a7752ae1f2ab6c61bf8a24ba28913a10df8b14c2637b973ff97a80 \
    --hash=sha256:6be488a102b8cf28d0391d8c4ba7748938ae28b78ad901f8585520fca33ead1a \
    --hash=sha256:7218e8f32b0956cfcd048fd42d9d5779809745ca1d86113ca56f66e7ae1549c4 \
    --hash=sha256:7441d755b7ab94f8d4eb3e43ec05482d760842fd263d003a99102d742cd835e2 \
    --hash=sha256:749e97e1b32313717a565abbe321bc2190bc8b35f1a67e4cdbc7c56c8d8ffe58 \
    --hash=sha256:75a3ceed0724d625d64b86ca20aba182e4df462e04c2414fc941c0f523f06aac \
    --hash=sha256:780fbe7cab297b81dad9fb8dc5eb003c0468ffb0d9e5f65068c53a34661a96bc \
    --hash=sha256:78456a747de8dc58360ffa581f30a002baf5aa28cb262536545e91f113ed7639 \
    --hash=sha256:7967d08cf06dee78443b874f98c98036f624f3a4e73e11f9f64f5be4d25393cf \
    --hash=sha256:7a881931aa470808df94a8c380eed2bbbc76cd9dc622310f99665658c821eb6d \
    --hash=sha256:7dcd882da75ef9adf94903b1e3b9419e8aa8fb4c7396822b834b9ef7fb96954f \
    --hash=sha256:7e841fb9010836c992c9f12fcbd43a831de93a5f726fc1ccd8ca1d0268c5014c \
    --hash=sha256:7fdde2c9fd9e3eca40631e024664cf2584272cc8f96308cbe5fdfc930f51d8bc \
    --hash=sha256:8024d00c3faf3fc0c16e07a69f4405e8eac7cc0ab15f65fe6cf43827c4cf72b4 \
    --hash=sha256:80d02b6f04e92601a081dd97b23d3128033098bff5d35d392ddcc0476ea11253 \
    --hash=sha256:838dcc90063569a0448120554591a1d6c4a4ffe11babf048908793154ab86ade \
    --hash=sha256:849df64e889b2e17230d58410a03dba311a65b163508fd33679b2b737d4b7858 \
    --hash=sha256:87475fabc8d9996fd9c27debb395e642e8c838d78a00b6e932227a0e06b81e26 \
    --hash=sha256:87e50a3e7cb90af586b6c5faf23e302a970415ac73bd7bd90a515a04b427ef96 \
    --hash=sha256:89b53f3cda69831909888e0494f4fa0bcd3537e3e138dabeb620bd6ad946bae8 \
    --hash=sha256:8a893cc101149f80a653f82062ebc95b34525a2614382e1da5458fe7c6997249 \
    --hash=sha256:8b2bfab86aa71ae13aa41a6a26aab338e0db2b8bc75434b05aea89e011ff35a4 \
    --hash=sha256:8d86d6fc60743dc916eb79e2eb1ec4818e21e427731543af40a3021851174a13 \
    --hash=sha256:915563965d418f986e7e145accc592eae9e1a1be3566ff98a05d7a9ec42a76e1 \
    --hash=sha256:92888bb3187c5ba50500b00b3b310c9f2c651709d28036077680cb5255450a03 \
    --hash=sha256:93223adc95033dd47133a46ccfc316a0139176fd79085762e27202ec56018f03 \
    --hash=sha256:9373ad13ef0d2c0fb761e04e55bfdee5a08b52cef2c882c8fbe9935b1517152e \
    --hash=sha256:9409a8bf35cf78353942504b24a57de3d75b708997a1e4bd8db71ac8633ce364 \
    --hash=sha256:9b7f416ff0978e2f2249330527f0ad6fa02f4932e6199692d3b52da2048c19e4 \
    --hash=sha256:9bde855991b7e362c146535e3136a50bfaffc0487d38b33ca7e5edefc6e23849 \
    --hash=sha256:9cae88599c7219005d879f98e5ed53341e9a122af585e1091200358a3003d2a0 \
    --hash=sha256:9cf9b1a857e25c4baceeb3624e92a56df3668f398c4acba74e174d81fb4d1d3a \
    --hash=sha256:9f56f72050826f63dcee7a7f55b0a77168cb3bfc553fd405e7f8f9ece75a4036 \
    --hash=sha256:a090bb2c68df85450502e3e20d665e3a5af9c65a84d6508ed477badd49166fd3 \
    --hash=sha256:a192e2c40070d92c3ccf777e3a5c4ff515573cd2bb7ed0c537fdadbbec5bbf21 \
    --hash=sha256:a19a731138fc27d5682277d3b9df22855cea1239bce7fcec5f78f42ef2d1f3c3 \
    --hash=sha256:a66c3bc5ab1f0ff2164fc9965ddd611ff0802173f4b9d24554c563f6ab7e1d6e \
    --hash=sha256:a815775b6c38d4e0ff7bcffbeba67feded90202bb6a226b8dd35f1c855217413 \
    --hash=sha256:a89012d6d5476ee112d20d998570ed58df2260a852afb1758809cd6900411d21 \
    --hash=sha256:ae4f5fea5b8b8ccff88238cc8569303e5ee95efae67fa62922a311397a71f346 \
    --hash=sha256:b6856554c4f44d79fc2307d5768854310a8f0096e501c75637542c82292b0429 \
    --hash=sha256:b6b751274acb69d77b3323d6b7dbaa3c7fdfc1eb829b7eb61d262f32e1af9685 \
    --hash=sha256:b736353c0a625bbd5fcec108576e2385db3496f4f771f785ff32e108d3c3bc45 \
    --hash=sha256:b7fd005a73d9e657273b7a10dc71a9e03c8fb9ee6999798d6918ce095b81ac7f \
    --hash=sha256:b91363207bd9dc966a691e959bb47f64b30f7ac4b072be9968b366982f7db77c \
    --hash=sha256:ba0b1d2620edf869789c3879223f52bf2afc5d31b3cb47cc57b3a12c05e2aa9d \
    --hash=sha256:bbbfc8e28816f19d7c0f1816664980c0a9875d01b27cdf8eedddb639d9e108ad \
    --hash=sha256:bd16aabe4a02a297c23417aa17ac6299dbd8c49f673bcd645b4929b11f5a4400 \
    --hash=sha256:c0afc6800ba57ccc350374c5bd6150419915d95ce93cdbab2d783d75eaf30ecb \
    --hash=sha256:c6708715abcf3c73b99508253e961a9967f02fe536532834149574eda6de0d1c \
    --hash=sha256:c7c9ab723cde841fefb34efbad91e87f00a674b1fe1cd0784fde742bf2c154dc \
    --hash=sha256:c8f3d67aeaf55f017982b73683f0e7342ba2f6635a78f69ce89ebb26aa411e5c \
    --hash=sha256:c9790464842f85f437dbbb54417eda1e0e6bfc52dd8d22d6fd1c994b73b2dc74 \
    --hash=sha256:ca403d7e4798f525fdfc78e258820419cbbd0f0ecbab9de7840e3c017cf6b8cf \
    --hash=sha256:d008d90a7f2471519aef0c90dfbe73b3e6e4d5e66ac48e19154c17e89e98b604 \
    --hash=sha256:d19fbd981a488e22cd04883659ca6b08f50b5974f9fd7c95655ef6a043e5893f \
    --hash=sha256:d1befeed746d247c81127bb14de9dc3d30edb6e5976d34f83f86ed262b1d9105 \
    --hash=sha256:d2374b62878abb00cd8309b32af6c0b715cd02dec0ca74ef12e5069bdc64144a \
    --hash=sha256:d376bbd28b3a8999db1a103b3b388aee6f1ddeb3e51bc2172993efdcd86e064d \
    --hash=sha256:d4a7319f304a774bed22115bc891618e45f85065ab44ea6acd07d274e750519a \
    --hash=sha256:d6734d2ef8a50fbf8445c139477da401f50d62a0606bf00e20ec6d87773fefb1 \
    --hash=sha256:d760fe2a4d7c3b226cb9026d6a842868d52a7901bd98420e1baf14e80da85cf5 \
    --hash=sha256:d913de495d90407cd859d263bee2e5d1a4ed3eb6573c04e70d9ec619a7cbed7f \
    --hash=sha256:db19d07e2e0129e974a0e65d0064fc222a446cd5122c2fd4184d2af9fc734a9e \
    --hash=sha256:dca9ab98072a5a54ebacebdc45f53e645336b320c667410b061be1ca588ae709 \
    --hash=sha256:ddc7dacc8ece3a182e7f15cb862d1fd616b46d076cb1ae9dd232b2c38b655874 \
    --hash=sha256:ddf19c062bea7a0cc80f519243d2c01dd091be0cf952a0750d4ad576709559f5 \
    --hash=sha256:def79fa35ef0cef8d2accec024f4fdc7ead3012ff02f5215c783f39f03ef8cfc \
    --hash=sha256:df29a0a7107f7011e77f4eebdddec4c7331e24d787a0b21a46d63bdf7445da95 \
    --hash=sha256:e09a3942ecbdee5cce73ea9d42da82b81b72ac1bf031ce069b93b5adf4eac8cd \
    --hash=sha256:e242bb1c5e76e97dfa9e7f209a71e93a01d7f19ffdd5cfbb2e2d55b4f08f8ab0 \
    --hash=sha256:e243bd13217235fc7290c621941c3f5cc8b66e4872495be821d7436ba2fb838d \
    --hash=sha256:e2af3aad578aa6bd1384bcf4750fc285e5a9de53f40b7d41e5a0bf748edeb2b3 \
    --hash=sha256:e4e81e09c1578b8df602e3db08b0b3ea0a6947ad612f52bf8dc5ea8d47691f0c \
    --hash=sha256:e54da4baf05720032d527874d40b65fa4d7e5c6c6a43d0c3adbeffcaf275a2b3 \
    --hash=sha256:e80e6c2f55656b4824d72065abb4ddd6a525c74bd78a0aab5d9fc2cf4fb5af50 \
    --hash=sha256:ed2a239c0ea213acc1908150a3037257083c7c083128f1a4cec2ec4b97dca491 \
    --hash=sha256:ed905975ab14056a2e5eb1c376cb2e1ebc5396baf84163939c518556fccde9f5 \
    --hash=sha256:ee21e28f0430bd6dc9086c6e525d5e818a44a5ad19720c8a0ef766792f3eb5e5 \
    --hash=sha256:ee43c17b173d46a3212baa6ead3ae258eeabdae48c263a01ccf0218c366dd655 \
    --hash=sha256:ef4fcbf3327382cd4c9f540babd61248208af7b93eec4de397b4d5f58a09e288 \
    --hash=sha256:eff0ac9dbe711a4aee69bf04a83896aa9b85f19641264053a9f6d48573abb7dd \
    --hash=sha256:f0aa869112ef88429ae17820d99c3dd9504c9e9c671d3c246f3d7442cb051084 \
    --hash=sha256:f3c96f633825733f735c5a9cf21d21a257d8e1edf0b1cee0a064b9c424ca0f7d \
    --hash=sha256:f5833ad231be5eb6553de524a70f48d71b2c8563101750531e0b80184e175cd4 \
    --hash=sha256:f5ec61164adcec446f8969a3358ec3f9b26bbda3b9213e5586d219afa8df2915 \
    --hash=sha256:f7d486c83842422badd511868fd8a9a20e9407ace71564b6af47ce7e60a336c1 \
    --hash=sha256:fb9e68df06293761f9fe66ade60a9bc6d0f5e42b8acf2939a9158af86ab0e5bd \
    --hash=sha256:fc14a032f813bf5fe624d991960ea83e9715adc27e4c1830a2361eb1d02ac341 \
    --hash=sha256:fcff63213e8e6e47770541a4607175404f47cbb3ebea7b6058cc82d524a0e424 \
    --hash=sha256:fd1fbe0f116b6e55da77aca2c6ddcddcfac2186cbf78bdebf40fc156efca389d \
    --hash=sha256:fe9753dfee015c570d73df76f899f18444d41388bffcde097deba51c4fadbb9f
    # via requests
click==8.5.0 \
    --hash=sha256:255bc9599cf7748b4b1a446ccc735421bd08a2ae529a8b88597d3de5664ee360 \
    --hash=sha256:ba0d2089de75ea0310e2dde03160e6ca10009947fb95a182f9b54021bb272e34
    # via
    #   flask
    #   huggingface-hub
    #   uvicorn
colorama==0.4.6 \
    --hash=sha256:4f1d9991f5acc0ca119f9d443620b77f9d6b33703e51011c16baf57afb285fc6
    # via evo
comm==0.2.3 \
    --hash=sha256:2dc8048c10962d55d7ad693be1e7045d891b7ce8d999c97963a5e3e99c055971 \
    --hash=sha256:c615d91d75f7f04f095b30d1c1711babd43bdc6419c1be9886a85f2f4e489417
    # via
    #   dash
    #   ipywidgets
configargparse==1.8.0 \
    --hash=sha256:22a417f4d7b00149f0af82ef7c491f8ecc4b1d5454633fd319b386f5eb806f92 \
    --hash=sha256:bb25b307c3cd46a3e868e7f7aa51487eb8003a9f01cac3ae129b66ec26eb794c
    # via open3d
contourpy==1.3.3 \
    --hash=sha256:023b44101dfe49d7d53932be418477dba359649246075c996866106da069af69 \
    --hash=sha256:07ce5ed73ecdc4a03ffe3e1b3e3c1166db35ae7584be76f65dbbe28a7791b0cc \
    --hash=sha256:083e12155b210502d0bca491432bb04d56dc3432f95a979b429f2848c3dbe880 \
    --hash=sha256:0bf67e0e3f482cb69779dd3061b534eb35ac9b17f163d851e2a547d56dba0a3a \
    --hash=sha256:0c1fc238306b35f246d61a1d416a627348b5cf0648648a031e14bb8705fcdfe8 \
    --hash=sha256:13b68d6a62db8eafaebb8039218921399baf6e47bf85006fd8529f2a08ef33fc \
    --hash=sha256:15ff10bfada4bf92ec8b31c62bf7c1834c244019b4a33095a68000d7075df470 \
    --hash=sha256:177fb367556747a686509d6fef71d221a4b198a3905fe824430e5ea0fda54eb5 \
    --hash=sha256:1cadd8b8969f060ba45ed7c1b714fe69185812ab43bd6b86a9123fe8f99c3263 \
    --hash=sha256:1fd43c3be4c8e5fd6e4f2baeae35ae18176cf2e5cced681cca908addf1cdd53b \
    --hash=sha256:22e9b1bd7a9b1d652cd77388465dc358dafcd2e217d35552424aa4f996f524f5 \
    --hash=sha256:23416f38bfd74d5d28ab8429cc4d63fa67d5068bd711a85edb1c3fb0c3e2f381 \
    --hash=sha256:283edd842a01e3dcd435b1c5116798d661378d83d36d337b8dde1d16a5fc9ba3 \
    --hash=sha256:2a2a8b627d5cc6b7c41a4beff6c5ad5eb848c88255fda4a8745f7e901b32d8e4 \
    --hash=sha256:2b7e9480ffe2b0cd2e787e4df64270e3a0440d9db8dc823312e2c940c167df7e \
    --hash=sha256:322ab1c99b008dad206d406bb61d014cf0174df491ae9d9d0fac6a6fda4f977f \
    --hash=sha256:33c82d0138c0a062380332c861387650c82e4cf1747aaa6938b9b6516762e772 \
    --hash=sha256:348ac1f5d4f1d66d3322420f01d42e43122f43616e0f194fc1c9f5d830c5b286 \
    --hash=sha256:3519428f6be58431c56581f1694ba8e50626f2dd550af225f82fb5f5814d2a42 \
    --hash=sha256:3c30273eb2a55024ff31ba7d052dde990d7d8e5450f4bbb6e913558b3d6c2301 \
    --hash=sha256:3d1a3799d62d45c18bafd41c5fa05120b96a28079f2393af559b843d1a966a77 \
    --hash=sha256:451e71b5a7d597379ef572de31eeb909a87246974d960049a9848c3bc6c41bf7 \
    --hash=sha256:459c1f020cd59fcfe6650180678a9993932d80d44ccde1fa1868977438f0b411 \
    --hash=sha256:4d00e655fcef08aba35ec9610536bfe90267d7ab5ba944f7032549c55a146da1 \
    --hash=sha256:4debd64f124ca62069f313a9cb86656ff087786016d76927ae2cf37846b006c9 \
    --hash=sha256:4feffb6537d64b84877da813a5c30f1422ea5739566abf0bd18065ac040e120a \
    --hash=sha256:50ed930df7289ff2a8d7afeb9603f8289e5704755c7e5c3bbd929c90c817164b \
    --hash=sha256:51e79c1f7470158e838808d4a996fa9bac72c498e93d8ebe5119bc1e6becb0db \
    --hash=sha256:556dba8fb6f5d8742f2923fe9457dbdd51e1049c4a43fd3986a0b14a1d815fc6 \
    --hash=sha256:598c3aaece21c503615fd59c92a3598b428b2f01bfb4b8ca9c4edeecc2438620 \
    --hash=sha256:5ed3657edf08512fc3fe81b510e35c2012fbd3081d2e26160f27ca28affec989 \
    --hash=sha256:626d60935cf668e70a5ce6ff184fd713e9683fb458898e4249b63be9e28286ea \
    --hash=sha256:644a6853d15b2512d67881586bd03f462c7ab755db95f16f14d7e238f2852c67 \
    --hash=sha256:655456777ff65c2c548b7c454af9c6f33f16c8884f11083244b5819cc214f1b5 \
    --hash=sha256:66c8a43a4f7b8df8b71ee1840e4211a3c8d93b214b213f590e18a1beca458f7d \
    --hash=sha256:6afc576f7b33cf00996e5c1102dc2a8f7cc89e39c0b55df93a0b78c1bd992b36 \
    --hash=sha256:6c3d53c796f8647d6deb1abe867daeb66dcc8a97e8455efa729516b997b8ed99 \
    --hash=sha256:709a48ef9a690e1343202916450bc48b9e51c049b089c7f79a267b46cffcdaa1 \
    --hash=sha256:70f9aad7de812d6541d29d2bbf8feb22ff7e1c299523db288004e3157ff4674e \
    --hash=sha256:8153b8bfc11e1e4d75bcb0bff1db232f9e10b274e0929de9d608027e0d34ff8b \
    --hash=sha256:87acf5963fc2b34825e5b6b048f40e3635dd547f590b04d2ab317c2619ef7ae8 \
    --hash=sha256:88df9880d507169449d434c293467418b9f6cbe82edd19284aa0409e7fdb933d \
    --hash=sha256:929ddf8c4c7f348e4c0a5a3a714b5c8542ffaa8c22954862a46ca1813b667ee7 \
    --hash=sha256:92d9abc807cf7d0e047b95ca5d957cf4792fcd04e920ca70d48add15c1a90ea7 \
    --hash=sha256:95b181891b4c71de4bb404c6621e7e2390745f887f2a026b2d99e92c17892339 \
    --hash=sha256:9e999574eddae35f1312c2b4b717b7885d4edd6cb46700e04f7f02db454e67c1 \
    --hash=sha256:a15459b0f4615b00bbd1e91f1b9e19b7e63aea7483d03d804186f278c0af2659 \
    --hash=sha256:a22738912262aa3e254e4f3cb079a95a67132fc5a063890e224393596902f5a4 \
    --hash=sha256:ab2fd90904c503739a75b7c8c5c01160130ba67944a7b77bbf36ef8054576e7f \
    --hash=sha256:ab3074b48c4e2cf1a960e6bbeb7f04566bf36b1861d5c9d4d8ac04b82e38ba20 \
    --hash=sha256:afe5a512f31ee6bd7d0dda52ec9864c984ca3d66664444f2d72e0dc4eb832e36 \
    --hash=sha256:b08a32ea2f8e42cf1d4be3169a98dd4be32bafe4f22b6c4cb4ba810fa9e5d2cb \
    --hash=sha256:b20c7c9a3bf701366556e1b1984ed2d0cedf999903c51311417cf5f591d8c78d \
    --hash=sha256:b2e8faa0ed68cb29af51edd8e24798bb661eac3bd9f65420c1887b6ca89987c8 \
    --hash=sha256:b7301b89040075c30e5768810bc96a8e8d78085b47d8be6e4c3f5a0b4ed478a0 \
    --hash=sha256:b7448cb5a725bb1e35ce88771b86fba35ef418952474492cf7c764059933ff8b \
    --hash=sha256:ca0fdcd73925568ca027e0b17ab07aad764be4706d0a925b89227e447d9737b7 \
    --hash=sha256:ca658cd1a680a5c9ea96dc61cdbae1e85c8f25849843aa799dfd3cb370ad4fbe \
    --hash=sha256:cbedb772ed74ff5be440fa8eee9bd49f64f6e3fc09436d9c7d8f1c287b121d77 \
    --hash=sha256:cd5dfcaeb10f7b7f9dc8941717c6c2ade08f587be2226222c12b25f0483ed497 \
    --hash=sha256:cf9022ef053f2694e31d630feaacb21ea24224be1c3ad0520b13d844274614fd \
    --hash=sha256:d002b6f00d73d69333dac9d0b8d5e84d9724ff9ef044fd63c5986e62b7c9e1b1 \
    --hash=sha256:d06bb1f751ba5d417047db62bca3c8fde202b8c11fb50742ab3ab962c81e8216 \
    --hash=sha256:d304906ecc71672e9c89e87c4675dc5c2645e1f4269a5063b99b0bb29f232d13 \
    --hash=sha256:e4e6b05a45525357e382909a4c1600444e2a45b4795163d3b22669285591c1ae \
    --hash=sha256:e74a9a0f5e3fff48fb5a7f2fd2b9b70a3fe014a67522f79b7cca4c0c7e43c9ae \
    --hash=sha256:ea37e7b45949df430fe649e5de8351c423430046a2af20b1c1961cae3afcda77 \
    --hash=sha256:f64836de09927cba6f79dcd00fdd7d5329f3fccc633468507079c829ca4db4e3 \
    --hash=sha256:fd6ec6be509c787f1caf6b247f0b1ca598bef13f4ddeaa126b7658215529ba0f \
    --hash=sha256:fd907ae12cd483cd83e414b12941c632a969171bf90fc937d0c9f268a31cafff \
    --hash=sha256:fd914713266421b7536de2bfa8181aa8c699432b6763a0ea64195ebe28bff6a9 \
    --hash=sha256:fde6c716d51c04b1c25d0b90364d0be954624a0ee9d60e23e850e8d48353d07a
    # via matplotlib
cycler==0.12.1 \
    --hash=sha256:85cef7cff222d8644161529808465972e51340599459b8ac3ccbac5a854e0d30 \
    --hash=sha256:88bb128f02ba341da8ef447245a9e138fae777f6a23943da4540077d3601eb1c
    # via matplotlib
dash==4.4.1 \
    --hash=sha256:72120a91b10ee4d73f9446efd5d6a4ec218086feed7b1b479d2259844d1f658f \
    --hash=sha256:9356ca7856bc496c12c5b6de5978aaf783e090d07450ee395ade1c0c2cbdf816
    # via open3d
decorator==4.4.2 \
    --hash=sha256:41fa54c2a0cc4ba648be4fd43cff00aedf5b9465c9bf18d64325bc225f08f760 \
    --hash=sha256:e3a62f0520172440ca0dcc823749319382e377f37f140a0b99ef45fecb84bfe7
    # via moviepy
distlib==0.4.3 \
    --hash=sha256:4b0ce306c966eb73bc3a7b6abad017c556dadd92c44701562cd528ac7fde4d5b \
    --hash=sha256:f152097224a0ae24be5a0f6bae1b9359af82133bce63f98a95f86cae1aede9ed
    # via virtualenv
e3nn==0.6.0 \
    --hash=sha256:24243cf77578f1872a5240a956563ba873d3de0c73459ac7dc3d09061c513dc3 \
    --hash=sha256:5c2b414e9527aad27d755ae9546596e3f7706f45a21dae71c7deedb6c048e4de
    # via -r .local/vipe-alternatives/plan031-20260913T032700Z/jobs/E5-setup-recovery-004/requirements.txt
editables==0.6 \
    --hash=sha256:1163834902381c4613787951c5914800fdf155ae08848a373b8ea5006780977c \
    --hash=sha256:d70e4698078a1d033e7786d9c64e5be070d058a67c21417024d38a58ac20aa43
    # via -r .local/vipe-alternatives/plan031-20260913T032700Z/jobs/E5-setup-recovery-004/requirements.txt
einops==0.8.2 \
    --hash=sha256:54058201ac7087911181bfec4af6091bb59380360f069276601256a76af08193 \
    --hash=sha256:609da665570e5e265e27283aab09e7f279ade90c4f01bcfca111f3d3e13f2827
    # via -r .local/vipe-alternatives/plan031-20260913T032700Z/jobs/E5-setup-recovery-004/requirements.txt
evo==1.37.1 \
    --hash=sha256:310362579fc9a7c68b2a7e6ff2b947fd2698846aef90fd8e8f68bc0b44f31343 \
    --hash=sha256:ac8f73572eca89eff4d9d3762909703e7e61c70a0d93d9884978d91a68ddbf63
    # via -r .local/vipe-alternatives/plan031-20260913T032700Z/jobs/E5-setup-recovery-004/requirements.txt
executing==2.2.1 \
    --hash=sha256:3632cc370565f6648cc328b32435bd120a1e4ebb20c77e3fdde9a13cd1e533c4 \
    --hash=sha256:760643d3452b4d777d295bb167ccc74c64a81df23fb5e08eff250c425a4b2017
    # via stack-data
fastapi==0.142.2 \
    --hash=sha256:06366626f2e70576367714d9ab2fe8472e6c8456dba69b399f9f797ab5e92570 \
    --hash=sha256:bd5f4d81f1e93a88bcd77caf4dfe3c2dbffc3805407a0007e9a114c18b3a670b
    # via -r .local/vipe-alternatives/plan031-20260913T032700Z/jobs/E5-setup-recovery-004/requirements.txt
fastjsonschema==2.22.2 \
    --hash=sha256:0fb3915616adac85ccfdd737d26be1089845d2019819505b42d39888458f74d4 \
    --hash=sha256:72064e12356a7d6ef02165be2946b9abadbdf238536e07eb587e3dbaa33099cf
    # via nbformat
filelock==4.0.7 \
    --hash=sha256:a93c4d93269b339a6af4848342c7e940d0f9928ad95eff64764699e5f1bf8a6a \
    --hash=sha256:da5915714a70b55d167fdc7e251ad91302b0a36816fb574dfafae8f4f2c9bb21
    # via
    #   huggingface-hub
    #   python-discovery
    #   torch
    #   triton
    #   virtualenv
flask==3.1.3 \
    --hash=sha256:0ef0e52b8a9cd932855379197dd8f94047b359ca0a78695144304cb45f87c9eb \
    --hash=sha256:f4bcbefc124291925f1a26446da31a5178f9483862233b23c0c96a20701f670c
    # via
    #   dash
    #   open3d
fonttools==4.66.1 \
    --hash=sha256:058cd823b80bac59e64dfad9e3b6fcd677852f9a3804971bbf6b48cc611e785c \
    --hash=sha256:05aeb146451f37289f782c3c861f3d0f4b86c2dd2e4620b46683544c7406640e \
    --hash=sha256:05c0fff6b4a5d872ed89cab2c4f81060b86ace263903eb4e8d0edcac47a60dfa \
    --hash=sha256:08d8956e3ec990c75230d92f1630b215e8f3738c83a003421c22b31ebfd0ce15 \
    --hash=sha256:09ae73bd219e1245debd8376077a0fa6e03175e255c4f51bae5f6a271bfe384a \
    --hash=sha256:0dc6fd99cb8c30941036308b148da9432640442a6f26f36d71dad9be24cbd0e9 \
    --hash=sha256:1801fdad5600118327171e0e8aa79f7cc48831dd55ab36998c9de03bd5ffe6cd \
    --hash=sha256:261d8dc95845e751f975fe8d6075600593ee253470d46d1b84801688051b09f6 \
    --hash=sha256:2aeb745f2664eb811026997c95628071137a777ea2ad296deec9cb393f0b23cf \
    --hash=sha256:2c7340497cf53490293e0c2b61011e0191633022ede0a0a964a68157a98b0fb4 \
    --hash=sha256:2ce4c93160535761f22c80b2afbc96cabc09855363a5d1a5554265b8a4c85901 \
    --hash=sha256:2d320483928c7831f0139ecb361954a26b2e2a8995681200155835dd8cd4a7d5 \
    --hash=sha256:2d637468dac23aac0e223bd52e66f8faa3b0dfcef57435460fa2107e830226cd \
    --hash=sha256:3087a430722aba8de429c2539fd2a58a9cf05238cdfefd8626460001052ca878 \
    --hash=sha256:34378db9a398b59de18cc79d942f0a907c6fc6301945e065ec888202f607aa3f \
    --hash=sha256:36bb24d4b98faacaff04af1d5e0a4285feba6ed1da6728cd34b6b6deb6bbb934 \
    --hash=sha256:38ce8f5fbd5c17dd2153d47d7c8d4108f3deda3f2b4a79b60ddc470a58faded3 \
    --hash=sha256:43d1284c1964666ee833f2badd3017dc138f53d4889043ffca66c5ce4188f188 \
    --hash=sha256:53e5854ea8003efec34adc0863c18ce91da923018354d27366f7fee7db928d7a \
    --hash=sha256:56d41d650cb8fc6cfe1d85ed7c62a0a56cbeed07bc65ca795475b914d401312a \
    --hash=sha256:5de5d80fbc0e50ff794c244e8fb7afd3eadfe0fa232ba8b162b8c551df22fcb4 \
    --hash=sha256:60f5ea17aed4262630afa43f26997ceabd6417fa05dcedf54c665f5a29193e18 \
    --hash=sha256:64967c6ddb0d4c610dfd8cb1485981b2d27972ddfb7d4bbbd9e199d2a089c450 \
    --hash=sha256:668f092bc0de8902167df6a0d5c5aedc3b4f9e43cf88eea92e9b46a2bd3968f5 \
    --hash=sha256:66fad3b7874062c2a2692f0ae6dea56d24f01b778c7f191950ca3ff997e25a88 \
    --hash=sha256:6946fe7bfb28590a1fd4061a17609c9a843952deb65dcf30d1fe725070c3e7a4 \
    --hash=sha256:71c7ca1b5f46f5dd549f56b47d47c0b709217675c23d3a7bc6aa1a69b6d9bbae \
    --hash=sha256:72299346b96b9244dabcc051b24e4653da4edfda6105544cfb10ce856a1afaac \
    --hash=sha256:7234ae9e28db64273fbbfa72caebd0a97e3bdba6b05064114741b9539ef339d0 \
    --hash=sha256:7b8ff9e0edbcee2fbf7dff0c41b9041c1901c26acf64e23adb67495012df11de \
    --hash=sha256:7cf4f996f9b1cb549bff9ea4c50813988a26ec922c95cfa85c7e4f1270447e06 \
    --hash=sha256:7f49f2834f5d006fe0f3bb10fec73b261806c50941f0cfbc08294074ffc32210 \
    --hash=sha256:83572afe48733bad7a4a9c11721d3a726c2e976d82b063fc9bdd049d76955abd \
    --hash=sha256:8526b2b7ec4db6b81efb83438be52b1264eda9a4994d867163cfe8c65581ce8d \
    --hash=sha256:8aed2bbcd6216253ef1b015763593365ee8084f621dfa53bb957c19d5e05f7cd \
    --hash=sha256:90de3477394c73481d27d2b86091c1c736053ee13ff52c42f0e151948e8578c6 \
    --hash=sha256:9261ef507f2dd74203443a472b65b5a26429eb378f975016dec7dc7305b24898 \
    --hash=sha256:9ea6c93091cbf83161a544388746a0911550bd98cb911faca3591cf5ead166ac \
    --hash=sha256:b13c8c541ce0b794add3211b3641cc0e113d707f73e06235e6fe9731bd7c45a9 \
    --hash=sha256:b18803cbdef248e7ee1be59cb277fbbe1da1faaa6f726fa5d3557904e6a3d967 \
    --hash=sha256:b878c78b2af11b879bd4f26bb0d8bda2a4c64543fdd3f28efe2c80f97f043885 \
    --hash=sha256:b8b71db96d605784e2c5ebf0788a406018ea8fdd80338491f4c83613d5cd1fec \
    --hash=sha256:b913b8e9f7ca9bec44d1eb919f591c596c61041aa357c96be55ff93169859e91 \
    --hash=sha256:c258eba62260beb33c110b03a6912cefa3635239c4ab5615b7225fb6f7b85238 \
    --hash=sha256:c47299bca4b5acaaeb32100f77b944feea151de9ef1773365a410dc3d49b945b \
    --hash=sha256:c666fefdd5613a0e99aa4516e6ff4ef87aa86cf1c7ba12a73550f4770e46b750 \
    --hash=sha256:c724e56213494c6695335577822b2d1628d102e71614de8b7eb8e30886d6a314 \
    --hash=sha256:d3b5403e82d0c7659ff1d9f956e29a3a68d094f043e9f5bc0442796fc3a4fb58 \
    --hash=sha256:d4f76868aea9cc4ce47fdbeaa904c02ee7d85dd0ad095071ae77f0bda6e62cf5 \
    --hash=sha256:d84ac0bf776b68396185bd919dd29e633d94300660335efc40b55b294b886903 \
    --hash=sha256:d8f0a8f16c4f3a5a87ca971de2631792d8cb4d570951f2000acf712f157d40db \
    --hash=sha256:dbb7b950f8c02deaffb6968994691e8589d671b7ef8396bc9d5b5c0dfbb7292f \
    --hash=sha256:dfba62cc93199ba62c376f90f2a9147d92730d301e44f88e013e50ff5edf6193 \
    --hash=sha256:e1cde50b3ec84ca6fe63ca815de183dbecb88e8adf8ada82d8ea130ef12b2b43 \
    --hash=sha256:e7ea7a08547a453fa000db96ed5714a3dc7e2b4255b9243f897921f8c10c169a \
    --hash=sha256:eef76d5796e604f9d6753fa6d323c4eb9f4e0e43f1dcca553f3e6914f1667b64 \
    --hash=sha256:f08ab7f8461c37ecfdd29ad97fb0c0780b50501bd664bb0f46b6e83ed2b9d2a7 \
    --hash=sha256:fdf4afd75c643e60ef4a96fe64fc8a9def27d2a542112332371a9e5066885f9a
    # via matplotlib
fsspec==2026.9.0 \
    --hash=sha256:0f08147951c8cb31d844c3547d631053b127863b60be04cf06e121333ee0e2fe \
    --hash=sha256:8dd6e646e99ea382bd85f97a45e6b526a442d79423a7dc673f1e2756d05fcb5f
    # via
    #   huggingface-hub
    #   torch
h11==0.16.0 \
    --hash=sha256:4e35b956cf45792e4caa5885e69fba00bdbc6ffafbfa020300e549b208ee5ff1 \
    --hash=sha256:63cf8bbe7522de3bf65932fda1d9c2772064ffb3dae62d55932da54b31cb6c86
    # via
    #   httpcore2
    #   uvicorn
hatch-vcs==0.5.0 \
    --hash=sha256:0395fa126940340215090c344a2bf4e2a77bcbe7daab16f41b37b98c95809ff9 \
    --hash=sha256:b49677dbdc597460cc22d01b27ab3696f5e16a21ecf2700fb01bc28e1f2a04a7
    # via -r .local/vipe-alternatives/plan031-20260913T032700Z/jobs/E5-setup-recovery-004/requirements.txt
hatchling==1.32.4 \
    --hash=sha256:08ecf7548fb48205e7f213d70c71e67b8271b7242093dc3f1da578b42c734a2c \
    --hash=sha256:c4468f73144c054d2aab4ef0f0378c43b9878bf07f8ffd6b79690e970d375f07
    # via
    #   -r .local/vipe-alternatives/plan031-20260913T032700Z/jobs/E5-setup-recovery-004/requirements.txt
    #   hatch-vcs
hf-xet==1.6.0 \
    --hash=sha256:0e6e21fa3cdfcdcd76748564bf593870a5e013f47d97cf10aed63aa222cff5b7 \
    --hash=sha256:23379c2f9ec8696d952b16414a2bae72cad86a52df869b050698ba60f538c675 \
    --hash=sha256:2e58454a340b3556dfa4972d5451aff4fba8dd42a236600ba1a1d2b1514f0fef \
    --hash=sha256:35cec30d75c6f9eb9c16a77cef68e85a103b72e24d4b473714ec9ff06428bab9 \
    --hash=sha256:3dc3e35441ba395006af5aaacc40ef2e603c51ef46c3530b9156185f00935ea3 \
    --hash=sha256:4fc74352a17015bd0ee90038bc9efe38db894cde45f268b6712b04fce8cd0acb \
    --hash=sha256:5153e6bb103ad49d6ea9f1b2e230db5a2ea32551ad09a706d2f61d7c7c80d80e \
    --hash=sha256:5789835d7c6bc9436962853192082374297fb72d7eff7e7762ec25ceb7e25338 \
    --hash=sha256:633dc0cd71d32da58ab8c03ad38e2fac452c15c2b0a2866ebf6ededfe0a5061d \
    --hash=sha256:70cbb9c896901600128cb9b6f06e132954fbede1db30f31f7c6c63f84cb7c31d \
    --hash=sha256:75765820ce4700db3750c94acc8fe27c5fae4c9ec000a0dbac3ca082acf97765 \
    --hash=sha256:8fb4f71cba6129110c3374a33f919001ff130488fc23553698e34cc1c2a1198c \
    --hash=sha256:948f15d3a9545cfe5932f6bd8b440f6ae630aee108f14b7bd6c561f7c2dcc522 \
    --hash=sha256:d62671bb130879cef0ee4c9ebe47a14af6c66ec53e6d84dc15936e5ffdfac82f \
    --hash=sha256:f0906082d9932ae0c0057fa194041c22b4e2cdb46b2592ef3b91f020d62a081a \
    --hash=sha256:f2f7278c05c22fd60cb436cda1269649b3e81db65ecdc8496e5e164aa4143e7b \
    --hash=sha256:fb4fadde1b2b70bf4c0c14a6dccbe7194b1c28947fefd5bbe3fed9d940676c3b
    # via huggingface-hub
httpcore2==2.13.1 \
    --hash=sha256:e0aa977abe17e69a3b820a24542a6fa88702676d83880b8d194dcd18408e5103 \
    --hash=sha256:e1e05d4f25f7d7d496bfb96748f6f4b67657b03da069b3a68c36069f3db73d0a
    # via httpx2
httpx2==2.13.1 \
    --hash=sha256:6dff50fabc270ee5fd25d845d0b078ed20564579744d6d962850975996d2f9a4 \
    --hash=sha256:e48744a19e3af5ee48313d0ce5fe941d5422fae5705ea922a4aabf94d7800dfa
    # via huggingface-hub
huggingface-hub==2.0.0 \
    --hash=sha256:375e5ad35cb3505efbf19c0cdd7e3fbf1e2304b12cd0e6b7fc8d75c6f5484619 \
    --hash=sha256:b3eecb60540c17e8ef94c187104f4a5c0c451afcb9510ba8e17739bedcc2d6dd
    # via -r .local/vipe-alternatives/plan031-20260913T032700Z/jobs/E5-setup-recovery-004/requirements.txt
identify==2.6.20 \
    --hash=sha256:6a16b69b93187244e0548cbfd25b3e4a6f9a7a2ad784625c3bec2b8d27b81aaa \
    --hash=sha256:ad729860a923858d26917c2f4fb0a1d83d27a75b1e090c06440c573f048f3285
    # via pre-commit
idna==3.20 \
    --hash=sha256:a7db850025b95ded1eae8a46181a1a6c56c92c96f0e2b005d9ff8dc0210cab44 \
    --hash=sha256:ab7ae7122974553370f0bdb919e1a960b2cd1bc1ef0276416d896db81c14582c
    # via
    #   anyio
    #   httpx2
    #   requests
imageio==2.38.0 \
    --hash=sha256:474ea3a39e36e0e8e02d81d7f10412aaecec7a2825e5fbc4f44cbcd7bb7cebfc \
    --hash=sha256:fe1d406862f6bc2930e8ec662d7bc40d4370cb76e3390dcd33819560d2708531
    # via
    #   -r .local/vipe-alternatives/plan031-20260913T032700Z/jobs/E5-setup-recovery-004/requirements.txt
    #   moviepy
imageio-ffmpeg==0.6.0 \
    --hash=sha256:02fa47c83703c37df6bfe4896aab339013f62bf02c5ebf2dce6da56af04ffc0a \
    --hash=sha256:196faa79366b4a82f95c0f4053191d2013f4714a715780f0ad2a68ff37483cc2 \
    --hash=sha256:1d47bebd83d2c5fc770720d211855f208af8a596c82d17730aa51e815cdee6dc \
    --hash=sha256:9d2baaf867088508d4a3458e61eeb30e945c4ad8016025545f66c4b5aaef0a61 \
    --hash=sha256:b1ae3173414b5fc5f538a726c4e48ea97edc0d2cdc11f103afee655c463fa742 \
    --hash=sha256:c7e46fcec401dd990405049d2e2f475e2b397779df2519b544b8aab515195282 \
    --hash=sha256:e2556bed8e005564a9f925bb7afa4002d82770d6b08825078b7697ab88ba1755
    # via
    #   -c .local/vipe-alternatives/plan031-20260913T032700Z/jobs/E5-setup-recovery-004/constraints.txt
    #   -r .local/vipe-alternatives/plan031-20260913T032700Z/jobs/E5-setup-recovery-004/requirements.txt
    #   moviepy
importlib-metadata==9.0.1 \
    --hash=sha256:ab830580bc0ef3db61ce8fae716389e5462b67e033018bab6d8f80ef17172f99 \
    --hash=sha256:bba5600596a7e21f3eef53281cf28d6a5195634d2f2b78ff9501a3272c6eaab0
    # via dash
ipython==9.17.1 \
    --hash=sha256:6d1645743cfd1a07eb695d85aa2b5fa66721f8cbae9431d4049f7084bbf06509 \
    --hash=sha256:8919be8c27f20a6f4423145028063f6637b42a03ce57665bb12015ee1f073529
    # via ipywidgets
ipython-pygments-lexers==1.1.1 \
    --hash=sha256:09c0138009e56b6854f9535736f4171d855c8c08a563a0dcd8022f78355c7e81 \
    --hash=sha256:a9462224a505ade19a605f71f8fa63c2048833ce50abc86768a0d81d876dc81c
    # via ipython
ipywidgets==8.1.9 \
    --hash=sha256:bcccba38a6ec3253f7a39c943cea5b9ad01999ce071396171adbc51c6a6a8613 \
    --hash=sha256:f2b8cbcaae10252b809fbe4d7470db75c09b769a32cbf816d20e5ca6d3c5a79d
    # via open3d
itsdangerous==2.2.0 \
    --hash=sha256:c6242fc49e35958c8b15141343aa660db5fc54d4f13a1db01a3f5891b98700ef \
    --hash=sha256:e0050c0b7da1eea53ffaf149c0cfbb5c6e2e2b69c4bef22c81fa6eb73e5f6173
    # via flask
janus==2.0.0 \
    --hash=sha256:0970f38e0e725400496c834a368a67ee551dc3b5ad0a257e132f5b46f2e77770 \
    --hash=sha256:7e6449d34eab04cd016befbd7d8c0d8acaaaab67cb59e076a69149f9031745f9
    # via dash
jedi==0.20.0 \
    --hash=sha256:7bdd9c2634f56713299976f4cbd59cb3fa92165cc5e05ea811fb253480728b67 \
    --hash=sha256:c3f4ccbd276696f4b19c54618d4fb18f9fc24b0aef02acf704b23f487daa1011
    # via ipython
jinja2==3.1.6 \
    --hash=sha256:85ece4451f492d0c13c5dd7c13a64681a86afae63a5f347908daf103ce6d2f67
    # via
    #   flask
    #   torch
jsonschema==4.26.0 \
    --hash=sha256:0c26707e2efad8aa1bfc5b7ce170f3fccc2e4918ff85989ba9ffa9facb2be326 \
    --hash=sha256:d489f15263b8d200f8387e64b4c3a75f06629559fb73deb8fdfb525f2dab50ce
    # via nbformat
jsonschema-specifications==2025.9.1 \
    --hash=sha256:98802fee3a11ee76ecaca44429fda8a41bff98b00a0f2838151b113f210cc6fe \
    --hash=sha256:b540987f239e745613c7a9176f3edb72b832a4ac465cf02712288397832b5e8d
    # via jsonschema
jupyter-core==5.9.1 \
    --hash=sha256:4d09aaff303b9566c3ce657f580bd089ff5c91f5f89cf7d8846c3cdf465b5508 \
    --hash=sha256:ebf87fdc6073d142e114c72c9e29a9d7ca03fad818c5d300ce2adc1fb0743407
    # via nbformat
jupyterlab-widgets==3.0.17 \
    --hash=sha256:40ac1e9955acf116c4d995d9bfa082d86ad9ec6d91c4f134827cf5e0a5eb75e0 \
    --hash=sha256:6e61fe21ca8a66039180a5cc52a433e07279d2fee79c8be963e00d55193f17a8
    # via ipywidgets
kiwisolver==1.5.1 \
    --hash=sha256:007a5553dfc4f4e8d184f588a0200e2cd4b63a59cc8796df3c39909e679dc7a0 \
    --hash=sha256:0324cd2567259b7a095f6cf18a52b0ffc6f3de9e69528ff1bc0e7a37bd43ff1a \
    --hash=sha256:0627b9bceb9c3cdcf12b8a18655eedfed2692b038df27423383c120d0b7dc2d6 \
    --hash=sha256:06a6917674de9e0fe3f66f5430787f59a9f2ddb64af9b714eaec547e29ef5c19 \
    --hash=sha256:072bdb15a3c19a5b5dbc8f8fb1f4e1884bf4f3507eeb4cc6334401274d37a5c0 \
    --hash=sha256:0a4faea5c6db201c6a21391d2ac926ea97acf7dacdbc3c417189e1adb1a00837 \
    --hash=sha256:0ba9527afc80ae3d7814ed98b6572d02bf85eaf48065678342c5f0c6dab7a8c7 \
    --hash=sha256:0d8924877ce22e17326a99a418c3c82037da078df3c6a260b13eca677444e6e7 \
    --hash=sha256:0ebdef3eae5336568147c39a55be6a2036ffde53faa9ca2d978989ae7c2da12c \
    --hash=sha256:1209042a623ddfda5497e4066c7b77651dde8e1d3a9dd97599dc7e97f3b9b78c \
    --hash=sha256:16895f553ee6620a827d2da56b871f835fb70b9216cca5d188e885caf6e3bd23 \
    --hash=sha256:17851e5dad4484be0cbccbde3b15331deae036de9aebd45eed964487802b172f \
    --hash=sha256:1798e83840c3f627246104c4d8a9639c60fa068adf9ce92b61791781fa8a68c1 \
    --hash=sha256:18170a77ddfecf40ec60d0928268dc95880c881864e015a8f34094ed18b9b9ad \
    --hash=sha256:186884a58486651e3c217b6acea0a53eaa9498fdd472057c46f2f0fb5c25aad5 \
    --hash=sha256:18a0cfb124546a4c2e6087c5f3029c7f44b37c85b142e0ced71f73a7599ac208 \
    --hash=sha256:1983f0974a750a6f6556f368ba11105d1d8369c735b944747c9f12ae5aea7aae \
    --hash=sha256:1a7587dc335f2c0f5bd577fd0540bd16c66006bdb60f759a1059f025e6c4f071 \
    --hash=sha256:1acc7e5b7ef05e9da8bb70cd6c7c4513090213d2e1ad9720f599f0bf6c52aec5 \
    --hash=sha256:1d852545c4d0e35a72728d072cbaa59e2fa7dd84bdf01e068d670dd0ceb58eb6 \
    --hash=sha256:1ed0f5e49d0ceff8b72190824d9e59c062fbbc02c231b853112c78474b3f5ec2 \
    --hash=sha256:1fff05e239575b1481b6ed1a782f6fad616efbf1f0b1f44e6e85c4dfe426e483 \
    --hash=sha256:21e46b23a2da695c364124817bc01d970effd5483147f8d66a6a7167e3f6b851 \
    --hash=sha256:22d5e5aaad6be121f2515765e3b1c444352cb8eb4c86510801db8f2e50757316 \
    --hash=sha256:2551cf9917af48ee7c4b29cc82320489508cf96fd26a51f6fc124de661cd44c7 \
    --hash=sha256:255605693a483db7bd5c79f60437f7bf658f7f520d61aa42722e32257c941951 \
    --hash=sha256:26e8268480be5061d509e29669d59103c067a26377a56491630ece11762e3858 \
    --hash=sha256:27add358abe374ebaa3b8763ef380bc99051b5a4b18d94878366a9e4f59efef0 \
    --hash=sha256:2ae70bc59790d2af72a3f76f24b272403e135070340281108b447cb77ea70819 \
    --hash=sha256:2e10ae1bba1899188b33557c10d73affcc12033edd18adddb57d209039976a4c \
    --hash=sha256:3221f78211074f561c44ca42eac0619828171bec15a2c4cf6f7747d07df76e8e \
    --hash=sha256:34633ecf50d16187ab8e5528b7a2530f2feb4e23f300db4672538b51cfc5cd38 \
    --hash=sha256:34ec467940442c9943016fb2d4c81d1ba84351eeca2f1a78f8bc87f1ba0d414c \
    --hash=sha256:37f801b5d7cc0e5a548921308e059fd2b057bb42972b591cfa3049f95423c4ed \
    --hash=sha256:38f6e0deb4d0a4615efe0c4efc5990b06ae450ab50a0b321c0b078b6d238c083 \
    --hash=sha256:3c24cd69455e1b00ddf770c13b6e2c33e07d6dc3f2d34add0bf9277c5c6bbd46 \
    --hash=sha256:3cc210010fd2f438a3ed430b45f1b501fd13a8618bf984dc2c5ce5b69b78752e \
    --hash=sha256:3fa5855898f6d3d01b72ccd48a2d65cbdee301251603fefe34e2025bddba219c \
    --hash=sha256:416ba7ff9f233b7036689bb5a3783537e838ad483f63558d2a800f75afe738b1 \
    --hash=sha256:431dc224a1a92a5c8f582d96e505196a3b5997a7271076678da2dfde67b77e9a \
    --hash=sha256:43844c1a7ad6d723d5b5b4c4fc7f5bd399c40e288120d16257c7c9e8765c6e85 \
    --hash=sha256:44b8faef94f1857e77fa0238f3390ff1ac51d2ea20a487e2e452a59fd2b5f5ca \
    --hash=sha256:470d420f98d368d6f010633a20659b544c5fdfa5329e6b70219f2ef08fd4a7ef \
    --hash=sha256:482676e5bd48d70ac99d9fc78863469845421e01184fa83f1f9366dc49f7e974 \
    --hash=sha256:4d4ca09bf13cff792b1884f64b98ee6c2467930d632233be25c56b442d99f10e \
    --hash=sha256:5025e36fb4fb275cef0a4e30dbb11cb4ae61d1c83deb90189cb5d7e4cafd6b55 \
    --hash=sha256:509735237ae0d849e8a843551d423d2500d2e0a9ac1611a145658b29c0fb9f85 \
    --hash=sha256:534f02c1abb31ed6dbd3515545285c330b2f12d00fdb1fdb71658b9ca5a13a6a \
    --hash=sha256:5978c3340f16a35c30f8ab2fa7bcf559973c55f1a5ef6970e1f621acf3c4db13 \
    --hash=sha256:5b973887ff782cfd6b67c9904ad8ca542e0bc5e4961503408b423b5a688b4d38 \
    --hash=sha256:5c490db2168a508088f59140dd392556a54b8bd1048fc6383c8baff13c359673 \
    --hash=sha256:5d142e352eb13facc7dd047489aebdff6ba78576c239f1ea04931979caaf0567 \
    --hash=sha256:5daa1f19e097050b9c4d9a78fcc9263cb96c9dfae08037ddc1b7c4ad1889f2a2 \
    --hash=sha256:61e9a64c7635095a6bfe483e2ff055d437c59bd45f3617a228b37277f0185d62 \
    --hash=sha256:63fb7294b768f444eb4b068965f2662f28c2fd4161e23bd60fcf3ff27b74c046 \
    --hash=sha256:685929988b208a911f1285e2f8ed54210b0d681a3dc0f03e00d599d291986e7e \
    --hash=sha256:6a797a1cefc8b9c93170db580337e1fe3d011ad18b1299943231279406342048 \
    --hash=sha256:6b92f60017dda7d877fdc546438b5e28f31c523264f49cf5a48c1d0ce1a0dfbc \
    --hash=sha256:70ed9a45c7484d2b30cdacf60d220f494a1763b9fec1ad03285c6553fa0889f2 \
    --hash=sha256:719a35fa1156db3640555f95ebb94f60a444e64d1c69626b0edef5df78eba225 \
    --hash=sha256:74ad5c3dad54a4641b4c28cd15ded70899d04459c6c7aeacafea716be97cce6d \
    --hash=sha256:74ea337e0ec3f6f342a36a4f1b5cd94dd9affddcd28ba9aae2905af932ee8c6b \
    --hash=sha256:75d9b1cf8258462dbdc1eeda718c96ea7f079324c09067f6daabfcf37712b7fe \
    --hash=sha256:77a4c8187a5948d7f8795adb765a3c7b553d07d86d88e43038fc32fc1fb9a3f3 \
    --hash=sha256:7824b5e8bdbf0bccb4ccd37bbb115849a1dc45437fb4de8351385ed07c437ee0 \
    --hash=sha256:7d38b0c279c3032e8c9cc013b405c6df8e1668dbf15465779aa7f15f61201812 \
    --hash=sha256:7e9c01d3dd7ceba4d1d436cc021d40d592466e40b9bc7f5d83dc4e98a5c9cd8c \
    --hash=sha256:7fd82debf43c6acd0a94359d232f6bb516ee13f269a7993736a9ac9f988bb5d9 \
    --hash=sha256:824c3d763a05ea9e9003610145186b0e9848c7584a5575c79bac5a8e7cd80bad \
    --hash=sha256:828f75af2b0080c8a972e75f649ab46af008e92c6104a57a759157200b835b75 \
    --hash=sha256:83f78128fa28705fa85d01c59771c72fe81c11bd0e6155edbb9f818983a7d761 \
    --hash=sha256:876bbfd276473d3daffe30e8c975df4ed9429967b41a6cb362dbb5155b6f13ad \
    --hash=sha256:886fc26012f0e8b5f69d1cfe6d711f6b11f194621539bf8e6bb1c25c5dc82724 \
    --hash=sha256:8a34616dc2521cc8dc1d7d081734da63539f021ac0450ce950908340c6e7aa2f \
    --hash=sha256:8a708a47ade1fe19e8371d5da076bac0dd4b0a5a7985ad6c637f7f7e361b6baa \
    --hash=sha256:8af9b142ad719ae3a911ebf616bc4b78b32bbab84d6a40d3ad2f129670509957 \
    --hash=sha256:8bf4df63592c2a66b4f8edc5df2544998c288aa02f96ce0acd880cd1de8c8127 \
    --hash=sha256:8de6f2a4ce7e7bd27d23dd94abf0ccafe0e0e5cc9c764b0577191f2c25f08f26 \
    --hash=sha256:8f8fddb8e323bd6eee4e54e69a39243beab22689070f4c66b472c4cc88bb89d8 \
    --hash=sha256:8fca690b00c4c48f6c2a547b0160ed511357093a4e4c9b47e0fadf3128066d89 \
    --hash=sha256:9506e892bcc3b409831d363c6f53e5985e1c8d1f6f6b0256d00358684ff85378 \
    --hash=sha256:958254518717542d02d0688d0d20cbf771da5e415e6f49543f92481c850a4540 \
    --hash=sha256:95a02752aa032eef4aed01cda6d9b687c669bd0396bf4519eef8bba22a286720 \
    --hash=sha256:96c30002424670b5e1e46495c2b8cbffef39cf77c1d79e76462029d50339785b \
    --hash=sha256:98b208a7cc42c803445ef551d6753cc42a5ea13e9cab1ee66cd8b9cb70195330 \
    --hash=sha256:9b3092d8992a1d69b7a59c3e39f35e1b9be327a17f68a7c35fc17329e337d6f2 \
    --hash=sha256:9e51c119992ea8820706871c30a4642ec76de20ae82f9b50b9a45517d8e9f810 \
    --hash=sha256:a5716a33bfabb2c6ce27b6cf03253467b3804f83e215f4d202685cf93c6c9874 \
    --hash=sha256:a5a00665d1a0e26763a7338d7e911d4598fbc1d50dd0d6b7919b7dc6c5d6569f \
    --hash=sha256:a5ca5aebae78a0bc13c1943af4af615d4966c5b650b05d5aa83b50e427196fee \
    --hash=sha256:a7b85b2cc6ea45e5f7e8c9a30bc9fabd47cda09106cbb4b967335c3e6c43b69d \
    --hash=sha256:a83ee7107df13abe42a54a6654670eef9bb39425cf2e27f65e0007465e1286ab \
    --hash=sha256:aa7d00b1700966d2917e54d278aba86897890ca9276dd8b76cf6446b6c181b92 \
    --hash=sha256:ab620eb663952455271ac37f9aaad86b73c969c02f11f53cea405b38e96a4300 \
    --hash=sha256:ad8b9671348d7c8716715652ae11f85ed0eb99e265a2df2ca490577d69860b2c \
    --hash=sha256:aefe930d113798330e9462f7874542977869c0613cba3262e2de3a8d5dee8f3a \
    --hash=sha256:b03af77d77e50edba2030fd5f7c352ff209314b09030a3cba7c14edf9a09a444 \
    --hash=sha256:b390aec180a7c054919c04898835e1c77bced23ea8383eb2c570213bf25d1a86 \
    --hash=sha256:b3d78f7bb2b9d9a30345be1474b9aaa8685430b54afb51ba3639b5c6c11e9ed6 \
    --hash=sha256:b5664603a253efd3a75716d793d1d3a6a82723b61dc6db767b2460bbbeec4c0f \
    --hash=sha256:b69602970994a2ed8bbfa78c2f0394a7435226c6040489702d9f0a0ad0c07052 \
    --hash=sha256:b6ae6a0328f0bc035741820fdeecdcd67bf4694eee03972e843663107122f450 \
    --hash=sha256:bad20d4c69c851c982a1e3606f4c293edfd5a87885786c50082412240c4b1ffd \
    --hash=sha256:bb7c99f0673c03017a3ee01e54a5c2617a05468b11eabe513b0080e063ed95b1 \
    --hash=sha256:bebb89489b279b2f5661bbbb2abcc87bcd4a46607bb4a5c966f04f1db6b8df9a \
    --hash=sha256:bfd1de989b3330420e29de39352f5c049905c9e3ee67233a50d550e3d652c148 \
    --hash=sha256:c2306e8bb53601979fcb3fa09cc65e031876d9ae01eff2fcbcd7a84ef94d5bc1 \
    --hash=sha256:c3a4e41e3096bf1f0f1b76e2ffd6d828d6547f574f702d59bdbef7acfa59db9c \
    --hash=sha256:c6834b92dd2428e2dd85ef3d85f723d3c12f20aaf43a2ddd4f944ca25d833408 \
    --hash=sha256:c90d3022d8a94778939cda8638c6c8da8fa757b8958dad7ec868ce29c87681b8 \
    --hash=sha256:ca307d6c259e5c98d3cb9ade55342b47a6839762caf2536f3d7b46ee660cc82e \
    --hash=sha256:ca7f6fe0f37ca978a1e5eb7a3a68e6413f417e78e838324947ffd420202b198b \
    --hash=sha256:cb6fae641357ed2f6e533c0d3c6504a4a5703621a50c89459e46051d56b61140 \
    --hash=sha256:cdaeeb6c350106df6bf9d873395973e5f066a9713200b72cd64f55d0a3eafab6 \
    --hash=sha256:cea20da04494e662b83c872683bf4ff2345206043d036315ed0e924b652e7294 \
    --hash=sha256:cea90547bfd93807e0013a004dc76552be44fad3bc1cc2b38610a9e889ed098f \
    --hash=sha256:d09037ca068d784ebc4aec290ef952ca27ac15dd9c0b5801a88c6e1096b83e6b \
    --hash=sha256:d27c2123977cb9269c30a49ba45f03a4323017ef693e19db4ec9dbe1299a3002 \
    --hash=sha256:d50de98e8d807dc31822fff96f50293163a62418eb65487a21b42713d72ed0b7 \
    --hash=sha256:d66a64dd5dec136040ec2ae94aa026a912ee60fdd45bc28d3db30037fd809e88 \
    --hash=sha256:d79308fa689fac89cbcfbd4dbfc80b5f95c54c5a7fd4d194be221f9d33d026e6 \
    --hash=sha256:da3275833be0edbaf4830fae08bae3dc7219f40ce0c37eaa6c25825957e06612 \
    --hash=sha256:dc1a26b8e53395a01c2c611e58602fa47461f136fba7cd5542e6db6d64be1839 \
    --hash=sha256:dc23390afe9f4ef9ac3bcc72a03a56eebbde03f4c571a32cb38f859cff9a6524 \
    --hash=sha256:e05c2f7925f1d88778e53cb44f14e0223204a3bdd09a41664750363acfb1f2ef \
    --hash=sha256:e12dfea7f5fc2a34a9080efbf79c4c44eb380ec5b9c6fea09407e08f0d1e941d \
    --hash=sha256:e4e4523d6f336708d732516e6cfca7796cf3d96c9474eb5aecf6165f2f1fefc3 \
    --hash=sha256:e4e49f7e1a4e7191bdf9dc67a974db714501b1fc52c24324103d06a86abd5c08 \
    --hash=sha256:e68e151428b5384f766cd25739bf77c7e4a3dc93b5ded7a12118d9fbfdf78ab6 \
    --hash=sha256:e8e4d953faaded9ec7ede36824e9814082d22d4c7b1eafbfa079ecba8cd0d076 \
    --hash=sha256:ee9df1f0d77b9c6e94f4ac0fec533fbddd5ea3a327807f18d7b069ae019ded80 \
    --hash=sha256:f0a887b6565bbfe80efde2b7f6e8890d7d9bbdb11bdb17028a3690c32fe0621f \
    --hash=sha256:f0f4a42db92d6ec7677ab9d12830a2a8ec145a9c6d15db2b593466bc875c78d7 \
    --hash=sha256:f1303ef2eec81262a4b708c3e858afe58d7c75ad91c1c05266eda7673369859a \
    --hash=sha256:f1d56ec54d257d05e0b50f5780d967540cd07beeaf9e5f645b26d50cce79f4d8 \
    --hash=sha256:f4167e87b397f273dc2356fcf1eaf50a6bac51e6105f45103ef7129c8efb0255 \
    --hash=sha256:f76fc85bd054c806960f917ec0f329e24e436f1712267d90588e4c39890caa63 \
    --hash=sha256:f942903fde7363d1d879057ec5de01310efda2597161784d752fa9953a01a71a \
    --hash=sha256:f9b1c4900736e489a812c529100de4b8fb617d4db075e931e213c57424b83d9b \
    --hash=sha256:fc271a6f0a2126958f4090e5507b9da5848927dae331f8f763bd4aa642b3d2cd \
    --hash=sha256:febcce10f2bcdbb80b4ea919238a6a4ac13dbc4c7cadbe8d5d75c3682f8b5404
    # via matplotlib
lz4==4.4.5 \
    --hash=sha256:0846e6e78f374156ccf21c631de80967e03cc3c01c373c665789dc0c5431e7fc \
    --hash=sha256:0bba042ec5a61fa77c7e380351a61cb768277801240249841defd2ff0a10742f \
    --hash=sha256:12233624f1bc2cebc414f9efb3113a03e89acce3ab6f72035577bc61b270d24d \
    --hash=sha256:13254bd78fef50105872989a2dc3418ff09aefc7d0765528adc21646a7288294 \
    --hash=sha256:15551280f5656d2206b9b43262799c89b25a25460416ec554075a8dc568e4397 \
    --hash=sha256:1dd4d91d25937c2441b9fc0f4af01704a2d09f30a38c5798bc1d1b5a15ec9581 \
    --hash=sha256:214e37cfe270948ea7eb777229e211c601a3e0875541c1035ab408fbceaddf50 \
    --hash=sha256:216ca0c6c90719731c64f41cfbd6f27a736d7e50a10b70fad2a9c9b262ec923d \
    --hash=sha256:24092635f47538b392c4eaeff14c7270d2c8e806bf4be2a6446a378591c5e69e \
    --hash=sha256:28ccaeb7c5222454cd5f60fcd152564205bcb801bd80e125949d2dfbadc76bbd \
    --hash=sha256:2a2b7504d2dffed3fd19d4085fe1cc30cf221263fd01030819bdd8d2bb101cf1 \
    --hash=sha256:2c3ea562c3af274264444819ae9b14dbbf1ab070aff214a05e97db6896c7597e \
    --hash=sha256:33dd86cea8375d8e5dd001e41f321d0a4b1eb7985f39be1b6a4f466cd480b8a7 \
    --hash=sha256:3b84a42da86e8ad8537aabef062e7f661f4a877d1c74d65606c49d835d36d668 \
    --hash=sha256:451039b609b9a88a934800b5fc6ee401c89ad9c175abf2f4d9f8b2e4ef1afc64 \
    --hash=sha256:533298d208b58b651662dd972f52d807d48915176e5b032fb4f8c3b6f5fe535c \
    --hash=sha256:5f0b9e53c1e82e88c10d7c180069363980136b9d7a8306c4dca4f760d60c39f0 \
    --hash=sha256:609a69c68e7cfcfa9d894dc06be13f2e00761485b62df4e2472f1b66f7b405fb \
    --hash=sha256:61d0ee03e6c616f4a8b69987d03d514e8896c8b1b7cc7598ad029e5c6aedfd43 \
    --hash=sha256:66c5de72bf4988e1b284ebdd6524c4bead2c507a2d7f172201572bac6f593901 \
    --hash=sha256:67531da3b62f49c939e09d56492baf397175ff39926d0bd5bd2d191ac2bff95f \
    --hash=sha256:6bb05416444fafea170b07181bc70640975ecc2a8c92b3b658c554119519716c \
    --hash=sha256:6d0bf51e7745484d2092b3a51ae6eb58c3bd3ce0300cf2b2c14f76c536d5697a \
    --hash=sha256:713a777de88a73425cf08eb11f742cd2c98628e79a8673d6a52e3c5f0c116f33 \
    --hash=sha256:75419bb1a559af00250b8f1360d508444e80ed4b26d9d40ec5b09fe7875cb989 \
    --hash=sha256:7b62f94b523c251cf32aa4ab555f14d39bd1a9df385b72443fd76d7c7fb051f5 \
    --hash=sha256:7c4e7c44b6a31de77d4dc9772b7d2561937c9588a734681f70ec547cfbc51ecd \
    --hash=sha256:7dc1e1e2dbd872f8fae529acd5e4839efd0b141eaa8ae7ce835a9fe80fbad89f \
    --hash=sha256:83bc23ef65b6ae44f3287c38cbf82c269e2e96a26e560aa551735883388dcc4b \
    --hash=sha256:8a842ead8ca7c0ee2f396ca5d878c4c40439a527ebad2b996b0444f0074ed004 \
    --hash=sha256:92159782a4502858a21e0079d77cdcaade23e8a5d252ddf46b0652604300d7be \
    --hash=sha256:9b5e6abca8df9f9bdc5c3085f33ff32cdc86ed04c65e0355506d46a5ac19b6e9 \
    --hash=sha256:a1acbbba9edbcbb982bc2cac5e7108f0f553aebac1040fbec67a011a45afa1ba \
    --hash=sha256:a2af2897333b421360fdcce895c6f6281dc3fab018d19d341cf64d043fc8d90d \
    --hash=sha256:a482eecc0b7829c89b498fda883dbd50e98153a116de612ee7c111c8bcf82d1d \
    --hash=sha256:a5f197ffa6fc0e93207b0af71b302e0a2f6f29982e5de0fbda61606dd3a55832 \
    --hash=sha256:a88cbb729cc333334ccfb52f070463c21560fca63afcf636a9f160a55fac3301 \
    --hash=sha256:b424df1076e40d4e884cfcc4c77d815368b7fb9ebcd7e634f937725cd9a8a72a \
    --hash=sha256:bd85d118316b53ed73956435bee1997bd06cc66dd2fa74073e3b1322bd520a67 \
    --hash=sha256:c1cfa663468a189dab510ab231aad030970593f997746d7a324d40104db0d0a9 \
    --hash=sha256:c216b6d5275fc060c6280936bb3bb0e0be6126afb08abccde27eed23dead135f \
    --hash=sha256:c8e71b14938082ebaf78144f3b3917ac715f72d14c076f384a4c062df96f9df6 \
    --hash=sha256:cdd4bdcbaf35056086d910d219106f6a04e1ab0daa40ec0eeef1626c27d0fddb \
    --hash=sha256:d221fa421b389ab2345640a508db57da36947a437dfe31aeddb8d5c7b646c22d \
    --hash=sha256:d64141085864918392c3159cdad15b102a620a67975c786777874e1e90ef15ce \
    --hash=sha256:d6da84a26b3aa5da13a62e4b89ab36a396e9327de8cd48b436a3467077f8ccd4 \
    --hash=sha256:d994b87abaa7a88ceb7a37c90f547b8284ff9da694e6afcfaa8568d739faf3f7 \
    --hash=sha256:da68497f78953017deb20edff0dba95641cc86e7423dfadf7c0264e1ac60dc22 \
    --hash=sha256:daffa4807ef54b927451208f5f85750c545a4abbff03d740835fc444cd97f758 \
    --hash=sha256:df5aa4cead2044bab83e0ebae56e0944cc7fcc1505c7787e9e1057d6d549897e \
    --hash=sha256:e099ddfaa88f59dd8d36c8a3c66bd982b4984edf127eb18e30bb49bdba68ce67 \
    --hash=sha256:e64e61f29cf95afb43549063d8433b46352baf0c8a70aa45e2585618fcf59d86 \
    --hash=sha256:e928ec2d84dc8d13285b4a9288fd6246c5cde4f5f935b479f50d986911f085e3 \
    --hash=sha256:f32b9e65d70f3684532358255dc053f143835c5f5991e28a5ac4c93ce94b9ea7 \
    --hash=sha256:f6538aaaedd091d6e5abdaa19b99e6e82697d67518f114721b5248709b639fad \
    --hash=sha256:f9b8bde9909a010c75b3aea58ec3910393b758f3c219beed67063693df854db0 \
    --hash=sha256:ff1b50aeeec64df5603f17984e4b5be6166058dcf8f1e26a3da40d7a0f6ab547
    # via rosbags
markdown-it-py==4.2.0 \
    --hash=sha256:04a21681d6fbb623de53f6f364d352309d4094dd4194040a10fd51833e418d49 \
    --hash=sha256:9f7ebbcd14fe59494226453aed97c1070d83f8d24b6fc3a3bcf9a38092641c4a
    # via rich
markupsafe==3.0.3 \
    --hash=sha256:0bf2a864d67e76e5c9a34dc26ec616a66b9888e25e7b9460e1c76d3293bd9dbf
    # via
    #   flask
    #   jinja2
    #   werkzeug
matplotlib==3.11.2 \
    --hash=sha256:01dc8eaaab5a9fce9ff615eca82345728f289e4715b186ee10c6d85272fc26bb \
    --hash=sha256:02329432ae5c6af87cf208ee575b701d698bdf0b1a3bb28cc6d53c36e967e575 \
    --hash=sha256:07d9b9fa60cd4c393692f50d0bb03123242ddf61c99bb0e95e75feb354e7c1a8 \
    --hash=sha256:116cdb0eb0eb5644fc98eb2975d4b4dd4ad35e5c8e6b851c22e6976f371f7ab5 \
    --hash=sha256:1944895967f87c84c9b4bad29a707b31f5b36df4a3a2339ea1f8ea3ce5105539 \
    --hash=sha256:1a3040b209f3968b4e84161df7b174f07a9fad33b0f2d7e48ea3bbd3075e2863 \
    --hash=sha256:1b9a7ad579856284135e401ecc918c5f8a017ee30539298862a109f51b971710 \
    --hash=sha256:254d4ddb2fa8df3b4c689c0c306063aee10521df82cfb438185e499c75fe37c1 \
    --hash=sha256:2a8285cea8ef4d92aa041d1c33788bcae82248503300f93f1ca2136b9049452f \
    --hash=sha256:30ec15d7eefee71de16b7c689b42ba49715a4644650b76a6c7c70d79daf24e91 \
    --hash=sha256:399fef672f7046ef7d6a57572b2a6f9845f3f5afcff04e7b2df7a363a9f42190 \
    --hash=sha256:3aa4b8516fd26659e4363abbf317c703d9116496c5db2e9d0609a2866dd39dd2 \
    --hash=sha256:3da3bc0cbf7245e7db72cc6d29d12c5abef72cb73059c73b945f14e3545f3eb2 \
    --hash=sha256:3e8576f7c47e02fd4f21f44171302d2d1d58d4471d46da3d71fe8899d19539d9 \
    --hash=sha256:57b9ea60a835937c2012861923cbb91f47db8565775d326d1c42fc926aa10351 \
    --hash=sha256:5e1e923a3fc3326b99ec0a6ff1ab1338ac6c6cc62ad9d8a9c944197c7f8c6221 \
    --hash=sha256:643ff850d8e0f5b8319337f87ed3cb59506afb3df3cc48de777d85871233be7b \
    --hash=sha256:75b6d88402770e181b5d06a67dda4129c31da7d05004d63a21c310ec78d1b83c \
    --hash=sha256:79a258f58253dfa025af80a9e9bb228d75fced007f0e93ae7423fefbde81a74d \
    --hash=sha256:7d43ff8cebb50840648cb6429b2228621dbd709010f3117b3740abb20abf21c0 \
    --hash=sha256:7e5a90f8a707ebb6004a713b1cff091a40cc5df4c7c1cb165e5a505ebc11c292 \
    --hash=sha256:7ef7a53b66780e5d942923724f08577fbc5be1f7322da0f0f3f9dcaa45dd803d \
    --hash=sha256:854df8d7dfe9fdffcbaa6f39e44a6c24b409cb4d7561fbc09213b157d833f6a6 \
    --hash=sha256:894a9cbbecbe30ae6787d464df2e8fc7a8d475cfc68f87c3029f7c11152899b3 \
    --hash=sha256:8c8255de28f986d935a64c9ca71c0ec2d2f41d355691f5ea684725dc91413f71 \
    --hash=sha256:930efb28f59fda124e39265d177bab302625297bb147d2910de725a2fc2aef54 \
    --hash=sha256:a24d5fd36e4f0e742c3851dcd20810e56a95633a342e4bf6cb591c678e8fe61f \
    --hash=sha256:a6939df7567114b6bac7f4c5e06c84a67f197c1b2f2e4b234d4eecb3bfec9482 \
    --hash=sha256:a8756cc73d9af9a7fe0deb54ea2e75ef73b01d9e575877e72acad5458e660943 \
    --hash=sha256:af2661f6ac6bbd1d081996f54fdd9385715c625ace8cec0869055c0cfbf38981 \
    --hash=sha256:bbf1062991d826ed27e2144f3afa4461afbb8ff56e8f703043e191a8163b1ee9 \
    --hash=sha256:bc067c462a86f0e57bf52fc6e058d90171a5420007dac00c46e90153050c69a7 \
    --hash=sha256:bf3fe71fbfb8ec0e310e0bc8537c3405a01f38f25f9394ed2135e6202fed542b \
    --hash=sha256:c0b83f044ce10a98027b105b3931548719a6e8c7ef986b4362651e0b5367c8dc \
    --hash=sha256:c27e577ece613ea12a0790e00b4eb80d901c59a3e16cad474f31d8b1529690b9 \
    --hash=sha256:c5c1c68ee401fc98271263410f0e5ce88285abacf7627132914e8adf3d70ff43 \
    --hash=sha256:c9721f81275499da1feeb36a2cf8192ea086283b3bd16b7dc4c9d7aedb7396d6 \
    --hash=sha256:cc82dde2a0d3e3ad472edce04897ad7146b8d8bfd1df8a32992eebb81af18fdc \
    --hash=sha256:cec596316640f2b394b8f0daa0ea61a8eae82d017b620b9f202befb972a59ea4 \
    --hash=sha256:cf41ecd1b0c0b6f7177ed965a54c2afbe888715c7cf6054dc12d53bc1494002c \
    --hash=sha256:d3304eb5a59442a8867f6920d484591c0fa09ffc29e9260be2feec3351e25869 \
    --hash=sha256:d480038c83691532ed52ff3147db51fa902fc78cb2d8349993a1cdb684435bff \
    --hash=sha256:df4f7784aca81a94f254c0a2767d592ee25f407e488f5fa7203e51093fb6ca27 \
    --hash=sha256:e43b188f0a5b75447bcc197728258166aa64365770ed1caa36595a5e1ca4bbba \
    --hash=sha256:e60cf3047a51edecdc4535a9196bbd6a732936b8e9f8184aabf4d16165884aaf \
    --hash=sha256:eac4b07d4e3743b172451e122ea964f72f152879d4f9adcf3f3d33e518f12ead \
    --hash=sha256:eb3712dc9b464793de0a4e42a7313d50293c751f94bddaf7332a1bc71bccdda9 \
    --hash=sha256:ecea603dd2fbf8242fd31a305a8b12a4ece2de28096870c65fdd0d1e35b8d9a6 \
    --hash=sha256:ef31985c4dedb5f1424e1aec6849a47dd37689cb7fa3c20b1b82187f26806261 \
    --hash=sha256:ef752769cd962f39ea0b6ffc82d1ea43a0012c5a6157c7a075212fa509cfcff2 \
    --hash=sha256:f25446b2981717dca9786bac841cb3fd7efb568e3e3c755dd980481c5cb9228d \
    --hash=sha256:f2ac30cf5eb5dff1b584627ae0b0e1186551a4f69ae3c75073911da497a29170 \
    --hash=sha256:fea03cf56568cc1cba08b470be6a0559e71c3a5b688d54b7179bb35ba23d0821
    # via
    #   evo
    #   seaborn
matplotlib-inline==0.2.2 \
    --hash=sha256:3c821cf1c209f59fb2d2d64abbf5b23b67bcb2210d663f9918dd851c6da1fcf6 \
    --hash=sha256:72f3fe8fce36b70d4a5b612f899090cd0401deddc4ea90e1572b9f4bfb058c79
    # via ipython
mdurl==0.1.2 \
    --hash=sha256:84008a41e51615a49fc9966191ff91509e3c40b939176e643fd50a5c2196b8f8 \
    --hash=sha256:bb413d29f5eea38f31dd4754dd7377d4465116fb207585f97bf925588687c1ba
    # via markdown-it-py
moviepy==1.0.3 \
    --hash=sha256:2884e35d1788077db3ff89e763c5ba7bfddbd7ae9108c9bc809e7ba58fa433f5
    # via
    #   -c .local/vipe-alternatives/plan031-20260913T032700Z/jobs/E5-setup-recovery-004/constraints.txt
    #   -r .local/vipe-alternatives/plan031-20260913T032700Z/jobs/E5-setup-recovery-004/requirements.txt
mpmath==1.3.0 \
    --hash=sha256:7a28eb2a9774d00c7bc92411c19a89209d5da7c4c9a9e227be8330a23a25b91f \
    --hash=sha256:a0b2b9fe80bbcd81a6647ff13108738cfb482d481d826cc0e02f5b35e5c88d2c
    # via sympy
narwhals==2.26.0 \
    --hash=sha256:29326d74f107c347fd1009bd58e38d9f7c7c5b51e6de97bc93dbc325d9038b54 \
    --hash=sha256:6b9cadca82f375c7e4cf584fdc86ca25da54827307a9c58f94547ee6104b82dd
    # via plotly
natsort==8.4.0 \
    --hash=sha256:45312c4a0e5507593da193dedd04abb1469253b601ecaf63445ad80f0a1ea581 \
    --hash=sha256:4732914fb471f56b5cce04d7bae6f164a592c7712e1c85f9ef585e197299521c
    # via evo
nbformat==5.11.1 \
    --hash=sha256:32d4521c68c6e7d5b29c76defaeed9f42ea733142b9b19f88277ce10390b9c4d \
    --hash=sha256:cc6698fa75f4fab8755ead786317815f13a6fee3b53311c0abb1a8b51d52f7ec
    # via open3d
nest-asyncio==1.6.0 \
    --hash=sha256:6f172d5449aca15afd6c646851f4e31e02c598d553a667e38cafa997cfec55fe \
    --hash=sha256:87af6efd6b5e897c81050477ef65c62e2b2f35d51703cae01aff2905b1852e1c
    # via dash
networkx==3.6.1 \
    --hash=sha256:26b7c357accc0c8cde558ad486283728b65b6a95d85ee1cd66bafab4c8168509 \
    --hash=sha256:d47fbf302e7d9cbbb9e2555a0d267983d2aa476bac30e90dfbe5669bd57f3762
    # via torch
ninja==1.13.2 \
    --hash=sha256:09de9ab04f7352f51570c73fd4913acb1e6c24be0a72cd8b80243d4d3ed04925 \
    --hash=sha256:0e083700470c02ca154a855ae6d692d03564f5064cae52e113896f9ccc078418 \
    --hash=sha256:1293f4078278b70d0ee4b6cc8f3a9e030656c9b2f59909970343c4fe76070118 \
    --hash=sha256:1684c60d031c54c1d049541b64243c0c567dca5463dbd77682a8901780af293d \
    --hash=sha256:1db9852e528efa7702f5123969f86678663e46d57ff28ab13f5fd84d64a85fb1 \
    --hash=sha256:227cbc3ae3e5e429692388103cae8c09451df086cd2d342dae0795af0d162547 \
    --hash=sha256:525bfa3fc88aa30a4467df270fd5be6f9fcae8061d54d4df74ea1dc5abd5a975 \
    --hash=sha256:59d71c3e15b6b6f3d903eb0c27285544e0747ca59925ada7037bb1af781ad4b3 \
    --hash=sha256:65a24341b5ac09fcadcc37082660be40a94174e51a937fabf6e2cae26225fa2c \
    --hash=sha256:6a87bf42b123abe2f37737300185f0a303a891899da85d73a3613ee80547e578 \
    --hash=sha256:792cadbb9decfd1f776d4d0a6930feb46d08302eb57c176bcf26b09de5748e9f \
    --hash=sha256:81d95081c0ad7c95f67bf682220361ed2a32659d7861b4766b03433c58f22516 \
    --hash=sha256:915bd482c4be41c75120fd67a22e0bb3f0fbb3bbc5f95b89787deadd59e27ef2 \
    --hash=sha256:919572cbc3f233261ecd41fe1f3efc9d44aa02464a4588867e06a8b4f6f416ea \
    --hash=sha256:aa3d2ae5706a2c4d1e93edc951d1c6cbb45107413c404f8fde1741239efbc9a0 \
    --hash=sha256:b2f687437fac460b27b7eadc99039b1163016fb4ba7276e2782a192d9f24ee0e \
    --hash=sha256:d775a5e43e9088f507a6250d57fcf5678eb31268c545feb5064ffeee33735622 \
    --hash=sha256:f90f84affc441e219f15fe52532806c1c9dbd22fb66c3addddce88a3deaabab7 \
    --hash=sha256:fd82e26c0706ad4ab88e5fdd26f3fab0a987a90f810160f6c322e752c6af298b
    # via -r .local/vipe-alternatives/plan031-20260913T032700Z/jobs/E5-setup-recovery-004/requirements.txt
nodeenv==1.11.0 \
    --hash=sha256:3ce8fe5b71d16e8af7039ca65257354100bc772965d6bc549070649e53b1b146 \
    --hash=sha256:edaa16e6c14d7cf395d75d4bbd5a26390f4dc06501a33b4e76282b02cc688a25
    # via pre-commit
numexpr==2.14.2 \
    --hash=sha256:022e61a3d5dbf5807746264b62126d1c2c24057ad90052478a4d4482ab2555c2 \
    --hash=sha256:0741efbd75c284e709b0fd430c85c31982b44c9962922ba8a9cbbea1bf413321 \
    --hash=sha256:149ab5744a5222f07b1d60455c4021c754d395e44938944ac7c7c2495f7feb54 \
    --hash=sha256:1d4593e2c6fa060cd7441e8b6ef25c16321a6be2144b3c82d1e00885f1fb6e94 \
    --hash=sha256:2aa65ddc2243f19c6915f34ee0978b4a2df20f297230a793c4ee6d55f3472599 \
    --hash=sha256:2aceefa08f8f86317fa6e8fe9f6dc20d24ab8365d715be4a26306acf406d2dbe \
    --hash=sha256:2ef72de3d3dd466cb0c435cae7141c99b0f8091b1eae9d03dcb38690f56c3f79 \
    --hash=sha256:2f132777d7d425471c458af5617e023402f13f5006301eacf8a1a6e7118ea70c \
    --hash=sha256:327be9ee62251c173236dc620147ff2d0e732a32f5bad918d78a10082f502f63 \
    --hash=sha256:375d8bee15be42dab22100a0a3de05fe6689a2de853eca012858768a9a7e02ab \
    --hash=sha256:41cdeacf1b4e51c1143983ea61fcee68139ca47222b55a9265b4fa73826c4260 \
    --hash=sha256:449a57fb9d38de136e742b1fc429572b42f29778f1d695c3fe50ffec9d3c9a71 \
    --hash=sha256:44dc6b1dfa9abcbfc9917297f0d2af7c87c16b6ecd45747a8e70f54399a3a2f9 \
    --hash=sha256:4b1ff261c3e69c4c59578d3a9ca6132603619d38ae1abe73325563bed3b9bbaf \
    --hash=sha256:606ceaf5722e295ef965ca591736fc26d9e5f13ad950a479e64cead1947f8a3d \
    --hash=sha256:66f3b125b1104241322811de87918724d6709bf082dc0703722d0cecb7b29e82 \
    --hash=sha256:6acafb2fdbeaaa6681a8f1a1d8b3f7dcd33704baace7057b950754b258be7c43 \
    --hash=sha256:76e87c7bd70d721ce4d418e81f4fb7ecf9e7e67d7cea8102527b07fd3d3facf9 \
    --hash=sha256:779129d50974e7d6d6581d322f75b8f8375e96215b6861a2d5460347997ef649 \
    --hash=sha256:790da022539fe7c37dc893acf530a91c2ca6964d7ba11f464131383729d058f3 \
    --hash=sha256:7ca9e71195b36cc7aeafe97347549e1e1c1e889ff700238782ef6447651ec26d \
    --hash=sha256:806a4471310fe20aa7cb1b2816a6f5e508073a1ad1c2e18041b83e57066fad6a \
    --hash=sha256:8274c51ae1842948f3ae7fe6951a23dcf4ddcbeeaff3737e978e7740b754662d \
    --hash=sha256:8b8384592c49cb15a91caa54e2cd84d1ce18edb7af030bb76cd29b52e5dc155d \
    --hash=sha256:8fc55d14bcf17b3fe69213bea14f999451892b4690717008c66f2edfd6a085ce \
    --hash=sha256:91e7928435f14fcb351c0157000bce65122b897cc8b0df6bcc48251f25850a6d \
    --hash=sha256:92b00c78664070e3af155c6be713a0a5d75d598647ce32a5609adb79a8f961d3 \
    --hash=sha256:93233040f4bed3bce5abb0c2d20aeb1074511f29cbaa9c14828f86bcfa44d321 \
    --hash=sha256:939c89f613b814e64bb568859397dc9f99b219c3ef681a72fb99a86e435262f9 \
    --hash=sha256:a404c9a55902572eec810068d06b79a7c99e96f0400f5a7d73f39dff5ec5e371 \
    --hash=sha256:b02738853b9b5b8a995f6c680f8f6ef33e8f419395b8fa380e38690495fdb911 \
    --hash=sha256:b20c1c55aba7812ff2f2c6a50006425d02282fabb1eaf8d75fe638ffcf6deb02 \
    --hash=sha256:bac00898930f962f360c3d763a8e2273fc931f65a1759ff1bf64b3cf13d65aee \
    --hash=sha256:bf959e6df6cb603611c034b6cba7b03a361be0ad0b80b73f163fab95f5ccbb7f \
    --hash=sha256:c1ffaf805d8636c3f95d0996517ecf9684c9ac62d768030ca78d1d00af2b3504 \
    --hash=sha256:c66925deb968f0b5280f723e2bb5918c11e6be2ca60e9e1530006286ab44031d \
    --hash=sha256:cd684ac9daa539fcdac3437678834797b29d7780cfaad71111745132d466d51f \
    --hash=sha256:d534ecb456a4ae3995f99c8a5deb469bfff05d4ec610a7885c175c881d12f710 \
    --hash=sha256:d6a5d8fc7016bf6f6e1808b011510aa7c3bd75ec1407f7650874ec591db59f5e \
    --hash=sha256:dd905922d7dce457947d54b84c7ac345cef37332b724445e159a5a1a2080ce2b \
    --hash=sha256:e7144e83ea9e581f2273e0304f15836736c4e470e2bd2e378ce617662a1ca278 \
    --hash=sha256:ef576a1cded27ba2f3129bc3c42df452a1c498072680d560793f98b0024cd7e6 \
    --hash=sha256:f1de5c88515ed9fbcad42699a0e2b5821b4d0f0adb0da6fb7e009e5cb19d8493 \
    --hash=sha256:f3526699350f94c6277fb16863773a1af9defd95a6f78bbd69b1f0338fd94756 \
    --hash=sha256:f41170e9d0dbba76851e35d80cfa9f4ca5fe78628c5bf24d941cf3364940ab7a \
    --hash=sha256:fd2f5882a66a7792aa6614c68831aa20085b499d41422aedd001080624ebb14c
    # via evo
numpy==1.26.4 \
    --hash=sha256:03a8c78d01d9781b28a6989f6fa1bb2c4f2d51201cf99d3dd875df6fbd96b23b \
    --hash=sha256:08beddf13648eb95f8d867350f6a018a4be2e5ad54c8d8caed89ebca558b2818 \
    --hash=sha256:1af303d6b2210eb850fcf03064d364652b7120803a0b872f5211f5234b399f20 \
    --hash=sha256:1dda2e7b4ec9dd512f84935c5f126c8bd8b9f2fc001e9f54af255e8c5f16b0e0 \
    --hash=sha256:2a02aba9ed12e4ac4eb3ea9421c420301a0c6460d9830d74a9df87efa4912010 \
    --hash=sha256:2e4ee3380d6de9c9ec04745830fd9e2eccb3e6cf790d39d7b98ffd19b0dd754a \
    --hash=sha256:3373d5d70a5fe74a2c1bb6d2cfd9609ecf686d47a2d7b1d37a8f3b6bf6003aea \
    --hash=sha256:47711010ad8555514b434df65f7d7b076bb8261df1ca9bb78f53d3b2db02e95c \
    --hash=sha256:4c66707fabe114439db9068ee468c26bbdf909cac0fb58686a42a24de1760c71 \
    --hash=sha256:50193e430acfc1346175fcbdaa28ffec49947a06918b7b92130744e81e640110 \
    --hash=sha256:52b8b60467cd7dd1e9ed082188b4e6bb35aa5cdd01777621a1658910745b90be \
    --hash=sha256:60dedbb91afcbfdc9bc0b1f3f402804070deed7392c23eb7a7f07fa857868e8a \
    --hash=sha256:62b8e4b1e28009ef2846b4c7852046736bab361f7aeadeb6a5b89ebec3c7055a \
    --hash=sha256:666dbfb6ec68962c033a450943ded891bed2d54e6755e35e5835d63f4f6931d5 \
    --hash=sha256:675d61ffbfa78604709862923189bad94014bef562cc35cf61d3a07bba02a7ed \
    --hash=sha256:679b0076f67ecc0138fd2ede3a8fd196dddc2ad3254069bcb9faf9a79b1cebcd \
    --hash=sha256:7349ab0fa0c429c82442a27a9673fc802ffdb7c7775fad780226cb234965e53c \
    --hash=sha256:7ab55401287bfec946ced39700c053796e7cc0e3acbef09993a9ad2adba6ca6e \
    --hash=sha256:7e50d0a0cc3189f9cb0aeb3a6a6af18c16f59f004b866cd2be1c14b36134a4a0 \
    --hash=sha256:95a7476c59002f2f6c590b9b7b998306fba6a5aa646b1e22ddfeaf8f78c3a29c \
    --hash=sha256:96ff0b2ad353d8f990b63294c8986f1ec3cb19d749234014f4e7eb0112ceba5a \
    --hash=sha256:9fad7dcb1aac3c7f0584a5a8133e3a43eeb2fe127f47e3632d43d677c66c102b \
    --hash=sha256:9ff0f4f29c51e2803569d7a51c2304de5554655a60c5d776e35b4a41413830d0 \
    --hash=sha256:a354325ee03388678242a4d7ebcd08b5c727033fcff3b2f536aea978e15ee9e6 \
    --hash=sha256:a4abb4f9001ad2858e7ac189089c42178fcce737e4169dc61321660f1a96c7d2 \
    --hash=sha256:ab47dbe5cc8210f55aa58e4805fe224dac469cde56b9f731a4c098b91917159a \
    --hash=sha256:afedb719a9dcfc7eaf2287b839d8198e06dcd4cb5d276a3df279231138e83d30 \
    --hash=sha256:b3ce300f3644fb06443ee2222c2201dd3a89ea6040541412b8fa189341847218 \
    --hash=sha256:b97fe8060236edf3662adfc2c633f56a08ae30560c56310562cb4f95500022d5 \
    --hash=sha256:bfe25acf8b437eb2a8b2d49d443800a5f18508cd811fea3181723922a8a82b07 \
    --hash=sha256:cd25bcecc4974d09257ffcd1f098ee778f7834c3ad767fe5db785be9a4aa9cb2 \
    --hash=sha256:d209d8969599b27ad20994c8e41936ee0964e6da07478d6c35016bc386b66ad4 \
    --hash=sha256:d5241e0a80d808d70546c697135da2c613f30e28251ff8307eb72ba696945764 \
    --hash=sha256:edd8b5fe47dab091176d21bb6de568acdd906d1887a4584a15a9a96a1dca06ef \
    --hash=sha256:f870204a840a60da0b12273ef34f7051e98c3b5961b61b0c2c1be6dfd64fbcd3 \
    --hash=sha256:ffa75af20b44f8dba823498024771d5ac50620e6915abac414251bd971b4529f
    # via
    #   -c .local/vipe-alternatives/plan031-20260913T032700Z/jobs/E5-setup-recovery-004/constraints.txt
    #   -r .local/vipe-alternatives/plan031-20260913T032700Z/jobs/E5-setup-recovery-004/requirements.txt
    #   contourpy
    #   evo
    #   imageio
    #   matplotlib
    #   moviepy
    #   numexpr
    #   open3d
    #   opencv-python
    #   pandas
    #   plyfile
    #   pycolmap
    #   rosbags
    #   scipy
    #   seaborn
    #   torchvision
    #   trimesh
    #   xformers
nvidia-cublas-cu12==12.4.5.8 \
    --hash=sha256:0f8aa1706812e00b9f19dfe0cdb3999b092ccb8ca168c0db5b8ea712456fd9b3 \
    --hash=sha256:2fc8da60df463fdefa81e323eef2e36489e1c94335b5358bcb38360adf75ac9b \
    --hash=sha256:5a796786da89203a0657eda402bcdcec6180254a8ac22d72213abc42069522dc
    # via
    #   nvidia-cudnn-cu12
    #   nvidia-cusolver-cu12
    #   torch
nvidia-cuda-cupti-cu12==12.4.127 \
    --hash=sha256:5688d203301ab051449a2b1cb6690fbe90d2b372f411521c86018b950f3d7922 \
    --hash=sha256:79279b35cf6f91da114182a5ce1864997fd52294a87a16179ce275773799458a \
    --hash=sha256:9dec60f5ac126f7bb551c055072b69d85392b13311fcc1bcda2202d172df30fb
    # via torch
nvidia-cuda-nvrtc-cu12==12.4.127 \
    --hash=sha256:0eedf14185e04b76aa05b1fea04133e59f465b6f960c0cbf4e37c3cb6b0ea198 \
    --hash=sha256:a178759ebb095827bd30ef56598ec182b85547f1508941a3d560eb7ea1fbf338 \
    --hash=sha256:a961b2f1d5f17b14867c619ceb99ef6fcec12e46612711bcec78eb05068a60ec
    # via torch
nvidia-cuda-runtime-cu12==12.4.127 \
    --hash=sha256:09c2e35f48359752dfa822c09918211844a3d93c100a715d79b59591130c5e1e \
    --hash=sha256:64403288fa2136ee8e467cdc9c9427e0434110899d07c779f25b5c068934faa5 \
    --hash=sha256:961fe0e2e716a2a1d967aab7caee97512f71767f852f67432d572e36cb3a11f3
    # via torch
nvidia-cudnn-cu12==9.1.0.70 \
    --hash=sha256:165764f44ef8c61fcdfdfdbe769d687e06374059fbb388b6c89ecb0e28793a6f
    # via torch
nvidia-cufft-cu12==11.2.1.3 \
    --hash=sha256:5dad8008fc7f92f5ddfa2101430917ce2ffacd86824914c82e28990ad7f00399 \
    --hash=sha256:d802f4954291101186078ccbe22fc285a902136f974d369540fd4a5333d1440b \
    --hash=sha256:f083fc24912aa410be21fa16d157fed2055dab1cc4b6934a0e03cba69eb242b9
    # via torch
nvidia-curand-cu12==10.3.5.147 \
    --hash=sha256:1f173f09e3e3c76ab084aba0de819c49e56614feae5c12f69883f4ae9bb5fad9 \
    --hash=sha256:a88f583d4e0bb643c49743469964103aa59f7f708d862c3ddb0fc07f851e3b8b \
    --hash=sha256:f307cc191f96efe9e8f05a87096abc20d08845a841889ef78cb06924437f6771
    # via torch
nvidia-cusolver-cu12==11.6.1.9 \
    --hash=sha256:19e33fa442bcfd085b3086c4ebf7e8debc07cfe01e11513cc6d332fd918ac260 \
    --hash=sha256:d338f155f174f90724bbde3758b7ac375a70ce8e706d70b018dd3375545fc84e \
    --hash=sha256:e77314c9d7b694fcebc84f58989f3aa4fb4cb442f12ca1a9bde50f5e8f6d1b9c
    # via torch
nvidia-cusparse-cu12==12.3.1.170 \
    --hash=sha256:9bc90fb087bc7b4c15641521f31c0371e9a612fc2ba12c338d3ae032e6b6797f \
    --hash=sha256:9d32f62896231ebe0480efd8a7f702e143c98cfaa0e8a76df3386c1ba2b54df3 \
    --hash=sha256:ea4f11a2904e2a8dc4b1833cc1b5181cde564edd0d5cd33e3c168eff2d1863f1
    # via
    #   nvidia-cusolver-cu12
    #   torch
nvidia-nccl-cu12==2.21.5 \
    --hash=sha256:8579076d30a8c24988834445f8d633c697d42397e92ffc3f63fa26766d25e0a0
    # via torch
nvidia-nvjitlink-cu12==12.4.127 \
    --hash=sha256:06b3b9b25bf3f8af351d664978ca26a16d2c5127dbd53c0497e28d1fb9611d57 \
    --hash=sha256:4abe7fef64914ccfa909bc2ba39739670ecc9e820c83ccc7a6ed414122599b83 \
    --hash=sha256:fd9020c501d27d135f983c6d3e244b197a7ccad769e34df53a42e276b0e25fa1
    # via
    #   nvidia-cusolver-cu12
    #   nvidia-cusparse-cu12
    #   torch
nvidia-nvtx-cu12==12.4.127 \
    --hash=sha256:641dccaaa1139f3ffb0d3164b4b84f9d253397e38246a4f2f36728b48566d485 \
    --hash=sha256:781e950d9b9f60d8241ccea575b32f5105a5baf4c2351cab5256a24869f12a1a \
    --hash=sha256:7959ad635db13edf4fc65c06a6e9f9e55fc2f92596db928d169c0bb031e88ef3
    # via torch
omegaconf==2.3.1 \
    --hash=sha256:3d701d14e9a8828f1edd28bb70b725908b34277cdd72cf7d6a83f94dadc6b6a0 \
    --hash=sha256:e5e7de64aeebeddaf8e6d3f7a783b32ac2a01c0fbd9c878012caecb891a1f42a
    # via -r .local/vipe-alternatives/plan031-20260913T032700Z/jobs/E5-setup-recovery-004/requirements.txt
open3d==0.20.0 \
    --hash=sha256:025340a95094c49b7896e8881cd5b2f9a5f8fee44eddcc2331c4064333a50896 \
    --hash=sha256:04a11b9e6044af94e44246fa29dd7a789bba298fb8ed172fbf6ca2ae55ee6cf7 \
    --hash=sha256:0c46c90fe5c071ca2d541df0a8f8e1c77c9f5f209ccff2ce38d48ecf56835509 \
    --hash=sha256:101b65d35dd2ee2057879694c2f1470d335c52bace3482e549b4b4642a4060f7 \
    --hash=sha256:14e0928af6f83555e58dde934af85fe61f6f9f5160f883e6e720d6205c38c68a \
    --hash=sha256:18ae25cbc9f8fcabc06bad71e00cca3cd0ff0a762ce0fbec093f2e2a4d05eddf \
    --hash=sha256:3aaace08405330b3506962af04ae05eb759f0bf5f02842d69609d824cd407bfb \
    --hash=sha256:4732b5ae90a5183792c8c45280c1dd6299cb2a87726a21e0cd2ec3408bd54bb9 \
    --hash=sha256:4acfb34e2841dfac9f5a8681eca01abe4c219da5657e8cac4e2d0d88c70135b8 \
    --hash=sha256:5d2e32afb99b1fb826a3a3428aa6d331212cd956620ab9f659e37a0189d3f3c6 \
    --hash=sha256:60010f21d44f13557ba007893bc13a69827faa4dc49eedd923d1397096c20d92 \
    --hash=sha256:689fd4fb3579b2312439b9bceaf92cbb147586b6afc95bdbf6c16e98f5ea15c5 \
    --hash=sha256:7a5999a0bf23f277678de3e3e690a14171e697e81a2a65c2d84e40977b9523a9 \
    --hash=sha256:9574270e1ae85162435e5f14d6c6bcc012c3dd815fe963fadc7ad6d4de23814b \
    --hash=sha256:9d4827f1757ccc6e019417fc7f187d62d049d00c1b15a9928e47b50c57cabf6a \
    --hash=sha256:b6667a96ccefbbc6c18fce55996bf3d875505ff7cd828fbb0502117ded0c7274 \
    --hash=sha256:bb3633fef10b1024cbf10a98f0457de26498b40f93c91b7029865d53e3e7a114 \
    --hash=sha256:d49c254377c643472ce579154fce19f143527e26577ad2c292ae8d5cd28cd8c6 \
    --hash=sha256:f5cc6106d9c0c41beb8160aa99c2b663e7f08588a598ec7d464391a4cfe684d6 \
    --hash=sha256:fd67667543fb1a0e2c05200f0ae3433038562cf93050965ac8e8fdda5964a1ab
    # via -r .local/vipe-alternatives/plan031-20260913T032700Z/jobs/E5-setup-recovery-004/requirements.txt
opencv-python==4.11.0.86 \
    --hash=sha256:03d60ccae62304860d232272e4a4fda93c39d595780cb40b161b310244b736a4 \
    --hash=sha256:085ad9b77c18853ea66283e98affefe2de8cc4c1f43eda4c100cf9b2721142ec \
    --hash=sha256:1b92ae2c8852208817e6776ba1ea0d6b1e0a1b5431e971a2a0ddd2a8cc398202 \
    --hash=sha256:432f67c223f1dc2824f5e73cdfcd9db0efc8710647d4e813012195dc9122a52a \
    --hash=sha256:6b02611523803495003bd87362db3e1d2a0454a6a63025dc6658a9830570aa0d \
    --hash=sha256:810549cb2a4aedaa84ad9a1c92fbfdfc14090e2749cedf2c1589ad8359aa169b \
    --hash=sha256:9d05ef13d23fe97f575153558653e2d6e87103995d54e6a35db3f282fe1f9c66
    # via -r .local/vipe-alternatives/plan031-20260913T032700Z/jobs/E5-setup-recovery-004/requirements.txt
opentelemetry-api==1.45.0 \
    --hash=sha256:711ede81773c8025c2c03dac0450bc89f3d30aea6eabcc815c570d4e35a963f7 \
    --hash=sha256:80e068aba7cd56c8b58512d6a36f8d25cb1dfaa0c0a4cc1c938ccf9f362d9cb3
    # via fastapi
opt-einsum==3.4.0 \
    --hash=sha256:69bb92469f86a1565195ece4ac0323943e83477171b91d24c35afe028a90d7cd \
    --hash=sha256:96ca72f1b886d148241348783498194c577fa30a8faac108586b14f1ba4473ac
    # via opt-einsum-fx
opt-einsum-fx==0.1.4 \
    --hash=sha256:7eeb7f91ecb70be65e6179c106ea7f64fc1db6319e3d1289a4518b384f81e74f \
    --hash=sha256:85f489f4c7c31fd88d5faf9669c09e61ec37a30098809fdcfe2a08a9e42f23c9
    # via e3nn
packaging==26.3 \
    --hash=sha256:94edc256424af38762eb31306eed28beb9f0efc50a8837492c9d6fd6004aed79 \
    --hash=sha256:d7193f7c8e4e93f444fde0262bf90af30e16fa0ad0ad44cb553c87339b23cd1c
    # via
    #   -r .local/vipe-alternatives/plan031-20260913T032700Z/jobs/E5-setup-recovery-004/requirements.txt
    #   evo
    #   hatchling
    #   huggingface-hub
    #   matplotlib
    #   opt-einsum-fx
    #   plotly
    #   setuptools-scm
    #   vcs-versioning
    #   virtualenv
    #   wheel
pandas==3.0.6 \
    --hash=sha256:0704044b676496b8350e023b09f174a26772456c974a2b11c36bebb558c9490d \
    --hash=sha256:085e3786ae6b2e82b406266bce36690f72b9dc1421903ba9296b2981a9fcf586 \
    --hash=sha256:097090508a1dd335013d39106fc10b20f4fd4a171638e47b77d55798ed9dab6c \
    --hash=sha256:1bcb3e9ed29e74a7439cedff9e2aefd3ea65de84d7de9ccb6c194192541bd60e \
    --hash=sha256:1e7c0afdcaf6661d795fcefc2f647ddd1136f62cdc153fba177c685d97a87808 \
    --hash=sha256:1e92d9fa834c7d877130027cddc0cad8dcff97c1f6cca26bd6310f847228b658 \
    --hash=sha256:22172a92e7ee678ec0140c7af4fc9366b55413834a1cd86af78b3caa0b0574de \
    --hash=sha256:253e12cb9081b0afbac607920f6142975966bc315135e09de275fdbaa415d2de \
    --hash=sha256:265f562fdd1079f69f3de96dd425c3405224038c0af4f920c54bd240ee2c4640 \
    --hash=sha256:2a8fc94be2ee5f1d86f97aacd8cc566f81680b6498e76f3007421bb5d98151bf \
    --hash=sha256:2e5fa32ff162dfdbc280157d664f44d23049ae414725af9676df339c501d82cd \
    --hash=sha256:3ef908d28590b3f42d7070e7ad8f9b34b442b260b7f3c1afb57e0040c58cdb1b \
    --hash=sha256:429d9df32731ab01383ed98f2baa7a60368090d1a94fc06019a12062510e8630 \
    --hash=sha256:47121f9571503f724c9b93e297ab6254ac99c77adf5e9ed085ea419fd585c258 \
    --hash=sha256:4e25e2e1adee99ddfada6f7206a79ae8e9c8a8861b0e3eaaba165006d3eef18e \
    --hash=sha256:4ff44b2cb51cbd691c91f92c4ea6c71e34003f239ebd67c2e857dc898466b49c \
    --hash=sha256:50c44cbf5820b6b91a5f74aae04972472aefadd3cd9fbd1010409d85528bd570 \
    --hash=sha256:569e114072b24fc4970c12e2b4bab252671668a40b324318903380cab0254c0c \
    --hash=sha256:583be68728a31d0d750d5b8d9e00f02b153df0d4655f858bde93cb84cfc4227c \
    --hash=sha256:5e75072773c1b2f7cb63faa3a6f562aede11f3976f68ed34cb538bc091a28171 \
    --hash=sha256:5edd0a7abb0986ecce1ac81f56d99b6763f86aa6946dceb6c661224f90af5a19 \
    --hash=sha256:60d81f9e1799b36f3739e7fff44d1fbb2e8fd5a271b3863e03de9715fccda0fa \
    --hash=sha256:62f51d7f651c8054c5e82a69265c98082e795d1442df7ca6edc3a545d61214b1 \
    --hash=sha256:654aae059295dbba6ecd2328ca12712a2cf1676214c8699f1c29213f7ccf9c34 \
    --hash=sha256:66b07ef7315a31bfe1089cd3d71a7de781c9dca986762d0b4fe7c0ef17465d10 \
    --hash=sha256:6ff482fa91fa2bafd92e8fe66ce3645c851824310f295c1f0a2f96e928fc4541 \
    --hash=sha256:77ccbe5057aece6fc172b9b77f19c04335af6882bc2e10c8f3ee4e6bfb3da553 \
    --hash=sha256:7dac2d65e9087e8e7b5a45fe15c4920911a221df061ab629943ce016489145c7 \
    --hash=sha256:83e91d15738d7783c050197cef2f2cf82fc6353dae9865aa87ed1fa16aa4d55a \
    --hash=sha256:86fa853a12e0b70927e2b1ee00d56d2224ec9cbb4b9d58348b5ad52d2f21150e \
    --hash=sha256:8fe77b408d82e2615674dfed62533b95e18a03610573877422aada4f625d4947 \
    --hash=sha256:963ca21199097a84c7827c4678b04e30833084fbf8ef44fde3fa7180a29f8fa0 \
    --hash=sha256:97274c9adf6255bb48c620cd6959805efa7f09ea2167f0e0ae006a448cd2fca7 \
    --hash=sha256:994a79608263fe1c14cc48ffa7300e2b834b7d1cb406ffe96a08828cb0cdd79b \
    --hash=sha256:9ae8073aed8e21d1a7fe263dcdc6840743549722a6738198a0a46000fa9476f2 \
    --hash=sha256:9dab635a549e58a053c7b0fa054dc0bd7be22f0ed9a720f4a85d5fb993276172 \
    --hash=sha256:9e492cd4bdba6778de4fe0df7f4590c012161ebcf9902dce01b01dc683105514 \
    --hash=sha256:a3a22e07fe75347eaacc75b0e85297947af4fba6b4aae23916bd8b6828d0bba3 \
    --hash=sha256:a4dbd4dc65cbe645b92b8785d0f96dd7311010dc6606cf620e51b07b8788a12a \
    --hash=sha256:a77a1a44e4d88f1c6a2a64d3eb12efec8420875722e14279800b173a7c7c2804 \
    --hash=sha256:b27c8d890e4aa2171437ae2a39de1d215e674158e4865c4023a8b31c932513b2 \
    --hash=sha256:bd75ed0c840f709fc2ae26ddd9534ac77ca1a48ac0cce521a74acaa85f3340a7 \
    --hash=sha256:c6e4aae3e9bea26c6c9a20d88d96c86ec4a99b4db5fd516bcb4e829ab2c0ee36 \
    --hash=sha256:c826e9babb7790142c399f58599d8de679bea059d7b39c5b6efa2096fac37266 \
    --hash=sha256:cc39303913e2ea129915670de5d1c9fbd647f543bb72e5543bac8baa94e9e42f \
    --hash=sha256:d7564d86a94c2eb8ab290b07f63ddaae5c032fa53897c29a2ff2197d43aee8af \
    --hash=sha256:d7dcd21238cbb4828ff148481ba01cac8946dc5121457b5aeba28636f8f99a60 \
    --hash=sha256:db7ec631f26223beee8e5c9e0b8f23c24d8197bbd1d982421d4e3188bea51965 \
    --hash=sha256:e3dccb584123b399c07562ac4d62543e90ede49ddf8ce3c13ffc64cbe828c281 \
    --hash=sha256:e7c1905ef02c3d6d43d9dbd5b6ccb4da4870a0b0c821bbc103fbdb6f3ad2707b \
    --hash=sha256:eb6900de08ac85f93ac4948aa6b80842eba555875337b8359035ac9c43e92d34 \
    --hash=sha256:ee913a91669056c1de1a6b733fbfeab711de9e54e3bee2dfa5fe79d9457247d1 \
    --hash=sha256:ef738d71d1059245b6bb03e312be06d8b3821326a83486c1ad03b9aba3710e44 \
    --hash=sha256:f3ce8a6968045481e91a3990e797e348ce13db45ee164a7095bbc824e26c09dd \
    --hash=sha256:f4e7c52eb108d752e7592268108fd3e98efd76d83a3125cdd06c621c2e44359b \
    --hash=sha256:f8029ec0f1f89e4f985929ce1f6626dabf3140d61a4e9c1215afdab34eaf9a5d \
    --hash=sha256:fb625f426b375bcc96e3a04c5d5d266cd7be6ae5d6866e0e703382ab5164068c \
    --hash=sha256:ff51a4459ed036e93d1eb1bb5e6e7b28685d3cb6b7c12b91c05b31024e234729
    # via
    #   evo
    #   seaborn
parso==0.8.7 \
    --hash=sha256:a8926eb2a1b915486941fdbd31e86a4baf88fe8c210f25f2f35ecec5b574ca1c \
    --hash=sha256:eaaac4c9fdd5e9e8852dc778d2d7405897ec510f2a298071453e5e3a07914bb1
    # via jedi
pathspec==1.1.1 \
    --hash=sha256:17db5ecd524104a120e173814c90367a96a98d07c45b2e10c2f3919fff91bf5a \
    --hash=sha256:a00ce642f577bf7f473932318056212bc4f8bfdf53128c78bbd5af0b9b20b189
    # via hatchling
pexpect==4.9.0 \
    --hash=sha256:7236d1e080e4936be2dc3e326cec0af72acf9212a7e1d060210e70a47e253523 \
    --hash=sha256:ee7d41123f3c9911050ea2c2dac107568dc43b2d3b0c7557a33212c398ead30f
    # via ipython
pillow==12.3.0 \
    --hash=sha256:00808c5e14ef63ac5161091d242999076604ff74b883423a11e5d7bbb38bf756 \
    --hash=sha256:04f01d28a6aaff387bf842a13be313df23ba0597a44f1a976c9feb3c6ff4711a \
    --hash=sha256:06ff022112bc9cbf83b60f8e028d94ad87b60621706487e65f673de61610ab59 \
    --hash=sha256:0740a512dc522224c77d9aa5a8d70d8b7d73fb91f2c21125d8d025d3b8990e45 \
    --hash=sha256:0847a763afefb695bc912d7c131e7e0632d4edc1d8698f58ddabec8e46b8b6d3 \
    --hash=sha256:0dd2064cbc55aaec028ef5fbb60fa47bb6c3e7918e07ff17935284b227a9d2df \
    --hash=sha256:0feb2e9d6ad6c9e3c06effe9d00f3f1e618a6643273576b016f591e9315a7139 \
    --hash=sha256:10e41f0fbf1eec8cfd234b8fe17a4caac7c9d0db4c204d3c173a8f9f6ef3232b \
    --hash=sha256:1182d52bc2d5e5d7d0949503aa7e36d12f42205dc287e4883f407b1988820d39 \
    --hash=sha256:164b31cd1a0490ab6efae01aa5df49da7061be0af1b30e035b6e9a1bfe34ee6e \
    --hash=sha256:1657923d2d45afb66526e5b933e5b3052e6bdea196c90d3abb2424e18c77dae8 \
    --hash=sha256:186941b6aef820ad110fb01fb06eb925374dc3a21b17e37ec9a53b250c6fe2d1 \
    --hash=sha256:1cca606cd25738df4ed873d5ad46bbdb3d83b5cbca291f6b4ff13a4df6b0bbe8 \
    --hash=sha256:21900ce7ba264168cd50defae43cd75d25c833ad4ad6e73ffc5596d12e25ac89 \
    --hash=sha256:236ff70b9312fb68943c703aa842ca6a758abfa45ac187a5e7c1452e96ef72b5 \
    --hash=sha256:23aceaa007d6172b02c277f0cd359c79492bbb14f7072b4ede9fbcaf20648130 \
    --hash=sha256:23d27a3e0307ec2244cc51e7287b919aa68d097504ebe19df4e76a98a3eea5bd \
    --hash=sha256:24870b09b224f7ae3c39ed07d10e819d06f8720bc551847b1d623832b5b0e28d \
    --hash=sha256:251bf95b67017e27b13d82f5b326234ca62d70f9cf4c2b9032de2358a3b12c7b \
    --hash=sha256:25b9b82bb22e6e2b3cd07b39c68b7b862001226cb3dff7130d1cb914121b39ed \
    --hash=sha256:28ce87c5ab450a9dd970b52e5aca5fe63ed432d18a2eaddd1979a00a1ba24ace \
    --hash=sha256:300557495eb45ebb8aec96c2da9c4be642fbf7cd937278b4013ba894ea8eb0eb \
    --hash=sha256:30f2aa603c41533cc25c05acd0da21636e84a315768feb631c937177db558931 \
    --hash=sha256:331b624368d4f1d069149002f25f44bc61c8919ce8ddb3c45bdad8f6e2d89510 \
    --hash=sha256:37d6d0a00072fd2948eb22bce7e1475f34569d90c87c59f7a2ec59541b77f7a6 \
    --hash=sha256:37dc8f7bbb66efe481bb60defacef820c950c24713fb44962ed6aa2a50966de1 \
    --hash=sha256:3b8182a766685eaa002637e28b4ec8d6b18819a0c71f579bf0dbaa5830297cce \
    --hash=sha256:3edce1d53195db527e0191f84b71d02022de0540bf43a16ed734ed7537b07385 \
    --hash=sha256:446c34dcc4324b084a53b705127dc15717b22c5e140ae0a3c38349d4efec071e \
    --hash=sha256:4998562bf62a445225f22e07c896bb04b35b1b1f2eb6d760584c9c51d7a5f78c \
    --hash=sha256:4b0a7fe987b14c31ebda6083f74f22b561fd3739bc0ac51e019622e3d72668c7 \
    --hash=sha256:4e8c2a84d977f50b9daed6eeaf3baef67d00d5d74d932288f02cb94518ee3ace \
    --hash=sha256:4f883547d4b7f0495ebe7056b0cc2aea76094e7a4abc8e933540f3271df27d9c \
    --hash=sha256:514435a37670e3e5e08f3945b68718b6ed329bb84367777e16f9f4dfe1e61a0f \
    --hash=sha256:53aa02d20d10c3d814d536aa4e5ac9b84ca0ff5a88377963b085ad6822f93e64 \
    --hash=sha256:5594fc43d548a7ed94949d139aa1341b270f1863f11cfd37f5a6c8b778a6b67f \
    --hash=sha256:571b9fcb07b97ef3a492028fb3d2dc0993ca23a06138b0315286566d29ef718a \
    --hash=sha256:57b3d78c95ba9059768b10e28b813002261d3f3dfc55cc48b0c988f625175827 \
    --hash=sha256:5afb51d599ea772b8365ae807ae557f18bccfe46ab261fd1c2a9ed700fc6eb17 \
    --hash=sha256:6b02afb9b97f65fbca5f31db6a2a3ba21aa93030225f150fa3f249717e938fb4 \
    --hash=sha256:6c0016e7b354317c4e9e525b937ac8596c38d2d232b419529b9cd7a1cd46e39a \
    --hash=sha256:71d6097b330eea8fd15097780c8e89cb1a8ce7838669f48c5bacd6f663dd4701 \
    --hash=sha256:756c768d0c9c2955feb7a56c37ea24aea2e369f8d36a88da270b6a9f19e62b5e \
    --hash=sha256:78cb2c6865a35ab8ff8b75fd122f6033b92a62c82801110e48ddd6c936a45d91 \
    --hash=sha256:7a743ff716f746fc19a9557f60dab1600d4613255f8a7aeb3cdde4db7eb15a66 \
    --hash=sha256:85f998ea1848bc6757289e739cfbdda3a04adfd58b02fc018ce54d754a5ce468 \
    --hash=sha256:8728f216dcdb6e6d555cf971cb34076139ad74b31fc2c14da4fafc741c5f6217 \
    --hash=sha256:877c3f311ff35410f690861c4409e7ccbf0cd2f878e50628a28e5a0bb689e658 \
    --hash=sha256:8cd2f7bdda092d99c9fc2fb7391354f306d01443d22785d0cbfafa2e2c8bb418 \
    --hash=sha256:8e95e1385e4998ae9694eeaa4730ba5457ff61185b3a55e2e7bea0880aef452a \
    --hash=sha256:962864dc93511324d51ddbb5b9f8731bf71675b93ca612a07441896f4688fb8c \
    --hash=sha256:9cf95fe4d0f84c82d282745d9bb08ad9f926efa00be4697e767b814ce40d4330 \
    --hash=sha256:9e881fca225083806662a5c43d627d215f258ff43c890f831966c7d7ba9c7402 \
    --hash=sha256:a2b55dd6b2a4c4b7d87ffa56bdb33fdc5fdb9a462173861a7bc097f17d91cb09 \
    --hash=sha256:a45650e8ce7fafffd731db8550230db6b0d306d181a90b67d3e6bca2f1990930 \
    --hash=sha256:a876864214e136f0eb367788dbd7df045f4806801518e2cfe9e13229cfe06d8f \
    --hash=sha256:ae26d61dfa7a47befdc7572b521024e8745f3d809bd95ca9505a7bba9ef849ec \
    --hash=sha256:af8d94b0db561cf68b88a267c5c44b49e134f525d0dc2cb7ed413a66bc23559a \
    --hash=sha256:b343699e8308bdc51978310e1c959c584e7869cc8c40780058c87da7781a1e94 \
    --hash=sha256:b3c777e849237620b022f7f297dd67705f9f5cf1685f09f02e46f93e92725468 \
    --hash=sha256:b629de27fda84b42cde7edef0d85f13b958b47f6e9bbcbba9b673c562a89bd8b \
    --hash=sha256:ba09209fbe443b4acccebe845d8a138b89a8f4fbaeedd44953490b5315d5e965 \
    --hash=sha256:ba54cfebe86920a559a7c4d6b9050791c20513650a1952ebe3368c7dc70306f8 \
    --hash=sha256:bcb46e2f9feff8d06323983bd83ed00c201fdcab3d74973e7072a889b3979fcd \
    --hash=sha256:bcc33feacfaefce60c12fd500a277533bdc02b10a19f7f6d348763d8140bbba7 \
    --hash=sha256:bf16ba1b4d0b6b7c8e534936632270cf70eb00dbe09005bc345b2677b726855c \
    --hash=sha256:cf1845d02ad822a369a49f2bb9345b1614744267682e7a03527dc3bf6eea1777 \
    --hash=sha256:d69141514cc30b774ceea5e3ed3a6635c8d8a96edf664689b890f4089111fb35 \
    --hash=sha256:d9c7f76c0673154f044e9d78c8655fb4213f6ca31a836df48b40fe5d187717b9 \
    --hash=sha256:dbce0b29841537a2fa4a214c2bbf14de3587c9680caa9b4e217568472490b28f \
    --hash=sha256:dc624f6bc473dacdf7ef7eb8678d0d08edf15cd94fad6ae5c7d6cc67a4e4902f \
    --hash=sha256:e158cb00350dc278f3b91551101aa7d12415a66ebf2c91d8d5ac14e56ddd3ad0 \
    --hash=sha256:e491916b378fba47242221bb9ead245211b70d504f495d105d17b14a24b4907c \
    --hash=sha256:e795b7eb908249c4e43c7c99fac7c2c75dab0c43566e37db472a355f63693d71 \
    --hash=sha256:e7e480451b9fa137494bccd3a7d69adbe8ac65a87d97be61e11f1b1050a5bac3 \
    --hash=sha256:e91206ee562682b51b98ef4b26a6ef48fd84e15fd4c4bc5ec768eb641d206838 \
    --hash=sha256:e9871b1ffbfa9656b60aeee92ed5136a5742696006fa322b29ea3d8da0ecc9cf \
    --hash=sha256:e9aeb04d6aef139de265b29683e119b638208f88cf73cdd1658aa07221165321 \
    --hash=sha256:ebaea975e03d3141d9d3a507df75c9b3ec90fa9d2ffd07567b3a978d9d790b26 \
    --hash=sha256:f0606c8bf2cdefea14a43530f7657cbbb7ecf1c4222512492ef4a4434a9501ec \
    --hash=sha256:f13c32a3abd6079a66d9526e18dad9b6d280384d49d7c54040cd57b6424041d9 \
    --hash=sha256:f7401aebd7f581d7f83a439d87d474999317ee099218e5ad25d125290990ba65 \
    --hash=sha256:fa4ecea169a355be7a3ade2c783e2ed12f0e40d2c5621cda8b3297faf7fbb9f5 \
    --hash=sha256:fbd139c8447d25dd750ab79ee274cc5e1fe80fc56340ab10b18a195e1b6eca3e \
    --hash=sha256:fdafc9cce40277e0f7a0feabce0ee50dd2fa1800f3b38015e51296b5e814048d \
    --hash=sha256:fe3cca2e4e8a592be0f269a1ca4835c25199d9f3ce815c8491048f785b0a0198 \
    --hash=sha256:ffd0c5368496f41b0944be820fcb7a838aa6e623d250b01acf2643939c3f99d7
    # via
    #   -r .local/vipe-alternatives/plan031-20260913T032700Z/jobs/E5-setup-recovery-004/requirements.txt
    #   evo
    #   imageio
    #   matplotlib
    #   pillow-heif
    #   torchvision
pillow-heif==1.8.0 \
    --hash=sha256:01aeb134dbd99a6b2cbadffd312693c29dff6413c98ac6000674100b827c09ae \
    --hash=sha256:05b909da39f48ae90a00fdd9aa3ace4231332733d9e5e78c4bf88563a86b496e \
    --hash=sha256:06db8d10f000438ba605fbd12f4dffed4b792afe9c923cf4c589d04025fcc6b4 \
    --hash=sha256:17369223806d5fdde271621d2d819903fc1386b5c5e77db4eb617d0211b18717 \
    --hash=sha256:18057aa9b02d2f47e7dbe8145d90b12754e2fd37679cfce983c135cd9e1bda24 \
    --hash=sha256:1e92eafa786bd9f1b2a230088bddca6b30f1091ca8bc1434be0e5b63453587ad \
    --hash=sha256:257c81a049f6d11b2289908fbeb9affbae9adba943fec1bb6ce0926083d5fad6 \
    --hash=sha256:2900d250563dbc0a61e5803f9f1e60f52cdd85ea521c2c8047027e12cc7b5a7b \
    --hash=sha256:2f62a18f759349f31228b3a4ab1d0692febeb0f2f0486582eede86f36b6af927 \
    --hash=sha256:303aa4d336bb64cf3885910cb9014f31db8ba4f11f89d731fb9ba13930256e44 \
    --hash=sha256:344a427a173807f7b244305991f12a306d3a58c321fdb4e833d69158e9e52666 \
    --hash=sha256:34d2cae783350949fb204d29ce85e50d6059c4efbf310fe473585a78f2790add \
    --hash=sha256:3e534a64a2747059826d828750d925e8f9243652d53b37357f64228dc93ef401 \
    --hash=sha256:4411214505b56c88ec2f50ffb266de440e977ecdf7d68faa9801714b38fd7091 \
    --hash=sha256:4491adbb107c0b2c6bde1e0b7bbf7cea3f4a171426cb364e658a55778b28aa64 \
    --hash=sha256:45c012add5e9dc2d9b1671ba51bdb851971f069303b4e545b5971818c1ff0b0e \
    --hash=sha256:47c30f761a02af398da7568b480cccd0297f8a231cf333ae7d21c48d9e79d8e1 \
    --hash=sha256:4d5bca0ab34beb56b71a1caf4cd3fd4abb601576e7601e9570f2657fba73fa76 \
    --hash=sha256:5111663af679fbda0066c0232fcff232f8e6263d256737bff38f88f3809963c0 \
    --hash=sha256:5b17945a798b2a04b610e051143233cc1936ce2527bc48571c830553dc0008cd \
    --hash=sha256:5d4678f8c20773c6f41a8a940ac0fc869b8ec7d8b8aba82063fdee9259b81c2c \
    --hash=sha256:5f9d5fc0f32f73bc916c0c7554353b72cc66b92edd00e1942d27a6b5119f283d \
    --hash=sha256:6116981fdccce5f43fabfd8fac884c0fff9fde9601d00887a70af1220b1a91b1 \
    --hash=sha256:630bebbb6940059d90c4635b516c6d0a811354bc7ca9a3c4405467f866b12f76 \
    --hash=sha256:68a48e89c672e9944a2a2c45417e97ba68c1cb08cb26c1adc2d38193b9d0107b \
    --hash=sha256:6ca3739b5ad2cfb1b6a1cb631a7b21c4f6219aeb95c883be5b540e6d29d1ca4b \
    --hash=sha256:6e8705dc410bcb184cc15e75182ca51875e2466f5d0e203ee551475ed2776852 \
    --hash=sha256:70161d9963702d94bbaa31b2e08e43f6fb3baffccfac8c9ec1d702f6ff620cde \
    --hash=sha256:741115092cd6922d4ca5db801455617aaca2e52d17ec293852bd67357964c861 \
    --hash=sha256:7749bf63743f2d484d7b1ffa24fabbfbbe4b40261f3d0fdbc6ac2457dcffc825 \
    --hash=sha256:80b8dbf31c92aaffc25b2a1a9e86722fa6d6085f3db0e6003ad5bc0fb11905e7 \
    --hash=sha256:83341378c5671743d3f9000068a092baad871ef7dfd3e8c6ba8038c45304652e \
    --hash=sha256:8410beea2767b9e37bf058f7bb810c35ee6bcbdefbce5e7249c6d935f03af200 \
    --hash=sha256:862f827e9ce838a842f8180ee7a4d22674e643460592418c9b8b618ba43768be \
    --hash=sha256:8e4d1299a0ff8b0f607f9c76e99b29bff9ae39f5c6958f095c363e21d6a0153c \
    --hash=sha256:921784d39b5e3b9bcbfcf96ff05e78bc5a15ced5d171cf4e3987d06c04da71bf \
    --hash=sha256:93b76e2fa4903f943712f9ab843c3daf2ecef4185a377cfc29f909be96c7f1b2 \
    --hash=sha256:9795724a63ccff65d43bc108beb797ee4c7eb7f5f470be83836dd198a78059f7 \
    --hash=sha256:9e56eec370dda6f392832717d4fbe9d3f765b41238199d040746f1e80273f92b \
    --hash=sha256:a39ff1a09711e52a84401ec02fc297953fd180b285ac1631406311db50204bff \
    --hash=sha256:a816c28e37d15aea2196c11eb4683d243fb43a42caf02a34f546711e27b04a65 \
    --hash=sha256:a8cd4043b07966fc464fb95df41f584d3e804c26115e118165fc57c8fc890cdd \
    --hash=sha256:a925c6dcda423a5642d44d66200c279565f1d637e75bb87aa8b3124d286a2c3a \
    --hash=sha256:b771d311675f0093a0f09efd58b856fdf4a9358b0ae49049c09dc3c3957db3dd \
    --hash=sha256:bf088ae2921c507357d7f07c00689689a41ced0f1c265ce69f985b452f40372f \
    --hash=sha256:c56e9e939d6a3fdd4e04d441bec78529358d18c4b14020a590b4faba5945add6 \
    --hash=sha256:cd4ab336fa98bf81ee4cdf5f0c023d8aed7b5db14e6616de9f53425420daeaad \
    --hash=sha256:cf550adf3c3076fa046844e62a9a9d0a91e3178c041841bdfbe14d842c03094a \
    --hash=sha256:d953c39095d98584b7c60696b4bf25be561ef43a9441c44349e322b8f8a3233e \
    --hash=sha256:d9b7ac59dde01d100c1185e2f0348a467c259a0825edd829bd80d1f1303b12ed \
    --hash=sha256:dbd020b4d8a6730f46fb0815efaca3eebbea36ddd030fb507aae081713179830 \
    --hash=sha256:dfb3be3ce4d5f403b5957d3f255e0cb5e52d3add20ce3365fa3cb0b5794e1dc6 \
    --hash=sha256:e46cae4b19f86f31264433db892ad048d6162d3989a842472f802d8494ffb333 \
    --hash=sha256:e47c27432c6fd3d66c22f0de9f27fd379383b646c947520bc485854ce72060d0 \
    --hash=sha256:e83a66adf542cb3a266e01bda6b258bdda5f3efbe5ddc084f179efcc9e10b2f9 \
    --hash=sha256:e8794e4537d206d32ff399c2b336ce6d8110641515551bce21e599b809117168 \
    --hash=sha256:e9088a295f3c64f88211c4b1d845d883cf535e8919a72a17f7860abe8c991bf2 \
    --hash=sha256:e9bf19f4163f50e52e374ac04d9084756322ed7ef2ac756c2f3ca08cc43e5c1b \
    --hash=sha256:ea7a96d02fe36d964150449751ac1228fa9a36c8d0a54c013df799415eb82a58 \
    --hash=sha256:eb137d199489f0ee2d91f2ba7f86a930b3aef5e3bd72da83e19ad5004c8eb0ee \
    --hash=sha256:ec5ff22dac945f169d04b18b870f369e439370ba919c0f15ea3a37ac40048fb7 \
    --hash=sha256:ec6610ea28ee151458dde715346cbed90ef74feb6d7c354b318b4c4a560fdb1c \
    --hash=sha256:f0a7823f4b5e488ddbd82d0f7bbfa8d36dc903a192fbd6d88dbd8a216b73b6f0 \
    --hash=sha256:f150de06a4387644df54fb3a6162264825b99cbabfd804ca3154fb867a35ab16 \
    --hash=sha256:f2234a6fea91bcdfecae2effd553307973a77628aa9914151650cf20f5fa5c87 \
    --hash=sha256:f3d4b3e6558d9ab5a23abdebe38af568e59345c6f6d5fb2c8b6e6276a53650b9 \
    --hash=sha256:f448c9c46a28876a7908a4f70e79403d02b229e611dc64217a54ba5e86e5c7b3 \
    --hash=sha256:f8faca3932a00aa5b9dc0d132e01b92e03ccd01ef74f24d23dd3cb2ec2df263f \
    --hash=sha256:fec91ca160e4f393e56a7fa1b63ee14ea6ded82d86bfe6d2ecb2b7bc04bb1af5 \
    --hash=sha256:ffcd347a4903db4081a4416ea2ad9332e3d8db6eedd9df83ead5ea1a53d1e9a1
    # via -r .local/vipe-alternatives/plan031-20260913T032700Z/jobs/E5-setup-recovery-004/requirements.txt
pip==26.2.1 \
    --hash=sha256:71138adf1f4ca900cdb7d289c21b7494329f2332b6d85f0e1c42108c0384ed3e \
    --hash=sha256:f6ad667e89a1fe78046c8f13232b247200f5258d7828f3f7883d660878e0813f
    # via -r .local/vipe-alternatives/plan031-20260913T032700Z/jobs/E5-setup-recovery-004/requirements.txt
platformdirs==4.12.2 \
    --hash=sha256:29dbf06d96c500bc6bdbce75fb0a14d63279c93b1842f97e72a135b33e856983 \
    --hash=sha256:eab5f70271a490ef74618bb314fbb86e3c7e82fa3b9c922c2ea0e0a1a155d329
    # via
    #   jupyter-core
    #   virtualenv
plotly==7.1.0 \
    --hash=sha256:dbb7fa18afce40d0a8e80d1bf162eceb3faa0ce5a77fe741ad09a74cf78f53f3 \
    --hash=sha256:f860166a4a3d78c69cb1f4a15f28a5c8283eade98a282a698f3bb853a449ace5
    # via dash
pluggy==1.6.0 \
    --hash=sha256:7dcc130b76258d33b90f61b658791dede3486c3e6bfb003ee5c9bfb396dd22f3 \
    --hash=sha256:e920276dd6813095e9377c0bc5566d94c932c33b27a3e3945d8389c374dd4746
    # via hatchling
plyfile==1.1.3 \
    --hash=sha256:1c37720cb0470b762cec2dfef573ee7996a616c359c0ec34fdd766ace3ea0634 \
    --hash=sha256:581302f07b1c298431dcaa9038bba2ae80f3f7868b29ccb826a07bc4488ff38a
    # via -r .local/vipe-alternatives/plan031-20260913T032700Z/jobs/E5-setup-recovery-004/requirements.txt
pre-commit==4.6.2 \
    --hash=sha256:8f5d7bfb021ecdbcd9d49d89847082dd24172ccde534390081a679ad046e2441 \
    --hash=sha256:e2dde9a75d3bce11bd3831c26d134df00a2803c1d818be6a0383c3dcda25dc4e
    # via -r .local/vipe-alternatives/plan031-20260913T032700Z/jobs/E5-setup-recovery-004/requirements.txt
proglog==0.1.12 \
    --hash=sha256:361ee074721c277b89b75c061336cb8c5f287c92b043efa562ccf7866cda931c \
    --hash=sha256:ccaafce51e80a81c65dc907a460c07ccb8ec1f78dc660cfd8f9ec3a22f01b84c
    # via moviepy
prompt-toolkit==3.0.53 \
    --hash=sha256:01c0891d7f9237d5e339f7d3e42cdae80b7534abb1c7c0e3352efba6231492f2 \
    --hash=sha256:9ec8a0ad96d5c56148b3f914aa79c1564c3fde5d2e6b876e7bc327e353cf8fa6
    # via ipython
psutil==7.2.2 \
    --hash=sha256:0746f5f8d406af344fd547f1c8daa5f5c33dbc293bb8d6a16d80b4bb88f59372 \
    --hash=sha256:076a2d2f923fd4821644f5ba89f059523da90dc9014e85f8e45a5774ca5bc6f9 \
    --hash=sha256:11fe5a4f613759764e79c65cf11ebdf26e33d6dd34336f8a337aa2996d71c841 \
    --hash=sha256:1a571f2330c966c62aeda00dd24620425d4b0cc86881c89861fbc04549e5dc63 \
    --hash=sha256:1a7b04c10f32cc88ab39cbf606e117fd74721c831c98a27dc04578deb0c16979 \
    --hash=sha256:1fa4ecf83bcdf6e6c8f4449aff98eefb5d0604bf88cb883d7da3d8d2d909546a \
    --hash=sha256:2edccc433cbfa046b980b0df0171cd25bcaeb3a68fe9022db0979e7aa74a826b \
    --hash=sha256:7b6d09433a10592ce39b13d7be5a54fbac1d1228ed29abc880fb23df7cb694c9 \
    --hash=sha256:8c233660f575a5a89e6d4cb65d9f938126312bca76d8fe087b947b3a1aaac9ee \
    --hash=sha256:917e891983ca3c1887b4ef36447b1e0873e70c933afc831c6b6da078ba474312 \
    --hash=sha256:ab486563df44c17f5173621c7b198955bd6b613fb87c71c161f827d3fb149a9b \
    --hash=sha256:ae0aefdd8796a7737eccea863f80f81e468a1e4cf14d926bd9b6f5f2d5f90ca9 \
    --hash=sha256:b0726cecd84f9474419d67252add4ac0cd9811b04d61123054b9fb6f57df6e9e \
    --hash=sha256:b58fabe35e80b264a4e3bb23e6b96f9e45a3df7fb7eed419ac0e5947c61e47cc \
    --hash=sha256:c7663d4e37f13e884d13994247449e9f8f574bc4655d509c3b95e9ec9e2b9dc1 \
    --hash=sha256:e452c464a02e7dc7822a05d25db4cde564444a67e58539a00f929c51eddda0cf \
    --hash=sha256:e78c8603dcd9a04c7364f1a3e670cea95d51ee865e4efb3556a3a63adef958ea \
    --hash=sha256:eb7e81434c8d223ec4a219b5fc1c47d0417b12be7ea866e24fb5ad6e84b3d988 \
    --hash=sha256:ed0cace939114f62738d808fdcecd4c869222507e266e574799e9c0faa17d486 \
    --hash=sha256:eed63d3b4d62449571547b60578c5b2c4bcccc5387148db46e0c2313dad0ee00 \
    --hash=sha256:fd04ef36b4a6d599bbdb225dd1d3f51e00105f6d48a28f006da7f9822f2606d8
    # via
    #   -r .local/vipe-alternatives/plan031-20260913T032700Z/jobs/E5-setup-recovery-004/requirements.txt
    #   ipython
ptyprocess==0.7.0 \
    --hash=sha256:4b41f3967fce3af57cc7e94b888626c18bf37a083e3651ca8feeb66d492fef35 \
    --hash=sha256:5c5d0a3b48ceee0b48485e0c26037c0acd7d29765ca3fbb5cb3831d347423220
    # via pexpect
pure-eval==0.2.4 \
    --hash=sha256:260c2774686e651b79f8b8e7fc9d80b3599ea6a66334b47d5f4abb69fc2c0ea1 \
    --hash=sha256:96cae060a313cfaad51bb761278bfb0e62dc0248d9315a81173752dc546cd37a
    # via stack-data
pycolmap==4.2.1 \
    --hash=sha256:19a07d12d0e8a08f072d61161abed3898c96d618c3806c748b9e90c0f134e7bd \
    --hash=sha256:1cacb57103909bb0adec666b06122add8ea8024682d83fc5903145e01297f243 \
    --hash=sha256:2aa586acd21154ed92c1d674d5da9b1b05e1dd9e2156627caf0ae42278423f02 \
    --hash=sha256:5fb7c4100af76efb077cd0da3c78b3e5289a70de6131da0d816ad45e2e69d007 \
    --hash=sha256:711cef7bd0d30326a5d75967043371c98667f24db305b8cd5cd19339d02a7073 \
    --hash=sha256:73204e55c75ab637231d4ca559153d658ec7eda9dec39a1aacad96fbc0300cb9 \
    --hash=sha256:7627f0bab5746d04d94f91fec0dcb4b8ae0d5592853ab7b549cbd7dd021dd90f \
    --hash=sha256:7fe254ce4d810d3dfc1602fcf6773fc588778e44c54dfa9886266cfecf10d8c1 \
    --hash=sha256:9db2c0fef05cf0f9ac981a30c62a01d6bd9c67dab0fbe60a0045ff968180752e \
    --hash=sha256:a5e55b2f1bae79c0e3cefe47d56d1efff800cb25223d38ec0ef186b6670835c3 \
    --hash=sha256:a9bcc24a5980f34293f899d5bff2c0abfe4e33d9a73c54b7d2c748c224d20659 \
    --hash=sha256:b6a562b33bcbf0757c7b28c33b9166e095fa5451f9a4b38236018cf8a8d49380 \
    --hash=sha256:db0f5d7f3a90869bbaf798a726a9fac5850e114a3cc317c2ae915698c52316ce \
    --hash=sha256:e5cc476b6cf787b49b644b802a1790db3cb074039e903eb91197740e60f296c9 \
    --hash=sha256:ec6642d8ec11bb1dfeb9b6ed552a650c248ceb8887a0e8825be42cac27cf38ca
    # via -r .local/vipe-alternatives/plan031-20260913T032700Z/jobs/E5-setup-recovery-004/requirements.txt
pydantic==2.13.5 \
    --hash=sha256:346a034f080da3755d8e9cb5e00e8b07de1d39e4f6e2c87d8ab7cafa0b269a73 \
    --hash=sha256:51a9c5f7b2f8e636f04c6cada605d9b6a3bf1348fdf945a3d8869b19bba0ee08
    # via
    #   dash
    #   fastapi
pydantic-core==2.46.5 \
    --hash=sha256:013d6f3483d81e02e7c328831808f336c8596ee33b4bd4026b9ffb1e960b8942 \
    --hash=sha256:03b9666e41e35d8909852ba191a0607520f81b74eaf12ccf8737005dbb313821 \
    --hash=sha256:045ab3b6d308439e32b81cc173bba5b9018bc6ed896afd0c65b3b009b1699af5 \
    --hash=sha256:0bddb4020d8f04175865ccd17eff3040874fc11fb593f424edb452653b4b947c \
    --hash=sha256:0cdbada856a1c69a7624a64d3d9aefe79300bd6ef827b43a4f265010b9b55184 \
    --hash=sha256:0fc5be0abd4a407e200d844b404e33639a554e7bd0d448e7b9ae181be4789ac2 \
    --hash=sha256:10416c15b8839ecc4ef4d0885da76da6fd0f67333a0eb8aff6d93c4b8f2910fc \
    --hash=sha256:15f4a94963c95accac15b7b657bb177d3ad82bb90b0d0526d9a9b85079925db5 \
    --hash=sha256:18a09e1e1011b462f2e32774f25859ef1223d5c2b0546a633cf56654710721e0 \
    --hash=sha256:193375f3548919d3f0b60936ca113ada3e38f264f91b9b8e0508efaad57be931 \
    --hash=sha256:1a353f84de772f423b5ffb11d7ae352fbbef0f446f3c0b0af0f8236d7233606e \
    --hash=sha256:1e449def1945a462c464331254e5a44fca7c3b4f9aedf59ec2f50f8066dd8e25 \
    --hash=sha256:1e5aad1220a1192c42341c8fd4a8686657e73ab2a920c970bdc4de334fe3193d \
    --hash=sha256:200aa3dc9f8d54f0754f43247c0bad0999fdcfbfd2488384dd44f37279271fe6 \
    --hash=sha256:2471fd51c61c610e1dcf7de44d7299283661654d11264ab4802b303368d69c47 \
    --hash=sha256:24922243639cbdac66c75fcb6fd6495a9cb52b213d62f9a0d16f0310b1ff8038 \
    --hash=sha256:28a6a556cd3b6066bea827857f9d9cce027c96f776e512f544a581f9e42161f8 \
    --hash=sha256:2bc9419666990c06d7397831f2126a1ecc3594aaa3ff7de5bf2d066802f4e07b \
    --hash=sha256:2cbd9a5eff05e51c447c34dfa4632145b26b09120cf04bd0c871e44c1a5e1c9a \
    --hash=sha256:2d330aaba8621b1edcec8ae2c4050f63b84ccf6d98723a8f212e9684713abf0e \
    --hash=sha256:2d5d76654becf5efd62c9e51c3756c67b49498b0c9a40884934c40807adbd074 \
    --hash=sha256:337639ba62a11acde6ef3aeb08c8ea755f8ef1fe5e513356c0f36a2b0d7568b0 \
    --hash=sha256:347ec774390c87326a2e4929d58d3f7e8763a104d5d35f4cd595a4c952366433 \
    --hash=sha256:356c8368cbc321050b169595683a2e1d63413b1e0e2868b330af9fc14c616d3f \
    --hash=sha256:37ae34309d7bd8c0d61ab839668058f2a7962ea1fc51d105d2db228fe0618034 \
    --hash=sha256:37ea7b83c935e5b0d68c9449b82651accf78a10828b2c02b2f2d9e9496446c21 \
    --hash=sha256:3a3e26b6a8274211bddee2d0e4d0d42778f17a34510f49d2ec44b58abfc41736 \
    --hash=sha256:3aa166e99c4f2985407fb8714aebede877ecb5455cf321b606adca926d30d5a0 \
    --hash=sha256:3d2652072b2d774947ba5cf78a9e59644ac62ee572daf6dd2e1dfe905e15b2b7 \
    --hash=sha256:40375c2d05acec10323e45dfe2077ac44bc74659008614af5069034e2cfc781c \
    --hash=sha256:413a717a410d0c817ef5b786a059415550b3794e1d0c2abffd9efb93a3d9f7b4 \
    --hash=sha256:46c25dda9d092a06c08db76ffe0a197107904d0dfac653f7d5306bbcd6d6119c \
    --hash=sha256:49776eab08766a08dfff7012f8b422dcd7e25e43b316eedf0477c24fcfa84b7c \
    --hash=sha256:4d44cf99ddebf875f9b68cc267aa684c99b7b44fe63ee1cac4ec163807290069 \
    --hash=sha256:4dedce55295becb61921e386b99d4f2706045306e7fa52249a33004c837379fb \
    --hash=sha256:4f8507560a9284e1370bb048ed4282012fbef4e8d109875b95e884d228552061 \
    --hash=sha256:4fdc8b93a41521988916eeaa271173fcca7fa0803d62f87675aac8dcec1c8e29 \
    --hash=sha256:5086029a57366b8cf81b130a43908738095c270c21a8d7f0e8bdfdb89718e2f3 \
    --hash=sha256:52e24eacdb536cade636aa90fb851835222becff8484b7001fdc78cb0290f2aa \
    --hash=sha256:53feb344243bb9510a9dec7bf3cf1b64d88a98af5dc7872a5160465f8b198c8e \
    --hash=sha256:545f26c504b27c3758439a5e6d9349931f0a04f855668d5fe323c89e82300a38 \
    --hash=sha256:54d510bac3ee52247af28ed4bb18a1e799f040ac60fd2bf5ccd4c92f1fbe786f \
    --hash=sha256:5cb482e9e84c851f4e623fe4acc1ced89168cf1fe18f7089db4548c8f5bbb65b \
    --hash=sha256:5e81740c09e310f5aa5cbd3e434a01c154d4bef93241c7877b39f211d2b78ba8 \
    --hash=sha256:5ee239d575f80b08eca11f6e20f90c4c695de7825c67eefe6091fbf20dda648e \
    --hash=sha256:5f194189415698233dd1114a093a9b56e61e2c57e11b469be3b0506f46f0771c \
    --hash=sha256:5f93c5fe914d75fbec9a49209b00da5f08e9e467d69da2b1510c81940cfd10be \
    --hash=sha256:657b40d6240c0a7b6a64b30f22d1e3aa631c7e846c621b0c0f6d1d75e2e15ea6 \
    --hash=sha256:6d30e1a4f138b8951063e9a394752a9179b51da288ffa507b1e659222f4c1793 \
    --hash=sha256:6f7b393a8b3da82f5c1fc0751e6d01ac6c55b93c18226a60bdfba4a724efafd1 \
    --hash=sha256:701b2e04b560eeb4bddf7a25ab8ca476176e34fdbd9a0e18196f0d12d4685f0b \
    --hash=sha256:771cf63ae0b1b50dd22e5f3e3549fab5f3f4ff1635d352a9e1a97fe01c7b2e64 \
    --hash=sha256:79bdfa52f843137045b2d081cc05c120ba6665d29b7559c2c47690906f39279f \
    --hash=sha256:7ac031912d54f3d83ef3b3eb98dfabc1608802e2202263d25957eeed40b94761 \
    --hash=sha256:7b0fc826b16c55e561e5d2a0c5c77b051ba1d92808118c4e4b5390f5e0cf191d \
    --hash=sha256:7c6be839a5a8312626b32029a415644a0846b420bc8b52b95b28cd92da162168 \
    --hash=sha256:816ff0a6550ffc06c098ccd2e0698600f9aa7da192a79eaa6f9af504a35db869 \
    --hash=sha256:82a36973cf8a2ef5406f4fe2edbf8ed0c99629535d959e0b100c76a32535a111 \
    --hash=sha256:837b396ca3d7b74091ca623f6cbd8351bd42d670a79c2683e79fb089f06a2de5 \
    --hash=sha256:850a08d167dde16db8702c274f320c7be9d7da6f6dff2b58b18f9e815bd94f5b \
    --hash=sha256:8816f3d218beb4b787de5c9759c259b8fa61f9dec42dc7811f320a33771778b7 \
    --hash=sha256:892a881d5f68c2b9ea304b7a6c2c60d9343df578a311b0f86b94bc8f1ffe8129 \
    --hash=sha256:895395f8918627b04efb1ad2a4cf605387143300ba03304cd1dfa6d03f5e095e \
    --hash=sha256:8b10e3e8fd7ddc2bd915848a2768e44c15b22936f1cc54c462ad1164deb02655 \
    --hash=sha256:8e24d8f05fa2d28513d94e877e9c75ad66175376209b3977f916e240e623193c \
    --hash=sha256:8feeac04b5794e513e710af2f9c87d49f31a6dc47967bb264a1fed61a8989bec \
    --hash=sha256:9432f3598db432cb51c5b37fdbf29a60fcccc79e30d37a05022776a6bc4ab689 \
    --hash=sha256:976e1128455aa595ea04c79ccfedff1aaeab96ee013fcc916bed120c4f0ad94f \
    --hash=sha256:978e7b97d4824b5be09c69fb70507cbde3b0323fc147332ca40a94d9a6a0ebbf \
    --hash=sha256:97bf8de4d541598c94a59344eeb988a94c08ff76b5723c41f6567ec18c7892ea \
    --hash=sha256:97cf3eb53a8cccacf9d46686a0926186c9bfb5574f2ed66d3639d5fe117cd3a9 \
    --hash=sha256:9b68938dd5b0c783d88ff8e2dcc69451b5eb936fe212d516b21b9d5567f6d464 \
    --hash=sha256:9c4b71f10dd532fb7a5cbc8f58707779e64f03a258c2bf8bfbaecfcd9970b519 \
    --hash=sha256:9f47b8a949e60f027f0aa0a6f6c7b7e9c55cbf4380d10b344e282fa4e7ab1e1b \
    --hash=sha256:a1dee1b804ff4d11c663636cf15d2ea47e9f79cd56c033fb1cbf08924842a48f \
    --hash=sha256:a2468d93d181667a7abd66e1b64bb9f76f361b0fef8faddf687456453576f5ee \
    --hash=sha256:a2a5e1d0ff29adddc9f6d6821a66302e4493f8ca898b715b6b1182c2c201ea0a \
    --hash=sha256:a39ac25a9a2fa4072efdb429833c4a4c8009a51ff9eea3eeae131713cd27991e \
    --hash=sha256:a445486499897b88a7d6c310c88ed64dd37b1b59bfd7ae9107490bbb362f47d6 \
    --hash=sha256:a91c17edf6eea2402cb5457b4c89e99bc5ed1004aa34c4adf1d4258c1a5c22c2 \
    --hash=sha256:ab4b66edffb32d9e951efb3814bd104b8367a7501b81b955cacb5726d897389f \
    --hash=sha256:aca6c767f552b21b10f774aeac128e828eafb796adfa1b666a18bf6321453c3a \
    --hash=sha256:acf8a67ba51f4ca9ddbd0e6b3000a65ac51ab734661778b3e7ba64d99a710f2f \
    --hash=sha256:b10ec717381bdbfafef34607824db4c91de69ff085e4fca3b2af91b4fa17e68a \
    --hash=sha256:b49924c73a235e969511bf2aabdff3beebf9820931f646c80274d5d780010c47 \
    --hash=sha256:b6acfb46a814762367fb7ba0828b0a17d441b92ce249a0e007474c9072662dda \
    --hash=sha256:b7ca9034437b6022f941f4857459562ee00a560b97e7cce8a0ec5a74fc6766e0 \
    --hash=sha256:b98134087d9de723658d17a42c7d0da8d6e2ef08015dee7dc93889047315f5e4 \
    --hash=sha256:b9fe6fb92520e3fd61f2e49000b6911b188824f089b75973ea06d6267f0b476d \
    --hash=sha256:bce57638e08ac148e5778cce7feb968307a727d66f8e2274a543d0cf0c9ad6a3 \
    --hash=sha256:c14ad3bdc85ee7f318742c457ca3968a92126d144b15721c759033bfb06296c2 \
    --hash=sha256:c1c43ad4339643d70ebb8124e1305a7dab423001eff58bb41a0f731adbc98355 \
    --hash=sha256:c3471e5c4a949c26ec00a77f01df59096aa9495877de76fd60a980f8ee6be461 \
    --hash=sha256:c583b927a8838dab890706a6fa7573fbb8b70e24000ef9f7238e2d6f6435a5ed \
    --hash=sha256:c76fe65e607be28c7fd4d56fc3c42b1583aa058ce3408b7ad0fd540171d31f9f \
    --hash=sha256:c7ea57fc63aa7da93a1bd2d644e6577befae10c52c4e36377635eea1056a74f5 \
    --hash=sha256:cd5214352ae68f3b5e9af7768bdc5253695ee069675db3480518420b3be881f2 \
    --hash=sha256:cdbb78909f52b981d3b2d56b97328d71eb0b974c36bd77c920123a7ebb192829 \
    --hash=sha256:cdc8b74ecc48c0cb1e9607a05ec4e9e88db60a19ffcc9a1d5f9088ede40c8dc0 \
    --hash=sha256:d0a24b40877af2de4950252be9d21eaf7fb07660f3c2cae1f56c6b599ada5266 \
    --hash=sha256:d22a945598fb91236b4dd793a6e42e4f3dd7740bb5aace5ebd7d4c08d13bb575 \
    --hash=sha256:d2f9fc07a8042a8f95925b35c4f04f469707c981fc33245b6ca187cf5d2dd290 \
    --hash=sha256:d625a186a65201c23a9e3b8ed9c47e90a026e03256608cc91851c6709096844f \
    --hash=sha256:d925f3d9afd05a8c0fb3a1031463a8d59ebe5e2afad297e29c78be19e13b4e62 \
    --hash=sha256:e64e88d5585bea9ce95861079de72006c7fa6d3df4e3a3b65ba31eb979c15c9f \
    --hash=sha256:e652ab17569c94bff5475520f907b7148b8c24036a8ebbe5cf7cf7493d28579a \
    --hash=sha256:e7b891faeedeafba41b2983e5001a81b6a915b69544c7e7570d1989ce1c36ac7 \
    --hash=sha256:e80675d75ae2cd14372cb65cad5400d9347a3d3f6c13000183f22dfd027283ed \
    --hash=sha256:e9c134bb666dd54b778b9fc0d2b50cbb7f979b9e3716f26a88c9ab3b6fc1dd0f \
    --hash=sha256:eb7d8d0e5886a89a55d2eef490e272fa965a9d57c6b29a5b5088a7997ec2cad1 \
    --hash=sha256:ecb42011e12ee19cafbc312887cbf3546959fe02fbad44f272d4be5baa997615 \
    --hash=sha256:ef3fbbf161dc9351a2fe0422e51b129f9e97e42385bd0320b309c15f7d287dd8 \
    --hash=sha256:efd62a42486f1bda5d24cb4f63d15a3c7768375fe83d36f9417b4ad7a2fb20b3 \
    --hash=sha256:f077d0b97ab11fa7dcc633fca53515f290bca8a8a633e966d5b6d1879d9ed01a \
    --hash=sha256:f332f0e72a5a0400141f830744e141bf9f97917878dbe968669e8a7fefea78ff \
    --hash=sha256:f7b0ec93a2893de856652154d73b7ba622f26fa97726487dcac373de5f4c6084 \
    --hash=sha256:fa10ef4112775900e7a0661068635eb67b2ab824fbde764de6e0e21982a93db0 \
    --hash=sha256:fc5d783bd4a2387e97b8a2d5ec781cfb92b3d893bf82370548e99db5915935d3 \
    --hash=sha256:fc8515076c11f3cfdf4fb142dcca0fe384b1230a3b5415458ac84f3e0903ec13 \
    --hash=sha256:ff218293c9c806138dca139765e3b067621be52bcd93cdc14c7711be7ddc90a9
    # via pydantic
pygments==2.21.0 \
    --hash=sha256:2363c69b61c4a97c838da3b130dcd6468f4848992b21a82f2a63ec34377137d9 \
    --hash=sha256:610ca751c9bc2492b38eb9a38a7fbc93edbbb2d7182edaf34e66ae493dee5c8c
    # via
    #   evo
    #   ipython
    #   ipython-pygments-lexers
    #   rich
pyparsing==3.3.3 \
    --hash=sha256:928ae7e20211f3b6f3915a72f06a0cfd29ab9d24279dd6346b6b1a7146397d36 \
    --hash=sha256:ece8c00a69cf01b45d0b1dedabb469c90d8caf996d4fda40f147627a122849a4
    # via matplotlib
python-dateutil==2.9.0.post0 \
    --hash=sha256:37dd54208da7e1cd875388217d5e00ebd4179249f90fb72437e91a35459a0ad3 \
    --hash=sha256:a8b2bc7bffae282281c8140a97d3aa9c14da0b136dfe83f850eea9a5f7470427
    # via
    #   matplotlib
    #   pandas
python-discovery==1.6.1 \
    --hash=sha256:cf87d3627dfb4412437fdd5b13eae402607722998d21567993aedbc59b23c15e \
    --hash=sha256:d43fcdef879fe795352bd13ccf8d185ba5a9f86f36cfcd00529f596e737442b3
    # via virtualenv
pyyaml==6.0.3 \
    --hash=sha256:00c4bdeba853cc34e7dd471f16b4114f4162dc03e6b7afcc2128711f0eca823c \
    --hash=sha256:0150219816b6a1fa26fb4699fb7daa9caf09eb1999f3b70fb6e786805e80375a \
    --hash=sha256:02893d100e99e03eda1c8fd5c441d8c60103fd175728e23e431db1b589cf5ab3 \
    --hash=sha256:02ea2dfa234451bbb8772601d7b8e426c2bfa197136796224e50e35a78777956 \
    --hash=sha256:0f29edc409a6392443abf94b9cf89ce99889a1dd5376d94316ae5145dfedd5d6 \
    --hash=sha256:10892704fc220243f5305762e276552a0395f7beb4dbf9b14ec8fd43b57f126c \
    --hash=sha256:16249ee61e95f858e83976573de0f5b2893b3677ba71c9dd36b9cf8be9ac6d65 \
    --hash=sha256:1d37d57ad971609cf3c53ba6a7e365e40660e3be0e5175fa9f2365a379d6095a \
    --hash=sha256:1ebe39cb5fc479422b83de611d14e2c0d3bb2a18bbcb01f229ab3cfbd8fee7a0 \
    --hash=sha256:214ed4befebe12df36bcc8bc2b64b396ca31be9304b8f59e25c11cf94a4c033b \
    --hash=sha256:2283a07e2c21a2aa78d9c4442724ec1eb15f5e42a723b99cb3d822d48f5f7ad1 \
    --hash=sha256:22ba7cfcad58ef3ecddc7ed1db3409af68d023b7f940da23c6c2a1890976eda6 \
    --hash=sha256:27c0abcb4a5dac13684a37f76e701e054692a9b2d3064b70f5e4eb54810553d7 \
    --hash=sha256:28c8d926f98f432f88adc23edf2e6d4921ac26fb084b028c733d01868d19007e \
    --hash=sha256:2e71d11abed7344e42a8849600193d15b6def118602c4c176f748e4583246007 \
    --hash=sha256:34d5fcd24b8445fadc33f9cf348c1047101756fd760b4dacb5c3e99755703310 \
    --hash=sha256:37503bfbfc9d2c40b344d06b2199cf0e96e97957ab1c1b546fd4f87e53e5d3e4 \
    --hash=sha256:3c5677e12444c15717b902a5798264fa7909e41153cdf9ef7ad571b704a63dd9 \
    --hash=sha256:3ff07ec89bae51176c0549bc4c63aa6202991da2d9a6129d7aef7f1407d3f295 \
    --hash=sha256:41715c910c881bc081f1e8872880d3c650acf13dfa8214bad49ed4cede7c34ea \
    --hash=sha256:418cf3f2111bc80e0933b2cd8cd04f286338bb88bdc7bc8e6dd775ebde60b5e0 \
    --hash=sha256:44edc647873928551a01e7a563d7452ccdebee747728c1080d881d68af7b997e \
    --hash=sha256:4a2e8cebe2ff6ab7d1050ecd59c25d4c8bd7e6f400f5f82b96557ac0abafd0ac \
    --hash=sha256:4ad1906908f2f5ae4e5a8ddfce73c320c2a1429ec52eafd27138b7f1cbe341c9 \
    --hash=sha256:501a031947e3a9025ed4405a168e6ef5ae3126c59f90ce0cd6f2bfc477be31b7 \
    --hash=sha256:5190d403f121660ce8d1d2c1bb2ef1bd05b5f68533fc5c2ea899bd15f4399b35 \
    --hash=sha256:5498cd1645aa724a7c71c8f378eb29ebe23da2fc0d7a08071d89469bf1d2defb \
    --hash=sha256:5cf4e27da7e3fbed4d6c3d8e797387aaad68102272f8f9752883bc32d61cb87b \
    --hash=sha256:5e0b74767e5f8c593e8c9b5912019159ed0533c70051e9cce3e8b6aa699fcd69 \
    --hash=sha256:5ed875a24292240029e4483f9d4a4b8a1ae08843b9c54f43fcc11e404532a8a5 \
    --hash=sha256:5fcd34e47f6e0b794d17de1b4ff496c00986e1c83f7ab2fb8fcfe9616ff7477b \
    --hash=sha256:5fdec68f91a0c6739b380c83b951e2c72ac0197ace422360e6d5a959d8d97b2c \
    --hash=sha256:6344df0d5755a2c9a276d4473ae6b90647e216ab4757f8426893b5dd2ac3f369 \
    --hash=sha256:64386e5e707d03a7e172c0701abfb7e10f0fb753ee1d773128192742712a98fd \
    --hash=sha256:652cb6edd41e718550aad172851962662ff2681490a8a711af6a4d288dd96824 \
    --hash=sha256:66291b10affd76d76f54fad28e22e51719ef9ba22b29e1d7d03d6777a9174198 \
    --hash=sha256:66e1674c3ef6f541c35191caae2d429b967b99e02040f5ba928632d9a7f0f065 \
    --hash=sha256:6adc77889b628398debc7b65c073bcb99c4a0237b248cacaf3fe8a557563ef6c \
    --hash=sha256:79005a0d97d5ddabfeeea4cf676af11e647e41d81c9a7722a193022accdb6b7c \
    --hash=sha256:7c6610def4f163542a622a73fb39f534f8c101d690126992300bf3207eab9764 \
    --hash=sha256:7f047e29dcae44602496db43be01ad42fc6f1cc0d8cd6c83d342306c32270196 \
    --hash=sha256:8098f252adfa6c80ab48096053f512f2321f0b998f98150cea9bd23d83e1467b \
    --hash=sha256:850774a7879607d3a6f50d36d04f00ee69e7fc816450e5f7e58d7f17f1ae5c00 \
    --hash=sha256:8d1fab6bb153a416f9aeb4b8763bc0f22a5586065f86f7664fc23339fc1c1fac \
    --hash=sha256:8da9669d359f02c0b91ccc01cac4a67f16afec0dac22c2ad09f46bee0697eba8 \
    --hash=sha256:8dc52c23056b9ddd46818a57b78404882310fb473d63f17b07d5c40421e47f8e \
    --hash=sha256:9149cad251584d5fb4981be1ecde53a1ca46c891a79788c0df828d2f166bda28 \
    --hash=sha256:93dda82c9c22deb0a405ea4dc5f2d0cda384168e466364dec6255b293923b2f3 \
    --hash=sha256:96b533f0e99f6579b3d4d4995707cf36df9100d67e0c8303a0c55b27b5f99bc5 \
    --hash=sha256:9c57bb8c96f6d1808c030b1687b9b5fb476abaa47f0db9c0101f5e9f394e97f4 \
    --hash=sha256:9c7708761fccb9397fe64bbc0395abcae8c4bf7b0eac081e12b809bf47700d0b \
    --hash=sha256:9f3bfb4965eb874431221a3ff3fdcddc7e74e3b07799e0e84ca4a0f867d449bf \
    --hash=sha256:a33284e20b78bd4a18c8c2282d549d10bc8408a2a7ff57653c0cf0b9be0afce5 \
    --hash=sha256:a80cb027f6b349846a3bf6d73b5e95e782175e52f22108cfa17876aaeff93702 \
    --hash=sha256:b30236e45cf30d2b8e7b3e85881719e98507abed1011bf463a8fa23e9c3e98a8 \
    --hash=sha256:b3bc83488de33889877a0f2543ade9f70c67d66d9ebb4ac959502e12de895788 \
    --hash=sha256:b865addae83924361678b652338317d1bd7e79b1f4596f96b96c77a5a34b34da \
    --hash=sha256:b8bb0864c5a28024fac8a632c443c87c5aa6f215c0b126c449ae1a150412f31d \
    --hash=sha256:ba1cc08a7ccde2d2ec775841541641e4548226580ab850948cbfda66a1befcdc \
    --hash=sha256:bdb2c67c6c1390b63c6ff89f210c8fd09d9a1217a465701eac7316313c915e4c \
    --hash=sha256:c1ff362665ae507275af2853520967820d9124984e0f7466736aea23d8611fba \
    --hash=sha256:c2514fceb77bc5e7a2f7adfaa1feb2fb311607c9cb518dbc378688ec73d8292f \
    --hash=sha256:c3355370a2c156cffb25e876646f149d5d68f5e0a3ce86a5084dd0b64a994917 \
    --hash=sha256:c458b6d084f9b935061bc36216e8a69a7e293a2f1e68bf956dcd9e6cbcd143f5 \
    --hash=sha256:d0eae10f8159e8fdad514efdc92d74fd8d682c933a6dd088030f3834bc8e6b26 \
    --hash=sha256:d76623373421df22fb4cf8817020cbb7ef15c725b9d5e45f17e189bfc384190f \
    --hash=sha256:ebc55a14a21cb14062aa4162f906cd962b28e2e9ea38f9b4391244cd8de4ae0b \
    --hash=sha256:eda16858a3cab07b80edaf74336ece1f986ba330fdb8ee0d6c0d68fe82bc96be \
    --hash=sha256:ee2922902c45ae8ccada2c5b501ab86c36525b883eff4255313a253a3160861c \
    --hash=sha256:efd7b85f94a6f21e4932043973a7ba2613b059c4a000551892ac9f1d11f5baf3 \
    --hash=sha256:f7057c9a337546edc7973c0d3ba84ddcdf0daa14533c2065749c9075001090e6 \
    --hash=sha256:fa160448684b4e94d80416c0fa4aac48967a969efe22931448d853ada8baf926 \
    --hash=sha256:fc09d0aa354569bc501d4e787133afc08552722d3ab34836a80547331bb5d4a0
    # via
    #   evo
    #   huggingface-hub
    #   omegaconf
    #   pre-commit
referencing==0.37.0 \
    --hash=sha256:381329a9f99628c9069361716891d34ad94af76e461dcb0335825aecc7692231 \
    --hash=sha256:44aefc3142c5b842538163acb373e24cce6632bd54bdb01b21ad5863489f50d8
    # via
    #   jsonschema
    #   jsonschema-specifications
requests==2.34.2 \
    --hash=sha256:2a0d60c172f83ac6ab31e4554906c0f3b3588d37b5cb939b1c061f4907e278e0 \
    --hash=sha256:f288924cae4e29463698d6d60bc6a4da69c89185ad1e0bcc4104f584e960b9ed
    # via
    #   -r .local/vipe-alternatives/plan031-20260913T032700Z/jobs/E5-setup-recovery-004/requirements.txt
    #   dash
    #   moviepy
retrying==1.4.2 \
    --hash=sha256:bbc004aeb542a74f3569aeddf42a2516efefcdaff90df0eb38fbfbf19f179f59 \
    --hash=sha256:d102e75d53d8d30b88562d45361d6c6c934da06fab31bd81c0420acb97a8ba39
    # via dash
rich==15.0.0 \
    --hash=sha256:33bd4ef74232fb73fe9279a257718407f169c09b78a87ad3d296f548e27de0bb \
    --hash=sha256:edd07a4824c6b40189fb7ac9bc4c52536e9780fbbfbddf6f1e2502c31b068c36
    # via typer
rosbags==0.11.5 \
    --hash=sha256:e81bc1bbdadeb1a03cd43f9d67dfb2e17ac9fd5245c8ee5119da72ce8a7ab29b \
    --hash=sha256:f6fc16e52af1f383209010557c92933d4ac30a1b376c97e215b71244b26304d8
    # via evo
rpds-py==2026.6.3 \
    --hash=sha256:0be972be84cfcaf46c8c6edf690ca0f154ac17babf1f6a955a51579b34ad2dc5 \
    --hash=sha256:127565fead0a10943b282957bd5447804ff3160ad79f2ad2635e6d249e380680 \
    --hash=sha256:127e08c0642d880cf32ca47ec2a4a77b901f7e2dd1ad9762adb13955d72ffcc9 \
    --hash=sha256:166cf54d9f44fc6ceb53c7860258dde44a81406646de79f8ed3234fca3b6e538 \
    --hash=sha256:168c733a7112e071bb7a66460e667edfcff06c017a3c523f7a8a8e08d0140804 \
    --hash=sha256:1967debc37f64f2c4dc90a7f563aec558b471966e12adcac4e1c4240496b6ebf \
    --hash=sha256:1cebd1337c242e4ec2293e541f712b2da849b29f48f0c293684b71c0632625d4 \
    --hash=sha256:1cf01971c4f2c5553b772a542e4aaf191789cd331bc2cd4ff0e6e65ba49e1e97 \
    --hash=sha256:1e5822dfc2f0d4ab7e745eaa6d85945069329beeccef965af3f3bb26058fcab6 \
    --hash=sha256:22bffe6042b9bcb0822bcd1955ec00e245daf17b4344e4ed8e9551b976b63e96 \
    --hash=sha256:23a439f31ccbeff1574e24889128821d1f7917470e830cf6544dced1c662262a \
    --hash=sha256:24e9c5386e16669b674a69c156c8eeefcb578f3b3397b713b08e6d60f3c7b187 \
    --hash=sha256:270b293dae9058fc9fcedab50f13cebf46fb8ed1d1d54e0521a9da5d6b211975 \
    --hash=sha256:29dfa0533a5d4c94d4dfa1b694fcb56c9c63aad8330ffdd816fd225d0a7a162f \
    --hash=sha256:2a9c6f195058cb45335e8cc3802745c603d716eb96bc9625950c1aac71c0c703 \
    --hash=sha256:2bfd04c19ddbd6640de0b51894d764bd2758854d5b75bd102d2ef10cb9c293a9 \
    --hash=sha256:2c54a076ca4d370980ab57bc0e31df57bbe8d41340436a90ef8b1219a3cbb127 \
    --hash=sha256:2c958bf94822e9290a40aaf2a822d4bc5c88099093e3948ad6c571eca9272e5f \
    --hash=sha256:2c99f7e8ccb3dd6e3e4bfeac657a7b208c9bac8075f4b078c02d7404c34107fa \
    --hash=sha256:2f7c26fbc5acd2522b95d4177fe4710ffd8e9b20529e703ffbf8db4d93903f05 \
    --hash=sha256:30c6dc199b24a5e3e81d50da0f00858c5bbdb2617a750395687f4339c5818171 \
    --hash=sha256:38a2fea2787428f811719ceb9114cb78964a3138838320c29ac39526c79c16ba \
    --hash=sha256:3a83ae6c67b7676b9878378547ca8e93ed77a580037bcbcd1d32f739e1e6089c \
    --hash=sha256:3cfe765c1da0072636ca06628261e0ea05688e160d5c8a03e0217c3854037223 \
    --hash=sha256:421aba32367055614287a4292b6a17f1939c9452299f7a0209c117e990b646d4 \
    --hash=sha256:425560c6fa0415f27261727bb20bd097568485e5eb0c121f1949417d1c516885 \
    --hash=sha256:4470ce197d4090875cf6affbf1f853338387428df97c4fb7b7106317b8214698 \
    --hash=sha256:4cf2d36a2357e4d07bb5a4f98801265327b48256867816cfd2ceb001e9754a8f \
    --hash=sha256:4f4bca01b63096f606e095734dd56e74e175f94cfbf24ff3d63281cec61f7bb7 \
    --hash=sha256:501f9f04a588d6a09179368c57071301445191767c64e4b52a6aa9871f1ef5ed \
    --hash=sha256:536bceea4fa4acf7e1c61da2b5786304367c816c8895be71b8f537c480b0ea1f \
    --hash=sha256:538949e262e46caa31ac01bdb3c1e8f642622922cacbabbae6a8445d9dc33eaf \
    --hash=sha256:539d75de9e0d536c84ff18dfeb805398e58227001ce09231a26a08b9aed1ee0e \
    --hash=sha256:54f45a148e28767bf343d33a684693c70e451c6f4c0e9904709a723fafbdfc1f \
    --hash=sha256:55927d532399c2c646100ff7feb48eaa940ad70f42cd68e1328f3ded9f81ca24 \
    --hash=sha256:58eadac9cd119677b60e1cf8ac4052f35949d71b8a9e5556efccbe82533cf22a \
    --hash=sha256:5e8d07bddee435a2ff6f1920e18feff28d0bc4533e42f4bf6927fbd073312c41 \
    --hash=sha256:62698275682bf121181861295c9181e789030a2d516071f5b8f3c23c170cd0fc \
    --hash=sha256:639c8929aa0afe81be836b04de888460d6bed38b9c54cfc18da8f6bfabf5af5d \
    --hash=sha256:67e3a721ffc5d8d2210d3671872298c4a84e4b8035cfe42ffd7cde35d772b146 \
    --hash=sha256:6de4744d05bd1aa1be4ed7ea1189e3979196808008113bbbf899a460966b925e \
    --hash=sha256:6e84adbcf4bf841aed8116a8264b9f50b4cb3e7bd89b516122e616ac56ca269e \
    --hash=sha256:7491ee23305ac3eb59e492b6945881f5cd77a6f731061a3f25b77fd40f9e99a4 \
    --hash=sha256:79486287de1730dbaff3dbd124d0ca4d2ef7f9d29bf2544f1f93c09b5bcbbd12 \
    --hash=sha256:7b689145a1485c335569bd056464f3243a29af7ed3871c7be31ad624ba239bc7 \
    --hash=sha256:7f88d653e7b3b779d71ae7454e20dcc9b6bae903f33c269db9f2be41bda3f261 \
    --hash=sha256:8020133a74bd81b4572dd8e4be028a6b1ebcd70e6726edc3918008c08bee6ee6 \
    --hash=sha256:808345f53cb952433ca2816f1604ff3515608a81784954f38d4452acfe8e61d5 \
    --hash=sha256:83e35b57523816c8613fd0776b40cd8bb9f596b37ddd2692eb4a6bb5ab2f8c93 \
    --hash=sha256:842e7b070435622248c7a2c44ae53fa1440e073cc3023bc919fed570884097a7 \
    --hash=sha256:847927daf4cffbd4e90e42bc890069897101edd015f956cb8721b3473372edda \
    --hash=sha256:882076c00c0a608b131187055ddc5ae29f2e7eaf870d6168980420d58528a5c8 \
    --hash=sha256:8b95977e7211527ab0ba576e286d023389fbeeb32a6b7b771665d333c60e5342 \
    --hash=sha256:8bb68f03f395eb793220b45c097bd4d8c32944393da0fad8b999efac0868fc8c \
    --hash=sha256:8c2642a7603ec0b16ed77da4555db3b4b472341904873788327c0b0d7b95f1bb \
    --hash=sha256:8c3d1e9c15b9d51ca0391e13da1a25a0a4df3c58a37c9dc368e0736cf7f69df0 \
    --hash=sha256:8c6e5a2f750cc71c3e3b11d71661f21d6f9bc6cebc6564b1466417a1ec03ec77 \
    --hash=sha256:8d2294a31386bfa251d8c8a39472beee17db67d4f1a6eabea665d35c9a4461c3 \
    --hash=sha256:8e4320744c1ffdd95a603def63344bfab2d33edeab301c5007e7de9f9f5b3885 \
    --hash=sha256:8e65860d238379ed982fd9ba690579b5e95af2f4840f99c772816dbe573cb826 \
    --hash=sha256:8f2e5c5ee828d42cb11760761c0af6507927bec42d0ad5458f97c9203b054617 \
    --hash=sha256:900a67df3fd1660b035a4761c4ce73c382ea6b35f90f9863c36c6fd8bf8b09bb \
    --hash=sha256:913ca42ccad3f8cc6e292b587ae8ae49c8c823e5dce51a736252fc7c7cdfa577 \
    --hash=sha256:9250a9a0a6fd4648b3f868da8d91a4c52b5811a62df58e753d50ae4454a36f80 \
    --hash=sha256:931908d9fc855d8f74783377822be318edb6dcb19e47169dc038f9a1bf60b06e \
    --hash=sha256:9826217f048f620d9a712672818bf231442c1b35d96b227a07eabd11b4bb6945 \
    --hash=sha256:9891e594296ab9dada6551c8e7b387b2721f27a67eecd528412e8906247a7b90 \
    --hash=sha256:9c1255b302953c86a486b81d330d5ee1d5bd937691ce271b6be0ef0e299eaab7 \
    --hash=sha256:a0811d33247c3d6128a3001d763f2aa056bb3425204335400ac54f89eec3a0d0 \
    --hash=sha256:a136d453475ac0fcbda502ef1e6504bd28d6d904700915d278deeab0d00fe140 \
    --hash=sha256:a214c993455f99a89aaeadc9b21241900037adc9d97203e374d75513c5911822 \
    --hash=sha256:a3086b538543802f84c843911242db20447de00d8752dd0efc936dbcf02218ba \
    --hash=sha256:a3450b693fde92133e9f51060568a4c31fcca76d5e53bbd611e689ca446517e9 \
    --hash=sha256:a550fb4950a06dde3beb4721f5ad4b25bf4513784665b0a8522c792e2bd822a4 \
    --hash=sha256:a9f4645593036b81bbdb36b9c8e0ea0d1c3fee968c4d59db0344c14087ef143a \
    --hash=sha256:aca6c1ef08a82bfe327cc156da694660f599923e2e6665b6d81c9c2d0ac9ffc8 \
    --hash=sha256:acac386b453c2516111b50985d60ce46e7fadb5ea71ae7b25f4c946935bf27cf \
    --hash=sha256:acc992ab27b15f852c76755eb2ab7dce86585ddadba6fa5946e58556088845b4 \
    --hash=sha256:ae3d4fe8c0b9213624fdce7279d70e3b148b682ca20719ebd193a23ebfa47324 \
    --hash=sha256:ae50181a047c871561212bb97f7932a2d45fb53e947bd9b57ebad85b529cbc53 \
    --hash=sha256:ae6dd8f10bd17aad820876d24caec9efdafd80a318d16c0a48edb5e136902c6b \
    --hash=sha256:af05d726809bff6b141be124d4c7ce998f9c9c7f30edb1f46c07aa103d540b41 \
    --hash=sha256:afd70d95892096cdb26f15a00c45907b17817577aa8d1c76b2dcc2788391f9e9 \
    --hash=sha256:b5c2dc92304aa48a4a60443b548bb12f12e119d4b72f314015e67b9e1be97fca \
    --hash=sha256:bc0011654b91cc4fb2ae701bec0a0ba1e552c0714247fa7af6c59e0ccfa3a4e1 \
    --hash=sha256:bcfbcf66006befb9fd2aeaa9e01feaf881b4dc330a02ba07d2322b1c11be7b5d \
    --hash=sha256:bdbd97738551fca3917c1bd7188bec1920bb520104f28e7e1007f9ceb17b7690 \
    --hash=sha256:c60924535c75f1566b6eb75b5c31a48a43fef04fa2d0d201acbad8a9969c6107 \
    --hash=sha256:c7b9a2f8f4d8e90af72571d3d495deebdd7e3c75451f5b41719aee166e940fc2 \
    --hash=sha256:ca6546b66be9dc4738b1b043d5ebd5488c66c578c5ff0fd0e8065313fe3afb76 \
    --hash=sha256:ccffae9a092a00deb7efd545fe5e2c33c33b88e7c054337e9a74c179347d0b7d \
    --hash=sha256:cdc7e35386f3847df728fbcb5e887e2d79c19e2fa1eba9e51b6621d23e3243af \
    --hash=sha256:d15fde0e6fb0d88a60d221204873743e5d9f0b7d29165e62cd86d0413ad74ba6 \
    --hash=sha256:d34c20167764fbcf927194d532dd7e0c56772f0a5f943fa5ef9e9afbba8fb9db \
    --hash=sha256:d483fe17f01ad64b7bf7cc38fcefff1ca9fb83f8c2b2542b68f97ffe0611b369 \
    --hash=sha256:d7469697dce35be237db177d42e2a2ee26e6dcc5fc052078a6fefabd288c6edd \
    --hash=sha256:db08f45aecde626498fb3df07bcf6d2ec040af42e859a4f5040d79c200342911 \
    --hash=sha256:dc319e5a1de4b6913aac94bf6a2f9e847371e0a140a43dd4991db1a09bc2d504 \
    --hash=sha256:de3eceba0b683bcbb1ab93da016d0270df1f9ae7be716b40214c5dafac6ea45a \
    --hash=sha256:dfcc8b909769d19db55c7cc9541eb64b9b774b1057ffffb4f1048070475bb9f9 \
    --hash=sha256:e059c5dde6452b44424bd1834557556c226b57781dee1227af23518459722b13 \
    --hash=sha256:e4316bf32babbed84e691e352faf967ce2f0f024174a8643c37c94a1080374fc \
    --hash=sha256:e52655eaf81e32593abedaa4bfe33170c8cfedf3365ed9be6e11e07f148f0278 \
    --hash=sha256:e55d236be29255554da47abe5c577637db7c24a02b8b46f0ca9524c855801868 \
    --hash=sha256:ea7bb13b7c9a29791f87a0387ba7d3ad3a6d783d827e4d3f27b40a0ff44495e2 \
    --hash=sha256:ea964164cc9afa72d4d9b23cc28dafae93693c0a53e0b42acbff15b22c3f9ddd \
    --hash=sha256:ec829541c45bca16e61c7ae50c20501f213605beb75d1aba91a6ee37fbbb56a4 \
    --hash=sha256:ecabd69db66de867690f9797f2f8fa27ba501bbc24540cbdbdc649cd15888ba6 \
    --hash=sha256:ed0c1e5d10cdc7135537988c74a0188da68e2f3c30813ba3744ab1e42e0480f9 \
    --hash=sha256:f0840b5b17057f7fd918b76183a4b5a0635f43e14eb2ce60dce1d4ee4707ea00 \
    --hash=sha256:f4d78253f6996be4901669ad25319f842f740eccf4d58e3c7f3dd39e6dde1d8f \
    --hash=sha256:f56f1695bc5c0871cbc33dc0130fcf503aab0c57dcc5a6700a4f49eba4f2652e \
    --hash=sha256:f826877d462181e5eb1c26a0026b8d0cab05d99844ecb6d8bf3627a2ca0c0442 \
    --hash=sha256:f8f23ead891a3b762f35ab3b04623da7056545b48aa60d59957e6789914545da \
    --hash=sha256:f90938e92afda60266da758ee7d363447f7f0138c9559f9e1811629580582d90 \
    --hash=sha256:faa679d19a6696fd54259ad321251ad77a13e70e03dd834daa762a44fb6196ef
    # via
    #   jsonschema
    #   referencing
ruamel-yaml==0.19.1 \
    --hash=sha256:27592957fedf6e0b62f281e96effd28043345e0e66001f97683aa9a40c667c93 \
    --hash=sha256:53eb66cd27849eff968ebf8f0bf61f46cdac2da1d1f3576dd4ccee9b25c31993
    # via rosbags
safetensors==0.8.0 \
    --hash=sha256:040070828e36dc8e122178bbbd5830ff9e97920affb84cbe0f46442497bed358 \
    --hash=sha256:096ec1a98435df7beb08853bb5aa9081a84f23d0adc67ed1a0a10550f608373f \
    --hash=sha256:2ddf52eac562eda224f99acfa7889d02968c1fd59a5b011ae7d8137c37e9c02d \
    --hash=sha256:3ae091f16662658bdc019a4ff6cb4c085bb7d725eb5978b183ffd265863b6d2d \
    --hash=sha256:4124502b78f03534117c848f87a39b8f31e577b15eff423bf8bfb95f2a8c30d0 \
    --hash=sha256:4a95ae2b05d7726d751da4ebf626a2ca782b706e101bd894c95bc2450b1cffcc \
    --hash=sha256:7a46e5ff292c356d6991e60942ba7f79817682d3a2cef0702136448cb9c4d235 \
    --hash=sha256:7bc0a787ba8a35be368ee3574edfa2b1ad389eebd0a72e482ae275490e3f6c98 \
    --hash=sha256:87eec7ffed2b809f05a398a8becb7d013f19f7837cd15d9748580d6cf30dbaf4 \
    --hash=sha256:8e080062fcde23be189565e1c3305d16751a218ecf9412c8601e64204eb6f846 \
    --hash=sha256:8e9f537aa183a38ace122d27303dcd986b26bd2a7591f9181d7f0c396f4677ca \
    --hash=sha256:c554f85858e05226d3c2828e32395e677434685d6d94594a41643361c5e837f0 \
    --hash=sha256:c80201d22cbf405b80647a60ada77bba06c8fba2da2743ba1e89cdcc39a81f25 \
    --hash=sha256:f7838e5135a406ad3e02efdcb8cf2e5397d368b0154537c4fec682dbc544d452 \
    --hash=sha256:fabaf3e0f18a6618d9b36560682562157f77c2b71fcffc7b432be2baed9d753d \
    --hash=sha256:fcdd41ec4628fee5799f807c73c353629130fbd942aa23d83c623dd6c9d52d78 \
    --hash=sha256:fd6f3f93c9a0a7cc2788ee63fb763353d4bd2e89b0751bc78fcf7dda00bea774
    # via -r .local/vipe-alternatives/plan031-20260913T032700Z/jobs/E5-setup-recovery-004/requirements.txt
scipy==1.17.1 \
    --hash=sha256:010f4333c96c9bb1a4516269e33cb5917b08ef2166d5556ca2fd9f082a9e6ea0 \
    --hash=sha256:02ae3b274fde71c5e92ac4d54bc06c42d80e399fec704383dcd99b301df37458 \
    --hash=sha256:08b900519463543aa604a06bec02461558a6e1cef8fdbb8098f77a48a83c8118 \
    --hash=sha256:131f5aaea57602008f9822e2115029b55d4b5f7c070287699fe45c661d051e39 \
    --hash=sha256:158dd96d2207e21c966063e1635b1063cd7787b627b6f07305315dd73d9c679e \
    --hash=sha256:1cc682cea2ae55524432f3cdff9e9a3be743d52a7443d0cba9017c23c87ae2f6 \
    --hash=sha256:1f95b894f13729334fb990162e911c9e5dc1ab390c58aa6cbecb389c5b5e28ec \
    --hash=sha256:200e1050faffacc162be6a486a984a0497866ec54149a01270adc8a59b7c7d21 \
    --hash=sha256:2040ad4d1795a0ae89bfc7e8429677f365d45aa9fd5e4587cf1ea737f927b4a1 \
    --hash=sha256:2b64ca7d4aee0102a97f3ba22124052b4bd2152522355073580bf4845e2550b6 \
    --hash=sha256:2ceb2d3e01c5f1d83c4189737a42d9cb2fc38a6eeed225e7515eef71ad301dce \
    --hash=sha256:35c3a56d2ef83efc372eaec584314bd0ef2e2f0d2adb21c55e6ad5b344c0dcb8 \
    --hash=sha256:37425bc9175607b0268f493d79a292c39f9d001a357bebb6b88fdfaff13f6448 \
    --hash=sha256:3877ac408e14da24a6196de0ddcace62092bfc12a83823e92e49e40747e52c19 \
    --hash=sha256:3fd1fcdab3ea951b610dc4cef356d416d5802991e7e32b5254828d342f7b7e0b \
    --hash=sha256:41b71f4a3a4cab9d366cd9065b288efc4d4f3c0b37a91a8e0947fb5bd7f31d87 \
    --hash=sha256:43af8d1f3bea642559019edfe64e9b11192a8978efbd1539d7bc2aaa23d92de4 \
    --hash=sha256:45abad819184f07240d8a696117a7aacd39787af9e0b719d00285549ed19a1e9 \
    --hash=sha256:4b400bdc6f79fa02a4d86640310dde87a21fba0c979efff5248908c6f15fad1b \
    --hash=sha256:4eb6c25dd62ee8d5edf68a8e1c171dd71c292fdae95d8aeb3dd7d7de4c364082 \
    --hash=sha256:581b2264fc0aa555f3f435a5944da7504ea3a065d7029ad60e7c3d1ae09c5464 \
    --hash=sha256:5cf36e801231b6a2059bf354720274b7558746f3b1a4efb43fcf557ccd484a87 \
    --hash=sha256:5e3c5c011904115f88a39308379c17f91546f77c1667cea98739fe0fccea804c \
    --hash=sha256:6609bc224e9568f65064cfa72edc0f24ee6655b47575954ec6339534b2798369 \
    --hash=sha256:6e3dcd57ab780c741fde8dc68619de988b966db759a3c3152e8e9142c26295ad \
    --hash=sha256:6fac755ca3d2c3edcb22f479fceaa241704111414831ddd3bc6056e18516892f \
    --hash=sha256:744b2bf3640d907b79f3fd7874efe432d1cf171ee721243e350f55234b4cec4c \
    --hash=sha256:74cbb80d93260fe2ffa334efa24cb8f2f0f622a9b9febf8b483c0b865bfb3475 \
    --hash=sha256:766e0dc5a616d026a3a1cffa379af959671729083882f50307e18175797b3dfd \
    --hash=sha256:7bdf2da170b67fdf10bca777614b1c7d96ae3ca5794fd9587dce41eb2966e866 \
    --hash=sha256:7ff200bf9d24f2e4d5dc6ee8c3ac64d739d3a89e2326ba68aaf6c4a2b838fd7d \
    --hash=sha256:844e165636711ef41f80b4103ed234181646b98a53c8f05da12ca5ca289134f6 \
    --hash=sha256:8a604bae87c6195d8b1045eddece0514d041604b14f2727bbc2b3020172045eb \
    --hash=sha256:94055a11dfebe37c656e70317e1996dc197e1a15bbcc351bcdd4610e128fe1ca \
    --hash=sha256:95d8e012d8cb8816c226aef832200b1d45109ed4464303e997c5b13122b297c0 \
    --hash=sha256:9cdc1a2fcfd5c52cfb3045feb399f7b3ce822abdde3a193a6b9a60b3cb5854ca \
    --hash=sha256:9ecb4efb1cd6e8c4afea0daa91a87fbddbce1b99d2895d151596716c0b2e859d \
    --hash=sha256:a3472cfbca0a54177d0faa68f697d8ba4c80bbdc19908c3465556d9f7efce9ee \
    --hash=sha256:a4328d245944d09fd639771de275701ccadf5f781ba0ff092ad141e017eccda4 \
    --hash=sha256:a48a72c77a310327f6a3a920092fa2b8fd03d7deaa60f093038f22d98e096717 \
    --hash=sha256:a720477885a9d2411f94a93d16f9d89bad0f28ca23c3f8daa521e2dcc3f44d49 \
    --hash=sha256:a77cbd07b940d326d39a1d1b37817e2ee4d79cb30e7338f3d0cddffae70fcaa2 \
    --hash=sha256:a9956e4d4f4a301ebf6cde39850333a6b6110799d470dbbb1e25326ac447f52a \
    --hash=sha256:adb2642e060a6549c343603a3851ba76ef0b74cc8c079a9a58121c7ec9fe2350 \
    --hash=sha256:beeda3d4ae615106d7094f7e7cef6218392e4465cc95d25f900bebabfded0950 \
    --hash=sha256:c80be5ede8f3f8eded4eff73cc99a25c388ce98e555b17d31da05287015ffa5b \
    --hash=sha256:cc90d2e9c7e5c7f1a482c9875007c095c3194b1cfedca3c2f3291cdc2bc7c086 \
    --hash=sha256:cd96a1898c0a47be4520327e01f874acfd61fb48a9420f8aa9f6483412ffa444 \
    --hash=sha256:d2650c1fb97e184d12d8ba010493ee7b322864f7d3d00d3f9bb97d9c21de4068 \
    --hash=sha256:d30e57c72013c2a4fe441c2fcb8e77b14e152ad48b5464858e07e2ad9fbfceff \
    --hash=sha256:d59c30000a16d8edc7e64152e30220bfbd724c9bbb08368c054e24c651314f0a \
    --hash=sha256:dbc12c9f3d185f5c737d801da555fb74b3dcfa1a50b66a1a93e09190f41fab50 \
    --hash=sha256:e18f12c6b0bc5a592ed23d3f7b891f68fd7f8241d69b7883769eb5d5dfb52696 \
    --hash=sha256:e19ebea31758fac5893a2ac360fedd00116cbb7628e650842a6691ba7ca28a21 \
    --hash=sha256:e30bdeaa5deed6bc27b4cc490823cd0347d7dae09119b8803ae576ea0ce52e4c \
    --hash=sha256:eb092099205ef62cd1782b006658db09e2fed75bffcae7cc0d44052d8aa0f484 \
    --hash=sha256:eee2cfda04c00a857206a4330f0c5e3e56535494e30ca445eb19ec624ae75118 \
    --hash=sha256:f4115102802df98b2b0db3cce5cb9b92572633a1197c77b7553e5203f284a5b3 \
    --hash=sha256:f590cd684941912d10becc07325a3eeb77886fe981415660d9265c4c418d0bea \
    --hash=sha256:f8885db0bc2bffa59d5c1b72fad7a6a92d3e80e7257f967dd81abb553a90d293 \
    --hash=sha256:fcb310ddb270a06114bb64bbe53c94926b943f5b7f0842194d585c65eb4edd76
    # via
    #   -r .local/vipe-alternatives/plan031-20260913T032700Z/jobs/E5-setup-recovery-004/requirements.txt
    #   e3nn
    #   evo
seaborn==0.13.2 \
    --hash=sha256:636f8336facf092165e27924f223d3c62ca560b1f2bb5dff7ab7fad265361987 \
    --hash=sha256:93e60a40988f4d65e9f4885df477e2fdaff6b73a9ded434c1ab356dd57eefff7
    # via evo
setuptools==80.9.0 \
    --hash=sha256:062d34222ad13e0cc312a4c02d73f059e86a4acbfbdea8f8f76b28c99f306922 \
    --hash=sha256:f36b47402ecde768dbfafc46e8e4207b4360c654f1f3bb84475f0a28628fb19c
    # via
    #   -c .local/vipe-alternatives/plan031-20260913T032700Z/jobs/E5-setup-recovery-004/constraints.txt
    #   -r .local/vipe-alternatives/plan031-20260913T032700Z/jobs/E5-setup-recovery-004/requirements.txt
    #   dash
    #   setuptools-scm
setuptools-scm==10.3.4 \
    --hash=sha256:82f34c3e3084fc2b57d397200637cc13f2338004052d2fee47baa5f0e902464e \
    --hash=sha256:a69f28bfc245608781205e912faae437c2b2165773afa4e7b979d77447a69dd2
    # via hatch-vcs
shellingham==1.5.4 \
    --hash=sha256:7ecfff8f2fd72616f7481040475a65b2bf8af90a56c89140852d1120324e8686 \
    --hash=sha256:8dbca0739d487e5bd35ab3ca4b36e11c4078f3a234bfce294b0a0291363404de
    # via typer
six==1.17.0 \
    --hash=sha256:4721f391ed90541fddacab5acf947aa0d3dc7d27b2e1e8eda2be8970586c3274 \
    --hash=sha256:ff70335d468e7eb6ec65b95b99d3a2836546063f63acc5171de367e834932a81
    # via python-dateutil
stack-data==0.6.3 \
    --hash=sha256:836a778de4fec4dcd1dcd89ed8abff8a221f58308462e1c4aa2a3cf30148f0b9 \
    --hash=sha256:d5558e0c25a4cb0853cddad3d77da9891a08cb85dd9f9f91b9f8cd66e511e695
    # via ipython
starlette==1.7.0 \
    --hash=sha256:67f8e99895493dd2911a03f11314af6ceebeae4e704bb9f43dfc6a9db151c93e \
    --hash=sha256:c79f74ea63cff761804fbbfb182f1e0b440c2d07b164d24700c5a1bab5d6ff5d
    # via fastapi
sympy==1.13.1 \
    --hash=sha256:9cebf7e04ff162015ce31c9c6c9144daa34a93bd082f54fd8f12deca4f47515f \
    --hash=sha256:db36cdc64bf61b9b24578b6f7bab1ecdd2452cf008f34faa33776680c26d66f8
    # via
    #   e3nn
    #   torch
tomlkit==0.15.1 \
    --hash=sha256:177a05aece5a8ca5266fd3c448abb47b8d352f09d477d3ca8332db4d89b24304 \
    --hash=sha256:e25bbf38843005246210a12982776f27f99cb9be67160e14434d0c0d21ee1e97
    # via hatchling
torch==2.5.1+cu124 \
    --hash=sha256:3c3f705fb125edbd77f9579fa11a138c56af8968a10fc95834cdd9fdf4f1f1a6 \
    --hash=sha256:6b2966ede9affe2fd69e0765691ca723ec870e0c34c7761f4d5b8e318383fdaf \
    --hash=sha256:6c8a7003ef1327479ede284b6e5ab3527d3900c2b2d401af15bcc50f2245a59f \
    --hash=sha256:6f99d8459369cfd6661c2aee14787592fe50156a33faf9ef643ba04e42d6543f \
    --hash=sha256:9036c4372dec409842a80965d94b7b0fb4298e0967ceb03336a42c83778faa6f \
    --hash=sha256:9dde30f399ca22137455cca4d47140dfb7f4176e2d16a9729fc044eebfadb13a \
    --hash=sha256:bf6484bfe5bc4f92a4a1a1bf553041505e19a911f717065330eb061afe0e14d7 \
    --hash=sha256:d681b8be3fdc2cd41112310db3c3904f7c6a09a7ae28d042ae0af3af01c8fcda \
    --hash=sha256:e9bebf91ede89267577911da4b0709ac6113a0cff6a1c2202c046b1ec2a51601
    # via
    #   -c .local/vipe-alternatives/plan031-20260913T032700Z/jobs/E5-setup-recovery-004/constraints.txt
    #   -r .local/vipe-alternatives/plan031-20260913T032700Z/jobs/E5-setup-recovery-004/requirements.txt
    #   e3nn
    #   opt-einsum-fx
    #   torchvision
    #   xformers
torchvision==0.20.1+cu124 \
    --hash=sha256:0bf4e2ce08bc7495734dc540953c65990e42ebb7c9ed27e2ff795154baef5cc0 \
    --hash=sha256:0f6c7b3b0e13663fb3359e64f3604c0ab74c2b4809ae6949ace5635a5240f0e5 \
    --hash=sha256:15796b453a99ed0f0cbc249d129685ddc88157310135fb3addaf738a15db5306 \
    --hash=sha256:3a055e4e9040b129878d57c39db55f117f975899ff30dd70c8f2621d91170dbe \
    --hash=sha256:8d41e78a1c523926aafb48a36c652606ece5170a7f148cb2b146a49a0df50a57 \
    --hash=sha256:a5f7eb5ef22f34a7d18fcbc27b6c01f7dde5cd530df311cdbdd31169f91cbd98 \
    --hash=sha256:b18c35fad1199d027f1b4a7a7027bbf8ab5e8d1dc6feb72431c2efaa58551c64 \
    --hash=sha256:d1053ec5054549e7dac2613b151bffe323f3c924939d296df4d7d34925aaf3ad
    # via
    #   -c .local/vipe-alternatives/plan031-20260913T032700Z/jobs/E5-setup-recovery-004/constraints.txt
    #   -r .local/vipe-alternatives/plan031-20260913T032700Z/jobs/E5-setup-recovery-004/requirements.txt
tqdm==4.70.1 \
    --hash=sha256:c293e525e6fef9c20e8728fd4612df02a0aa31bb5fe91ecd93e123b1b7bffa73 \
    --hash=sha256:cefd0eca11b2a37a3aee776544d4f4ae913f02688135b5556b8788dfa474afc4
    # via
    #   huggingface-hub
    #   moviepy
    #   proglog
traitlets==5.16.1 \
    --hash=sha256:ed900c2b631aa3a112811139fa97b8d2c3bad5e989656bba4b7e52c7852c18c1 \
    --hash=sha256:f775618166caa0396c8e337099240f2bd3e5e917d203b2e6fbe21a58d3cb1f6b
    # via
    #   ipython
    #   ipywidgets
    #   jupyter-core
    #   matplotlib-inline
    #   nbformat
trimesh==5.1.0 \
    --hash=sha256:0fa85d1d131e321b683c00747c20090200b92071298b905ea588f609eb204c89 \
    --hash=sha256:927aa8748af8b84cb969c8f53270d929e546f2beada77a2bc234b605fddf1454
    # via -r .local/vipe-alternatives/plan031-20260913T032700Z/jobs/E5-setup-recovery-004/requirements.txt
triton==3.1.0 \
    --hash=sha256:0f34f6e7885d1bf0eaaf7ba875a5f0ce6f3c13ba98f9503651c1e6dc6757ed5c \
    --hash=sha256:6b0dd10a925263abbe9fa37dcde67a5e9b2383fc269fdf59f5657cac38c5d1d8 \
    --hash=sha256:6dadaca7fc24de34e180271b5cf864c16755702e9f63a16f62df714a8099126a \
    --hash=sha256:aafa9a20cd0d9fee523cd4504aa7131807a864cd77dcf6efe7e981f18b8c6c11 \
    --hash=sha256:c8182f42fd8080a7d39d666814fa36c5e30cc00ea7eeeb1a2983dbb4c99a0fdc
    # via torch
trove-classifiers==2026.9.21.13 \
    --hash=sha256:0a9ebc8d4e2f3e8a22848c5258033035bec17a3012ac3fea16dbaa764489eb71 \
    --hash=sha256:8b1ff4f9c191b1040b71c37f1e445ab99732911e3cd91de52838453a854d7a17
    # via hatchling
truststore==0.10.4 \
    --hash=sha256:9d91bd436463ad5e4ee4aba766628dd6cd7010cf3e2461756b3303710eebc301 \
    --hash=sha256:adaeaecf1cbb5f4de3b1959b42d41f6fab57b2b1666adb59e89cb0b53361d981
    # via
    #   httpcore2
    #   httpx2
typer==0.27.2 \
    --hash=sha256:269b7eb9d3c202ca84b4bc9618cb04ebb43d3d4d1e567e4c768607232c05f945 \
    --hash=sha256:b3a5fc4342d5fc8fda8fc3010b1cf117e9249aab7fae800c2eff62fd3842d97d
    # via -r .local/vipe-alternatives/plan031-20260913T032700Z/jobs/E5-setup-recovery-004/requirements.txt
typing-extensions==4.16.0 \
    --hash=sha256:481caa481374e813c1b176ada14e97f1f67a4539ce9cfeb3f350d78d6370c2e8 \
    --hash=sha256:dc983d19a509c94dba722ee6abd33940f7c05a89e243c47e907eb4db6f1a43e5
    # via
    #   anyio
    #   dash
    #   fastapi
    #   httpx2
    #   huggingface-hub
    #   ipython
    #   opentelemetry-api
    #   pydantic
    #   pydantic-core
    #   referencing
    #   rosbags
    #   starlette
    #   torch
    #   typing-inspection
typing-inspection==0.4.4 \
    --hash=sha256:547274fa6b0a561ccf549cc9524b999a578e737d015d8709d021f9d0d13bea47 \
    --hash=sha256:65b8397ba37ccbce054456aaccddfc91e6e3083c92824df348d96ca832f3f147
    # via
    #   fastapi
    #   pydantic
urllib3==2.8.0 \
    --hash=sha256:0cf3cae568d36aa9576b28dfb35f11328f1cb974ca7647d9475ebb86c75ac6e3 \
    --hash=sha256:63bf2ead4c879426ebf22ef2a781eeb4aa3b4ae798a0435506f8687fd5bb9b63
    # via requests
uvicorn==0.54.0 \
    --hash=sha256:505bdb0f318731d45f1f712071fc781a8981f6847a31c902c9f5e652d4f67faf \
    --hash=sha256:a2e33cbfaa0306f8e6b0c13e0cb89d7d7a2da3e62b90c66e18c33d9807b28620
    # via -r .local/vipe-alternatives/plan031-20260913T032700Z/jobs/E5-setup-recovery-004/requirements.txt
vcs-versioning==2.5.0 \
    --hash=sha256:956a796e31f80fe714d219d6d1df15a6bf247d10f6d851bf4b98279d0a42da55 \
    --hash=sha256:dbf44f6303dc817e5792cb7d0e9cc90e3046ee1e32eaa357b20ad368811313d0
    # via setuptools-scm
virtualenv==21.14.1 \
    --hash=sha256:6fd04089fc0dc33549e7abdff70fc3b63d4e15799f2dbf3281f80d13b9fce522 \
    --hash=sha256:719b189804e66678017d9f63bbfc590c44f6b96ab4829513806394f9b375929c
    # via pre-commit
wcwidth==0.9.1 \
    --hash=sha256:03cfca3dcbffa86564290fe3c9978a6191ba003e8ced7f7dbda315fcb3fbe725 \
    --hash=sha256:0665ee822ea04e25801e6e82e5407528be0863e88a17b0e7ca038843a4a3ac0c \
    --hash=sha256:0d68a30d504c68cfdff2a5f804675c1e7ab4c0bbe878024c8b680ec5579cde67 \
    --hash=sha256:10b00ba23482e352f874d2e8135e7ace9da838646c7dd800566246bbd46125ff \
    --hash=sha256:356376852357b8fca71fe5415808ec421679e04b4a98eb7c9cb6a7984b911a05 \
    --hash=sha256:40d936d72c9bdc10df43f93a8be502bc5024b487259139f66a328722c07f34a9 \
    --hash=sha256:5823209b0d43af322ce698c689380d7c15ca31fa8e6e3be8459f27031bef0af5 \
    --hash=sha256:61bd7aef9cafb6cb77a37a169998d7928ce82a51522146d11f60db9e7d1cb43a \
    --hash=sha256:69bb970cf5652b88cfdb9d3fdd1764fc15e5f8ad531643e7bb3e894cd969740e \
    --hash=sha256:6e1272b7986cefe79783737e38bdb9eaae0682b333c7bd132024441193dd5ce7 \
    --hash=sha256:708158c082364af442f9983de7b6ec9ac0d2e1b825ada25f0911b1f138d55405 \
    --hash=sha256:747fb724223f417a17541a95a17c1dac3a8ef9a0cf41684950f0eab191a35f65 \
    --hash=sha256:991d1c8834f548e9c1f16432075ee84638e122312556bbf1ed595ea8fffc4673 \
    --hash=sha256:9f1636c5075ffd5c2e835b4561874f6e5dd2bbeba3c6c2c99f067d0d16883af8 \
    --hash=sha256:b5da43d6967668982e44a52fb551967d293f86d26cd86036ac95bbdd34394ed9 \
    --hash=sha256:bcb9ed4a367cc025bf1092ac679a156759605182d60b7ed3c28f7221a42ddf55 \
    --hash=sha256:c4cead196551112cb8f43cdd1f80c235ef2456e34b1a9955c424537ec99961b2 \
    --hash=sha256:dc10e262c3ac0abbfd0a2a51e45a848b1b7f500b21ff512630277973ba25674d \
    --hash=sha256:e0c3a1c45c5b9550c6919a4449e95f5b177f6e165786376981db8f1addae9b21 \
    --hash=sha256:eab587e18e7cadf1a750b0098fc8bebfb62c125eb9306f2268f0443a282a3d78 \
    --hash=sha256:fe021c4d8de9d36c31a0cb41d0d2546dadd3b0708a301f1a0c66ce200851831f
    # via prompt-toolkit
werkzeug==3.1.9 \
    --hash=sha256:55ca7c70a75689be937aa27f8ff4b018f06ff4838fc73045560bf0f5a1291060 \
    --hash=sha256:6392e50c78460ba618e5b21f08a71f59c99ce99cdc6cf6e3dd7e6ccca8754fab
    # via
    #   dash
    #   flask
    #   open3d
wheel==0.48.0 \
    --hash=sha256:3217dcc807155e45db462d7ef2431f5ddda0d7273b700d05a67b271ceb1287ab \
    --hash=sha256:94800765601e9171bf5d58d066e640662842bcedcbab982b2c90787a2c987322
    # via -r .local/vipe-alternatives/plan031-20260913T032700Z/jobs/E5-setup-recovery-004/requirements.txt
widgetsnbextension==4.0.16 \
    --hash=sha256:a31a8774885b96fe825462f5d6496166f0c7cae111195b6465c801d230eb5a4e \
    --hash=sha256:adeea0ae78f0856ee4945f413299801b82a0a01416303301f39a704282a37b73
    # via ipywidgets
xformers==0.0.28.post3 \
    --hash=sha256:0318417e822889446d20c44a9cf545b9d08892ea20505e8d686a3ae075f4f718 \
    --hash=sha256:0b941eaf2c4eb71459bcb9fbfd45b472304135fc38e54e6c44ded6c24e472e99 \
    --hash=sha256:3a3a0b8b12fadff6a111effcdc3573c6a584a8d71fbd5ead77999fec658ab919 \
    --hash=sha256:5e05807f231373511111104157333f453f6dcc07d7d8d66f2e644f0e2f43837b \
    --hash=sha256:77a5b194f296d2ed5eb493a558b4dfcefe63280ddd80b1b536b82af23da3ffbb \
    --hash=sha256:a0a7e437438de51bfcc1ebcb6f6167989e90d8b1d77a30b6fe4b21ce5b094a2e \
    --hash=sha256:a69ef5e54156e4a8e82c52e96f38c0d5e4f5a1a9401112f7f6c880a53d54ba5b \
    --hash=sha256:f2d3d2d5ed96a66bee582bbedaaf53a4933fcfb293140f14c573ec4422cafc26
    # via
    #   -c .local/vipe-alternatives/plan031-20260913T032700Z/jobs/E5-setup-recovery-004/constraints.txt
    #   -r .local/vipe-alternatives/plan031-20260913T032700Z/jobs/E5-setup-recovery-004/requirements.txt
zipp==4.1.0 \
    --hash=sha256:25ad4e16390cd314347dd8f1de67a2ac538ae658ed4ab9db16029c07c188e97f \
    --hash=sha256:4cb57381f544315db7688e976e922a2b18cdb513d21cc194eb42232ba2a3e602
    # via importlib-metadata
zstandard==0.25.0 \
    --hash=sha256:011d388c76b11a0c165374ce660ce2c8efa8e5d87f34996aa80f9c0816698b64 \
    --hash=sha256:01582723b3ccd6939ab7b3a78622c573799d5d8737b534b86d0e06ac18dbde4a \
    --hash=sha256:05353cef599a7b0b98baca9b068dd36810c3ef0f42bf282583f438caf6ddcee3 \
    --hash=sha256:05df5136bc5a011f33cd25bc9f506e7426c0c9b3f9954f056831ce68f3b6689f \
    --hash=sha256:06acb75eebeedb77b69048031282737717a63e71e4ae3f77cc0c3b9508320df6 \
    --hash=sha256:07b527a69c1e1c8b5ab1ab14e2afe0675614a09182213f21a0717b62027b5936 \
    --hash=sha256:0bbc9a0c65ce0eea3c34a691e3c4b6889f5f3909ba4822ab385fab9057099431 \
    --hash=sha256:0be7622c37c183406f3dbf0cba104118eb16a4ea7359eeb5752f0794882fc250 \
    --hash=sha256:106281ae350e494f4ac8a80470e66d1fe27e497052c8d9c3b95dc4cf1ade81aa \
    --hash=sha256:10ef2a79ab8e2974e2075fb984e5b9806c64134810fac21576f0668e7ea19f8f \
    --hash=sha256:1673b7199bbe763365b81a4f3252b8e80f44c9e323fc42940dc8843bfeaf9851 \
    --hash=sha256:172de1f06947577d3a3005416977cce6168f2261284c02080e7ad0185faeced3 \
    --hash=sha256:181eb40e0b6a29b3cd2849f825e0fa34397f649170673d385f3598ae17cca2e9 \
    --hash=sha256:1869da9571d5e94a85a5e8d57e4e8807b175c9e4a6294e3b66fa4efb074d90f6 \
    --hash=sha256:19796b39075201d51d5f5f790bf849221e58b48a39a5fc74837675d8bafc7362 \
    --hash=sha256:1cd5da4d8e8ee0e88be976c294db744773459d51bb32f707a0f166e5ad5c8649 \
    --hash=sha256:1f3689581a72eaba9131b1d9bdbfe520ccd169999219b41000ede2fca5c1bfdb \
    --hash=sha256:1f830a0dac88719af0ae43b8b2d6aef487d437036468ef3c2ea59c51f9d55fd5 \
    --hash=sha256:223415140608d0f0da010499eaa8ccdb9af210a543fac54bce15babbcfc78439 \
    --hash=sha256:22a06c5df3751bb7dc67406f5374734ccee8ed37fc5981bf1ad7041831fa1137 \
    --hash=sha256:22a086cff1b6ceca18a8dd6096ec631e430e93a8e70a9ca5efa7561a00f826fa \
    --hash=sha256:23ebc8f17a03133b4426bcc04aabd68f8236eb78c3760f12783385171b0fd8bd \
    --hash=sha256:25f8f3cd45087d089aef5ba3848cd9efe3ad41163d3400862fb42f81a3a46701 \
    --hash=sha256:2b6bd67528ee8b5c5f10255735abc21aa106931f0dbaf297c7be0c886353c3d0 \
    --hash=sha256:2e54296a283f3ab5a26fc9b8b5d4978ea0532f37b231644f367aa588930aa043 \
    --hash=sha256:3756b3e9da9b83da1796f8809dd57cb024f838b9eeafde28f3cb472012797ac1 \
    --hash=sha256:37daddd452c0ffb65da00620afb8e17abd4adaae6ce6310702841760c2c26860 \
    --hash=sha256:3a39c94ad7866160a4a46d772e43311a743c316942037671beb264e395bdd611 \
    --hash=sha256:3b870ce5a02d4b22286cf4944c628e0f0881b11b3f14667c1d62185a99e04f53 \
    --hash=sha256:3c83b0188c852a47cd13ef3bf9209fb0a77fa5374958b8c53aaa699398c6bd7b \
    --hash=sha256:4203ce3b31aec23012d3a4cf4a2ed64d12fea5269c49aed5e4c3611b938e4088 \
    --hash=sha256:457ed498fc58cdc12fc48f7950e02740d4f7ae9493dd4ab2168a47c93c31298e \
    --hash=sha256:474d2596a2dbc241a556e965fb76002c1ce655445e4e3bf38e5477d413165ffa \
    --hash=sha256:4b14abacf83dfb5c25eb4e4a79520de9e7e205f72c9ee7702f91233ae57d33a2 \
    --hash=sha256:4b6d83057e713ff235a12e73916b6d356e3084fd3d14ced499d84240f3eecee0 \
    --hash=sha256:4d441506e9b372386a5271c64125f72d5df6d2a8e8a2a45a0ae09b03cb781ef7 \
    --hash=sha256:4f187a0bb61b35119d1926aee039524d1f93aaf38a9916b8c4b78ac8514a0aaf \
    --hash=sha256:51526324f1b23229001eb3735bc8c94f9c578b1bd9e867a0a646a3b17109f388 \
    --hash=sha256:53e08b2445a6bc241261fea89d065536f00a581f02535f8122eba42db9375530 \
    --hash=sha256:53f94448fe5b10ee75d246497168e5825135d54325458c4bfffbaafabcc0a577 \
    --hash=sha256:5a56ba0db2d244117ed744dfa8f6f5b366e14148e00de44723413b2f3938a902 \
    --hash=sha256:5f1ad7bf88535edcf30038f6919abe087f606f62c00a87d7e33e7fc57cb69fcc \
    --hash=sha256:5f5e4c2a23ca271c218ac025bd7d635597048b366d6f31f420aaeb715239fc98 \
    --hash=sha256:6a573a35693e03cf1d67799fd01b50ff578515a8aeadd4595d2a7fa9f3ec002a \
    --hash=sha256:6c0e5a65158a7946e7a7affa6418878ef97ab66636f13353b8502d7ea03c8097 \
    --hash=sha256:6dffecc361d079bb48d7caef5d673c88c8988d3d33fb74ab95b7ee6da42652ea \
    --hash=sha256:7030defa83eef3e51ff26f0b7bfb229f0204b66fe18e04359ce3474ac33cbc09 \
    --hash=sha256:7149623bba7fdf7e7f24312953bcf73cae103db8cae49f8154dd1eadc8a29ecb \
    --hash=sha256:72d35d7aa0bba323965da807a462b0966c91608ef3a48ba761678cb20ce5d8b7 \
    --hash=sha256:75ffc32a569fb049499e63ce68c743155477610532da1eb38e7f24bf7cd29e74 \
    --hash=sha256:7713e1179d162cf5c7906da876ec2ccb9c3a9dcbdffef0cc7f70c3667a205f0b \
    --hash=sha256:78228d8a6a1c177a96b94f7e2e8d012c55f9c760761980da16ae7546a15a8e9b \
    --hash=sha256:7b3c3a3ab9daa3eed242d6ecceead93aebbb8f5f84318d82cee643e019c4b73b \
    --hash=sha256:809c5bcb2c67cd0ed81e9229d227d4ca28f82d0f778fc5fea624a9def3963f91 \
    --hash=sha256:81dad8d145d8fd981b2962b686b2241d3a1ea07733e76a2f15435dfb7fb60150 \
    --hash=sha256:85304a43f4d513f5464ceb938aa02c1e78c2943b29f44a750b48b25ac999a049 \
    --hash=sha256:89c4b48479a43f820b749df49cd7ba2dbc2b1b78560ecb5ab52985574fd40b27 \
    --hash=sha256:8e735494da3db08694d26480f1493ad2cf86e99bdd53e8e9771b2752a5c0246a \
    --hash=sha256:913cbd31a400febff93b564a23e17c3ed2d56c064006f54efec210d586171c00 \
    --hash=sha256:9174f4ed06f790a6869b41cba05b43eeb9a35f8993c4422ab853b705e8112bbd \
    --hash=sha256:9300d02ea7c6506f00e627e287e0492a5eb0371ec1670ae852fefffa6164b072 \
    --hash=sha256:933b65d7680ea337180733cf9e87293cc5500cc0eb3fc8769f4d3c88d724ec5c \
    --hash=sha256:9654dbc012d8b06fc3d19cc825af3f7bf8ae242226df5f83936cb39f5fdc846c \
    --hash=sha256:98750a309eb2f020da61e727de7d7ba3c57c97cf6213f6f6277bb7fb42a8e065 \
    --hash=sha256:99c0c846e6e61718715a3c9437ccc625de26593fea60189567f0118dc9db7512 \
    --hash=sha256:a1a4ae2dec3993a32247995bdfe367fc3266da832d82f8438c8570f989753de1 \
    --hash=sha256:a3f79487c687b1fc69f19e487cd949bf3aae653d181dfb5fde3bf6d18894706f \
    --hash=sha256:a4089a10e598eae6393756b036e0f419e8c1d60f44a831520f9af41c14216cf2 \
    --hash=sha256:a51ff14f8017338e2f2e5dab738ce1ec3b5a851f23b18c1ae1359b1eecbee6df \
    --hash=sha256:a5a419712cf88862a45a23def0ae063686db3d324cec7edbe40509d1a79a0aab \
    --hash=sha256:a9ec8c642d1ec73287ae3e726792dd86c96f5681eb8df274a757bf62b750eae7 \
    --hash=sha256:aaf21ba8fb76d102b696781bddaa0954b782536446083ae3fdaa6f16b25a1c4b \
    --hash=sha256:ab85470ab54c2cb96e176f40342d9ed41e58ca5733be6a893b730e7af9c40550 \
    --hash=sha256:b9af1fe743828123e12b41dd8091eca1074d0c1569cc42e6e1eee98027f2bbd0 \
    --hash=sha256:bfc4e20784722098822e3eee42b8e576b379ed72cca4a7cb856ae733e62192ea \
    --hash=sha256:bfd06b1c5584b657a2892a6014c2f4c20e0db0208c159148fa78c65f7e0b0277 \
    --hash=sha256:c19bcdd826e95671065f8692b5a4aa95c52dc7a02a4c5a0cac46deb879a017a2 \
    --hash=sha256:c2ba942c94e0691467ab901fc51b6f2085ff48f2eea77b1a48240f011e8247c7 \
    --hash=sha256:c8e167d5adf59476fa3e37bee730890e389410c354771a62e3c076c86f9f7778 \
    --hash=sha256:ca54090275939dc8ec5dea2d2afb400e0f83444b2fc24e07df7fdef677110859 \
    --hash=sha256:d7541afd73985c630bafcd6338d2518ae96060075f9463d7dc14cfb33514383d \
    --hash=sha256:d8c56bb4e6c795fc77d74d8e8b80846e1fb8292fc0b5060cd8131d522974b751 \
    --hash=sha256:da469dc041701583e34de852d8634703550348d5822e66a0c827d39b05365b12 \
    --hash=sha256:daab68faadb847063d0c56f361a289c4f268706b598afbf9ad113cbe5c38b6b2 \
    --hash=sha256:e05ab82ea7753354bb054b92e2f288afb750e6b439ff6ca78af52939ebbc476d \
    --hash=sha256:e09bb6252b6476d8d56100e8147b803befa9a12cea144bbe629dd508800d1ad0 \
    --hash=sha256:e29f0cf06974c899b2c188ef7f783607dbef36da4c242eb6c82dcd8b512855e3 \
    --hash=sha256:e59fdc271772f6686e01e1b3b74537259800f57e24280be3f29c8a0deb1904dd \
    --hash=sha256:e7360eae90809efd19b886e59a09dad07da4ca9ba096752e61a2e03c8aca188e \
    --hash=sha256:e96594a5537722fdfb79951672a2a63aec5ebfb823e7560586f7484819f2a08f \
    --hash=sha256:ea9d54cc3d8064260114a0bbf3479fc4a98b21dffc89b3459edd506b69262f6e \
    --hash=sha256:ec996f12524f88e151c339688c3897194821d7f03081ab35d31d1e12ec975e94 \
    --hash=sha256:f27662e4f7dbf9f9c12391cb37b4c4c3cb90ffbd3b1fb9284dadbbb8935fa708 \
    --hash=sha256:f373da2c1757bb7f1acaf09369cdc1d51d84131e50d5fa9863982fd626466313 \
    --hash=sha256:f5aeea11ded7320a84dcdd62a3d95b5186834224a9e55b92ccae35d21a8b63d4 \
    --hash=sha256:f604efd28f239cc21b3adb53eb061e2a205dc164be408e553b41ba2ffe0ca15c \
    --hash=sha256:f67e8f1a324a900e75b5e28ffb152bcac9fbed1cc7b43f99cd90f395c4375344 \
    --hash=sha256:fd7a5004eb1980d3cefe26b2685bcb0b17989901a70a1040d1ac86f1d898c551 \
    --hash=sha256:ffef5a74088f1e09947aecf91011136665152e0b4b359c42be3373897fb39b01
    # via rosbags
